is_squeezed,energy_level,momentum,prev_momentum,squeeze_on,fired,Signal,Close,timestamp,ma20,ma20_slope,ma20_converging,close_above_ma20,volume_expansion_ratio,volume_expansion,rs_ratio,rs_index,rs_ema20,rs_ema60,rs_slope_1d,rs_slope_5d,rs_slope_20d,rs_slope,rs_above_ema20,rs_above_ema60,rs_ema20_above_ema60,rs_new_high_60,rs_new_high_120,rs_rising_10,rs_percentile_60,rs_high_price_not_high,price_dist_to_high_60,rs_signal,ticker,name,ranking_score,ranking_score_version,feature_schema_version,feature_schema_date,rs_component_score,experimental_score,shadow_score_ma20,shadow_score_rs,composite_score,composite_score_v2,score_version,rank_position_v1,ranking_percentile_v1,rank_position,ranking_percentile,rank_position_v2,ranking_percentile_v2,benchmark_symbol,benchmark_source,benchmark_period,benchmark_last_date,scan_id,has_houyi,has_whale
False,0,-0.11666663487752278,-0.09166669845581055,False,True,強烈賣出 (跌破),14.25,2026-09-11 00:00:00,14.425,-0.009999990463256836,False,False,0.2222222222222222,False,0.0003085427259783672,25.53667942259471,0.0003133531302269639,0.0003313503701058951,-0.16133281305795721,-1.2921461012796787,-5.172979267295707,-0.16133281305795721,False,False,False,False,False,False,0.07384190803177791,False,-0.07766989152618076,中性,2712.TW,遠雄來,0,v1,phase6a,2026-07-12,0,0,0,0,0,0,v1,450,0.4550970873786408,450,0.4550970873786408,459,0.4441747572815534,^TWII,yfinance,2y,2026-09-11,scan_20260914_165629,False,False
True,0,-1.7166659037272134,-1.6166648864746092,True,False,賣出 (動能轉弱),72.0999984741211,2026-09-11 00:00:00,73.2450008392334,-0.11000022888183025,False,False,0.715575368157613,False,0.0015611178998064165,49.19405962438092,0.0015810992146374997,0.001696504566870731,-0.1328507429391279,-1.9895819322580777,-4.499355639106106,-0.1328507429391279,False,False,False,False,False,False,0.09428842720044783,False,-0.26098956784000704,中性,4721.TWO,美琪瑪,0,v1,phase6a,2026-07-12,0,0,0,0,0,0,v1,580,0.2973300970873786,580,0.2973300970873786,584,0.2924757281553398,^TWII,yfinance,2y,2026-09-11,scan_20260914_165629,False,False
True,1,-0.10503514607747395,-0.006793975830078125,True,False,賣出 (動能轉弱),36.70000076293945,2026-09-11 00:00:00,36.683502197265625,-0.010000038146969814,False,True,0.8396314001740987,False,0.0007946328616705609,26.068472546166145,0.0007986081647697681,0.0008280265141874689,-0.05237034017732123,-1.1321232562975792,-5.2475458077350545,-0.05237034017732123,False,False,False,False,False,False,0.2191066118893719,False,-0.07949743755882499,中性,6504.TW,南六,0,v1,phase6a,2026-07-12,0,0,1,0,0,0,v1,682,0.17354368932038836,682,0.17354368932038836,685,0.16990291262135923,^TWII,yfinance,2y,2026-09-11,scan_20260914_165629,False,False
True,0,-1.0833333333333333,-0.099999745686849,True,False,賣出 (動能轉弱),59.79999923706055,2026-09-11 00:00:00,63.319999885559085,-0.21999988555907635,False,False,0.8007870213094671,False,0.00129479682653382,35.63150352767317,0.0013621218496601677,0.0013731264762203738,-0.5175868784383697,-1.6448320489629409,-1.170732331319313,-0.5175868784383697,False,False,False,False,False,False,0.2223236846075476,False,-0.1763085331416807,中性,4147.TWO,中裕,1,v1,phase6a,2026-07-12,0,1,1,1,1,1,v1,232,0.7196601941747572,232,0.7196601941747572,237,0.7135922330097088,^TWII,yfinance,2y,2026-09-11,scan_20260914_165629,True,False
True,2,-0.10833358764648436,-0.016666730244954426,True,False,賣出 (動能轉弱),19.049999237060547,2026-09-11 00:00:00,19.367500019073486,-0.03250007629394602,False,False,1.7867379376577355,True,0.00041247289084129655,71.9281172085794,0.0004226476949367256,0.0004561413778869509,-0.25276957140006884,-1.5874692760194264,-7.549922128818098,-0.25276957140006884,False,False,False,False,False,False,0.03498919010923921,False,-0.2045929590725205,中性,7803.TW,雲象科技-創,0,v1,phase6a,2026-07-12,0,0,0,0,0,0,v1,755,0.08495145631067962,755,0.08495145631067962,757,0.0825242718446602,^TWII,yfinance,2y,2026-09-11,scan_20260914_165629,False,False
True,1,0.14166641235351562,0.15833314259847003,True,False,觀望 (動能減弱),13.949999809265137,2026-09-11 00:00:00,13.927500009536743,0.0049999713897701525,False,True,0.5791424652255244,False,0.00030204708551216614,33.720797665033636,0.0003030404175863199,0.0003152246655420564,-0.03449216653950149,-0.7253998102763282,-3.5376003656226396,-0.03449216653950149,False,False,False,False,False,True,0.21358727375752468,False,-0.051020408825263264,中性,9919.TW,康那香,0,v1,phase6a,2026-07-12,0,0,2,0,0,0,v1,812,0.015776699029126214,812,0.015776699029126214,812,0.015776699029126214,^TWII,yfinance,2y,2026-09-11,scan_20260914_165629,False,False
True,0,0.2500003178914388,0.275000254313151,True,False,觀望 (動能減弱),20.5,2026-09-11 00:00:00,20.377499961853026,-0.0024999618530294754,False,True,0.5153153450329897,False,0.0004438684829864229,36.55313692646698,0.00044325141978488695,0.00045158276298658734,0.014656138269564245,-0.25669612612597703,-2.352874575358388,0.014656138269564245,True,False,False,False,False,False,0.3430178220540636,False,-0.028436036522381025,中性,1598.TW,岱宇,2,v1,phase6a,2026-07-12,0,2,3,2,2,2,v1,62,0.9259708737864077,62,0.9259708737864077,77,0.9077669902912622,^TWII,yfinance,2y,2026-09-11,scan_20260914_165629,False,True
True,0,-0.05000019073486328,0.024999777475992833,True,False,賣出 (動能轉弱),13.050000190734863,2026-09-11 00:00:00,13.194999933242798,-0.0049999713897701525,False,False,0.7513551056047816,False,0.00028256018476263483,37.17120317428953,0.0002860523391626823,0.0002944642071068779,-0.12834134636017236,-1.2943556096654762,-3.256873061644572,-0.12834134636017236,False,False,False,False,False,False,0.16876508851943436,False,-0.02973974901135168,中性,1103.TW,嘉泥,0,v1,phase6a,2026-07-12,0,0,0,0,0,0,v1,298,0.6395631067961165,298,0.6395631067961165,312,0.6225728155339806,^TWII,yfinance,2y,2026-09-11,scan_20260914_165629,False,False
True,1,-0.11666647593180339,-0.0583327611287435,True,False,賣出 (動能轉弱),30.549999237060547,2026-09-11 00:00:00,30.630000019073485,0.00749998092651083,False,False,0.6969681883805446,False,0.0006614722837361192,43.03112438071214,0.0006672450692442059,0.0006987997072540748,-0.09098736957061648,-1.285224510018268,-5.865832186827991,-0.09098736957061648,False,False,False,False,False,False,0.1382161487162688,False,-0.10576116109812117,中性,1307.TW,三芳,1,v1,phase6a,2026-07-12,0,1,2,1,1,1,v1,166,0.7997572815533981,166,0.7997572815533981,176,0.787621359223301,^TWII,yfinance,2y,2026-09-11,scan_20260914_165629,True,False
True,0,-0.18333307902018225,-0.10833295186360677,True,False,賣出 (動能轉弱),37.79999923706055,2026-09-11 00:00:00,38.04500026702881,0.0,False,False,1.7323662440023007,True,0.0008184501618654638,43.69984633309658,0.000825880967636472,0.0008525019932829373,-0.09462016951599095,-1.3134623973854787,-4.32456372399338,-0.09462016951599095,False,False,False,False,False,False,0.1877397996422144,False,-0.033248063626421076,中性,6790.TW,永豐實,0,v1,phase6a,2026-07-12,0,0,0,0,0,0,v1,719,0.12864077669902912,719,0.12864077669902912,721,0.1262135922330097,^TWII,yfinance,2y,2026-09-11,scan_20260914_165629,False,False
True,1,-0.08333349227905273,-0.07500012715657552,True,False,賣出 (動能轉弱),10.300000190734863,2026-09-11 00:00:00,10.322499990463257,0.005000019073486683,False,False,1.4683167886343726,False,0.00022301685167909027,27.169816974314845,0.00022480108928109392,0.00024224484482758042,-0.08347722099982802,-1.2648724661274868,-6.0666897775655375,-0.08347722099982802,False,False,False,False,False,False,0.0970135156346998,False,-0.18253969215091248,中性,1445.TW,大宇,0,v1,phase6a,2026-07-12,0,0,1,0,0,0,v1,325,0.6067961165048543,325,0.6067961165048543,339,0.5898058252427184,^TWII,yfinance,2y,2026-09-11,scan_20260914_165629,False,False
True,1,0.05833435058593751,0.07500076293945312,True,False,觀望 (動能減弱),45.650001525878906,2026-09-11 00:00:00,44.92250003814697,0.03250007629394247,False,True,1.6543965588551575,True,0.0009884193622253542,36.27552688852995,0.0009808953214401229,0.0009999973066204852,0.08080824534781872,-1.287530858696262,-6.490529468510253,0.08080824534781872,True,False,False,False,False,True,0.3806889105672398,False,-0.11186770095921084,中性,7767.TWO,仁大資訊,0,v1,phase6a,2026-07-12,0,0,2,0,0,0,v1,752,0.08859223300970874,752,0.08859223300970874,754,0.08616504854368932,^TWII,yfinance,2y,2026-09-11,scan_20260914_165629,False,False
True,0,0.3333333333333339,1.8333333333333328,True,False,觀望 (動能減弱),674.0,2026-09-11 00:00:00,675.85,-0.4499999999999318,True,False,1.4368730858918213,False,0.014593529635748734,102.62174379884128,0.014452024168063078,0.013422007949978818,0.10317364717644661,-1.2486714555481782,4.837424275114466,0.10317364717644661,True,True,True,False,False,True,0.8321794260561781,False,-0.0520393811533052,偏強 (RS上升),2395.TW,研華,0,v1,phase6a,2026-07-12,1,1,0,1,0,1,v1,418,0.49393203883495146,418,0.49393203883495146,303,0.633495145631068,^TWII,yfinance,2y,2026-09-11,scan_20260914_165629,False,False
True,1,-0.15333334604899085,-0.11666679382324216,True,False,賣出 (動能轉弱),9.880000114440918,2026-09-11 00:00:00,10.07900013923645,-0.011000013351440074,True,False,1.7545136183117236,True,0.00021392295915622318,31.362156159499204,0.00021947774162893054,0.00023010116148552515,-0.26570363534837993,-1.9976399308254345,-7.544068453112452,-0.26570363534837993,False,False,False,False,False,False,0.05207313671376151,False,-0.12177776760525172,中性,5014.TWO,建錩,0,v1,phase6a,2026-07-12,0,0,0,0,0,0,v1,601,0.27184466019417475,601,0.27184466019417475,604,0.2682038834951456,^TWII,yfinance,2y,2026-09-11,scan_20260914_165629,False,False
True,1,-0.04500007629394531,-0.0366667111714681,True,False,賣出 (動能轉弱),9.960000038146973,2026-09-11 00:00:00,9.97849998474121,0.0,False,False,1.2729151066084508,False,0.00021565512719400057,39.73710718309432,0.0002161981486033188,0.00022291026216724347,-0.026431789665293248,-1.1218099471210552,-3.0271732926817507,-0.026431789665293248,False,False,False,False,False,True,0.2018565282441894,False,-0.023529389765297948,中性,1217.TW,愛之味,0,v1,phase6a,2026-07-12,0,0,0,0,0,0,v1,301,0.6359223300970874,301,0.6359223300970874,315,0.6189320388349514,^TWII,yfinance,2y,2026-09-11,scan_20260914_165629,False,False
True,0,3.529342651367187,1.1634038289388018,True,False,買入 (動能增強),109.5,2026-09-11 00:00:00,101.99081344604492,0.3500000000000085,False,True,3.2541670247591536,True,0.0023709072627811374,88.37700671731389,0.0022233620919775697,0.0023024495692606835,0.7034537725304713,0.3781451167990557,-2.3282875676136516,0.7034537725304713,True,True,False,False,False,True,0.3775356908758932,False,-0.27909426283483774,偏強 (RS上升),3016.TW,嘉晶,2,v1,phase6a,2026-07-12,1,3,4,3,2,3,v1,93,0.8883495145631068,93,0.8883495145631068,59,0.9296116504854369,^TWII,yfinance,2y,2026-09-11,scan_20260914_165629,False,False
True,0,0.9666665395100911,0.46666653951009107,True,False,買入 (動能增強),58.099998474121094,2026-09-11 00:00:00,59.02000007629395,-0.0800001144409137,True,False,0.45937340995516845,False,0.0012579882041083715,65.13540876815365,0.001266434502427186,0.0012919624374554965,-0.07015446118558977,-1.2815993196254594,1.4698038941583613,-0.07015446118558977,False,False,False,False,False,False,0.6472939652148401,False,-0.09218752384185791,中性,4540.TW,全球傳動,3,v1,phase6a,2026-07-12,0,3,3,3,3,3,v1,33,0.9611650485436893,33,0.9611650485436893,41,0.9514563106796117,^TWII,yfinance,2y,2026-09-11,scan_20260914_165629,True,False
True,0,-2.5,-1.9166666666666665,True,False,賣出 (動能轉弱),127.0,2026-09-11 00:00:00,130.575,-0.20000000000001705,False,False,0.34982324263580417,False,0.0027498193824036935,73.83184556991931,0.002817144358828885,0.0028704283824461468,-0.25092986819164054,-1.8893632709039432,-3.193475404958701,-0.25092986819164054,False,False,False,False,False,False,0.17190062340492812,False,-0.21362229102167185,中性,8109.TWO,博大,1,v1,phase6a,2026-07-12,0,1,1,1,1,1,v1,291,0.6480582524271845,291,0.6480582524271845,295,0.6432038834951457,^TWII,yfinance,2y,2026-09-11,scan_20260914_165629,True,False
True,0,-0.21666717529296875,-0.07500012715657552,True,False,賣出 (動能轉弱),38.20000076293945,2026-09-11 00:00:00,38.50250072479248,-0.007499885559077768,False,False,0.6115191999798885,False,0.0008271110433524943,30.785143479874243,0.0008363489884937124,0.0008813371100598507,-0.11613405242510977,-1.3806201444719335,-4.719216695712736,-0.11613405242510977,False,False,False,False,False,False,0.08546975108131818,False,-0.06372545398871954,中性,9924.TW,福興,0,v1,phase6a,2026-07-12,0,0,0,0,0,0,v1,813,0.014563106796116505,813,0.014563106796116505,813,0.014563106796116505,^TWII,yfinance,2y,2026-09-11,scan_20260914_165629,False,False
True,0,12.499999999999998,25.333333333333332,True,False,觀望 (動能減弱),704.0,2026-09-11 00:00:00,725.05,-0.35000000000002274,False,False,0.6075709433516825,False,0.015243093269387402,87.75448265460554,0.01573287970970616,0.016397710433403375,-0.326628501794346,-1.5070990958150787,-2.5212219929690582,-0.326628501794346,False,False,False,False,False,False,0.08106389324310782,False,-0.2174616971753185,中性,3583.TW,辛耘,0,v1,phase6a,2026-07-12,0,0,0,0,0,0,v1,532,0.35558252427184467,532,0.35558252427184467,539,0.3470873786407767,^TWII,yfinance,2y,2026-09-11,scan_20260914_165629,False,False
True,1,1.6666666666666665,1.1666666666666665,True,False,買入 (動能增強),158.0,2026-09-11 00:00:00,159.25,-0.09999999999999432,True,False,0.7176718251827865,False,0.00342103513716365,162.05969405983654,0.003462507600259655,0.0035923649004106976,-0.1259210324885074,-1.1717233719836573,-4.98875510611202,-0.1259210324885074,False,False,False,False,False,False,0.09537308942708443,False,-0.31968452121002433,中性,2316.TW,楠梓電,3,v1,phase6a,2026-07-12,0,3,3,3,3,3,v1,20,0.9769417475728155,20,0.9769417475728155,31,0.9635922330097088,^TWII,yfinance,2y,2026-09-11,scan_20260914_165629,True,False
True,0,-0.9666665395100911,-1.041666030883789,True,False,觀察 (跌勢收斂),37.5,2026-09-11 00:00:00,37.84000015258789,0.10750007629394531,False,False,0.4700014484958434,False,0.0008119545420483346,43.85975631379491,0.0008145918652994904,0.0008566012628491606,-0.03406839760327074,-1.5269832447555198,-1.1238730871045988,-0.03406839760327074,False,False,False,False,False,False,0.13450699312699366,False,-0.2146596858638743,中性,6101.TWO,寬魚國際,1,v1,phase6a,2026-07-12,0,1,2,1,1,1,v1,253,0.6941747572815534,253,0.6941747572815534,258,0.6881067961165048,^TWII,yfinance,2y,2026-09-11,scan_20260914_165629,False,False
True,0,-0.2083334922790527,-0.15000009536743164,True,False,賣出 (動能轉弱),13.149999618530273,2026-09-11 00:00:00,13.334999990463256,-0.010000038146973367,True,False,0.0,False,0.00028472538448532064,29.554739557073415,0.00028934597176242984,0.0003058148433330938,-0.16781343047905795,-1.729648605271139,-5.583763073137971,-0.16781343047905795,False,False,False,False,False,False,0.07104280549182904,False,-0.07394367639707744,中性,2024.TW,志聯,0,v1,phase6a,2026-07-12,0,0,0,0,0,0,v1,387,0.5315533980582524,387,0.5315533980582524,398,0.5182038834951457,^TWII,yfinance,2y,2026-09-11,scan_20260914_165629,False,False
True,0,0.13333352406819665,0.3166669209798177,True,False,觀望 (動能減弱),20.700000762939453,2026-09-11 00:00:00,20.972500133514405,-0.07499999999999929,False,False,0.4026653041566692,False,0.00044819892372993816,19.588587056363952,0.0004512601027377824,0.000448139842181197,-0.0713556191942466,-1.090429593161879,1.0606202329565884,-0.0713556191942466,False,True,True,False,False,True,0.6414371025601244,False,-0.09210519931542915,中性,3712.TW,永崴投控,0,v1,phase6a,2026-07-12,0,0,0,0,0,0,v1,548,0.33616504854368934,548,0.33616504854368934,554,0.3288834951456311,^TWII,yfinance,2y,2026-09-11,scan_20260914_165629,False,False
True,1,-0.17500019073486325,-0.15833377838134763,True,False,賣出 (動能轉弱),31.450000762939453,2026-09-11 00:00:00,31.544999885559083,-0.017499923706054688,False,False,1.280346322273352,False,0.0006809592257837941,51.40066877370335,0.0006847931431317792,0.0007091521073156455,-0.058898450514477396,-1.435500981488791,-4.631796217727024,-0.058898450514477396,False,False,False,False,False,True,0.1357195472437706,False,-0.03527600506161199,中性,3118.TWO,進階,0,v1,phase6a,2026-07-12,0,0,0,0,0,0,v1,488,0.40898058252427183,488,0.40898058252427183,497,0.39805825242718446,^TWII,yfinance,2y,2026-09-11,scan_20260914_165629,False,False
True,0,-0.5249996185302734,-0.42499987284342444,True,False,賣出 (動能轉弱),21.450000762939453,2026-09-11 00:00:00,21.69749994277954,-0.014999961853028765,True,False,0.39915801139478724,False,0.0004644380145709049,25.36960096222155,0.0004700314070744796,0.000496151595470133,-0.12510686467470666,-1.51057161421162,-4.956912955182435,-0.12510686467470666,False,False,False,False,False,False,0.12703422961223834,False,-0.07543103200218493,中性,2722.TW,夏都,0,v1,phase6a,2026-07-12,0,0,0,0,0,0,v1,451,0.4538834951456311,451,0.4538834951456311,460,0.4429611650485437,^TWII,yfinance,2y,2026-09-11,scan_20260914_165629,False,False
True,0,0.09999974568684894,0.16666666666666663,True,False,觀望 (動能減弱),30.549999237060547,2026-09-11 00:00:00,30.749999809265137,-0.010000038146973367,True,False,0.42214242557760956,False,0.0006614722837361192,47.41523479129346,0.0006672267533899827,0.0006770616259460273,-0.09070143479570358,-0.9918226536089869,-3.5169288512656327,-0.09070143479570358,False,False,False,False,False,True,0.24838058948084119,False,-0.027070076171851642,中性,2008.TW,高興昌,0,v1,phase6a,2026-07-12,0,0,0,0,0,0,v1,381,0.5388349514563107,381,0.5388349514563107,392,0.5254854368932039,^TWII,yfinance,2y,2026-09-11,scan_20260914_165629,False,False
False,0,-4.166666666666666,-2.4166666666666665,False,True,強烈賣出 (跌破),268.5,2026-09-11 00:00:00,280.675,-1.0500000000000114,False,False,1.3764748554379072,False,0.005813594521066076,61.22147410940576,0.00611171057543732,0.00661652203798981,-0.5108281191911868,-2.588280763759121,-8.694697795640117,-0.5108281191911868,False,False,False,False,False,False,0.0,False,-0.22060957910014511,中性,3526.TWO,凡甲,0,v1,phase6a,2026-07-12,0,0,0,0,0,0,v1,521,0.36893203883495146,521,0.36893203883495146,528,0.3604368932038835,^TWII,yfinance,2y,2026-09-11,scan_20260914_165629,False,False
True,1,-0.3333326975504557,-0.13333320617675773,True,False,賣出 (動能轉弱),59.20000076293945,2026-09-11 00:00:00,61.41499977111816,-0.2149999618530316,False,False,1.4337880733936845,False,0.0012818055868995617,41.433894900780736,0.001333316579008311,0.0014328109665939475,-0.4050237239265231,-1.6234136456719672,-5.868446957310636,-0.4050237239265231,False,False,False,False,False,False,0.0,False,-0.2196937105772213,中性,7721.TW,微程式,0,v1,phase6a,2026-07-12,0,0,0,0,0,0,v1,746,0.09587378640776699,746,0.09587378640776699,748,0.09344660194174757,^TWII,yfinance,2y,2026-09-11,scan_20260914_165629,False,False
True,1,1.375,1.2416667938232422,True,False,買入 (動能增強),45.20000076293945,2026-09-11 00:00:00,44.38750019073486,0.0899999618530245,False,True,0.8419205852934359,False,0.0009786758912015167,37.13954362072421,0.000972004705095293,0.0010560341596380248,0.07229777896529122,-0.8351372377712996,-4.9398294578819835,0.07229777896529122,True,False,False,False,False,True,0.0746985087307358,False,-0.36248237249415016,中性,6742.TW,澤米,2,v1,phase6a,2026-07-12,0,2,4,2,2,2,v1,141,0.8300970873786407,141,0.8300970873786407,146,0.8240291262135923,^TWII,yfinance,2y,2026-09-11,scan_20260914_165629,False,False
True,0,-0.05000019073486328,0.058333237965901674,True,False,賣出 (動能轉弱),11.899999618530273,2026-09-11 00:00:00,12.22000012397766,-0.012500000000001066,False,False,1.6395156051144688,True,0.00025766023308370945,12.972176807134355,0.00026562762843474017,0.0002825462559334593,-0.31473893310950407,-1.783963122103971,-5.745151229657441,-0.31473893310950407,False,False,False,False,False,False,0.01975362392366962,False,-0.16491230747155972,中性,6219.TWO,富旺,0,v1,phase6a,2026-07-12,0,0,0,0,0,0,v1,659,0.20145631067961164,659,0.20145631067961164,662,0.19781553398058252,^TWII,yfinance,2y,2026-09-11,scan_20260914_165629,False,False
True,0,0.17499987284342444,-0.08333365122477214,True,False,買入 (動能增強),26.0,2026-09-11 00:00:00,24.077499866485596,0.125,False,True,10.329189501832433,True,0.000562955149153512,49.69945490665471,0.000524377489447525,0.0005427642811294984,0.7804489873662224,-0.35627358263500275,-2.882596201995391,0.7804489873662224,True,True,False,False,False,True,0.42067264686005823,False,-0.15309448358754496,偏強 (RS上升),3296.TW,勝德,3,v1,phase6a,2026-07-12,0,3,5,3,3,3,v1,26,0.9696601941747572,26,0.9696601941747572,36,0.9575242718446602,^TWII,yfinance,2y,2026-09-11,scan_20260914_165629,True,False
True,0,-2.75,-4.930379231770833,True,False,觀察 (跌勢收斂),213.5,2026-09-11 00:00:00,221.82387924194336,-1.3917739868164176,True,False,1.0344251289943949,False,0.004622727859395185,141.57452618230894,0.004870966210461578,0.005550061090940327,-0.5335886766081432,-3.164663400640777,-14.653434425441581,-0.5335886766081432,False,False,False,False,False,False,0.021033675111250646,False,-0.5220686624330793,中性,2472.TW,立隆電,1,v1,phase6a,2026-07-12,0,1,1,1,1,1,v1,196,0.7633495145631068,196,0.7633495145631068,203,0.7548543689320388,^TWII,yfinance,2y,2026-09-11,scan_20260914_165629,False,False
True,1,0.9833323160807289,1.483332316080729,True,False,觀望 (動能減弱),70.0,2026-09-11 00:00:00,72.07000007629395,-0.12999992370605185,True,False,0.47390773149091375,False,0.0015156484784902247,91.73443818107725,0.0015650645159802194,0.0016114559126415434,-0.3312615493562099,-1.907511534740125,-4.71422369940041,-0.3312615493562099,False,False,False,False,False,False,0.06566376860958303,False,-0.2608236298227322,中性,6548.TWO,長科*,1,v1,phase6a,2026-07-12,0,1,1,1,1,1,v1,270,0.6735436893203883,270,0.6735436893203883,274,0.6686893203883495,^TWII,yfinance,2y,2026-09-11,scan_20260914_165629,True,False
True,0,-0.3083337148030599,0.09166590372721353,True,False,賣出 (動能轉弱),40.70000076293945,2026-09-11 00:00:00,41.74500045776367,-0.004999923706051845,False,False,1.5579386348709376,True,0.0008812413461557167,36.52805433122983,0.0009024226348553074,0.0009202819843976911,-0.2464603775774843,-1.2304964972248422,-1.8392034159754655,-0.2464603775774843,False,False,False,False,False,False,0.33794640863676983,False,-0.0423529232249541,中性,1229.TW,聯華,0,v1,phase6a,2026-07-12,0,0,0,0,0,0,v1,303,0.633495145631068,303,0.633495145631068,317,0.616504854368932,^TWII,yfinance,2y,2026-09-11,scan_20260914_165629,False,False
True,0,-0.09166653951009114,0.008333841959635414,True,False,賣出 (動能轉弱),26.049999237060547,2026-09-11 00:00:00,26.120000076293945,0.007499980926514382,False,False,1.229566708873483,False,0.000564037738690319,45.041453425464184,0.0005659172011363893,0.0005790026893053185,-0.034946634250621056,-1.1810435982148704,-2.7897017441811722,-0.034946634250621056,False,False,False,False,False,False,0.3181331942478742,False,-0.011385242507250593,中性,2633.TW,台灣高鐵,0,v1,phase6a,2026-07-12,0,0,1,0,0,0,v1,445,0.46116504854368934,445,0.46116504854368934,454,0.45024271844660196,^TWII,yfinance,2y,2026-09-11,scan_20260914_165629,False,False
True,0,-0.6750005086263021,-0.3916670481363932,True,False,賣出 (動能轉弱),22.799999237060547,2026-09-11 00:00:00,23.91999969482422,-0.05500001907348562,False,False,0.9144265292332967,False,0.00049366834504613,33.13884216320333,0.0005170226338750363,0.0005684524101163015,-0.47323122247838745,-2.2699590106817547,-5.316759074872701,-0.47323122247838745,False,False,False,False,False,False,0.0,False,-0.31013616449667525,中性,3092.TW,鴻碩,0,v1,phase6a,2026-07-12,0,0,0,0,0,0,v1,486,0.41140776699029125,486,0.41140776699029125,495,0.40048543689320387,^TWII,yfinance,2y,2026-09-11,scan_20260914_165629,False,False
True,1,-0.6999994913736979,-0.6083329518636067,True,False,賣出 (動能轉弱),37.45000076293945,2026-09-11 00:00:00,37.63250045776367,-0.10249996185302734,True,False,1.9185189086100236,True,0.0008108719525115277,60.6087699458718,0.000817397695575352,0.000882917659951776,-0.08396690380907401,-2.2305207422690043,-6.7893853029770685,-0.08396690380907401,False,False,False,False,False,False,0.1237125160552673,False,-0.285263151380707,中性,2495.TW,普安,0,v1,phase6a,2026-07-12,0,0,0,0,0,0,v1,434,0.47451456310679613,434,0.47451456310679613,444,0.46237864077669905,^TWII,yfinance,2y,2026-09-11,scan_20260914_165629,False,False
True,1,-0.09166653951009113,-0.008333841959635421,True,False,賣出 (動能轉弱),39.650001525878906,2026-09-11 00:00:00,39.96999969482422,-0.02999992370605753,False,False,0.642570281124498,False,0.0008585066354976208,48.920498201946344,0.0008699321576491384,0.00090590596277029,-0.13805974474380145,-1.4840145372812086,-5.756240306607008,-0.13805974474380145,False,False,False,False,False,False,0.10284738272812127,False,-0.05595234462193077,中性,2945.TW,三商家購,0,v1,phase6a,2026-07-12,0,0,0,0,0,0,v1,464,0.4381067961165049,464,0.4381067961165049,473,0.42718446601941745,^TWII,yfinance,2y,2026-09-11,scan_20260914_165629,False,False
True,2,-0.21387290954589844,-0.020177841186523462,True,False,賣出 (動能轉弱),58.0,2026-09-11 00:00:00,57.98267364501953,-0.03462181091308736,True,True,0.5779180504562254,False,0.0012558230250347576,28.44092506001732,0.0012598935993429058,0.0013070336642646621,-0.03399777823713812,-1.3154859966749588,-4.471957236477975,-0.03399777823713812,False,False,False,False,False,True,0.19421521284588752,False,-0.03705522547896434,中性,4438.TW,廣越,0,v1,phase6a,2026-07-12,0,0,1,0,0,0,v1,564,0.316747572815534,564,0.316747572815534,569,0.3106796116504854,^TWII,yfinance,2y,2026-09-11,scan_20260914_165629,False,False
True,1,0.2093830108642578,0.3287534713745117,True,False,觀望 (動能減弱),22.700000762939453,2026-09-11 00:00:00,23.167127418518067,-0.09663801193237376,False,False,0.6950389177804153,False,0.000491503165972516,38.518368042624516,0.0005116352594572503,0.0005611070394083725,-0.41248651555487736,-2.7904292464628666,-13.316578005179236,-0.41248651555487736,False,False,False,False,False,False,0.027737991770007523,False,-0.1896830055867459,中性,4582.TW,聚恆-創,0,v1,phase6a,2026-07-12,0,0,0,0,0,0,v1,574,0.30461165048543687,574,0.30461165048543687,579,0.29854368932038833,^TWII,yfinance,2y,2026-09-11,scan_20260914_165629,False,False
True,1,0.30833307902018225,0.35833295186360675,True,False,觀望 (動能減弱),24.700000762939453,2026-09-11 00:00:00,24.682500076293945,0.03000001907348704,False,True,1.4320615671908967,False,0.0005348074082150939,42.61651091349892,0.0005378808512827589,0.0005759990060458191,-0.060111054458167335,-1.043949763142027,-4.298767928609837,-0.060111054458167335,False,False,False,False,False,True,0.1474581750660486,False,-0.12099642606312455,中性,6910.TWO,德鴻,0,v1,phase6a,2026-07-12,0,0,2,0,0,0,v1,733,0.11165048543689321,733,0.11165048543689321,735,0.10922330097087378,^TWII,yfinance,2y,2026-09-11,scan_20260914_165629,False,False
True,0,-0.10166652997334796,-0.08666650454203287,True,False,賣出 (動能轉弱),4.489999771118164,2026-09-11 00:00:00,4.59850001335144,-0.00900001525878924,False,False,0.5388480568376752,False,9.721801887881003e-05,29.46215653675099,9.973709576906629e-05,0.0001069841539745033,-0.26515999117200373,-2.1969532172797512,-6.744849465592228,-0.26515999117200373,False,False,False,False,False,False,0.06711896195081442,False,-0.19964355360801245,中性,1337.TW,再生-KY,0,v1,phase6a,2026-07-12,0,0,0,0,0,0,v1,309,0.6262135922330098,309,0.6262135922330098,323,0.6092233009708737,^TWII,yfinance,2y,2026-09-11,scan_20260914_165629,False,False
False,0,-0.16666666666666666,-0.1333332061767578,False,True,強烈賣出 (跌破),20.25,2026-09-11 00:00:00,20.51500005722046,-0.01750001907348775,False,False,0.08928571428571429,False,0.0004384554527061007,35.88850635508039,0.0004446333526779576,0.0004620078169752152,-0.14604292086681792,-1.3870046048810147,-3.9703199023121694,-0.14604292086681792,False,False,False,False,False,False,0.08179327152465095,False,-0.040138261334426883,中性,5548.TWO,安倉,0,v1,phase6a,2026-07-12,0,0,0,0,0,0,v1,635,0.23058252427184467,635,0.23058252427184467,638,0.22694174757281554,^TWII,yfinance,2y,2026-09-11,scan_20260914_165629,False,False
True,1,-0.1150811513264974,-0.08843231201171874,True,False,賣出 (動能轉弱),16.799999237060547,2026-09-11 00:00:00,17.00086898803711,-0.009505462646483664,False,False,1.5132190492660889,True,0.0003637556183183965,28.25186661878447,0.00036723996298090785,0.0003813983647178434,-0.09977323219304557,-1.2114162438571219,-1.9357262179438228,-0.09977323219304557,False,False,False,False,False,False,0.15697889391507555,False,-0.027224132865943496,中性,6248.TWO,沛波,0,v1,phase6a,2026-07-12,0,0,0,0,0,0,v1,664,0.1953883495145631,664,0.1953883495145631,667,0.19174757281553398,^TWII,yfinance,2y,2026-09-11,scan_20260914_165629,False,False
True,1,0.04999987284342447,0.1833337148030599,True,False,觀望 (動能減弱),34.849998474121094,2026-09-11 00:00:00,35.38499984741211,-0.03250007629394247,False,False,0.49919590712021894,False,0.0007545763880384041,40.682490514586235,0.0007694053991213111,0.00080999986725392,-0.20246649413271367,-1.3078243754224506,-4.886388185608748,-0.20246649413271367,False,False,False,False,False,True,0.02404937660347167,False,-0.09831831569821392,中性,1423.TW,利華,0,v1,phase6a,2026-07-12,0,0,0,0,0,0,v1,318,0.6152912621359223,318,0.6152912621359223,332,0.5983009708737864,^TWII,yfinance,2y,2026-09-11,scan_20260914_165629,False,False
False,0,-0.12166674931844075,-0.08333341280619302,False,True,強烈賣出 (跌破),6.809999942779541,2026-09-11 00:00:00,6.985999965667725,-0.008500003814696733,False,False,1.477211136610596,False,0.00014745094359703325,32.0578593437289,0.0001513709632861258,0.00015994298880147518,-0.2718565509111204,-1.7551627569011963,-5.204736297268164,-0.2718565509111204,False,False,False,False,False,False,0.03785553513753236,False,-0.09441489892922794,中性,2007.TW,燁興,0,v1,phase6a,2026-07-12,0,0,0,0,0,0,v1,380,0.5400485436893204,380,0.5400485436893204,391,0.5266990291262136,^TWII,yfinance,2y,2026-09-11,scan_20260914_165629,False,False
False,0,-0.3049999872843424,-0.26333340009053546,False,True,強烈賣出 (跌破),6.760000228881836,2026-09-11 00:00:00,7.1410000085830685,-0.021999979019165394,False,False,1.2113198301537804,False,0.00014636834373569035,34.425834711084754,0.0001545347092196217,0.0001623785546119546,-0.553184558248565,-2.6296627907606673,-7.5078668773035595,-0.553184558248565,False,False,False,False,False,False,0.0,False,-0.3239999771118164,中性,1444.TW,力麗,0,v1,phase6a,2026-07-12,0,0,0,0,0,0,v1,324,0.6080097087378641,324,0.6080097087378641,338,0.5910194174757282,^TWII,yfinance,2y,2026-09-11,scan_20260914_165629,False,False
False,0,-0.625,-0.375,False,True,強烈賣出 (跌破),34.650001525878906,2026-09-11 00:00:00,35.82500019073486,-0.10999984741211222,True,False,0.7040119498376181,False,0.0007502460298911761,40.69407872899617,0.0007775393798254397,0.0008351985983603271,-0.3681366846591705,-2.256398807984339,-6.735170270534596,-0.3681366846591705,False,False,False,False,False,False,0.03397305313342094,False,-0.2357571446180149,中性,8032.TWO,光菱,0,v1,phase6a,2026-07-12,0,0,0,0,0,0,v1,764,0.07402912621359223,764,0.07402912621359223,766,0.07160194174757281,^TWII,yfinance,2y,2026-09-11,scan_20260914_165629,False,False
True,1,-0.09166685740152995,-0.1333333651224772,True,False,觀察 (跌勢收斂),14.449999809265137,2026-09-11 00:00:00,14.582499933242797,-0.03750000000000142,False,False,4.896008993816751,True,0.0003128731460728106,28.42537843182636,0.0003169380233407779,0.0003369731627910668,-0.1348228687221953,-1.719009200060928,-6.327268313982204,-0.1348228687221953,False,False,False,False,False,False,0.11968806572369539,False,-0.08832810968517923,中性,8450.TWO,霹靂,1,v1,phase6a,2026-07-12,0,1,1,1,1,1,v1,296,0.6419902912621359,296,0.6419902912621359,300,0.6371359223300971,^TWII,yfinance,2y,2026-09-11,scan_20260914_165629,False,False
False,0,-0.1916669209798177,0.15833346048990882,False,True,強烈賣出 (跌破),35.04999923706055,2026-09-11 00:00:00,36.21999969482422,-0.04500007629394531,False,False,2.9999103171917865,True,0.0007589068287819193,31.593065457144274,0.0007768052147823945,0.0007719698086132679,-0.24195025403646042,-1.0304162402987038,2.420368414823648,-0.24195025403646042,False,False,True,False,False,False,0.46773132417304436,False,-0.06533335367838544,中性,2065.TWO,世豐,0,v1,phase6a,2026-07-12,0,0,0,0,0,0,v1,391,0.5266990291262136,391,0.5266990291262136,402,0.5133495145631068,^TWII,yfinance,2y,2026-09-11,scan_20260914_165629,False,False
True,0,0.23333104451497388,1.3666648864746094,True,False,觀望 (動能減弱),89.0999984741211,2026-09-11 00:00:00,92.13499946594239,-0.16500015258789347,True,False,0.7247046773537913,False,0.0019292039588683283,48.90169661330636,0.0020135397781688314,0.0023250513766699355,-0.43895268093515627,-2.4267192924963266,-8.031651634234006,-0.43895268093515627,False,False,False,False,False,False,0.023480378660305393,False,-0.327547181327388,中性,6854.TW,錼創科技-KY創,0,v1,phase6a,2026-07-12,0,0,0,0,0,0,v1,729,0.11650485436893204,729,0.11650485436893204,731,0.11407766990291263,^TWII,yfinance,2y,2026-09-11,scan_20260914_165629,False,False
True,1,-0.21666653951009113,-0.1333332061767578,True,False,賣出 (動能轉弱),17.549999237060547,2026-09-11 00:00:00,17.98500003814697,-0.01750001907348775,True,False,0.4192300839508243,False,0.00037999470915936316,38.610457068238595,0.0003878225087209068,0.00039229952622992875,-0.21201243995707664,-1.4399228605979975,-1.8407068949162664,-0.21201243995707664,False,False,False,False,False,False,0.4491110936949195,False,-0.06648936440039144,中性,6578.TWO,達邦蛋白,1,v1,phase6a,2026-07-12,0,1,1,1,1,1,v1,271,0.6723300970873787,271,0.6723300970873787,275,0.6674757281553398,^TWII,yfinance,2y,2026-09-11,scan_20260914_165629,True,False
True,0,-0.925000508626302,-0.8000001907348632,True,False,賣出 (動能轉弱),27.799999237060547,2026-09-11 00:00:00,29.617499923706056,-0.28000011444091655,False,False,1.4396358706755301,False,0.0006019289506525746,53.033049103671615,0.0006503084928208637,0.0006936491225092461,-0.7770178553272999,-3.7563072726970126,-15.246340229361433,-0.7770178553272999,False,False,False,False,False,False,0.0,False,-0.34356551974734184,中性,4534.TWO,慶騰,0,v1,phase6a,2026-07-12,0,0,0,0,0,0,v1,569,0.3106796116504854,569,0.3106796116504854,574,0.30461165048543687,^TWII,yfinance,2y,2026-09-11,scan_20260914_165629,False,False
True,0,0.299999713897705,0.3833332061767578,True,False,觀望 (動能減弱),12.149999618530273,2026-09-11 00:00:00,12.1625,0.017499971389769442,False,False,0.8396918502814885,False,0.0002630732633640317,36.2326755215565,0.00026409734153297896,0.00027652889864867257,-0.04080075895064317,-0.7487796893917875,-0.579432555869952,-0.04080075895064317,False,False,False,False,False,True,0.1553262024999007,False,-0.17532472702475188,中性,1305.TW,華夏,0,v1,phase6a,2026-07-12,0,0,1,0,0,0,v1,307,0.6286407766990292,307,0.6286407766990292,321,0.6116504854368932,^TWII,yfinance,2y,2026-09-11,scan_20260914_165629,False,False
True,2,0.3166675567626953,0.35000101725260413,True,False,觀望 (動能減弱),35.75,2026-09-11 00:00:00,35.25250015258789,0.014999961853028765,False,True,1.7134131181705914,True,0.000774063330086079,55.58006146948302,0.0007712744450852843,0.0008244142964486438,0.03807705877969525,-1.2275105253160334,-6.316004715447376,0.03807705877969525,True,False,False,False,False,True,0.1667247689805521,False,-0.10062893081761004,中性,6649.TWO,台生材,0,v1,phase6a,2026-07-12,0,0,2,0,0,0,v1,700,0.15169902912621358,700,0.15169902912621358,702,0.14927184466019416,^TWII,yfinance,2y,2026-09-11,scan_20260914_165629,False,False
True,0,7.916666666666666,20.249999999999996,True,False,觀望 (動能減弱),409.5,2026-09-11 00:00:00,439.325,-0.8000000000000114,False,False,0.3399870488163926,False,0.008866543599167814,89.1346579183283,0.009496811954036271,0.010017342096059168,-0.6937462634124203,-2.5853781784687113,-2.0088536705797577,-0.6937462634124203,False,False,False,False,False,False,0.1655333669522434,False,-0.35070704411815945,中性,6451.TW,訊芯-KY,0,v1,phase6a,2026-07-12,0,0,0,0,0,0,v1,677,0.1796116504854369,677,0.1796116504854369,680,0.17597087378640777,^TWII,yfinance,2y,2026-09-11,scan_20260914_165629,False,False
True,1,0.6666666666666665,1.5833333333333333,True,False,觀望 (動能減弱),173.5,2026-09-11 00:00:00,180.575,-1.950000000000017,True,False,0.49508195872479954,False,0.003756643014543628,97.05386825472893,0.004026751203673133,0.0043780538781728745,-0.7011381839296615,-3.669602117417392,-19.272753676259093,-0.7011381839296615,False,False,False,False,False,False,0.012547537053546963,False,-0.4572911542698822,中性,2493.TW,揚博,0,v1,phase6a,2026-07-12,0,0,0,0,0,0,v1,433,0.47572815533980584,433,0.47572815533980584,443,0.46359223300970875,^TWII,yfinance,2y,2026-09-11,scan_20260914_165629,False,False
True,0,-3.9833335876464844,-3.1666666666666665,True,False,賣出 (動能轉弱),100.0,2026-09-11 00:00:00,100.6150001525879,0.75,False,False,0.9219422426614904,False,0.0021652121121288922,20.701836649396803,0.0021360575910108416,0.0022549215847013316,0.14387778839868304,-0.35350777186726745,8.96767946057686,0.14387778839868304,True,False,False,False,False,False,0.6814761835056204,False,-0.06976744186046513,中性,7842.TWO,天能綠電,0,v1,phase6a,2026-07-12,0,0,1,0,0,0,v1,761,0.07766990291262135,761,0.07766990291262135,763,0.07524271844660194,^TWII,yfinance,2y,2026-09-11,scan_20260914_165629,False,False
True,0,13.666666666666664,14.499999999999998,True,False,觀望 (動能減弱),169.0,2026-09-11 00:00:00,174.725,-0.9250000000000114,False,False,0.8479094584376642,False,0.003659208469497828,98.0850501293335,0.0038426355814957544,0.00396336383612877,-0.4999585327893685,-0.2777169160318449,-5.351385599916436,-0.4999585327893685,False,False,False,False,False,False,0.09615256746884657,False,-0.387312082066533,中性,6693.TWO,廣閎科,0,v1,phase6a,2026-07-12,0,0,0,0,0,0,v1,705,0.14563106796116504,705,0.14563106796116504,707,0.14320388349514562,^TWII,yfinance,2y,2026-09-11,scan_20260914_165629,False,False
True,0,0.04999987284342448,0.02500009536743164,True,False,買入 (動能增強),13.899999618530273,2026-09-11 00:00:00,13.892500019073486,0.01249999999999929,False,True,0.8841903634543106,False,0.0003009644753262873,42.98103140242119,0.0003014585091439926,0.00031112150123564964,-0.017247677134746286,-0.7128070964263378,-2.7428980716143303,-0.017247677134746286,False,False,False,False,False,True,0.24458481570228266,False,-0.02112677427918841,中性,2023.TW,燁輝,2,v1,phase6a,2026-07-12,0,2,4,2,2,2,v1,71,0.9150485436893204,71,0.9150485436893204,86,0.8968446601941747,^TWII,yfinance,2y,2026-09-11,scan_20260914_165629,False,False
True,3,0.0,0.0,True,False,賣出 (動能轉弱),3.2699999809265137,2026-09-11 00:00:00,3.2699999809265137,0.0,False,False,1.0,False,7.080243565363334e-05,35.401348495922406,7.09704067227593e-05,7.561627851275468e-05,-0.024907228377624158,-1.120914952213159,-3.6797461733382497,-0.024907228377624158,False,False,False,False,False,True,0.17237644883080194,False,0.0,中性,4804.TWO,大略-KY,0,v1,phase6a,2026-07-12,0,0,0,0,0,0,v1,586,0.29004854368932037,586,0.29004854368932037,590,0.28519417475728154,^TWII,yfinance,2y,2026-09-11,scan_20260914_165629,False,False
False,0,8.800000508626301,4.5,False,True,強烈買入 (爆發),108.0,2026-09-11 00:00:00,94.78999900817871,0.3499999999999943,False,True,3.55657780093427,True,0.0023384290810992037,147.86906080489277,0.0020991063758535396,0.002059264090321637,1.2147011635514904,2.8600821198722537,-4.169702466067015,1.2147011635514904,True,True,True,False,False,True,0.4964345242456599,False,-0.18181818181818177,偏強 (RS上升),6834.TW,天二科技,3,v1,phase6a,2026-07-12,2,5,5,5,3,5,v1,45,0.9466019417475728,45,0.9466019417475728,7,0.9927184466019418,^TWII,yfinance,2y,2026-09-11,scan_20260914_165629,False,False
True,0,-0.1916667620340983,-0.17500003178914386,True,False,賣出 (動能轉弱),13.399999618530273,2026-09-11 00:00:00,13.704999971389771,-0.015000009536741743,True,False,1.1024648348246615,False,0.00029013841476564284,34.47918623596993,0.00029648264489596333,0.00030985131512319076,-0.22473924525929778,-1.5922504056935405,-4.1775917131436575,-0.22473924525929778,False,False,False,False,False,False,0.04024253019629947,False,-0.05964914957682288,中性,9902.TW,台火,0,v1,phase6a,2026-07-12,0,0,0,0,0,0,v1,808,0.02063106796116505,808,0.02063106796116505,808,0.02063106796116505,^TWII,yfinance,2y,2026-09-11,scan_20260914_165629,False,False
True,0,11.583333333333332,12.25,True,False,觀望 (動能減弱),336.5,2026-09-11 00:00:00,333.975,0.4500000000000455,False,True,0.7472643291551228,False,0.007285938757313723,68.47008336680791,0.00723813359106556,0.007383133174160965,0.06957074755575832,-0.3246162658316232,0.953564415077568,0.06957074755575832,True,False,False,False,False,True,0.3890692988766848,False,-0.0790913912950737,中性,2382.TW,廣達,1,v1,phase6a,2026-07-12,0,1,3,1,1,1,v1,189,0.7718446601941747,189,0.7718446601941747,198,0.7609223300970874,^TWII,yfinance,2y,2026-09-11,scan_20260914_165629,True,False
True,0,-0.3999999364217122,-0.40000025431315106,True,False,觀察 (跌勢收斂),18.600000381469727,2026-09-11 00:00:00,18.937500286102296,-0.04250001907348633,True,False,1.1203377604277167,False,0.0004027294611156027,33.75416074713073,0.00041159112245601326,0.00043432476841849104,-0.22612178143059936,-1.9690126308419154,-7.285676562452492,-0.22612178143059936,False,False,False,False,False,False,0.0740457059902328,False,-0.10455079872533046,中性,4433.TWO,興采,1,v1,phase6a,2026-07-12,0,1,1,1,1,1,v1,234,0.7172330097087378,234,0.7172330097087378,239,0.7111650485436893,^TWII,yfinance,2y,2026-09-11,scan_20260914_165629,False,False
True,1,1.0666669209798174,1.4666659037272136,True,False,觀望 (動能減弱),75.5,2026-09-11 00:00:00,77.72999992370606,-0.109999847412098,True,False,0.9076082967366284,False,0.0016347351446573137,44.70286493007238,0.0016930023680364287,0.0018359348063920298,-0.3609712701678425,-1.3523024117963356,-5.186838462663957,-0.3609712701678425,False,False,False,False,False,False,0.007115286967703949,False,-0.28746183205144993,中性,6284.TWO,佳邦,0,v1,phase6a,2026-07-12,0,0,0,0,0,0,v1,669,0.18932038834951456,669,0.18932038834951456,672,0.18567961165048544,^TWII,yfinance,2y,2026-09-11,scan_20260914_165629,False,False
True,0,-0.12500031789143878,-0.09441407521565755,True,False,賣出 (動能轉弱),17.299999237060547,2026-09-11 00:00:00,17.243873596191406,0.009725189208985796,False,True,0.3780814668925287,False,0.00037458167887904095,35.0627155569916,0.0003734657097905845,0.0003849581854088378,0.03146403758731431,-0.7310272286185304,-2.246224392834928,0.03146403758731431,True,False,False,False,False,True,0.2480538493271649,False,-0.018455055450224633,中性,2505.TW,國揚,0,v1,phase6a,2026-07-12,0,0,2,0,0,0,v1,436,0.4720873786407767,436,0.4720873786407767,446,0.45995145631067963,^TWII,yfinance,2y,2026-09-11,scan_20260914_165629,False,False
False,0,-0.8749996821085612,-0.7249997456868489,False,True,強烈賣出 (跌破),28.850000381469727,2026-09-11 00:00:00,30.237500190734863,-0.1300000190734849,False,False,0.8965681364562864,False,0.0006246637026088141,41.51191530919973,0.0006546570763957943,0.0007191465120031879,-0.47995268075913256,-2.597721914271345,-7.371157874988676,-0.47995268075913256,False,False,False,False,False,False,0.0,False,-0.28765431156864874,中性,3294.TWO,英濟,0,v1,phase6a,2026-07-12,0,0,0,0,0,0,v1,504,0.3895631067961165,504,0.3895631067961165,513,0.3786407766990291,^TWII,yfinance,2y,2026-09-11,scan_20260914_165629,False,False
True,0,-0.4367485046386718,-0.28017870585123694,True,False,賣出 (動能轉弱),23.633817672729492,2026-09-11 00:00:00,24.03430814743042,-0.027193832397461648,True,False,0.40172502996628995,False,0.0005117222828083976,50.07313247535357,0.0005200361809760532,0.0005378068446929696,-0.16800309923150625,-1.8058152789065196,-4.242508777093612,-0.16800309923150625,False,False,False,False,False,False,0.18327324335138953,False,-0.04400002129429015,中性,5278.TWO,尚凡*,0,v1,phase6a,2026-07-12,0,0,0,0,0,0,v1,611,0.25970873786407767,611,0.25970873786407767,614,0.25606796116504854,^TWII,yfinance,2y,2026-09-11,scan_20260914_165629,False,False
True,0,10.083333333333332,10.166666666666666,True,False,觀望 (動能減弱),112.0,2026-09-11 00:00:00,107.775,0.22500000000000853,False,True,0.9351557742233841,False,0.0024250375655843594,85.60535199194152,0.0023838658289308525,0.00245906346919775,0.1821310697029288,1.1046281881602615,-3.9670850066533148,0.1821310697029288,True,False,False,False,False,True,0.19671019416964378,False,-0.32034708075065577,偏強 (RS上升),6207.TWO,雷科,1,v1,phase6a,2026-07-12,1,2,3,2,1,2,v1,262,0.683252427184466,262,0.683252427184466,169,0.7961165048543689,^TWII,yfinance,2y,2026-09-11,scan_20260914_165629,True,False
True,0,-0.6666666666666666,-0.708333651224772,True,False,觀察 (跌勢收斂),29.5,2026-09-11 00:00:00,29.277500247955324,0.03750000000000142,False,True,0.2946957708209929,False,0.0006387375730780233,33.58957250765374,0.0006321762897677165,0.0006465755120247166,0.10937088194251654,-1.34499747372,-2.3450455639360213,0.10937088194251654,True,False,False,False,False,True,0.4300127581750562,False,-0.054487202607981344,中性,5487.TWO,通泰,1,v1,phase6a,2026-07-12,0,1,3,1,1,1,v1,247,0.7014563106796117,247,0.7014563106796117,252,0.6953883495145631,^TWII,yfinance,2y,2026-09-11,scan_20260914_165629,False,False
True,0,-0.15833314259847003,-0.08333301544189452,True,False,賣出 (動能轉弱),19.549999237060547,2026-09-11 00:00:00,19.65000009536743,-0.0025000572204589844,True,False,0.946355981416957,False,0.000423298951401941,35.837458251574915,0.0004262824613167204,0.0004523327145197411,-0.07361843432918125,-1.2778076842471897,-3.8583434683881035,-0.07361843432918125,False,False,False,False,False,False,0.09746476638492999,False,-0.12809285480234,中性,3232.TWO,昱捷,0,v1,phase6a,2026-07-12,0,0,0,0,0,0,v1,495,0.40048543689320387,495,0.40048543689320387,504,0.3895631067961165,^TWII,yfinance,2y,2026-09-11,scan_20260914_165629,False,False
True,0,-0.22666692733764648,-0.1850002606709798,True,False,賣出 (動能轉弱),7.960000038146973,2026-09-11 00:00:00,8.278999996185302,-0.027500009536744585,False,False,1.892949649766043,True,0.0001723508849514227,36.56194726201859,0.00018177360145444737,0.0001896504774024738,-0.5426981994281599,-2.9487433635177362,-13.24543786932928,-0.5426981994281599,False,False,False,False,False,False,0.21513459824915182,False,-0.24190475827171687,中性,1467.TW,南緯,1,v1,phase6a,2026-07-12,0,1,1,1,1,1,v1,175,0.7888349514563107,175,0.7888349514563107,184,0.7779126213592233,^TWII,yfinance,2y,2026-09-11,scan_20260914_165629,True,False
True,0,0.17499987284342447,0.34166653951009107,True,False,觀望 (動能減弱),25.649999618530273,2026-09-11 00:00:00,25.89499979019165,-0.007499980926514382,False,False,0.4714468231555822,False,0.0005553768985014322,27.260433685531172,0.0005629103411603522,0.0005860034994566236,-0.1406757623532151,-1.574933280583224,-4.0676225069979814,-0.1406757623532151,False,False,False,False,False,False,0.10687889918095247,False,-0.06727274114435366,中性,7782.TWO,光速火箭,0,v1,phase6a,2026-07-12,0,0,0,0,0,0,v1,754,0.08616504854368932,754,0.08616504854368932,756,0.08373786407766991,^TWII,yfinance,2y,2026-09-11,scan_20260914_165629,False,False
True,0,0.24166679382324213,0.29166730244954425,True,False,觀望 (動能減弱),39.849998474121094,2026-09-11 00:00:00,40.26499996185303,-0.03750000000000142,True,False,0.3958402942748719,False,0.0008628369936448488,26.367912455256754,0.0008802501389889991,0.0009382312179520386,-0.20779931781511607,-0.7781763772908734,-6.665966952849378,-0.20779931781511607,False,False,False,False,False,False,0.11914257860494382,False,-0.19331989386184345,中性,5484.TW,慧友,0,v1,phase6a,2026-07-12,0,0,0,0,0,0,v1,622,0.24635922330097088,622,0.24635922330097088,625,0.24271844660194175,^TWII,yfinance,2y,2026-09-11,scan_20260914_165629,False,False
True,0,-0.7916666666666665,-0.1833330790201823,True,False,賣出 (動能轉弱),36.099998474121094,2026-09-11 00:00:00,38.08500022888184,-0.08500003814697266,False,False,0.28321485194962276,False,0.0007816415394400152,38.37961849247918,0.000816124488738364,0.0008167571691812567,-0.4427892914712017,-2.3172051361810664,0.14846298403494718,-0.4427892914712017,False,False,False,False,False,False,0.31912424789553256,False,-0.14757969835156426,中性,4976.TW,佳凌,1,v1,phase6a,2026-07-12,0,1,1,1,1,1,v1,239,0.7111650485436893,239,0.7111650485436893,244,0.7050970873786407,^TWII,yfinance,2y,2026-09-11,scan_20260914_165629,True,False
True,0,0.08319886525472005,0.06639782587687174,True,False,買入 (動能增強),12.5,2026-09-11 00:00:00,12.344979906082154,8.063316345285898e-05,False,True,1.7086769861419502,True,0.00027065151401611153,32.3353844152562,0.00026938929364325,0.00028215398157131944,0.04934526660149707,-0.8421632000360169,-5.759515543645932,0.04934526660149707,True,False,False,False,False,True,0.18904847521092819,False,-0.03804384242595671,中性,1454.TW,台富,2,v1,phase6a,2026-07-12,0,2,4,2,2,2,v1,58,0.9308252427184466,58,0.9308252427184466,74,0.9114077669902912,^TWII,yfinance,2y,2026-09-11,scan_20260914_165629,False,False
True,0,-0.2833334604899089,-0.2916673024495443,True,False,觀察 (跌勢收斂),45.75,2026-09-11 00:00:00,45.70499973297119,-0.01000003814697692,True,True,0.36567815985572216,False,0.0009905845412989682,36.909228783206395,0.000991982637866087,0.001013475889007868,-0.014833548878145919,-0.9198672344017611,-4.2018233838354675,-0.014833548878145919,False,False,False,False,False,True,0.24694025542048462,False,-0.046875,中性,2704.TW,國賓,1,v1,phase6a,2026-07-12,0,1,2,1,1,1,v1,208,0.7487864077669902,208,0.7487864077669902,214,0.741504854368932,^TWII,yfinance,2y,2026-09-11,scan_20260914_165629,False,False
True,0,1.1652844746907551,1.6032594045003254,True,False,觀望 (動能減弱),43.70000076293945,2026-09-11 00:00:00,43.98776569366455,0.012612724304197798,False,False,1.0663745305475512,False,0.0009461977095195835,44.66651771557555,0.000963506220509563,0.0009865016000468769,-0.1887387713012445,-0.6099451538021494,-5.962157217602526,-0.1887387713012445,False,False,False,False,False,False,0.20377018753941734,False,-0.1049434992162186,中性,1203.TW,味王,2,v1,phase6a,2026-07-12,0,2,3,2,2,2,v1,55,0.9344660194174758,55,0.9344660194174758,71,0.9150485436893204,^TWII,yfinance,2y,2026-09-11,scan_20260914_165629,False,True
False,0,-0.25,-1.4166666666666665,False,True,強烈賣出 (跌破),171.0,2026-09-11 00:00:00,163.8,0.2750000000000057,False,True,9.69957835377162,True,0.003702512711740406,37.17290446332719,0.0035565729416846626,0.003668736107191716,0.43380870733529253,-1.0928556053051652,-3.538109652473065,0.43380870733529253,True,True,False,False,False,True,0.5397498382325471,False,0.0,偏強 (RS上升),6690.TWO,安�硌穈T,0,v1,phase6a,2026-07-12,0,0,2,0,0,0,v1,704,0.14684466019417475,704,0.14684466019417475,706,0.14441747572815533,^TWII,yfinance,2y,2026-09-11,scan_20260914_165629,False,False
True,0,-2.2499999999999996,-2.2833334604899087,True,False,觀察 (跌勢收斂),59.5,2026-09-11 00:00:00,61.419999504089354,-0.16499996185302734,False,False,0.46659374372020496,False,0.001288301206716691,45.920856250983846,0.001331885266362561,0.0014485847981593471,-0.3432763354719204,-2.3808866109631732,-8.121174297136523,-0.3432763354719204,False,False,False,False,False,False,0.06109682833007793,False,-0.17015338169468763,中性,6823.TWO,濾能,1,v1,phase6a,2026-07-12,0,1,1,1,1,1,v1,279,0.662621359223301,279,0.662621359223301,283,0.6577669902912622,^TWII,yfinance,2y,2026-09-11,scan_20260914_165629,False,False
True,0,2.4166666666666665,3.2499999999999996,True,False,觀望 (動能減弱),169.0,2026-09-11 00:00:00,169.8,0.125,False,False,0.8482560229209223,False,0.003659208469497828,72.16262870211153,0.003682343681665185,0.003736086617568576,-0.06609040903150509,-0.43648212033071676,-1.020887880764254,-0.06609040903150509,False,False,False,False,False,False,0.24613252267834793,False,-0.03703703703703709,中性,2597.TW,潤弘,0,v1,phase6a,2026-07-12,0,0,1,0,0,0,v1,442,0.46480582524271846,442,0.46480582524271846,451,0.4538834951456311,^TWII,yfinance,2y,2026-09-11,scan_20260914_165629,False,False
True,3,-0.011666615804036459,-0.025000015894571938,True,False,觀察 (跌勢收斂),7.110000133514404,2026-09-11 00:00:00,7.105000042915345,0.0,False,True,1.170475445404636,False,0.0001539465840632343,21.470714847080426,0.00015438442671512242,0.0001651636667262228,-0.029844296041348084,-1.3182628618928938,-4.912305395890771,-0.029844296041348084,False,False,False,False,False,True,0.14173003981467758,False,-0.1297429538409962,中性,3494.TW,誠研,1,v1,phase6a,2026-07-12,0,1,2,1,1,1,v1,224,0.7293689320388349,224,0.7293689320388349,230,0.7220873786407767,^TWII,yfinance,2y,2026-09-11,scan_20260914_165629,False,False
True,1,-0.10000101725260417,-0.2666676839192708,True,False,觀察 (跌勢收斂),90.5,2026-09-11 00:00:00,89.7900001525879,0.02000007629395384,False,True,0.7663104992661833,False,0.0019595169614766476,33.83358490120069,0.0019507302589111591,0.002063824120462011,0.04743632808865694,-1.1800985457023905,-4.407556856572315,0.04743632808865694,True,False,False,False,False,True,0.17919464325769563,False,-0.06217616580310881,中性,6523.TWO,達爾膚,1,v1,phase6a,2026-07-12,0,1,3,1,1,1,v1,268,0.6759708737864077,268,0.6759708737864077,272,0.6711165048543689,^TWII,yfinance,2y,2026-09-11,scan_20260914_165629,False,False
True,0,-1.75,-1.0,True,False,賣出 (動能轉弱),124.5,2026-09-11 00:00:00,127.7,-0.14999999999999147,True,False,0.7836266464025212,False,0.002695689079600471,51.07175278901393,0.0027433475375286255,0.0027931105307445418,-0.1825332956350345,-1.3935389593404346,0.206192287214213,-0.1825332956350345,False,False,False,False,False,False,0.3586106036151865,False,-0.060377358490566024,中性,3010.TW,華立,0,v1,phase6a,2026-07-12,0,0,0,0,0,0,v1,467,0.4344660194174757,467,0.4344660194174757,476,0.42354368932038833,^TWII,yfinance,2y,2026-09-11,scan_20260914_165629,False,False
True,1,-0.09166653951009114,-0.07166655858357747,True,False,賣出 (動能轉弱),9.84000015258789,2026-09-11 00:00:00,9.987499952316284,0.0034999847412109375,False,False,0.7916747804400088,False,0.0002130568751373345,42.03998274255129,0.00021437552106536427,0.00021396381191438038,-0.06470655698502803,-0.951875001307434,2.188000821375091,-0.06470655698502803,False,False,True,False,False,False,0.42934517374010195,False,-0.10545453158291906,中性,1455.TW,集盛,0,v1,phase6a,2026-07-12,0,0,1,0,0,0,v1,329,0.6019417475728155,329,0.6019417475728155,343,0.5849514563106796,^TWII,yfinance,2y,2026-09-11,scan_20260914_165629,False,False
True,0,8.833333333333332,6.0,True,False,買入 (動能增強),527.0,2026-09-11 00:00:00,529.75,0.2999999999999545,False,False,0.5847875731273995,False,0.011410667830919263,94.9039584825056,0.011478127840568564,0.011378607290081923,-0.06182770681104621,-0.7831403044794683,-1.6685069485838255,-0.06182770681104621,False,True,True,False,False,False,0.4108884496502989,False,-0.11577181208053688,中性,5434.TW,崇越,2,v1,phase6a,2026-07-12,0,2,3,2,2,2,v1,120,0.8555825242718447,120,0.8555825242718447,130,0.8434466019417476,^TWII,yfinance,2y,2026-09-11,scan_20260914_165629,False,False
True,0,9.75,8.583333333333332,True,False,買入 (動能增強),149.0,2026-09-11 00:00:00,152.1,0.6500000000000057,False,False,0.2764187806944665,False,0.0032261660470720497,24.882243989231267,0.003226417886926723,0.0031432107293860602,-0.000821630721925537,2.173820679929128,19.583882852770664,-0.000821630721925537,False,True,True,False,False,False,0.6988592291634216,False,-0.09548261144152159,中性,5432.TWO,新門,3,v1,phase6a,2026-07-12,0,3,4,3,3,3,v1,37,0.9563106796116505,37,0.9563106796116505,43,0.9490291262135923,^TWII,yfinance,2y,2026-09-11,scan_20260914_165629,True,False
True,0,-0.23218790690104163,-0.016021728515625,True,False,賣出 (動能轉弱),47.099998474121094,2026-09-11 00:00:00,47.7771499633789,-0.03001880645751953,True,False,1.1736027380976273,False,0.0010198148717741934,21.652691401085523,0.001038253236422918,0.0010884479147275981,-0.18658829710561653,-1.4434940245727446,-5.2769525900651315,-0.18658829710561653,False,False,False,False,False,False,0.07158228042502918,False,-0.05632026734599682,中性,2227.TW,裕日車,0,v1,phase6a,2026-07-12,0,0,0,0,0,0,v1,397,0.5194174757281553,397,0.5194174757281553,408,0.5060679611650486,^TWII,yfinance,2y,2026-09-11,scan_20260914_165629,False,False
True,0,-0.01666704813639322,0.11666615804036459,True,False,賣出 (動能轉弱),17.649999618530273,2026-09-11 00:00:00,18.214999866485595,0.0024999618530259227,False,False,0.6206969908955275,False,0.0003821599295311208,39.44525192409952,0.00039118813287220466,0.0003937862018902354,-0.24234735083206171,-1.0013402934942572,2.3929419036401445,-0.24234735083206171,False,False,False,False,False,False,0.4940152822705148,False,-0.06366051663951688,中性,2461.TW,光群雷,0,v1,phase6a,2026-07-12,0,0,1,0,0,0,v1,427,0.4830097087378641,427,0.4830097087378641,437,0.470873786407767,^TWII,yfinance,2y,2026-09-11,scan_20260914_165629,False,False
True,1,0.005438168843587238,0.02978086471557617,True,False,觀望 (動能減弱),10.350000381469727,2026-09-11 00:00:00,10.385934209823608,0.0014342784881584691,False,False,0.810496864512161,False,0.00022409946186496908,40.59392571093588,0.00022546500906071523,0.00023298056757658147,-0.06371286996791348,-1.1195964528328717,-3.6346145357858406,-0.06371286996791348,False,False,False,False,False,True,0.17481073072646133,False,-0.033685433447842916,中性,2701.TW,萬企,2,v1,phase6a,2026-07-12,0,2,3,2,2,2,v1,85,0.8980582524271845,85,0.8980582524271845,100,0.8798543689320388,^TWII,yfinance,2y,2026-09-11,scan_20260914_165629,False,True
True,0,-0.2749997774759928,-0.1916664441426595,True,False,賣出 (動能轉弱),12.25,2026-09-11 00:00:00,12.40750002861023,-0.005000019073486683,True,False,0.0,False,0.0002652384837357893,38.63654739618301,0.0002682016436404166,0.00028207676633359584,-0.11616231763978968,-1.5805643463768115,-3.5040457039848927,-0.11616231763978968,False,False,False,False,False,True,0.10746551071733337,False,-0.125,中性,2064.TWO,晉椿,0,v1,phase6a,2026-07-12,0,0,0,0,0,0,v1,390,0.5279126213592233,390,0.5279126213592233,401,0.5145631067961165,^TWII,yfinance,2y,2026-09-11,scan_20260914_165629,False,False
True,0,-0.375,-0.23333326975504554,True,False,賣出 (動能轉弱),23.299999237060547,2026-09-11 00:00:00,24.26499996185303,-0.060000038146970525,False,False,1.0776887886239173,False,0.0005044944056067745,16.88652410736837,0.0005286082242413738,0.0005691686561242803,-0.47789011097878475,-2.115497793946075,-8.490823727089191,-0.47789011097878475,False,False,False,False,False,False,0.0,False,-0.14495415643814502,中性,3557.TW,嘉威,0,v1,phase6a,2026-07-12,0,0,0,0,0,0,v1,527,0.3616504854368932,527,0.3616504854368932,534,0.35315533980582525,^TWII,yfinance,2y,2026-09-11,scan_20260914_165629,False,False
True,0,-2.13333257039388,-0.9499994913736979,True,False,賣出 (動能轉弱),95.9000015258789,2026-09-11 00:00:00,101.58500022888184,-0.429999923706049,True,False,1.0496012849836434,False,0.0020764384485701228,70.9538638077341,0.0022194107308518506,0.0024879807366844954,-0.673527873790547,-2.9312399725733185,-11.127664559006845,-0.673527873790547,False,False,False,False,False,False,0.0,False,-0.374924039909208,中性,1785.TWO,光洋科,0,v1,phase6a,2026-07-12,0,0,0,0,0,0,v1,367,0.5558252427184466,367,0.5558252427184466,380,0.5400485436893204,^TWII,yfinance,2y,2026-09-11,scan_20260914_165629,False,False
True,1,0.10000006357828775,0.15833346048990884,True,False,觀望 (動能減弱),19.899999618530273,2026-09-11 00:00:00,20.010000133514403,-0.00500001907348846,False,False,0.61880096656417,False,0.00043087720205402084,28.797007215931995,0.0004346337147829048,0.0004541796814110203,-0.09089561105758426,-1.1114722032069646,-3.5844745373851516,-0.09089561105758426,False,False,False,False,False,False,0.1946879896457472,False,-0.043269214016445345,中性,1473.TW,台南,0,v1,phase6a,2026-07-12,0,0,0,0,0,0,v1,335,0.5946601941747572,335,0.5946601941747572,349,0.5776699029126213,^TWII,yfinance,2y,2026-09-11,scan_20260914_165629,False,False
True,0,-0.8999989827473958,-0.6166661580403645,True,False,賣出 (動能轉弱),49.45000076293945,2026-09-11 00:00:00,50.02000007629395,-0.06749992370605185,False,False,0.7295814588120455,False,0.0010706974059669946,48.5873796852232,0.0010780887454469664,0.001101871734282121,-0.07211601546223134,-1.5360360403628093,-1.5154594027528834,-0.07211601546223134,False,False,False,False,False,False,0.2953025387454115,False,-0.03417968699068297,中性,5530.TWO,龍巖,0,v1,phase6a,2026-07-12,0,0,0,0,0,0,v1,631,0.2354368932038835,631,0.2354368932038835,634,0.23179611650485438,^TWII,yfinance,2y,2026-09-11,scan_20260914_165629,False,False
True,0,-1.4166666666666665,-1.583333333333333,True,False,觀察 (跌勢收斂),296.5,2026-09-11 00:00:00,311.7,-0.8500000000000227,True,False,0.7558436518869273,False,0.006419853912462166,100.93118216993072,0.0067775497630103345,0.00740840069737866,-0.5524736468216274,-2.2443499326996297,-8.280603972572154,-0.5524736468216274,False,False,False,False,False,False,0.007265116794369036,False,-0.2864019253910951,中性,6903.TWO,巨漢,1,v1,phase6a,2026-07-12,0,1,1,1,1,1,v1,281,0.6601941747572816,281,0.6601941747572816,285,0.6553398058252428,^TWII,yfinance,2y,2026-09-11,scan_20260914_165629,False,False
True,0,0.3083332379659017,0.39166641235351557,True,False,觀望 (動能減弱),14.050000190734863,2026-09-11 00:00:00,14.09249997138977,0.007500028610229137,False,False,0.840003587955024,False,0.00030421230588392376,46.32099698685861,0.00031111349144336464,0.0003394406762713981,-0.23295303474404339,-1.6511508880536763,-10.30677169915134,-0.23295303474404339,False,False,False,False,False,False,0.050341908161723126,False,-0.21944443384806311,中性,2440.TW,太空梭,0,v1,phase6a,2026-07-12,0,0,1,0,0,0,v1,422,0.4890776699029126,422,0.4890776699029126,432,0.47694174757281554,^TWII,yfinance,2y,2026-09-11,scan_20260914_165629,False,False
True,0,3.499999999999999,1.2499999999999998,True,False,買入 (動能增強),493.0,2026-09-11 00:00:00,515.275,-0.9500000000000455,False,False,0.5067673690997527,False,0.01067449571279544,502.1206431142172,0.010954918816298335,0.010150393470888723,-0.26872766733511133,0.07899136896230008,8.546021338680209,-0.26872766733511133,False,True,True,False,False,False,0.6916678656698091,False,-0.09208103130755063,中性,2408.TW,南亞科,2,v1,phase6a,2026-07-12,0,2,2,2,2,2,v1,77,0.9077669902912622,77,0.9077669902912622,92,0.8895631067961165,^TWII,yfinance,2y,2026-09-11,scan_20260914_165629,False,False
True,0,5.833333333333333,4.25,True,False,買入 (動能增強),231.5,2026-09-11 00:00:00,219.625,0.6750000000000114,False,True,2.053460743801653,True,0.005012466039578386,50.78364479408802,0.004778681689342757,0.004692439852044917,0.5176378224264866,-0.21346624253932855,-1.2244890931757846,0.5176378224264866,True,True,True,False,False,True,0.6567569975177485,False,-0.046571352190187154,偏強 (RS上升),6957.TW,裕慶-KY,2,v1,phase6a,2026-07-12,1,3,4,3,2,3,v1,147,0.8228155339805825,147,0.8228155339805825,67,0.9199029126213593,^TWII,yfinance,2y,2026-09-11,scan_20260914_165629,False,False
True,1,0.06499989827473958,0.10666656494140625,True,False,觀望 (動能減弱),9.079999923706055,2026-09-11 00:00:00,9.160500097274781,-0.001499986648559215,False,False,1.967241494631398,True,0.00019660125812937768,16.322125185234523,0.00019948188415009068,0.00021884830855229494,-0.15177497200762335,-1.4167697492464715,-5.018553369475464,-0.15177497200762335,False,False,False,False,False,False,0.0639182013444699,False,-0.12270535371548741,中性,8437.TWO,大地-KY,0,v1,phase6a,2026-07-12,0,0,0,0,0,0,v1,793,0.038834951456310676,793,0.038834951456310676,794,0.03762135922330097,^TWII,yfinance,2y,2026-09-11,scan_20260914_165629,False,False
False,0,-9.5682373046875,-5.773366292317707,False,True,強烈賣出 (跌破),296.0,2026-09-11 00:00:00,306.9361206054688,0.16040344238285797,False,False,0.7553403774042922,False,0.006409027851901522,67.41222698062066,0.006618399747160316,0.0073472476853609974,-0.33189292486619504,-1.7607033378680081,-3.4007285026270817,-0.33189292486619504,False,False,False,False,False,False,0.06683449263901678,False,-0.2113478162130965,中性,4768.TWO,晶呈科技,0,v1,phase6a,2026-07-12,0,0,1,0,0,0,v1,585,0.2912621359223301,585,0.2912621359223301,589,0.28640776699029125,^TWII,yfinance,2y,2026-09-11,scan_20260914_165629,False,False
True,1,4.9879099527994795,4.492746988932291,True,False,買入 (動能增強),221.0,2026-09-11 00:00:00,219.44274520874023,-0.21339263916016193,False,True,1.048173146981059,False,0.004785118767804852,74.98325919492109,0.004800791572768169,0.004988660413847827,-0.034352714091023806,-0.8451212765120397,-6.053718020362253,-0.034352714091023806,False,False,False,False,False,True,0.06014495738398803,False,-0.3402765112307521,中性,3147.TWO,大綜,3,v1,phase6a,2026-07-12,0,3,4,3,3,3,v1,24,0.9720873786407767,24,0.9720873786407767,34,0.9599514563106796,^TWII,yfinance,2y,2026-09-11,scan_20260914_165629,True,False
True,0,0.7166665395100911,0.8833332061767577,True,False,觀望 (動能減弱),31.100000381469727,2026-09-11 00:00:00,31.36500005722046,-0.059999942779541016,False,False,0.6016435135624865,False,0.0006733809751317142,38.35636380230252,0.0006808148675129749,0.0006957325262250644,-0.11480604350773138,-0.8414760234851992,-1.3841254463267894,-0.11480604350773138,False,False,False,False,False,True,0.1701305589982562,False,-0.0906432839858009,中性,2353.TW,宏��,1,v1,phase6a,2026-07-12,0,1,1,1,1,1,v1,186,0.7754854368932039,186,0.7754854368932039,195,0.7645631067961165,^TWII,yfinance,2y,2026-09-11,scan_20260914_165629,True,False
True,0,-0.4583331743876139,-0.45833301544189453,True,False,賣出 (動能轉弱),11.699999809265137,2026-09-11 00:00:00,12.11500005722046,-0.05750002861022807,True,False,0.6341654153126304,False,0.000253329812989266,42.42898201269808,0.0002647343808205841,0.0002828335173246456,-0.4514191245644672,-3.1692694582171943,-12.821722477476394,-0.4514191245644672,False,False,False,False,False,False,0.028785101971594982,False,-0.34366216548051554,中性,5488.TWO,松普,0,v1,phase6a,2026-07-12,0,0,0,0,0,0,v1,623,0.24514563106796117,623,0.24514563106796117,626,0.24150485436893204,^TWII,yfinance,2y,2026-09-11,scan_20260914_165629,False,False
False,0,-9.75,-6.0,False,True,強烈賣出 (跌破),265.0,2026-09-11 00:00:00,284.85,-1.5,False,False,0.4828568423676428,False,0.005737812097141565,76.62825599441388,0.0061515021330631175,0.006526127702353079,-0.7029213718607097,-3.2489135644441114,-7.343119497816741,-0.7029213718607097,False,False,False,False,False,False,0.0,False,-0.3709836782828151,中性,6138.TWO,茂達,0,v1,phase6a,2026-07-12,0,0,0,0,0,0,v1,647,0.21601941747572814,647,0.21601941747572814,650,0.21237864077669902,^TWII,yfinance,2y,2026-09-11,scan_20260914_165629,False,False
True,0,0.16666603088378906,0.4666665395100911,True,False,觀望 (動能減弱),64.4000015258789,2026-09-11 00:00:00,64.41999950408936,0.10000000000000853,False,False,1.14854739068241,False,0.0013943966332495216,40.54854872142341,0.0013992999360937979,0.0014321062987000587,-0.03687178275569858,-0.9346170172010337,-3.088300844616354,-0.03687178275569858,False,False,False,False,False,True,0.3010675884775911,False,-0.03157892442287358,中性,2015.TW,豐興,2,v1,phase6a,2026-07-12,0,2,3,2,2,2,v1,70,0.9162621359223301,70,0.9162621359223301,85,0.8980582524271845,^TWII,yfinance,2y,2026-09-11,scan_20260914_165629,False,True
True,0,-1.1999994913736978,-0.38333257039388025,True,False,賣出 (動能轉弱),62.0,2026-09-11 00:00:00,65.35999946594238,-0.39500007629395384,False,False,0.54718319841828,False,0.0013424315095199133,72.3308547804884,0.0014091361072528289,0.001415921175007946,-0.49581602965788063,-2.380382503228362,-3.5911310843037003,-0.49581602965788063,False,False,False,False,False,False,0.06150757510711746,False,-0.11301861735945895,中性,2356.TW,英業達,0,v1,phase6a,2026-07-12,0,0,0,0,0,0,v1,407,0.5072815533980582,407,0.5072815533980582,418,0.49393203883495146,^TWII,yfinance,2y,2026-09-11,scan_20260914_165629,False,False
True,0,0.050000190734863274,0.05000019073486328,True,False,觀望 (動能減弱),18.100000381469727,2026-09-11 00:00:00,18.194999790191652,0.0,False,False,0.20602945191015054,False,0.00039190340055495827,39.37066981616246,0.00039505104437307975,0.0004171388659699671,-0.08380012588341534,-1.1421088800860235,-4.7491835107745235,-0.08380012588341534,False,False,False,False,False,True,0.11471423564363814,False,-0.06701027126922354,中性,8409.TWO,商之器,0,v1,phase6a,2026-07-12,0,0,0,0,0,0,v1,789,0.043689320388349516,789,0.043689320388349516,790,0.04247572815533981,^TWII,yfinance,2y,2026-09-11,scan_20260914_165629,False,False
True,0,-0.02500025431315106,0.23333326975504554,True,False,賣出 (動能轉弱),29.799999237060547,2026-09-11 00:00:00,31.07749996185303,-0.06500005722045898,True,False,1.7823127723182308,True,0.0006452331928951525,54.12052724272634,0.0006802655881219907,0.0007720713428022982,-0.5391626946750661,-2.772518273191049,-10.084446722114137,-0.5391626946750661,False,False,False,False,False,False,0.0,False,-0.32882886907804787,中性,8038.TWO,長園科,0,v1,phase6a,2026-07-12,0,0,0,0,0,0,v1,765,0.07281553398058252,765,0.07281553398058252,767,0.0703883495145631,^TWII,yfinance,2y,2026-09-11,scan_20260914_165629,False,False
False,0,-1.216666539510091,-0.47499974568684894,False,True,強烈賣出 (跌破),33.849998474121094,2026-09-11 00:00:00,36.61000003814697,-0.2400001525878892,False,False,1.4088278940754342,False,0.0007329242669171152,57.08241372057932,0.0007903147288766512,0.0008642930300749898,-0.7585932105086957,-3.1286772387638218,-6.623903106566886,-0.7585932105086957,False,False,False,False,False,False,0.0,False,-0.4352366974004557,中性,3615.TWO,安可,0,v1,phase6a,2026-07-12,0,0,0,0,0,0,v1,536,0.35072815533980584,536,0.35072815533980584,543,0.3422330097087379,^TWII,yfinance,2y,2026-09-11,scan_20260914_165629,False,False
True,2,-0.20833396911621088,-0.25000063578287757,True,False,觀察 (跌勢收斂),32.599998474121094,2026-09-11 00:00:00,31.97999973297119,0.0,False,True,6.975806524736609,True,0.000705859115515504,29.980569022952416,0.000697368391445402,0.0007424267741899721,0.12832634364969842,-1.470498991720326,-6.879517435939919,0.12832634364969842,True,False,False,False,False,True,0.20328210488012974,False,-0.1767722831029115,中性,4545.TW,銘鈺,1,v1,phase6a,2026-07-12,0,1,2,1,1,1,v1,237,0.7135922330097088,237,0.7135922330097088,242,0.7075242718446602,^TWII,yfinance,2y,2026-09-11,scan_20260914_165629,False,False
True,1,5.6330032348632795,3.883003234863281,True,False,買入 (動能增強),255.0,2026-09-11 00:00:00,251.64217300415038,0.2985122680663892,False,True,1.3198360211888498,False,0.005521290885928676,73.0840287508301,0.005435957032516944,0.005542297182117512,0.165515995139498,-0.4368576521313394,1.0938442135763005,0.165515995139498,True,False,False,False,False,False,0.2799138775608744,False,-0.23984462184775335,中性,2428.TW,興勤,2,v1,phase6a,2026-07-12,0,2,4,2,2,2,v1,79,0.9053398058252428,79,0.9053398058252428,94,0.8871359223300971,^TWII,yfinance,2y,2026-09-11,scan_20260914_165629,False,False
False,0,-0.6499996185302734,-0.3583329518636067,False,True,強烈賣出 (跌破),29.600000381469727,2026-09-11 00:00:00,31.000000095367433,-0.11750001907348562,False,False,0.8176093066876556,False,0.0006409027934497809,29.528863889081627,0.0006724731631108854,0.0007296071418293219,-0.49174529540800815,-2.8306585586269306,-7.519084518449592,-0.49174529540800815,False,False,False,False,False,False,0.005797139700942619,False,-0.34657834702006873,中性,8163.TW,達方,0,v1,phase6a,2026-07-12,0,0,0,0,0,0,v1,777,0.05825242718446602,777,0.05825242718446602,779,0.055825242718446605,^TWII,yfinance,2y,2026-09-11,scan_20260914_165629,False,False
True,0,-9.666666666666664,-18.666666666666668,True,False,觀察 (跌勢收斂),836.0,2026-09-11 00:00:00,862.35,-4.449999999999932,False,False,0.4859129998767452,False,0.01810117325739754,127.01706015965483,0.019101557973267944,0.021560883564025687,-0.5482605974054255,-2.8000137745988862,-17.173685800975168,-0.5482605974054255,False,False,False,False,False,False,0.02192499531835142,False,-0.41742160278745644,中性,5536.TWO,聖暉*,1,v1,phase6a,2026-07-12,0,1,1,1,1,1,v1,249,0.6990291262135923,249,0.6990291262135923,254,0.6929611650485437,^TWII,yfinance,2y,2026-09-11,scan_20260914_165629,False,False
True,0,-0.09166717529296875,0.17499987284342444,True,False,賣出 (動能轉弱),22.049999237060547,2026-09-11 00:00:00,21.912499809265135,-0.00500001907348846,True,True,1.514542904366493,True,0.00047742925420516335,33.651185277491344,0.0004789544815886732,0.0005150015056111172,-0.03350975031597425,-1.8421378306197278,-7.587399858358712,-0.03350975031597425,False,False,False,False,False,False,0.16867810635506078,False,-0.3109375238418579,中性,5345.TWO,馥鴻,0,v1,phase6a,2026-07-12,0,0,1,0,0,0,v1,616,0.2536407766990291,616,0.2536407766990291,619,0.25,^TWII,yfinance,2y,2026-09-11,scan_20260914_165629,False,False
False,0,0.04999987284342444,0.35833295186360675,False,True,強烈買入 (爆發),38.79999923706055,2026-09-11 00:00:00,39.439999961853026,-0.06000003814697408,False,False,0.5103653634112569,False,0.0008401022829867528,45.30981205883217,0.0008513422264181865,0.0008703751142671834,-0.1387820198888723,-1.211352345730421,-0.3383498396134277,-0.1387820198888723,False,False,False,False,False,False,0.4562263063953697,False,-0.04551050970171788,中性,1618.TW,合機,3,v1,phase6a,2026-07-12,0,3,3,3,3,3,v1,18,0.9793689320388349,18,0.9793689320388349,29,0.9660194174757282,^TWII,yfinance,2y,2026-09-11,scan_20260914_165629,False,False
False,0,-0.1333335240681966,-0.08333349227905273,False,True,強烈賣出 (跌破),12.199999809265137,2026-09-11 00:00:00,12.312499952316283,0.0025000095367424535,False,False,1.2727203339469748,False,0.0002641558735499105,33.40764205037582,0.0002679409591730438,0.00028472741069592743,-0.1484799032760109,-1.6290719788247032,-5.8754854706757005,-0.1484799032760109,False,False,False,False,False,False,0.1092850784245031,False,-0.18666667938232417,中性,1449.TW,佳和,0,v1,phase6a,2026-07-12,0,0,1,0,0,0,v1,327,0.6043689320388349,327,0.6043689320388349,341,0.587378640776699,^TWII,yfinance,2y,2026-09-11,scan_20260914_165629,False,False
True,0,0.75,0.0,True,False,買入 (動能增強),166.5,2026-09-11 00:00:00,163.35,0.15000000000000568,False,True,5.132798601791454,True,0.003605078166694606,60.225467487295916,0.0035503416217655425,0.003674506221700725,0.16255076105564648,-1.0566366864371513,-3.915076034104936,0.16255076105564648,True,False,False,False,False,True,0.2740582976126308,False,-0.01281980182290643,中性,3570.TWO,大塚,2,v1,phase6a,2026-07-12,0,2,4,2,2,2,v1,103,0.8762135922330098,103,0.8762135922330098,115,0.8616504854368932,^TWII,yfinance,2y,2026-09-11,scan_20260914_165629,False,False
True,1,-0.35833326975504554,-0.4333332379659016,True,False,觀察 (跌勢收斂),14.399999618530273,2026-09-11 00:00:00,14.630000019073487,-0.01000003814697159,False,False,0.6617747240983319,False,0.0003117905358869318,28.035590084878777,0.0003159347543044351,0.0003322958526422688,-0.13788670087451216,-1.6729621606869083,-4.151608984077349,-0.13788670087451216,False,False,False,False,False,False,0.1712759557956239,False,-0.04318940624364542,中性,3713.TWO,新晶投控,2,v1,phase6a,2026-07-12,0,2,2,2,2,2,v1,106,0.8725728155339806,106,0.8725728155339806,118,0.8580097087378641,^TWII,yfinance,2y,2026-09-11,scan_20260914_165629,True,False
True,0,0.40833377838134766,0.6000006993611653,True,False,觀望 (動能減弱),22.5,2026-09-11 00:00:00,22.76249990463257,-0.039999961853027344,False,False,0.8069174955869443,False,0.0004871727252290008,33.092530258192596,0.000497047567127798,0.000530155047860817,-0.20868984565725057,-1.5293118001576955,-5.539270202688417,-0.20868984565725057,False,False,False,False,False,False,0.04951089404251021,False,-0.2788461714806637,中性,3041.TW,揚智,0,v1,phase6a,2026-07-12,0,0,0,0,0,0,v1,473,0.42718446601941745,473,0.42718446601941745,482,0.4162621359223301,^TWII,yfinance,2y,2026-09-11,scan_20260914_165629,False,False
False,0,-1.1833305358886719,0.06666946411132835,False,True,強烈賣出 (跌破),63.400001525878906,2026-09-11 00:00:00,68.17500038146973,-0.11499977111816406,True,False,0.4025748965409223,False,0.0013727445121282326,50.32647363209657,0.0014585990852208348,0.001501263997027557,-0.6157740043673754,-2.378436118648397,1.126936965972436,-0.6157740043673754,False,False,False,False,False,False,0.30123109944074894,False,-0.16688563998540695,中性,6456.TW,GIS-KY,0,v1,phase6a,2026-07-12,0,0,0,0,0,0,v1,678,0.1783980582524272,678,0.1783980582524272,681,0.17475728155339806,^TWII,yfinance,2y,2026-09-11,scan_20260914_165629,False,False
True,0,-0.22499974568684894,-0.15833314259847003,True,False,賣出 (動能轉弱),13.75,2026-09-11 00:00:00,14.09249997138977,-0.01249999999999929,False,False,1.028281029584366,False,0.0002977166654177227,27.933043509402268,0.00030469700770418976,0.0003155552628754237,-0.24056857176844026,-1.6174332893208798,-3.6377230514625603,-0.24056857176844026,False,False,False,False,False,False,0.028923584446536522,False,-0.059313306647556185,中性,3056.TW,富華新,0,v1,phase6a,2026-07-12,0,0,0,0,0,0,v1,478,0.4211165048543689,478,0.4211165048543689,487,0.41019417475728154,^TWII,yfinance,2y,2026-09-11,scan_20260914_165629,False,False
True,0,-0.3166669209798177,-0.22500038146972653,True,False,賣出 (動能轉弱),16.649999618530273,2026-09-11 00:00:00,17.064999866485596,-0.015000057220458274,True,False,1.8041863592062548,True,0.00036050780840983184,42.464284671271976,0.00036962077135522457,0.0003863257152640281,-0.2588534670429965,-1.589266576859849,-4.673556341677543,-0.2588534670429965,False,False,False,False,False,False,0.02151809113874845,False,-0.07242345900581981,中性,2014.TW,中鴻,0,v1,phase6a,2026-07-12,0,0,0,0,0,0,v1,384,0.5351941747572816,384,0.5351941747572816,395,0.5218446601941747,^TWII,yfinance,2y,2026-09-11,scan_20260914_165629,False,False
True,0,-0.24166742960611978,-0.3000008265177409,True,False,觀察 (跌勢收斂),26.100000381469727,2026-09-11 00:00:00,26.225000190734864,-0.022499942779539595,True,False,0.6621319119568291,False,0.0005651203695252697,48.943812699698725,0.000568894137454989,0.0006010657627565426,-0.06977775284540133,-1.6104573014394608,-5.368342293953587,-0.06977775284540133,False,False,False,False,False,False,0.17748580859539279,False,-0.1362461322099331,中性,8072.TW,陞泰,1,v1,phase6a,2026-07-12,0,1,1,1,1,1,v1,289,0.6504854368932039,289,0.6504854368932039,293,0.6456310679611651,^TWII,yfinance,2y,2026-09-11,scan_20260914_165629,False,False
True,1,0.08166654904683429,0.0966665744781494,True,False,觀望 (動能減弱),4.449999809265137,2026-09-11 00:00:00,4.582499933242798,0.0,False,False,2.4015200593216175,True,9.635193485992135e-05,22.444535892173054,9.920895331950953e-05,0.00010516184639414386,-0.30222059666640266,-1.3519145408280697,-1.5854836408739303,-0.30222059666640266,False,False,False,False,False,False,0.08818218446177133,False,-0.07484410349210358,中性,8933.TWO,愛地雅,0,v1,phase6a,2026-07-12,0,0,0,0,0,0,v1,801,0.02912621359223301,801,0.02912621359223301,801,0.02912621359223301,^TWII,yfinance,2y,2026-09-11,scan_20260914_165629,False,False
True,1,0.9802360534667969,0.889132817586263,True,False,買入 (動能增強),43.45000076293945,2026-09-11 00:00:00,43.168175888061526,0.027499961853031607,False,True,1.1330335291543758,False,0.0009407846792392611,65.34779831831901,0.0009416755636524071,0.0009344668997232822,-0.009957566313578692,-0.6282660132493123,-4.073175005340223,-0.009957566313578692,False,True,True,False,False,False,0.4150151628942945,False,-0.10952016150689314,中性,2527.TW,宏璟,2,v1,phase6a,2026-07-12,0,2,4,2,2,2,v1,82,0.9016990291262136,82,0.9016990291262136,97,0.883495145631068,^TWII,yfinance,2y,2026-09-11,scan_20260914_165629,False,False
True,2,0.2999992370605469,0.16666603088378906,True,False,買入 (動能增強),53.0,2026-09-11 00:00:00,52.28000011444092,-0.014999961853028765,False,True,1.2828025115776913,False,0.001147562419428313,80.34462498051074,0.0011459343761382283,0.0011902127780164687,0.014957105215551714,-1.4773547782127805,-8.443074509220283,0.014957105215551714,True,False,False,False,False,True,0.17640874750340185,False,-0.13423873647103146,中性,2414.TW,精技,2,v1,phase6a,2026-07-12,0,2,3,2,2,2,v1,78,0.9065533980582524,78,0.9065533980582524,93,0.8883495145631068,^TWII,yfinance,2y,2026-09-11,scan_20260914_165629,False,False
True,0,-0.04166634877522786,-0.024999777475992857,True,False,賣出 (動能轉弱),10.5,2026-09-11 00:00:00,10.402500009536743,0.009999990463256836,False,True,0.6057999216626317,False,0.0002273472717735337,31.84330751488705,0.00022519198012662132,0.00023339193025768005,0.10084799711349568,-0.750080411312859,-1.5495822762916722,0.10084799711349568,True,False,False,False,False,True,0.41651568103438785,False,-0.07894733760055195,中性,2104.TW,國際中橡,0,v1,phase6a,2026-07-12,0,0,2,0,0,0,v1,392,0.5254854368932039,392,0.5254854368932039,403,0.5121359223300971,^TWII,yfinance,2y,2026-09-11,scan_20260914_165629,False,False
True,0,-0.08333396911621092,-0.02500089009602864,True,False,賣出 (動能轉弱),32.25,2026-09-11 00:00:00,32.8975004196167,-0.03750000000000142,True,False,1.495714775967978,False,0.0006982809061615678,45.28254954313451,0.0007082168807753437,0.0007377190452922066,-0.14746185823627522,-1.3048223071068232,-0.5341762800044725,-0.14746185823627522,False,False,False,False,False,False,0.20312963825921104,False,-0.1054552334209945,中性,8213.TW,志超,0,v1,phase6a,2026-07-12,0,0,0,0,0,0,v1,780,0.05461165048543689,780,0.05461165048543689,782,0.05218446601941747,^TWII,yfinance,2y,2026-09-11,scan_20260914_165629,False,False
True,0,5.551115123125783e-17,0.3333333333333333,True,False,觀望 (動能減弱),156.0,2026-09-11 00:00:00,156.475,0.17499999999998295,False,False,0.837267278537878,False,0.003377730894921072,55.08768113226294,0.003390083571491561,0.0034277516593894815,-0.0383407423203197,-0.9500633774785494,-2.224417412814006,-0.0383407423203197,False,False,False,False,False,False,0.41396015067549163,False,-0.0741839762611276,中性,1232.TW,大統益,1,v1,phase6a,2026-07-12,0,1,2,1,1,1,v1,165,0.8009708737864077,165,0.8009708737864077,175,0.7888349514563107,^TWII,yfinance,2y,2026-09-11,scan_20260914_165629,True,False
True,0,0.133332888285319,0.15833282470703125,True,False,觀望 (動能減弱),19.850000381469727,2026-09-11 00:00:00,19.780000019073487,0.007499980926514382,False,True,1.4064328002973887,False,0.00042979461251721387,29.624752285895603,0.0004307369357883166,0.00046165330978166963,-0.023023121064813523,-1.051825447042798,-4.516220471221444,-0.023023121064813523,False,False,False,False,False,False,0.19510672582573918,False,-0.09772725538773974,中性,8171.TWO,天宇,0,v1,phase6a,2026-07-12,0,0,2,0,0,0,v1,778,0.05703883495145631,778,0.05703883495145631,780,0.05461165048543689,^TWII,yfinance,2y,2026-09-11,scan_20260914_165629,False,False
True,1,-0.016667048136393234,-0.028571446736653648,True,False,觀察 (跌勢收斂),54.599998474121094,2026-09-11 00:00:00,54.83250675201416,-0.005028915405269174,True,False,0.5253563229260245,False,0.0011822057801838604,41.46425241004582,0.0011916153752260768,0.001259473648351181,-0.083052056238897,-1.1284097156939787,-4.5772296410819475,-0.083052056238897,False,False,False,False,False,True,0.10741447169774766,False,-0.09813914897167009,中性,2496.TW,卓越,1,v1,phase6a,2026-07-12,0,1,1,1,1,1,v1,200,0.758495145631068,200,0.758495145631068,207,0.75,^TWII,yfinance,2y,2026-09-11,scan_20260914_165629,False,False
True,0,-1.0416666666666667,-1.1416667302449544,True,False,觀察 (跌勢收斂),20.200000762939453,2026-09-11 00:00:00,21.232500076293945,0.0,False,False,0.6427633259148454,False,0.0004373728631692937,38.76929911619074,0.0004602326562964291,0.00047741309444678025,-0.5201235243533331,-3.2193655784825026,-10.851503042394771,-0.5201235243533331,False,False,False,False,False,False,0.12225316709287719,False,-0.310580160787541,中性,3288.TWO,點晶,1,v1,phase6a,2026-07-12,0,1,1,1,1,1,v1,220,0.7342233009708737,220,0.7342233009708737,226,0.7269417475728155,^TWII,yfinance,2y,2026-09-11,scan_20260914_165629,False,False
True,3,0.0,0.0,True,False,賣出 (動能轉弱),30.350000381469727,2026-09-11 00:00:00,30.350000381469727,0.0,False,False,0.1807076511619502,False,0.0006571418842907476,47.16740694401265,0.0006587113043080952,0.0006807750039296462,-0.025073303643508016,-1.1219020263915414,-3.689086094751237,-0.025073303643508016,False,False,False,False,False,True,0.1608361419612724,False,-0.0032840846950465963,中性,5523.TWO,豐謙,0,v1,phase6a,2026-07-12,0,0,0,0,0,0,v1,629,0.23786407766990292,629,0.23786407766990292,632,0.2342233009708738,^TWII,yfinance,2y,2026-09-11,scan_20260914_165629,False,False
True,2,-0.00833320617675782,0.008333524068196617,True,False,賣出 (動能轉弱),25.549999237060547,2026-09-11 00:00:00,25.72499990463257,-0.005000019073484907,True,False,0.7482758740956087,False,0.0005532116781296746,51.925880791793226,0.0005623984386555723,0.0006260209505903154,-0.17165188177199475,-1.8307231421304304,-8.179330001187235,-0.17165188177199475,False,False,False,False,False,False,0.03447033936404073,False,-0.34564543344018483,中性,6220.TWO,岳豐,0,v1,phase6a,2026-07-12,0,0,0,0,0,0,v1,660,0.20024271844660194,660,0.20024271844660194,663,0.1966019417475728,^TWII,yfinance,2y,2026-09-11,scan_20260914_165629,False,False
True,0,-0.9166663487752279,-0.5916665395100912,True,False,賣出 (動能轉弱),29.100000381469727,2026-09-11 00:00:00,29.867500019073486,0.007499980926514382,False,False,0.5822699196482992,False,0.0006300767328891365,39.386946489718554,0.0006414938000867109,0.0006479429613216593,-0.1869931198233865,-1.973512330264937,-0.6137029427438101,-0.1869931198233865,False,False,False,False,False,False,0.41869368065423823,False,-0.0732483842357512,中性,2108.TW,南帝,1,v1,phase6a,2026-07-12,0,1,2,1,1,1,v1,182,0.7803398058252428,182,0.7803398058252428,191,0.7694174757281553,^TWII,yfinance,2y,2026-09-11,scan_20260914_165629,True,False
True,0,-1.0166676839192708,-0.8583342234293619,True,False,賣出 (動能轉弱),41.0,2026-09-11 00:00:00,43.12999992370605,-0.06000003814697408,True,False,0.44534894094715843,False,0.0008877369659728458,116.069796558014,0.000926681178108892,0.0009119775779389484,-0.4404250462795245,-2.154906273165247,-2.9284120685401316,-0.4404250462795245,False,False,True,False,False,False,0.14413279370885268,False,-0.25992781821769917,中性,2302.TW,麗正,1,v1,phase6a,2026-07-12,0,1,1,1,1,1,v1,183,0.779126213592233,183,0.779126213592233,192,0.7682038834951457,^TWII,yfinance,2y,2026-09-11,scan_20260914_165629,True,False
True,1,-0.8333346048990885,-0.550000508626302,True,False,賣出 (動能轉弱),68.0,2026-09-11 00:00:00,68.45,-0.04000015258789347,True,False,0.07237461098646594,False,0.0014723442362476469,40.25197883512693,0.0014802675628229809,0.0015265100011029498,-0.05631175997163895,-1.6772548915795937,-3.375736560892617,-0.05631175997163895,False,False,False,False,False,False,0.38028443325730904,False,-0.03818949172259223,中性,3310.TWO,佳穎,0,v1,phase6a,2026-07-12,0,0,0,0,0,0,v1,506,0.3871359223300971,506,0.3871359223300971,515,0.3762135922330097,^TWII,yfinance,2y,2026-09-11,scan_20260914_165629,False,False
False,0,-11.916666666666666,-11.25,False,True,強烈賣出 (跌破),115.0,2026-09-11 00:00:00,125.75,-0.42499999999999716,False,False,0.4848367535783612,False,0.0024899939289482263,59.994270071060484,0.0025835079381073137,0.0023954253971439805,-0.3795698285823934,-1.6634264580268066,19.954954183784636,-0.3795698285823934,False,True,True,False,False,False,0.5621563840122485,False,-0.1636363636363637,中性,6716.TWO,應廣,0,v1,phase6a,2026-07-12,0,0,0,0,0,0,v1,710,0.1395631067961165,710,0.1395631067961165,712,0.13713592233009708,^TWII,yfinance,2y,2026-09-11,scan_20260914_165629,False,False
True,0,0.9333330790201821,1.3666674296061199,True,False,觀望 (動能減弱),76.5999984741211,2026-09-11 00:00:00,79.51499977111817,-0.39500007629393963,True,False,0.6479117203845787,False,0.0016585524448522167,59.52441381128186,0.0017208413720072627,0.0017502477314306712,-0.3795725588519816,-2.332324911207595,-4.245131879062269,-0.3795725588519816,False,False,False,False,False,False,0.10223771294059093,False,-0.15452538891597167,中性,6642.TWO,富致,1,v1,phase6a,2026-07-12,0,1,1,1,1,1,v1,275,0.6674757281553398,275,0.6674757281553398,279,0.662621359223301,^TWII,yfinance,2y,2026-09-11,scan_20260914_165629,True,False
True,0,0.016666412353515618,-0.07500044504801431,True,False,買入 (動能增強),21.850000381469727,2026-09-11 00:00:00,21.812499809265137,-0.01249999999999929,False,True,1.6370422647934053,True,0.00047309885475979173,33.72674711265255,0.0004722323548432153,0.0004910851800004376,0.019318485294173016,-0.76770269102866,-2.2586577065269897,0.019318485294173016,True,False,False,False,False,True,0.2741589478076815,False,-0.02237136427140951,中性,3541.TWO,西柏,2,v1,phase6a,2026-07-12,0,2,3,2,2,2,v1,102,0.8774271844660194,102,0.8774271844660194,114,0.8628640776699029,^TWII,yfinance,2y,2026-09-11,scan_20260914_165629,False,False
True,0,-0.6249996821085612,-0.6166664759318033,True,False,賣出 (動能轉弱),18.700000762939453,2026-09-11 00:00:00,19.52500009536743,-0.10000000000000142,False,False,0.47687858345270934,False,0.0004048946814873603,35.87253745976243,0.0004202301949743977,0.0004474524596734164,-0.3826681946462851,-2.501197315857051,-4.4732804675374656,-0.3826681946462851,False,False,False,False,False,False,0.0717132413875145,False,-0.1762114478220852,中性,2331.TW,精英,0,v1,phase6a,2026-07-12,0,0,0,0,0,0,v1,403,0.5121359223300971,403,0.5121359223300971,414,0.4987864077669903,^TWII,yfinance,2y,2026-09-11,scan_20260914_165629,False,False
True,0,-0.7499999999999999,-0.9166666666666666,True,False,觀察 (跌勢收斂),69.4000015258789,2026-09-11 00:00:00,69.0449993133545,-0.004999923706051845,False,True,1.2093604498820874,False,0.0015026572388559662,34.24396811048184,0.0014969294426367562,0.0015475340020504444,0.040293740107855136,-1.4545192103480598,-4.13521715362668,0.040293740107855136,True,False,False,False,False,False,0.35916156042242875,False,-0.03603734111365042,中性,2754.TWO,亞洲藏壽司,1,v1,phase6a,2026-07-12,0,1,2,1,1,1,v1,211,0.7451456310679612,211,0.7451456310679612,217,0.7378640776699029,^TWII,yfinance,2y,2026-09-11,scan_20260914_165629,False,False
True,0,-0.26666768391927087,-0.23333358764648443,True,False,賣出 (動能轉弱),69.0999984741211,2026-09-11 00:00:00,69.57500076293945,-0.11000022888183025,False,False,0.2047571920963724,False,0.0014961615364425496,29.930712493313987,0.0015109250248355752,0.001589887434378922,-0.10274862206027802,-1.2144860065223528,-4.625973121173843,-0.10274862206027802,False,False,False,False,False,False,0.11059845134335168,False,-0.04820936740443049,中性,7736.TW,虎山,0,v1,phase6a,2026-07-12,0,0,0,0,0,0,v1,749,0.09223300970873786,749,0.09223300970873786,751,0.08980582524271845,^TWII,yfinance,2y,2026-09-11,scan_20260914_165629,False,False
True,0,0.0750001271565755,0.26666641235351557,True,False,觀望 (動能減弱),33.650001525878906,2026-09-11 00:00:00,34.2475004196167,0.11250009536743022,False,False,0.8608168525714341,False,0.0007285939087698872,44.71864026238324,0.0007379320148845189,0.000715528388345384,-0.1330272864587978,-0.08172462961600901,2.4100459148161946,-0.1330272864587978,False,True,True,False,False,False,0.5938503467541667,False,-0.12710759554233564,中性,6969.TW,成信實業*-創,0,v1,phase6a,2026-07-12,0,0,1,0,0,0,v1,740,0.10315533980582524,740,0.10315533980582524,742,0.10072815533980582,^TWII,yfinance,2y,2026-09-11,scan_20260914_165629,False,False
True,1,-0.4416656494140625,-0.6141274770100911,True,False,觀察 (跌勢收斂),40.5,2026-09-11 00:00:00,41.34552421569824,-0.01540699005126811,False,False,0.5054175608695477,False,0.0008769109054122014,49.99904817212824,0.000897543827816017,0.0009596659635914614,-0.24139698063490034,-1.8709286970133632,-6.228139733183047,-0.24139698063490034,False,False,False,False,False,False,0.02525205594159813,False,-0.38154907486036727,中性,5489.TWO,彩富,1,v1,phase6a,2026-07-12,0,1,1,1,1,1,v1,248,0.7002427184466019,248,0.7002427184466019,253,0.6941747572815534,^TWII,yfinance,2y,2026-09-11,scan_20260914_165629,False,False
True,0,309.1666666666667,380.0,True,False,觀望 (動能減弱),5765.0,2026-09-11 00:00:00,5605.75,45.5,False,True,0.4972523357044518,False,0.12482447826423064,206.0535689472767,0.11815534049953712,0.10389267906423705,0.5976965706009141,2.0656752558393165,30.9485245902968,0.5976965706009141,True,True,True,False,False,False,0.9184146398320667,False,-0.037562604340567574,偏強 (RS上升),3653.TW,健策,0,v1,phase6a,2026-07-12,1,1,2,1,0,1,v1,537,0.34951456310679613,537,0.34951456310679613,305,0.6310679611650486,^TWII,yfinance,2y,2026-09-11,scan_20260914_165629,False,False
True,0,-0.1916666030883789,-0.20833333333333331,True,False,觀察 (跌勢收斂),16.950000762939453,2026-09-11 00:00:00,17.085000133514406,-0.04749994277953817,False,False,0.6122866113627788,False,0.0003670034695251047,25.660976633834384,0.0003729539962551918,0.00041524184140832176,-0.1676670642396183,-2.1626181568376923,-9.137773629692115,-0.1676670642396183,False,False,False,False,False,False,0.09705578484233042,False,-0.24666663275824652,中性,5272.TWO,笙科,1,v1,phase6a,2026-07-12,0,1,1,1,1,1,v1,242,0.7075242718446602,242,0.7075242718446602,247,0.7014563106796117,^TWII,yfinance,2y,2026-09-11,scan_20260914_165629,False,False
True,1,-0.049999872843424484,-0.0666666030883789,True,False,觀察 (跌勢收斂),12.0,2026-09-11 00:00:00,12.175000047683715,-0.012500000000001066,True,False,0.4412615928505239,False,0.00025982545345546706,30.522617461841666,0.0002643857702128712,0.00027877359328778057,-0.1812364361273855,-1.3500265594317828,-5.064630362359157,-0.1812364361273855,False,False,False,False,False,False,0.06554226324751879,False,-0.11764708357286224,中性,3521.TWO,台鋼建設,1,v1,phase6a,2026-07-12,0,1,1,1,1,1,v1,225,0.7281553398058253,225,0.7281553398058253,231,0.720873786407767,^TWII,yfinance,2y,2026-09-11,scan_20260914_165629,False,False
True,1,0.5352071126302081,1.3399658203124998,True,False,觀望 (動能減弱),704.0,2026-09-11 00:00:00,698.4628967285156,0.38628234863278976,False,True,0.7845617225907542,False,0.015243093269387402,77.34700841071728,0.015235364394767038,0.015449343916409666,0.0053402673872327,-1.2691198186011943,-5.780736032695765,0.0053402673872327,True,False,False,False,False,True,0.15726899004626727,False,-0.1900000007022511,中性,2379.TW,瑞昱,1,v1,phase6a,2026-07-12,0,1,3,1,1,1,v1,188,0.7730582524271845,188,0.7730582524271845,197,0.7621359223300971,^TWII,yfinance,2y,2026-09-11,scan_20260914_165629,True,False
True,0,1.75,4.083333333333333,True,False,觀望 (動能減弱),194.5,2026-09-11 00:00:00,201.675,-0.549999999999983,True,False,0.6003358191372637,False,0.004211337558090696,30.394776887530075,0.004420022725747478,0.004979432612861228,-0.49452749337928203,-2.6124362472819573,-10.015681045497548,-0.49452749337928203,False,False,False,False,False,False,0.017851212046958446,False,-0.33161512027491413,中性,6679.TWO,鈺太,0,v1,phase6a,2026-07-12,0,0,0,0,0,0,v1,702,0.14927184466019416,702,0.14927184466019416,704,0.14684466019417475,^TWII,yfinance,2y,2026-09-11,scan_20260914_165629,False,False
True,0,0.6916666030883788,0.8833332061767577,True,False,觀望 (動能減弱),14.550000190734863,2026-09-11 00:00:00,14.397499990463256,0.0400000095367421,False,True,0.3171189186617955,False,0.0003150383664445682,26.70170450712238,0.0003142932755712712,0.00033153760373449357,0.024960825212927418,-0.5152110622696937,-1.49081925835578,0.024960825212927418,True,False,False,False,False,False,0.28576272721793133,False,-0.09182475781844335,中性,5546.TW,永固-KY,0,v1,phase6a,2026-07-12,0,0,2,0,0,0,v1,634,0.23179611650485438,634,0.23179611650485438,637,0.22815533980582525,^TWII,yfinance,2y,2026-09-11,scan_20260914_165629,False,False
True,0,0.5738271077473958,1.3777313232421875,True,False,觀望 (動能減弱),152.5,2026-09-11 00:00:00,154.59657516479493,-0.0338287353515625,False,False,0.888753145589909,False,0.003301948470996561,42.72241596703707,0.00335422036831349,0.003467532842812129,-0.16377259422231116,-1.1501171216317219,-2.971777256506236,-0.16377259422231116,False,False,False,False,False,False,0.0705889764016783,False,-0.03458617739115788,中性,2729.TWO,瓦城,0,v1,phase6a,2026-07-12,0,0,0,0,0,0,v1,452,0.4526699029126214,452,0.4526699029126214,461,0.441747572815534,^TWII,yfinance,2y,2026-09-11,scan_20260914_165629,False,False
True,0,-0.21666653951009113,-0.1333332061767578,True,False,賣出 (動能轉弱),10.0,2026-09-11 00:00:00,10.232500028610229,-0.012500000000001066,False,False,1.7896055239396145,True,0.00021652121121288923,34.65938414526963,0.00022255848705585418,0.0002388744940697316,-0.28473110810439684,-2.4288601261027276,-7.769877574151618,-0.28473110810439684,False,False,False,False,False,False,0.054422531452746094,False,-0.256505565664661,中性,2390.TW,云辰,0,v1,phase6a,2026-07-12,0,0,0,0,0,0,v1,417,0.49514563106796117,417,0.49514563106796117,428,0.4817961165048544,^TWII,yfinance,2y,2026-09-11,scan_20260914_165629,False,False
False,0,-0.20833349227905273,-0.17500003178914386,False,True,強烈賣出 (跌破),14.699999809265137,2026-09-11 00:00:00,15.162500047683716,-0.0400000095367421,False,False,1.6491787048722282,True,0.0003182861763531328,39.709425246247335,0.0003257018025239701,0.0003300757765805173,-0.23909167570917988,-1.308619377370035,-0.5825290752327406,-0.23909167570917988,False,False,False,False,False,False,0.08746873464596859,False,-0.06977215612165599,中性,4306.TW,炎洲,0,v1,phase6a,2026-07-12,0,0,0,0,0,0,v1,560,0.32160194174757284,560,0.32160194174757284,566,0.3143203883495146,^TWII,yfinance,2y,2026-09-11,scan_20260914_165629,False,False
True,0,0.7499999999999999,-1.4166666666666665,True,False,買入 (動能增強),104.5,2026-09-11 00:00:00,110.175,-0.3500000000000085,False,False,0.35841875568804327,False,0.0022626466571746924,153.14955278980548,0.002372533258559456,0.002400558540270395,-0.4851729946664052,-1.59435017789894,-4.041996132546166,-0.4851729946664052,False,False,False,False,False,False,0.10817441795582673,False,-0.44854881266490765,中性,6182.TWO,合晶,3,v1,phase6a,2026-07-12,0,3,3,3,3,3,v1,42,0.9502427184466019,42,0.9502427184466019,47,0.9441747572815534,^TWII,yfinance,2y,2026-09-11,scan_20260914_165629,True,False
True,1,-0.04166634877522787,-0.20833333333333334,True,False,觀察 (跌勢收斂),26.25,2026-09-11 00:00:00,26.5,-0.022500038146972656,False,False,0.3911614888475513,False,0.0005683681794338342,44.43958799673295,0.0005744055264091198,0.0005920635084878627,-0.11051562713916274,-1.0944445626007382,-3.9337978760399572,-0.11051562713916274,False,False,False,False,False,False,0.31471853871775757,False,-0.05405405405405406,中性,3597.TWO,映興,1,v1,phase6a,2026-07-12,0,1,1,1,1,1,v1,226,0.7269417475728155,226,0.7269417475728155,232,0.7196601941747572,^TWII,yfinance,2y,2026-09-11,scan_20260914_165629,False,False
True,1,-0.1666666666666667,-1.1666666666666667,True,False,觀察 (跌勢收斂),124.0,2026-09-11 00:00:00,124.575,-0.22499999999999432,True,False,0.7878370850273786,False,0.0026848630190398266,71.28888424128164,0.0027301639650751755,0.0028554779838238296,-0.1743560640057651,-1.8101601557925728,-10.059080488524675,-0.1743560640057651,False,False,False,False,False,True,0.13219689258709327,False,-0.19480519480519476,中性,3088.TWO,艾訊,1,v1,phase6a,2026-07-12,0,1,1,1,1,1,v1,215,0.7402912621359223,215,0.7402912621359223,221,0.7330097087378641,^TWII,yfinance,2y,2026-09-11,scan_20260914_165629,False,False
True,2,-0.18333307902018228,-0.0583327611287435,True,False,賣出 (動能轉弱),24.149999618530273,2026-09-11 00:00:00,24.60500011444092,-0.04250001907348633,False,False,1.3869572445555975,False,0.0005228987168194988,18.10678147629543,0.0005391836584605019,0.0006197104470178033,-0.3169183132377573,-2.250162579890125,-10.178773234875994,-0.3169183132377573,False,False,False,False,False,False,0.05055553848543573,False,-0.29385967602959184,中性,3466.TWO,德晉,0,v1,phase6a,2026-07-12,0,0,0,0,0,0,v1,514,0.3774271844660194,514,0.3774271844660194,522,0.36771844660194175,^TWII,yfinance,2y,2026-09-11,scan_20260914_165629,False,False
True,1,-0.09999990463256836,-0.11666647593180338,True,False,觀察 (跌勢收斂),13.149999618530273,2026-09-11 00:00:00,13.3,-0.03250002861022949,False,False,0.7246927932724171,False,0.00028472538448532064,6.3482371951828425,0.00028938901852858945,0.0003105637924991284,-0.16934903051235572,-1.698451841984372,-6.492647578253019,-0.16934903051235572,False,False,False,False,False,True,0.10000581392572389,False,-0.114478162913771,中性,6144.TWO,得利影,1,v1,phase6a,2026-07-12,0,1,1,1,1,1,v1,257,0.6893203883495146,257,0.6893203883495146,262,0.683252427184466,^TWII,yfinance,2y,2026-09-11,scan_20260914_165629,False,False
True,1,0.3749993642171223,0.4833329518636067,True,False,觀望 (動能減弱),47.29999923706055,2026-09-11 00:00:00,49.12250022888183,-0.22000007629394958,False,False,1.3718349731058526,False,0.0010241453125177087,84.8330321057602,0.0010784934262194857,0.0012172257473478617,-0.5276497623996845,-1.8647041346598114,-10.763284953524577,-0.5276497623996845,False,False,False,False,False,False,0.002411189212708382,False,-0.5118679206168204,中性,6127.TWO,九豪,0,v1,phase6a,2026-07-12,0,0,0,0,0,0,v1,645,0.21844660194174756,645,0.21844660194174756,648,0.21480582524271843,^TWII,yfinance,2y,2026-09-11,scan_20260914_165629,False,False
True,0,1.7499999999999996,1.9166666666666667,True,False,觀望 (動能減弱),106.0,2026-09-11 00:00:00,108.525,-0.14999999999999147,True,False,0.8454872120059184,False,0.002295124838856626,22.6240055532145,0.0023655565664849033,0.002602813648429477,-0.31242977006520345,-1.516198376265443,-6.312866830215247,-0.31242977006520345,False,False,False,False,False,False,0.008992890084382366,False,-0.2148148148148148,中性,6230.TW,尼得科超眾,0,v1,phase6a,2026-07-12,0,0,0,0,0,0,v1,662,0.19781553398058252,662,0.19781553398058252,665,0.1941747572815534,^TWII,yfinance,2y,2026-09-11,scan_20260914_165629,False,False
True,0,2.666667938232422,2.8833338419596353,True,False,觀望 (動能減弱),75.0999984741211,2026-09-11 00:00:00,74.25499954223633,0.13999977111816975,False,True,0.9481481481481482,False,0.0016260742631702832,48.14343007320854,0.0016237697111100458,0.0016864433876330619,0.014941815471192221,0.22098912942232207,-2.691128985703728,0.014941815471192221,True,False,False,False,False,True,0.4762052049037933,False,-0.07852762608440378,偏強 (RS上升),6934.TW,心誠鎂,2,v1,phase6a,2026-07-12,1,3,4,3,2,3,v1,146,0.8240291262135923,146,0.8240291262135923,66,0.9211165048543689,^TWII,yfinance,2y,2026-09-11,scan_20260914_165629,False,True
True,1,-0.09166653951009114,-0.11666647593180338,True,False,觀察 (跌勢收斂),28.899999618530273,2026-09-11 00:00:00,28.597499942779542,0.019999980926513672,False,True,4.2065391155173995,True,0.0006257462921456212,39.09043883590681,0.0006215568643651027,0.0006456178934886854,0.07100002074533762,-1.1562864809990914,-4.4242539621790815,0.07100002074533762,True,False,False,False,False,True,0.16305509120773978,False,-0.02857144139394041,中性,2608.TW,嘉里大榮,1,v1,phase6a,2026-07-12,0,1,3,1,1,1,v1,203,0.7548543689320388,203,0.7548543689320388,209,0.7475728155339806,^TWII,yfinance,2y,2026-09-11,scan_20260914_165629,False,False
True,0,-0.4500001271565755,-0.27500025431315106,True,False,賣出 (動能轉弱),24.100000381469727,2026-09-11 00:00:00,25.395000076293947,-0.1349999427795403,False,False,1.2631807345340893,False,0.0005218161272826918,38.584515944366764,0.0005539570995019288,0.0005970545551390623,-0.6070366472668898,-2.7452675428796036,-10.548153460525878,-0.6070366472668898,False,False,False,False,False,False,0.0,False,-0.30945560665379357,中性,2401.TW,凌陽,0,v1,phase6a,2026-07-12,0,0,0,0,0,0,v1,419,0.49271844660194175,419,0.49271844660194175,429,0.48058252427184467,^TWII,yfinance,2y,2026-09-11,scan_20260914_165629,False,False
True,0,-8.837127685546875,-5.426717122395833,True,False,賣出 (動能轉弱),709.0,2026-09-11 00:00:00,743.8731353759765,-3.2583770751953125,False,False,1.3680197797901414,False,0.015351353874993846,171.87400172469177,0.016149768735323193,0.01684036316500062,-0.5177075317399749,-1.6808511706782214,-7.229334278674216,-0.5177075317399749,False,False,False,False,False,False,0.0,False,-0.2347368579854826,中性,6139.TW,亞翔,0,v1,phase6a,2026-07-12,0,0,0,0,0,0,v1,648,0.21480582524271843,648,0.21480582524271843,651,0.2111650485436893,^TWII,yfinance,2y,2026-09-11,scan_20260914_165629,False,False
True,0,0.9749991099039712,1.1416664123535156,True,False,觀望 (動能減弱),50.5,2026-09-11 00:00:00,49.69249973297119,-0.010000038146969814,True,True,0.9243634101043622,False,0.0010934321166250907,36.604242247706786,0.0010787219848740865,0.0010735681589552335,0.14374980904665602,-0.717366789292484,-1.1835490646829427,0.14374980904665602,True,True,True,False,False,True,0.6988242964415745,False,-0.005905496881222105,偏強 (RS上升),4995.TWO,晶達,0,v1,phase6a,2026-07-12,1,1,1,1,0,1,v1,599,0.27427184466019416,599,0.27427184466019416,307,0.6286407766990292,^TWII,yfinance,2y,2026-09-11,scan_20260914_165629,False,False
True,1,-0.05000019073486328,0.049999554951985686,True,False,賣出 (動能轉弱),21.600000381469727,2026-09-11 00:00:00,21.770000076293947,0.019999980926513672,False,False,1.5136040544502918,True,0.00046768582447946947,42.20308968324377,0.0004708746487490235,0.00048486174861434993,-0.07123479734694182,-1.038038113994355,-1.6359872115425,-0.07123479734694182,False,False,False,False,False,False,0.16332593921751515,False,-0.015945347120928988,中性,2020.TW,美亞,0,v1,phase6a,2026-07-12,0,0,1,0,0,0,v1,386,0.5327669902912622,386,0.5327669902912622,397,0.5194174757281553,^TWII,yfinance,2y,2026-09-11,scan_20260914_165629,False,False
False,0,0.0,0.06666692097981769,False,True,賣出 (動能轉弱),57.900001525878906,2026-09-11 00:00:00,59.65999984741211,-0.1349998474121108,False,False,0.44931703810208484,False,0.0012536578459611436,46.83933288394538,0.0012908647840674601,0.0013217657747054974,-0.3024850443055005,-1.1968645555294088,-3.0311518432535434,-0.3024850443055005,False,False,False,False,False,False,0.1705751934140801,False,-0.0461284876749144,中性,1341.TW,富林-KY,0,v1,phase6a,2026-07-12,0,0,0,0,0,0,v1,313,0.6213592233009708,313,0.6213592233009708,327,0.6043689320388349,^TWII,yfinance,2y,2026-09-11,scan_20260914_165629,False,False
True,0,-0.30000050862630206,-0.28333282470703125,True,False,賣出 (動能轉弱),91.9000015258789,2026-09-11 00:00:00,92.17500114440918,-0.025000000000005684,False,False,3.4690181984694695,True,0.001989829964084967,45.660523489784346,0.0019959248520194724,0.0020330337856928897,-0.0321335240761611,-1.0511290210240332,-2.7601736124241105,-0.0321335240761611,False,False,False,False,False,True,0.3772976687744325,False,-0.01711228314568014,中性,7708.TWO,全家餐飲,0,v1,phase6a,2026-07-12,0,0,0,0,0,0,v1,745,0.0970873786407767,745,0.0970873786407767,747,0.09466019417475728,^TWII,yfinance,2y,2026-09-11,scan_20260914_165629,False,False
True,1,-0.8333333333333331,-1.2500000000000002,True,False,觀察 (跌勢收斂),120.0,2026-09-11 00:00:00,120.35119018554687,-0.1255950927734375,True,False,0.757051144905958,False,0.002598254534554671,108.5981716385921,0.0026246931871993988,0.0026753768619034585,-0.10591974398875825,-1.7360874705815488,-8.011786870132953,-0.10591974398875825,False,False,False,False,False,False,0.3245238139866261,False,-0.20177380891360297,中性,6574.TWO,霈方,2,v1,phase6a,2026-07-12,0,2,2,2,2,2,v1,134,0.8385922330097088,134,0.8385922330097088,141,0.8300970873786407,^TWII,yfinance,2y,2026-09-11,scan_20260914_165629,True,False
True,0,-1.2500000000000002,3.25,True,False,賣出 (動能轉弱),236.0,2026-09-11 00:00:00,249.525,-0.5,False,False,0.9262894884922728,False,0.005109900584624186,44.679516687008004,0.0054114580801170155,0.0057963472533181445,-0.5831659424631486,-2.107439677190015,-4.415046132724532,-0.5831659424631486,False,False,False,False,False,False,0.1508507726788434,False,-0.25723436102496644,中性,3587.TWO,閎康,0,v1,phase6a,2026-07-12,0,0,0,0,0,0,v1,533,0.35436893203883496,533,0.35436893203883496,540,0.345873786407767,^TWII,yfinance,2y,2026-09-11,scan_20260914_165629,False,False
True,0,-0.10833342870076497,-0.09166685740152994,True,False,賣出 (動能轉弱),13.350000381469727,2026-09-11 00:00:00,13.525,-0.009999990463256836,False,False,1.2271316507964856,False,0.00028905582522883587,38.34947608350299,0.0002932089526125118,0.00030659751120338163,-0.14887691950935533,-1.4443695141727275,-4.636793020350494,-0.14887691950935533,False,False,False,False,False,False,0.06569435674607597,False,-0.03956829152191743,中性,1109.TW,信大,0,v1,phase6a,2026-07-12,0,0,0,0,0,0,v1,299,0.6383495145631068,299,0.6383495145631068,313,0.6213592233009708,^TWII,yfinance,2y,2026-09-11,scan_20260914_165629,False,False
True,0,-1.6369031270345054,-1.6147130330403647,True,False,賣出 (動能轉弱),103.0,2026-09-11 00:00:00,105.56412467956542,-0.4410785675048885,False,False,0.7965424822345147,False,0.002230168475492759,43.736207289912656,0.0022801656416568923,0.0024043255715739177,-0.23027889926721112,-1.7554399857448333,-4.1673956395603895,-0.23027889926721112,False,False,False,False,False,False,0.07101921809291467,False,-0.12512305413111613,中性,5222.TW,全訊,0,v1,phase6a,2026-07-12,0,0,0,0,0,0,v1,605,0.2669902912621359,605,0.2669902912621359,608,0.2633495145631068,^TWII,yfinance,2y,2026-09-11,scan_20260914_165629,False,False
True,1,-0.40833314259847003,-0.3916667302449544,True,False,賣出 (動能轉弱),21.100000381469727,2026-09-11 00:00:00,21.625000190734863,-0.02500000000000213,False,False,1.1728043427269377,False,0.000456859763918825,30.4758265827915,0.00046714390524832855,0.0004890254943744986,-0.23120035205357325,-1.766979610088848,-4.22751095182422,-0.23120035205357325,False,False,False,False,False,False,0.08262053272088263,False,-0.06222220526801214,中性,1541.TW,錩泰,0,v1,phase6a,2026-07-12,0,0,0,0,0,0,v1,347,0.5800970873786407,347,0.5800970873786407,361,0.5631067961165048,^TWII,yfinance,2y,2026-09-11,scan_20260914_165629,False,False
True,2,0.11666679382324219,0.20833333333333334,True,False,觀望 (動能減弱),45.0,2026-09-11 00:00:00,44.62999973297119,0.022500038146972656,False,True,3.633533434177322,True,0.0009743454504580016,43.6402461640219,0.0009671609379051143,0.0010003706514070403,0.07825546585680243,-0.913278546510321,-1.9657279814892181,0.07825546585680243,True,False,False,False,False,True,0.22854242612066708,False,-0.10479416491606763,中性,3306.TWO,鼎天,0,v1,phase6a,2026-07-12,0,0,2,0,0,0,v1,505,0.3883495145631068,505,0.3883495145631068,514,0.3774271844660194,^TWII,yfinance,2y,2026-09-11,scan_20260914_165629,False,False
True,0,-0.22500006357828772,-0.1833333969116211,True,False,賣出 (動能轉弱),26.450000762939453,2026-09-11 00:00:00,27.572500228881836,-0.15749998092651296,False,False,1.4250129618243907,False,0.0005726986201773494,33.36936189735141,0.000607458765665215,0.0007060485139519267,-0.5987328649135204,-3.170821946752478,-14.64649659900511,-0.5987328649135204,False,False,False,False,False,False,0.002679348029514219,False,-0.513786764319174,中性,8121.TWO,越峰,0,v1,phase6a,2026-07-12,0,0,0,0,0,0,v1,774,0.061893203883495146,774,0.061893203883495146,776,0.05946601941747573,^TWII,yfinance,2y,2026-09-11,scan_20260914_165629,False,False
True,0,0.6601028442382811,0.15166982014973956,True,False,買入 (動能增強),106.5,2026-09-11 00:00:00,103.8901153564453,-0.2310314178466797,True,True,0.7185819084385563,False,0.0023059508994172704,73.42599605060083,0.0022928571986554403,0.0023781253536401233,0.06014824234596983,-0.9490653686018091,-11.064316447808775,0.06014824234596983,True,False,False,False,False,True,0.252304906652817,False,-0.15216877948757812,中性,3702.TW,大聯大,3,v1,phase6a,2026-07-12,0,3,4,3,3,3,v1,31,0.9635922330097088,31,0.9635922330097088,40,0.9526699029126213,^TWII,yfinance,2y,2026-09-11,scan_20260914_165629,True,False
True,0,-0.1333338419596354,-0.6833343505859375,True,False,觀察 (跌勢收斂),106.0,2026-09-11 00:00:00,100.48999938964843,0.8150001525878849,False,True,1.08773122555224,False,0.002295124838856626,148.36882440909858,0.0021740698794827807,0.0020353038258032873,0.5895741743715766,0.23616012770328876,2.3198883424329297,0.5895741743715766,True,True,True,False,False,True,0.6692297272042875,False,-0.1311475409836066,偏強 (RS上升),2466.TW,冠西電,1,v1,phase6a,2026-07-12,2,3,3,3,1,3,v1,195,0.7645631067961165,195,0.7645631067961165,69,0.9174757281553398,^TWII,yfinance,2y,2026-09-11,scan_20260914_165629,False,False
False,0,0.4833335876464843,0.2833336194356283,False,True,強烈買入 (爆發),12.199999809265137,2026-09-11 00:00:00,11.13250002861023,0.05999999046325577,False,True,4.948908569540094,True,0.0002641558735499105,38.6075388883655,0.0002442242001660218,0.0002596445048638233,0.8665198129268914,1.0278458182945593,-3.543510382656878,0.8665198129268914,True,True,False,False,False,True,0.6123199882676873,False,-0.0895522271213881,偏強 (RS上升),2444.TW,兆勁,3,v1,phase6a,2026-07-12,1,4,5,4,3,4,v1,23,0.9733009708737864,23,0.9733009708737864,18,0.9793689320388349,^TWII,yfinance,2y,2026-09-11,scan_20260914_165629,False,False
False,0,0.17499987284342447,0.2749999364217122,False,True,強烈買入 (爆發),20.299999237060547,2026-09-11 00:00:00,20.672500133514404,-0.035000038146971946,False,False,1.6121946402589185,True,0.0004395380422429077,52.54432501866713,0.00045038626743605566,0.0004725968699415914,-0.25290081042557144,-1.5274072952203177,-5.527408564492764,-0.25290081042557144,False,False,False,False,False,False,0.033957498522287514,False,-0.11546847223457313,中性,6020.TWO,大展證,3,v1,phase6a,2026-07-12,0,3,3,3,3,3,v1,39,0.9538834951456311,39,0.9538834951456311,45,0.9466019417475728,^TWII,yfinance,2y,2026-09-11,scan_20260914_165629,False,False
True,0,32.5,26.499999999999996,True,False,買入 (動能增強),618.0,2026-09-11 00:00:00,604.35,0.10000000000002274,False,True,1.2364832026047639,False,0.013381010852956555,198.82715637741896,0.013245179148477072,0.013306291799701407,0.10806592603638254,0.9165421567330245,-3.174124251114374,0.10806592603638254,True,True,False,False,False,False,0.3113572102080128,False,-0.14216130733807764,偏強 (RS上升),3711.TW,日月光投控,4,v1,phase6a,2026-07-12,0,4,6,4,4,4,v1,11,0.9878640776699029,11,0.9878640776699029,13,0.9854368932038835,^TWII,yfinance,2y,2026-09-11,scan_20260914_165629,False,True
True,1,0.2833340962727865,-0.333332061767578,True,False,買入 (動能增強),98.19999694824219,2026-09-11 00:00:00,98.61499977111816,-0.29000015258789347,True,False,0.6591197494014996,False,0.0021262382280335425,70.09437427914413,0.002137665419647533,0.002269126380143832,-0.056238258583896084,-1.4218763246141575,-4.451754473684211,-0.056238258583896084,False,False,False,False,False,True,0.2374559547505187,False,-0.1597946785196821,中性,6215.TW,和椿,2,v1,phase6a,2026-07-12,0,2,2,2,2,2,v1,127,0.8470873786407767,127,0.8470873786407767,135,0.837378640776699,^TWII,yfinance,2y,2026-09-11,scan_20260914_165629,False,False
True,0,-1.4583333333333333,-1.4500001271565754,True,False,賣出 (動能轉弱),22.149999618530273,2026-09-11 00:00:00,23.667500019073486,0.0024999618530259227,False,False,0.5582968135908098,False,0.00047959447457692096,64.13780352063492,0.0004924767108984496,0.00046452389260854,-0.27459193725258846,-0.8651688876468611,17.55837907994129,-0.27459193725258846,False,True,True,False,False,False,0.524570773271375,False,-0.14807693774883568,中性,6108.TW,競國,0,v1,phase6a,2026-07-12,0,0,1,0,0,0,v1,639,0.22572815533980584,639,0.22572815533980584,642,0.2220873786407767,^TWII,yfinance,2y,2026-09-11,scan_20260914_165629,False,False
True,0,398.3333333333333,443.33333333333326,True,False,觀望 (動能減弱),6120.0,2026-09-11 00:00:00,5833.5,32.75,False,True,0.7272521047802404,False,0.13251098126228822,282.4589787050884,0.12432353075475835,0.1129316382483771,0.6980601582480483,2.468716915942104,21.32977224362358,0.6980601582480483,True,True,True,False,False,True,0.9780410943514002,False,-0.016867469879518038,偏強 (RS上升),3443.TW,創意,0,v1,phase6a,2026-07-12,2,2,2,2,0,2,v1,513,0.3786407766990291,513,0.3786407766990291,171,0.7936893203883495,^TWII,yfinance,2y,2026-09-11,scan_20260914_165629,False,False
True,1,0.016666650772094727,0.10500001907348631,True,False,觀望 (動能減弱),5.889999866485596,2026-09-11 00:00:00,5.864999985694885,0.01349999904632515,False,True,0.4630447861947715,False,0.0001275309905135217,22.29249884130439,0.00012754955527062472,0.00013507300707580485,-0.0015320751330705207,-1.2493028636024084,-2.9100137534081916,-0.0015320751330705207,False,False,False,False,False,False,0.3713419512612101,False,-0.13126848315361805,中性,5355.TWO,佳總,0,v1,phase6a,2026-07-12,0,0,2,0,0,0,v1,617,0.2524271844660194,617,0.2524271844660194,620,0.2487864077669903,^TWII,yfinance,2y,2026-09-11,scan_20260914_165629,False,False
True,0,-0.016666889190673842,0.1833330790201823,True,False,賣出 (動能轉弱),13.399999618530273,2026-09-11 00:00:00,13.700000047683716,-0.007500028610229137,False,False,0.9272681007006119,False,0.00029013841476564284,41.86471699132405,0.00029523819768109455,0.0002975589906356508,-0.18149580712403246,-1.3989003587823512,0.8411658110410558,-0.18149580712403246,False,False,False,False,False,False,0.445238176629181,False,-0.061253264604191116,中性,1440.TW,南紡,0,v1,phase6a,2026-07-12,0,0,0,0,0,0,v1,322,0.6104368932038835,322,0.6104368932038835,336,0.5934466019417476,^TWII,yfinance,2y,2026-09-11,scan_20260914_165629,False,False
True,0,1.0666669209798176,1.2333335876464844,True,False,觀望 (動能減弱),62.099998474121094,2026-09-11 00:00:00,63.150000381469724,-0.125,False,False,1.01757579526375,False,0.0013445966885935272,34.59168317942496,0.0013801863672752205,0.0014650399629601546,-0.2706982864048135,-1.57810928448181,-6.4425110494618405,-0.2706982864048135,False,False,False,False,False,True,0.02841961714078173,False,-0.09738378314600282,中性,8272.TWO,全景軟體,0,v1,phase6a,2026-07-12,0,0,0,0,0,0,v1,783,0.050970873786407765,783,0.050970873786407765,785,0.04854368932038835,^TWII,yfinance,2y,2026-09-11,scan_20260914_165629,False,False
True,1,0.2583332061767578,0.2666667302449544,True,False,觀望 (動能減弱),17.049999237060547,2026-09-11 00:00:00,17.12750005722046,0.01249999999999929,False,False,0.5987361593003515,False,0.0003691686485987187,55.27081914726273,0.0003722343409120299,0.00039718069027923597,-0.08661880322666793,-1.043795780805834,-3.55528654927032,-0.08661880322666793,False,False,False,False,False,False,0.06327890576547107,False,-0.24481772148284242,中性,3002.TW,歐格,0,v1,phase6a,2026-07-12,0,0,1,0,0,0,v1,465,0.4368932038834951,465,0.4368932038834951,474,0.42597087378640774,^TWII,yfinance,2y,2026-09-11,scan_20260914_165629,False,False
True,0,3.416666666666665,12.416666666666666,True,False,觀望 (動能減弱),336.0,2026-09-11 00:00:00,350.575,-0.625,False,False,0.6207067729339463,False,0.007275112696753078,58.25998833434752,0.00762516247757042,0.007973092531210233,-0.480909659486084,-1.5883917747236964,-3.1375383091583053,-0.480909659486084,False,False,False,False,False,False,0.02004573720560694,False,-0.15332391202020268,中性,6664.TWO,群翊,0,v1,phase6a,2026-07-12,0,0,0,0,0,0,v1,701,0.15048543689320387,701,0.15048543689320387,703,0.14805825242718446,^TWII,yfinance,2y,2026-09-11,scan_20260914_165629,False,False
False,0,-0.47990640004475904,-0.10619227091471359,False,True,強烈賣出 (跌破),29.850000381469727,2026-09-11 00:00:00,30.951933002471925,-0.06973619461059499,True,False,0.5747943226484301,False,0.0006463158237301031,61.64344606918127,0.0006742076024179267,0.0007158349790774081,-0.4335825952582528,-2.813016295374682,-7.93920152708335,-0.4335825952582528,False,False,False,False,False,False,0.01794841371022481,False,-0.4453275375189032,中性,3114.TWO,好德,0,v1,phase6a,2026-07-12,0,0,0,0,0,0,v1,487,0.41019417475728154,487,0.41019417475728154,496,0.39927184466019416,^TWII,yfinance,2y,2026-09-11,scan_20260914_165629,False,False
True,0,-0.15000025431315106,-0.06666692097981772,True,False,賣出 (動能轉弱),18.899999618530273,2026-09-11 00:00:00,19.092500114440917,-0.00500001907348846,False,False,1.0228071835729846,False,0.0004092250809327319,42.82045501120218,0.0004140985592991629,0.0004262583445169477,-0.12372972101090118,-1.1714984590464939,-3.6786703027664847,-0.12372972101090118,False,False,False,False,False,False,0.1937072406385305,False,-0.043037993998467194,中性,2002.TW,中鋼,0,v1,phase6a,2026-07-12,0,0,0,0,0,0,v1,378,0.5424757281553398,378,0.5424757281553398,390,0.5279126213592233,^TWII,yfinance,2y,2026-09-11,scan_20260914_165629,False,False
True,0,-1.4166653951009112,-1.116663614908854,True,False,賣出 (動能轉弱),78.69999694824219,2026-09-11 00:00:00,80.21500015258789,0.019999694824221592,False,False,0.05786506017778993,False,0.0017040218661684085,43.53950987141404,0.0017319267793760682,0.00176674789262686,-0.16931350528023303,-1.7372694831842894,-3.606772651773893,-0.16931350528023303,False,False,False,False,False,False,0.21665022239529935,False,-0.16631360512565996,中性,6577.TWO,勁豐,0,v1,phase6a,2026-07-12,0,0,1,0,0,0,v1,692,0.16140776699029127,692,0.16140776699029127,695,0.15776699029126215,^TWII,yfinance,2y,2026-09-11,scan_20260914_165629,False,False
False,0,-0.2166668574015299,0.11666647593180339,False,True,強烈賣出 (跌破),24.200000762939453,2026-09-11 00:00:00,26.530000305175783,-0.11749992370605256,False,False,5.9706560179801755,True,0.0005239813476544494,22.33473662859769,0.0005799517657100654,0.000643027566304231,-1.005665177286652,-2.4414334168662566,-10.305393658424533,-1.005665177286652,False,False,False,False,False,False,0.0,False,-0.2710843311198514,中性,8087.TWO,麗升能源,0,v1,phase6a,2026-07-12,0,0,0,0,0,0,v1,772,0.06432038834951456,772,0.06432038834951456,774,0.061893203883495146,^TWII,yfinance,2y,2026-09-11,scan_20260914_165629,False,False
True,1,-0.4348564147949219,-0.26860109965006507,True,False,賣出 (動能轉弱),33.45000076293945,2026-09-11 00:00:00,35.20387477874756,-0.1843496322631779,False,False,1.5859213553405898,True,0.0007242634680263719,63.29454760523209,0.00076257356988145,0.0008338550365779261,-0.526038301862497,-1.9612392065223694,-6.250289304927692,-0.526038301862497,False,False,False,False,False,False,0.0,False,-0.33160916114509287,中性,6234.TWO,高僑,0,v1,phase6a,2026-07-12,0,0,0,0,0,0,v1,663,0.1966019417475728,663,0.1966019417475728,666,0.1929611650485437,^TWII,yfinance,2y,2026-09-11,scan_20260914_165629,False,False
True,0,1.7833334604899087,2.3833332061767574,True,False,觀望 (動能減弱),58.20000076293945,2026-09-11 00:00:00,59.07499980926514,0.014999961853028765,False,False,0.3713471191667182,False,0.001260153465778273,175.37869090758167,0.0012756313747884467,0.0013241951631068844,-0.12755842807895545,-0.2331062265071404,3.0973722951328275,-0.12755842807895545,False,False,False,False,False,False,0.35655221705219264,False,-0.2402088521894421,中性,1802.TW,台玻,0,v1,phase6a,2026-07-12,0,0,1,0,0,0,v1,370,0.5521844660194175,370,0.5521844660194175,383,0.5364077669902912,^TWII,yfinance,2y,2026-09-11,scan_20260914_165629,False,False
True,0,4.066666920979817,4.116666158040364,True,False,觀望 (動能減弱),89.9000015258789,2026-09-11 00:00:00,88.64000015258789,-0.17999992370606321,False,True,0.6572345978788549,False,0.0019465257218423892,45.76015103114816,0.00192961696904962,0.001912473876156505,0.0923246427158908,0.2657777156459984,0.0581747144072331,0.0923246427158908,True,True,True,False,False,True,0.6728278630099342,False,-0.05368419446443251,偏強 (RS上升),4590.TW,富田-創,0,v1,phase6a,2026-07-12,2,2,1,2,0,2,v1,576,0.30218446601941745,576,0.30218446601941745,173,0.7912621359223301,^TWII,yfinance,2y,2026-09-11,scan_20260914_165629,False,False
True,0,0.7499987284342449,0.9333330790201824,True,False,觀望 (動能減弱),83.69999694824219,2026-09-11 00:00:00,87.92000007629395,-0.41500015258789347,False,False,0.7548713286763669,False,0.001812282471774853,62.930930811364725,0.001906921669495551,0.0021357056773247886,-0.5196987622709259,-1.4538520106037067,-5.442824661571621,-0.5196987622709259,False,False,False,False,False,False,0.06073312859721202,False,-0.34863815604480786,中性,3535.TW,晶彩科,0,v1,phase6a,2026-07-12,0,0,0,0,0,0,v1,523,0.36650485436893204,523,0.36650485436893204,530,0.3580097087378641,^TWII,yfinance,2y,2026-09-11,scan_20260914_165629,False,False
True,0,21.333333333333332,14.583333333333332,True,False,買入 (動能增強),292.0,2026-09-11 00:00:00,282.425,1.1000000000000227,False,True,0.710459290098547,False,0.006322419367416366,207.60673077044572,0.006067591544122494,0.005709453898214679,0.4440492225670445,2.823978534677174,11.729359163458032,0.4440492225670445,True,True,True,False,False,True,0.8132039155537067,False,-0.07301587301587298,偏強 (RS上升),6672.TW,騰輝電子-KY,2,v1,phase6a,2026-07-12,2,4,4,4,2,4,v1,138,0.8337378640776699,138,0.8337378640776699,26,0.9696601941747572,^TWII,yfinance,2y,2026-09-11,scan_20260914_165629,False,False
True,0,-3.781026204427083,-5.9062652587890625,True,False,觀察 (跌勢收斂),233.5,2026-09-11 00:00:00,241.84942245483398,0.32951049804688637,False,False,1.1366153090958966,False,0.0050557702818209635,94.92930235725323,0.005072700525988583,0.004976274267034328,-0.03511946114488351,-1.6463211805590516,13.524875227743504,-0.03511946114488351,False,True,True,False,False,False,0.6944295145459474,False,-0.11886792452830186,中性,3455.TWO,由田,2,v1,phase6a,2026-07-12,0,2,3,2,2,2,v1,100,0.8798543689320388,100,0.8798543689320388,112,0.8652912621359223,^TWII,yfinance,2y,2026-09-11,scan_20260914_165629,True,False
True,0,141.66666666666666,151.66666666666663,True,False,觀望 (動能減弱),2325.0,2026-09-11 00:00:00,2429.0,-10.5,False,False,0.5884210298108565,False,0.05034118160699675,57.998251039352326,0.05352112629852102,0.05894550568181329,-0.621531318645141,-0.4589500114723921,-8.630463513374497,-0.621531318645141,False,False,False,False,False,False,0.00960663570275677,False,-0.39365133232500193,中性,3131.TWO,弘塑,0,v1,phase6a,2026-07-12,0,0,0,0,0,0,v1,489,0.4077669902912621,489,0.4077669902912621,498,0.39684466019417475,^TWII,yfinance,2y,2026-09-11,scan_20260914_165629,False,False
True,0,-2.1666666666666665,-2.833333333333333,True,False,觀察 (跌勢收斂),115.5,2026-09-11 00:00:00,116.025,-0.04999999999999716,False,False,0.6736948615508372,False,0.0025008199895088707,55.73103121943516,0.002497343022197964,0.0025242164712662714,0.014657586164590342,-1.5047469412945436,-2.166795860240678,0.014657586164590342,True,False,False,False,False,False,0.6092832724013999,False,-0.04938271604938271,中性,3005.TW,神基,2,v1,phase6a,2026-07-12,0,2,2,2,2,2,v1,92,0.8895631067961165,92,0.8895631067961165,107,0.8713592233009708,^TWII,yfinance,2y,2026-09-11,scan_20260914_165629,True,False
True,0,-8.166666666666666,-6.416666666666666,True,False,賣出 (動能轉弱),162.0,2026-09-11 00:00:00,178.95,-1.1500000000000057,True,False,0.3386381530409299,False,0.0035076436216488057,103.50044247890115,0.003886650956162403,0.004264003100966812,-1.0160457605987605,-4.332126841146488,-13.693400880599837,-1.0160457605987605,False,False,False,False,False,False,0.0,False,-0.5330638838704422,中性,8261.TW,富鼎,0,v1,phase6a,2026-07-12,0,0,0,0,0,0,v1,782,0.05218446601941747,782,0.05218446601941747,784,0.04975728155339806,^TWII,yfinance,2y,2026-09-11,scan_20260914_165629,False,False
True,0,3.417700449625651,4.319491068522135,True,False,觀望 (動能減弱),111.5,2026-09-11 00:00:00,114.15196990966797,-0.271995925903326,True,False,0.7793773675600868,False,0.002414211505023715,98.70939720200556,0.0024959753255322037,0.002591418318002525,-0.34363889059516595,-1.4284961572279653,-5.977603127848663,-0.34363889059516595,False,False,False,False,False,False,0.17148400277433223,False,-0.2109121922890106,中性,2441.TW,超豐,0,v1,phase6a,2026-07-12,0,0,0,0,0,0,v1,423,0.4878640776699029,423,0.4878640776699029,433,0.47572815533980584,^TWII,yfinance,2y,2026-09-11,scan_20260914_165629,False,False
True,0,-0.023284912109375007,0.07523028055826825,True,False,賣出 (動能轉弱),29.0,2026-09-11 00:00:00,29.101996231079102,-0.020302104949951882,True,False,0.7199519753196878,False,0.0006279115125173788,47.97553435146273,0.0006355925426225438,0.0006921834660334845,-0.12704715943940847,-1.9306591724267075,-7.665170306460656,-0.12704715943940847,False,False,False,False,False,False,0.07003817111114237,False,-0.26311940833793757,中性,6126.TWO,信音,0,v1,phase6a,2026-07-12,0,0,0,0,0,0,v1,644,0.2196601941747573,644,0.2196601941747573,647,0.21601941747572814,^TWII,yfinance,2y,2026-09-11,scan_20260914_165629,False,False
True,0,0.15000025431315095,0.625,True,False,觀望 (動能減弱),39.95000076293945,2026-09-11 00:00:00,40.58500022888184,-0.0274999618530245,False,False,0.4668305882048038,False,0.0008650022553147499,41.853786760562215,0.0008820019596896276,0.000929420806875302,-0.20247340732327812,-1.6150775052003685,-4.104010397026913,-0.20247340732327812,False,False,False,False,False,False,0.05736317947429976,False,-0.20734127870162244,中性,2498.TW,宏達電,0,v1,phase6a,2026-07-12,0,0,0,0,0,0,v1,435,0.4733009708737864,435,0.4733009708737864,445,0.46116504854368934,^TWII,yfinance,2y,2026-09-11,scan_20260914_165629,False,False
True,2,-0.008333524068196613,0.007253328959147133,True,False,賣出 (動能轉弱),28.799999237060547,2026-09-11 00:00:00,28.787932014465333,0.011960029602050781,False,True,0.10676133696064621,False,0.0006235810717738636,59.244531144594355,0.0006246053892418684,0.0006442180038764399,-0.017259582361117687,-0.9788368869759867,-3.278051704721585,-0.017259582361117687,False,False,False,False,False,True,0.18079344766620886,False,-0.021138287066845618,中性,4111.TWO,濟生,0,v1,phase6a,2026-07-12,0,0,2,0,0,0,v1,553,0.3300970873786408,553,0.3300970873786408,559,0.32281553398058255,^TWII,yfinance,2y,2026-09-11,scan_20260914_165629,False,False
True,0,-0.1416667302449544,0.02499961853027344,True,False,賣出 (動能轉弱),22.600000381469727,2026-09-11 00:00:00,22.855000019073486,0.040000057220460405,False,False,1.5833595349299734,True,0.0004893379456007583,30.681081776963275,0.0004929342978000586,0.0005006578262488402,-0.07673900665943201,-1.0962582437884727,0.055482804660655916,-0.07673900665943201,False,False,False,False,False,False,0.2810959029190017,False,-0.025862084557694898,中性,1532.TW,勤美,0,v1,phase6a,2026-07-12,0,0,1,0,0,0,v1,344,0.5837378640776699,344,0.5837378640776699,358,0.566747572815534,^TWII,yfinance,2y,2026-09-11,scan_20260914_165629,False,False
True,0,0.3827028274536133,0.3338467280069987,True,False,買入 (動能增強),19.64000129699707,2026-09-11 00:00:00,19.105030059814453,0.03419904708862376,False,True,0.9247938734317586,False,0.00042524768690485213,25.057383605232072,0.0004163691547667355,0.0004362686503636808,0.2249649866276071,-0.5258941297147546,-3.4849339376817445,0.2249649866276071,True,False,False,False,False,True,0.28550500056368694,False,-0.04739332941448782,中性,2530.TW,華建,2,v1,phase6a,2026-07-12,0,2,4,2,2,2,v1,83,0.9004854368932039,83,0.9004854368932039,98,0.8822815533980582,^TWII,yfinance,2y,2026-09-11,scan_20260914_165629,False,False
False,0,-4.25,-3.5,False,True,強烈賣出 (跌破),180.5,2026-09-11 00:00:00,188.4,-0.4000000000000057,False,False,2.1843589004575423,True,0.003908207862392651,49.020132328904566,0.004055475786188318,0.004070474472609213,-0.38079026614450395,-2.0666450738452746,-3.527321601627109,-0.38079026614450395,False,False,False,False,False,False,0.2936108303266375,False,-0.08607594936708862,中性,5288.TW,豐祥-KY,0,v1,phase6a,2026-07-12,0,0,0,0,0,0,v1,613,0.25728155339805825,613,0.25728155339805825,616,0.2536407766990291,^TWII,yfinance,2y,2026-09-11,scan_20260914_165629,False,False
True,0,-3.0,-4.333333333333333,True,False,觀察 (跌勢收斂),298.0,2026-09-11 00:00:00,297.0,-0.375,True,True,2.950724032617492,True,0.0064523320941440995,30.68793588855047,0.006440465956971277,0.00681971014085744,0.01939781020239284,-1.5035546362317742,-5.717070620090514,0.01939781020239284,True,False,False,False,False,False,0.2419281936840565,False,-0.12481644640234946,中性,4585.TW,達明,1,v1,phase6a,2026-07-12,0,1,2,1,1,1,v1,238,0.712378640776699,238,0.712378640776699,243,0.7063106796116505,^TWII,yfinance,2y,2026-09-11,scan_20260914_165629,False,False
True,1,0.00833352406819663,-1.0408340855860843e-17,True,False,買入 (動能增強),26.950000762939453,2026-09-11 00:00:00,27.279999923706054,-0.047499942779541726,True,False,0.8206901973115321,False,0.000583524680737994,50.3954995500974,0.0005933016900532836,0.0006450691014757203,-0.1731626209793835,-1.7854684308136082,-6.092291160021257,-0.1731626209793835,False,False,False,False,False,False,0.056516323220040146,False,-0.19672127046818222,中性,3297.TWO,杭特,2,v1,phase6a,2026-07-12,0,2,2,2,2,2,v1,98,0.8822815533980582,98,0.8822815533980582,110,0.8677184466019418,^TWII,yfinance,2y,2026-09-11,scan_20260914_165629,False,False
True,0,-0.09000015258789062,-0.00833352406819661,True,False,賣出 (動能轉弱),8.680000305175781,2026-09-11 00:00:00,8.92200002670288,-0.007999992370605113,True,False,1.3700533510522972,False,0.00018794041794049083,28.517453407649008,0.0001927070512794565,0.00020083289728691682,-0.25969359169129014,-0.7916640271722675,-1.1504914434398494,-0.25969359169129014,False,False,False,False,False,False,0.37646580330478674,False,-0.056521686398914306,中性,4157.TWO,太景*-KY,0,v1,phase6a,2026-07-12,0,0,0,0,0,0,v1,557,0.32524271844660196,557,0.32524271844660196,563,0.3179611650485437,^TWII,yfinance,2y,2026-09-11,scan_20260914_165629,False,False
True,0,-2.5083344777425127,-2.166667302449544,True,False,賣出 (動能轉弱),49.849998474121094,2026-09-11 00:00:00,52.76250019073486,0.06999988555907777,False,False,0.48156159542921806,False,0.0010793582048577379,105.30304358047363,0.001107435292845438,0.0010425283811777571,-0.266166021053893,-1.0310694072371285,11.605563200138658,-0.266166021053893,False,True,True,False,False,False,0.6389501293664935,False,-0.10502696963535263,中性,5515.TW,建國,0,v1,phase6a,2026-07-12,0,0,1,0,0,0,v1,626,0.24150485436893204,626,0.24150485436893204,629,0.23786407766990292,^TWII,yfinance,2y,2026-09-11,scan_20260914_165629,False,False
True,0,-0.16666666666666666,-0.03333330154418945,True,False,賣出 (動能轉弱),13.199999809265137,2026-09-11 00:00:00,13.472499895095826,-0.02499999999999858,False,False,0.8270130303447725,False,0.0002858079946711994,29.667115424589827,0.00029237082555809467,0.0003071311022330465,-0.23572661390838245,-2.0388897873451217,-4.866588361786494,-0.23572661390838245,False,False,False,False,False,False,0.06409756996626971,False,-0.2845528854513655,中性,1905.TW,華紙,0,v1,phase6a,2026-07-12,0,0,0,0,0,0,v1,376,0.5449029126213593,376,0.5449029126213593,388,0.5303398058252428,^TWII,yfinance,2y,2026-09-11,scan_20260914_165629,False,False
False,0,-0.6416667302449544,-0.5333333015441895,False,True,強烈賣出 (跌破),13.949999809265137,2026-09-11 00:00:00,14.580000019073486,-0.04250001907348633,False,False,1.0079014322220574,False,0.00030204708551216614,36.372898611544315,0.00031729415913262947,0.0003644340185347489,-0.5032798920483694,-2.7373293533753396,-10.550203125359381,-0.5032798920483694,False,False,False,False,False,False,0.0543811508683635,False,-0.3161764671508278,中性,1516.TW,川飛,0,v1,phase6a,2026-07-12,0,0,0,0,0,0,v1,341,0.587378640776699,341,0.587378640776699,355,0.5703883495145631,^TWII,yfinance,2y,2026-09-11,scan_20260914_165629,False,False
True,0,120.0,-14.166666666666664,True,False,買入 (動能增強),5620.0,2026-09-11 00:00:00,5396.75,-41.0,True,True,0.5919727530083219,False,0.12168492070164375,343.30022644038115,0.11983218510070778,0.12616774718923757,0.16301356502317343,0.11478104158311186,-12.685214606227424,0.16301356502317343,True,False,False,False,False,True,0.2696414933587075,False,-0.2358801009137299,偏強 (RS上升),6223.TWO,旺矽,2,v1,phase6a,2026-07-12,1,3,3,3,2,3,v1,128,0.845873786407767,128,0.845873786407767,64,0.9235436893203883,^TWII,yfinance,2y,2026-09-11,scan_20260914_165629,False,False
True,1,-0.10000022252400714,-0.10000022252400716,True,False,觀察 (跌勢收斂),10.649999618530273,2026-09-11 00:00:00,10.879999923706055,-0.02750000953674281,False,False,1.0983060556190152,False,0.0002305950816820983,39.363444728873525,0.00023691545590966997,0.0002545117252030569,-0.2800321686753482,-2.218377383740533,-8.090548437758061,-0.2800321686753482,False,False,False,False,False,False,0.06154420030864995,False,-0.250000016790041,中性,6109.TWO,亞元,1,v1,phase6a,2026-07-12,0,1,1,1,1,1,v1,254,0.6929611650485437,254,0.6929611650485437,259,0.6868932038834952,^TWII,yfinance,2y,2026-09-11,scan_20260914_165629,False,False
False,0,-0.4609483083089193,-0.9514261881510416,False,True,強烈賣出 (跌破),35.79999923706055,2026-09-11 00:00:00,33.717571067810056,0.0729280471801701,False,True,10.595073770936121,True,0.0007751459196228861,76.44408826136458,0.0007301322659521872,0.0007668571151030823,0.6532008013805379,-1.4333891077572214,-4.054962890534208,0.6532008013805379,True,True,False,False,False,True,0.6815644907670823,False,-0.04899626205746643,偏強 (RS上升),2468.TW,華經,0,v1,phase6a,2026-07-12,0,0,2,0,0,0,v1,428,0.4817961165048544,428,0.4817961165048544,438,0.4696601941747573,^TWII,yfinance,2y,2026-09-11,scan_20260914_165629,False,False
True,0,-3.6666666666666665,-2.4999999999999996,True,False,賣出 (動能轉弱),219.5,2026-09-11 00:00:00,223.65,-0.5749999999999886,True,False,0.7666306848692009,False,0.004752640586122919,34.695836706774756,0.004883546408814023,0.0052415337651230045,-0.28136906487796765,-2.3367487572051315,-9.426172075880801,-0.28136906487796765,False,False,False,False,False,False,0.08333432270201242,False,-0.20326678765880213,中性,3592.TW,瑞鼎,0,v1,phase6a,2026-07-12,0,0,0,0,0,0,v1,535,0.35194174757281554,535,0.35194174757281554,542,0.3434466019417476,^TWII,yfinance,2y,2026-09-11,scan_20260914_165629,False,False
True,0,-0.14999993642171222,-0.03333314259847005,True,False,賣出 (動能轉弱),16.25,2026-09-11 00:00:00,16.590000057220458,-0.01750001907348775,False,False,1.3930596042011514,False,0.000351846968220945,29.675314027786097,0.0003595316533962434,0.0003741030930189008,-0.22448602840080545,-1.6784300147650533,-4.001147214859224,-0.22448602840080545,False,False,False,False,False,False,0.049630008427992006,False,-0.06876794902427918,中性,4972.TWO,湯石照明,0,v1,phase6a,2026-07-12,0,0,0,0,0,0,v1,596,0.2779126213592233,596,0.2779126213592233,600,0.27305825242718446,^TWII,yfinance,2y,2026-09-11,scan_20260914_165629,False,False
True,1,0.10000038146972656,0.241667111714681,True,False,觀望 (動能減弱),17.350000381469727,2026-09-11 00:00:00,17.57750005722046,-0.007499980926514382,False,False,0.5146687213647172,False,0.00037566430971399154,37.267625221186265,0.00038201398501794606,0.0003976919208416067,-0.1746583911863664,-1.3902420019441974,-3.860097829080622,-0.1746583911863664,False,False,False,False,False,False,0.09090649209602303,False,-0.08443273440911148,中性,4538.TWO,大詠城,0,v1,phase6a,2026-07-12,0,0,0,0,0,0,v1,570,0.3094660194174757,570,0.3094660194174757,575,0.30339805825242716,^TWII,yfinance,2y,2026-09-11,scan_20260914_165629,False,False
False,0,-0.28999996185302734,-0.23999993006388345,False,True,強烈賣出 (跌破),6.489999771118164,2026-09-11 00:00:00,6.824000000953674,-0.020000004768371937,False,False,0.9863573444672367,False,0.00014052226112138788,34.30639914743888,0.00014803357571566717,0.00015417872293290076,-0.5312741338087568,-2.718336454061876,-8.357859306789983,-0.5312741338087568,False,False,False,False,False,False,0.16496108789029837,False,-0.3503503583772606,中性,1447.TW,力鵬,0,v1,phase6a,2026-07-12,0,0,0,0,0,0,v1,326,0.6055825242718447,326,0.6055825242718447,340,0.5885922330097088,^TWII,yfinance,2y,2026-09-11,scan_20260914_165629,False,False
True,1,0.05693864822387696,0.07314078013102214,True,False,觀望 (動能減弱),12.199999809265137,2026-09-11 00:00:00,12.170906734466552,0.002430248260496981,False,True,0.765425966878173,False,0.0002641558735499105,41.577148613540004,0.00026451277562035744,0.0002730445341604439,-0.01420094126114435,-1.0011847681873909,-3.7633316048799603,-0.01420094126114435,False,False,False,False,False,True,0.1789556226032808,False,-0.02713182067553832,中性,2706.TW,第一店,2,v1,phase6a,2026-07-12,0,2,4,2,2,2,v1,86,0.8968446601941747,86,0.8968446601941747,101,0.8786407766990292,^TWII,yfinance,2y,2026-09-11,scan_20260914_165629,False,True
True,0,-0.0999997456868491,1.5999997456868489,True,False,賣出 (動能轉弱),86.0999984741211,2026-09-11 00:00:00,91.39000015258789,0.02999992370605753,False,False,0.3066948385633628,False,0.0018642475955044614,69.26846285069566,0.001962935274209175,0.00202969227577924,-0.5264305099573319,-1.9689545829719046,0.33484422693850213,-0.5264305099573319,False,False,False,False,False,False,0.13574293606806606,False,-0.3875166888460979,中性,5425.TWO,台半,0,v1,phase6a,2026-07-12,0,0,1,0,0,0,v1,620,0.2487864077669903,620,0.2487864077669903,623,0.24514563106796117,^TWII,yfinance,2y,2026-09-11,scan_20260914_165629,False,False
True,0,0.13333384195963538,0.650000254313151,True,False,觀望 (動能減弱),55.20000076293945,2026-09-11 00:00:00,57.76000003814697,-0.2600000381469769,True,False,0.6661162928979316,False,0.001195197102414406,55.806544071985144,0.001253546554587091,0.0013054473025213176,-0.48758459721512937,-2.1308080936469076,-6.0332465256198065,-0.48758459721512937,False,False,False,False,False,False,0.1688885757614432,False,-0.2429487371988439,中性,6202.TW,盛群,0,v1,phase6a,2026-07-12,0,0,0,0,0,0,v1,657,0.20388349514563106,657,0.20388349514563106,660,0.20024271844660194,^TWII,yfinance,2y,2026-09-11,scan_20260914_165629,False,False
True,1,0.6595929463704426,0.8579495747884114,True,False,觀望 (動能減弱),90.69999694824219,2026-09-11 00:00:00,91.19614715576172,-0.1431499481201115,False,False,1.4868230308887485,False,0.0019638473196238754,64.71291090378887,0.0019877273332312047,0.0020531394043793675,-0.1263005645566806,-0.9731993743215317,-4.958194108830982,-0.1263005645566806,False,False,False,False,False,True,0.1644289675497854,False,-0.037720263537159515,中性,6534.TW,正瀚-創,0,v1,phase6a,2026-07-12,0,0,0,0,0,0,v1,687,0.16747572815533981,687,0.16747572815533981,690,0.1638349514563107,^TWII,yfinance,2y,2026-09-11,scan_20260914_165629,False,False
False,0,18.3756103515625,19.677998860677086,False,True,強烈買入 (爆發),259.5,2026-09-11 00:00:00,257.51061096191404,0.1800315856933139,False,True,0.6285669445042097,False,0.0056187254309744755,110.69348615170298,0.005639513051002952,0.005948869765014683,-0.0387856506998574,0.6630521954623658,0.47496472653039135,-0.0387856506998574,False,False,False,False,False,True,0.25834972422334035,False,-0.3071403533387861,中性,4760.TWO,勤凱,3,v1,phase6a,2026-07-12,1,4,5,4,3,4,v1,34,0.9599514563106796,34,0.9599514563106796,20,0.9769417475728155,^TWII,yfinance,2y,2026-09-11,scan_20260914_165629,False,False
True,0,-0.15833346048990887,-6.357828776365482e-07,True,False,賣出 (動能轉弱),33.900001525878906,2026-09-11 00:00:00,34.10250053405762,0.007500076293943891,False,False,0.0,False,0.0007340069390502094,32.753541806667805,0.0007404110912410703,0.0007678244538778349,-0.09096407158798447,-1.4750784278820483,-4.166168091284838,-0.09096407158798447,False,False,False,False,False,False,0.1551476515544498,False,-0.10079573369123351,中性,6615.TWO,慧智,0,v1,phase6a,2026-07-12,0,0,1,0,0,0,v1,697,0.1553398058252427,697,0.1553398058252427,699,0.1529126213592233,^TWII,yfinance,2y,2026-09-11,scan_20260914_165629,False,False
True,0,-0.3333333333333333,-0.25,True,False,賣出 (動能轉弱),113.5,2026-09-11 00:00:00,114.475,-0.10000000000000853,True,False,0.8424434594888922,False,0.0024575157472662926,52.97120486804961,0.0024838180346961444,0.002553778266092859,-0.11134386903073334,-1.4877127325259587,-4.364165017593957,-0.11134386903073334,False,False,False,False,False,False,0.2478592801875234,False,-0.04219409282700426,中性,9942.TW,茂順,0,v1,phase6a,2026-07-12,0,0,0,0,0,0,v1,821,0.0048543689320388345,821,0.0048543689320388345,821,0.0048543689320388345,^TWII,yfinance,2y,2026-09-11,scan_20260914_165629,False,False
True,1,0.04166666666666668,0.1333332061767578,True,False,觀望 (動能減弱),17.850000381469727,2026-09-11 00:00:00,17.97750015258789,-0.019999980926513672,False,False,0.8394541733785628,False,0.000386490370274636,46.020955664136046,0.0003913272077977966,0.000421006101680041,-0.1299371009719108,-1.4457652745486382,-5.076819833492374,-0.1299371009719108,False,False,False,False,False,False,0.05141813691623866,False,-0.266940447563462,中性,8935.TWO,邦泰,0,v1,phase6a,2026-07-12,0,0,0,0,0,0,v1,802,0.027912621359223302,802,0.027912621359223302,802,0.027912621359223302,^TWII,yfinance,2y,2026-09-11,scan_20260914_165629,False,False
True,1,1.25,-0.4166666666666665,True,False,買入 (動能增強),148.0,2026-09-11 00:00:00,148.475,-0.30000000000001137,True,False,0.6342340329400209,False,0.003204513925950761,51.500284011912434,0.003262712592115412,0.003420808242596705,-0.1874113659767862,-1.727964851017183,-10.986675922723588,-0.1874113659767862,False,False,False,False,False,True,0.09449581563137567,False,-0.19346049046321523,中性,6579.TW,研揚,2,v1,phase6a,2026-07-12,0,2,2,2,2,2,v1,136,0.8361650485436893,136,0.8361650485436893,143,0.8276699029126213,^TWII,yfinance,2y,2026-09-11,scan_20260914_165629,False,False
True,0,-0.03166675567626953,-0.10000006357828775,True,False,觀察 (跌勢收斂),8.399999618530273,2026-09-11 00:00:00,8.379000043869018,-0.014000034332275035,False,True,0.3325407778128793,False,0.00018187780915919824,32.57413734993979,0.00018294976594153035,0.00019709785924399862,-0.06163878032928727,-1.1378425751723653,-8.087549252754844,-0.06163878032928727,False,False,False,False,False,True,0.144481689749655,False,-0.09677425309100707,中性,6616.TWO,特昇-KY,1,v1,phase6a,2026-07-12,0,1,2,1,1,1,v1,274,0.6686893203883495,274,0.6686893203883495,278,0.6638349514563107,^TWII,yfinance,2y,2026-09-11,scan_20260914_165629,False,False
True,0,-0.39999961853027344,-0.04999923706054686,True,False,賣出 (動能轉弱),62.599998474121094,2026-09-11 00:00:00,63.264999580383304,0.025000000000005684,False,False,0.8549978981301671,False,0.0013554227491541716,44.93633854572533,0.001376228120737684,0.0014458135120628522,-0.15888060516333624,-1.4354256779205543,-5.480112538834359,-0.15888060516333624,False,False,False,False,False,False,0.0850766473340776,False,-0.09798275075285301,中性,5522.TW,遠雄,0,v1,phase6a,2026-07-12,0,0,1,0,0,0,v1,628,0.23907766990291263,628,0.23907766990291263,631,0.2354368932038835,^TWII,yfinance,2y,2026-09-11,scan_20260914_165629,False,False
True,0,5.499999999999999,4.583333333333333,True,False,買入 (動能增強),208.5,2026-09-11 00:00:00,216.8,-0.7249999999999943,False,False,1.7090585733616857,True,0.00451446725378874,20.12279005326368,0.004740281979039215,0.005203686267256678,-0.49894441387037247,-0.7430370095868333,-6.8264752462808165,-0.49894441387037247,False,False,False,False,False,False,0.0,False,-0.31313182494599756,中性,6231.TWO,系微,2,v1,phase6a,2026-07-12,0,2,2,2,2,2,v1,130,0.8434466019417476,130,0.8434466019417476,137,0.8349514563106796,^TWII,yfinance,2y,2026-09-11,scan_20260914_165629,False,False
True,1,0.833333333333333,1.0833333333333333,True,False,觀望 (動能減弱),119.0,2026-09-11 00:00:00,123.45,-0.8999999999999915,False,False,0.5461834335842194,False,0.002576602413433382,213.65832352169912,0.0026863585396936277,0.002886270483265123,-0.42823032166291464,-1.323326975818273,-6.474750762676718,-0.42823032166291464,False,False,False,False,False,False,0.17506372165992573,False,-0.3584905660377359,中性,2337.TW,旺宏,0,v1,phase6a,2026-07-12,0,0,0,0,0,0,v1,404,0.5109223300970874,404,0.5109223300970874,415,0.4975728155339806,^TWII,yfinance,2y,2026-09-11,scan_20260914_165629,False,False
True,0,-0.0832570393880208,0.1565322875976563,True,False,賣出 (動能轉弱),135.0,2026-09-11 00:00:00,135.6664695739746,-0.050589752197254256,True,False,0.5634188254327258,False,0.0029230363513740045,43.50214975994056,0.0029281525878049226,0.002992502922863347,-0.018388801607704952,-0.9207714796423017,-0.4243609538131299,-0.018388801607704952,False,False,False,False,False,False,0.4317666946756497,False,-0.018181818181818188,中性,5287.TWO,數字,0,v1,phase6a,2026-07-12,0,0,0,0,0,0,v1,612,0.25849514563106796,612,0.25849514563106796,615,0.25485436893203883,^TWII,yfinance,2y,2026-09-11,scan_20260914_165629,False,False
True,0,0.6333338419596354,0.8250004450480143,True,False,觀望 (動能減弱),28.200000762939453,2026-09-11 00:00:00,28.45749988555908,-0.02500000000000213,False,False,0.8124897334857046,False,0.0006105898321396051,45.95888456937315,0.0006163505083819663,0.0006493582001500073,-0.09828676483650822,-0.8847147329252625,-0.1922825036208331,-0.09828676483650822,False,False,False,False,False,False,0.2025571494858241,False,-0.22040897292123607,中性,6134.TWO,萬旭,0,v1,phase6a,2026-07-12,0,0,0,0,0,0,v1,646,0.21723300970873785,646,0.21723300970873785,649,0.21359223300970873,^TWII,yfinance,2y,2026-09-11,scan_20260914_165629,False,False
False,0,1.2250003814697263,0.7750002543131509,False,True,強烈買入 (爆發),31.0,2026-09-11 00:00:00,28.155000114440917,0.12250003814697052,False,True,9.990997743060229,True,0.0006712157547599566,56.454820835998724,0.000617584827628798,0.0006582897547575953,0.922535815421166,0.05163634983875731,-4.109255641346943,0.922535815421166,True,True,False,False,False,True,0.5554199984178911,False,-0.08823529411764708,偏強 (RS上升),6148.TWO,驊宏資,3,v1,phase6a,2026-07-12,1,4,5,4,3,4,v1,41,0.9514563106796117,41,0.9514563106796117,22,0.9745145631067961,^TWII,yfinance,2y,2026-09-11,scan_20260914_165629,False,False
True,0,-0.47723070780436194,-0.378512700398763,True,False,賣出 (動能轉弱),37.25,2026-09-11 00:00:00,38.25435447692871,-0.12458629608154581,False,False,0.7083082966849893,False,0.0008065415117680124,52.51874800188739,0.0008310118696189868,0.0008923202733561156,-0.3090049375987558,-2.1017721842632953,-7.145041551149367,-0.3090049375987558,False,False,False,False,False,False,0.04004090637350817,False,-0.23972323516010963,中性,3059.TW,華晶科,0,v1,phase6a,2026-07-12,0,0,0,0,0,0,v1,481,0.4174757281553398,481,0.4174757281553398,490,0.4065533980582524,^TWII,yfinance,2y,2026-09-11,scan_20260914_165629,False,False
True,0,0.10833342870076498,0.16666666666666666,True,False,觀望 (動能減弱),12.350000381469727,2026-09-11 00:00:00,12.347500085830688,0.0,False,True,0.779989830523728,False,0.00026740370410754694,23.294434178695177,0.00026696153815862424,0.00027466439197082514,0.017437680564236224,-0.8631330830420558,-0.3224644301202728,0.017437680564236224,True,False,False,False,False,False,0.4951684434418824,False,-0.06439389697557363,中性,8107.TWO,大億金茂,3,v1,phase6a,2026-07-12,0,3,4,3,3,3,v1,52,0.9381067961165048,52,0.9381067961165048,55,0.9344660194174758,^TWII,yfinance,2y,2026-09-11,scan_20260914_165629,True,True
False,0,-4.0666656494140625,-4.683332443237304,False,True,強烈賣出 (跌破),63.79999923706055,2026-09-11 00:00:00,67.58500099182129,-0.3399999618530245,False,False,0.42279606712802875,False,0.0013814053110189758,66.60837770763328,0.001428492140038885,0.0013903794256986712,-0.3457750874833909,-2.0107124023119427,1.4958733177533823,-0.3457750874833909,False,False,True,False,False,False,0.5961719630909752,False,-0.12960441226706665,中性,2634.TW,漢翔,0,v1,phase6a,2026-07-12,0,0,0,0,0,0,v1,446,0.45995145631067963,446,0.45995145631067963,455,0.44902912621359226,^TWII,yfinance,2y,2026-09-11,scan_20260914_165629,False,False
True,0,0.14166704813639322,0.2083339691162109,True,False,觀望 (動能減弱),19.799999237060547,2026-09-11 00:00:00,19.712499809265136,-0.007500076293947444,False,True,0.30376552466753803,False,0.0004287119816822632,31.76629214456137,0.000430581418758672,0.0004507361928436903,-0.045680781760404354,-1.0800262747723277,-6.026208555849621,-0.045680781760404354,False,False,False,False,False,True,0.12368429637367762,False,-0.050359766196568456,中性,3703.TW,欣陸,0,v1,phase6a,2026-07-12,0,0,1,0,0,0,v1,545,0.33980582524271846,545,0.33980582524271846,551,0.3325242718446602,^TWII,yfinance,2y,2026-09-11,scan_20260914_165629,False,False
True,1,-0.28333314259847003,-0.2833334604899088,True,False,觀察 (跌勢收斂),19.700000762939453,2026-09-11 00:00:00,19.824999809265137,-0.019999980926513672,True,False,2.5037428873570238,True,0.0004265468026086492,37.47603044284898,0.0004308641919568177,0.0004537087548373774,-0.10536572727415372,-1.8646508376727544,-6.554580990298708,-0.10536572727415372,False,False,False,False,False,False,0.14331173271886,False,-0.07684988228320444,中性,5220.TWO,萬達光電,1,v1,phase6a,2026-07-12,0,1,1,1,1,1,v1,241,0.7087378640776699,241,0.7087378640776699,246,0.7026699029126213,^TWII,yfinance,2y,2026-09-11,scan_20260914_165629,False,False
True,1,-0.11666631698608398,-0.04166650772094726,True,False,賣出 (動能轉弱),15.75,2026-09-11 00:00:00,15.902499914169312,-0.01249999999999929,True,False,0.7743553124450171,False,0.00034102090766030053,25.553502881033985,0.0003468098763404434,0.00036869214570054175,-0.17539763245597584,-1.94328721374466,-7.194498325775678,-0.17539763245597584,False,False,False,False,False,False,0.12479163123171576,False,-0.20790816436646886,中性,2482.TW,連宇,0,v1,phase6a,2026-07-12,0,0,0,0,0,0,v1,430,0.47936893203883496,430,0.47936893203883496,440,0.4672330097087379,^TWII,yfinance,2y,2026-09-11,scan_20260914_165629,False,False
True,1,-0.2583338419596354,-0.2083333333333333,True,False,賣出 (動能轉弱),49.5,2026-09-11 00:00:00,50.00999984741211,-0.07499999999999574,False,False,1.0901915466547472,False,0.0010717799955038017,45.161231546349285,0.001087041814118848,0.0011544873580830162,-0.14756897991233808,-1.5339163698541936,-5.656076255685949,-0.14756897991233808,False,False,False,False,False,False,0.11163007188847669,False,-0.14046604351069525,中性,6899.TWO,創為精密,0,v1,phase6a,2026-07-12,0,0,0,0,0,0,v1,732,0.11286407766990292,732,0.11286407766990292,734,0.1104368932038835,^TWII,yfinance,2y,2026-09-11,scan_20260914_165629,False,False
True,0,0.29999987284342444,0.4166666666666666,True,False,觀望 (動能減弱),31.149999618530273,2026-09-11 00:00:00,30.677499961853027,0.019999980926513672,False,True,0.5879931792791203,False,0.0006744635646685213,28.896240976048684,0.0006726714708598965,0.0007172523321550209,0.02805148998465956,-1.085432916707052,-6.889629735673952,0.02805148998465956,True,False,False,False,False,True,0.31766093817661173,False,-0.09315863166636418,中性,2740.TWO,華軒,0,v1,phase6a,2026-07-12,0,0,2,0,0,0,v1,456,0.44781553398058255,456,0.44781553398058255,465,0.4368932038834951,^TWII,yfinance,2y,2026-09-11,scan_20260914_165629,False,False
True,0,0.2833334604899089,0.3666664759318034,True,False,觀望 (動能減弱),21.950000762939453,2026-09-11 00:00:00,21.995000171661378,0.00500001907348846,False,False,0.8792747292213148,False,0.00047526407513154935,54.86087581196858,0.0004778651580354254,0.0004856432744537257,-0.05726331160369469,-0.701246684760215,-2.5752930338821423,-0.05726331160369469,False,False,False,False,False,True,0.32477375635447453,False,-0.0134831117780021,中性,2908.TW,特力,0,v1,phase6a,2026-07-12,0,0,1,0,0,0,v1,459,0.4441747572815534,459,0.4441747572815534,468,0.433252427184466,^TWII,yfinance,2y,2026-09-11,scan_20260914_165629,False,False
True,0,-0.10000165303548178,-0.10833485921223958,True,False,觀察 (跌勢收斂),40.04999923706055,2026-09-11 00:00:00,40.12000007629395,-0.03250007629394247,False,False,1.164971195147707,False,0.000867167434388364,45.8741556177457,0.0008713029532309173,0.0009121950149510389,-0.0499367513599136,-1.2067824819841921,-4.4951815144476654,-0.0499367513599136,False,False,False,False,False,True,0.1476543822650773,False,-0.043010736026038776,中性,2916.TWO,滿心,1,v1,phase6a,2026-07-12,0,1,1,1,1,1,v1,212,0.7439320388349514,212,0.7439320388349514,218,0.7366504854368932,^TWII,yfinance,2y,2026-09-11,scan_20260914_165629,False,False
True,0,-0.7166662216186523,-0.416666030883789,True,False,賣出 (動能轉弱),19.299999237060547,2026-09-11 00:00:00,20.534999942779542,-0.18000001907348562,False,False,0.9217696776808636,False,0.00041788592112161876,24.843269860550095,0.0004460314789993937,0.0004758680306043855,-0.659850507085058,-3.3499798666271507,-9.764418737240577,-0.659850507085058,False,False,False,False,False,False,0.0,False,-0.3634166776866138,中性,3284.TWO,太普高,0,v1,phase6a,2026-07-12,0,0,0,0,0,0,v1,501,0.3932038834951456,501,0.3932038834951456,510,0.38228155339805825,^TWII,yfinance,2y,2026-09-11,scan_20260914_165629,False,False
True,1,0.18441041310628256,0.27620887756347656,True,False,觀望 (動能減弱),23.0,2026-09-11 00:00:00,23.492003440856934,-0.006381034851074219,False,False,1.4067029473570773,False,0.0004979987857896452,40.8607562486809,0.000510314787779942,0.000526919482764114,-0.25339969868211076,-1.173327776379196,-3.8722109266385085,-0.25339969868211076,False,False,False,False,False,False,0.06840025976495952,False,-0.04610926775785973,中性,2901.TW,欣欣,2,v1,phase6a,2026-07-12,0,2,2,2,2,2,v1,89,0.8932038834951457,89,0.8932038834951457,104,0.875,^TWII,yfinance,2y,2026-09-11,scan_20260914_165629,False,True
False,0,-1.2036056518554688,-0.11088689168294263,False,True,強烈賣出 (跌破),64.69999694824219,2026-09-11 00:00:00,68.24105911254883,-0.18912925720215412,False,False,1.9214510588106224,True,0.0014008921704703637,29.39077424933927,0.0014783768265119255,0.0015709434316063153,-0.54867796417577,-2.1973910200493774,-5.236043781100319,-0.54867796417577,False,False,False,False,False,False,0.0,False,-0.10875859938078147,中性,9802.TW,鈺齊-KY,0,v1,phase6a,2026-07-12,0,0,0,0,0,0,v1,807,0.021844660194174758,807,0.021844660194174758,807,0.021844660194174758,^TWII,yfinance,2y,2026-09-11,scan_20260914_165629,False,False
True,2,-0.18333307902018228,-0.1333332061767578,True,False,賣出 (動能轉弱),27.700000762939453,2026-09-11 00:00:00,27.98000011444092,-0.02499999999999858,True,False,1.3069538505091491,False,0.0005997637715789607,44.22939676240758,0.0006072969991198083,0.0006305409764038068,-0.13040361766131214,-1.5379509460147545,-4.9312171158364055,-0.13040361766131214,False,False,False,False,False,False,0.10423443178684652,False,-0.12542683743114735,中性,5353.TWO,台林,1,v1,phase6a,2026-07-12,0,1,1,1,1,1,v1,244,0.7050970873786407,244,0.7050970873786407,249,0.6990291262135923,^TWII,yfinance,2y,2026-09-11,scan_20260914_165629,True,False
True,0,-0.1416667302449544,-0.1249996821085612,True,False,賣出 (動能轉弱),17.5,2026-09-11 00:00:00,17.725,-0.019999980926513672,False,False,2.709626724380273,True,0.0003789121196225562,23.99785552557951,0.00038530298473389227,0.00040543053851101413,-0.17429144644097727,-1.5116106157795128,-6.010322194794371,-0.17429144644097727,False,False,False,False,False,False,0.0783266037060724,False,-0.09090909090909094,中性,1418.TW,東華,0,v1,phase6a,2026-07-12,0,0,0,0,0,0,v1,317,0.616504854368932,317,0.616504854368932,331,0.5995145631067961,^TWII,yfinance,2y,2026-09-11,scan_20260914_165629,False,False
True,0,1.5666669209798176,1.3333333333333333,True,False,買入 (動能增強),51.70000076293945,2026-09-11 00:00:00,53.17500019073486,-0.014999961853028765,False,False,0.8704355274934884,False,0.001119414678489895,63.9458833088438,0.0011424190123005228,0.0011218517937460464,-0.21151494705975438,0.6480201471030567,6.156904288344789,-0.21151494705975438,False,False,True,False,False,False,0.37530616975190306,False,-0.2225563795046699,中性,4923.TWO,力士,2,v1,phase6a,2026-07-12,0,2,2,2,2,2,v1,112,0.8652912621359223,112,0.8652912621359223,123,0.8519417475728155,^TWII,yfinance,2y,2026-09-11,scan_20260914_165629,False,False
True,0,0.6666666666666667,1.5,True,False,觀望 (動能減弱),105.0,2026-09-11 00:00:00,106.85,-0.125,False,False,0.6790808013716119,False,0.0022734727177353368,33.141678420903155,0.002313218827257241,0.0024345681031648523,-0.18053837305983533,-1.4958716974201258,-2.388261433524941,-0.18053837305983533,False,False,False,False,False,False,0.166413808385242,False,-0.07894736842105265,中性,2385.TW,群光,0,v1,phase6a,2026-07-12,0,0,0,0,0,0,v1,415,0.4975728155339806,415,0.4975728155339806,426,0.4842233009708738,^TWII,yfinance,2y,2026-09-11,scan_20260914_165629,False,False
True,0,-0.1999999682108561,-0.14166657129923502,True,False,賣出 (動能轉弱),10.899999618530273,2026-09-11 00:00:00,11.119999980926513,0.0,False,False,0.4573002168969236,False,0.00023600811196242054,23.818920260175286,0.00024042749949993903,0.000250524583130694,-0.19311448277963272,-1.5683151328682032,-3.1964307824636884,-0.19311448277963272,False,False,False,False,False,False,0.17175071928680236,False,-0.0723404579974235,中性,2913.TW,農林,0,v1,phase6a,2026-07-12,0,0,0,0,0,0,v1,461,0.441747572815534,461,0.441747572815534,470,0.4308252427184466,^TWII,yfinance,2y,2026-09-11,scan_20260914_165629,False,False
True,0,-0.15972137451171875,-0.08494949340820312,True,False,賣出 (動能轉弱),16.399999618530273,2026-09-11 00:00:00,16.69752025604248,-0.004324436187744141,False,False,0.9594893002959396,False,0.00035509477812950964,50.631447325052314,0.00036209709386521326,0.0003856234005527815,-0.20314675631175616,-1.6228554394928096,-4.482401292706017,-0.20314675631175616,False,False,False,False,False,False,0.059741332750838504,False,-0.11695636831498024,中性,7780.TW,大研生醫*,0,v1,phase6a,2026-07-12,0,0,0,0,0,0,v1,753,0.08737864077669903,753,0.08737864077669903,755,0.08495145631067962,^TWII,yfinance,2y,2026-09-11,scan_20260914_165629,False,False
True,0,-0.008333683013916016,0.09166638056437175,True,False,賣出 (動能轉弱),14.25,2026-09-11 00:00:00,14.269999980926514,0.009999990463256836,False,False,0.8509802099318161,False,0.0003085427259783672,36.148436504266186,0.0003104703091402641,0.00034336552175748573,-0.06531090627596159,-1.3888615061634857,-4.909576587821585,-0.06531090627596159,False,False,False,False,False,False,0.10365568944601755,False,-0.19263454345691333,中性,5398.TWO,慕康生醫,0,v1,phase6a,2026-07-12,0,0,1,0,0,0,v1,618,0.2512135922330097,618,0.2512135922330097,621,0.24757281553398058,^TWII,yfinance,2y,2026-09-11,scan_20260914_165629,False,False
True,0,0.3366486231486003,0.32061767578125,True,False,買入 (動能增強),17.649999618530273,2026-09-11 00:00:00,17.29892282485962,0.02645101547241424,False,True,2.3352565331456527,True,0.0003821599295311208,40.850412703570065,0.00037644654352448086,0.0003864139859227988,0.16001512276506702,-0.45568978482344313,-2.3410090032855213,0.16001512276506702,True,False,False,False,False,True,0.3742995806824454,False,0.0,中性,8423.TWO,保綠-KY,4,v1,phase6a,2026-07-12,0,4,6,4,4,4,v1,15,0.9830097087378641,15,0.9830097087378641,17,0.9805825242718447,^TWII,yfinance,2y,2026-09-11,scan_20260914_165629,False,True
True,1,0.05833323796590169,0.07499996821085612,True,False,觀望 (動能減弱),10.300000190734863,2026-09-11 00:00:00,10.305000114440919,-0.0025000095367424535,True,False,1.7855336067183678,True,0.00022301685167909027,33.37627356602102,0.0002241777513459364,0.00023423066515371223,-0.054480602522199995,-1.0920103487094712,-4.538170084657445,-0.054480602522199995,False,False,False,False,False,False,0.1271134839225613,False,-0.03738314258509734,中性,9950.TWO,萬國通,0,v1,phase6a,2026-07-12,0,0,0,0,0,0,v1,824,0.0012135922330097086,824,0.0012135922330097086,824,0.0012135922330097086,^TWII,yfinance,2y,2026-09-11,scan_20260914_165629,False,False
True,0,-0.41666650772094727,-0.35000006357828767,True,False,賣出 (動能轉弱),13.600000381469727,2026-09-11 00:00:00,14.159999990463257,-0.05499997138977086,False,False,0.8612447522446602,False,0.0002944688555091581,35.15938984499334,0.00030933823795874585,0.0003566263269026631,-0.5034354628450366,-2.812097806815572,-11.425204941328026,-0.5034354628450366,False,False,False,False,False,False,0.03415309096386839,False,-0.26287263853191434,中性,4195.TW,基米-創,0,v1,phase6a,2026-07-12,0,0,0,0,0,0,v1,559,0.32281553398058255,559,0.32281553398058255,565,0.3155339805825243,^TWII,yfinance,2y,2026-09-11,scan_20260914_165629,False,False
False,0,-0.30833339691162104,-0.02499993642171223,False,True,強烈賣出 (跌破),13.149999618530273,2026-09-11 00:00:00,14.982499933242797,-0.07500000000000107,False,False,2.673589164785553,True,0.00028472538448532064,21.829026144839247,0.00032418475149075036,0.00034368634409746374,-1.2650417894443544,-2.923443727802655,-7.595452327496632,-1.2650417894443544,False,False,False,False,False,False,0.0,False,-0.37231507686660237,中性,3523.TWO,迎輝,0,v1,phase6a,2026-07-12,0,0,0,0,0,0,v1,520,0.37014563106796117,520,0.37014563106796117,527,0.3616504854368932,^TWII,yfinance,2y,2026-09-11,scan_20260914_165629,False,False
True,0,-0.07348442077636719,0.10984865824381511,True,False,賣出 (動能轉弱),43.5,2026-09-11 00:00:00,43.9299991607666,0.004545593261717329,False,False,0.39721176715639966,False,0.0009418672687760682,78.59738655726632,0.000947834436154651,0.0009674536296534926,-0.06622537452549704,-1.1444605574260192,-0.44741591095434075,-0.06622537452549704,False,False,False,False,False,False,0.20572907983944208,False,-0.031376458380476535,中性,2937.TWO,集雅社,0,v1,phase6a,2026-07-12,0,0,1,0,0,0,v1,462,0.4405339805825243,462,0.4405339805825243,471,0.42961165048543687,^TWII,yfinance,2y,2026-09-11,scan_20260914_165629,False,False
True,0,-0.0666662851969401,3.1789143880092685e-07,True,False,賣出 (動能轉弱),21.950000762939453,2026-09-11 00:00:00,22.10250005722046,0.00500001907348846,False,False,0.6955139351184858,False,0.00047526407513154935,33.95901762569691,0.00047855700847580524,0.0004908033568204881,-0.07237877072556742,-0.8772139315133209,-2.211197780949614,-0.07237877072556742,False,False,False,False,False,False,0.37378618161061744,False,-0.02660747203640723,中性,5525.TW,順天,0,v1,phase6a,2026-07-12,0,0,1,0,0,0,v1,630,0.2366504854368932,630,0.2366504854368932,633,0.23300970873786409,^TWII,yfinance,2y,2026-09-11,scan_20260914_165629,False,False
True,0,-0.04175567626953125,0.904168446858724,True,False,賣出 (動能轉弱),74.0,2026-09-11 00:00:00,75.42307815551757,-0.014644241333016339,False,False,1.038746765917906,False,0.0016022569629753805,37.81451783256585,0.0016321403806337615,0.0016722686630525642,-0.19235919004927382,-1.2388719324261888,-1.6393702129020138,-0.19235919004927382,False,False,False,False,False,False,0.1854156403911382,False,-0.0377113324881142,中性,5534.TW,長虹,0,v1,phase6a,2026-07-12,0,0,0,0,0,0,v1,633,0.23300970873786409,633,0.23300970873786409,636,0.22936893203883496,^TWII,yfinance,2y,2026-09-11,scan_20260914_165629,False,False
True,0,0.07500012715657553,0.3916664123535156,True,False,觀望 (動能減弱),31.100000381469727,2026-09-11 00:00:00,31.70999994277954,-0.0014565467834479762,False,False,0.6143621018135632,False,0.0006733809751317142,30.623262212805333,0.0006936657723025195,0.0007523361556061789,-0.3068753514514966,-2.100985155299284,-8.310146156405285,-0.3068753514514966,False,False,False,False,False,False,0.024882145011697103,False,-0.340511135754499,中性,6698.TW,旭暉應材,0,v1,phase6a,2026-07-12,0,0,0,0,0,0,v1,708,0.14199029126213591,708,0.14199029126213591,710,0.1395631067961165,^TWII,yfinance,2y,2026-09-11,scan_20260914_165629,False,False
True,0,-1.0666669209798176,-0.9500007629394531,True,False,賣出 (動能轉弱),60.900001525878906,2026-09-11 00:00:00,61.554999923706056,-0.15499992370605042,False,False,0.19621501241059955,False,0.0013186142093250103,73.05206670263976,0.0013359417484022664,0.0013883159871896523,-0.13634311912575914,-1.5578436742862967,-5.417577909466309,-0.13634311912575914,False,False,False,False,False,False,0.1571085359562199,False,-0.063074700164091,中性,3332.TWO,幸康,0,v1,phase6a,2026-07-12,0,0,0,0,0,0,v1,510,0.38228155339805825,510,0.38228155339805825,519,0.3713592233009709,^TWII,yfinance,2y,2026-09-11,scan_20260914_165629,False,False
False,0,-0.3833332061767578,-0.28333330154418945,False,True,強烈賣出 (跌破),11.300000190734863,2026-09-11 00:00:00,11.722499990463257,-0.029999971389770508,False,False,0.9071250446519626,False,0.0002446689728003792,46.846903119020745,0.0002509283592801733,0.0002540726661175864,-0.2618903812181106,-1.74018958335872,0.28589074772240597,-0.2618903812181106,False,False,False,False,False,False,0.3842627443420236,False,-0.062240662915231226,中性,1416.TW,廣豐,0,v1,phase6a,2026-07-12,0,0,0,0,0,0,v1,315,0.6189320388349514,315,0.6189320388349514,329,0.6019417475728155,^TWII,yfinance,2y,2026-09-11,scan_20260914_165629,False,False
False,0,-5.18023935953776,-3.7039222717285156,False,True,強烈賣出 (跌破),66.69999694824219,2026-09-11 00:00:00,72.79186248779297,-0.27169303894042685,True,False,0.2877718574781431,False,0.0014441964127129413,112.04124015768936,0.0015534596903963869,0.001539861128002656,-0.7349318611646782,-3.4219757144020813,-3.1580688340215324,-0.7349318611646782,False,False,True,False,False,False,0.16590868209844725,False,-0.30170169885534215,中性,2484.TW,希華,0,v1,phase6a,2026-07-12,0,0,0,0,0,0,v1,431,0.47815533980582525,431,0.47815533980582525,441,0.46601941747572817,^TWII,yfinance,2y,2026-09-11,scan_20260914_165629,False,False
True,0,-0.0749994913736979,0.15000057220458984,True,False,賣出 (動能轉弱),19.25,2026-09-11 00:00:00,19.839999961853028,0.022500038146972656,False,False,1.5866672055347744,True,0.0004168033315848118,20.816425535902685,0.00043053900898595783,0.0004626072601786437,-0.3347017176445144,-1.3599415330957876,-3.6072419265918754,-0.3347017176445144,False,False,False,False,False,False,0.0720490775252565,False,-0.17025864797596613,中性,2239.TW,英利-KY,0,v1,phase6a,2026-07-12,0,0,1,0,0,0,v1,398,0.5182038834951457,398,0.5182038834951457,409,0.5048543689320388,^TWII,yfinance,2y,2026-09-11,scan_20260914_165629,False,False
True,0,0.011666774749755863,0.07000001271565755,True,False,觀望 (動能減弱),10.050000190734863,2026-09-11 00:00:00,10.088000011444091,-0.007499980926514382,False,False,1.3443731767253146,False,0.00021760382139876804,37.115195420076454,0.00021894682714859406,0.00022904536368666855,-0.06452608071346733,-1.4038120473840898,-4.0426367917226536,-0.06452608071346733,False,False,False,False,False,False,0.14979528294453595,False,-0.07373273388092694,中性,1324.TW,地球,0,v1,phase6a,2026-07-12,0,0,0,0,0,0,v1,308,0.6274271844660194,308,0.6274271844660194,322,0.6104368932038835,^TWII,yfinance,2y,2026-09-11,scan_20260914_165629,False,False
True,0,-0.41666666666666663,-0.18333307902018225,True,False,賣出 (動能轉弱),40.54999923706055,2026-09-11 00:00:00,40.80499954223633,-0.04500007629394531,True,False,0.5042696713779922,False,0.0008779934949490084,49.62372252352368,0.0008836374261273542,0.0009185682633260691,-0.06718806133347854,-1.4129472311637525,-3.4843673141707887,-0.06718806133347854,False,False,False,False,False,True,0.14961471155538136,False,-0.02990430676591327,中性,6697.TWO,東捷資訊,0,v1,phase6a,2026-07-12,0,0,0,0,0,0,v1,707,0.14320388349514562,707,0.14320388349514562,709,0.1407766990291262,^TWII,yfinance,2y,2026-09-11,scan_20260914_165629,False,False
True,0,-0.5416663487752278,-0.31666628519694007,True,False,賣出 (動能轉弱),20.25,2026-09-11 00:00:00,21.062500095367433,-0.04499998092651225,False,False,0.7342082879648023,False,0.0004384554527061007,29.66033120312451,0.0004528803006896495,0.0004718673566731134,-0.33415699290456624,-1.7908872211240934,-1.99199329160491,-0.33415699290456624,False,False,False,False,False,False,0.04190253204016734,False,-0.13276232680192368,中性,3043.TW,科風,0,v1,phase6a,2026-07-12,0,0,0,0,0,0,v1,475,0.42475728155339804,475,0.42475728155339804,484,0.41383495145631066,^TWII,yfinance,2y,2026-09-11,scan_20260914_165629,False,False
True,0,6.083333333333333,6.166666666666667,True,False,觀望 (動能減弱),157.0,2026-09-11 00:00:00,162.775,-0.25,True,False,0.45873908987857126,False,0.003399383016042361,59.565715424054055,0.0035653251492156236,0.0037766267359214574,-0.4875412624335107,-1.8431261141479638,-8.277094194442402,-0.4875412624335107,False,False,False,False,False,False,0.004824130747120624,False,-0.42830212183513583,中性,4551.TW,智伸科,0,v1,phase6a,2026-07-12,0,0,0,0,0,0,v1,572,0.3070388349514563,572,0.3070388349514563,577,0.30097087378640774,^TWII,yfinance,2y,2026-09-11,scan_20260914_165629,False,False
True,0,0.3583329518636067,0.6166661580403645,True,False,觀望 (動能減弱),19.899999618530273,2026-09-11 00:00:00,20.002500152587892,0.04250001907348633,False,False,0.5506244080787613,False,0.00043087720205402084,23.895180213470272,0.0004364974375771245,0.00048809668457159346,-0.13535085150895299,-1.3202215733528533,-4.107066261405235,-0.13535085150895299,False,False,False,False,False,False,0.27641480355668374,False,-0.1742738878198855,中性,6276.TWO,安鈦克,0,v1,phase6a,2026-07-12,0,0,1,0,0,0,v1,666,0.1929611650485437,666,0.1929611650485437,669,0.18932038834951456,^TWII,yfinance,2y,2026-09-11,scan_20260914_165629,False,False
True,0,-0.11666679382324219,-0.34166717529296875,True,False,觀察 (跌勢收斂),36.5,2026-09-11 00:00:00,35.78499984741211,0.20750007629394673,False,True,0.7511298927782789,False,0.0007903024209270457,74.4090070108419,0.0007675443902876701,0.000751233152147385,0.3130870945832198,0.9406180428742639,7.2384091764921,0.3130870945832198,True,True,True,False,False,True,0.7941504652597119,False,-0.03439151490209502,偏強 (RS上升),2605.TW,新興,1,v1,phase6a,2026-07-12,2,3,3,3,1,3,v1,202,0.7560679611650486,202,0.7560679611650486,70,0.9162621359223301,^TWII,yfinance,2y,2026-09-11,scan_20260914_165629,False,False
True,1,-0.01666704813639322,0.08333269755045572,True,False,賣出 (動能轉弱),32.0,2026-09-11 00:00:00,32.66750011444092,-0.05249996185302308,False,False,2.4739152383149294,True,0.0006928678758812456,23.255328612002675,0.0007097336920534017,0.0007667450421333504,-0.24951883505910377,-2.0417922365741137,-6.267910898306239,-0.24951883505910377,False,False,False,False,False,False,0.08372444411114198,False,-0.16883116883116878,中性,6875.TWO,國邑*,0,v1,phase6a,2026-07-12,0,0,0,0,0,0,v1,731,0.11407766990291263,731,0.11407766990291263,733,0.11165048543689321,^TWII,yfinance,2y,2026-09-11,scan_20260914_165629,False,False
True,1,-0.04999987284342447,0.033333460489908845,True,False,賣出 (動能轉弱),10.399999618530273,2026-09-11 00:00:00,10.652499914169312,-0.02750000953674281,False,False,0.690273626380173,False,0.00022518205140177608,58.296754738248644,0.00023128618783041334,0.00023499616989000217,-0.2770422969308739,-1.7972033090911999,-4.480243192270972,-0.2770422969308739,False,False,False,False,False,False,0.217585884259646,False,-0.31578949019519265,中性,1718.TW,中纖,0,v1,phase6a,2026-07-12,0,0,0,0,0,0,v1,359,0.5655339805825242,359,0.5655339805825242,372,0.5497572815533981,^TWII,yfinance,2y,2026-09-11,scan_20260914_165629,False,False
True,0,-0.7416667938232422,-0.4583326975504557,True,False,賣出 (動能轉弱),41.599998474121094,2026-09-11 00:00:00,43.15750007629394,-0.17500000000000426,False,False,0.7561600340987896,False,0.0009007282056071043,52.2941053557904,0.0009370731216444394,0.0010347076969642415,-0.40660910818776097,-2.2198478040212133,-7.14509937374782,-0.40660910818776097,False,False,False,False,False,False,0.0051869933961146,False,-0.28888891497228897,中性,2329.TW,華泰,0,v1,phase6a,2026-07-12,0,0,0,0,0,0,v1,402,0.5133495145631068,402,0.5133495145631068,413,0.5,^TWII,yfinance,2y,2026-09-11,scan_20260914_165629,False,False
True,0,0.02499961853027341,0.24166584014892575,True,False,觀望 (動能減弱),30.450000762939453,2026-09-11 00:00:00,31.91999969482422,-0.16499996185302734,False,False,0.6883410267520137,False,0.0006593071046625052,71.55621603517484,0.0006918397661500185,0.0007158909087141921,-0.4925451940382297,-2.203789538126122,-5.043384697321384,-0.4925451940382297,False,False,False,False,False,False,0.0,False,-0.1986841904489618,中性,2312.TW,金寶,0,v1,phase6a,2026-07-12,0,0,0,0,0,0,v1,400,0.5157766990291263,400,0.5157766990291263,411,0.5024271844660194,^TWII,yfinance,2y,2026-09-11,scan_20260914_165629,False,False
True,1,0.00833352406819661,-0.08333333333333333,True,False,買入 (動能增強),23.5,2026-09-11 00:00:00,23.07749996185303,0.0024999618530294754,False,True,2.7045101394543773,True,0.0005088248463502897,34.11160149117329,0.0005028930932412649,0.0005273300952973112,0.12431494663593945,-1.1277169501159645,-5.787307310193468,0.12431494663593945,True,False,False,False,False,True,0.18504083575713537,False,-0.03885483571761006,中性,1599.TWO,宏佳騰,2,v1,phase6a,2026-07-12,0,2,4,2,2,2,v1,63,0.9247572815533981,63,0.9247572815533981,78,0.9065533980582524,^TWII,yfinance,2y,2026-09-11,scan_20260914_165629,False,False
False,0,-2.0,0.8333333333333333,False,True,強烈賣出 (跌破),222.5,2026-09-11 00:00:00,237.95,-1.125,False,False,0.709510892730682,False,0.004817596949486786,95.74146922603576,0.005157487145752148,0.00540834033913502,-0.6889291221434779,-2.8864072425241694,-6.699089750568376,-0.6889291221434779,False,False,False,False,False,False,0.0,False,-0.16666666666666663,中性,6285.TW,啟��,0,v1,phase6a,2026-07-12,0,0,0,0,0,0,v1,670,0.18810679611650485,670,0.18810679611650485,673,0.18446601941747573,^TWII,yfinance,2y,2026-09-11,scan_20260914_165629,False,False
True,0,-0.2583333651224772,-0.17499987284342447,True,False,賣出 (動能轉弱),10.449999809265137,2026-09-11 00:00:00,10.684999990463258,-0.01249999999999929,False,False,0.8087312227840892,False,0.00022626466158765489,42.87393799059176,0.00022976253337272636,0.00024106999632437484,-0.15999472532988168,-1.1710890405003949,-0.7540826576471482,-0.15999472532988168,False,False,False,False,False,False,0.338414161489824,False,-0.054298676118830436,中性,5521.TW,工信,0,v1,phase6a,2026-07-12,0,0,0,0,0,0,v1,627,0.24029126213592233,627,0.24029126213592233,630,0.2366504854368932,^TWII,yfinance,2y,2026-09-11,scan_20260914_165629,False,False
True,0,0.16666666666666666,0.21666653951009113,True,False,觀望 (動能減弱),59.900001525878906,2026-09-11 00:00:00,60.11500015258789,-0.009999847412110796,True,False,1.1481673855205685,False,0.0012969620882037215,46.41494373396978,0.0013080384875825196,0.001373995949420855,-0.0890568924930224,-1.2943210393605575,-4.909320606701407,-0.0890568924930224,False,False,False,False,False,True,0.10593908562407639,False,-0.07160661973466476,中性,6203.TWO,海韻電,0,v1,phase6a,2026-07-12,0,0,0,0,0,0,v1,658,0.20266990291262135,658,0.20266990291262135,661,0.19902912621359223,^TWII,yfinance,2y,2026-09-11,scan_20260914_165629,False,False
True,1,0.6499989827473959,0.8999989827473959,True,False,觀望 (動能減弱),57.0,2026-09-11 00:00:00,57.825,-0.04999999999999716,False,False,1.6666666666666667,True,0.0012341709039134687,40.153298454814056,0.0012661737930569992,0.0013589035475616606,-0.26534953533496886,-1.4158827075734681,-7.608209490455664,-0.26534953533496886,False,False,False,False,False,False,0.0236441719961613,False,-0.1479820822133956,中性,6846.TWO,綠茵,0,v1,phase6a,2026-07-12,0,0,0,0,0,0,v1,728,0.11771844660194175,728,0.11771844660194175,730,0.11529126213592233,^TWII,yfinance,2y,2026-09-11,scan_20260914_165629,False,False
True,0,0.3666667938232422,0.2749999364217122,True,False,買入 (動能增強),17.600000381469727,2026-09-11 00:00:00,17.137500095367432,0.03000001907348704,False,True,1.2148075281062862,False,0.0003810773399943138,43.57714094366997,0.0003741024146510172,0.0003894461577973658,0.1966430574835032,-0.47231605357498374,-4.065224324156624,0.1966430574835032,True,False,False,False,False,True,0.22537119312747234,False,-0.13936431663291893,中性,1776.TW,展宇,2,v1,phase6a,2026-07-12,0,2,4,2,2,2,v1,65,0.9223300970873787,65,0.9223300970873787,80,0.904126213592233,^TWII,yfinance,2y,2026-09-11,scan_20260914_165629,False,False
True,1,-1.350001017252604,-1.4166673024495442,True,False,觀察 (跌勢收斂),56.099998474121094,2026-09-11 00:00:00,56.464999961853025,-0.09500007629394958,True,False,1.3742793313365738,False,0.0012146839618657936,40.03044223652732,0.0012304188843481488,0.0012541478349453578,-0.13443234962491335,-2.1362619536800853,-8.911382949361446,-0.13443234962491335,False,False,False,False,False,False,0.29178397164035297,False,-0.1869565438533175,中性,8050.TWO,廣積,2,v1,phase6a,2026-07-12,0,2,2,2,2,2,v1,151,0.8179611650485437,151,0.8179611650485437,154,0.8143203883495146,^TWII,yfinance,2y,2026-09-11,scan_20260914_165629,True,False
True,1,0.9166666666666665,1.25,True,False,觀望 (動能減弱),100.5,2026-09-11 00:00:00,102.025,-0.024999999999991473,True,False,0.5518034526042331,False,0.0021760381726895366,43.51100813284697,0.0022161227224827256,0.0023525527913816385,-0.1900349590870265,-1.183172491253337,-3.6615827139995116,-0.1900349590870265,False,False,False,False,False,False,0.0212366078190874,False,-0.18223855832715175,中性,1514.TW,亞力,0,v1,phase6a,2026-07-12,0,0,0,0,0,0,v1,340,0.5885922330097088,340,0.5885922330097088,354,0.5716019417475728,^TWII,yfinance,2y,2026-09-11,scan_20260914_165629,False,False
True,0,-0.07166687647501628,-0.03500032424926758,True,False,賣出 (動能轉弱),8.079999923706055,2026-09-11 00:00:00,8.250999879837035,-0.011500024795532582,False,False,0.7762867570530523,False,0.00017494913700808875,37.11722494721051,0.0001789007818125616,0.00018644268269653067,-0.23197086938775424,-1.726468482212029,-4.658888244378989,-0.23197086938775424,False,False,False,False,False,False,0.09619185413731726,False,-0.1009451728441425,中性,1417.TW,嘉裕,0,v1,phase6a,2026-07-12,0,0,0,0,0,0,v1,316,0.6177184466019418,316,0.6177184466019418,330,0.6007281553398058,^TWII,yfinance,2y,2026-09-11,scan_20260914_165629,False,False
False,0,-8.083333333333332,-2.2499999999999996,False,True,強烈賣出 (跌破),326.5,2026-09-11 00:00:00,354.75,-1.8500000000000227,False,False,0.7720064990447566,False,0.0070694175461008335,64.3219770338655,0.007638795521426456,0.00819257342873265,-0.7784988350940103,-3.0384310708113094,-4.572155418083723,-0.7784988350940103,False,False,False,False,False,False,0.0,False,-0.2839912280701754,中性,6788.TWO,華景電,0,v1,phase6a,2026-07-12,0,0,0,0,0,0,v1,718,0.12985436893203883,718,0.12985436893203883,720,0.12742718446601942,^TWII,yfinance,2y,2026-09-11,scan_20260914_165629,False,False
True,0,-0.07833305994669595,-0.03333298365275065,True,False,賣出 (動能轉弱),9.979999542236328,2026-09-11 00:00:00,10.21899995803833,-0.013500022888184304,True,False,1.677365246282378,True,0.000216088158878909,32.23940823705822,0.0002205530327693698,0.00022596747851521632,-0.21264152774049805,-1.7138676891537807,-2.1655566033621287,-0.21264152774049805,False,False,False,False,False,False,0.2832790247756754,False,-0.04038462420187083,中性,9962.TWO,有益,0,v1,phase6a,2026-07-12,0,0,0,0,0,0,v1,825,0.0,825,0.0,825,0.0,^TWII,yfinance,2y,2026-09-11,scan_20260914_165629,False,False
True,0,15.583333333333332,18.416666666666668,True,False,觀望 (動能減弱),150.0,2026-09-11 00:00:00,147.45,0.5999999999999943,False,True,0.784273424944382,False,0.0032478181681933386,133.48488623504971,0.0032351187964644672,0.0032773077675723084,0.0413378503247408,0.602956321046233,1.8586510393262978,0.0413378503247408,True,False,False,False,False,False,0.25751237151577094,False,-0.34065934065934067,中性,2481.TW,強茂,0,v1,phase6a,2026-07-12,0,0,2,0,0,0,v1,429,0.48058252427184467,429,0.48058252427184467,439,0.4684466019417476,^TWII,yfinance,2y,2026-09-11,scan_20260914_165629,False,False
True,0,0.03333346048990884,0.09166669845581052,True,False,觀望 (動能減弱),11.100000381469727,2026-09-11 00:00:00,11.237500143051147,-0.014999961853028765,False,False,0.07314700353300027,False,0.00024033855270593578,32.416150464010876,0.0002442146784040642,0.00025451795379771003,-0.16679287953792477,-1.1480212956931024,-4.8158713249130125,-0.16679287953792477,False,False,False,False,False,False,0.16099452176581686,False,-0.07499996821085608,中性,9929.TW,秋雨,0,v1,phase6a,2026-07-12,0,0,0,0,0,0,v1,816,0.010922330097087379,816,0.010922330097087379,816,0.010922330097087379,^TWII,yfinance,2y,2026-09-11,scan_20260914_165629,False,False
True,0,-0.22500006357828772,-0.20833333333333334,True,False,賣出 (動能轉弱),13.899999618530273,2026-09-11 00:00:00,14.297500038146973,-0.030000019073485262,False,False,2.6344253256419052,True,0.0003009644753262873,38.54892501054251,0.0003120110603023567,0.0003336243478585033,-0.3712948530515625,-2.3112646008233706,-9.461418007016453,-0.3712948530515625,False,False,False,False,False,False,0.0349968809759617,False,-0.24043714764859336,中性,3276.TWO,宇環,0,v1,phase6a,2026-07-12,0,0,0,0,0,0,v1,500,0.39441747572815533,500,0.39441747572815533,509,0.38349514563106796,^TWII,yfinance,2y,2026-09-11,scan_20260914_165629,False,False
True,2,0.31666692097981763,0.38333320617675776,True,False,觀望 (動能減弱),55.0,2026-09-11 00:00:00,55.16999969482422,-0.004999923706051845,False,False,2.860730121898889,True,0.0011908666616708909,42.533086272316154,0.001198434582380148,0.0012313014333479079,-0.06642782716335116,-0.8961269508912628,-3.4881904004361863,-0.06642782716335116,False,False,False,False,False,True,0.26430160428677996,False,-0.02309057290723371,中性,9937.TW,全國,2,v1,phase6a,2026-07-12,0,2,2,2,2,2,v1,163,0.8033980582524272,163,0.8033980582524272,165,0.8009708737864077,^TWII,yfinance,2y,2026-09-11,scan_20260914_165629,False,True
True,1,0.09166653951009113,0.12499968210856117,True,False,觀望 (動能減弱),21.350000381469727,2026-09-11 00:00:00,21.402499961853028,-0.0024999618530259227,False,False,0.401509056345619,False,0.00046227279419914726,39.18614584124081,0.00046367492282082303,0.000480209788503299,-0.03182089735216387,-0.8949056895577678,-2.2966735987640208,-0.03182089735216387,False,False,False,False,False,False,0.1679827055887301,False,-0.0183907870588631,中性,8463.TW,潤泰材,2,v1,phase6a,2026-07-12,0,2,2,2,2,2,v1,156,0.8118932038834952,156,0.8118932038834952,159,0.808252427184466,^TWII,yfinance,2y,2026-09-11,scan_20260914_165629,False,True
True,1,0.624999682108561,0.34166653951009107,True,False,買入 (動能增強),31.299999237060547,2026-09-11 00:00:00,30.59250020980835,0.019999980926513672,False,True,3.1747482448692943,True,0.0006777113745770858,64.49545042751733,0.0006676100165319148,0.0006822504217037889,0.15952382958894784,-0.5129744675183789,-4.541946522285512,0.15952382958894784,True,False,False,False,False,True,0.3908327222580485,False,-0.036923100398137065,中性,9960.TWO,邁達康,5,v1,phase6a,2026-07-12,0,5,7,5,5,5,v1,4,0.9963592233009708,4,0.9963592233009708,4,0.9963592233009708,^TWII,yfinance,2y,2026-09-11,scan_20260914_165629,True,True
True,0,-0.10833326975504556,-0.02499993642171224,True,False,賣出 (動能轉弱),17.850000381469727,2026-09-11 00:00:00,18.0,-0.014999961853028765,False,False,0.5851405283818971,False,0.000386490370274636,23.51873479625396,0.00039052135801042985,0.000416438258040407,-0.1085354125501703,-1.7014337228240084,-4.60005094305167,-0.1085354125501703,False,False,False,False,False,False,0.12502997466231383,False,-0.14797137320174358,中性,1584.TWO,精剛,0,v1,phase6a,2026-07-12,0,0,0,0,0,0,v1,349,0.5776699029126213,349,0.5776699029126213,363,0.5606796116504854,^TWII,yfinance,2y,2026-09-11,scan_20260914_165629,False,False
True,1,-0.058333079020182296,0.05833371480305989,True,False,賣出 (動能轉弱),17.25,2026-09-11 00:00:00,17.430000019073486,-0.022500038146972656,True,False,0.6353878106521632,False,0.0003734990893422339,48.37864465568305,0.00037502787475677526,0.00037649543787361754,-0.04289168031574864,-1.008482722769477,1.309781550268485,-0.04289168031574864,False,False,False,False,False,True,0.5513655564824542,False,-0.05219784192943189,中性,8354.TWO,冠好,0,v1,phase6a,2026-07-12,0,0,0,0,0,0,v1,787,0.04611650485436893,787,0.04611650485436893,788,0.044902912621359224,^TWII,yfinance,2y,2026-09-11,scan_20260914_165629,False,False
True,1,-0.15833361943562824,-0.08333365122477214,True,False,賣出 (動能轉弱),14.149999618530273,2026-09-11 00:00:00,14.357499837875366,-0.01249999999999929,True,False,2.4858891703026504,True,0.00030637750560660957,28.009929449749002,0.0003129977673604775,0.00034255369723190665,-0.2221490507216206,-1.9393131179491818,-7.508181982050887,-0.2221490507216206,False,False,False,False,False,False,0.0714964500290603,False,-0.18678161329031784,中性,3686.TW,達能,0,v1,phase6a,2026-07-12,0,0,0,0,0,0,v1,542,0.3434466019417476,542,0.3434466019417476,548,0.33616504854368934,^TWII,yfinance,2y,2026-09-11,scan_20260914_165629,False,False
True,0,-0.4666671752929687,-0.37500063578287757,True,False,賣出 (動能轉弱),37.099998474121094,2026-09-11 00:00:00,38.172499656677246,-0.007500076293943891,False,False,0.5287210892567928,False,0.0008032936605613042,44.100580768782386,0.000825576082658677,0.0008674043767997927,-0.28330195918545575,-1.5498719145930928,-4.620714955422677,-0.28330195918545575,False,False,False,False,False,True,0.02415577257419304,False,-0.08620689979165741,中性,6708.TWO,天擎,0,v1,phase6a,2026-07-12,0,0,0,0,0,0,v1,709,0.1407766990291262,709,0.1407766990291262,711,0.1383495145631068,^TWII,yfinance,2y,2026-09-11,scan_20260914_165629,False,False
True,0,-0.08333333333333348,2.166666666666666,True,False,賣出 (動能轉弱),98.0,2026-09-11 00:00:00,107.225,-1.0500000000000114,True,False,0.7209645734036614,False,0.0021219078698863146,86.1714161956511,0.0023408667278966805,0.0026804119508823535,-0.9750054702889366,-3.6552355098653733,-10.917615023743654,-0.9750054702889366,False,False,False,False,False,False,0.0,False,-0.4469619204050572,中性,3581.TWO,博磊,0,v1,phase6a,2026-07-12,0,0,0,0,0,0,v1,531,0.3567961165048544,531,0.3567961165048544,538,0.3483009708737864,^TWII,yfinance,2y,2026-09-11,scan_20260914_165629,False,False
True,1,-0.10833326975504558,-0.11666663487752281,True,False,觀察 (跌勢收斂),11.949999809265137,2026-09-11 00:00:00,11.802499914169312,0.0049999713897701525,False,True,0.7148997012740534,False,0.0002587428432695883,31.063470374103183,0.0002566803738120615,0.0002732327712616264,0.08465229608416447,-1.3446322441081904,-4.970717068268926,0.08465229608416447,True,False,False,False,False,True,0.29010305433991607,False,-0.11481482894332318,中性,8201.TW,無敵,1,v1,phase6a,2026-07-12,0,1,3,1,1,1,v1,292,0.6468446601941747,292,0.6468446601941747,296,0.6419902912621359,^TWII,yfinance,2y,2026-09-11,scan_20260914_165629,False,False
True,0,-1.516665776570638,-1.1583328247070312,True,False,賣出 (動能轉弱),42.150001525878906,2026-09-11 00:00:00,44.47750015258789,-0.18249988555908203,False,False,0.8414239482200647,False,0.000912636938300843,25.676016468622635,0.0009610614860124506,0.0010458294794612483,-0.527586228655641,-2.334530922040501,-6.332966863798983,-0.527586228655641,False,False,False,False,False,False,0.14668811151103345,False,-0.093548354282174,中性,7839.TWO,達人網,0,v1,phase6a,2026-07-12,0,0,0,0,0,0,v1,760,0.07888349514563107,760,0.07888349514563107,762,0.07645631067961164,^TWII,yfinance,2y,2026-09-11,scan_20260914_165629,False,False
True,0,1.75,1.8333333333333333,True,False,觀望 (動能減弱),80.80000305175781,2026-09-11 00:00:00,80.40499954223633,0.05500030517578125,False,True,1.459835284453032,False,0.0017494914526771748,47.78316042123939,0.0017513845381718594,0.0018016735067512108,-0.011376684127817338,-0.4260466400812568,-2.9512424618047817,-0.011376684127817338,False,False,False,False,False,True,0.3243207091446953,False,-0.04829208952218156,中性,6576.TWO,逸達,2,v1,phase6a,2026-07-12,0,2,4,2,2,2,v1,135,0.837378640776699,135,0.837378640776699,142,0.8288834951456311,^TWII,yfinance,2y,2026-09-11,scan_20260914_165629,False,True
True,0,0.23333342870076496,0.2749999364217122,True,False,觀望 (動能減弱),11.949999809265137,2026-09-11 00:00:00,11.842499923706054,0.009999990463256836,False,True,0.5972331499662834,False,0.0002587428432695883,50.563485065917476,0.00025703450692406875,0.0002628092633812312,0.07001035645666231,-0.7314366195394273,-0.7067568872151875,0.07001035645666231,True,False,False,False,False,True,0.285038614230916,False,-0.16433568881994276,中性,1313.TW,聯成,1,v1,phase6a,2026-07-12,0,1,3,1,1,1,v1,167,0.7985436893203883,167,0.7985436893203883,177,0.7864077669902912,^TWII,yfinance,2y,2026-09-11,scan_20260914_165629,True,False
True,1,-0.06666660308837888,-0.15833314259847006,True,False,觀察 (跌勢收斂),19.399999618530273,2026-09-11 00:00:00,19.072500038146973,-0.035000038146971946,False,True,0.5847734170103117,False,0.0004200511414933764,9.9710286016022,0.000417725532452458,0.00047034354097201693,0.058637664736171935,-1.422404665438548,-8.323116151392673,0.058637664736171935,True,False,False,False,False,True,0.2268408374272166,False,-0.16916491213739449,中性,7723.TWO,築間,1,v1,phase6a,2026-07-12,0,1,2,1,1,1,v1,284,0.6565533980582524,284,0.6565533980582524,288,0.6516990291262136,^TWII,yfinance,2y,2026-09-11,scan_20260914_165629,False,False
True,0,-0.35000165303548175,-0.33333460489908856,True,False,賣出 (動能轉弱),39.54999923706055,2026-09-11 00:00:00,39.81750011444092,-0.0274999618530245,False,False,0.30342474506836004,False,0.0008563413738277195,50.176618597476576,0.0008631453406941873,0.0008875971292448023,-0.08290761875618946,-1.338192115330883,-4.120172710217817,-0.08290761875618946,False,False,False,False,False,False,0.2340704075542409,False,-0.025862051145884357,中性,9925.TW,新保,0,v1,phase6a,2026-07-12,0,0,0,0,0,0,v1,814,0.013349514563106795,814,0.013349514563106795,814,0.013349514563106795,^TWII,yfinance,2y,2026-09-11,scan_20260914_165629,False,False
True,0,-0.33333333333333326,-0.46666717529296864,True,False,觀察 (跌勢收斂),64.5999984741211,2026-09-11 00:00:00,66.36999893188477,-0.5250000000000057,False,False,0.6008636772452486,False,0.0013987269913967495,74.65098361881309,0.0014507470513106231,0.001495192072356214,-0.3760273224215793,-2.135428129372774,-10.768087083409261,-0.3760273224215793,False,False,False,False,False,False,0.19923144436284926,False,-0.2853982590295866,中性,8383.TWO,千附,2,v1,phase6a,2026-07-12,0,2,2,2,2,2,v1,153,0.8155339805825242,153,0.8155339805825242,156,0.8118932038834952,^TWII,yfinance,2y,2026-09-11,scan_20260914_165629,True,False
False,0,0.7166671752929688,0.09166653951009117,False,True,強烈買入 (爆發),43.900001525878906,2026-09-11 00:00:00,40.53000011444092,0.17499999999999716,False,True,4.097072529065427,True,0.0009505281502630987,57.61954055772886,0.0008886596324086127,0.0009781664542278226,0.7382527408377193,-1.092808428757186,-6.664245107230926,0.7382527408377193,True,False,False,False,False,True,0.22221900046172124,False,-0.2850162795618839,中性,6909.TW,創控,3,v1,phase6a,2026-07-12,0,3,5,3,3,3,v1,48,0.9429611650485437,48,0.9429611650485437,51,0.9393203883495146,^TWII,yfinance,2y,2026-09-11,scan_20260914_165629,False,False
True,0,0.4000008900960286,0.5000006357828776,True,False,觀望 (動能減弱),40.900001525878906,2026-09-11 00:00:00,40.97000026702881,-0.004999923706051845,False,False,0.814700455010204,False,0.0008855717868992319,43.4044735732634,0.0008888358428617255,0.0009033769114962543,-0.03864066435342872,-0.6613304751860949,-2.1745095156578964,-0.03864066435342872,False,False,False,False,False,False,0.3357043445086883,False,-0.014457794557134807,中性,8481.TW,政伸,0,v1,phase6a,2026-07-12,0,0,0,0,0,0,v1,798,0.032766990291262135,798,0.032766990291262135,799,0.03155339805825243,^TWII,yfinance,2y,2026-09-11,scan_20260914_165629,False,False
True,0,0.8700790405273438,1.2180760701497393,True,False,觀望 (動能減弱),80.30000305175781,2026-09-11 00:00:00,80.2183006286621,0.09044494628905397,False,True,0.49924433412206615,False,0.0017386653921165304,32.997727415846924,0.00173777751100863,0.0017476432575486026,0.005378490368346256,-0.8177398497620558,-0.4795185628698184,0.005378490368346256,True,False,False,False,False,True,0.466707257952891,False,-0.027844981414665293,中性,9941.TW,裕融,0,v1,phase6a,2026-07-12,0,0,2,0,0,0,v1,820,0.006067961165048544,820,0.006067961165048544,820,0.006067961165048544,^TWII,yfinance,2y,2026-09-11,scan_20260914_165629,False,False
True,1,-0.5,-0.1333332061767578,True,False,賣出 (動能轉弱),58.900001525878906,2026-09-11 00:00:00,61.59499969482422,-0.2849998474121094,False,False,0.8338899523896878,False,0.0012753099670824324,30.52348931525896,0.0013409872812550452,0.0014770747125175086,-0.512901401441912,-2.460003013248846,-8.570217333371733,-0.512901401441912,False,False,False,False,False,False,0.0,False,-0.33371040147961917,中性,3663.TWO,鑫科,0,v1,phase6a,2026-07-12,0,0,0,0,0,0,v1,538,0.3483009708737864,538,0.3483009708737864,544,0.34101941747572817,^TWII,yfinance,2y,2026-09-11,scan_20260914_165629,False,False
True,1,0.6666666666666666,0.5000000000000001,True,False,買入 (動能增強),371.0,2026-09-11 00:00:00,370.05,-0.30000000000001137,False,True,1.0783633570855091,False,0.008032936935998191,39.61898275425706,0.008050489514576414,0.008221934629182493,-0.022945386102257714,-1.323499511674342,-4.930175051761465,-0.022945386102257714,False,False,False,False,False,True,0.33699620036324274,False,-0.06783919597989951,中性,8464.TW,億豐,2,v1,phase6a,2026-07-12,0,2,3,2,2,2,v1,157,0.8106796116504854,157,0.8106796116504854,160,0.8070388349514563,^TWII,yfinance,2y,2026-09-11,scan_20260914_165629,False,False
True,1,-0.14166657129923504,-0.08333333333333334,True,False,賣出 (動能轉弱),10.850000381469727,2026-09-11 00:00:00,11.172499990463256,-0.027499961853028054,False,False,1.9143952663450516,True,0.00023492552242561354,25.53801681579703,0.00024328054888318276,0.00026893799181493597,-0.3602049385227679,-2.137331805839149,-7.893732234524798,-0.3602049385227679,False,False,False,False,False,False,0.016356309439888757,False,-0.2931596018350806,中性,3322.TWO,建舜電,0,v1,phase6a,2026-07-12,0,0,0,0,0,0,v1,508,0.38470873786407767,508,0.38470873786407767,517,0.3737864077669903,^TWII,yfinance,2y,2026-09-11,scan_20260914_165629,False,False
True,0,0.02499961853027341,0.508332888285319,True,False,觀望 (動能減弱),30.399999618530273,2026-09-11 00:00:00,31.310000038146974,-0.017500019073484196,True,False,0.4769715622884572,False,0.0006582244738275546,27.789597890147977,0.0006827570564676346,0.0007293076979925143,-0.3768026460246432,-2.018447117590183,-6.180408359629008,-0.3768026460246432,False,False,False,False,False,False,0.011418659289844344,False,-0.2149093269531811,中性,6962.TW,奕力-KY,0,v1,phase6a,2026-07-12,0,0,0,0,0,0,v1,739,0.10436893203883495,739,0.10436893203883495,741,0.10194174757281553,^TWII,yfinance,2y,2026-09-11,scan_20260914_165629,False,False
True,0,0.23333295186360675,0.3416665395100911,True,False,觀望 (動能減弱),17.799999237060547,2026-09-11 00:00:00,17.930000019073486,0.014999961853025212,False,False,0.47083818636092123,False,0.0003854077394396854,45.579480466092726,0.00038939822747476683,0.00039368690187494536,-0.10775568897293253,-1.054614940992582,-2.2112938263304183,-0.10775568897293253,False,False,False,False,False,True,0.39411734336452026,False,-0.08717952630458736,中性,1434.TW,福懋,0,v1,phase6a,2026-07-12,0,0,1,0,0,0,v1,320,0.6128640776699029,320,0.6128640776699029,334,0.595873786407767,^TWII,yfinance,2y,2026-09-11,scan_20260914_165629,False,False
True,0,-0.16666603088378906,-0.5333321889241537,True,False,觀察 (跌勢收斂),35.54999923706055,2026-09-11 00:00:00,35.9375,-0.0975000381469755,True,False,0.8738203425375743,False,0.0007697328893425638,31.673683152925797,0.0007842202054913846,0.0008346993611278165,-0.19408081323902815,-1.5265033153390006,-8.612745730396941,-0.19408081323902815,False,False,False,False,False,True,0.11846810550171193,False,-0.11786600719415952,中性,3095.TWO,及成,1,v1,phase6a,2026-07-12,0,1,1,1,1,1,v1,216,0.7390776699029126,216,0.7390776699029126,222,0.7317961165048543,^TWII,yfinance,2y,2026-09-11,scan_20260914_165629,False,False
True,0,0.47499990463256836,0.4416666030883789,True,False,買入 (動能增強),15.149999618530273,2026-09-11 00:00:00,14.777500104904174,0.0424999713897698,False,True,0.2564202638357661,False,0.00032802962672789845,32.98306596804986,0.00031981073367700334,0.00032411206388617244,0.2712521107331334,0.2573226479621882,2.8949183044272964,0.2712521107331334,True,True,False,False,False,True,0.7066869886342184,False,0.0,偏強 (RS上升),5514.TWO,三豐,2,v1,phase6a,2026-07-12,1,3,4,3,2,3,v1,121,0.8543689320388349,121,0.8543689320388349,62,0.9259708737864077,^TWII,yfinance,2y,2026-09-11,scan_20260914_165629,False,False
True,0,-43.33333333333333,4.166666666666661,True,False,賣出 (動能轉弱),2580.0,2026-09-11 00:00:00,2876.0,-25.5,False,False,1.915691713108455,True,0.055862472492925426,93.46567216494914,0.06311054815298961,0.0672594028805197,-1.1944786038079358,-2.9360386981315933,-14.336999201532151,-1.1944786038079358,False,False,False,False,False,False,0.0,False,-0.30081300813008127,中性,7734.TWO,印能科技,0,v1,phase6a,2026-07-12,0,0,0,0,0,0,v1,748,0.09344660194174757,748,0.09344660194174757,750,0.09101941747572816,^TWII,yfinance,2y,2026-09-11,scan_20260914_165629,False,False
True,0,5.363637288411459,4.034698486328125,True,False,買入 (動能增強),609.0,2026-09-11 00:00:00,617.5857147216797,-1.5581878662109148,False,False,0.59670000627746,False,0.013186141762864954,121.03936445468038,0.013403678513371986,0.013734980507192872,-0.17054685728246088,-1.1504271794347987,-4.4465374869652186,-0.17054685728246088,False,False,False,False,False,False,0.050370754200604446,False,-0.131041117118589,中性,6691.TW,洋基工程,5,v1,phase6a,2026-07-12,0,5,5,5,5,5,v1,2,0.9987864077669902,2,0.9987864077669902,3,0.9975728155339806,^TWII,yfinance,2y,2026-09-11,scan_20260914_165629,True,True
True,1,0.33333396911621094,0.5000006357828777,True,False,觀望 (動能減弱),32.650001525878906,2026-09-11 00:00:00,32.714999961853025,0.0025001525878849407,False,False,0.8980606298055732,False,0.0007069417876485982,30.435680226604074,0.0007135335353089885,0.0007627419600416317,-0.09714947527824647,-1.2053145070092586,-5.2366442287005155,-0.09714947527824647,False,False,False,False,False,True,0.11434290492656043,False,-0.12583660348737902,中性,6722.TW,輝創,0,v1,phase6a,2026-07-12,0,0,1,0,0,0,v1,711,0.1383495145631068,711,0.1383495145631068,713,0.13592233009708737,^TWII,yfinance,2y,2026-09-11,scan_20260914_165629,False,False
True,0,-8.25,-7.416666666666666,True,False,賣出 (動能轉弱),176.0,2026-09-11 00:00:00,182.575,-0.22500000000002274,True,False,0.3699066787195774,False,0.0038107733173468506,82.29326636271755,0.003896706110820996,0.0039676924723505485,-0.23159580988849626,-1.6460105241285494,-0.38008155464230864,-0.23159580988849626,False,False,False,False,False,False,0.20987760176548678,False,-0.2931726907630522,中性,3042.TW,晶技,0,v1,phase6a,2026-07-12,0,0,0,0,0,0,v1,474,0.42597087378640774,474,0.42597087378640774,483,0.41504854368932037,^TWII,yfinance,2y,2026-09-11,scan_20260914_165629,False,False
True,0,-1.8083324432373047,-0.9916661580403645,True,False,賣出 (動能轉弱),40.25,2026-09-11 00:00:00,44.075,-0.20249996185302166,True,False,0.3895122341981021,False,0.0008714978751318792,98.84647843390101,0.0009490161689455821,0.0009915089293064281,-0.852489039869142,-2.6026464071656097,-5.425340112165866,-0.852489039869142,False,False,False,False,False,False,0.0,False,-0.36111111111111116,中性,6174.TWO,安��,0,v1,phase6a,2026-07-12,0,0,0,0,0,0,v1,653,0.2087378640776699,653,0.2087378640776699,656,0.20509708737864077,^TWII,yfinance,2y,2026-09-11,scan_20260914_165629,False,False
True,1,0.18333371480305988,0.1916669209798177,True,False,觀望 (動能減弱),41.25,2026-09-11 00:00:00,40.98500003814697,0.0274999618530245,False,True,1.9757945898954596,True,0.000893149996253168,44.060776258887515,0.0008898053222669246,0.000918574367421512,0.03958284995837502,-1.0380273108480775,-3.028733097696268,0.03958284995837502,True,False,False,False,False,True,0.25454866754973265,False,-0.01661429522542157,中性,8931.TWO,大汽電,2,v1,phase6a,2026-07-12,0,2,4,2,2,2,v1,159,0.808252427184466,159,0.808252427184466,162,0.8046116504854369,^TWII,yfinance,2y,2026-09-11,scan_20260914_165629,False,True
True,0,0.12499936421712232,0.8999996185302734,True,False,觀望 (動能減弱),42.75,2026-09-11 00:00:00,45.00999984741211,-0.18500003814697408,False,False,0.40263685773625585,False,0.0009256281779351015,41.17464866188057,0.0009604290137794284,0.0009744245849902173,-0.3799683942748877,-1.4928589819129257,4.938261790668919,-0.3799683942748877,False,False,False,False,False,False,0.5068008120698372,False,-0.1009463578144375,中性,4510.TWO,高鋒,0,v1,phase6a,2026-07-12,0,0,0,0,0,0,v1,566,0.3143203883495146,566,0.3143203883495146,571,0.308252427184466,^TWII,yfinance,2y,2026-09-11,scan_20260914_165629,False,False
True,0,3.999999999999999,3.5,True,False,買入 (動能增強),178.0,2026-09-14 00:00:00,187.75,0.3499999999999943,False,False,0.3681352412182844,False,0.003854077559589428,257.71758741689035,0.004047857359586985,0.003936903258734996,-0.5013911987904796,-0.2700817925305077,-0.374133027295942,-0.5013911987904796,False,False,True,False,False,False,0.3377786895156452,False,-0.2552301255230126,中性,6907.TWO,雅特力-KY,3,v1,phase6a,2026-07-12,0,3,4,3,3,3,v1,47,0.9441747572815534,47,0.9441747572815534,50,0.9405339805825242,^TWII,yfinance,2y,2026-09-11,scan_20260914_165629,True,False
True,2,0.09166622161865234,0.10833295186360675,True,False,觀望 (動能減弱),25.899999618530273,2026-09-11 00:00:00,26.019999980926514,0.0,False,False,0.25341909707529603,False,0.0005607899287817544,38.304529843569114,0.0005620089118470422,0.0005712011442292662,-0.022826100277817396,-0.8010745970653765,-0.4949117698637595,-0.022826100277817396,False,False,False,False,False,False,0.326102887485987,False,-0.013333347865513434,中性,5356.TWO,協益,2,v1,phase6a,2026-07-12,0,2,2,2,2,2,v1,119,0.8567961165048543,119,0.8567961165048543,129,0.8446601941747572,^TWII,yfinance,2y,2026-09-11,scan_20260914_165629,False,True
False,0,-3.2833328247070312,-2.6666679382324214,False,True,強烈賣出 (跌破),73.80000305175781,2026-09-11 00:00:00,77.2900001525879,-0.25,False,False,3.100749891881747,True,0.0015979266048281524,42.74986405649551,0.0016672734094746297,0.0017122074721919436,-0.4359119207255624,-2.3389625225397004,-5.660732575020477,-0.4359119207255624,False,False,False,False,False,False,0.2961097463666468,False,-0.12351537141832991,中性,7642.TWO,昶瑞機電,0,v1,phase6a,2026-07-12,0,0,0,0,0,0,v1,744,0.0983009708737864,744,0.0983009708737864,746,0.09587378640776699,^TWII,yfinance,2y,2026-09-11,scan_20260914_165629,False,False
True,0,-0.16666666666666663,0.5,True,False,賣出 (動能轉弱),141.5,2026-09-11 00:00:00,141.775,-0.09999999999999432,True,False,0.44789509611624656,False,0.0030637751386623827,24.458429477256026,0.003088512856443764,0.0032607953031362,-0.08424043602150988,-1.493021906513614,-5.741304743060249,-0.08424043602150988,False,False,False,False,False,True,0.1214398004665926,False,-0.0873882183069844,中性,8478.TW,東哥遊艇,0,v1,phase6a,2026-07-12,0,0,0,0,0,0,v1,797,0.03398058252427184,797,0.03398058252427184,798,0.032766990291262135,^TWII,yfinance,2y,2026-09-11,scan_20260914_165629,False,False
True,0,0.5916665395100911,0.6416664123535157,True,False,觀望 (動能減弱),46.04999923706055,2026-09-11 00:00:00,44.982500076293945,-0.04250011444091939,True,True,4.07348910311467,True,0.0009970801611160975,49.220200737439946,0.000974140605931861,0.000986652051272006,0.24849496960528406,-0.9088613398546053,-0.8185989162922236,0.24849496960528406,True,True,False,False,False,True,0.7116922920108665,False,-0.018123715589845713,偏強 (RS上升),6112.TW,邁達特,2,v1,phase6a,2026-07-12,0,2,3,2,2,2,v1,122,0.8531553398058253,122,0.8531553398058253,131,0.8422330097087378,^TWII,yfinance,2y,2026-09-11,scan_20260914_165629,False,True
True,0,-1.5666669209798176,-1.6500002543131511,True,False,觀察 (跌勢收斂),75.4000015258789,2026-09-11 00:00:00,79.29500007629395,-0.5349998474121094,False,False,0.5147486203664581,False,0.0016325699655836997,13.93834506866759,0.0017421604078919624,0.0020670212369287727,-0.6578012624714247,-2.739975471862177,-14.641978975792203,-0.6578012624714247,False,False,False,False,False,False,0.05582571317622342,False,-0.2986046369685683,中性,6535.TWO,順藥,1,v1,phase6a,2026-07-12,0,1,1,1,1,1,v1,269,0.6747572815533981,269,0.6747572815533981,273,0.6699029126213593,^TWII,yfinance,2y,2026-09-11,scan_20260914_165629,False,False
True,1,-0.03333346048990882,0.0333334604899089,True,False,賣出 (動能轉弱),62.29999923706055,2026-09-11 00:00:00,60.5899995803833,0.07999992370605469,False,True,4.762399643490551,True,0.0013489271293370426,43.383072290938934,0.0013106873075322339,0.0013513568703285423,0.30805550372057233,-0.964079045613242,-0.5738203383098495,0.30805550372057233,True,False,False,False,False,True,0.7698352081693948,False,-0.03221799631152311,中性,6150.TWO,撼訊,0,v1,phase6a,2026-07-12,0,0,2,0,0,0,v1,649,0.21359223300970873,649,0.21359223300970873,652,0.2099514563106796,^TWII,yfinance,2y,2026-09-11,scan_20260914_165629,False,False
True,0,1.1249993642171223,0.7999992370605469,True,False,買入 (動能增強),37.5,2026-09-11 00:00:00,36.19250011444092,0.06749992370605185,False,True,1.0721199402680002,False,0.0008119545420483346,35.341178274744294,0.0007915996080079045,0.000834977587986192,0.27140486194481284,0.16259010443677724,-3.155884649678675,0.27140486194481284,True,False,False,False,False,True,0.4086275859436163,False,-0.17582417582417587,偏強 (RS上升),1591.TWO,駿吉-KY,2,v1,phase6a,2026-07-12,1,3,4,3,2,3,v1,60,0.9283980582524272,60,0.9283980582524272,58,0.9308252427184466,^TWII,yfinance,2y,2026-09-11,scan_20260914_165629,False,False
True,0,-1.4999999999999998,-1.2833340962727864,True,False,賣出 (動能轉弱),64.9000015258789,2026-09-11 00:00:00,66.82000007629395,-0.15499992370604332,False,False,0.1219965608588558,False,0.001405222693810166,50.001877626914826,0.001445980636793308,0.0014828489702768178,-0.2958281552708053,-1.9997396569497283,-5.13421774998265,-0.2958281552708053,False,False,False,False,False,False,0.2151915557297355,False,-0.05668606617567962,中性,1525.TW,江申,0,v1,phase6a,2026-07-12,0,0,0,0,0,0,v1,343,0.5849514563106796,343,0.5849514563106796,357,0.5679611650485437,^TWII,yfinance,2y,2026-09-11,scan_20260914_165629,False,False
True,0,-2.75,-1.25,True,False,賣出 (動能轉弱),315.0,2026-09-11 00:00:00,321.0,-0.25,True,False,1.9455421133334685,True,0.006820418153206011,33.41295474018659,0.006967190843023384,0.007315869754741459,-0.2212595163958775,-1.6932991137103892,-4.989276546305921,-0.2212595163958775,False,False,False,False,False,False,0.06205445975174381,False,-0.05741399589430385,中性,6561.TWO,是方,0,v1,phase6a,2026-07-12,0,0,0,0,0,0,v1,691,0.16262135922330098,691,0.16262135922330098,694,0.15898058252427186,^TWII,yfinance,2y,2026-09-11,scan_20260914_165629,False,False
True,1,0.5333334604899089,0.24166679382324222,True,False,買入 (動能增強),34.900001525878906,2026-09-11 00:00:00,34.64000053405762,0.0,False,True,0.21264125692246966,False,0.0007556590601714983,38.584921526900466,0.0007510948916962333,0.0007782672701737744,0.06400606663086172,-0.2248926904328319,-2.006029558991307,0.06400606663086172,True,False,False,False,False,True,0.3270389916596157,False,-0.06553207362468505,中性,3206.TWO,志豐,2,v1,phase6a,2026-07-12,0,2,3,2,2,2,v1,96,0.8847087378640777,96,0.8847087378640777,108,0.8701456310679612,^TWII,yfinance,2y,2026-09-11,scan_20260914_165629,False,False
True,2,0.3333333333333333,0.7499999999999999,True,False,觀望 (動能減弱),130.5,2026-09-11 00:00:00,130.875,-0.05000000000001137,True,False,0.7518110365490775,False,0.0028256018063282044,50.69217898670853,0.0028446878956713793,0.0029559974766933737,-0.0705751987644554,-1.1693248946695656,-4.3790864555740106,-0.0705751987644554,False,False,False,False,False,False,0.09665853760387837,False,-0.1801091398566398,中性,3014.TW,聯陽,0,v1,phase6a,2026-07-12,0,0,0,0,0,0,v1,468,0.433252427184466,468,0.433252427184466,477,0.4223300970873786,^TWII,yfinance,2y,2026-09-11,scan_20260914_165629,False,False
True,0,0.08333333333333333,0.04999987284342448,True,False,買入 (動能增強),34.0,2026-09-11 00:00:00,34.014999580383304,-0.017499923706054688,False,False,0.5109797297297297,False,0.0007361721181238234,41.398592408333805,0.0007408353121984959,0.0007804151700337071,-0.06621411072569305,-1.1772771970008145,-5.527270669354911,-0.06621411072569305,False,False,False,False,False,True,0.13483315957612454,False,-0.07482993197278909,中性,6242.TWO,立康,2,v1,phase6a,2026-07-12,0,2,2,2,2,2,v1,131,0.8422330097087378,131,0.8422330097087378,138,0.8337378640776699,^TWII,yfinance,2y,2026-09-11,scan_20260914_165629,False,False
True,1,-1.5499992370605469,-1.2166659037272134,True,False,賣出 (動能轉弱),82.80000305175781,2026-09-11 00:00:00,83.23499984741211,-0.11499977111816406,True,False,0.2493427252426508,False,0.0017927956949197526,37.953352943991945,0.0018192763691256824,0.0019514814185527009,-0.15298253425978237,-1.8471594012524517,-9.302512094483061,-0.15298253425978237,False,False,False,False,False,False,0.10852643041478098,False,-0.11349034583456707,中性,4994.TW,傳奇,1,v1,phase6a,2026-07-12,0,1,1,1,1,1,v1,240,0.7099514563106796,240,0.7099514563106796,245,0.7038834951456311,^TWII,yfinance,2y,2026-09-11,scan_20260914_165629,True,False
True,0,-0.49999872843424475,-0.14999898274739581,True,False,賣出 (動能轉弱),48.5,2026-09-11 00:00:00,50.28499965667724,0.01499996185302166,False,False,0.4915591556940954,False,0.0010501278743825129,63.303930132440264,0.001088762435102857,0.0011073074180648857,-0.3721346162836814,-1.8490822736352386,-3.7125187324659525,-0.3721346162836814,False,False,False,False,False,False,0.008545853021009131,False,-0.21393842138926078,中性,1708.TW,東鹼,1,v1,phase6a,2026-07-12,0,1,2,1,1,1,v1,179,0.7839805825242718,179,0.7839805825242718,188,0.7730582524271845,^TWII,yfinance,2y,2026-09-11,scan_20260914_165629,True,False
True,1,-0.09999974568684895,-0.09166638056437175,True,False,賣出 (動能轉弱),11.699999809265137,2026-09-11 00:00:00,11.837499904632569,-0.015000009536741743,True,False,1.0958609292732606,False,0.000253329812989266,26.548089202489066,0.0002578392343599141,0.0002939540798944021,-0.18375933886519702,-1.8720579652895752,-7.389950330254058,-0.18375933886519702,False,False,False,False,False,False,0.06759233388461024,False,-0.19863017098857483,中性,4745.TWO,合富-KY,0,v1,phase6a,2026-07-12,0,0,0,0,0,0,v1,582,0.2949029126213592,582,0.2949029126213592,586,0.29004854368932037,^TWII,yfinance,2y,2026-09-11,scan_20260914_165629,False,False
True,0,0.8166669209798177,1.0666662851969402,True,False,觀望 (動能減弱),52.900001525878906,2026-09-11 00:00:00,53.275000190734865,0.005000114440917969,False,False,0.51652804217853,False,0.0011453972403546989,11.602097412228076,0.0011565247137381221,0.0011778690741761548,-0.10117621212206718,-0.889472996444951,-2.020786832025867,-0.10117621212206718,False,False,False,False,False,True,0.32164449676124507,False,-0.04449973796365725,中性,5508.TWO,永信建,0,v1,phase6a,2026-07-12,0,0,1,0,0,0,v1,624,0.24393203883495146,624,0.24393203883495146,627,0.24029126213592233,^TWII,yfinance,2y,2026-09-11,scan_20260914_165629,False,False
True,0,5.166666666666667,5.416666666666667,True,False,觀望 (動能減弱),202.0,2026-09-11 00:00:00,203.525,0.17500000000001137,False,False,0.7233738602484325,False,0.004373728466500363,47.11819007389532,0.00441784594752135,0.004577527026868376,-0.10500748408931448,-0.7463090060203958,-1.6378698341272147,-0.10500748408931448,False,False,False,False,False,False,0.04396963115586409,False,-0.16576192955464908,中性,1503.TW,士電,1,v1,phase6a,2026-07-12,0,1,2,1,1,1,v1,177,0.7864077669902912,177,0.7864077669902912,186,0.7754854368932039,^TWII,yfinance,2y,2026-09-11,scan_20260914_165629,True,False
False,0,-1.7833334604899087,-1.0666669209798176,False,True,強烈賣出 (跌破),59.099998474121094,2026-09-11 00:00:00,62.22500019073486,-0.21500015258789062,True,False,0.74619764577535,False,0.0012796403252296606,13.78738016355684,0.0013387104374566743,0.0014202855072280728,-0.46232251539046754,-2.5000204687529393,-3.367526494632034,-0.46232251539046754,False,False,False,False,False,False,0.02938668564372637,False,-0.1950255774979952,中性,6546.TWO,正基,0,v1,phase6a,2026-07-12,0,0,0,0,0,0,v1,689,0.1650485436893204,689,0.1650485436893204,692,0.16140776699029127,^TWII,yfinance,2y,2026-09-11,scan_20260914_165629,False,False
True,1,-2.75,-3.166666666666666,True,False,觀察 (跌勢收斂),173.0,2026-09-11 00:00:00,175.375,-1.3499999999999943,False,False,0.6471327284232853,False,0.0037458169539829837,90.61126654123689,0.003840944071315035,0.004059753804408984,-0.2600231473959491,-2.413805892330867,-11.659516132136805,-0.2600231473959491,False,False,False,False,False,False,0.0944626441977642,False,-0.3121272365805169,中性,2645.TW,長榮航太,1,v1,phase6a,2026-07-12,0,1,1,1,1,1,v1,207,0.75,207,0.75,213,0.7427184466019418,^TWII,yfinance,2y,2026-09-11,scan_20260914_165629,False,False
True,0,-0.15833330154418945,-0.016666730244954416,True,False,賣出 (動能轉弱),11.300000190734863,2026-09-11 00:00:00,11.492499828338623,0.017500019073485973,False,False,0.2770804278066811,False,0.0002446689728003792,29.05454760410422,0.00024762235809936756,0.0002501122419395966,-0.12538966622444025,-1.3397810786212938,-0.041114224304761304,-0.12538966622444025,False,False,False,False,False,False,0.3330096600627459,False,-0.034188002141121165,中性,2537.TW,聯上發,0,v1,phase6a,2026-07-12,0,0,1,0,0,0,v1,440,0.4672330097087379,440,0.4672330097087379,449,0.4563106796116505,^TWII,yfinance,2y,2026-09-11,scan_20260914_165629,False,False
True,0,-0.9166666666666666,-0.9166666666666666,True,False,賣出 (動能轉弱),112.5,2026-09-11 00:00:00,113.725,-0.125,True,False,0.15783955666670507,False,0.002435863626145004,44.820083777406715,0.002468137791117315,0.0025551957427793442,-0.13745629436469065,-1.5042130298334677,-5.114678766270286,-0.13745629436469065,False,False,False,False,False,False,0.1727821341336745,False,-0.0451217159626941,中性,7747.TWO,昕奇雲端,0,v1,phase6a,2026-07-12,0,0,0,0,0,0,v1,750,0.09101941747572816,750,0.09101941747572816,752,0.08859223300970874,^TWII,yfinance,2y,2026-09-11,scan_20260914_165629,False,False
True,1,-0.0516668160756429,-0.03166675567626953,True,False,賣出 (動能轉弱),5.949999809265137,2026-09-11 00:00:00,6.007500052452087,-0.004500007629394176,False,False,2.140955898747265,True,0.00012883011654185472,29.91443579765684,0.00013036646184721111,0.00013794280099317272,-0.12389704313505723,-1.5328304239249246,-4.764263959006776,-0.12389704313505723,False,False,False,False,False,False,0.10243634493640015,False,-0.08179015559387748,中性,8429.TW,金麗-KY,0,v1,phase6a,2026-07-12,0,0,0,0,0,0,v1,790,0.04247572815533981,790,0.04247572815533981,791,0.0412621359223301,^TWII,yfinance,2y,2026-09-11,scan_20260914_165629,False,False
True,0,-0.03333346048990885,0.024999936421712245,True,False,賣出 (動能轉弱),20.799999237060547,2026-09-11 00:00:00,20.917500019073486,-0.007500076293943891,False,False,0.8262333963538806,False,0.00045036410280355216,46.77624337865217,0.00045360629166776086,0.00046589069597535856,-0.07518115688992522,-1.1174865285580204,-3.1085108610287016,-0.07518115688992522,False,False,False,False,False,False,0.2524278841098551,False,-0.018867995824705996,中性,1731.TW,美吾華,0,v1,phase6a,2026-07-12,0,0,0,0,0,0,v1,363,0.5606796116504854,363,0.5606796116504854,376,0.5449029126213593,^TWII,yfinance,2y,2026-09-11,scan_20260914_165629,False,False
True,2,-0.03479703267415364,0.0038655598958333335,True,False,賣出 (動能轉弱),18.67371940612793,2026-09-11 00:00:00,18.651685523986817,-0.006959342956541548,True,True,0.0,False,0.0004043256343664454,26.447631526631138,0.0004057182708742866,0.000430561614643098,-0.03611875024143174,-1.2206327387174087,-4.914840447807245,-0.03611875024143174,False,False,False,False,False,False,0.0757327529334724,False,-0.2747749432788692,中性,8277.TWO,商丞,1,v1,phase6a,2026-07-12,0,1,2,1,1,1,v1,293,0.6456310679611651,293,0.6456310679611651,297,0.6407766990291263,^TWII,yfinance,2y,2026-09-11,scan_20260914_165629,True,False
True,1,-0.5,-0.3333333333333333,True,False,賣出 (動能轉弱),118.5,2026-09-11 00:00:00,124.55,-0.6000000000000085,True,False,0.6799551184893465,False,0.0025657763528727376,87.97590949270838,0.0027144475824976417,0.0029706401629677357,-0.5732251291588941,-2.4743682493455044,-9.212897245554885,-0.5732251291588941,False,False,False,False,False,False,0.0,False,-0.48532165706468133,中性,2375.TW,凱美,0,v1,phase6a,2026-07-12,0,0,0,0,0,0,v1,413,0.5,413,0.5,424,0.4866504854368932,^TWII,yfinance,2y,2026-09-11,scan_20260914_165629,False,False
True,0,-10.5,-11.333333333333332,True,False,觀察 (跌勢收斂),242.5,2026-09-11 00:00:00,249.725,-0.375,False,False,0.6885317887808236,False,0.005250639371912564,37.63991431572565,0.005290453956306911,0.0051206845026010505,-0.07915561687645845,-1.353625852551421,4.686006193918635,-0.07915561687645845,False,True,True,False,False,False,0.6655116180479553,False,-0.06730769230769229,中性,3617.TW,碩天,1,v1,phase6a,2026-07-12,0,1,1,1,1,1,v1,227,0.7257281553398058,227,0.7257281553398058,233,0.7184466019417476,^TWII,yfinance,2y,2026-09-11,scan_20260914_165629,False,False
True,0,-0.22500038146972656,-0.041667302449544266,True,False,賣出 (動能轉弱),19.0,2026-09-11 00:00:00,19.95999994277954,-0.052499961853030186,False,False,3.5390578119006713,True,0.0004113903013044895,32.68694918860752,0.00043355660220447626,0.00047021357302601296,-0.5352945428291345,-1.9219076919914646,-6.543128806791354,-0.5352945428291345,False,False,False,False,False,False,0.0,False,-0.21971253789141865,中性,6283.TW,淳安,0,v1,phase6a,2026-07-12,0,0,0,0,0,0,v1,668,0.19053398058252427,668,0.19053398058252427,671,0.18689320388349515,^TWII,yfinance,2y,2026-09-11,scan_20260914_165629,False,False
True,0,3.1166648864746094,2.733332316080729,True,False,買入 (動能增強),91.0,2026-09-11 00:00:00,90.6150001525879,-0.19000015258788494,False,True,0.6392079602507511,False,0.001970343022037292,46.86740221463878,0.001967261103844944,0.001957304975488197,0.01649328332313793,-0.4840005174459705,-0.7172350069974853,0.01649328332313793,True,True,True,False,False,True,0.7267339689118048,False,-0.04612160854824865,偏強 (RS上升),4938.TW,和碩,2,v1,phase6a,2026-07-12,1,3,3,3,2,3,v1,113,0.8640776699029126,113,0.8640776699029126,61,0.9271844660194175,^TWII,yfinance,2y,2026-09-11,scan_20260914_165629,False,False
True,0,0.14999993642171222,0.35833295186360675,True,False,觀望 (動能減弱),23.950000762939453,2026-09-11 00:00:00,24.007499980926514,0.03250007629394602,False,False,2.2641423994626435,True,0.0005185683173741272,53.31964072201679,0.0005192688186806182,0.0005196870762028281,-0.01419813932576064,-0.749019057606426,0.02837566867754937,-0.01419813932576064,False,False,False,False,False,True,0.558024660903221,False,-0.03621728791607548,中性,1470.TW,大統新創,0,v1,phase6a,2026-07-12,0,0,1,0,0,0,v1,334,0.595873786407767,334,0.595873786407767,348,0.5788834951456311,^TWII,yfinance,2y,2026-09-11,scan_20260914_165629,False,False
False,0,3.5,5.166666666666666,False,True,強烈買入 (爆發),169.5,2026-09-11 00:00:00,176.9,-0.2750000000000057,False,False,1.7894249846665449,True,0.0036700345300584728,82.81727616193123,0.0038553921956987385,0.00408885969080029,-0.5035308125647453,-1.4015205526891394,-4.775459305214447,-0.5035308125647453,False,False,False,False,False,False,0.0,False,-0.2302452209395769,中性,3551.TWO,世禾,3,v1,phase6a,2026-07-12,0,3,3,3,3,3,v1,30,0.9648058252427184,30,0.9648058252427184,39,0.9538834951456311,^TWII,yfinance,2y,2026-09-11,scan_20260914_165629,False,False
True,0,-0.266666571299235,-0.2216664950052897,True,False,賣出 (動能轉弱),9.979999542236328,2026-09-11 00:00:00,10.190000057220459,-0.013500022888184304,True,False,0.7199984365748234,False,0.000216088158878909,33.725311253133995,0.00022088491565063937,0.00023656749054076992,-0.22806908001667958,-2.1506872988177217,-6.2879985644988645,-0.22806908001667958,False,False,False,False,False,False,0.10766286608238643,False,-0.1752066754047401,中性,2431.TW,聯昌,0,v1,phase6a,2026-07-12,0,0,0,0,0,0,v1,421,0.49029126213592233,421,0.49029126213592233,431,0.47815533980582525,^TWII,yfinance,2y,2026-09-11,scan_20260914_165629,False,False
True,1,-0.14999993642171225,-0.1416667302449544,True,False,賣出 (動能轉弱),22.350000381469727,2026-09-11 00:00:00,22.370000076293945,0.0,False,False,0.8298310892202265,False,0.00048392491532043614,14.870175113561436,0.00048385606819914166,0.0005035072271575753,0.0014977954027939333,-1.1383132283954267,-2.9386974255125042,0.0014977954027939333,True,False,False,False,False,True,0.3084521956750282,False,-0.03455720303425802,中性,3073.TWO,天方能源,0,v1,phase6a,2026-07-12,0,0,0,0,0,0,v1,484,0.41383495145631066,484,0.41383495145631066,493,0.4029126213592233,^TWII,yfinance,2y,2026-09-11,scan_20260914_165629,False,False
True,1,-0.00499995549519857,-0.02333323160807292,True,False,觀察 (跌勢收斂),9.279999732971191,2026-09-11 00:00:00,9.303999948501588,-0.007999992370605113,False,False,1.406723126712711,False,0.0002009316782238211,43.90373259422536,0.0002024260107376334,0.00021131197212191448,-0.07764615959976462,-0.8759812583110871,-5.159146046165564,-0.07764615959976462,False,False,False,False,False,False,0.08306206830699117,False,-0.15636366063898255,中性,1413.TW,宏洲,1,v1,phase6a,2026-07-12,0,1,1,1,1,1,v1,172,0.7924757281553398,172,0.7924757281553398,182,0.7803398058252428,^TWII,yfinance,2y,2026-09-11,scan_20260914_165629,False,False
True,1,0.07999992370605467,0.05333336194356282,True,False,買入 (動能增強),5.71999979019165,2026-09-11 00:00:00,5.700499963760376,-0.0035000085830683147,False,True,0.9584836193031698,False,0.00012385012827097685,31.9874138085658,0.00012410506576005097,0.0001298510912246975,-0.02161855646121147,-0.6101113027839444,-4.006943453341449,-0.02161855646121147,False,False,False,False,False,True,0.24885432751247882,False,-0.04666670163472497,中性,2929.TW,淘帝-KY,2,v1,phase6a,2026-07-12,0,2,3,2,2,2,v1,90,0.8919902912621359,90,0.8919902912621359,105,0.8737864077669902,^TWII,yfinance,2y,2026-09-11,scan_20260914_165629,False,False
False,0,-0.09166669845581055,-0.09499994913736978,False,True,強烈賣出 (跌破),5.0,2026-09-11 00:00:00,5.121500039100647,-0.007999992370605113,False,False,0.658460692448834,False,0.00010826060560644461,34.78680640377287,0.00011088511889564366,0.00011569194261364171,-0.24852565538292515,-1.7470661736246784,-5.478014455676594,-0.24852565538292515,False,False,False,False,False,False,0.08065817556244868,False,-0.12739965386449048,中性,9103.TW,美德醫療-DR,0,v1,phase6a,2026-07-12,0,0,0,0,0,0,v1,805,0.024271844660194174,805,0.024271844660194174,805,0.024271844660194174,^TWII,yfinance,2y,2026-09-11,scan_20260914_165629,False,False
True,0,0.3500000635782877,0.34166685740152986,True,False,買入 (動能增強),19.5,2026-09-11 00:00:00,19.094999980926513,0.04250001907348633,False,True,1.9254051166093773,True,0.000422216361865134,60.57568663485733,0.00041494366773553047,0.00042229213558283907,0.1848351498296985,-0.5732224608744452,-1.5917308142239683,0.1848351498296985,True,False,False,False,False,True,0.4565778783876315,False,0.0,中性,2812.TW,台中銀,2,v1,phase6a,2026-07-12,0,2,4,2,2,2,v1,88,0.8944174757281553,88,0.8944174757281553,103,0.8762135922330098,^TWII,yfinance,2y,2026-09-11,scan_20260914_165629,False,False
True,0,-6.583333333333333,-4.166666666666667,True,False,賣出 (動能轉弱),247.0,2026-09-11 00:00:00,254.8,-0.549999999999983,True,False,0.6757203541263729,False,0.005348073916958364,60.07235848998999,0.005517509946555211,0.005781315845827759,-0.3222088327211825,-2.3554879268023243,-6.010287826895066,-0.3222088327211825,False,False,False,False,False,False,0.04472735291550716,False,-0.23765432098765427,中性,8081.TW,致新,0,v1,phase6a,2026-07-12,0,0,0,0,0,0,v1,769,0.06796116504854369,769,0.06796116504854369,771,0.06553398058252427,^TWII,yfinance,2y,2026-09-11,scan_20260914_165629,False,False
True,0,0.4833335876464844,0.9666671752929688,True,False,觀望 (動能減弱),57.599998474121094,2026-09-11 00:00:00,59.124999618530275,-0.06500015258789205,False,False,0.8101477223060821,False,0.001247162143547727,45.564469960146916,0.0012771409242435675,0.001317697055988685,-0.24647891449054438,-0.9405248285923373,-0.24973139093044106,-0.24647891449054438,False,False,False,False,False,False,0.23003558871595364,False,-0.15789477793610385,中性,6792.TW,詠業,0,v1,phase6a,2026-07-12,0,0,0,0,0,0,v1,720,0.12742718446601942,720,0.12742718446601942,722,0.125,^TWII,yfinance,2y,2026-09-11,scan_20260914_165629,False,False
True,0,0.16666603088378906,0.24999936421712238,True,False,觀望 (動能減弱),55.79999923706055,2026-09-11 00:00:00,56.22000007629394,-0.014999961853028765,False,False,0.6685936490766842,False,0.0012081883420486646,52.89430740829187,0.001220683023414296,0.001261524522632863,-0.10762941879596255,-1.0405148617210314,-3.7407345336482045,-0.10762941879596255,False,False,False,False,False,False,0.12714722487690333,False,-0.019332201394020365,中性,5007.TW,三星,0,v1,phase6a,2026-07-12,0,0,0,0,0,0,v1,600,0.27305825242718446,600,0.27305825242718446,603,0.26941747572815533,^TWII,yfinance,2y,2026-09-11,scan_20260914_165629,False,False
True,1,-0.24166679382324216,-0.24999999999999997,True,False,觀察 (跌勢收斂),21.649999618530273,2026-09-11 00:00:00,21.402499961853028,0.01249999999999929,False,True,5.319198927029523,True,0.0004687684140162765,39.70475096344776,0.0004613414302453575,0.0004637246643425163,0.16974734502357425,-0.8446507092632283,-0.32049731145523674,0.16974734502357425,True,True,False,False,False,True,0.6429095006201372,False,-0.0023042001221758035,偏強 (RS上升),1323.TW,永裕,1,v1,phase6a,2026-07-12,0,1,3,1,1,1,v1,170,0.7949029126213593,170,0.7949029126213593,180,0.7827669902912622,^TWII,yfinance,2y,2026-09-11,scan_20260914_165629,False,False
True,1,-0.17499987284342447,-0.11666647593180338,True,False,賣出 (動能轉弱),25.0,2026-09-11 00:00:00,25.094999885559083,-0.01249999999999929,False,False,0.8928892262025966,False,0.0005413030280322231,34.78680737951652,0.0005440259427914076,0.0005684821664567169,-0.052657723604176976,-1.2856233415753149,-3.8002980073886805,-0.052657723604176976,False,False,False,False,False,False,0.17745072293970215,False,-0.017681758328068398,中性,3666.TWO,光耀,0,v1,phase6a,2026-07-12,0,0,0,0,0,0,v1,539,0.3470873786407767,539,0.3470873786407767,545,0.33980582524271846,^TWII,yfinance,2y,2026-09-11,scan_20260914_165629,False,False
True,1,-0.19833358128865558,-0.17833344141642252,True,False,賣出 (動能轉弱),9.069999694824219,2026-09-11 00:00:00,9.135000085830688,-0.022000026702881925,False,False,1.7316608630408434,True,0.00019638473196238756,15.491054156360716,0.00020014098655539949,0.00021698409752139646,-0.19716882134597213,-2.403175726937423,-11.189374569985189,-0.19716882134597213,False,False,False,False,False,False,0.14877658965071672,False,-0.12788461273943874,中性,4806.TWO,桂田文創,0,v1,phase6a,2026-07-12,0,0,0,0,0,0,v1,587,0.28883495145631066,587,0.28883495145631066,591,0.28398058252427183,^TWII,yfinance,2y,2026-09-11,scan_20260914_165629,False,False
True,0,-0.44999949137369794,-0.5499992370605468,True,False,觀察 (跌勢收斂),52.099998474121094,2026-09-11 00:00:00,52.30999965667725,0.009999847412110796,False,False,0.5853600983978485,False,0.001128075477380638,53.27543796818472,0.0011364436626579075,0.001177219435594965,-0.07745033096003828,-1.2024274027197523,-5.138533915393884,-0.07745033096003828,False,False,False,False,False,True,0.16168348981623282,False,-0.06302292769395024,中性,1210.TW,大成,1,v1,phase6a,2026-07-12,0,1,2,1,1,1,v1,164,0.8021844660194175,164,0.8021844660194175,174,0.7900485436893204,^TWII,yfinance,2y,2026-09-11,scan_20260914_165629,False,False
True,1,-0.050000508626302086,0.033332824707031236,True,False,賣出 (動能轉弱),51.400001525878906,2026-09-11 00:00:00,51.5100004196167,0.0,False,False,0.4392071432649781,False,0.0011129190586727656,51.329385005101564,0.0011172024470473072,0.0011472528571798103,-0.04034193561434085,-1.129924826150197,-3.34253070785846,-0.04034193561434085,False,False,False,False,False,False,0.2654060193606265,False,-0.00963391108477496,中性,1730.TW,花仙子,0,v1,phase6a,2026-07-12,0,0,0,0,0,0,v1,362,0.5618932038834952,362,0.5618932038834952,375,0.5461165048543689,^TWII,yfinance,2y,2026-09-11,scan_20260914_165629,False,False
False,0,0.9166666666666667,1.4833335876464844,False,True,強烈買入 (爆發),61.29999923706055,2026-09-11 00:00:00,62.56499977111817,-0.11000003814697124,True,False,0.8536589607126924,False,0.0013272750082157535,33.43097260440682,0.0013663519381540577,0.0014833913634571378,-0.3001433927979025,-1.9455699685611783,-6.331994401241059,-0.3001433927979025,False,False,False,False,False,False,0.04798106304391394,False,-0.18145814855633002,中性,6117.TW,迎廣,3,v1,phase6a,2026-07-12,0,3,3,3,3,3,v1,40,0.9526699029126213,40,0.9526699029126213,46,0.9453883495145631,^TWII,yfinance,2y,2026-09-11,scan_20260914_165629,False,False
True,1,-0.08333333333333348,-0.9166666666666667,True,False,觀察 (跌勢收斂),176.0,2026-09-11 00:00:00,181.0,-0.5999999999999943,False,False,0.48026038497890583,False,0.0038107733173468506,48.30771693416401,0.003928218932286092,0.004018543106685518,-0.3137277050596299,-1.613730139564029,-5.763095175174193,-0.3137277050596299,False,False,False,False,False,False,0.08475863135895836,False,-0.3600695947040561,中性,5483.TWO,中美晶,1,v1,phase6a,2026-07-12,0,1,1,1,1,1,v1,246,0.7026699029126213,246,0.7026699029126213,251,0.6966019417475728,^TWII,yfinance,2y,2026-09-11,scan_20260914_165629,False,False
True,1,-0.06666692097981772,0.033332824707031236,True,False,賣出 (動能轉弱),52.900001525878906,2026-09-11 00:00:00,53.22500038146973,-0.01999988555908061,True,False,0.6875915281998592,False,0.0011453972403546989,42.25852336092154,0.0011558525389950252,0.0011989616274300885,-0.09512552883155223,-1.1443867511289674,-4.296176357388193,-0.09512552883155223,False,False,False,False,False,False,0.08085024874434725,False,-0.03659829617745236,中性,2373.TW,震旦行,0,v1,phase6a,2026-07-12,0,0,0,0,0,0,v1,411,0.5024271844660194,411,0.5024271844660194,422,0.4890776699029126,^TWII,yfinance,2y,2026-09-11,scan_20260914_165629,False,False
False,0,-1.4486643473307304,6.686004638671874,False,True,強烈賣出 (跌破),232.5,2026-09-11 00:00:00,253.00833892822266,-0.6999999999999886,False,False,0.7917362080990148,False,0.005034118160699675,31.699102286464328,0.005415366886490806,0.005299605421162725,-0.7356146475160807,-1.5702757965111669,3.4409562401486182,-0.7356146475160807,False,False,True,False,False,False,0.5150394648015689,False,-0.13568773234200748,中性,6533.TW,晶心科,0,v1,phase6a,2026-07-12,0,0,0,0,0,0,v1,686,0.16868932038834952,686,0.16868932038834952,689,0.1650485436893204,^TWII,yfinance,2y,2026-09-11,scan_20260914_165629,False,False
True,1,-0.09166717529296874,0.166666030883789,True,False,賣出 (動能轉弱),42.349998474121094,2026-09-11 00:00:00,42.28249988555908,0.12249984741210795,False,True,0.8374332684332254,False,0.000916967296448071,62.296765380692555,0.0009171593510962744,0.0009194651914179402,-0.002204178928244538,-1.1383682502526082,-3.0174518122858096,-0.002204178928244538,False,False,False,False,False,True,0.40007865621416483,False,-0.046171238317704866,中性,2618.TW,長榮航,0,v1,phase6a,2026-07-12,0,0,2,0,0,0,v1,444,0.46237864077669905,444,0.46237864077669905,453,0.45145631067961167,^TWII,yfinance,2y,2026-09-11,scan_20260914_165629,False,False
True,1,0.49166679382324213,0.6166667938232422,True,False,觀望 (動能減弱),38.900001525878906,2026-09-11 00:00:00,39.305000114440915,-0.025000000000005684,False,False,0.7565829498310449,False,0.000842267544656654,32.64360756488188,0.0008578665075686147,0.0009261847811154086,-0.19103895877644606,-1.0310804462208112,-5.486146485653453,-0.19103895877644606,False,False,False,False,False,False,0.03198378091616007,False,-0.11490327984974524,中性,7821.TW,神數,0,v1,phase6a,2026-07-12,0,0,0,0,0,0,v1,757,0.0825242718446602,757,0.0825242718446602,759,0.08009708737864078,^TWII,yfinance,2y,2026-09-11,scan_20260914_165629,False,False
True,0,-6.833333333333333,-3.25,True,False,賣出 (動能轉弱),402.5,2026-09-11 00:00:00,409.475,0.025000000000034106,False,False,0.5641466186983422,False,0.008714978751318792,235.8833922494824,0.00885693491932191,0.009042131493374224,-0.16842832009159592,-0.9165391681245749,-1.8430408254592412,-0.16842832009159592,False,False,False,False,False,False,0.3098542022089061,False,-0.08209806157354615,中性,3260.TWO,威剛,1,v1,phase6a,2026-07-12,0,1,2,1,1,1,v1,219,0.7354368932038835,219,0.7354368932038835,225,0.7281553398058253,^TWII,yfinance,2y,2026-09-11,scan_20260914_165629,True,False
False,0,2.6508407592773438,0.31434249877929676,False,True,強烈買入 (爆發),127.5,2026-09-11 00:00:00,115.09810256958008,0.4104427337646541,False,True,5.786396526529908,True,0.002760645442964338,91.52078147363153,0.0025149824709343504,0.0025433260490236266,1.0388903250071024,-0.1938867614090345,-3.9150445684139945,1.0388903250071024,True,True,False,False,False,True,0.9287438753473745,False,0.0,偏強 (RS上升),6227.TWO,茂綸,3,v1,phase6a,2026-07-12,0,3,5,3,3,3,v1,43,0.9490291262135923,43,0.9490291262135923,48,0.9429611650485437,^TWII,yfinance,2y,2026-09-11,scan_20260914_165629,False,False
True,1,0.28333409627278633,0.48333422342936194,True,False,觀望 (動能減弱),51.599998474121094,2026-09-11 00:00:00,52.795000076293945,-0.14500007629394673,False,False,0.7669400607596206,False,0.0011172494168199935,34.39675915952904,0.0011513116463546954,0.00123962961579497,-0.3104603612333223,-1.7168056664381925,-7.180253361938737,-0.3104603612333223,False,False,False,False,False,False,0.009274320663056185,False,-0.3151367475462319,中性,3588.TW,通嘉,0,v1,phase6a,2026-07-12,0,0,0,0,0,0,v1,534,0.35315533980582525,534,0.35315533980582525,541,0.3446601941747573,^TWII,yfinance,2y,2026-09-11,scan_20260914_165629,False,False
False,0,-18.666666666666664,-15.416666666666664,False,True,強烈賣出 (跌破),370.0,2026-09-11 00:00:00,391.175,-1.849999999999966,True,False,0.6807335188493789,False,0.008011284814876903,65.23759604060976,0.008541322932388625,0.008850781155555815,-0.648979068541844,-3.762989144366158,-13.874453126344132,-0.648979068541844,False,False,False,False,False,False,0.036793798466432596,False,-0.26441351888667997,中性,6414.TW,樺漢,0,v1,phase6a,2026-07-12,0,0,0,0,0,0,v1,674,0.18325242718446602,674,0.18325242718446602,677,0.1796116504854369,^TWII,yfinance,2y,2026-09-11,scan_20260914_165629,False,False
True,0,-0.20833365122477213,-0.06666660308837889,True,False,賣出 (動能轉弱),31.850000381469727,2026-09-11 00:00:00,31.947500228881836,0.022500038146972656,False,False,0.42417825401309106,False,0.0006896200659726809,45.97790911479389,0.0006885207233749937,0.0006941311830702068,0.016809911740800487,-0.8751797954525409,0.26501618540388794,0.016809911740800487,True,False,False,False,False,True,0.4707553860916871,False,-0.01697534316379201,中性,1437.TW,勤益控,0,v1,phase6a,2026-07-12,0,0,1,0,0,0,v1,321,0.6116504854368932,321,0.6116504854368932,335,0.5946601941747572,^TWII,yfinance,2y,2026-09-11,scan_20260914_165629,False,False
True,0,-0.10000006357828775,-0.12500031789143878,True,False,觀察 (跌勢收斂),30.100000381469727,2026-09-11 00:00:00,30.195000076293944,0.005000019073484907,False,False,0.19298778869767014,False,0.0006517288540104253,27.344229600506036,0.000656909413827381,0.0007076185587180381,-0.08294443042343724,-1.7319834756920005,-5.6381277937681995,-0.08294443042343724,False,False,False,False,False,True,0.1524283987432966,False,-0.1338129386627417,中性,2926.TWO,誠品生活,1,v1,phase6a,2026-07-12,0,1,2,1,1,1,v1,213,0.7427184466019418,213,0.7427184466019418,219,0.7354368932038835,^TWII,yfinance,2y,2026-09-11,scan_20260914_165629,False,False
True,0,-0.40833282470703125,-0.3916664123535156,True,False,賣出 (動能轉弱),20.450000762939453,2026-09-11 00:00:00,20.909999942779542,-0.0625,True,False,3.2340626085120436,True,0.00044278589344961595,34.690970692662425,0.00045535685242863535,0.0004884273637583362,-0.289756178831857,-2.5822386302484124,-9.152069864623869,-0.289756178831857,False,False,False,False,False,False,0.05564901086246291,False,-0.3563970591501531,中性,6156.TWO,松上,0,v1,phase6a,2026-07-12,0,0,0,0,0,0,v1,651,0.2111650485436893,651,0.2111650485436893,654,0.20752427184466019,^TWII,yfinance,2y,2026-09-11,scan_20260914_165629,False,False
True,1,0.1333335240681966,0.17500019073486325,True,False,觀望 (動能減弱),11.75,2026-09-11 00:00:00,11.897500038146973,-0.007499980926514382,True,False,0.9079136621892189,False,0.00025441242317514486,29.365426093101995,0.0002583171702087278,0.0002608973310745283,-0.15886401619631396,-0.6064361489515391,-2.3327706215802935,-0.15886401619631396,False,False,False,False,False,False,0.49737386062258626,False,-0.12962962962962965,中性,5516.TWO,雙喜,3,v1,phase6a,2026-07-12,0,3,3,3,3,3,v1,38,0.9550970873786407,38,0.9550970873786407,44,0.9478155339805825,^TWII,yfinance,2y,2026-09-11,scan_20260914_165629,True,True
True,2,-0.21666653951009116,-0.24166647593180335,True,False,觀察 (跌勢收斂),29.200000762939453,2026-09-11 00:00:00,29.275,-0.014999961853028765,True,False,0.6721408807286007,False,0.000632241953260894,21.904175549579303,0.0006379930115203939,0.0006909171684041715,-0.0947973823349546,-1.5273705312809915,-6.955313200652258,-0.0947973823349546,False,False,False,False,False,True,0.06503748662913565,False,-0.26999998092651367,中性,3465.TWO,進泰電子,1,v1,phase6a,2026-07-12,0,1,1,1,1,1,v1,223,0.7305825242718447,223,0.7305825242718447,229,0.7233009708737864,^TWII,yfinance,2y,2026-09-11,scan_20260914_165629,False,False
True,1,-0.25833257039388013,0.10000038146972655,True,False,賣出 (動能轉弱),37.70000076293945,2026-09-11 00:00:00,39.645000267028806,-0.15000000000000568,False,False,0.5238139123333568,False,0.0008162849827918499,56.700192314586296,0.0008543091623184227,0.0009041748350248791,-0.46632769636029137,-1.9487992352507089,-2.5185440536867,-0.46632769636029137,False,False,False,False,False,False,0.13439137239126228,False,-0.3631756709952526,中性,2342.TW,茂矽,0,v1,phase6a,2026-07-12,0,0,0,0,0,0,v1,405,0.5097087378640777,405,0.5097087378640777,416,0.4963592233009709,^TWII,yfinance,2y,2026-09-11,scan_20260914_165629,False,False
True,1,0.04999995231628417,0.11166667938232419,True,False,觀望 (動能減弱),4.079999923706055,2026-09-11 00:00:00,4.207499980926514,-0.003500008583069203,False,False,0.7860405881256026,False,8.834065252293306e-05,38.838036484212196,9.213263392006671e-05,9.721886285647615e-05,-0.431371680110082,-1.7130905600130863,-6.862795351194196,-0.431371680110082,False,False,False,False,False,False,0.026681972578112726,False,-0.24584102795164853,中性,5701.TWO,劍湖山,1,v1,phase6a,2026-07-12,0,1,1,1,1,1,v1,251,0.6966019417475728,251,0.6966019417475728,256,0.6905339805825242,^TWII,yfinance,2y,2026-09-11,scan_20260914_165629,True,False
True,0,-0.20833333333333331,-0.2249997456868489,True,False,觀察 (跌勢收斂),35.70000076293945,2026-09-11 00:00:00,35.777499961853025,-0.017499923706054688,False,False,0.8747480129303661,False,0.000772980740549272,26.926796717381656,0.0007784118304085343,0.000829414525081889,-0.07338969974656218,-1.339309373305686,-6.005416436185362,-0.07338969974656218,False,False,False,False,False,False,0.09203531697925679,False,-0.09044584043466364,中性,6614.TW,資拓宏宇,1,v1,phase6a,2026-07-12,0,1,1,1,1,1,v1,273,0.6699029126213593,273,0.6699029126213593,277,0.6650485436893204,^TWII,yfinance,2y,2026-09-11,scan_20260914_165629,False,False
True,0,12.499999999999998,0.5000000000000009,True,False,買入 (動能增強),544.0,2026-09-11 00:00:00,561.15,-3.8999999999999773,True,False,0.8212131375492039,False,0.011778753889981175,175.812501673811,0.012349309566592777,0.01372917211534467,-0.4839770404906907,-1.4941441746555872,-12.712519316844661,-0.4839770404906907,False,False,False,False,False,False,0.04683079682022956,False,-0.5228070175438597,中性,2327.TW,國巨*,2,v1,phase6a,2026-07-12,0,2,2,2,2,2,v1,76,0.9089805825242718,76,0.9089805825242718,91,0.8907766990291263,^TWII,yfinance,2y,2026-09-11,scan_20260914_165629,False,False
True,1,-0.31666628519694007,-0.1833330790201823,True,False,賣出 (動能轉弱),60.29999923706055,2026-09-11 00:00:00,62.32000026702881,-0.24499988555908203,False,False,0.8324681498158875,False,0.0013056228870944647,84.88178261399446,0.0013560109100193684,0.0014461192730810786,-0.38962347100642836,-1.7510854994086444,-6.9177325899500985,-0.38962347100642836,False,False,False,False,False,False,0.0519954579337672,False,-0.2573891440476721,中性,8131.TW,福懋科,0,v1,phase6a,2026-07-12,0,0,0,0,0,0,v1,775,0.06067961165048544,775,0.06067961165048544,777,0.05825242718446602,^TWII,yfinance,2y,2026-09-11,scan_20260914_165629,False,False
True,0,0.3250001271565755,0.37499999999999994,True,False,觀望 (動能減弱),21.850000381469727,2026-09-11 00:00:00,21.892499923706055,0.0025000572204589844,False,False,0.06510755768529611,False,0.00047309885475979173,27.019513208311583,0.00047522677227556786,0.0004966209696355697,-0.04711135928301413,-1.018591421604076,-2.6925586320223904,-0.04711135928301413,False,False,False,False,False,False,0.1530452113418624,False,-0.06884489861508913,中性,5015.TWO,華祺,0,v1,phase6a,2026-07-12,0,0,1,0,0,0,v1,602,0.27063106796116504,602,0.27063106796116504,605,0.2669902912621359,^TWII,yfinance,2y,2026-09-11,scan_20260914_165629,False,False
True,0,0.2166671752929687,0.34999974568684894,True,False,觀望 (動能減弱),77.5999984741211,2026-09-11 00:00:00,77.7,0.02999992370605753,False,False,1.75082538911201,True,0.0016802045659735055,45.97369495906815,0.001683950104196432,0.0017265937643008672,-0.023407753667270548,-0.9840644790298558,-2.4107400398812318,-0.023407753667270548,False,False,False,False,False,True,0.30913050841573153,False,-0.007672615058005872,中性,4126.TWO,太醫,0,v1,phase6a,2026-07-12,0,0,1,0,0,0,v1,554,0.3288834951456311,554,0.3288834951456311,560,0.32160194174757284,^TWII,yfinance,2y,2026-09-11,scan_20260914_165629,False,False
True,1,-0.14166704813639322,-0.025000254313151043,True,False,賣出 (動能轉弱),28.100000381469727,2026-09-11 00:00:00,28.744999980926515,-0.03749999999999787,False,False,1.180049783350235,False,0.0006084246117678475,16.741774562927628,0.0006187157469446403,0.0006453204622037097,-0.17477881450346233,-1.0223835545448257,0.2808950031295554,-0.17477881450346233,False,False,False,False,False,False,0.35081410884450376,False,-0.07107436755471974,中性,6294.TWO,智基,0,v1,phase6a,2026-07-12,0,0,0,0,0,0,v1,671,0.18689320388349515,671,0.18689320388349515,674,0.18325242718446602,^TWII,yfinance,2y,2026-09-11,scan_20260914_165629,False,False
True,0,-29.166666666666664,-30.833333333333332,True,False,觀察 (跌勢收斂),507.0,2026-09-11 00:00:00,541.25,-1.4500000000000455,False,False,1.064812608010109,False,0.010977625408493485,150.4093476854948,0.011365530620944472,0.0109414228775627,-0.3579767584678706,0.14808856961470163,10.135466518644808,-0.3579767584678706,False,True,True,False,False,False,0.46126514899567056,False,-0.23873873873873874,中性,7795.TW,長廣,2,v1,phase6a,2026-07-12,0,2,2,2,2,2,v1,149,0.8203883495145631,149,0.8203883495145631,152,0.816747572815534,^TWII,yfinance,2y,2026-09-11,scan_20260914_165629,True,False
True,0,-3.0833333333333335,-3.0833333333333335,True,False,賣出 (動能轉弱),213.0,2026-09-11 00:00:00,226.15,-1.25,False,False,2.3693504853714678,True,0.004611901798834541,68.35671408853177,0.00497255698294947,0.005721789763253338,-0.7576798094662052,-3.0894432428994034,-14.586565445495502,-0.7576798094662052,False,False,False,False,False,False,0.0,False,-0.3725273587185418,中性,6725.TWO,矽科宏晟,0,v1,phase6a,2026-07-12,0,0,0,0,0,0,v1,712,0.13713592233009708,712,0.13713592233009708,714,0.13470873786407767,^TWII,yfinance,2y,2026-09-11,scan_20260914_165629,False,False
True,0,-0.40833314259847003,-0.3833332061767578,True,False,賣出 (動能轉弱),17.799999237060547,2026-09-11 00:00:00,18.40000009536743,-0.06000003814697408,False,False,1.6712638125038621,True,0.0003854077394396854,27.40523989481917,0.00039697517966796485,0.0003968743089812263,-0.30578786759456467,-1.87793871864248,-4.169870837650514,-0.30578786759456467,False,False,True,False,False,False,0.37308503582256025,False,-0.1253071791945103,中性,6804.TWO,明係,0,v1,phase6a,2026-07-12,0,0,0,0,0,0,v1,723,0.12378640776699029,723,0.12378640776699029,725,0.12135922330097088,^TWII,yfinance,2y,2026-09-11,scan_20260914_165629,False,False
True,0,-0.14596398671468097,-0.10519393285115558,True,False,賣出 (動能轉弱),10.399999618530273,2026-09-11 00:00:00,10.563116407394409,-0.012230968475341442,False,False,1.4055631696534499,False,0.00022518205140177608,43.72056404276936,0.00022752939898971518,0.00023264321003706715,-0.10847880820596956,-1.223303251625052,-1.0715094317407026,-0.10847880820596956,False,False,False,False,False,False,0.3457492552433257,False,-0.02730361575407092,中性,3052.TW,夆典,0,v1,phase6a,2026-07-12,0,0,0,0,0,0,v1,477,0.4223300970873786,477,0.4223300970873786,486,0.41140776699029125,^TWII,yfinance,2y,2026-09-11,scan_20260914_165629,False,False
True,0,-0.21666653951009113,-0.35833295186360675,True,False,觀察 (跌勢收斂),48.54999923706055,2026-09-11 00:00:00,48.58250007629395,-0.06499996185302592,True,False,2.096685826778965,True,0.0010512104639193197,51.79126221078909,0.001055545385074334,0.001098528104874039,-0.04321086729449641,-1.431507105389307,-5.55790288003819,-0.04321086729449641,False,False,False,False,False,True,0.14525247968980776,False,-0.06333735657984796,中性,2488.TW,漢平,1,v1,phase6a,2026-07-12,0,1,1,1,1,1,v1,199,0.7597087378640777,199,0.7597087378640777,206,0.7512135922330098,^TWII,yfinance,2y,2026-09-11,scan_20260914_165629,False,False
True,0,27.75,23.08333333333333,True,False,買入 (動能增強),508.0,2026-09-11 00:00:00,486.8,1.0,False,True,0.865887473910416,False,0.010999277529614774,131.70530689727926,0.010478164576171458,0.01029049589477461,0.5262626943008497,1.210518076220235,9.402259515974487,0.5262626943008497,True,True,True,False,False,True,0.8242778316712999,False,-0.07765617873035702,偏強 (RS上升),3044.TW,健鼎,2,v1,phase6a,2026-07-12,2,4,4,4,2,4,v1,95,0.8859223300970874,95,0.8859223300970874,24,0.9720873786407767,^TWII,yfinance,2y,2026-09-11,scan_20260914_165629,False,False
True,1,-0.18333180745442706,0.3819440205891927,True,False,賣出 (動能轉弱),67.30000305175781,2026-09-11 00:00:00,68.08853454589844,-0.05869216918945597,True,False,0.696583147364546,False,0.0014571878175397744,75.85101175023681,0.001474185956148,0.0015487842950589162,-0.12122681378000655,-1.5736870729728847,-3.009314762190518,-0.12122681378000655,False,False,False,False,False,False,0.1283150294102701,False,-0.1273120875613708,中性,2374.TW,佳能,0,v1,phase6a,2026-07-12,0,0,0,0,0,0,v1,412,0.5012135922330098,412,0.5012135922330098,423,0.4878640776699029,^TWII,yfinance,2y,2026-09-11,scan_20260914_165629,False,False
True,0,1.1833330790201824,0.9166666666666666,True,False,買入 (動能增強),72.80000305175781,2026-09-11 00:00:00,72.13000106811523,-0.03999977111816122,False,True,0.8466253449511768,False,0.0015762744837068635,54.235103404428926,0.0015767101408101756,0.001634488166599039,-0.002908417185010226,-0.5455112518766958,-5.554664505747986,-0.002908417185010226,False,False,False,False,False,True,0.1876916162194125,False,-0.06984523060903425,中性,3546.TWO,宇峻,3,v1,phase6a,2026-07-12,0,3,4,3,3,3,v1,29,0.9660194174757282,29,0.9660194174757282,38,0.9550970873786407,^TWII,yfinance,2y,2026-09-11,scan_20260914_165629,True,False
True,0,3.2418073018391924,2.841534932454427,True,False,買入 (動能增強),70.69999694824219,2026-09-11 00:00:00,70.33881912231445,-0.37215690612794106,False,True,0.8622701227407878,False,0.001530804897198097,161.33730005885099,0.0015246294965071884,0.0015325202792642956,0.04265426125946714,0.738508317117037,1.5198331714329605,0.04265426125946714,True,False,False,False,False,True,0.47548228677568766,False,-0.17231738609638547,偏強 (RS上升),6770.TW,力積電,3,v1,phase6a,2026-07-12,1,4,4,4,3,4,v1,44,0.9478155339805825,44,0.9478155339805825,23,0.9733009708737864,^TWII,yfinance,2y,2026-09-11,scan_20260914_165629,True,False
True,1,-0.25,-0.08333333333333333,True,False,賣出 (動能轉弱),76.9000015258789,2026-09-11 00:00:00,77.41000022888184,-0.02999992370604332,True,False,0.8026567939881006,False,0.0016650481472656332,52.049837412503265,0.0016776443682694263,0.0017147045807688905,-0.07897209445827391,-1.1211737189035231,-3.3117362257189864,-0.07897209445827391,False,False,False,False,False,False,0.26310545004462915,False,-0.01913265268885067,中性,1726.TW,永記,0,v1,phase6a,2026-07-12,0,0,0,0,0,0,v1,360,0.5643203883495146,360,0.5643203883495146,373,0.5485436893203883,^TWII,yfinance,2y,2026-09-11,scan_20260914_165629,False,False
True,1,-0.20833333333333331,-0.06666660308837892,True,False,賣出 (動能轉弱),28.450000762939453,2026-09-11 00:00:00,28.857499980926512,-0.019999980926513672,False,False,2.1621661504033014,True,0.0006160028624199273,53.20044378702294,0.0006250186699254047,0.0006411647695797945,-0.15161043701121812,-1.4254964860053398,-3.5009274751885644,-0.15161043701121812,False,False,False,False,False,False,0.18478061291378925,False,-0.14436087931009167,中性,5210.TWO,寶碩,0,v1,phase6a,2026-07-12,0,0,0,0,0,0,v1,604,0.2682038834951456,604,0.2682038834951456,607,0.2645631067961165,^TWII,yfinance,2y,2026-09-11,scan_20260914_165629,False,False
True,0,0.1916666030883789,0.10833326975504555,True,False,買入 (動能增強),17.299999237060547,2026-09-11 00:00:00,17.35999994277954,-0.03000001907348704,False,False,0.14626206773539052,False,0.00037458167887904095,30.742952409404595,0.00037685628250205144,0.00039686513190346904,-0.06349368373446129,-1.4059054488001599,-3.6194804152717697,-0.06349368373446129,False,False,False,False,False,False,0.2999438898692578,False,-0.07486638870376383,中性,4558.TWO,寶緯,2,v1,phase6a,2026-07-12,0,2,2,2,2,2,v1,110,0.8677184466019418,110,0.8677184466019418,122,0.8531553398058253,^TWII,yfinance,2y,2026-09-11,scan_20260914_165629,False,False
True,1,0.16666603088378906,0.13333320617675784,True,False,買入 (動能增強),50.099998474121094,2026-09-11 00:00:00,50.52499961853027,-0.06500015258789205,False,False,1.2343012312154782,False,0.0010847712351380603,32.21609334553756,0.0011053387074209916,0.0012037542323055836,-0.1954844099943065,-1.6318530960492295,-8.286480294259214,-0.1954844099943065,False,False,False,False,False,False,0.054132545359772,False,-0.17190085166741997,中性,8924.TWO,大田,2,v1,phase6a,2026-07-12,0,2,2,2,2,2,v1,158,0.8094660194174758,158,0.8094660194174758,161,0.8058252427184466,^TWII,yfinance,2y,2026-09-11,scan_20260914_165629,False,False
True,1,-0.09999974568684891,0.25,True,False,賣出 (動能轉弱),47.150001525878906,2026-09-11 00:00:00,47.98499984741211,-0.13749999999999574,False,False,0.6037777922448365,False,0.0010208975439072877,44.221117411168294,0.0010348978571267343,0.0010226123198781687,-0.142199691455136,-1.132621253325805,-0.36389686214759465,-0.142199691455136,False,False,True,False,False,False,0.5337287322258567,False,-0.0772993555027719,中性,2362.TW,藍天,1,v1,phase6a,2026-07-12,0,1,1,1,1,1,v1,187,0.7742718446601942,187,0.7742718446601942,196,0.7633495145631068,^TWII,yfinance,2y,2026-09-11,scan_20260914_165629,True,False
True,0,-0.8250001271565754,-0.5916671752929688,True,False,賣出 (動能轉弱),44.650001525878906,2026-09-11 00:00:00,46.26499996185303,-0.1699998855590792,True,False,0.535960454928563,False,0.0009667672411040653,32.39868500576872,0.0010076750084825363,0.0010801173117556391,-0.42551000432559105,-2.642134656603201,-8.966771737022405,-0.42551000432559105,False,False,False,False,False,False,0.01827563947143266,False,-0.30775191432745885,中性,6684.TWO,安格,0,v1,phase6a,2026-07-12,0,0,0,0,0,0,v1,703,0.14805825242718446,703,0.14805825242718446,705,0.14563106796116504,^TWII,yfinance,2y,2026-09-11,scan_20260914_165629,False,False
True,0,-0.22500006357828775,0.14999993642171222,True,False,賣出 (動能轉弱),20.25,2026-09-11 00:00:00,21.030000019073487,-0.0800000190734842,False,False,0.6122996673436608,False,0.0004384554527061007,70.70322226910076,0.00045598777927152956,0.0005099766148638146,-0.4030960855374355,-2.2810567417242855,-5.568196193652986,-0.4030960855374355,False,False,False,False,False,False,0.009677552142898213,False,-0.3065068674347011,中性,4960.TW,誠美材,0,v1,phase6a,2026-07-12,0,0,0,0,0,0,v1,594,0.2803398058252427,594,0.2803398058252427,598,0.27548543689320387,^TWII,yfinance,2y,2026-09-11,scan_20260914_165629,False,False
True,2,1.0833326975504558,1.0843124389648438,True,False,觀望 (動能減弱),50.70000076293945,2026-09-11 00:00:00,51.27334842681885,-0.10346584320068075,False,False,0.996178556221978,False,0.0010977625573686059,38.939804107624305,0.0011241158085205766,0.001216957254926891,-0.2461666039567878,-0.9031944447660534,-7.681787036679955,-0.2461666039567878,False,False,False,False,False,False,0.009847709998807467,False,-0.32580877881546233,中性,2363.TW,矽統,0,v1,phase6a,2026-07-12,0,0,0,0,0,0,v1,408,0.5060679611650486,408,0.5060679611650486,419,0.49271844660194175,^TWII,yfinance,2y,2026-09-11,scan_20260914_165629,False,False
True,0,-0.15000057220458984,-0.14166704813639325,True,False,賣出 (動能轉弱),16.299999237060547,2026-09-11 00:00:00,16.71500015258789,-0.020000076293946734,False,False,0.7764500679581137,False,0.000352929557757752,48.74322119574082,0.0003602869629011836,0.00036912405070077563,-0.21449638267937443,-1.3510967262408302,-1.7969215318354936,-0.21449638267937443,False,False,False,False,False,False,0.11204716840251842,False,-0.05709667129812346,中性,4711.TWO,永純,0,v1,phase6a,2026-07-12,0,0,0,0,0,0,v1,578,0.29975728155339804,578,0.29975728155339804,582,0.2949029126213592,^TWII,yfinance,2y,2026-09-11,scan_20260914_165629,False,False
True,1,0.10333299636840819,0.10999981562296549,True,False,觀望 (動能減弱),9.649999618530273,2026-09-11 00:00:00,9.656500005722046,0.006499958038331144,False,False,1.617668343933318,True,0.00020894296056080938,28.713336663816893,0.00021033340618397406,0.0002224117314720633,-0.06953765578195936,-1.0556765764417664,-4.745217325811845,-0.06953765578195936,False,False,False,False,False,False,0.09316739295609618,False,-0.18565406684540486,中性,1626.TW,艾美特-KY,0,v1,phase6a,2026-07-12,0,0,1,0,0,0,v1,355,0.5703883495145631,355,0.5703883495145631,369,0.5533980582524272,^TWII,yfinance,2y,2026-09-11,scan_20260914_165629,False,False
True,0,0.1333335240681966,0.09999990463256835,True,False,買入 (動能增強),15.75,2026-09-11 00:00:00,15.947499990463257,-0.05000000000000071,False,False,0.8958844446894727,False,0.00034102090766030053,56.02506792355715,0.00034600772242096876,0.00036019420080875313,-0.15148006085543564,-1.4536070509223564,-3.8604225471888243,-0.15148006085543564,False,False,False,False,False,False,0.12451577869429685,False,-0.05970149253731338,中性,4950.TWO,金耘國際,2,v1,phase6a,2026-07-12,0,2,2,2,2,2,v1,114,0.8628640776699029,114,0.8628640776699029,124,0.8507281553398058,^TWII,yfinance,2y,2026-09-11,scan_20260914_165629,False,False
True,0,0.9249992370605469,1.1333319346110025,True,False,觀望 (動能減弱),46.0,2026-09-11 00:00:00,45.94749984741211,0.022500038146972656,False,True,0.5747207263085348,False,0.0009959975715792904,64.16521403348777,0.0009991524715573658,0.00104717600988496,-0.03322659956284113,-1.0606968846120668,-2.2855392701330524,-0.03322659956284113,False,False,False,False,False,False,0.25664401563311917,False,-0.12237452872284305,中性,2328.TW,廣宇,0,v1,phase6a,2026-07-12,0,0,2,0,0,0,v1,401,0.5145631067961165,401,0.5145631067961165,412,0.5012135922330098,^TWII,yfinance,2y,2026-09-11,scan_20260914_165629,False,False
True,1,-0.0666666030883789,-0.008333206176757812,True,False,賣出 (動能轉弱),27.649999618530273,2026-09-11 00:00:00,27.82999982833862,-0.012500000000002842,True,False,0.0,False,0.00059868114074401,37.499114885234945,0.0006025445167894923,0.0006060662372772708,-0.06744678023831163,-1.140918688853776,-2.4872641650848237,-0.06744678023831163,False,False,False,False,False,False,0.4932699051571846,False,-0.046551737292059525,中性,6195.TWO,詩肯,0,v1,phase6a,2026-07-12,0,0,0,0,0,0,v1,655,0.20631067961165048,655,0.20631067961165048,658,0.20266990291262135,^TWII,yfinance,2y,2026-09-11,scan_20260914_165629,False,False
False,0,-2.6666666666666665,-2.9166666666666665,False,True,強烈賣出 (跌破),103.0,2026-09-11 00:00:00,106.925,-0.29999999999999716,False,False,0.9050836849748432,False,0.002230168475492759,51.12133529290636,0.0023276309427417564,0.0025363662891893977,-0.4388233159556054,-2.4297446759045105,-9.478448692718311,-0.4388233159556054,False,False,False,False,False,False,0.016646992772842293,False,-0.22350514391859921,中性,6417.TWO,韋僑,0,v1,phase6a,2026-07-12,0,0,0,0,0,0,v1,675,0.1820388349514563,675,0.1820388349514563,678,0.1783980582524272,^TWII,yfinance,2y,2026-09-11,scan_20260914_165629,False,False
True,0,137.5,116.66666666666667,True,False,買入 (動能增強),1330.0,2026-09-11 00:00:00,1221.0,2.5,False,True,1.2200355918696937,False,0.02879732109131427,169.6936772114505,0.026640500079115913,0.026237489692657438,0.8595380412368847,2.3368581709777514,7.626667358631645,0.8595380412368847,True,True,True,False,False,True,0.6596354038226959,False,-0.14469453376205788,偏強 (RS上升),8996.TW,高力,5,v1,phase6a,2026-07-12,2,7,7,7,5,7,v1,3,0.9975728155339806,3,0.9975728155339806,1,1.0,^TWII,yfinance,2y,2026-09-11,scan_20260914_165629,True,True
True,0,1.5,1.4166660308837888,True,False,買入 (動能增強),58.400001525878906,2026-09-11 00:00:00,57.689999961853026,0.07499999999999574,False,True,1.1610840356899368,False,0.001264483906521788,45.35524675579953,0.0012529526334742222,0.0012887800808500643,0.09697056612265609,-0.27516762232262515,-1.1075954624898965,0.09697056612265609,True,False,False,False,False,True,0.2450687889311403,False,-0.08176096026728796,中性,4737.TW,華廣,4,v1,phase6a,2026-07-12,0,4,6,4,4,4,v1,13,0.9854368932038835,13,0.9854368932038835,15,0.9830097087378641,^TWII,yfinance,2y,2026-09-11,scan_20260914_165629,False,True
True,1,7.583333333333333,2.6666666666666674,True,False,買入 (動能增強),359.0,2026-09-11 00:00:00,358.15,-0.7250000000000227,True,True,1.8379068142227828,True,0.007773111482542724,85.35736698871996,0.00774056352772086,0.007698669879036354,0.04428124147717316,-0.2802909728872316,-1.2690213621245783,0.04428124147717316,True,True,True,False,False,True,0.48631301478830874,False,-0.07235142118863047,偏強 (RS上升),2049.TW,上銀,4,v1,phase6a,2026-07-12,1,5,5,5,4,5,v1,8,0.991504854368932,8,0.991504854368932,5,0.9951456310679612,^TWII,yfinance,2y,2026-09-11,scan_20260914_165629,False,True
True,0,1.6166674296061196,1.3666674296061196,True,False,買入 (動能增強),89.0,2026-09-11 00:00:00,87.5200008392334,-0.09500007629394247,True,True,0.8598624103283813,False,0.001927038779794714,67.00837921685513,0.0019149546914726554,0.0019490634980502907,0.06646918576975747,-0.641107651970485,-6.021912782341554,0.06646918576975747,True,False,False,False,False,True,0.3041749668044561,False,-0.08341914110616477,中性,2347.TW,聯強,4,v1,phase6a,2026-07-12,0,4,5,4,4,4,v1,9,0.9902912621359223,9,0.9902912621359223,11,0.9878640776699029,^TWII,yfinance,2y,2026-09-11,scan_20260914_165629,False,True
True,0,0.01666768391927098,1.5666681925455728,True,False,觀望 (動能減弱),96.0,2026-09-11 00:00:00,99.49000053405761,-0.15999984741210938,False,False,0.7631569891165075,False,0.0020786036276437365,28.414767291014034,0.0021508254995068264,0.0021808475956518227,-0.35221480630528434,-1.7458383761250085,-1.7896675657347982,-0.35221480630528434,False,False,False,False,False,False,0.10516168407010772,False,-0.11111111111111116,中性,6756.TW,威鋒電子,0,v1,phase6a,2026-07-12,0,0,0,0,0,0,v1,715,0.13349514563106796,715,0.13349514563106796,717,0.13106796116504854,^TWII,yfinance,2y,2026-09-11,scan_20260914_165629,False,False
True,0,-0.11666647593180338,-0.08333317438761392,True,False,賣出 (動能轉弱),11.5,2026-09-11 00:00:00,11.489999961853027,-0.00250000953674423,True,True,2.356346988925169,True,0.0002489993928948226,28.11708820102431,0.00024930569036601903,0.00026303371795858974,-0.012930980371961276,-1.6181763398988913,-4.750493889979024,-0.012930980371961276,False,False,False,False,False,False,0.16111474624841277,False,-0.04958680682263317,中性,1813.TWO,寶利徠,0,v1,phase6a,2026-07-12,0,0,1,0,0,0,v1,373,0.5485436893203883,373,0.5485436893203883,386,0.5327669902912622,^TWII,yfinance,2y,2026-09-11,scan_20260914_165629,False,False
True,0,0.10833358764648439,0.3166669209798177,True,False,觀望 (動能減弱),40.20000076293945,2026-09-11 00:00:00,40.69250049591064,-0.0024999618530259227,False,False,2.573333150827436,True,0.0008704152855950721,41.270862207805145,0.0008825092237133386,0.0009130653655207493,-0.1440452203183118,-1.1346542640828683,-2.9858637052007198,-0.1440452203183118,False,False,False,False,False,False,0.12785174504399072,False,-0.024271844210729476,中性,8367.TW,建新國際,0,v1,phase6a,2026-07-12,0,0,0,0,0,0,v1,788,0.044902912621359224,788,0.044902912621359224,789,0.043689320388349516,^TWII,yfinance,2y,2026-09-11,scan_20260914_165629,False,False
True,0,-0.1316661834716797,-0.08166631062825522,True,False,賣出 (動能轉弱),10.100000381469727,2026-09-11 00:00:00,10.14350004196167,0.005000019073484907,False,False,0.34763337714962356,False,0.00021868643158464685,23.655029018071232,0.00021943082556573297,0.00022844826832081724,-0.035696575495325344,-1.338635318860637,-2.665637327885384,-0.035696575495325344,False,False,False,False,False,False,0.18593342909904667,False,-0.028846081544659063,中性,1805.TW,寶徠,0,v1,phase6a,2026-07-12,0,0,1,0,0,0,v1,371,0.5509708737864077,371,0.5509708737864077,384,0.5351941747572816,^TWII,yfinance,2y,2026-09-11,scan_20260914_165629,False,False
True,0,-5.749999999999999,-5.25,True,False,賣出 (動能轉弱),207.0,2026-09-11 00:00:00,217.075,-1.1500000000000057,True,False,1.5604113071911139,True,0.004481989072106807,67.43316203797582,0.004725090794026053,0.005065334802340034,-0.5386524144018967,-3.038249447531749,-10.701130040853391,-0.5386524144018967,False,False,False,False,False,False,0.024526072185217525,False,-0.29830508474576267,中性,8091.TWO,翔名,0,v1,phase6a,2026-07-12,0,0,0,0,0,0,v1,773,0.06310679611650485,773,0.06310679611650485,775,0.06067961165048544,^TWII,yfinance,2y,2026-09-11,scan_20260914_165629,False,False
True,0,3.0333328247070312,2.1166661580403643,True,False,買入 (動能增強),98.4000015258789,2026-09-11 00:00:00,94.90999984741211,-0.03999977111816122,False,True,2.6917916587612107,True,0.002130568751373345,80.96190926862327,0.0020843242914808124,0.002184557313452182,0.2340918404424075,-0.35164479540915616,-6.568376582976998,0.2340918404424075,True,False,False,False,False,True,0.38129026367998525,False,-0.0760563237006675,中性,6199.TWO,天品,5,v1,phase6a,2026-07-12,0,5,6,5,5,5,v1,1,1.0,1,1.0,2,0.9987864077669902,^TWII,yfinance,2y,2026-09-11,scan_20260914_165629,True,True
True,0,-0.45833349227905273,-0.3833333651224772,True,False,賣出 (動能轉弱),14.75,2026-09-11 00:00:00,15.17999997138977,-0.04250001907348633,False,False,0.7571185366412924,False,0.00031936878653901165,32.53255623369374,0.00032876534609373593,0.0003541881492851092,-0.29995395337419906,-2.2839699123759827,-6.605086678339555,-0.29995395337419906,False,False,False,False,False,False,0.04884800112430587,False,-0.12202376965221995,中性,8940.TW,新天地,0,v1,phase6a,2026-07-12,0,0,0,0,0,0,v1,804,0.025485436893203883,804,0.025485436893203883,804,0.025485436893203883,^TWII,yfinance,2y,2026-09-11,scan_20260914_165629,False,False
True,1,0.3916667302449544,0.1833333969116211,True,False,買入 (動能增強),17.149999618530273,2026-09-11 00:00:00,17.08499994277954,0.030000019073483486,False,True,0.12161381532942142,False,0.0003713338689704763,21.636466060599687,0.0003726492216675425,0.0003922935188313564,-0.03714129680886247,-1.2579082964827681,-4.519860683220978,-0.03714129680886247,False,False,False,False,False,False,0.23517013286210547,False,-0.09736844112998566,中性,2924.TWO,宏太-KY,4,v1,phase6a,2026-07-12,0,4,6,4,4,4,v1,10,0.9890776699029126,10,0.9890776699029126,12,0.9866504854368932,^TWII,yfinance,2y,2026-09-11,scan_20260914_165629,False,True
True,0,-0.7749996185302734,-1.1333332061767576,True,False,觀察 (跌勢收斂),36.95000076293945,2026-09-11 00:00:00,37.78250007629394,-0.20749988555908772,True,False,0.5729177116462302,False,0.0008000458919508831,43.780116923315944,0.0008374156006909313,0.000886475324121074,-0.4675410992223017,-3.2546769045739055,-17.516621227872108,-0.4675410992223017,False,False,False,False,False,False,0.029167985307454018,False,-0.30151229305989047,中性,2425.TW,承啟,1,v1,phase6a,2026-07-12,0,1,1,1,1,1,v1,193,0.7669902912621359,193,0.7669902912621359,201,0.7572815533980582,^TWII,yfinance,2y,2026-09-11,scan_20260914_165629,False,False
True,0,-0.9000015258789062,-0.5833346048990886,True,False,賣出 (動能轉弱),69.5,2026-09-11 00:00:00,71.725,-0.054999923706063214,False,False,0.5388248115733107,False,0.0015048224179295801,72.33403961711282,0.0015370687459631855,0.0015628635929818128,-0.22034609771036662,-1.3769399645197855,1.6540548289527557,-0.22034609771036662,False,False,False,False,False,False,0.4054541765003284,False,-0.05442176870748294,中性,1504.TW,東元,0,v1,phase6a,2026-07-12,0,0,0,0,0,0,v1,338,0.5910194174757282,338,0.5910194174757282,352,0.5740291262135923,^TWII,yfinance,2y,2026-09-11,scan_20260914_165629,False,False
True,0,0.5352427164713541,0.19268798828124994,True,False,買入 (動能增強),81.80000305175781,2026-09-11 00:00:00,83.23538780212402,-0.33553924560547443,False,False,1.0260994160550831,False,0.0017711435737984638,77.53461451265986,0.001816473306710392,0.0019413898303734267,-0.2619939220732337,-1.7980126693852627,-7.695497924903282,-0.2619939220732337,False,False,False,False,False,False,0.08377184489871722,False,-0.24385179856622485,中性,3528.TW,安馳,2,v1,phase6a,2026-07-12,0,2,2,2,2,2,v1,101,0.8786407766990292,101,0.8786407766990292,113,0.8640776699029126,^TWII,yfinance,2y,2026-09-11,scan_20260914_165629,False,False
True,0,-0.8583335876464844,-1.0416673024495442,True,False,觀察 (跌勢收斂),48.400001525878906,2026-09-11 00:00:00,49.230000495910645,-0.10999984741211222,True,False,0.7584356052145481,False,0.0010479626953088987,37.1721905496587,0.0010725306106833163,0.0011646882444558608,-0.24054098855234018,-2.169229823549035,-8.904429548176173,-0.24054098855234018,False,False,False,False,False,False,0.06341661519898682,False,-0.206557352034772,中性,8097.TWO,常珵,1,v1,phase6a,2026-07-12,0,1,1,1,1,1,v1,290,0.6492718446601942,290,0.6492718446601942,294,0.6444174757281553,^TWII,yfinance,2y,2026-09-11,scan_20260914_165629,False,False
True,0,-0.18333323796590167,-0.10833326975504556,True,False,賣出 (動能轉弱),14.25,2026-09-11 00:00:00,14.507499980926514,-0.02499999999999858,True,False,0.5903900723953528,False,0.0003085427259783672,37.940190396754744,0.0003181940401697711,0.00035017080337807415,-0.31826318459047265,-2.099915888605952,-10.652114088035036,-0.31826318459047265,False,False,False,False,False,False,0.021472763199713845,False,-0.20833333333333337,中性,1218.TW,泰山,0,v1,phase6a,2026-07-12,0,0,0,0,0,0,v1,302,0.6347087378640777,302,0.6347087378640777,316,0.6177184466019418,^TWII,yfinance,2y,2026-09-11,scan_20260914_165629,False,False
True,1,0.04166650772094728,0.10833311080932617,True,False,觀望 (動能減弱),15.850000381469727,2026-09-11 00:00:00,16.002499961853026,-0.004999971389771929,True,False,2.041581553864628,True,0.00034318612803205814,34.67407504869449,0.00034744620252061156,0.0003544805049840479,-0.12889790558396896,-1.3224979277762228,-3.78623446795906,-0.12889790558396896,False,False,False,False,False,False,0.2910593874120802,False,-0.04518072185330857,中性,1110.TW,東泥,0,v1,phase6a,2026-07-12,0,0,0,0,0,0,v1,300,0.6371359223300971,300,0.6371359223300971,314,0.6201456310679612,^TWII,yfinance,2y,2026-09-11,scan_20260914_165629,False,False
True,0,10.666666666666664,12.83333333333333,True,False,觀望 (動能減弱),712.0,2026-09-11 00:00:00,730.2,0.10000000000002274,False,False,0.42979881318382845,False,0.015416310238357713,72.9542063217879,0.01565649804527673,0.015858705884586453,-0.16122484486125188,-0.8045511581625364,4.505063039328494,-0.16122484486125188,False,False,False,False,False,False,0.5855392278375109,False,-0.07532467532467535,中性,1519.TW,華城,0,v1,phase6a,2026-07-12,0,0,1,0,0,0,v1,342,0.5861650485436893,342,0.5861650485436893,356,0.5691747572815534,^TWII,yfinance,2y,2026-09-11,scan_20260914_165629,False,False
True,1,-0.04166650772094726,0.016666889190673828,True,False,賣出 (動能轉弱),15.850000381469727,2026-09-11 00:00:00,16.127500009536742,-0.014999961853028765,False,False,8.050739179523116,True,0.00034318612803205814,24.596641864601082,0.0003500598629843398,0.0003722264175040966,-0.20626717759885116,-1.4280663694602014,-4.632450695275381,-0.20626717759885116,False,False,False,False,False,False,0.060753818855008045,False,-0.09169056226449168,中性,4930.TW,燦星網,0,v1,phase6a,2026-07-12,0,0,0,0,0,0,v1,590,0.28519417475728154,590,0.28519417475728154,594,0.2803398058252427,^TWII,yfinance,2y,2026-09-11,scan_20260914_165629,False,False
True,0,-0.05000050862630208,0.14999898274739581,True,False,賣出 (動能轉弱),63.099998474121094,2026-09-11 00:00:00,63.36999988555908,0.10999984741211222,False,False,1.5660970887921009,True,0.0013662488097148163,44.714918357632335,0.0013718127246604467,0.0013828193431620877,-0.042675308967832226,-0.6633822122742328,-1.1448150735782758,-0.042675308967832226,False,False,False,False,False,True,0.3830354471647601,False,-0.026234637308255593,中性,2206.TW,三陽工業,0,v1,phase6a,2026-07-12,0,0,1,0,0,0,v1,396,0.5206310679611651,396,0.5206310679611651,407,0.5072815533980582,^TWII,yfinance,2y,2026-09-11,scan_20260914_165629,False,False
True,0,-0.05000019073486328,0.08333301544189455,True,False,賣出 (動能轉弱),17.700000762939453,2026-09-11 00:00:00,18.080000019073488,-0.017499923706054688,True,False,0.619491656934365,False,0.0003832425603660714,24.556835800738686,0.0003937665669783871,0.0004220999575398971,-0.2805424433529269,-1.8437523094686603,-6.31144220862655,-0.2805424433529269,False,False,False,False,False,False,0.017784593391993227,False,-0.22197798844222183,中性,3027.TW,盛達,0,v1,phase6a,2026-07-12,0,0,0,0,0,0,v1,470,0.4308252427184466,470,0.4308252427184466,479,0.4199029126213592,^TWII,yfinance,2y,2026-09-11,scan_20260914_165629,False,False
True,1,0.02499993642171224,0.010000069936116537,True,False,買入 (動能增強),8.699999809265137,2026-09-11 00:00:00,8.594499969482422,0.006999969482421875,False,True,1.3956293128675672,False,0.00018837344962539928,38.5767100685333,0.00018680073146199873,0.00019355177161019198,0.08870207558018262,-0.8371263308117993,-3.84483783003825,0.08870207558018262,True,False,False,False,False,True,0.2037429913023732,False,-0.01233555952553278,中性,2506.TW,太設,2,v1,phase6a,2026-07-12,0,2,4,2,2,2,v1,81,0.9029126213592233,81,0.9029126213592233,96,0.8847087378640777,^TWII,yfinance,2y,2026-09-11,scan_20260914_165629,False,False
True,1,2.1000010172526036,2.833334604899088,True,False,觀望 (動能減弱),86.69999694824219,2026-09-11 00:00:00,89.59999961853028,-0.26000022888183594,False,False,0.9966499618910453,False,0.00187723883513872,116.82178634541457,0.0019522842224389916,0.002019666569322445,-0.4029986732359436,-1.1270083264147135,-4.666214507895894,-0.4029986732359436,False,False,False,False,False,False,0.21748494514833802,False,-0.2922449228714924,中性,8150.TW,南茂,0,v1,phase6a,2026-07-12,0,0,0,0,0,0,v1,776,0.05946601941747573,776,0.05946601941747573,778,0.05703883495145631,^TWII,yfinance,2y,2026-09-11,scan_20260914_165629,False,False
True,1,-1.589457194056676e-07,0.05833323796590169,True,False,賣出 (動能轉弱),15.949999809265137,2026-09-11 00:00:00,15.902500009536743,-0.00250000953674423,True,True,0.4047237038000665,False,0.00034535132775474395,35.69357366485036,0.00034669998060243596,0.00036420223424608677,-0.04093030271656861,-1.2741070491017026,-5.7863835805772705,-0.04093030271656861,False,False,False,False,False,False,0.14376946854024708,False,-0.03915666007635599,中性,3164.TW,景岳,0,v1,phase6a,2026-07-12,0,0,1,0,0,0,v1,490,0.4065533980582524,490,0.4065533980582524,499,0.39563106796116504,^TWII,yfinance,2y,2026-09-11,scan_20260914_165629,False,False
True,0,0.05000003178914389,0.05833323796590168,True,False,觀望 (動能減弱),14.0,2026-09-11 00:00:00,13.955000019073486,0.0025000095367424535,False,True,2.045003051274394,True,0.0003031296956980449,33.04404017605444,0.00030246637611978163,0.0003058495116793323,0.023089917132734783,-0.749502531886781,-2.2889869487066727,0.023089917132734783,True,False,False,False,False,False,0.4041754210786311,False,-0.01060068004057324,中性,3266.TW,昇陽,0,v1,phase6a,2026-07-12,0,0,2,0,0,0,v1,497,0.39805825242718446,497,0.39805825242718446,506,0.3871359223300971,^TWII,yfinance,2y,2026-09-11,scan_20260914_165629,False,False
True,0,-0.10000038146972656,-0.0666669209798177,True,False,賣出 (動能轉弱),17.0,2026-09-11 00:00:00,17.294999885559083,-0.022500038146972656,False,False,2.0004829718870116,True,0.0003680860590619117,45.03263227060293,0.00037511072850121286,0.0003868262972417629,-0.1967376770065643,-1.4404617593925084,-4.509558423279614,-0.1967376770065643,False,False,False,False,False,False,0.20309359579169634,False,-0.04225352112676062,中性,1451.TW,年興,0,v1,phase6a,2026-07-12,0,0,0,0,0,0,v1,328,0.6031553398058253,328,0.6031553398058253,342,0.5861650485436893,^TWII,yfinance,2y,2026-09-11,scan_20260914_165629,False,False
True,0,0.05833292007446289,0.11666631698608396,True,False,觀望 (動能減弱),14.699999809265137,2026-09-11 00:00:00,14.782500076293946,0.0,False,False,1.6689578678904824,True,0.0003182861763531328,39.66538479345327,0.00032051155656563065,0.0003285186906299321,-0.07303308211304982,-0.8699568072721653,-2.340423805797953,-0.07303308211304982,False,False,False,False,False,False,0.24634812745646678,False,-0.016722408240103404,中性,2109.TW,華豐,0,v1,phase6a,2026-07-12,0,0,0,0,0,0,v1,394,0.5230582524271845,394,0.5230582524271845,405,0.5097087378640777,^TWII,yfinance,2y,2026-09-11,scan_20260914_165629,False,False
True,0,-0.25,-0.2583332061767578,True,False,觀察 (跌勢收斂),25.549999237060547,2026-09-11 00:00:00,26.002499866485596,-0.03250007629394602,False,False,1.0760102431837373,False,0.0005532116781296746,44.97398593226718,0.0005641016700249362,0.0005865670467507999,-0.20279858873302192,-1.1206500970682542,-4.810264767587292,-0.20279858873302192,False,False,False,False,False,False,0.27744913783418707,False,-0.09557524824564434,中性,1325.TW,恆大,1,v1,phase6a,2026-07-12,0,1,1,1,1,1,v1,171,0.7936893203883495,171,0.7936893203883495,181,0.7815533980582524,^TWII,yfinance,2y,2026-09-11,scan_20260914_165629,False,False
False,0,-0.11833318074544269,-0.07999984423319498,False,True,強烈賣出 (跌破),6.46999979019165,2026-09-11 00:00:00,6.602999973297119,-0.008500003814697621,True,False,0.9008005920933617,False,0.00014008921911194355,42.57247053293188,0.00014340677617191784,0.00015207009912041535,-0.2429231130187337,-1.8293744129359912,-6.026674693813206,-0.2429231130187337,False,False,False,False,False,False,0.03137020246640281,False,-0.2459207636686095,中性,1460.TW,宏遠,0,v1,phase6a,2026-07-12,0,0,0,0,0,0,v1,331,0.5995145631067961,331,0.5995145631067961,345,0.5825242718446602,^TWII,yfinance,2y,2026-09-11,scan_20260914_165629,False,False
True,0,-0.41666666666666663,-0.26666673024495446,True,False,賣出 (動能轉弱),21.850000381469727,2026-09-11 00:00:00,22.869999885559082,-0.0849999427795396,False,False,0.9551341547248325,False,0.00047309885475979173,26.505763747104304,0.0004960485132467038,0.0005426948731507106,-0.4846392582128378,-2.2695937010480782,-7.2467644748831495,-0.4846392582128378,False,False,False,False,False,False,0.0,False,-0.30634919423905627,中性,2457.TW,飛宏,0,v1,phase6a,2026-07-12,0,0,0,0,0,0,v1,425,0.4854368932038835,425,0.4854368932038835,435,0.4733009708737864,^TWII,yfinance,2y,2026-09-11,scan_20260914_165629,False,False
True,0,0.1083329518636067,0.7750002543131509,True,False,觀望 (動能減弱),38.349998474121094,2026-09-11 00:00:00,39.3975004196167,-0.07750015258789489,False,False,0.5588368370074527,False,0.0008303588119629153,52.34602725741975,0.0008602147514064598,0.000980662471654484,-0.36401265220048495,-2.365434465626337,-7.3239211860198665,-0.36401265220048495,False,False,False,False,False,False,0.03829008208859471,False,-0.4433962608880815,中性,6405.TW,悅城,0,v1,phase6a,2026-07-12,0,0,0,0,0,0,v1,672,0.18567961165048544,672,0.18567961165048544,675,0.1820388349514563,^TWII,yfinance,2y,2026-09-11,scan_20260914_165629,False,False
True,1,0.3833338419596354,-0.09999974568684894,True,False,買入 (動能增強),55.29999923706055,2026-09-11 00:00:00,56.939999961853026,-0.4200000762939453,False,False,0.9690119439553119,False,0.00119736228148802,103.98584551869645,0.0012370530092733725,0.001337718738510238,-0.3365990223465398,-1.3067124525142915,-6.431119135147245,-0.3365990223465398,False,False,False,False,False,False,0.036213522324986556,False,-0.4228208551061091,中性,6155.TW,鈞寶,2,v1,phase6a,2026-07-12,0,2,2,2,2,2,v1,123,0.8519417475728155,123,0.8519417475728155,132,0.8410194174757282,^TWII,yfinance,2y,2026-09-11,scan_20260914_165629,False,False
True,0,0.033333460489908845,-6.938893903907228e-18,True,False,買入 (動能增強),16.450000762939453,2026-09-11 00:00:00,16.592499923706054,0.0,False,False,0.4272808659558883,False,0.0003561774089644602,29.865445680005624,0.0003599359214564444,0.0003716915140653645,-0.1097969048551306,-1.3524862270381743,-4.031555966028122,-0.1097969048551306,False,False,False,False,False,True,0.23131552375315845,False,-0.11081076957084035,中性,5348.TWO,正能量智能,4,v1,phase6a,2026-07-12,0,4,4,4,4,4,v1,14,0.9842233009708737,14,0.9842233009708737,16,0.9817961165048543,^TWII,yfinance,2y,2026-09-11,scan_20260914_165629,False,True
True,0,0.09166685740152995,0.21666685740152994,True,False,觀望 (動能減弱),25.299999237060547,2026-09-11 00:00:00,25.362499904632568,-0.022500038146972656,True,False,0.5912828187646657,False,0.0005477986478493523,38.603006733348295,0.0005540148207647929,0.0005883866122178106,-0.11796833941254414,-1.6546912487842014,-7.018615235833514,-0.11796833941254414,False,False,False,False,False,False,0.08679439297003813,False,-0.19574587956129497,中性,3567.TWO,逸昌,0,v1,phase6a,2026-07-12,0,0,0,0,0,0,v1,529,0.3592233009708738,529,0.3592233009708738,536,0.35072815533980584,^TWII,yfinance,2y,2026-09-11,scan_20260914_165629,False,False
True,0,1.6833356221516926,2.3166681925455728,True,False,觀望 (動能減弱),80.0,2026-09-11 00:00:00,81.95,-0.12999992370605185,False,False,1.0481774503724028,False,0.0017321696897031138,26.2833655756347,0.0017969606745859453,0.002006636502368712,-0.37810047396470425,-1.5455673631536881,-7.887445050535858,-0.37810047396470425,False,False,False,False,False,False,0.0,False,-0.4139194139194139,中性,8054.TWO,安國,0,v1,phase6a,2026-07-12,0,0,0,0,0,0,v1,767,0.0703883495145631,767,0.0703883495145631,769,0.06796116504854369,^TWII,yfinance,2y,2026-09-11,scan_20260914_165629,False,False
True,0,-0.6168861389160156,-0.4982458750406901,True,False,賣出 (動能轉弱),17.5,2026-09-11 00:00:00,17.73572368621826,0.003552627563475852,False,False,1.0193165822040176,False,0.0003789121196225562,40.19695802648196,0.00038070341732529957,0.00038758341366128377,-0.04950423356415712,-1.560708315472914,-0.3960363272590084,-0.04950423356415712,False,False,False,False,False,False,0.37510697343737043,False,-0.05405405405405406,中性,4430.TWO,耀億,0,v1,phase6a,2026-07-12,0,0,1,0,0,0,v1,563,0.3179611650485437,563,0.3179611650485437,568,0.3118932038834951,^TWII,yfinance,2y,2026-09-11,scan_20260914_165629,False,False
True,0,-0.9166666666666666,-0.6000000635782877,True,False,賣出 (動能轉弱),29.5,2026-09-11 00:00:00,31.07499990463257,-0.17999992370605256,False,False,0.5708320762971584,False,0.0006387375730780233,73.45509010874751,0.0006764557829491638,0.0007334509083310124,-0.5835075638083498,-3.1664976289809132,-10.341794375596514,-0.5835075638083498,False,False,False,False,False,False,0.0,False,-0.33782265981590986,中性,2369.TW,菱生,0,v1,phase6a,2026-07-12,0,0,0,0,0,0,v1,409,0.5048543689320388,409,0.5048543689320388,420,0.49150485436893204,^TWII,yfinance,2y,2026-09-11,scan_20260914_165629,False,False
True,0,63.33333333333334,78.33333333333333,True,False,觀望 (動能減弱),1250.0,2026-09-11 00:00:00,1313.0,-1.25,False,False,0.4978462578620279,False,0.027065151401611153,130.0928025922422,0.02785587548074027,0.026122280942402834,-0.2979125491151091,0.4683030844425673,14.307177517621184,-0.2979125491151091,False,True,True,False,False,False,0.6148020464353894,False,-0.12587412587412583,中性,6187.TWO,萬潤,2,v1,phase6a,2026-07-12,0,2,2,2,2,2,v1,124,0.8507281553398058,124,0.8507281553398058,133,0.8398058252427184,^TWII,yfinance,2y,2026-09-11,scan_20260914_165629,False,True
True,1,0.16666666666666666,0.17499987284342447,True,False,觀望 (動能減弱),26.649999618530273,2026-09-11 00:00:00,26.927499771118164,-0.047500038146971235,True,False,1.1219752368427138,False,0.000577029019622721,40.15328165392048,0.0005842852713674682,0.0006196510884230835,-0.1305558780722582,-1.0771530628137405,-3.796408859619693,-0.1305558780722582,False,False,False,False,False,False,0.11257135885239947,False,-0.14308683949698253,中性,6124.TWO,業強,0,v1,phase6a,2026-07-12,0,0,0,0,0,0,v1,642,0.2220873786407767,642,0.2220873786407767,645,0.21844660194174756,^TWII,yfinance,2y,2026-09-11,scan_20260914_165629,False,False
False,0,-1.183334986368815,-0.4166679382324218,False,True,強烈賣出 (跌破),60.099998474121094,2026-09-11 00:00:00,62.839999961853025,-0.23500022888183736,True,False,0.5219262029108318,False,0.0013012924463509494,137.02816461603575,0.001371253872701602,0.0015682162381771988,-0.5341841918402146,-3.092998182541362,-10.710711007155616,-0.5341841918402146,False,False,False,False,False,False,0.021825837479964267,False,-0.45855857230521535,中性,4989.TW,榮科,0,v1,phase6a,2026-07-12,0,0,0,0,0,0,v1,598,0.27548543689320387,598,0.27548543689320387,602,0.27063106796116504,^TWII,yfinance,2y,2026-09-11,scan_20260914_165629,False,False
True,1,-0.033333460489908845,0.008332888285319008,True,False,賣出 (動能轉弱),28.950000762939453,2026-09-11 00:00:00,29.057499885559082,-0.004999923706055398,False,False,0.6921885627298798,False,0.0006268289229805718,48.651593166010905,0.0006305677639844599,0.0006490394766029119,-0.06237501326883388,-1.1108290950600619,-3.7113511844738656,-0.06237501326883388,False,False,False,False,False,False,0.23223212782066122,False,-0.015306083722096187,中性,9908.TW,大台北,0,v1,phase6a,2026-07-12,0,0,0,0,0,0,v1,811,0.01699029126213592,811,0.01699029126213592,811,0.01699029126213592,^TWII,yfinance,2y,2026-09-11,scan_20260914_165629,False,False
False,0,-0.4522012074788411,0.009321848551432269,False,True,強烈賣出 (跌破),38.29999923706055,2026-09-11 00:00:00,40.26599407196045,-0.08745326995849467,False,False,1.3657325681949157,False,0.0008292762224261083,46.10531783796834,0.0008644627151522717,0.0008845423719550098,-0.42662796808975445,-1.707649607662165,0.21409175734641295,-0.42662796808975445,False,False,False,False,False,False,0.05948497596956957,False,-0.15003619500621512,中性,8473.TW,山林水,0,v1,phase6a,2026-07-12,0,0,0,0,0,0,v1,796,0.03519417475728155,796,0.03519417475728155,797,0.03398058252427184,^TWII,yfinance,2y,2026-09-11,scan_20260914_165629,False,False
False,0,-1.183331807454427,-0.29999796549479163,False,True,強烈賣出 (跌破),88.19999694824219,2026-09-11 00:00:00,90.90499992370606,-0.30500030517578125,True,False,0.6988352185412855,False,0.0019097170168206534,23.310128123581364,0.0019857811263935027,0.0021959290565675593,-0.4015847662337091,-2.710822250206979,-9.79987286610311,-0.4015847662337091,False,False,False,False,False,False,0.02948905491031439,False,-0.25739357674719554,中性,4968.TW,立積,0,v1,phase6a,2026-07-12,0,0,0,0,0,0,v1,595,0.279126213592233,595,0.279126213592233,599,0.27427184466019416,^TWII,yfinance,2y,2026-09-11,scan_20260914_165629,False,False
True,0,-0.09999974568684894,0.9500007629394532,True,False,賣出 (動能轉弱),72.5,2026-09-11 00:00:00,72.875,0.22499999999999432,False,False,0.0,False,0.001569778781293447,45.3704488138532,0.0015616542399428293,0.001546272916841417,0.05479340166665292,-0.5590981790989935,6.5621991991126505,0.05479340166665292,True,True,True,False,False,False,0.7687046444246391,False,-0.044795803129458966,中性,6597.TWO,立誠,0,v1,phase6a,2026-07-12,1,1,1,1,0,1,v1,695,0.15776699029126215,695,0.15776699029126215,308,0.6274271844660194,^TWII,yfinance,2y,2026-09-11,scan_20260914_165629,False,False
True,0,0.10833358764648438,0.10833358764648438,True,False,觀望 (動能減弱),40.45000076293945,2026-09-11 00:00:00,40.13249969482422,0.05500011444091513,False,True,0.2709481637455874,False,0.0008758283158753945,49.54282277034068,0.0008674071854575597,0.0008770417639357983,0.1022981596381145,-0.7291860012508811,-0.5271578256532239,0.1022981596381145,True,False,False,False,False,True,0.452501108108579,False,-0.0012345490632234002,中性,1817.TW,凱撒衛,0,v1,phase6a,2026-07-12,0,0,2,0,0,0,v1,374,0.5473300970873787,374,0.5473300970873787,387,0.5315533980582524,^TWII,yfinance,2y,2026-09-11,scan_20260914_165629,False,False
False,0,-1.350001017252604,-1.3166669209798176,False,True,強烈賣出 (跌破),76.5,2026-09-11 00:00:00,77.9900001525879,-0.125,False,False,0.4600829092624341,False,0.0016563872657786027,51.31355620366018,0.001685657209716257,0.0017214774923936748,-0.1824466709697603,-1.2497547708270162,-3.4703652959919395,-0.1824466709697603,False,False,False,False,False,False,0.25580062271247456,False,-0.038944705195301466,中性,6464.TW,台數科,0,v1,phase6a,2026-07-12,0,0,0,0,0,0,v1,680,0.17597087378640777,680,0.17597087378640777,683,0.17233009708737865,^TWII,yfinance,2y,2026-09-11,scan_20260914_165629,False,False
True,1,3.178914388026616e-07,3.1789143880092685e-07,True,False,買入 (動能增強),13.5,2026-09-11 00:00:00,13.514999961853027,-0.017500019073485973,True,False,0.35195033276903964,False,0.00029230363513740046,34.52355586421207,0.00029568357192340846,0.0003212804034910263,-0.1201809198269177,-1.9796112888980755,-8.619494473503176,-0.1201809198269177,False,False,False,False,False,False,0.10715404587092196,False,-0.22857142857142854,中性,5344.TWO,立衛,2,v1,phase6a,2026-07-12,0,2,2,2,2,2,v1,116,0.8604368932038835,116,0.8604368932038835,126,0.8483009708737864,^TWII,yfinance,2y,2026-09-11,scan_20260914_165629,False,False
True,0,2.192471504211426,2.4459972381591797,True,False,觀望 (動能減弱),36.20000076293945,2026-09-11 00:00:00,33.78893146514893,0.33693628311157653,False,True,1.1309304791698362,False,0.0007838068011099165,75.91400613943802,0.000720954225004616,0.000634301141868957,0.9261804804413298,2.5442758054181835,23.39904897054048,0.9261804804413298,True,True,True,False,False,True,0.9944065584760258,False,-0.005494526224051444,偏強 (RS上升),1709.TW,和益,0,v1,phase6a,2026-07-12,2,2,2,2,0,2,v1,357,0.5679611650485437,357,0.5679611650485437,170,0.7949029126213593,^TWII,yfinance,2y,2026-09-11,scan_20260914_165629,False,False
True,1,0.3999996185302734,0.43333307902018225,True,False,觀望 (動能減弱),37.849998474121094,2026-09-11 00:00:00,37.44499950408935,-0.015000152587894888,False,True,0.8014986495783021,False,0.0008195327514022709,37.8539384606368,0.0008122737312918362,0.0008306016107869578,0.09415875764511306,-0.614268247218086,-1.759585907505834,0.09415875764511306,True,False,False,False,False,False,0.22307841033642686,False,-0.134857177734375,中性,1609.TW,大亞,3,v1,phase6a,2026-07-12,0,3,4,3,3,3,v1,17,0.9805825242718447,17,0.9805825242718447,28,0.9672330097087378,^TWII,yfinance,2y,2026-09-11,scan_20260914_165629,True,True
True,0,-0.08333333333333331,-0.024999777475992847,True,False,賣出 (動能轉弱),13.899999618530273,2026-09-11 00:00:00,13.855000019073486,0.025000000000000355,False,True,0.7091826200914438,False,0.0003009644753262873,37.70912255173604,0.0002990195413215512,0.00030032242176554946,0.06851397166631745,-0.8849460956066979,0.10172961965357885,0.06851397166631745,True,True,False,False,False,False,0.5713483670805571,False,-0.0693732676700054,中性,2906.TW,高林,0,v1,phase6a,2026-07-12,0,0,2,0,0,0,v1,458,0.44538834951456313,458,0.44538834951456313,467,0.4344660194174757,^TWII,yfinance,2y,2026-09-11,scan_20260914_165629,False,False
True,1,0.8833351135253905,0.766668955485026,True,False,買入 (動能增強),74.9000015258789,2026-09-11 00:00:00,74.51500015258789,0.020000076293939628,False,True,2.172177540803907,True,0.0016217439050230553,42.673126781763635,0.0016158733191454881,0.0016294270808617569,0.03825750543355877,-0.7050979981198191,-1.9293677566594836,0.03825750543355877,True,False,False,False,False,True,0.5266443774318689,False,-0.005312105042067028,中性,1777.TWO,生泰,2,v1,phase6a,2026-07-12,0,2,4,2,2,2,v1,66,0.9211165048543689,66,0.9211165048543689,81,0.9029126213592233,^TWII,yfinance,2y,2026-09-11,scan_20260914_165629,False,False
True,0,0.6687081654866536,0.4636751810709635,True,False,買入 (動能增強),39.150001525878906,2026-09-11 00:00:00,38.003703117370605,0.06150989532470419,False,True,0.5412102621197273,False,0.0008476805749369762,22.675544737847186,0.0008286124568512047,0.0008655396151498279,0.24282089136553608,-0.31049222276677835,-3.4821602302177346,0.24282089136553608,True,False,False,False,False,True,0.41567009563307117,False,-0.06077266763314104,中性,4160.TWO,訊聯基因,2,v1,phase6a,2026-07-12,0,2,4,2,2,2,v1,107,0.8713592233009708,107,0.8713592233009708,119,0.8567961165048543,^TWII,yfinance,2y,2026-09-11,scan_20260914_165629,False,False
True,0,0.08333396911621099,0.2750008900960286,True,False,觀望 (動能減弱),34.29999923706055,2026-09-11 00:00:00,34.939999961853026,-0.030000114440916548,False,False,0.9636312282975295,False,0.0007426677379409526,13.246815955469197,0.0007593097518874256,0.0007967465623730885,-0.23017730408789738,-0.8904637037212337,-4.371185088698848,-0.23017730408789738,False,False,False,False,False,False,0.0075825968328171135,False,-0.10793241725703528,中性,2524.TW,京城,0,v1,phase6a,2026-07-12,0,0,0,0,0,0,v1,439,0.4684466019417476,439,0.4684466019417476,448,0.4575242718446602,^TWII,yfinance,2y,2026-09-11,scan_20260914_165629,False,False
True,0,-0.75,0.41666666666666663,True,False,賣出 (動能轉弱),243.0,2026-09-11 00:00:00,249.975,0.19999999999998863,False,False,0.659698900074013,False,0.005261465432473208,96.52519988005353,0.005344559781318012,0.005401611098627766,-0.16339011175506846,-0.7590202248543232,4.643350793826939,-0.16339011175506846,False,False,False,False,False,False,0.39970895820382046,False,-0.1164741359251612,中性,7556.TWO,意德士,0,v1,phase6a,2026-07-12,0,0,1,0,0,0,v1,742,0.10072815533980582,742,0.10072815533980582,744,0.0983009708737864,^TWII,yfinance,2y,2026-09-11,scan_20260914_165629,False,False
True,0,-0.024999936421712242,-0.10000006357828775,True,False,觀察 (跌勢收斂),19.950000762939453,2026-09-11 00:00:00,19.84000015258789,0.005000019073484907,False,True,1.8121205431063032,True,0.0004319598328889715,60.067884859732956,0.0004305936809468702,0.00044264339408971794,0.03340817962358411,-0.9103172365160006,-3.7578602085466706,0.03340817962358411,True,False,False,False,False,True,0.3335047719384201,False,-0.029197007123924257,中性,5547.TWO,久舜,1,v1,phase6a,2026-07-12,0,1,3,1,1,1,v1,250,0.6978155339805825,250,0.6978155339805825,255,0.691747572815534,^TWII,yfinance,2y,2026-09-11,scan_20260914_165629,False,False
True,0,-0.871241251627604,-0.3130709330240885,True,False,賣出 (動能轉弱),94.19999694824219,2026-09-11 00:00:00,99.19941177368165,-0.09882354736328125,False,False,0.33143593860225257,False,0.0020396297435483868,28.480292339996247,0.002120227858732954,0.0021611858161684375,-0.39855145455985896,-1.1913866037234766,3.349413853514993,-0.39855145455985896,False,False,False,False,False,False,0.23437737215417626,False,-0.08051216150480767,中性,4549.TWO,桓達,0,v1,phase6a,2026-07-12,0,0,0,0,0,0,v1,571,0.308252427184466,571,0.308252427184466,576,0.30218446601941745,^TWII,yfinance,2y,2026-09-11,scan_20260914_165629,False,False
False,0,0.5583333969116211,0.3416668574015299,False,True,強烈買入 (爆發),13.0,2026-09-11 00:00:00,11.810000085830689,0.06750001907348668,False,True,7.569218661019902,True,0.000281477574576756,25.206178855952714,0.0002599763278436718,0.0002746768472881448,0.8782206523555658,0.4070463941841185,-4.912511786591944,0.8782206523555658,True,True,False,False,False,True,0.46506849782666954,False,-0.12457914706710793,偏強 (RS上升),3522.TWO,御嵿,3,v1,phase6a,2026-07-12,1,4,5,4,3,4,v1,28,0.9672330097087378,28,0.9672330097087378,19,0.9781553398058253,^TWII,yfinance,2y,2026-09-11,scan_20260914_165629,False,False
True,1,-0.2666664123535156,-0.0166676839192708,True,False,賣出 (動能轉弱),82.5,2026-09-11 00:00:00,81.55499992370605,0.07999992370605469,False,True,0.7691160049918835,False,0.001786299992506336,56.441750860618775,0.001765274778852418,0.0017346623137550875,0.12553051955452865,-0.8121307581199999,-1.14076327753605,0.12553051955452865,True,True,True,False,False,True,0.61437609484613,False,-0.06779661016949157,偏強 (RS上升),2006.TW,東和鋼鐵,0,v1,phase6a,2026-07-12,1,1,2,1,0,1,v1,379,0.5412621359223301,379,0.5412621359223301,302,0.6347087378640777,^TWII,yfinance,2y,2026-09-11,scan_20260914_165629,False,False
True,0,0.4166663487752278,0.5916662216186523,True,False,觀望 (動能減弱),27.450000762939453,2026-09-11 00:00:00,27.840000057220458,0.05500001907348562,False,False,0.479631911293043,False,0.0005943507412986384,27.946503003523052,0.0005998312802101573,0.0006202176172856936,-0.09608443937439981,-0.6837224013977572,2.484049326299087,-0.09608443937439981,False,False,False,False,False,False,0.43035459800063897,False,-0.05993150528342095,中性,2371.TW,大同,0,v1,phase6a,2026-07-12,0,0,1,0,0,0,v1,410,0.5036407766990292,410,0.5036407766990292,421,0.49029126213592233,^TWII,yfinance,2y,2026-09-11,scan_20260914_165629,False,False
True,0,-21.333333333333332,-26.499999999999996,True,False,觀察 (跌勢收斂),822.0,2026-09-11 00:00:00,840.6,-2.0,False,False,0.4025141955298116,False,0.017798043561699495,368.3092248974122,0.01789089453870606,0.01714930041685432,-0.0546001237242022,-1.7657526091790277,1.4480637020676257,-0.0546001237242022,False,True,True,False,False,False,0.6210242290742303,False,-0.10065645514223198,中性,3189.TW,景碩,1,v1,phase6a,2026-07-12,0,1,1,1,1,1,v1,218,0.7366504854368932,218,0.7366504854368932,224,0.7293689320388349,^TWII,yfinance,2y,2026-09-11,scan_20260914_165629,False,False
False,0,0.5499979654947917,0.5666656494140625,False,True,強烈買入 (爆發),84.5999984741211,2026-09-11 00:00:00,83.39000015258789,0.09500007629394247,False,True,2.255639097744361,True,0.0018317694138225281,38.610113407855266,0.0018128484948232995,0.0018798156454203547,0.10998526570842326,-0.8415729731818367,-3.175421771403919,0.10998526570842326,True,False,False,False,False,True,0.28681388416530446,False,0.0,中性,3158.TWO,嘉實,3,v1,phase6a,2026-07-12,0,3,5,3,3,3,v1,25,0.970873786407767,25,0.970873786407767,35,0.9587378640776699,^TWII,yfinance,2y,2026-09-11,scan_20260914_165629,False,False
True,0,-29.166666666666664,-43.5,True,False,觀察 (跌勢收斂),902.0,2026-09-11 00:00:00,967.35,-5.399999999999977,False,False,0.49311382117328123,False,0.019530213251402608,96.52866188460825,0.020783252447131376,0.021468640669839546,-0.6306378603449958,-2.4928450212362008,-5.698735352546846,-0.6306378603449958,False,False,False,False,False,False,0.047865615773551765,False,-0.40231856444198655,中性,6488.TWO,環球晶,1,v1,phase6a,2026-07-12,0,1,1,1,1,1,v1,266,0.6783980582524272,266,0.6783980582524272,270,0.6735436893203883,^TWII,yfinance,2y,2026-09-11,scan_20260914_165629,False,False
True,2,0.008332888285319001,0.17499955495198566,True,False,觀望 (動能減弱),30.149999618530273,2026-09-11 00:00:00,30.997500038146974,-0.047500038146971235,False,False,1.9732453064630957,True,0.0006528114435472324,30.519208399620872,0.0006734152415425084,0.0007247253032292638,-0.32102901213422186,-1.4058442793391857,-4.947031446165484,-0.32102901213422186,False,False,False,False,False,False,0.0,False,-0.1565485969674284,中性,6835.TW,圓裕,0,v1,phase6a,2026-07-12,0,0,0,0,0,0,v1,726,0.12014563106796117,726,0.12014563106796117,728,0.11771844660194175,^TWII,yfinance,2y,2026-09-11,scan_20260914_165629,False,False
True,0,-1.4833335876464844,-1.1500008900960286,True,False,賣出 (動能轉弱),59.20000076293945,2026-09-11 00:00:00,62.069999885559085,-0.31999988555907777,False,False,1.4944510676072036,False,0.0012818055868995617,49.39603940296573,0.0013419468583275463,0.001466890985944752,-0.4695368767597019,-2.5345988949447062,-6.462730266525785,-0.4695368767597019,False,False,False,False,False,False,0.07014497681581935,False,-0.4109452660404035,中性,3707.TWO,漢磊,0,v1,phase6a,2026-07-12,0,0,0,0,0,0,v1,546,0.33859223300970875,546,0.33859223300970875,552,0.3313106796116505,^TWII,yfinance,2y,2026-09-11,scan_20260914_165629,False,False
True,1,-0.3416671752929687,-0.21666717529296875,True,False,賣出 (動能轉弱),24.350000381469727,2026-09-11 00:00:00,24.619999885559082,0.03000001907348704,False,False,0.5933329158027629,False,0.000527229157563014,73.6482609273924,0.0005310747039554224,0.0005585654346491051,-0.07616368239617977,-0.6811216537551679,-0.018900032452584536,-0.07616368239617977,False,False,False,False,False,False,0.3015934245529076,False,-0.09814813401963973,中性,1780.TWO,立弘,0,v1,phase6a,2026-07-12,0,0,1,0,0,0,v1,366,0.5570388349514563,366,0.5570388349514563,379,0.5412621359223301,^TWII,yfinance,2y,2026-09-11,scan_20260914_165629,False,False
True,0,-0.6000010172526041,-0.5250008900960286,True,False,賣出 (動能轉弱),38.400001525878906,2026-09-11 00:00:00,39.05500049591065,-0.039999961853027344,False,False,1.3706971014287535,False,0.0008314414840960095,31.45003235292934,0.0008462686718966794,0.0008864820062008443,-0.18408851569882145,-1.7504293158967066,-5.210714082949375,-0.18408851569882145,False,False,False,False,False,False,0.09067190090916505,False,-0.05067983185154279,中性,8349.TWO,�矬�,0,v1,phase6a,2026-07-12,0,0,0,0,0,0,v1,786,0.04733009708737864,786,0.04733009708737864,787,0.04611650485436893,^TWII,yfinance,2y,2026-09-11,scan_20260914_165629,False,False
True,1,0.0666666030883789,0.049999872843424484,True,False,買入 (動能增強),18.5,2026-09-11 00:00:00,18.63499994277954,-0.00500001907348846,False,False,0.416337854383943,False,0.0004005642407438451,33.94993216251414,0.0004049488530157341,0.00042327016554458494,-0.1138446729434528,-0.8256076502726639,-4.078849041093003,-0.1138446729434528,False,False,False,False,False,True,0.11310397795092784,False,-0.16289594205112468,中性,6916.TW,華凌,3,v1,phase6a,2026-07-12,0,3,3,3,3,3,v1,49,0.941747572815534,49,0.941747572815534,52,0.9381067961165048,^TWII,yfinance,2y,2026-09-11,scan_20260914_165629,True,False
False,0,-0.4416669209798177,-0.3250001271565755,False,True,強烈賣出 (跌破),22.25,2026-09-11 00:00:00,22.785000133514405,-0.03249998092651296,False,False,0.5262839354460125,False,0.0004817596949486785,35.68687471360196,0.0004921856918546976,0.0005094383748117688,-0.222483440734067,-1.765368559552738,-3.5447492660970026,-0.222483440734067,False,False,False,False,False,False,0.15376285271943918,False,-0.06118146482116882,中性,4161.TWO,聿新科,0,v1,phase6a,2026-07-12,0,0,0,0,0,0,v1,558,0.32402912621359226,558,0.32402912621359226,564,0.316747572815534,^TWII,yfinance,2y,2026-09-11,scan_20260914_165629,False,False
True,1,0.2833334604899088,0.20833333333333331,True,False,買入 (動能增強),28.700000762939453,2026-09-11 00:00:00,28.630000019073485,-0.039999961853027344,False,True,0.5608597777222579,False,0.0006214158927002496,34.43313723063848,0.000623236006914218,0.0006416347481730445,-0.03073187175890446,-0.8844193197864003,-4.4104790005588645,-0.03073187175890446,False,False,False,False,False,True,0.1264984933790805,False,-0.1616895299843849,中性,2352.TW,佳世達,3,v1,phase6a,2026-07-12,0,3,4,3,3,3,v1,22,0.9745145631067961,22,0.9745145631067961,33,0.9611650485436893,^TWII,yfinance,2y,2026-09-11,scan_20260914_165629,True,False
True,1,0.133334477742513,0.08333396911621091,True,False,買入 (動能增強),52.70000076293945,2026-09-11 00:00:00,52.014999580383304,0.05000000000000426,False,True,2.2717969396996844,True,0.0011410667996111837,51.01761423138818,0.0011310770153309545,0.001176120151772585,0.09305597777153896,-1.112066381935084,-4.134961015661787,0.09305597777153896,True,False,False,False,False,True,0.26059812426698403,False,-0.035866762054170054,中性,2453.TW,凌群,2,v1,phase6a,2026-07-12,0,2,4,2,2,2,v1,80,0.904126213592233,80,0.904126213592233,95,0.8859223300970874,^TWII,yfinance,2y,2026-09-11,scan_20260914_165629,False,False
False,0,-0.8083337148030598,-0.5750004450480143,False,True,強烈賣出 (跌破),21.049999237060547,2026-09-11 00:00:00,22.232499980926512,-0.07500000000000284,False,False,0.5989181416167293,False,0.0004557771330838744,55.749725343058145,0.00048051679389585493,0.0005040778653767968,-0.5390316278805374,-2.984140115340994,-6.720491568928111,-0.5390316278805374,False,False,False,False,False,False,0.008646006315904516,False,-0.2771861701148727,中性,3717.TW,聯嘉投控,0,v1,phase6a,2026-07-12,0,0,0,0,0,0,v1,549,0.33495145631067963,549,0.33495145631067963,555,0.3276699029126214,^TWII,yfinance,2y,2026-09-11,scan_20260914_165629,False,False
False,0,-77.5,-63.33333333333334,False,True,強烈賣出 (跌破),1995.0,2026-09-11 00:00:00,2319.75,-18.0,False,False,1.189340194798662,False,0.0431959816369714,197.05029163202192,0.04935621030616038,0.04954505705880288,-1.2967695057717443,-2.7078281436961116,-1.994353714527175,-1.2967695057717443,False,False,False,False,False,False,0.04826705397278754,False,-0.2067594433399602,中性,7750.TW,新代,0,v1,phase6a,2026-07-12,0,0,0,0,0,0,v1,751,0.08980582524271845,751,0.08980582524271845,753,0.08737864077669903,^TWII,yfinance,2y,2026-09-11,scan_20260914_165629,False,False
True,2,0.10651461283365884,0.13869476318359375,True,False,觀望 (動能減弱),41.70000076293945,2026-09-11 00:00:00,41.70324630737305,0.007399940490728341,False,False,1.5363817456761022,True,0.0009028934672770056,28.30308507663129,0.0009051290684114591,0.0009366803270199038,-0.025992455252832336,-1.1006293509190468,-3.4167150523533807,-0.025992455252832336,False,False,False,False,False,True,0.28135967643203974,False,-0.04245303389061594,中性,6968.TWO,萬達寵物,2,v1,phase6a,2026-07-12,0,2,3,2,2,2,v1,148,0.8216019417475728,148,0.8216019417475728,151,0.8179611650485437,^TWII,yfinance,2y,2026-09-11,scan_20260914_165629,False,True
True,0,-0.5118707021077473,-0.4041808446248372,True,False,賣出 (動能轉弱),29.100000381469727,2026-09-11 00:00:00,29.643368434906005,-0.02077178955078196,False,False,1.1690491889136727,False,0.0006300767328891365,55.97101558541853,0.000638668711776956,0.000655288699100903,-0.14140976020021734,-1.6340818535068968,-2.1642019762368125,-0.14140976020021734,False,False,False,False,False,False,0.29674509764579976,False,-0.05854151504608873,中性,3434.TWO,哲固,0,v1,phase6a,2026-07-12,0,0,0,0,0,0,v1,512,0.37985436893203883,512,0.37985436893203883,521,0.36893203883495146,^TWII,yfinance,2y,2026-09-11,scan_20260914_165629,False,False
True,0,8.916666666666666,6.833333333333333,True,False,買入 (動能增強),217.0,2026-09-11 00:00:00,225.4,-0.8249999999999886,True,False,1.4124656466318641,False,0.004698510283319696,63.24515780855093,0.004956384535886808,0.005540089083519478,-0.5446874515626088,-2.1649552771007885,-10.240006058144191,-0.5446874515626088,False,False,False,False,False,False,0.017124731764063223,False,-0.4885682901890699,中性,6449.TW,鈺邦,2,v1,phase6a,2026-07-12,0,2,2,2,2,2,v1,132,0.8410194174757282,132,0.8410194174757282,139,0.8325242718446602,^TWII,yfinance,2y,2026-09-11,scan_20260914_165629,False,False
False,0,-0.9166666666666665,-0.683331807454427,False,True,強烈賣出 (跌破),70.19999694824219,2026-09-11 00:00:00,71.45499992370605,-0.06500015258788494,True,False,1.255803254004768,False,0.0015199788366374526,70.16963013573545,0.0015461293484825653,0.00158609974617212,-0.17772079455129486,-1.5878452059357118,-3.8115636372284434,-0.17772079455129486,False,False,False,False,False,False,0.2466471569052169,False,-0.046195673863694386,中性,6951.TW,青新-創,0,v1,phase6a,2026-07-12,0,0,0,0,0,0,v1,737,0.10679611650485436,737,0.10679611650485436,739,0.10436893203883495,^TWII,yfinance,2y,2026-09-11,scan_20260914_165629,False,False
True,0,-0.08333333333333333,-0.10833358764648438,True,False,觀察 (跌勢收斂),32.45000076293945,2026-09-11 00:00:00,32.73000011444092,-0.01999988555908061,False,False,1.2176464273608882,False,0.000702611346905083,35.31025367353864,0.0007086482814362011,0.0007264942134928918,-0.08959274681479279,-1.1376380725521384,-3.1086026562651248,-0.08959274681479279,False,False,False,False,False,False,0.2810668194095259,False,-0.021116160805995432,中性,1527.TW,鑽全,1,v1,phase6a,2026-07-12,0,1,1,1,1,1,v1,178,0.7851941747572816,178,0.7851941747572816,187,0.7742718446601942,^TWII,yfinance,2y,2026-09-11,scan_20260914_165629,False,False
True,1,-0.8666674296061198,-0.7833340962727864,True,False,賣出 (動能轉弱),72.19999694824219,2026-09-11 00:00:00,74.13999977111817,-0.2400001525878821,False,False,1.3122272793817205,False,0.0015632830788800305,93.49570534525606,0.0016041283054945273,0.0016333384505568705,-0.26731057062435726,-1.5758356905488657,-4.2760222770563345,-0.26731057062435726,False,False,False,False,False,False,0.02909398680912253,False,-0.1485849722885646,中性,2423.TW,固緯,1,v1,phase6a,2026-07-12,0,1,1,1,1,1,v1,191,0.7694174757281553,191,0.7694174757281553,199,0.7597087378640777,^TWII,yfinance,2y,2026-09-11,scan_20260914_165629,True,False
True,0,-0.5999997456868489,-0.3416665395100912,True,False,賣出 (動能轉弱),47.150001525878906,2026-09-11 00:00:00,47.927499771118164,-0.034999847412109375,True,False,1.0402940564532908,False,0.0010208975439072877,45.61843471370896,0.001037757084233331,0.0010710711992733609,-0.17071998201486638,-1.5313386556190745,-4.001235728871055,-0.17071998201486638,False,False,False,False,False,False,0.1659029417225403,False,-0.03282048152043271,中性,4581.TW,光隆精密-KY,0,v1,phase6a,2026-07-12,0,0,0,0,0,0,v1,573,0.3058252427184466,573,0.3058252427184466,578,0.29975728155339804,^TWII,yfinance,2y,2026-09-11,scan_20260914_165629,False,False
True,0,3.666666666666667,7.083333333333332,True,False,觀望 (動能減弱),169.5,2026-09-11 00:00:00,176.125,-0.19999999999998863,False,False,1.4056237074439495,False,0.0036700345300584728,31.407179711072928,0.003840798523362354,0.004070231007798755,-0.46582563990407166,-1.6488116803021313,-4.665304187722963,-0.46582563990407166,False,False,False,False,False,False,0.13186554498865494,False,-0.2725321888412017,中性,3035.TW,智原,0,v1,phase6a,2026-07-12,0,0,0,0,0,0,v1,472,0.42839805825242716,472,0.42839805825242716,481,0.4174757281553398,^TWII,yfinance,2y,2026-09-11,scan_20260914_165629,False,False
True,0,-0.4499994913736979,-0.34999974568684894,True,False,賣出 (動能轉弱),50.70000076293945,2026-09-11 00:00:00,50.77499961853027,0.0,False,False,0.6245924279046864,False,0.0010977625573686059,37.68972786160182,0.0011060853033236025,0.001169961553016903,-0.07914264543884553,-1.4441709451379015,-6.150374058535402,-0.07914264543884553,False,False,False,False,False,False,0.10629735341712129,False,-0.21999998826246991,中性,8936.TWO,國統,0,v1,phase6a,2026-07-12,0,0,0,0,0,0,v1,803,0.02669902912621359,803,0.02669902912621359,803,0.02669902912621359,^TWII,yfinance,2y,2026-09-11,scan_20260914_165629,False,False
True,2,-0.05500014623006184,-0.046666781107584626,True,False,賣出 (動能轉弱),10.0,2026-09-11 00:00:00,10.00600004196167,0.003000020980834961,False,False,1.9055343173344568,True,0.00021652121121288923,40.353545588280824,0.00021714345346142611,0.00022484790594044224,-0.030154919149871784,-1.2634421979317745,-4.242645534313294,-0.030154919149871784,False,False,False,False,False,True,0.21501979058682613,False,-0.09691637164628009,中性,1474.TW,弘裕,0,v1,phase6a,2026-07-12,0,0,1,0,0,0,v1,336,0.5934466019417476,336,0.5934466019417476,350,0.5764563106796117,^TWII,yfinance,2y,2026-09-11,scan_20260914_165629,False,False
True,0,0.016667048136393234,0.25,True,False,觀望 (動能減弱),41.45000076293945,2026-09-11 00:00:00,41.64000015258789,0.020000076293939628,False,False,1.2197494252029466,False,0.0008974804369966833,41.388668392140595,0.0009027979410634049,0.0009255044231255092,-0.061961865560689056,-0.937787687788505,-2.3407474506796477,-0.061961865560689056,False,False,False,False,False,False,0.2724726251008674,False,-0.015439376122096449,中性,2013.TW,中鋼構,2,v1,phase6a,2026-07-12,0,2,3,2,2,2,v1,69,0.9174757281553398,69,0.9174757281553398,84,0.8992718446601942,^TWII,yfinance,2y,2026-09-11,scan_20260914_165629,False,True
False,0,-3.666666666666666,-2.75,False,True,強烈賣出 (跌破),129.5,2026-09-11 00:00:00,131.15,-0.125,True,False,0.8286704674184622,False,0.0028039496852069155,41.508947608182396,0.0028385911735442507,0.00288166325440447,-0.1282958327461614,-2.1918679300536814,-5.16839921799953,-0.1282958327461614,False,False,False,False,False,False,0.37630454760492366,False,-0.10380622837370246,中性,9939.TW,宏全,0,v1,phase6a,2026-07-12,0,0,0,0,0,0,v1,819,0.007281553398058253,819,0.007281553398058253,819,0.007281553398058253,^TWII,yfinance,2y,2026-09-11,scan_20260914_165629,False,False
True,0,0.09166749318440753,0.23333390553792321,True,False,觀望 (動能減弱),20.399999618530273,2026-09-11 00:00:00,20.382500076293944,0.02499999999999858,False,True,0.6344023725887705,False,0.0004417032626146653,50.42306176992186,0.00044519607173201537,0.0004594942774004667,-0.08251661615026329,-1.432687932636978,-6.498127395668574,-0.08251661615026329,False,False,False,False,False,True,0.10056355149519583,False,-0.12367289862283881,中性,2610.TW,華航,1,v1,phase6a,2026-07-12,0,1,3,1,1,1,v1,204,0.7536407766990292,204,0.7536407766990292,210,0.7463592233009708,^TWII,yfinance,2y,2026-09-11,scan_20260914_165629,True,False
False,0,-1.4583333333333333,-0.8416659037272135,False,True,強烈賣出 (跌破),42.849998474121094,2026-09-11 00:00:00,44.14500007629395,-0.08500003814697266,True,False,0.13026345784348844,False,0.0009277933570087154,33.49707836838558,0.0009607921388211168,0.0010255904997011215,-0.3602280988507345,-2.5667513006447096,-8.705995769021168,-0.3602280988507345,False,False,False,False,False,False,0.043512945930441145,False,-0.12102567232572115,中性,6542.TWO,隆中,0,v1,phase6a,2026-07-12,0,0,0,0,0,0,v1,688,0.1662621359223301,688,0.1662621359223301,691,0.16262135922330098,^TWII,yfinance,2y,2026-09-11,scan_20260914_165629,False,False
True,0,-1.0333334604899087,-0.8833332061767577,True,False,賣出 (動能轉弱),62.0,2026-09-11 00:00:00,63.07499980926514,-0.039999961853027344,False,False,1.1405208208106383,False,0.0013424315095199133,50.901361859068146,0.0013643496508010694,0.0014256624179229786,-0.16881873537314407,-1.5161164959935136,-3.7708686896554933,-0.16881873537314407,False,False,False,False,False,False,0.0640542993773199,False,-0.07462686567164178,中性,9930.TW,中聯資源,0,v1,phase6a,2026-07-12,0,0,0,0,0,0,v1,817,0.009708737864077669,817,0.009708737864077669,817,0.009708737864077669,^TWII,yfinance,2y,2026-09-11,scan_20260914_165629,False,False
True,1,-0.1499996185302734,-0.09999974568684894,True,False,賣出 (動能轉弱),51.29999923706055,2026-09-11 00:00:00,51.43999977111817,-0.010000038146969814,True,False,0.9946816617601052,False,0.0011107537970028644,32.30116730662072,0.001116547826037351,0.001159444205124238,-0.05459370508693606,-1.1696021874718632,-3.972822849121682,-0.05459370508693606,False,False,False,False,False,True,0.1536384270797099,False,-0.017241408289746296,中性,6281.TW,全國電,0,v1,phase6a,2026-07-12,0,0,0,0,0,0,v1,667,0.19174757281553398,667,0.19174757281553398,670,0.18810679611650485,^TWII,yfinance,2y,2026-09-11,scan_20260914_165629,False,False
True,0,-0.2583330472310384,-0.2583330472310384,True,False,賣出 (動能轉弱),14.449999809265137,2026-09-11 00:00:00,14.580000114440917,-0.04749999046325826,True,False,0.34292188391052203,False,0.0003128731460728106,30.249129117674965,0.0003202561691883194,0.0003579742268881841,-0.24208088584425358,-2.6886951496495115,-12.715739395219883,-0.24208088584425358,False,False,False,False,False,False,0.12430295827385265,False,-0.23746705923489853,中性,3432.TW,台端,0,v1,phase6a,2026-07-12,0,0,0,0,0,0,v1,511,0.38106796116504854,511,0.38106796116504854,520,0.37014563106796117,^TWII,yfinance,2y,2026-09-11,scan_20260914_165629,False,False
True,1,0.014730453491210941,0.05598243077596029,True,False,觀望 (動能減弱),11.75,2026-09-11 00:00:00,11.80328826904297,-0.017292547225951083,False,False,2.745571904922145,True,0.00025441242317514486,26.0034129478222,0.0002576441515304522,0.0002795153674937475,-0.13186146909456298,-1.8146824818875307,-6.952641592976394,-0.13186146909456298,False,False,False,False,False,False,0.07631829258215643,False,-0.2437777282117526,中性,5202.TWO,力新,0,v1,phase6a,2026-07-12,0,0,0,0,0,0,v1,603,0.26941747572815533,603,0.26941747572815533,606,0.2657766990291262,^TWII,yfinance,2y,2026-09-11,scan_20260914_165629,False,False
True,0,0.5249996185302734,0.5750001271565754,True,False,觀望 (動能減弱),38.79999923706055,2026-09-11 00:00:00,38.757500076293944,0.01999988555908061,False,True,1.0566440372269659,False,0.0008401022829867528,34.25472483796135,0.0008420210423336854,0.000863727890118376,-0.023981138489570508,-0.5971684653346743,-2.279741675063962,-0.023981138489570508,False,False,False,False,False,True,0.23021901461897246,False,-0.015228483898008571,中性,2748.TW,雲品,2,v1,phase6a,2026-07-12,0,2,4,2,2,2,v1,87,0.8956310679611651,87,0.8956310679611651,102,0.8774271844660194,^TWII,yfinance,2y,2026-09-11,scan_20260914_165629,False,True
True,0,-7.5,15.0,True,False,賣出 (動能轉弱),1990.0,2026-09-11 00:00:00,2073.0,-4.5,True,False,1.089629877193925,False,0.043087721031364955,205.88304528187564,0.04465206359957381,0.046131931639244894,-0.3674244734251819,-1.074417735710398,-0.0883181776512254,-0.3674244734251819,False,False,False,False,False,False,0.34316364717619363,False,-0.2230495503412998,中性,8299.TWO,群聯,0,v1,phase6a,2026-07-12,0,0,0,0,0,0,v1,785,0.04854368932038835,785,0.04854368932038835,786,0.04733009708737864,^TWII,yfinance,2y,2026-09-11,scan_20260914_165629,False,False
True,0,0.41666539510091144,0.9999987284342446,True,False,觀望 (動能減弱),92.9000015258789,2026-09-11 00:00:00,91.71500053405762,0.5950000762939567,False,True,0.5602252967578039,False,0.002011482085206256,92.34646733421364,0.001969540575605709,0.002075209066694046,0.22466225914590243,0.7370312650069044,7.12028551154178,0.22466225914590243,True,False,False,False,False,False,0.5455362074853812,False,-0.13981480068630647,中性,4946.TWO,辣椒,0,v1,phase6a,2026-07-12,0,0,2,0,0,0,v1,593,0.2815533980582524,593,0.2815533980582524,597,0.2766990291262136,^TWII,yfinance,2y,2026-09-11,scan_20260914_165629,False,False
True,0,-24.833333333333336,-5.500000000000002,True,False,賣出 (動能轉弱),670.0,2026-09-11 00:00:00,740.95,-1.599999999999909,False,False,0.6523091323859604,False,0.014506921151263579,241.196561840615,0.01570528354707509,0.015947833534038284,-0.7967911574033315,-2.1240668766741577,5.939761335479643,-0.7967911574033315,False,False,False,False,False,False,0.42928759400630634,False,-0.14431673052362703,中性,3163.TWO,波若威,1,v1,phase6a,2026-07-12,0,1,1,1,1,1,v1,217,0.7378640776699029,217,0.7378640776699029,223,0.7305825242718447,^TWII,yfinance,2y,2026-09-11,scan_20260914_165629,True,False
True,0,-0.7749999364217122,-0.6083332697550455,True,False,賣出 (動能轉弱),21.899999618530273,2026-09-11 00:00:00,23.055000019073486,-0.08249998092651367,False,False,2.7768136063866713,True,0.0004741814442965987,28.503171841445774,0.0004983025816257278,0.0005358443941247249,-0.5069600529032159,-2.5298047118958,-6.3990891839020625,-0.5069600529032159,False,False,False,False,False,False,0.0,False,-0.21925132926223756,中性,5245.TWO,智晶,0,v1,phase6a,2026-07-12,0,0,0,0,0,0,v1,609,0.2621359223300971,609,0.2621359223300971,612,0.25849514563106796,^TWII,yfinance,2y,2026-09-11,scan_20260914_165629,False,False
True,3,0.03333346048990885,0.016666730244954422,True,False,買入 (動能增強),15.75,2026-09-11 00:00:00,15.699999809265137,0.0025000095367424535,False,True,3.3310967980177812,True,0.00034102090766030053,29.16373527668916,0.0003409474607054051,0.0003528577950734032,0.0022676320012848805,-0.9796100623539195,-3.6673385498676603,0.0022676320012848805,True,False,False,False,False,True,0.18238707792438855,False,-0.006309172180628875,中性,4502.TWO,健信,2,v1,phase6a,2026-07-12,0,2,4,2,2,2,v1,109,0.8689320388349514,109,0.8689320388349514,121,0.8543689320388349,^TWII,yfinance,2y,2026-09-11,scan_20260914_165629,False,False
True,0,0.46666653951009107,0.6999994913736979,True,False,觀望 (動能減弱),59.70000076293945,2026-09-11 00:00:00,60.96000003814697,-0.13500003814696981,True,False,0.6616976225184021,False,0.0012926316474602061,49.01714868936168,0.0013325437664526078,0.0015245640432431395,-0.3142914730169699,-1.9712751974000686,-8.233832138355124,-0.3142914730169699,False,False,False,False,False,False,0.016861605521334234,False,-0.33848401472733536,中性,6485.TWO,點序,0,v1,phase6a,2026-07-12,0,0,0,0,0,0,v1,681,0.17475728155339806,681,0.17475728155339806,684,0.17111650485436894,^TWII,yfinance,2y,2026-09-11,scan_20260914_165629,False,False
True,1,0.5833333333333334,0.0,True,False,買入 (動能增強),165.0,2026-09-11 00:00:00,166.025,-0.25,True,False,0.6230611405128774,False,0.003572599985012672,50.7127231308924,0.003585057556028467,0.0036579988625597046,-0.03656409334777955,-0.8783619612075966,-1.5563347326634225,-0.03656409334777955,False,False,False,False,False,False,0.18644936624763733,False,-0.07577364803101128,中性,1513.TW,中興電,4,v1,phase6a,2026-07-12,0,4,4,4,4,4,v1,6,0.9939320388349514,6,0.9939320388349514,9,0.9902912621359223,^TWII,yfinance,2y,2026-09-11,scan_20260914_165629,False,True
True,1,0.058332761128743485,0.14999961853027344,True,False,觀望 (動能減弱),24.200000762939453,2026-09-11 00:00:00,24.30000009536743,-0.02500000000000213,False,False,2.0622436695563855,True,0.0005239813476544494,37.89784620074126,0.0005220168549155863,0.0005333967854279122,0.03962911464270302,-0.5962980973382548,3.0864555047224185,0.03962911464270302,True,False,False,False,False,True,0.71715779313777,False,-0.024193487604002417,中性,5465.TWO,富驊,0,v1,phase6a,2026-07-12,0,0,0,0,0,0,v1,621,0.24757281553398058,621,0.24757281553398058,624,0.24393203883495146,^TWII,yfinance,2y,2026-09-11,scan_20260914_165629,False,False
True,0,-3.1666666666666665,-2.4166666666666665,True,False,賣出 (動能轉弱),138.0,2026-09-11 00:00:00,144.525,-0.3499999999999943,False,False,1.7357458943477888,True,0.0029879927147378714,70.17939552304053,0.003102668626125052,0.0031448886414323987,-0.3875491835675038,-1.595664102192207,-0.734183946299305,-0.3875491835675038,False,False,False,False,False,False,0.09986844394576987,False,-0.22033898305084743,中性,7631.TW,聚賢研發-創,0,v1,phase6a,2026-07-12,0,0,0,0,0,0,v1,743,0.09951456310679611,743,0.09951456310679611,745,0.0970873786407767,^TWII,yfinance,2y,2026-09-11,scan_20260914_165629,False,False
True,0,2.833333333333333,5.416666666666666,True,False,觀望 (動能減弱),207.0,2026-09-11 00:00:00,221.025,-1.049999999999983,False,False,3.182102925161022,True,0.004481989072106807,51.36695218376127,0.004775195913082641,0.004886746730232867,-0.6421867254905789,-1.0551019972165343,-0.5045545709655097,-0.6421867254905789,False,False,False,False,False,False,0.0334513478091005,False,-0.1228813559322034,中性,3515.TW,華擎,0,v1,phase6a,2026-07-12,0,0,0,0,0,0,v1,518,0.3725728155339806,518,0.3725728155339806,525,0.3640776699029126,^TWII,yfinance,2y,2026-09-11,scan_20260914_165629,False,False
True,0,0.11666679382324219,0.03333346048990886,True,False,買入 (動能增強),23.350000381469727,2026-09-11 00:00:00,23.747500038146974,-0.05500001907348562,False,False,1.2670657923912698,False,0.0005055770364417251,34.55513077183315,0.000514207153354999,0.0005403912730568928,-0.1763552458364792,-1.4063053192215458,-3.8702142732434996,-0.1763552458364792,False,False,False,False,False,False,0.049428626251446874,False,-0.15568628651833327,中性,6229.TWO,研通,2,v1,phase6a,2026-07-12,0,2,2,2,2,2,v1,129,0.8446601941747572,129,0.8446601941747572,136,0.8361650485436893,^TWII,yfinance,2y,2026-09-11,scan_20260914_165629,False,False
True,0,-0.20000076293945307,0.099999745686849,True,False,賣出 (動能轉弱),51.79999923706055,2026-09-11 00:00:00,53.23500003814697,-0.07000007629394389,False,False,1.6546209127025417,True,0.0011215798575635089,29.307368230596687,0.0011629399753821175,0.001255462443728414,-0.37297354701201213,-1.9907810591153097,-7.9150591628235345,-0.37297354701201213,False,False,False,False,False,False,0.0,False,-0.23485965181560442,中性,6841.TWO,長佳智能,0,v1,phase6a,2026-07-12,0,0,0,0,0,0,v1,727,0.11893203883495146,727,0.11893203883495146,729,0.11650485436893204,^TWII,yfinance,2y,2026-09-11,scan_20260914_165629,False,False
False,0,-0.7916666666666665,-0.6499996185302734,False,True,強烈賣出 (跌破),44.29999923706055,2026-09-11 00:00:00,45.025000190734865,-0.04250011444091939,True,False,0.8097203769087654,False,0.0009591889491538419,43.30567261427589,0.0009745541171338575,0.0010225131894343357,-0.16568667470789888,-1.6378099315898287,-4.608046463986081,-0.16568667470789888,False,False,False,False,False,False,0.09613202742731324,False,-0.10200306338680543,中性,5706.TW,鳳凰,0,v1,phase6a,2026-07-12,0,0,0,0,0,0,v1,636,0.22936893203883496,636,0.22936893203883496,639,0.22572815533980584,^TWII,yfinance,2y,2026-09-11,scan_20260914_165629,False,False
True,0,0.00833352406819662,3.1789143880786574e-07,True,False,買入 (動能增強),20.350000381469727,2026-09-11 00:00:00,20.437500286102296,0.01249999999999929,False,False,2.4982564252032433,True,0.00044062067307785833,42.59998596602872,0.00044242700753257955,0.0004524477656679821,-0.04295822468165511,-0.9383732020157853,-2.0737811379516025,-0.04295822468165511,False,False,False,False,False,False,0.31643347744354317,False,-0.02398081490897097,中性,6512.TWO,啟發電,2,v1,phase6a,2026-07-12,0,2,3,2,2,2,v1,133,0.8398058252427184,133,0.8398058252427184,140,0.8313106796116505,^TWII,yfinance,2y,2026-09-11,scan_20260914_165629,False,False
True,0,0.4078076680501302,0.7334842681884765,True,False,觀望 (動能減弱),62.5,2026-09-11 00:00:00,62.66092739105225,0.07147769927978942,False,False,1.3265125039337289,False,0.0013532575700805577,32.17800535553515,0.0013599309666789147,0.0014042265577416252,-0.051627630529127444,-0.9689626825364339,-2.4280777997434555,-0.051627630529127444,False,False,False,False,False,False,0.21428872247313882,False,-0.027530663886012108,中性,2732.TWO,六角,0,v1,phase6a,2026-07-12,0,0,1,0,0,0,v1,454,0.45024271844660196,454,0.45024271844660196,463,0.4393203883495146,^TWII,yfinance,2y,2026-09-11,scan_20260914_165629,False,False
True,2,-0.03333361943562825,-0.008333683013916014,True,False,賣出 (動能轉弱),13.899999618530273,2026-09-11 00:00:00,13.932499837875366,0.0024999618530259227,False,False,1.2550388874735878,False,0.0003009644753262873,33.08373219021444,0.0003023897983238876,0.0003109770168479754,-0.049591486382161154,-1.2234988569766347,-3.929978598098016,-0.049591486382161154,False,False,False,False,False,False,0.2706398131616056,False,-0.02797206761324067,中性,5533.TW,皇鼎,0,v1,phase6a,2026-07-12,0,0,1,0,0,0,v1,632,0.2342233009708738,632,0.2342233009708738,635,0.23058252427184467,^TWII,yfinance,2y,2026-09-11,scan_20260914_165629,False,False
False,0,0.4249998728434245,0.10833295186360677,False,True,強烈買入 (爆發),35.0,2026-09-11 00:00:00,32.180000114440915,0.13749999999999574,False,True,2.7831880576185357,True,0.0007578242392451124,46.15716523598777,0.0007044244984786859,0.0007449103077644799,0.8043785642075196,-0.7622781154084213,-5.418922006052441,0.8043785642075196,True,True,False,False,False,True,0.5502811143024418,False,-0.11650320522573321,偏強 (RS上升),3311.TW,閎暉,3,v1,phase6a,2026-07-12,0,3,5,3,3,3,v1,27,0.9684466019417476,27,0.9684466019417476,37,0.9563106796116505,^TWII,yfinance,2y,2026-09-11,scan_20260914_165629,False,False
True,0,0.1250006357828776,0.4666671752929687,True,False,觀望 (動能減弱),39.099998474121094,2026-09-11 00:00:00,39.58749961853027,0.02499999999999858,False,False,0.6283465903522539,False,0.000846597902803882,20.958417097721746,0.000857352939608022,0.0008910065377288799,-0.13187290086560388,-1.307415892948316,-1.8518430077744674,-0.13187290086560388,False,False,False,False,False,False,0.0546426439960447,False,-0.14907512894631259,中性,6609.TWO,瀧澤科,0,v1,phase6a,2026-07-12,0,0,1,0,0,0,v1,696,0.15655339805825244,696,0.15655339805825244,698,0.154126213592233,^TWII,yfinance,2y,2026-09-11,scan_20260914_165629,False,False
True,0,0.44999996821085614,0.5333333015441895,True,False,觀望 (動能減弱),12.350000381469727,2026-09-11 00:00:00,12.242500066757202,0.017500019073485973,False,True,0.9159798705333793,False,0.00026740370410754694,40.00453044935004,0.00026731441355853545,0.00027995917193592734,0.0035162098155128163,-0.5110148078701138,-2.0099600228115744,0.0035162098155128163,True,False,False,False,False,True,0.1474240915794533,False,-0.19417153781280272,中性,1304.TW,台聚,0,v1,phase6a,2026-07-12,0,0,2,0,0,0,v1,306,0.6298543689320388,306,0.6298543689320388,320,0.6128640776699029,^TWII,yfinance,2y,2026-09-11,scan_20260914_165629,False,False
True,0,-1.8333333333333333,-2.583333333333333,True,False,觀察 (跌勢收斂),118.5,2026-09-11 00:00:00,123.625,-0.4749999999999943,False,False,0.48953488463423966,False,0.0025657763528727376,114.03160798896745,0.0026877604495792744,0.00291792854057418,-0.4754657129641626,-1.890291099966157,-8.273595415006007,-0.4754657129641626,False,False,False,False,False,False,0.025743520583816765,False,-0.504859394001683,中性,2478.TW,大毅,1,v1,phase6a,2026-07-12,0,1,1,1,1,1,v1,197,0.7621359223300971,197,0.7621359223300971,204,0.7536407766990292,^TWII,yfinance,2y,2026-09-11,scan_20260914_165629,False,False
False,0,0.7416667938232422,0.2750008900960286,False,True,強烈買入 (爆發),49.599998474121094,2026-09-11 00:00:00,47.25249977111817,0.13249988555908487,False,True,10.232940358418407,True,0.0010739451745774157,66.33358922060576,0.0010220765325899875,0.0010251283401993573,0.5370615279761459,0.11863852112716788,1.228745064311143,0.5370615279761459,True,True,False,True,False,True,1.0,False,0.0,強勢 (RS強勁),4417.TWO,金洲,3,v1,phase6a,2026-07-12,2,5,5,5,3,5,v1,32,0.962378640776699,32,0.962378640776699,6,0.9939320388349514,^TWII,yfinance,2y,2026-09-11,scan_20260914_165629,False,False
True,1,-0.04833340644836426,-0.04500007629394531,True,False,賣出 (動能轉弱),7.739999771118164,2026-09-11 00:00:00,7.76199996471405,0.001499986648559215,False,False,0.5574524222570973,False,0.00016758741252299904,33.223526902487976,0.0001683442516862696,0.00017413049504982764,-0.04730164268417214,-1.2655985468635222,-3.938309746801516,-0.04730164268417214,False,False,False,False,False,True,0.15561548686880655,False,-0.06295404883228006,中性,5512.TWO,力麒,0,v1,phase6a,2026-07-12,0,0,1,0,0,0,v1,625,0.24271844660194175,625,0.24271844660194175,628,0.23907766990291263,^TWII,yfinance,2y,2026-09-11,scan_20260914_165629,False,False
False,0,-0.1833333969116211,-0.07500012715657552,False,True,強烈賣出 (跌破),16.399999618530273,2026-09-11 00:00:00,17.15499973297119,-0.06750001907348491,False,False,0.47730034067991156,False,0.00035509477812950964,64.38879016300368,0.00037106120099427375,0.0003875791302776422,-0.4508954304169088,-2.3475154722652936,-5.0314190180135165,-0.4508954304169088,False,False,False,False,False,False,0.0496522344245567,False,-0.15681239201906527,中性,3576.TW,聯合再生,0,v1,phase6a,2026-07-12,0,0,0,0,0,0,v1,530,0.3580097087378641,530,0.3580097087378641,537,0.34951456310679613,^TWII,yfinance,2y,2026-09-11,scan_20260914_165629,False,False
True,1,-0.07499980926513672,3.178914387974574e-07,True,False,賣出 (動能轉弱),20.549999237060547,2026-09-11 00:00:00,20.63249988555908,-0.03750000000000142,False,False,1.1518457962564006,False,0.00044495107252322995,25.584780435474155,0.0004485393975328036,0.000494280681571683,-0.08413990214138911,-1.7425321874010802,-5.462965682055875,-0.08413990214138911,False,False,False,False,False,False,0.11217578063641419,False,-0.2034883781104384,中性,3062.TW,建漢,0,v1,phase6a,2026-07-12,0,0,0,0,0,0,v1,482,0.4162621359223301,482,0.4162621359223301,491,0.4053398058252427,^TWII,yfinance,2y,2026-09-11,scan_20260914_165629,False,False
True,0,-0.2083330154418945,-0.22499942779541016,True,False,觀察 (跌勢收斂),31.350000381469727,2026-09-11 00:00:00,31.700000095367432,-0.03000001907348704,True,False,0.8523231154810103,False,0.0006787940054120365,36.86427286135889,0.0006870955203038757,0.0007139779395404921,-0.12701781773740706,-1.4125302636789239,-4.1948228967348395,-0.12701781773740706,False,False,False,False,False,False,0.19046950042919827,False,-0.03240744120244898,中性,1752.TW,南光,1,v1,phase6a,2026-07-12,0,1,1,1,1,1,v1,180,0.7827669902912622,180,0.7827669902912622,189,0.7718446601941747,^TWII,yfinance,2y,2026-09-11,scan_20260914_165629,False,False
True,0,1.3499997456868489,1.933333079020182,True,False,觀望 (動能減弱),59.29999923706055,2026-09-11 00:00:00,60.43999977111817,0.01000003814697692,False,False,1.1265214293749297,False,0.0012839707659731757,33.55153352390882,0.001314275872523039,0.001382868091637531,-0.2421323584275381,-1.1752038149815736,-2.24856341187164,-0.2421323584275381,False,False,False,False,False,False,0.06209503852726842,False,-0.16124467048460145,中性,3178.TWO,公準,0,v1,phase6a,2026-07-12,0,0,1,0,0,0,v1,491,0.4053398058252427,491,0.4053398058252427,500,0.39441747572815533,^TWII,yfinance,2y,2026-09-11,scan_20260914_165629,False,False
False,0,-3.800001780192057,-3.333334604899088,False,True,強烈賣出 (跌破),95.69999694824219,2026-09-11 00:00:00,101.18499946594238,-0.2400001525878963,False,False,1.0850840752557653,False,0.0020721079252303204,42.200873751198344,0.002170391202869219,0.002297584889833633,-0.47440883833999026,-2.2094400779082646,-2.922060821907013,-0.47440883833999026,False,False,False,False,False,False,0.0,False,-0.1924050890443697,中性,3708.TW,上緯投控,0,v1,phase6a,2026-07-12,0,0,0,0,0,0,v1,547,0.33737864077669905,547,0.33737864077669905,553,0.3300970873786408,^TWII,yfinance,2y,2026-09-11,scan_20260914_165629,False,False
True,0,-0.14999961853027347,-0.6333332061767579,True,False,觀察 (跌勢收斂),49.0,2026-09-11 00:00:00,50.23000011444092,-0.03250007629394247,False,False,0.29026712919667286,False,0.0010609539349431573,42.47669723124365,0.0010796452252762035,0.00111115487032572,-0.1819046865742413,-1.3170121009439928,-0.5455283020662116,-0.1819046865742413,False,False,False,False,False,False,0.09527234554740924,False,-0.16382250382413643,中性,8070.TW,長華*,2,v1,phase6a,2026-07-12,0,2,2,2,2,2,v1,152,0.816747572815534,152,0.816747572815534,155,0.8131067961165048,^TWII,yfinance,2y,2026-09-11,scan_20260914_165629,True,False
True,0,-1.6927852630615234,-1.3100605010986328,True,False,賣出 (動能轉弱),63.5,2026-09-11 00:00:00,66.80917606353759,-0.2738414764404382,True,False,0.4320856108052272,False,0.0013749096912018467,58.29019569792462,0.0014381919792986386,0.0014910676744062704,-0.46103598263955714,-2.4353365117397607,-4.006628785236144,-0.46103598263955714,False,False,False,False,False,False,0.06553882657787688,False,-0.1342877339316747,中性,8234.TWO,新漢,0,v1,phase6a,2026-07-12,0,0,0,0,0,0,v1,781,0.05339805825242718,781,0.05339805825242718,783,0.050970873786407765,^TWII,yfinance,2y,2026-09-11,scan_20260914_165629,False,False
True,1,0.125,0.10833326975504556,True,False,買入 (動能增強),13.0,2026-09-11 00:00:00,12.897499990463256,0.0025000095367424535,False,True,1.229999498538666,False,0.000281477574576756,44.289608988906316,0.0002802614933475349,0.0002851925370992378,0.04569555493769695,-0.9210345697966194,-3.4487200193407674,0.04569555493769695,True,False,False,False,False,True,0.412215452884134,False,-0.022556404994930057,中性,8411.TW,福貞-KY,2,v1,phase6a,2026-07-12,0,2,4,2,2,2,v1,154,0.8143203883495146,154,0.8143203883495146,157,0.8106796116504854,^TWII,yfinance,2y,2026-09-11,scan_20260914_165629,False,False
True,0,-0.5333328247070312,-0.3833332061767578,True,False,賣出 (動能轉弱),24.200000762939453,2026-09-11 00:00:00,24.70999994277954,-0.052499961853030186,False,False,0.7332579218172642,False,0.0005239813476544494,36.68399430942139,0.0005326648750578317,0.0005526245925734965,-0.17130652350950681,-1.4815314486289033,-2.1472349946287217,-0.17130652350950681,False,False,False,False,False,False,0.20365733965791466,False,-0.04158412820041768,中性,9904.TW,寶成,0,v1,phase6a,2026-07-12,0,0,0,0,0,0,v1,809,0.019417475728155338,809,0.019417475728155338,809,0.019417475728155338,^TWII,yfinance,2y,2026-09-11,scan_20260914_165629,False,False
True,0,0.3166681925455729,0.7666676839192708,True,False,觀望 (動能減弱),89.0,2026-09-11 00:00:00,90.38499946594239,-0.015000152587887783,False,False,1.4502283668984355,False,0.001927038779794714,32.535233382315624,0.0019625472307509086,0.0020849253583215804,-0.19009104738202387,-1.03736617323269,-3.411732281352242,-0.19009104738202387,False,False,False,False,False,False,0.01619251242155239,False,-0.09827758103507156,中性,1707.TW,葡萄王,0,v1,phase6a,2026-07-12,0,0,0,0,0,0,v1,356,0.5691747572815534,356,0.5691747572815534,370,0.5521844660194175,^TWII,yfinance,2y,2026-09-11,scan_20260914_165629,False,False
True,1,-1.3333333333333333,-1.25,True,False,賣出 (動能轉弱),157.5,2026-09-11 00:00:00,158.55,-0.07499999999998863,True,False,0.5174292912147797,False,0.0034102090766030056,51.98618127746399,0.0034358962065742142,0.0035687907378014,-0.07863398847202108,-1.3264878957647608,-3.9540582181995187,-0.07863398847202108,False,False,False,False,False,False,0.11837610285311174,False,-0.04327007299270069,中性,8083.TWO,瑞穎,0,v1,phase6a,2026-07-12,0,0,0,0,0,0,v1,770,0.06674757281553398,770,0.06674757281553398,772,0.06432038834951456,^TWII,yfinance,2y,2026-09-11,scan_20260914_165629,False,False
True,0,-0.5583333969116211,-0.3833335240681966,True,False,賣出 (動能轉弱),25.100000381469727,2026-09-11 00:00:00,25.877499961853026,-0.032499980926516514,True,False,1.8488285627507044,True,0.0005434682484039807,40.744857748621726,0.0005592000854986956,0.0005718060146819977,-0.2952598617582569,-1.9442451150991302,-4.276606906923918,-0.2952598617582569,False,False,False,False,False,False,0.35461272748898204,False,-0.09222420514435037,中性,6508.TWO,惠光,0,v1,phase6a,2026-07-12,0,0,0,0,0,0,v1,683,0.17233009708737865,683,0.17233009708737865,686,0.16868932038834952,^TWII,yfinance,2y,2026-09-11,scan_20260914_165629,False,False
False,0,-1.3250001271565752,-1.0249996185302734,False,True,強烈賣出 (跌破),39.29999923706055,2026-09-11 00:00:00,41.140000343322754,-0.125,True,False,0.9078006260332778,False,0.0008509283435473973,19.546635250649103,0.0008805108849599611,0.0009185231067764413,-0.352406541594219,-1.9406543992323888,-0.5099972942877895,-0.352406541594219,False,False,False,False,False,False,0.10817291421214685,False,-0.09758897989562532,中性,6931.TW,青松健康,0,v1,phase6a,2026-07-12,0,0,0,0,0,0,v1,736,0.10800970873786407,736,0.10800970873786407,738,0.10558252427184465,^TWII,yfinance,2y,2026-09-11,scan_20260914_165629,False,False
False,0,-38.33333333333333,-1.666666666666667,False,True,強烈賣出 (跌破),1315.0,2026-09-11 00:00:00,1418.25,-3.25,True,False,1.0930701503822358,False,0.028472539274494935,42.77724596437358,0.03057256153598347,0.0313994172579827,-0.7178597382851981,-2.5537466981291,-3.395397314881221,-0.7178597382851981,False,False,False,False,False,False,0.0,False,-0.11314700975009095,中性,5269.TW,祥碩,0,v1,phase6a,2026-07-12,0,0,0,0,0,0,v1,610,0.2609223300970874,610,0.2609223300970874,613,0.25728155339805825,^TWII,yfinance,2y,2026-09-11,scan_20260914_165629,False,False
False,0,-0.29166666666666663,-0.20833333333333331,False,True,強烈賣出 (跌破),11.100000381469727,2026-09-11 00:00:00,11.512500047683716,-0.01749997138977122,False,False,0.49202997905943757,False,0.00024033855270593578,27.3320691874133,0.00024779858359298316,0.0002611888124540715,-0.31589598807648667,-2.001116703450856,-2.5160590743139033,-0.31589598807648667,False,False,False,False,False,False,0.04896688632168645,False,-0.12389376401001417,中性,3050.TW,鈺德,0,v1,phase6a,2026-07-12,0,0,0,0,0,0,v1,476,0.42354368932038833,476,0.42354368932038833,485,0.41262135922330095,^TWII,yfinance,2y,2026-09-11,scan_20260914_165629,False,False
True,1,-0.14999961853027344,-0.17499987284342447,True,False,觀察 (跌勢收斂),41.0,2026-09-11 00:00:00,40.929999923706056,-0.012499999999995737,False,True,1.0718905932360008,False,0.0008877369659728458,48.78500045686533,0.0008847481266047412,0.0009056507126647096,0.03557245017080657,-0.9736702448513546,-1.7654831097617896,0.03557245017080657,True,False,False,False,False,True,0.3828213925804262,False,-0.01323704565967776,中性,4527.TWO,方土霖,1,v1,phase6a,2026-07-12,0,1,2,1,1,1,v1,236,0.7148058252427184,236,0.7148058252427184,241,0.7087378640776699,^TWII,yfinance,2y,2026-09-11,scan_20260914_165629,False,False
True,0,-1.2499999999999998,-1.0833333333333333,True,False,賣出 (動能轉弱),112.0,2026-09-11 00:00:00,113.6,-0.10000000000000853,False,False,1.9811902580536163,True,0.0024250375655843594,44.78868858423888,0.0024595131453455242,0.0025362493642327177,-0.14733247898013335,-1.433166679317377,-3.9214949930186926,-0.14733247898013335,False,False,False,False,False,False,0.23388347142111768,False,-0.03862660944206009,中性,4107.TWO,邦特,0,v1,phase6a,2026-07-12,0,0,0,0,0,0,v1,552,0.3313106796116505,552,0.3313106796116505,558,0.32402912621359226,^TWII,yfinance,2y,2026-09-11,scan_20260914_165629,False,False
True,2,-0.016666730244954426,-0.008333365122477213,True,False,賣出 (動能轉弱),12.300000190734863,2026-09-11 00:00:00,12.275000095367432,0.0025000095367424535,False,True,0.48164039298950906,False,0.0002663210939216681,47.69784688244853,0.0002661175210918531,0.00027164217857238816,0.00805300022890254,-1.0714143808384757,-2.8782293715786667,0.00805300022890254,True,False,False,False,False,True,0.22811148445414442,False,-0.008064470231593623,中性,5324.TWO,士開,0,v1,phase6a,2026-07-12,0,0,2,0,0,0,v1,615,0.25485436893203883,615,0.25485436893203883,618,0.2512135922330097,^TWII,yfinance,2y,2026-09-11,scan_20260914_165629,False,False
True,0,-0.16666539510091147,-0.08333206176757812,True,False,賣出 (動能轉弱),53.20000076293945,2026-09-11 00:00:00,53.46500015258789,0.005000114440917969,False,False,0.24674755874134072,False,0.0011518928601718281,39.008945441640506,0.0011582277309623407,0.0011929136702381823,-0.057540049594440035,-1.1785248587592112,-3.1085732614337336,-0.057540049594440035,False,False,False,False,False,False,0.2057419570986579,False,-0.014814800686306473,中性,8435.TWO,鉅邁,0,v1,phase6a,2026-07-12,0,0,1,0,0,0,v1,792,0.04004854368932039,792,0.04004854368932039,793,0.038834951456310676,^TWII,yfinance,2y,2026-09-11,scan_20260914_165629,False,False
True,0,-0.6166667938232422,-0.5,True,False,賣出 (動能轉弱),17.700000762939453,2026-09-11 00:00:00,18.147500133514406,0.01750001907348775,False,False,0.35762188110648446,False,0.0003832425603660714,47.93951387139932,0.0003896202656381838,0.0003995794701594842,-0.1720091828375514,-1.1282094838708567,0.2759995656576475,-0.1720091828375514,False,False,False,False,False,False,0.20061440132174407,False,-0.06596305803029978,中性,2641.TWO,正德,1,v1,phase6a,2026-07-12,0,1,2,1,1,1,v1,206,0.7512135922330098,206,0.7512135922330098,212,0.7439320388349514,^TWII,yfinance,2y,2026-09-11,scan_20260914_165629,True,False
True,2,0.024999936421712235,0.03333314259847005,True,False,觀望 (動能減弱),14.5,2026-09-11 00:00:00,14.415000009536744,0.007499980926514382,False,True,0.690683619810062,False,0.0003139557562586894,37.970323824193216,0.0003126217078857444,0.0003226495007212672,0.044939058025494916,-1.0082707693491844,-2.8343013458176247,0.044939058025494916,True,False,False,False,False,True,0.27665841389520035,False,-0.013605429378242606,中性,1457.TW,宜進,0,v1,phase6a,2026-07-12,0,0,2,0,0,0,v1,330,0.6007281553398058,330,0.6007281553398058,344,0.5837378640776699,^TWII,yfinance,2y,2026-09-11,scan_20260914_165629,False,False
True,1,0.29999987284342444,0.31666628519694007,True,False,觀望 (動能減弱),54.0,2026-09-11 00:00:00,53.97999992370605,-0.004999923706058951,False,True,1.9178840469659821,True,0.0011692145405496018,63.32395331392003,0.0011653912735103804,0.0011992451721784994,0.03454532383591058,-0.6618733600807669,0.03753930602987676,0.03454532383591058,True,False,False,False,False,False,0.4747614228914484,False,-0.05923347448598948,中性,3684.TWO,榮昌,0,v1,phase6a,2026-07-12,0,0,1,0,0,0,v1,541,0.3446601941747573,541,0.3446601941747573,547,0.33737864077669905,^TWII,yfinance,2y,2026-09-11,scan_20260914_165629,False,False
True,0,0.19166628519694012,0.3666667938232422,True,False,觀望 (動能減弱),45.04999923706055,2026-09-11 00:00:00,46.00499973297119,-0.11750011444091513,True,False,0.94532912014541,False,0.0009754280399948085,58.982591739078806,0.000999335440139832,0.0010326336717207869,-0.251191634570358,-1.6391219658438927,-4.870126925033769,-0.251191634570358,False,False,False,False,False,False,0.03264087934616099,False,-0.1899584395049616,中性,6509.TWO,聚和,0,v1,phase6a,2026-07-12,0,0,0,0,0,0,v1,684,0.17111650485436894,684,0.17111650485436894,687,0.16747572815533981,^TWII,yfinance,2y,2026-09-11,scan_20260914_165629,False,False
True,0,11.833333333333332,13.833333333333332,True,False,觀望 (動能減弱),659.0,2026-09-11 00:00:00,684.5,-1.3999999999999773,True,False,0.9698231020157039,False,0.0142687478189294,89.67565516048762,0.014807585244797195,0.015516801077564367,-0.38158345875273225,-1.371522646394474,-2.2063027826777826,-0.38158345875273225,False,False,False,False,False,False,0.06761362943198312,False,-0.18541409147095178,中性,3563.TW,牧德,0,v1,phase6a,2026-07-12,0,0,0,0,0,0,v1,528,0.3604368932038835,528,0.3604368932038835,535,0.35194174757281554,^TWII,yfinance,2y,2026-09-11,scan_20260914_165629,False,False
True,0,-0.8166669209798176,-0.3833332061767578,True,False,賣出 (動能轉弱),59.79999923706055,2026-09-11 00:00:00,60.77499980926514,-0.0800001144409137,True,False,0.48380744916911333,False,0.00129479682653382,33.360552783522145,0.0013157474185270237,0.001351253413673876,-0.16732963173441417,-1.555956279517523,-3.823911904438393,-0.16732963173441417,False,False,False,False,False,False,0.14796472582522263,False,-0.03703702566142608,中性,6592.TW,和潤企業,0,v1,phase6a,2026-07-12,0,0,0,0,0,0,v1,693,0.16019417475728157,693,0.16019417475728157,696,0.15655339805825244,^TWII,yfinance,2y,2026-09-11,scan_20260914_165629,False,False
True,1,-0.025000254313151046,0.09166653951009114,True,False,賣出 (動能轉弱),19.399999618530273,2026-09-11 00:00:00,19.657499980926513,0.009999942779540305,False,False,1.4318403712762082,False,0.0004200511414933764,54.07747036568726,0.00041393324836580883,0.0003932362048157427,0.1558203450216178,0.2817733691502067,17.968744402576764,0.1558203450216178,True,True,True,False,False,False,0.8699895434206804,False,-0.030000019073486373,偏強 (RS上升),4413.TWO,飛寶企業,0,v1,phase6a,2026-07-12,1,1,1,1,0,1,v1,562,0.3191747572815534,562,0.3191747572815534,306,0.6298543689320388,^TWII,yfinance,2y,2026-09-11,scan_20260914_165629,False,False
True,2,-0.19982083638509113,0.053009033203124986,True,False,賣出 (動能轉弱),60.0,2026-09-11 00:00:00,60.53776340484619,-0.01915092468262003,True,False,1.1304094470387254,False,0.0012991272672773354,17.386167178176326,0.0013184101268866571,0.0014554521958849884,-0.1537195818821946,-1.5761379718238322,-6.125101488114993,-0.1537195818821946,False,False,False,False,False,False,0.1221325931145988,False,-0.1205079821500804,中性,7818.TW,溢泰實業,0,v1,phase6a,2026-07-12,0,0,0,0,0,0,v1,756,0.08373786407766991,756,0.08373786407766991,758,0.08131067961165049,^TWII,yfinance,2y,2026-09-11,scan_20260914_165629,False,False
False,0,-0.3166666030883789,-0.10000006357828775,False,True,強烈賣出 (跌破),19.100000381469727,2026-09-11 00:00:00,20.044999980926512,-0.05000000000000071,False,False,3.2525171940683206,True,0.00041355552167624714,28.59563657054767,0.0004348688583848734,0.00045632745481636005,-0.5132568405678217,-1.8209124888518113,-5.897540047335548,-0.5132568405678217,False,False,False,False,False,False,0.0,False,-0.09905661820261913,中性,6222.TWO,立軒,0,v1,phase6a,2026-07-12,0,0,0,0,0,0,v1,661,0.19902912621359223,661,0.19902912621359223,664,0.1953883495145631,^TWII,yfinance,2y,2026-09-11,scan_20260914_165629,False,False
False,0,-0.37499999999999994,-0.3250001271565755,False,True,強烈賣出 (跌破),20.25,2026-09-11 00:00:00,20.612499809265138,-0.0274999618530245,True,False,0.6805274424154256,False,0.0004384554527061007,32.852677134791755,0.0004471866218806074,0.00047005862729058106,-0.20510126409315488,-1.9456548671482277,-6.039812250075826,-0.20510126409315488,False,False,False,False,False,False,0.07433628244433367,False,-0.10792954540069355,中性,4133.TW,亞諾法,0,v1,phase6a,2026-07-12,0,0,0,0,0,0,v1,556,0.32645631067961167,556,0.32645631067961167,562,0.3191747572815534,^TWII,yfinance,2y,2026-09-11,scan_20260914_165629,False,False
True,1,7.0,10.749999999999998,True,False,觀望 (動能減弱),273.0,2026-09-11 00:00:00,275.925,-0.25,False,False,0.988554847506818,False,0.005911029066111876,98.35753492361157,0.006005827392038122,0.006202609404537714,-0.16587587564227402,-0.7319754192970152,-2.332016796438663,-0.16587587564227402,False,False,False,False,False,False,0.2513419515781906,False,-0.23940877753197498,中性,6239.TW,力成,1,v1,phase6a,2026-07-12,0,1,1,1,1,1,v1,263,0.6820388349514563,263,0.6820388349514563,267,0.6771844660194175,^TWII,yfinance,2y,2026-09-11,scan_20260914_165629,True,False
True,0,0.4500007629394531,0.7833340962727864,True,False,觀望 (動能減弱),92.80000305175781,2026-09-11 00:00:00,92.88500022888184,0.09000015258789062,False,False,0.7664183849577618,False,0.0020093169061326417,42.61876989447228,0.0020180478364551146,0.002092183422416696,-0.04552057319061609,-1.1850361087059613,-3.503268020876016,-0.04552057319061609,False,False,False,False,False,True,0.11588569641733454,False,-0.030302967491762756,中性,5403.TWO,中菲,0,v1,phase6a,2026-07-12,0,0,1,0,0,0,v1,619,0.25,619,0.25,622,0.24635922330097088,^TWII,yfinance,2y,2026-09-11,scan_20260914_165629,False,False
False,0,1.1333338419596353,0.7333335876464844,False,True,強烈買入 (爆發),62.79999923706055,2026-09-11 00:00:00,60.359999656677246,0.09499988555908345,False,True,1.762393534015523,True,0.001359753189897687,38.636962101841355,0.0013244250641048405,0.0014224731031386472,0.28157282538721073,-0.5863934535669135,-6.671310642774597,0.28157282538721073,True,False,False,False,False,True,0.27362077778393556,False,-0.1223742224583032,中性,4915.TW,致伸,3,v1,phase6a,2026-07-12,0,3,5,3,3,3,v1,35,0.9587378640776699,35,0.9587378640776699,42,0.9502427184466019,^TWII,yfinance,2y,2026-09-11,scan_20260914_165629,False,False
True,0,1.0833333333333333,0.25,True,False,買入 (動能增強),116.5,2026-09-11 00:00:00,111.35,0.25,False,True,5.88300411496506,True,0.0025224721106301595,64.21286168527733,0.0024125949162676266,0.0024123928820883127,0.4817110064524899,-0.286286204959707,0.24667239362015092,0.4817110064524899,True,True,True,False,False,True,0.9553974305818503,False,0.0,偏強 (RS上升),3029.TW,零壹,2,v1,phase6a,2026-07-12,1,3,4,3,2,3,v1,94,0.8871359223300971,94,0.8871359223300971,60,0.9283980582524272,^TWII,yfinance,2y,2026-09-11,scan_20260914_165629,False,False
True,0,-0.5166668891906738,-0.4750002225240071,True,False,賣出 (動能轉弱),14.5,2026-09-11 00:00:00,14.990000009536743,-0.01500000953674352,False,False,0.5980369364848841,False,0.0003139557562586894,16.65038419468036,0.0003226735509082425,0.00034069689326856917,-0.283586993835816,-1.788773128927934,-3.4191041494991747,-0.283586993835816,False,False,False,False,False,False,0.05239635782566555,False,-0.19444444444444442,中性,4128.TWO,中天,0,v1,phase6a,2026-07-12,0,0,0,0,0,0,v1,555,0.3276699029126214,555,0.3276699029126214,561,0.32038834951456313,^TWII,yfinance,2y,2026-09-11,scan_20260914_165629,False,False
False,0,-3.1833330790201826,-1.8833338419596353,False,True,強烈賣出 (跌破),88.5,2026-09-11 00:00:00,93.88499870300294,-0.2749999999999915,False,False,3.975189260190036,True,0.0019162127192340697,30.37016022812453,0.0020221960369892194,0.0020488616039973408,-0.548657475295744,-1.9038654785560882,-3.4021536689388454,-0.548657475295744,False,False,False,False,False,False,0.26749202556264,False,-0.11144576951981766,中性,5306.TW,桂盟,0,v1,phase6a,2026-07-12,0,0,0,0,0,0,v1,614,0.25606796116504854,614,0.25606796116504854,617,0.2524271844660194,^TWII,yfinance,2y,2026-09-11,scan_20260914_165629,False,False
True,0,-4.6472231547037754,-2.7772076924641924,True,False,賣出 (動能轉弱),79.30000305175781,2026-09-11 00:00:00,87.2845012664795,-0.19949455261230753,False,False,0.6241946081402515,False,0.0017170132709952415,43.52979583238203,0.0018152838506719513,0.0017435539446558313,-0.5666143843334193,-1.232626594659303,17.621332295049474,-0.5666143843334193,False,False,True,False,False,False,0.5134659524496108,False,-0.13380716385954294,中性,4905.TWO,台聯電,0,v1,phase6a,2026-07-12,0,0,0,0,0,0,v1,588,0.28762135922330095,588,0.28762135922330095,592,0.2827669902912621,^TWII,yfinance,2y,2026-09-11,scan_20260914_165629,False,False
True,0,-0.0033333301544189453,0.029999971389770508,True,False,賣出 (動能轉弱),5.21999979019165,2026-09-11 00:00:00,5.197499942779541,0.003999996185302557,False,True,0.6028199857934545,False,0.00011302406771033238,24.895009185814516,0.0001129425912569917,0.00011980358113711543,0.007594229948160169,-1.165381472170235,-3.47696957630671,0.007594229948160169,True,False,False,False,False,True,0.241637725148412,False,-0.10616444284192328,中性,1340.TW,勝悅-KY,0,v1,phase6a,2026-07-12,0,0,2,0,0,0,v1,312,0.6225728155339806,312,0.6225728155339806,326,0.6055825242718447,^TWII,yfinance,2y,2026-09-11,scan_20260914_165629,False,False
True,1,0.5,0.75,True,False,觀望 (動能減弱),118.5,2026-09-11 00:00:00,120.825,-0.42499999999999716,False,False,0.8143644579025809,False,0.0025657763528727376,64.65971615483511,0.002649757500461177,0.002827326567723516,-0.33251067134385526,-1.860917139349394,-10.079963043037354,-0.33251067134385526,False,False,False,False,False,False,0.033709237370781985,False,-0.25705329153605017,中性,3004.TW,豐達科,0,v1,phase6a,2026-07-12,0,0,0,0,0,0,v1,466,0.4356796116504854,466,0.4356796116504854,475,0.42475728155339804,^TWII,yfinance,2y,2026-09-11,scan_20260914_165629,False,False
True,2,-0.016666730244954422,-0.021666685740152992,True,False,觀察 (跌勢收斂),6.019999980926514,2026-09-11 00:00:00,6.030500102043152,-0.0015000104904174805,True,False,1.9190551166029375,True,0.0001303457687371779,23.440868923225658,0.00013085529378847267,0.00013631542942911529,-0.04097063259425049,-1.3222530765387819,-4.058652310370192,-0.04097063259425049,False,False,False,False,False,False,0.14765374647396104,False,-0.025889943666086213,中性,6264.TWO,富裔,1,v1,phase6a,2026-07-12,0,1,1,1,1,1,v1,264,0.6808252427184466,264,0.6808252427184466,268,0.6759708737864077,^TWII,yfinance,2y,2026-09-11,scan_20260914_165629,False,False
True,0,-0.15833346048990882,-0.14166688919067383,True,False,賣出 (動能轉弱),14.899999618530273,2026-09-11 00:00:00,15.017499923706055,-0.01500000953674352,False,False,0.5415347828419463,False,0.00032261659644757624,24.31946525632092,0.0003259984122279933,0.0003440371173297895,-0.10907792763904522,-1.538108365126889,-5.2265888129513165,-0.10907792763904522,False,False,False,False,False,False,0.11825239038651948,False,-0.06875002384185791,中性,4528.TWO,江興鍛,0,v1,phase6a,2026-07-12,0,0,0,0,0,0,v1,567,0.3131067961165049,567,0.3131067961165049,572,0.3070388349514563,^TWII,yfinance,2y,2026-09-11,scan_20260914_165629,False,False
True,0,-0.1916667620340983,-0.1916667620340983,True,False,賣出 (動能轉弱),14.399999618530273,2026-09-11 00:00:00,14.462499952316284,-0.012500000000001066,True,False,1.1433447230629294,False,0.0003117905358869318,22.480304421396873,0.00031613613559040334,0.00034226467016218123,-0.14448542080903737,-2.0228939707786164,-9.142615261431008,-0.14448542080903737,False,False,False,False,False,True,0.13536793437890715,False,-0.16922295974953927,中性,1338.TW,廣華-KY,0,v1,phase6a,2026-07-12,0,0,0,0,0,0,v1,310,0.625,310,0.625,324,0.6080097087378641,^TWII,yfinance,2y,2026-09-11,scan_20260914_165629,False,False
True,0,-0.39999961853027344,-0.11666615804036456,True,False,賣出 (動能轉弱),43.70000076293945,2026-09-11 00:00:00,44.13999996185303,-0.004999923706051845,True,False,0.6528617716401683,False,0.0009461977095195835,37.79849858106292,0.0009529484785102987,0.0009727149556183125,-0.0745137620751457,-1.183388025171772,-1.364790852143949,-0.0745137620751457,False,False,False,False,False,False,0.3682424875570706,False,-0.028888871934678817,中性,1615.TW,大山,0,v1,phase6a,2026-07-12,0,0,0,0,0,0,v1,354,0.5716019417475728,354,0.5716019417475728,368,0.5546116504854369,^TWII,yfinance,2y,2026-09-11,scan_20260914_165629,False,False
True,0,-0.12333329518636069,-0.08999999364217123,True,False,賣出 (動能轉弱),4.840000152587891,2026-09-11 00:00:00,4.93199999332428,-0.005499982833861772,False,False,0.5878271625551595,False,0.00010479626953088988,27.098306897332943,0.00010657036799839482,0.00011174666298349701,-0.17492717627888288,-1.86734159227665,-3.6061365961846725,-0.17492717627888288,False,False,False,False,False,False,0.19663836932513248,False,-0.08679245690426896,中性,5907.TW,大洋-KY,0,v1,phase6a,2026-07-12,0,0,0,0,0,0,v1,638,0.22694174757281554,638,0.22694174757281554,641,0.22330097087378642,^TWII,yfinance,2y,2026-09-11,scan_20260914_165629,False,False
True,0,0.3166669209798177,0.4833335876464844,True,False,觀望 (動能減弱),43.20000076293945,2026-09-11 00:00:00,43.01250038146973,0.032500076293949576,False,True,1.4867309264811557,False,0.0009353716489589389,54.97838413222245,0.0009342183682548538,0.0009579027862886656,0.012996291896105738,-0.7538927482634739,-2.688007369148271,0.012996291896105738,True,False,False,False,False,True,0.31840261855934354,False,-0.006896534185299896,中性,9918.TW,欣天然,2,v1,phase6a,2026-07-12,0,2,4,2,2,2,v1,161,0.8058252427184466,161,0.8058252427184466,163,0.8033980582524272,^TWII,yfinance,2y,2026-09-11,scan_20260914_165629,False,True
True,0,8.166666666666666,12.166666666666666,True,False,觀望 (動能減弱),721.0,2026-09-11 00:00:00,769.05,-3.300000000000068,False,False,1.5326104527712203,True,0.015611179328449314,56.86731398324448,0.016730602239631725,0.018278416144505188,-0.6993764230711963,-2.02183134666426,-6.570108542550446,-0.6993764230711963,False,False,False,False,False,False,0.0,False,-0.2536231884057971,中性,4749.TWO,新應材,0,v1,phase6a,2026-07-12,0,0,0,0,0,0,v1,583,0.2936893203883495,583,0.2936893203883495,587,0.28883495145631066,^TWII,yfinance,2y,2026-09-11,scan_20260914_165629,False,False
True,0,-18.218159993489582,-2.419301350911458,True,False,賣出 (動能轉弱),834.0,2026-09-11 00:00:00,909.147671508789,-1.65875244140625,False,False,0.6025998837590706,False,0.01805786901515496,112.09681973881513,0.019485261818910006,0.02134278864243495,-0.7652047021979635,-2.2477976155740764,-0.245871836244127,-0.7652047021979635,False,False,False,False,False,False,0.032378207233715886,False,-0.3440608859850942,中性,7822.TW,倍利科,0,v1,phase6a,2026-07-12,0,0,0,0,0,0,v1,758,0.08131067961165049,758,0.08131067961165049,760,0.07888349514563107,^TWII,yfinance,2y,2026-09-11,scan_20260914_165629,False,False
True,1,0.5625089009602864,0.4948927561442057,True,False,買入 (動能增強),42.900001525878906,2026-09-11 00:00:00,44.09334926605224,-0.11397495269775959,False,False,0.9357905108126161,False,0.0009288760291418098,105.5356023865922,0.0009595690987327062,0.0010262248970698416,-0.33556809353635364,-1.1346507781052173,-5.265869986091687,-0.33556809353635364,False,False,False,False,False,False,0.08487875266998444,False,-0.40555833119610185,中性,3236.TWO,千如,2,v1,phase6a,2026-07-12,0,2,2,2,2,2,v1,97,0.883495145631068,97,0.883495145631068,109,0.8689320388349514,^TWII,yfinance,2y,2026-09-11,scan_20260914_165629,False,False
True,0,-4.583333333333333,-5.333333333333333,True,False,觀察 (跌勢收斂),138.0,2026-09-11 00:00:00,139.225,-0.25,True,False,1.4619818447767738,False,0.0029879927147378714,84.22614133502086,0.002992283091906653,0.0029738492038716893,-0.015090500596404155,-1.8663770012292358,-3.5393414896985775,-0.015090500596404155,False,True,True,False,False,False,0.44883974793655396,False,-0.12658227848101267,中性,6206.TW,飛捷,1,v1,phase6a,2026-07-12,0,1,1,1,1,1,v1,261,0.6844660194174758,261,0.6844660194174758,266,0.6783980582524272,^TWII,yfinance,2y,2026-09-11,scan_20260914_165629,False,False
True,0,5.166666666666666,8.416666666666666,True,False,觀望 (動能減弱),406.0,2026-09-11 00:00:00,419.075,-1.6999999999999886,False,False,1.0726209210245596,False,0.008790761175243304,19.73017070916438,0.009140662724510933,0.009901991218706796,-0.40132676911392995,-1.0484458381260664,-6.334277744647299,-0.40132676911392995,False,False,False,False,False,False,0.04816663497027537,False,-0.20324542036178117,中性,6643.TWO,M31,0,v1,phase6a,2026-07-12,0,0,0,0,0,0,v1,699,0.1529126213592233,699,0.1529126213592233,701,0.15048543689320387,^TWII,yfinance,2y,2026-09-11,scan_20260914_165629,False,False
True,0,-0.8333326975504557,-0.5666662851969401,True,False,賣出 (動能轉弱),50.0,2026-09-11 00:00:00,50.79500064849854,-0.09500007629394247,True,False,1.0061549874744748,False,0.0010826060560644461,31.38569948798771,0.001105228958025126,0.0012019498694924393,-0.2149996317705627,-2.4545394788171193,-7.610723595994995,-0.2149996317705627,False,False,False,False,False,False,0.07745783944706908,False,-0.27391914373511517,中性,3527.TWO,聚積,0,v1,phase6a,2026-07-12,0,0,0,0,0,0,v1,522,0.36771844660194175,522,0.36771844660194175,529,0.3592233009708738,^TWII,yfinance,2y,2026-09-11,scan_20260914_165629,False,False
True,0,-1.56666628519694,-1.591666539510091,True,False,觀察 (跌勢收斂),40.45000076293945,2026-09-11 00:00:00,42.057794380187985,-0.12277164459229084,False,False,1.095560750700509,False,0.0008758283158753945,24.77281077954826,0.0009125655288185137,0.0010302216906119873,-0.42197047882565064,-2.8325454974662545,-8.85923925670391,-0.42197047882565064,False,False,False,False,False,False,0.03817170389207497,False,-0.2691828454212022,中性,6986.TWO,和迅,1,v1,phase6a,2026-07-12,0,1,1,1,1,1,v1,283,0.6577669902912622,283,0.6577669902912622,287,0.6529126213592233,^TWII,yfinance,2y,2026-09-11,scan_20260914_165629,False,False
True,0,-1.7032769521077473,-1.5212554931640625,True,False,賣出 (動能轉弱),39.349998474121094,2026-09-11 00:00:00,40.96018657684326,-0.038668441772458095,True,False,2.6666666666666665,True,0.0008520109330842042,49.785169125646114,0.000881322489661861,0.0009427596623392998,-0.3488692208671762,-2.1498762060427667,-4.153377431547045,-0.3488692208671762,False,False,False,False,False,False,0.10513040876924505,False,-0.13960255969791158,中性,6624.TWO,萬年清,0,v1,phase6a,2026-07-12,0,0,0,0,0,0,v1,698,0.154126213592233,698,0.154126213592233,700,0.15169902912621358,^TWII,yfinance,2y,2026-09-11,scan_20260914_165629,False,False
False,0,5.483332316080729,4.916665395100911,False,True,強烈買入 (爆發),85.9000015258789,2026-09-11 00:00:00,80.92000007629395,0.45000000000000284,False,True,1.7245291850559876,True,0.0018599172373572335,90.32367303947706,0.0017563658488574095,0.0018369379822735232,0.6244835484889855,1.5332991755148795,6.3096586566568025,0.6244835484889855,True,True,False,False,False,True,0.6264576948551563,False,-0.13232321691031412,偏強 (RS上升),5340.TWO,建榮,3,v1,phase6a,2026-07-12,1,4,5,4,3,4,v1,36,0.9575242718446602,36,0.9575242718446602,21,0.9757281553398058,^TWII,yfinance,2y,2026-09-11,scan_20260914_165629,False,False
False,0,1.0833333333333333,0.5833333333333334,False,True,強烈買入 (爆發),170.0,2026-09-11 00:00:00,168.8,0.05000000000001137,False,True,0.35642315653830864,False,0.003680860590619117,58.277522796915314,0.0036685383445046607,0.003786792115766248,0.03536932653986913,-0.971715936169304,-3.6915795013064856,0.03536932653986913,True,False,False,False,False,True,0.16774267807809548,False,-0.01449275362318836,中性,8416.TWO,實威,3,v1,phase6a,2026-07-12,0,3,5,3,3,3,v1,53,0.9368932038834952,53,0.9368932038834952,56,0.933252427184466,^TWII,yfinance,2y,2026-09-11,scan_20260914_165629,False,False
True,1,0.1333325703938802,0.049999237060546875,True,False,買入 (動能增強),64.0999984741211,2026-09-11 00:00:00,61.51499996185303,0.05499992370605611,False,True,5.900790980235525,True,0.001387900930836105,31.862942887126607,0.0013364855702127072,0.00139185484605034,0.40659990003386604,-0.8928143486568341,-3.0591160173239262,0.40659990003386604,True,False,False,False,False,True,0.671240069330248,False,-0.01384617732121396,中性,6689.TW,伊雲谷,2,v1,phase6a,2026-07-12,0,2,4,2,2,2,v1,139,0.8325242718446602,139,0.8325242718446602,145,0.8252427184466019,^TWII,yfinance,2y,2026-09-11,scan_20260914_165629,False,False
True,0,0.40555858612060547,0.38069216410319007,True,False,買入 (動能增強),8.59000015258789,2026-09-11 00:00:00,8.510701608657836,0.0024549007415757274,False,True,0.8044223302054204,False,0.00018599172373572333,82.76355776654476,0.0001852424345687927,0.00018657872108544403,0.04259614744115403,0.2158520243099371,-0.5811332351877696,0.04259614744115403,True,False,False,False,False,True,0.1967753828265127,False,-0.13405051083923647,偏強 (RS上升),9105.TW,泰金寶-DR,2,v1,phase6a,2026-07-12,1,3,4,3,2,3,v1,160,0.8070388349514563,160,0.8070388349514563,68,0.9186893203883495,^TWII,yfinance,2y,2026-09-11,scan_20260914_165629,False,False
True,0,3.9999999999999996,1.75,True,False,買入 (動能增強),157.5,2026-09-11 00:00:00,153.325,-0.15000000000000568,False,True,0.7501796865153246,False,0.0034102090766030056,74.87565475586513,0.0033535115720488926,0.0035153664030539798,0.17828471916860877,-0.08487294731246431,-5.928094390912831,0.17828471916860877,True,False,False,False,False,True,0.14204253796819793,False,-0.2671471639823825,中性,5347.TWO,世界,2,v1,phase6a,2026-07-12,0,2,3,2,2,2,v1,117,0.8592233009708737,117,0.8592233009708737,127,0.8470873786407767,^TWII,yfinance,2y,2026-09-11,scan_20260914_165629,False,False
True,1,-0.2166666984558105,-0.16666666666666663,True,False,賣出 (動能轉弱),14.949999809265137,2026-09-11 00:00:00,15.247499990463258,-0.020000028610228426,True,False,1.3205978305960924,False,0.000323699206633455,34.927672030451966,0.00033169991974600415,0.00035778080195545824,-0.25325525022251716,-1.8545412001299666,-6.969087281378917,-0.25325525022251716,False,False,False,False,False,False,0.05092560806762947,False,-0.1671309652458779,中性,6118.TWO,建達,0,v1,phase6a,2026-07-12,0,0,0,0,0,0,v1,640,0.22451456310679613,640,0.22451456310679613,643,0.220873786407767,^TWII,yfinance,2y,2026-09-11,scan_20260914_165629,False,False
False,0,-0.30500014623006183,-0.27166668574015296,False,True,強烈賣出 (跌破),9.229999542236328,2026-09-11 00:00:00,9.55750002861023,-0.02450003623962438,False,False,1.4703744534191086,False,0.0001998490680379423,35.312711794556066,0.00020612969783117473,0.00021408628646694386,-0.3197041996216954,-2.2038854420582954,-4.564838175562724,-0.3197041996216954,False,False,False,False,False,False,0.060469654666974404,False,-0.07329322220027412,中性,4702.TWO,中美實,0,v1,phase6a,2026-07-12,0,0,0,0,0,0,v1,577,0.30097087378640774,577,0.30097087378640774,581,0.2961165048543689,^TWII,yfinance,2y,2026-09-11,scan_20260914_165629,False,False
True,2,-0.024999618530273438,-0.024999618530273438,True,False,賣出 (動能轉弱),33.29999923706055,2026-09-11 00:00:00,33.364999771118164,-0.0350000381469755,False,False,2.911541313490419,True,0.0007210156168196637,41.32783467976985,0.0007248819790381069,0.0007511889460159066,-0.056113565293147705,-1.1975200563017596,-4.416905756148681,-0.056113565293147705,False,False,False,False,False,True,0.14910506539250443,False,-0.024890256247111053,中性,1234.TW,黑松,0,v1,phase6a,2026-07-12,0,0,0,0,0,0,v1,304,0.6322815533980582,304,0.6322815533980582,318,0.6152912621359223,^TWII,yfinance,2y,2026-09-11,scan_20260914_165629,False,False
True,1,0.08333365122477213,0.08333333333333333,True,False,買入 (動能增強),17.600000381469727,2026-09-11 00:00:00,17.597499942779542,0.007499980926514382,False,True,0.3664792233227378,False,0.0003810773399943138,36.08836667396109,0.00038164544500403157,0.00039368824891479356,-0.015666676850478733,-1.0477478278608454,-3.206573702626603,-0.015666676850478733,False,False,False,False,False,False,0.29038764554902946,False,-0.038251305178920725,中性,4440.TW,宜新實業,2,v1,phase6a,2026-07-12,0,2,4,2,2,2,v1,108,0.8701456310679612,108,0.8701456310679612,120,0.8555825242718447,^TWII,yfinance,2y,2026-09-11,scan_20260914_165629,False,False
True,0,-2.4166666666666665,-2.916666666666666,True,False,觀察 (跌勢收斂),196.5,2026-09-11 00:00:00,197.625,-0.7750000000000057,True,False,0.44371851863867395,False,0.004254641800333274,28.441691011231402,0.004328353146348015,0.004668934650042764,-0.17894114895907753,-1.893480852768814,-10.29964916561321,-0.17894114895907753,False,False,False,False,False,True,0.1064608845692411,False,-0.12716495262510863,中性,1477.TW,聚陽,1,v1,phase6a,2026-07-12,0,1,1,1,1,1,v1,176,0.787621359223301,176,0.787621359223301,185,0.7766990291262136,^TWII,yfinance,2y,2026-09-11,scan_20260914_165629,False,False
False,0,-0.3333346048990886,-0.6333351135253906,False,True,強烈賣出 (跌破),68.5999984741211,2026-09-11 00:00:00,66.75999946594239,0.14500007629395384,False,True,1.4914296701065384,False,0.0014853354758819052,58.14129094455776,0.0014359785966422875,0.0014346071935971406,0.363120087389035,-0.3781536714917988,1.7296617455995644,0.363120087389035,True,True,True,False,False,True,0.7683139982387637,False,0.0,偏強 (RS上升),8284.TWO,三竹,0,v1,phase6a,2026-07-12,1,1,2,1,0,1,v1,784,0.04975728155339806,784,0.04975728155339806,309,0.6262135922330098,^TWII,yfinance,2y,2026-09-11,scan_20260914_165629,False,False
False,0,-0.30833307902018225,-0.2083331743876139,False,True,強烈賣出 (跌破),14.100000381469727,2026-09-11 00:00:00,14.609749126434327,-0.03729925155639613,False,False,1.108615892950373,False,0.00030529491606980254,28.135745822865605,0.0003169411379739161,0.0003334988336049522,-0.38530642056909814,-2.0817799396801284,-6.701668945756955,-0.38530642056909814,False,False,False,False,False,False,0.0,False,-0.14606900307116444,中性,2012.TW,春雨,0,v1,phase6a,2026-07-12,0,0,0,0,0,0,v1,383,0.5364077669902912,383,0.5364077669902912,394,0.5230582524271845,^TWII,yfinance,2y,2026-09-11,scan_20260914_165629,False,False
True,0,-0.2083333333333333,-0.18333323796590167,True,False,賣出 (動能轉弱),11.199999809265137,2026-09-11 00:00:00,11.387499952316285,-0.020000028610228426,True,False,0.19191476790993164,False,0.00024250375242862158,33.36532283537383,0.00024613745579153684,0.00025381108964082916,-0.1551578642881135,-1.7557039725389467,-4.0834965152174885,-0.1551578642881135,False,False,False,False,False,False,0.30010386310632764,False,-0.06276150727789187,中性,1452.TW,宏益,1,v1,phase6a,2026-07-12,0,1,1,1,1,1,v1,174,0.7900485436893204,174,0.7900485436893204,183,0.779126213592233,^TWII,yfinance,2y,2026-09-11,scan_20260914_165629,True,False
True,0,-1.3333333333333333,-1.0,True,False,賣出 (動能轉弱),120.0,2026-09-11 00:00:00,122.125,-0.15000000000000568,False,False,1.3835665270475002,False,0.002598254534554671,61.744644680041446,0.0026414033010183835,0.0026884949204039896,-0.17165794990859906,-1.3418783276531343,-3.320523903788075,-0.17165794990859906,False,False,False,False,False,False,0.32234326020791415,False,-0.032258064516129004,中性,4506.TWO,崇友,0,v1,phase6a,2026-07-12,0,0,0,0,0,0,v1,565,0.3155339805825243,565,0.3155339805825243,570,0.3094660194174757,^TWII,yfinance,2y,2026-09-11,scan_20260914_165629,False,False
True,0,-4.083333333333333,-4.166666666666666,True,False,觀察 (跌勢收斂),279.5,2026-09-11 00:00:00,284.975,-0.7999999999999545,True,False,1.5553535175943138,True,0.0060517678534002545,39.18178475519504,0.006245197761664297,0.006766255773096557,-0.3249677101439974,-2.363607435481674,-11.65518330641927,-0.3249677101439974,False,False,False,False,False,False,0.027903979881351636,False,-0.268324607329843,中性,3413.TW,京鼎,1,v1,phase6a,2026-07-12,0,1,1,1,1,1,v1,222,0.7317961165048543,222,0.7317961165048543,228,0.7245145631067961,^TWII,yfinance,2y,2026-09-11,scan_20260914_165629,False,False
True,0,-5.253570556640625,-4.836171468098958,True,False,賣出 (動能轉弱),134.0,2026-09-11 00:00:00,139.27517013549806,-1.130738067626936,False,False,0.7934015095079231,False,0.0029013842302527157,50.398762959943326,0.002991807101243107,0.0030752395781819576,-0.3171331328896243,-2.3160157413357307,-4.0791051544109,-0.3171331328896243,False,False,False,False,False,False,0.30225722027814117,False,-0.15244378940305736,中性,6753.TW,龍德造船,1,v1,phase6a,2026-07-12,0,1,1,1,1,1,v1,277,0.6650485436893204,277,0.6650485436893204,281,0.6601941747572816,^TWII,yfinance,2y,2026-09-11,scan_20260914_165629,True,False
True,0,-0.3333336512247721,-0.4083334604899088,True,False,觀察 (跌勢收斂),19.100000381469727,2026-09-11 00:00:00,19.104999828338624,-0.059999942779541016,False,False,1.626627472732477,True,0.00041355552167624714,51.783500689398295,0.0004134842736295183,0.00043161807105085995,0.00181383692314796,-1.7068856381065367,-4.875735419188376,0.00181383692314796,True,False,False,False,False,False,0.37204088450341627,False,-0.11981568156947542,中性,2208.TW,台船,2,v1,phase6a,2026-07-12,0,2,2,2,2,2,v1,72,0.9138349514563107,72,0.9138349514563107,87,0.8956310679611651,^TWII,yfinance,2y,2026-09-11,scan_20260914_165629,True,False
True,0,0.008332888285319008,-0.02500057220458984,True,False,買入 (動能增強),24.450000762939453,2026-09-11 00:00:00,24.485000133514404,-0.03000001907348704,False,False,0.6310855764177884,False,0.0005293943779347717,38.13520247985905,0.0005321816040872136,0.0005542817249076796,-0.05509971897345034,-1.3513593069382601,-4.995338018400464,-0.05509971897345034,False,False,False,False,False,True,0.18410929552367952,False,-0.07798326510728193,中性,8049.TWO,晶采,2,v1,phase6a,2026-07-12,0,2,2,2,2,2,v1,150,0.8191747572815534,150,0.8191747572815534,153,0.8155339805825242,^TWII,yfinance,2y,2026-09-11,scan_20260914_165629,False,False
True,0,-1.25,3.666666666666666,True,False,賣出 (動能轉弱),192.0,2026-09-11 00:00:00,191.6,1.6999999999999886,False,True,1.1314892148600348,False,0.004157207255287473,164.259154941395,0.0039667662505110425,0.003385241817300713,0.5079261367462617,1.6750841040226394,46.66704881949104,0.5079261367462617,True,True,True,False,False,True,0.8546869826972296,False,-0.07692307692307687,偏強 (RS上升),3498.TWO,陽程,0,v1,phase6a,2026-07-12,2,2,2,2,0,2,v1,515,0.3762135922330097,515,0.3762135922330097,172,0.7924757281553398,^TWII,yfinance,2y,2026-09-11,scan_20260914_165629,False,False
True,0,-0.6999998092651367,-0.5249999364217122,True,False,賣出 (動能轉弱),30.649999618530273,2026-09-11 00:00:00,31.322500228881836,-0.06000003814697408,True,False,0.623722171257117,False,0.0006636375041078768,35.62784357686792,0.0006817375294654014,0.0007349924238130362,-0.27869317723047127,-2.2679838903026606,-8.190550560753461,-0.27869317723047127,False,False,False,False,False,False,0.07161040432575207,False,-0.19659244056021952,中性,1533.TW,車王電,0,v1,phase6a,2026-07-12,0,0,0,0,0,0,v1,345,0.5825242718446602,345,0.5825242718446602,359,0.5655339805825242,^TWII,yfinance,2y,2026-09-11,scan_20260914_165629,False,False
True,1,-0.016667048136393248,0.22499974568684897,True,False,賣出 (動能轉弱),26.049999237060547,2026-09-11 00:00:00,26.157499980926513,0.042499923706053266,False,False,0.6588204290803338,False,0.000564037738690319,22.860960710162743,0.0005704344643918921,0.0005976210541930542,-0.11790060350943543,-1.462976765272339,-5.601360989808191,-0.11790060350943543,False,False,False,False,False,False,0.1079442868111049,False,-0.06797858583239214,中性,1475.TW,業旺,0,v1,phase6a,2026-07-12,0,0,1,0,0,0,v1,337,0.5922330097087378,337,0.5922330097087378,351,0.5752427184466019,^TWII,yfinance,2y,2026-09-11,scan_20260914_165629,False,False
False,0,-8.5,-6.083333333333333,False,True,強烈賣出 (跌破),138.5,2026-09-11 00:00:00,151.075,-1.0500000000000114,False,False,1.102624478216888,False,0.002998818775298516,212.5737024697154,0.0032425839368556415,0.0032863326378200428,-0.7851156518500657,-2.887818711415957,-4.914814507938203,-0.7851156518500657,False,False,False,False,False,False,0.05146996898330202,False,-0.2767624020887729,中性,4973.TWO,廣穎,0,v1,phase6a,2026-07-12,0,0,0,0,0,0,v1,597,0.2766990291262136,597,0.2766990291262136,601,0.27184466019417475,^TWII,yfinance,2y,2026-09-11,scan_20260914_165629,False,False
True,0,-0.3666674296061197,-0.0916671752929687,True,False,賣出 (動能轉弱),45.5,2026-09-11 00:00:00,46.14500007629395,-0.022500038146972656,False,False,0.39652951304769196,False,0.000985171511018646,83.11226534167162,0.0009850887371817725,0.0009836136958450517,0.0008845002686941328,-0.6051632520441053,5.597674156207222,0.0008845002686941328,True,True,True,False,False,False,0.5329814205169817,False,-0.17272727272727273,中性,2399.TW,映泰,1,v1,phase6a,2026-07-12,1,2,1,2,1,2,v1,190,0.7706310679611651,190,0.7706310679611651,167,0.7985436893203883,^TWII,yfinance,2y,2026-09-11,scan_20260914_165629,True,False
True,0,-0.28692309061686194,-0.26407718658447266,True,False,賣出 (動能轉弱),30.600000381469727,2026-09-11 00:00:00,30.76019229888916,-0.005861473083498936,False,False,0.7581146001575163,False,0.0006625549145710698,44.65333536396891,0.000666266559744865,0.0006869845545265545,-0.0586057507909965,-1.2349153060267626,-3.4269110374629874,-0.0586057507909965,False,False,False,False,False,False,0.1982315989328644,False,-0.016077170220805348,中性,1737.TW,臺鹽,0,v1,phase6a,2026-07-12,0,0,0,0,0,0,v1,364,0.5594660194174758,364,0.5594660194174758,377,0.5436893203883495,^TWII,yfinance,2y,2026-09-11,scan_20260914_165629,False,False
True,1,0.23333358764648435,0.35000038146972656,True,False,觀望 (動能減弱),28.200000762939453,2026-09-11 00:00:00,29.000000286102296,-0.0625,False,False,2.5546904436178255,True,0.0006105898321396051,51.10226347333965,0.0006301335510518209,0.0006752832810199395,-0.32541340679911324,-1.2195446145045974,-4.540842358210528,-0.32541340679911324,False,False,False,False,False,False,0.0,False,-0.37123741979141556,中性,1568.TW,倉佑,0,v1,phase6a,2026-07-12,0,0,0,0,0,0,v1,348,0.5788834951456311,348,0.5788834951456311,362,0.5618932038834952,^TWII,yfinance,2y,2026-09-11,scan_20260914_165629,False,False
True,1,0.2416666348775228,0.3249998092651367,True,False,觀望 (動能減弱),14.100000381469727,2026-09-11 00:00:00,14.22999997138977,0.01000003814697159,False,False,1.0284318491518003,False,0.00030529491606980254,72.03799350634723,0.0003095070355370212,0.00031894769472936944,-0.1430490081310576,-0.5469472601574044,-2.671307120412114,-0.1430490081310576,False,False,False,False,False,False,0.1230490139407249,False,-0.29323309061406677,中性,6116.TW,彩晶,1,v1,phase6a,2026-07-12,0,1,2,1,1,1,v1,256,0.6905339805825242,256,0.6905339805825242,261,0.6844660194174758,^TWII,yfinance,2y,2026-09-11,scan_20260914_165629,True,False
True,2,0.03333346048990886,0.04166698455810547,True,False,觀望 (動能減弱),28.299999237060547,2026-09-11 00:00:00,28.219999885559083,0.0,False,True,0.6476805102999909,False,0.0006127550112132191,42.213787396357496,0.0006135770873507249,0.0006372998848500715,-0.014101264472321517,-1.143838568174349,-4.447699398342719,-0.014101264472321517,False,False,False,False,False,True,0.12459570112719313,False,-0.030821969259027693,中性,2450.TW,神腦,0,v1,phase6a,2026-07-12,0,0,1,0,0,0,v1,424,0.4866504854368932,424,0.4866504854368932,434,0.47451456310679613,^TWII,yfinance,2y,2026-09-11,scan_20260914_165629,False,False
True,0,0.5249999364217122,0.5083335240681965,True,False,買入 (動能增強),29.049999237060547,2026-09-11 00:00:00,29.727499961853027,-0.08250007629394673,False,False,0.6817310287037168,False,0.0006289941020541858,30.425610439952454,0.0006497907266036779,0.0007052965757462442,-0.33576473114854677,-1.4393255437141095,-7.1546163999763435,-0.33576473114854677,False,False,False,False,False,False,0.0,False,-0.22304803812891616,中性,1796.TWO,金穎生技,2,v1,phase6a,2026-07-12,0,2,2,2,2,2,v1,67,0.9199029126213593,67,0.9199029126213593,82,0.9016990291262136,^TWII,yfinance,2y,2026-09-11,scan_20260914_165629,False,False
True,1,1.0833333333333335,1.6666666666666665,True,False,觀望 (動能減弱),163.0,2026-09-11 00:00:00,168.675,-0.5749999999999886,False,False,0.498537928525546,False,0.0035292957427700946,133.56743639869657,0.0036686545721230264,0.004014122659020972,-0.39826392591405524,-1.681646530614056,-5.077034386267998,-0.39826392591405524,False,False,False,False,False,False,0.15164195875655637,False,-0.5205882352941176,中性,3090.TW,日電貿,0,v1,phase6a,2026-07-12,0,0,0,0,0,0,v1,485,0.41262135922330095,485,0.41262135922330095,494,0.4016990291262136,^TWII,yfinance,2y,2026-09-11,scan_20260914_165629,False,False
True,0,0.48333295186360675,0.5416660308837891,True,False,觀望 (動能減弱),36.45000076293945,2026-09-11 00:00:00,36.31750011444092,0.08000011444092081,False,True,0.3412736257385163,False,0.0007892198313902387,41.25744928493501,0.0007830604723762285,0.0007721462935014811,0.08286599412852258,-0.05352221595521511,2.7016759434690396,0.08286599412852258,True,True,True,False,False,True,0.6930538251281635,False,-0.017520154660789045,偏強 (RS上升),2520.TW,冠德,0,v1,phase6a,2026-07-12,1,1,2,1,0,1,v1,438,0.4696601941747573,438,0.4696601941747573,304,0.6322815533980582,^TWII,yfinance,2y,2026-09-11,scan_20260914_165629,False,False
True,0,0.5416666666666666,0.5833333333333333,True,False,觀望 (動能減弱),18.25,2026-09-11 00:00:00,18.427500247955322,-0.022500038146972656,True,False,0.36251262971724624,False,0.00039515121046352286,46.941556074922396,0.0004056931598123242,0.00044740713648108303,-0.2727805150995355,-1.9911189620489878,-9.43779248815736,-0.2727805150995355,False,False,False,False,False,False,0.03386777008275073,False,-0.28610383986472154,中性,4720.TW,德淵,0,v1,phase6a,2026-07-12,0,0,0,0,0,0,v1,579,0.29854368932038833,579,0.29854368932038833,583,0.2936893203883495,^TWII,yfinance,2y,2026-09-11,scan_20260914_165629,False,False
True,0,0.8333333333333333,0.5833333333333333,True,False,買入 (動能增強),110.5,2026-09-11 00:00:00,109.625,0.17499999999999716,False,True,1.3971022829542332,False,0.002392559383902426,58.42704850357452,0.0023788147599575573,0.0025194557445694446,0.06085732399929711,-0.5511646658964087,-2.2125700870552767,0.06085732399929711,True,False,False,False,False,True,0.24315641457239381,False,-0.04741379310344829,中性,1215.TW,卜蜂,2,v1,phase6a,2026-07-12,0,2,4,2,2,2,v1,57,0.9320388349514563,57,0.9320388349514563,73,0.912621359223301,^TWII,yfinance,2y,2026-09-11,scan_20260914_165629,False,False
True,0,-1.2499999999999998,0.5,True,False,賣出 (動能轉弱),165.0,2026-09-11 00:00:00,173.45,-0.4000000000000057,True,False,0.3904120586115211,False,0.003572599985012672,77.43041195490774,0.0037159459390943748,0.003774259771288493,-0.4044198955808098,-1.9791968994250952,1.6001217193789552,-0.4044198955808098,False,False,False,False,False,False,0.3009714179264354,False,-0.1428571428571429,中性,3265.TWO,台星科,0,v1,phase6a,2026-07-12,0,0,0,0,0,0,v1,496,0.39927184466019416,496,0.39927184466019416,505,0.3883495145631068,^TWII,yfinance,2y,2026-09-11,scan_20260914_165629,False,False
True,0,-0.3083333969116211,-0.2916663487752278,True,False,賣出 (動能轉弱),24.799999237060547,2026-09-11 00:00:00,24.9375,-0.020000076293946734,False,False,0.685430340484754,False,0.0005369725872887078,43.490826369269136,0.0005397746294856806,0.0005627812552887903,-0.05461366839065729,-1.1964480624046647,-3.4191922602939684,-0.05461366839065729,False,False,False,False,False,False,0.19351831393145474,False,-0.053435171187446784,中性,6266.TWO,泰詠,0,v1,phase6a,2026-07-12,0,0,0,0,0,0,v1,665,0.1941747572815534,665,0.1941747572815534,668,0.19053398058252427,^TWII,yfinance,2y,2026-09-11,scan_20260914_165629,False,False
True,2,-0.10000006357828775,-0.10000006357828775,True,False,賣出 (動能轉弱),17.5,2026-09-11 00:00:00,17.73499984741211,0.0,False,False,0.4970812013209933,False,0.0003789121196225562,46.38240884812372,0.000382766954898795,0.0003816915133999466,-0.10589796864791667,-1.1558389558709359,-1.3192244215196602,-0.10589796864791667,False,False,True,False,False,False,0.5426321116719991,False,-0.05405405405405406,中性,1742.TWO,台蠟,0,v1,phase6a,2026-07-12,0,0,0,0,0,0,v1,365,0.558252427184466,365,0.558252427184466,378,0.5424757281553398,^TWII,yfinance,2y,2026-09-11,scan_20260914_165629,False,False
True,0,-2.2666670481363926,-2.0583337148030596,True,False,賣出 (動能轉弱),48.0,2026-09-11 00:00:00,50.60250015258789,-0.25499992370605185,False,False,0.5238663019845511,False,0.0010393018138218683,73.31406984939147,0.0010835332319666829,0.0011149143761397054,-0.42786115478528064,-2.8070278262476656,-3.748459560791728,-0.42786115478528064,False,False,False,False,False,False,0.29017639137617696,False,-0.22953450099809747,中性,2630.TW,亞航,1,v1,phase6a,2026-07-12,0,1,1,1,1,1,v1,205,0.7524271844660194,205,0.7524271844660194,211,0.7451456310679612,^TWII,yfinance,2y,2026-09-11,scan_20260914_165629,True,False
True,0,0.4249998728434245,0.7416674296061198,True,False,觀望 (動能減弱),37.349998474121094,2026-09-11 00:00:00,37.37999992370605,0.08249988555908061,False,False,0.2875232174998131,False,0.0008087066908416264,22.458952654710583,0.0008101585499158275,0.0008250558110691711,-0.018860314105317855,-0.7539879330193289,-0.7755008771043403,-0.018860314105317855,False,False,False,False,False,False,0.5047515088966108,False,-0.0532319961522324,中性,6887.TW,寶綠特-KY,2,v1,phase6a,2026-07-12,0,2,3,2,2,2,v1,144,0.8264563106796117,144,0.8264563106796117,149,0.8203883495145631,^TWII,yfinance,2y,2026-09-11,scan_20260914_165629,False,True
True,0,0.8333333333333333,1.0,True,False,觀望 (動能減弱),270.0,2026-09-11 00:00:00,269.85,0.025000000000034106,False,True,1.4622759523618674,False,0.005846072702748009,49.1471893232411,0.0058610664735954015,0.006078843544445586,-0.02692115472351375,-1.1319994938922995,-3.798004028001545,-0.02692115472351375,False,False,False,False,False,False,0.13509768070271339,False,-0.03398926654740608,中性,6803.TWO,崑鼎,0,v1,phase6a,2026-07-12,0,0,2,0,0,0,v1,722,0.125,722,0.125,724,0.12257281553398058,^TWII,yfinance,2y,2026-09-11,scan_20260914_165629,False,False
True,0,-0.08333396911621094,-0.08333396911621092,True,False,賣出 (動能轉弱),22.399999618530273,2026-09-11 00:00:00,22.30000009536743,-0.022500038146972656,False,True,2.701739134158719,True,0.00048500750485724317,43.18590645656216,0.00048347020997948855,0.0005016684693816661,0.03348183416114203,-1.2125656082276892,-3.712968003931705,0.03348183416114203,True,False,False,False,False,False,0.3182943314502935,False,-0.13314954175740912,中性,2427.TW,三商電,1,v1,phase6a,2026-07-12,0,1,2,1,1,1,v1,194,0.7657766990291263,194,0.7657766990291263,202,0.7560679611650486,^TWII,yfinance,2y,2026-09-11,scan_20260914_165629,True,False
True,1,-0.00833352406819661,0.033333142598470054,True,False,賣出 (動能轉弱),15.699999809265137,2026-09-11 00:00:00,15.75,-0.005000019073486683,False,False,1.2871565906439806,False,0.00033993829747442175,33.24212361740065,0.0003415597016949737,0.00035721102246213753,-0.04994409059128069,-0.9740428210948004,-2.7083522270086924,-0.04994409059128069,False,False,False,False,False,False,0.13729090740064348,False,-0.05089647058199531,中性,2028.TW,威致,0,v1,phase6a,2026-07-12,0,0,0,0,0,0,v1,388,0.5303398058252428,388,0.5303398058252428,399,0.5169902912621359,^TWII,yfinance,2y,2026-09-11,scan_20260914_165629,False,False
True,1,2.166666666666667,2.5833333333333335,True,False,觀望 (動能減弱),171.5,2026-09-11 00:00:00,178.55,-0.5999999999999943,False,False,0.5424215418238291,False,0.0037133387723010504,387.4657875402298,0.0038371422588905357,0.0037545479926763643,-0.3384767873718886,-0.04302593045489855,2.673677477888936,-0.3384767873718886,False,False,True,False,False,False,0.41952095973608344,False,-0.22747747747747749,中性,2344.TW,華邦電,1,v1,phase6a,2026-07-12,0,1,1,1,1,1,v1,185,0.7766990291262136,185,0.7766990291262136,194,0.7657766990291263,^TWII,yfinance,2y,2026-09-11,scan_20260914_165629,True,False
True,0,-0.11333322525024414,-0.10499986012776692,True,False,賣出 (動能轉弱),8.029999732971191,2026-09-11 00:00:00,8.122999954223634,-0.009000015258788352,False,False,1.0476929373888926,False,0.00017386652682220994,20.153832663607346,0.000176606766981865,0.000189860160167852,-0.163060564042794,-1.8591613017247988,-6.538607968321264,-0.163060564042794,False,False,False,False,False,False,0.11942284741896936,False,-0.1678756424454464,中性,3058.TW,立德,0,v1,phase6a,2026-07-12,0,0,0,0,0,0,v1,480,0.4186893203883495,480,0.4186893203883495,489,0.4077669902912621,^TWII,yfinance,2y,2026-09-11,scan_20260914_165629,False,False
True,0,7.416666666666665,6.916666666666665,True,False,買入 (動能增強),248.0,2026-09-11 00:00:00,249.9,-0.5749999999999886,False,False,0.733496182994399,False,0.005369726038079653,69.17735338808653,0.005451834571131034,0.005566876704073034,-0.15828292234512098,-1.0821643991637098,-4.947401797924966,-0.15828292234512098,False,False,False,False,False,False,0.30399461171110514,False,-0.08148148148148149,中性,2317.TW,鴻海,3,v1,phase6a,2026-07-12,0,3,3,3,3,3,v1,21,0.9757281553398058,21,0.9757281553398058,32,0.962378640776699,^TWII,yfinance,2y,2026-09-11,scan_20260914_165629,True,False
True,1,-0.17499923706054688,-0.05833244323730468,True,False,賣出 (動能轉弱),32.5,2026-09-11 00:00:00,33.03750019073486,-0.025000000000005684,False,False,0.6096992801359378,False,0.00070369393644189,30.529872919396922,0.0007174151194403447,0.0007477922968047928,-0.20092036676179204,-1.5554183007727485,-4.974496873712808,-0.20092036676179204,False,False,False,False,False,False,0.18448200229332684,False,-0.1144414353032035,中性,7760.TW,享溫馨,1,v1,phase6a,2026-07-12,0,1,1,1,1,1,v1,286,0.654126213592233,286,0.654126213592233,290,0.6492718446601942,^TWII,yfinance,2y,2026-09-11,scan_20260914_165629,True,False
True,0,26.083333333333332,23.75,True,False,買入 (動能增強),511.0,2026-09-11 00:00:00,502.875,0.05000000000001137,False,True,1.4779731148214876,False,0.01106423389297864,163.042067120371,0.011019006910232679,0.011134320464606601,0.043223430366090554,0.3913639887823006,-3.5452429440979483,0.043223430366090554,True,False,False,False,False,True,0.2275667701755883,False,-0.13389830508474576,偏強 (RS上升),6196.TW,帆宣,2,v1,phase6a,2026-07-12,1,3,4,3,2,3,v1,126,0.8483009708737864,126,0.8483009708737864,63,0.9247572815533981,^TWII,yfinance,2y,2026-09-11,scan_20260914_165629,False,False
True,0,0.10000101725260416,0.16666730244954425,True,False,觀望 (動能減弱),34.20000076293945,2026-09-11 00:00:00,34.000000381469725,0.014999961853028765,False,True,0.6587715430963276,False,0.0007405025588673387,52.72320266452322,0.000738118320032522,0.0007584397112955017,0.03401322876941393,-0.8227950769253645,-2.9941258893225853,0.03401322876941393,True,False,False,False,False,True,0.28585490678624215,False,-0.0043667457887850425,中性,9931.TW,欣高,0,v1,phase6a,2026-07-12,0,0,2,0,0,0,v1,818,0.00849514563106796,818,0.00849514563106796,818,0.00849514563106796,^TWII,yfinance,2y,2026-09-11,scan_20260914_165629,False,False
True,0,-1.6666666666666665,-0.6666666666666667,True,False,賣出 (動能轉弱),153.5,2026-09-11 00:00:00,155.75,0.15000000000000568,False,False,0.5382366511558618,False,0.00332360059211785,67.98719997351431,0.0033493586671948226,0.0034067219092650996,-0.08088662494192267,-1.2128693065411311,0.885842897001976,-0.08088662494192267,False,False,False,False,False,False,0.48369712144499855,False,-0.03154574132492116,中性,2640.TWO,大車隊,0,v1,phase6a,2026-07-12,0,0,1,0,0,0,v1,447,0.4587378640776699,447,0.4587378640776699,456,0.44781553398058255,^TWII,yfinance,2y,2026-09-11,scan_20260914_165629,False,False
True,1,-1.1666666666666665,-1.0166664123535156,True,False,賣出 (動能轉弱),52.599998474121094,2026-09-11 00:00:00,54.57499980926514,-0.1950000762939439,True,False,0.38239139749405077,False,0.0011389015379412826,51.16745493563572,0.0011788922836009858,0.001261997250828116,-0.35580641052302964,-2.129853358850231,-4.982562439173499,-0.35580641052302964,False,False,False,False,False,False,0.012807953821838256,False,-0.3635091884394498,中性,3537.TWO,堡達,0,v1,phase6a,2026-07-12,0,0,0,0,0,0,v1,524,0.36529126213592233,524,0.36529126213592233,531,0.3567961165048544,^TWII,yfinance,2y,2026-09-11,scan_20260914_165629,False,False
True,0,2.666666666666666,7.166666666666666,True,False,觀望 (動能減弱),259.0,2026-09-11 00:00:00,274.25,-0.42500000000001137,True,False,0.6071856599520352,False,0.005607899370413831,46.44732303856046,0.00592291302154146,0.0062950204403526095,-0.556731512497699,-1.7762381100716595,-3.107693788011978,-0.556731512497699,False,False,False,False,False,False,0.14256256700114514,False,-0.4244444444444444,中性,3675.TWO,德微,0,v1,phase6a,2026-07-12,0,0,0,0,0,0,v1,540,0.345873786407767,540,0.345873786407767,546,0.33859223300970875,^TWII,yfinance,2y,2026-09-11,scan_20260914_165629,False,False
True,1,3.0833333333333335,2.4000015258789062,True,False,買入 (動能增強),136.0,2026-09-11 00:00:00,140.1827247619629,-0.45256271362302414,True,False,0.5189878618797282,False,0.0029446884724952938,159.9417943769609,0.0030481761377572298,0.003172452525430897,-0.3561029972432239,-1.481649173241506,-4.955985525870943,-0.3561029972432239,False,False,False,False,False,False,0.06837305244426461,False,-0.3573260992678494,中性,8043.TWO,蜜望實,3,v1,phase6a,2026-07-12,0,3,3,3,3,3,v1,51,0.9393203883495146,51,0.9393203883495146,54,0.9356796116504854,^TWII,yfinance,2y,2026-09-11,scan_20260914_165629,True,False
False,0,-0.10833358764648438,0.09999974568684897,False,True,強烈賣出 (跌破),42.0,2026-09-11 00:00:00,43.1149995803833,-0.12250003814697408,False,False,0.6543293136629765,False,0.0009093890870941348,43.82928366694893,0.0009268661376600699,0.0009339162418079498,-0.19809174007403563,-2.1104922440305485,-0.6511519156809698,-0.19809174007403563,False,False,False,False,False,False,0.44799819192413426,False,-0.24187727719861862,中性,3230.TWO,錦明,0,v1,phase6a,2026-07-12,0,0,0,0,0,0,v1,494,0.4016990291262136,494,0.4016990291262136,503,0.3907766990291262,^TWII,yfinance,2y,2026-09-11,scan_20260914_165629,False,False
True,0,0.16666666666666669,0.5833320617675781,True,False,觀望 (動能減弱),70.30000305175781,2026-09-11 00:00:00,71.10499954223633,0.03500022888184162,False,False,0.920124561491409,False,0.001522144180903641,20.321809737400596,0.0015378740196997228,0.0015503849675147314,-0.1075505334963256,-0.8850335324715464,-1.0597156041403433,-0.1075505334963256,False,False,False,False,False,False,0.5253126097593276,False,-0.029005503174892366,中性,2348.TW,海悅,0,v1,phase6a,2026-07-12,0,0,1,0,0,0,v1,406,0.508495145631068,406,0.508495145631068,417,0.49514563106796117,^TWII,yfinance,2y,2026-09-11,scan_20260914_165629,False,False
False,0,-0.19666655858357746,-0.16666650772094727,False,True,強烈賣出 (跌破),9.920000076293945,2026-09-11 00:00:00,10.10600004196167,-0.01399998664856028,True,False,1.4598665258571595,False,0.00021478904317511188,30.57431711171517,0.00021949210788689287,0.00023158015864109787,-0.22504014636552938,-1.9026513694750502,-6.602267908948267,-0.22504014636552938,False,False,False,False,False,False,0.055119510915660516,False,-0.11822221544053824,中性,1506.TW,正道,0,v1,phase6a,2026-07-12,0,0,0,0,0,0,v1,339,0.5898058252427184,339,0.5898058252427184,353,0.5728155339805825,^TWII,yfinance,2y,2026-09-11,scan_20260914_165629,False,False
True,0,-0.15833314259847006,-0.14999961853027344,True,False,賣出 (動能轉弱),17.399999618530273,2026-09-11 00:00:00,17.34000015258789,-0.015000057220458274,False,True,1.3468466951749216,False,0.00037674689925079857,42.200185451000806,0.0003768437439964071,0.0003897244747836938,-0.0027050755519342218,-1.3107426894597762,-5.334633385831211,-0.0027050755519342218,False,False,False,False,False,True,0.16681203969677055,False,-0.0569106287799358,中性,9944.TW,新麗,0,v1,phase6a,2026-07-12,0,0,1,0,0,0,v1,823,0.0024271844660194173,823,0.0024271844660194173,823,0.0024271844660194173,^TWII,yfinance,2y,2026-09-11,scan_20260914_165629,False,False
True,0,0.11666742960611975,0.8000005086263019,True,False,觀望 (動能減弱),78.69999694824219,2026-09-11 00:00:00,79.97994270324708,-0.1691993713378821,True,False,0.8319995061680351,False,0.0017040218661684085,36.999004110965856,0.001741994489434121,0.001863196781871271,-0.2289311254951576,-1.9943112436120791,-6.376334244760018,-0.2289311254951576,False,False,False,False,False,False,0.06319768001334758,False,-0.27253559283354156,中性,6799.TW,來頡,0,v1,phase6a,2026-07-12,0,0,0,0,0,0,v1,721,0.1262135922330097,721,0.1262135922330097,723,0.12378640776699029,^TWII,yfinance,2y,2026-09-11,scan_20260914_165629,False,False
True,0,-0.3399999936421712,-0.34333340326944983,True,False,觀察 (跌勢收斂),8.09000015258789,2026-09-11 00:00:00,8.275500059127808,-0.030499982833863015,True,False,0.5208343766714276,False,0.0001751656631750789,12.487386019409273,0.00017987273832264583,0.00019793251748074914,-0.27470559653379745,-2.633920404051626,-9.68252743096748,-0.27470559653379745,False,False,False,False,False,False,0.10540215063660947,False,-0.17784552569745182,中性,2726.TWO,雅茗-KY,1,v1,phase6a,2026-07-12,0,1,1,1,1,1,v1,210,0.7463592233009708,210,0.7463592233009708,216,0.7390776699029126,^TWII,yfinance,2y,2026-09-11,scan_20260914_165629,False,False
False,0,-2.2499999999999996,-1.4166666666666665,False,True,強烈賣出 (跌破),141.0,2026-09-11 00:00:00,143.75,-0.125,True,False,1.0665322503068617,False,0.0030529490781017383,57.72139624785539,0.0031163769416507735,0.0032715901808149104,-0.21378490921912796,-1.7099182565804116,-4.9483781588025355,-0.21378490921912796,False,False,False,False,False,False,0.07094664510898831,False,-0.06930693069306926,中性,2731.TW,雄獅,0,v1,phase6a,2026-07-12,0,0,0,0,0,0,v1,453,0.45145631067961167,453,0.45145631067961167,462,0.4405339805825243,^TWII,yfinance,2y,2026-09-11,scan_20260914_165629,False,False
False,0,-12.666666666666666,-9.916666666666666,False,True,強烈賣出 (跌破),184.0,2026-09-11 00:00:00,202.625,-0.9499999999999886,True,False,1.31101042870533,False,0.003983990286317162,203.6247542316216,0.004354556159650341,0.0047903715558432446,-0.8878200495432531,-4.209961845876076,-9.269679560822242,-0.8878200495432531,False,False,False,False,False,False,0.01055768338421205,False,-0.397345538928524,中性,4722.TW,國精化,0,v1,phase6a,2026-07-12,0,0,0,0,0,0,v1,581,0.2961165048543689,581,0.2961165048543689,585,0.2912621359223301,^TWII,yfinance,2y,2026-09-11,scan_20260914_165629,False,False
True,0,-0.6083339055379231,-0.5083338419596354,True,False,賣出 (動能轉弱),23.25,2026-09-11 00:00:00,24.0125,-0.027499961853028054,False,False,0.9692971510620675,False,0.0005034118160699675,43.54656895221978,0.0005201116269259274,0.0005325473403592835,-0.336841839011226,-1.724882508736847,-5.5602301151681965,-0.336841839011226,False,False,False,False,False,False,0.14557948774352,False,-0.1784452075336903,中性,2910.TW,統領,0,v1,phase6a,2026-07-12,0,0,0,0,0,0,v1,460,0.4429611650485437,460,0.4429611650485437,469,0.4320388349514563,^TWII,yfinance,2y,2026-09-11,scan_20260914_165629,False,False
True,0,-0.3166669209798177,-0.4249998728434245,True,False,觀察 (跌勢收斂),43.849998474121094,2026-09-11 00:00:00,44.214999771118165,-0.06750011444091797,False,False,0.3018193857002032,False,0.0009494454781300044,45.07725248272044,0.0009608883634956657,0.0010044906445930018,-0.1251972940326196,-1.5394114813434112,-5.987253630146682,-0.1251972940326196,False,False,False,False,False,False,0.08356817552584511,False,-0.04880694304714717,中性,6115.TW,鎰勝,1,v1,phase6a,2026-07-12,0,1,1,1,1,1,v1,255,0.691747572815534,255,0.691747572815534,260,0.6856796116504854,^TWII,yfinance,2y,2026-09-11,scan_20260914_165629,False,False
False,0,-0.5916668574015299,-0.4750002225240071,False,True,強烈賣出 (跌破),13.399999618530273,2026-09-11 00:00:00,14.069999885559081,-0.04500002861023056,True,False,1.158231217563717,False,0.00029013841476564284,34.26782484524076,0.0003046406665422212,0.00033570324119828473,-0.49860100038606747,-2.8578699001937657,-8.235856984856193,-0.49860100038606747,False,False,False,False,False,False,0.024848002171172025,False,-0.2717391360684921,中性,4934.TW,太極,0,v1,phase6a,2026-07-12,0,0,0,0,0,0,v1,592,0.2827669902912621,592,0.2827669902912621,596,0.2779126213592233,^TWII,yfinance,2y,2026-09-11,scan_20260914_165629,False,False
True,0,-0.9666671752929686,-0.8083337148030598,True,False,賣出 (動能轉弱),41.75,2026-09-11 00:00:00,41.95750007629395,0.012500000000002842,False,False,0.5277625068719076,False,0.0009039760568138126,35.318883464832965,0.0008997979076512627,0.0009076357745024588,0.048902119611127226,-0.7461112674439274,2.282861938819547,0.048902119611127226,True,False,False,False,False,True,0.5620584892324828,False,-0.04352809758213749,中性,6771.TW,平和環保-創,0,v1,phase6a,2026-07-12,0,0,1,0,0,0,v1,717,0.13106796116504854,717,0.13106796116504854,719,0.12864077669902912,^TWII,yfinance,2y,2026-09-11,scan_20260914_165629,False,False
True,0,-0.4499999682108561,-0.5416666666666667,True,False,觀察 (跌勢收斂),12.25,2026-09-11 00:00:00,12.34000005722046,-0.01249999999999929,True,False,0.4625946005958218,False,0.0002652384837357893,31.32693032122947,0.0002685157743082757,0.00028783529068960125,-0.12831101307815285,-1.9329976747265998,-9.717695877133393,-0.12831101307815285,False,False,False,False,False,False,0.2417560960314598,False,-0.1373239320744788,中性,8067.TWO,志旭,1,v1,phase6a,2026-07-12,0,1,1,1,1,1,v1,288,0.6516990291262136,288,0.6516990291262136,292,0.6468446601941747,^TWII,yfinance,2y,2026-09-11,scan_20260914_165629,False,False
True,0,1.2432409922281902,1.2176227569580078,True,False,買入 (動能增強),26.75,2026-09-11 00:00:00,26.24318332672119,0.049616336822509766,False,True,9.286204754275252,True,0.0005791942399944787,16.335544336803675,0.0005700063731807322,0.000597150673895225,0.16996084370342057,-0.0076629203566658255,-0.046256289124857464,0.16996084370342057,True,False,False,False,False,True,0.342565077093008,False,-0.11807754076218446,中性,7584.TWO,樂意,3,v1,phase6a,2026-07-12,0,3,5,3,3,3,v1,50,0.9405339805825242,50,0.9405339805825242,53,0.9368932038834952,^TWII,yfinance,2y,2026-09-11,scan_20260914_165629,True,False
True,0,-0.16666666666666666,-0.08333301544189453,True,False,賣出 (動能轉弱),17.299999237060547,2026-09-11 00:00:00,17.470000171661376,-0.007500076293947444,False,False,0.9817685578801654,False,0.00037458167887904095,30.62803493023642,0.0003782330860696131,0.00038624083682134354,-0.10151636090676153,-1.1251719911369418,-3.579198097226799,-0.10151636090676153,False,False,False,False,False,False,0.34207427388338996,False,-0.03888893127441406,中性,6958.TW,日盛台駿,0,v1,phase6a,2026-07-12,0,0,0,0,0,0,v1,738,0.10558252427184465,738,0.10558252427184465,740,0.10315533980582524,^TWII,yfinance,2y,2026-09-11,scan_20260914_165629,False,False
True,0,0.3333333333333333,0.309999942779541,True,False,買入 (動能增強),7.489999771118164,2026-09-11 00:00:00,7.414000010490417,0.007999992370605113,False,True,0.6926822735679371,False,0.0001621743822426768,30.34637644240233,0.00016221985064348218,0.00017278201655339455,-0.0029503209548753517,-0.808578155710149,-4.353955275877341,-0.0029503209548753517,False,False,False,False,False,False,0.2573253127077133,False,-0.08547006656041567,中性,1213.TW,大飲,2,v1,phase6a,2026-07-12,0,2,4,2,2,2,v1,56,0.933252427184466,56,0.933252427184466,72,0.9138349514563107,^TWII,yfinance,2y,2026-09-11,scan_20260914_165629,False,False
True,0,-0.34999974568684894,-0.21666653951009113,True,False,賣出 (動能轉弱),23.450000762939453,2026-09-11 00:00:00,23.840000057220458,-0.004999923706055398,False,False,1.1585822091957647,False,0.0005077422568134827,49.00940056212877,0.0005173870538421291,0.0005426651438949152,-0.19584052791399298,-1.676893446868144,-5.184456229320911,-0.19584052791399298,False,False,False,False,False,False,0.08915798012091253,False,-0.19415805994724578,中性,4532.TW,瑞智,0,v1,phase6a,2026-07-12,0,0,0,0,0,0,v1,568,0.3118932038834951,568,0.3118932038834951,573,0.3058252427184466,^TWII,yfinance,2y,2026-09-11,scan_20260914_165629,False,False
True,0,-0.2833334604899088,-0.08333333333333333,True,False,賣出 (動能轉弱),50.79999923706055,2026-09-11 00:00:00,51.179999923706056,0.0,False,False,1.3089993841769965,False,0.0010999277364422198,33.4289553283286,0.0011123748190701543,0.0011663058005608401,-0.11764719637430421,-1.390502393680404,-4.912857135402882,-0.11764719637430421,False,False,False,False,False,False,0.078893453498397,False,-0.057513955492746294,中性,9943.TW,好樂迪,0,v1,phase6a,2026-07-12,0,0,0,0,0,0,v1,822,0.0036407766990291263,822,0.0036407766990291263,822,0.0036407766990291263,^TWII,yfinance,2y,2026-09-11,scan_20260914_165629,False,False
True,1,-0.09166685740152994,-0.05000019073486328,True,False,賣出 (動能轉弱),16.75,2026-09-11 00:00:00,17.03750009536743,0.02499999999999858,False,False,0.8983022667796761,False,0.00036267302878158946,41.93590388424338,0.0003661073777408251,0.00038513423161073686,-0.09864695979490135,-1.4669279341385622,1.1959194495940073,-0.09864695979490135,False,False,False,False,False,False,0.2865562547090273,False,-0.17690419233347088,中性,3057.TW,喬鼎,0,v1,phase6a,2026-07-12,0,0,1,0,0,0,v1,479,0.4199029126213592,479,0.4199029126213592,488,0.40898058252427183,^TWII,yfinance,2y,2026-09-11,scan_20260914_165629,False,False
True,1,0.05833323796590169,0.09166669845581055,True,False,觀望 (動能減弱),13.899999618530273,2026-09-11 00:00:00,13.947500038146973,-0.005000019073484907,False,False,1.5270271882418907,True,0.0003009644753262873,44.528917400802506,0.0003021495731876959,0.00030782214581075135,-0.041269514118680295,-1.1339655881392185,-2.201201962014898,-0.041269514118680295,False,False,False,False,False,False,0.19819427723039987,False,-0.01418445088854714,中性,6154.TWO,順發,0,v1,phase6a,2026-07-12,0,0,0,0,0,0,v1,650,0.21237864077669902,650,0.21237864077669902,653,0.2087378640776699,^TWII,yfinance,2y,2026-09-11,scan_20260914_165629,False,False
False,0,-1.81666628519694,-1.3666667938232422,False,True,強烈賣出 (跌破),47.5,2026-09-11 00:00:00,51.29000015258789,-0.19999999999999574,False,False,3.401335824241712,True,0.0010284757532612238,47.45822778965284,0.0011081192134454773,0.001191123620493466,-0.7508734065373557,-2.926284898169551,-6.701741471672918,-0.7508734065373557,False,False,False,False,False,False,0.0,False,-0.24012782029585356,中性,8048.TWO,德勝,0,v1,phase6a,2026-07-12,0,0,0,0,0,0,v1,766,0.07160194174757281,766,0.07160194174757281,768,0.0691747572815534,^TWII,yfinance,2y,2026-09-11,scan_20260914_165629,False,False
True,1,2.7499999999999996,2.083333333333333,True,False,買入 (動能增強),123.0,2026-09-11 00:00:00,122.3,-0.125,True,True,0.8553140861842466,False,0.0026632108979185378,61.488328337821656,0.002683340599938466,0.0028590584222550376,-0.07890329344084623,-0.8608655492666206,-7.969776310478682,-0.07890329344084623,False,False,False,False,False,True,0.08733426312823923,False,-0.1876719322173137,中性,3402.TWO,漢科,2,v1,phase6a,2026-07-12,0,2,3,2,2,2,v1,99,0.8810679611650486,99,0.8810679611650486,111,0.866504854368932,^TWII,yfinance,2y,2026-09-11,scan_20260914_165629,False,False
True,1,0.43333307902018225,1.0333340962727864,True,False,觀望 (動能減弱),96.19999694824219,2026-09-11 00:00:00,99.50500030517578,-0.16500015258789347,False,False,1.070292809407136,False,0.002082933985790965,21.56979828766856,0.0021606296337237066,0.002328213975306113,-0.377096026588164,-1.6014227345117482,-4.417528847401908,-0.377096026588164,False,False,False,False,False,False,0.0,False,-0.28208957501311804,中性,6462.TWO,神盾,0,v1,phase6a,2026-07-12,0,0,0,0,0,0,v1,679,0.17718446601941748,679,0.17718446601941748,682,0.17354368932038836,^TWII,yfinance,2y,2026-09-11,scan_20260914_165629,False,False
True,0,0.1999982198079427,0.658331553141276,True,False,觀望 (動能減弱),46.5,2026-09-11 00:00:00,48.267499923706055,-0.22500000000000142,False,False,0.7859903057919543,False,0.001006823632139935,40.29153406887595,0.0010539128260134414,0.0011251359460934549,-0.46811782378023414,-2.6006172808603623,-8.602345406701728,-0.46811782378023414,False,False,False,False,False,False,0.01724370911099372,False,-0.3251088683570703,中性,6695.TW,芯鼎,0,v1,phase6a,2026-07-12,0,0,0,0,0,0,v1,706,0.14441747572815533,706,0.14441747572815533,708,0.14199029126213591,^TWII,yfinance,2y,2026-09-11,scan_20260914_165629,False,False
True,0,-0.9999987284342446,-0.7166646321614583,True,False,賣出 (動能轉弱),65.5,2026-09-11 00:00:00,66.625,-0.015000152587887783,False,False,0.6317535831415183,False,0.0014182139334444246,49.5452545700962,0.0014373679060342521,0.0014665254904286094,-0.14007432914391327,-1.3954696521979781,-2.0170374491157217,-0.14007432914391327,False,False,False,False,False,False,0.23150057799448845,False,-0.026745957951495147,中性,2459.TW,敦吉,0,v1,phase6a,2026-07-12,0,0,0,0,0,0,v1,426,0.4842233009708738,426,0.4842233009708738,436,0.4720873786407767,^TWII,yfinance,2y,2026-09-11,scan_20260914_165629,False,False
True,1,-0.29999987284342444,-0.24166647593180335,True,False,賣出 (動能轉弱),31.549999237060547,2026-09-11 00:00:00,31.730000019073486,0.0024999618530259227,False,False,0.12392687075356833,False,0.0006831244048574081,41.13481041038823,0.0006845644006289982,0.000694982602260936,-0.022137427326418546,-1.0859739833790294,-1.290179425328375,-0.022137427326418546,False,False,False,False,False,True,0.45712553413455775,False,-0.01406252384185791,中性,1593.TWO,祺驊,0,v1,phase6a,2026-07-12,0,0,1,0,0,0,v1,351,0.5752427184466019,351,0.5752427184466019,365,0.558252427184466,^TWII,yfinance,2y,2026-09-11,scan_20260914_165629,False,False
True,0,0.13333320617675784,-0.01666673024495441,True,False,買入 (動能增強),28.200000762939453,2026-09-11 00:00:00,28.095000076293946,0.020000076293946734,False,True,0.8238201157824411,False,0.0006105898321396051,61.48127307868379,0.0006109198107393824,0.0006089325766471707,-0.005685298475277545,-0.7215618082795028,-4.250243298177525,-0.005685298475277545,False,True,True,False,False,False,0.44847687177253776,False,-0.10476188054160462,中性,6598.TW,ABC-KY,2,v1,phase6a,2026-07-12,0,2,4,2,2,2,v1,137,0.8349514563106796,137,0.8349514563106796,144,0.8264563106796117,^TWII,yfinance,2y,2026-09-11,scan_20260914_165629,False,False
True,0,-4.666666666666666,-5.25,True,False,觀察 (跌勢收斂),108.5,2026-09-11 00:00:00,118.125,-1.2249999999999943,False,False,0.6437049663971012,False,0.002349255141659848,138.54632665651596,0.0024792411505345823,0.002310542399618966,-0.5488630375137027,-0.6877408839574328,7.98416955926291,-0.5488630375137027,False,True,True,False,False,False,0.5340229311177309,False,-0.19926199261992616,中性,5351.TWO,鈺創,2,v1,phase6a,2026-07-12,0,2,2,2,2,2,v1,118,0.8580097087378641,118,0.8580097087378641,128,0.845873786407767,^TWII,yfinance,2y,2026-09-11,scan_20260914_165629,True,False
True,0,0.5999984741210938,0.6333325703938801,True,False,觀望 (動能減弱),69.9000015258789,2026-09-11 00:00:00,69.43000068664551,0.02999992370605753,False,True,0.8720258640367321,False,0.0015134832994166106,38.10987173107593,0.0015092905750830642,0.0015537380445980458,0.029250066414521214,-0.8757142644426619,-3.3039598626113276,0.029250066414521214,True,False,False,False,False,True,0.20670117194962898,False,-0.008510616654199943,中性,9927.TW,泰銘,2,v1,phase6a,2026-07-12,0,2,4,2,2,2,v1,162,0.8046116504854369,162,0.8046116504854369,164,0.8021844660194175,^TWII,yfinance,2y,2026-09-11,scan_20260914_165629,False,True
True,0,0.09166717529296875,0.27500025431315106,True,False,觀望 (動能減弱),41.150001525878906,2026-09-11 00:00:00,41.51499977111816,-0.02999992370605753,False,False,0.48985467749709183,False,0.0008909848171795541,27.62328551354419,0.0009026078818062308,0.0009491506260485386,-0.13536601384513958,-1.204374199271474,-4.783891946622266,-0.13536601384513958,False,False,False,False,False,False,0.10150441631051575,False,-0.17928637375353929,中性,6180.TWO,橘子,1,v1,phase6a,2026-07-12,0,1,1,1,1,1,v1,259,0.6868932038834952,259,0.6868932038834952,264,0.6808252427184466,^TWII,yfinance,2y,2026-09-11,scan_20260914_165629,True,False
True,0,-0.008333524068196617,0.016666412353515625,True,False,賣出 (動能轉弱),24.5,2026-09-11 00:00:00,24.50999984741211,0.012500000000002842,False,False,0.2657827875766399,False,0.0005304769674715786,38.71591326579597,0.0005314510720422021,0.0005415467485475522,-0.01929011889242327,-0.9675559185399418,-2.164635562213746,-0.01929011889242327,False,False,False,False,False,True,0.34719559362947794,False,-0.031620524157513485,中性,1101.TW,台泥,0,v1,phase6a,2026-07-12,0,0,1,0,0,0,v1,297,0.6407766990291263,297,0.6407766990291263,311,0.6237864077669902,^TWII,yfinance,2y,2026-09-11,scan_20260914_165629,False,False
True,0,-0.6833343505859375,-0.5333340962727865,True,False,賣出 (動能轉弱),60.599998474121094,2026-09-11 00:00:00,62.930000114440915,-0.11000003814697834,True,False,0.517435902627562,False,0.0013121185069115938,44.60128256879254,0.0013729559332955616,0.0015773319075463594,-0.4642689514979148,-2.765195523360209,-9.271085202448292,-0.4642689514979148,False,False,False,False,False,False,0.017381961554575453,False,-0.36405242128380666,中性,6735.TWO,美達科技,0,v1,phase6a,2026-07-12,0,0,0,0,0,0,v1,713,0.13592233009708737,713,0.13592233009708737,715,0.13349514563106796,^TWII,yfinance,2y,2026-09-11,scan_20260914_165629,False,False
True,0,-5.25,4.440892098500626e-16,True,False,賣出 (動能轉弱),186.0,2026-09-11 00:00:00,201.15,-0.75,True,False,0.2904159356188478,False,0.00402729452855974,65.13921917263286,0.004303636009909663,0.004272004819274385,-0.671369167387037,-2.488831980782702,0.6548564528123357,-0.671369167387037,False,False,True,False,False,False,0.3609801673694022,False,-0.12676056338028174,中性,6922.TWO,宸曜,1,v1,phase6a,2026-07-12,0,1,1,1,1,1,v1,282,0.6589805825242718,282,0.6589805825242718,286,0.654126213592233,^TWII,yfinance,2y,2026-09-11,scan_20260914_165629,True,False
True,0,-0.35000038146972656,-0.3583335876464843,True,False,觀察 (跌勢收斂),30.549999237060547,2026-09-11 00:00:00,31.282499980926513,-0.04750003814697479,False,False,1.1632441827669828,False,0.0006614722837361192,32.84823265703279,0.000677414382685449,0.0007037303418016191,-0.24711150291290007,-0.9438217767392287,-4.035054289894369,-0.24711150291290007,False,False,False,False,False,False,0.06841889448414407,False,-0.11959658313066146,中性,2258.TW,鴻華先進-創,2,v1,phase6a,2026-07-12,0,2,2,2,2,2,v1,74,0.9114077669902912,74,0.9114077669902912,89,0.8932038834951457,^TWII,yfinance,2y,2026-09-11,scan_20260914_165629,True,False
True,1,-0.11666647593180338,-0.1333332061767578,True,False,觀察 (跌勢收斂),16.600000381469727,2026-09-11 00:00:00,16.804999923706056,-0.0274999618530245,False,False,0.7590399550198546,False,0.00035942521887302487,33.262641821046394,0.00036539563022601766,0.0003910489846774878,-0.17170026843985609,-1.626682256456602,-6.428403240438618,-0.17170026843985609,False,False,False,False,False,False,0.08890236231318938,False,-0.15736041936107892,中性,5438.TWO,東友,1,v1,phase6a,2026-07-12,0,1,1,1,1,1,v1,245,0.7038834951456311,245,0.7038834951456311,250,0.6978155339805825,^TWII,yfinance,2y,2026-09-11,scan_20260914_165629,False,False
True,0,-0.05833371480305989,-0.04166698455810547,True,False,賣出 (動能轉弱),17.450000762939453,2026-09-11 00:00:00,17.914999961853027,-0.10749998092651225,False,False,0.16777793276607617,False,0.00037782953008574916,34.47016795518766,0.00039492498224920054,0.0004241593289900402,-0.453594689602832,-1.9835484034409046,-13.52900944160913,-0.453594689602832,False,False,False,False,False,False,0.031237126213028064,False,-0.26526312577097044,中性,3268.TWO,海德威,0,v1,phase6a,2026-07-12,0,0,0,0,0,0,v1,498,0.39684466019417475,498,0.39684466019417475,507,0.3859223300970874,^TWII,yfinance,2y,2026-09-11,scan_20260914_165629,False,False
False,0,-17.166666666666664,-16.916666666666668,False,True,強烈賣出 (跌破),234.0,2026-09-11 00:00:00,256.0,-1.4499999999999886,False,False,0.4597819581251442,False,0.005066596342381608,327.262180124091,0.005371093019316295,0.005232523656148278,-0.5932152477202579,-2.154396341967313,5.729921361108281,-0.5932152477202579,False,False,True,False,False,False,0.47615078421573215,False,-0.16428571428571426,中性,4931.TWO,新盛力,0,v1,phase6a,2026-07-12,0,0,0,0,0,0,v1,591,0.28398058252427183,591,0.28398058252427183,595,0.279126213592233,^TWII,yfinance,2y,2026-09-11,scan_20260914_165629,False,False
True,1,-0.41666412353515625,-0.3999977111816406,True,False,賣出 (動能轉弱),76.30000305175781,2026-09-11 00:00:00,76.38000030517578,0.010000228881835938,False,False,1.3447638258530845,False,0.0016520569076313746,38.12033360035332,0.001655924628777401,0.001721707017611417,-0.024580132566320856,-1.0130300608757747,-3.5323098674440723,-0.024580132566320856,False,False,False,False,False,False,0.24118626363815066,False,-0.05099500492921505,中性,6923.TW,中台,0,v1,phase6a,2026-07-12,0,0,1,0,0,0,v1,734,0.1104368932038835,734,0.1104368932038835,736,0.10800970873786407,^TWII,yfinance,2y,2026-09-11,scan_20260914_165629,False,False
True,0,-0.22500069936116535,-0.08333396911621094,True,False,賣出 (動能轉弱),18.299999237060547,2026-09-11 00:00:00,19.030000019073487,-0.007500076293943891,True,False,2.0126578265646877,True,0.0003962338000003299,36.0621988133653,0.0004123641190529233,0.00043477399969263743,-0.4100661560490604,-1.5744487603433388,-4.704266070235064,-0.4100661560490604,False,False,False,False,False,False,0.0,False,-0.1306413349012555,中性,1789.TW,神隆,0,v1,phase6a,2026-07-12,0,0,0,0,0,0,v1,368,0.5546116504854369,368,0.5546116504854369,381,0.5388349514563107,^TWII,yfinance,2y,2026-09-11,scan_20260914_165629,False,False
True,1,0.18333307902018228,0.14999977747599286,True,False,買入 (動能增強),13.149999618530273,2026-09-11 00:00:00,13.19749994277954,-0.007500028610230913,False,False,0.6411483786996431,False,0.00028472538448532064,45.410748451776016,0.00028756209671560953,0.00029233157989358736,-0.10373117604115523,-0.49187229749410033,-4.794436875607156,-0.10373117604115523,False,False,False,False,False,False,0.3378554808120937,False,-0.1204013520869297,中性,1468.TW,昶和,2,v1,phase6a,2026-07-12,0,2,2,2,2,2,v1,59,0.9296116504854369,59,0.9296116504854369,75,0.9101941747572816,^TWII,yfinance,2y,2026-09-11,scan_20260914_165629,False,False
True,0,-0.5666669209798176,-0.4916667938232422,True,False,賣出 (動能轉弱),45.04999923706055,2026-09-11 00:00:00,45.7375,-0.04250011444091939,True,False,1.7458487235109799,True,0.0009754280399948085,39.200952810852534,0.0009911004234143123,0.0010370782404809404,-0.16617721728100499,-1.4936943709967898,-4.6608148183537645,-0.16617721728100499,False,False,False,False,False,False,0.07670775001817617,False,-0.04945853864392025,中性,1535.TW,中宇,0,v1,phase6a,2026-07-12,0,0,0,0,0,0,v1,346,0.5813106796116505,346,0.5813106796116505,360,0.5643203883495146,^TWII,yfinance,2y,2026-09-11,scan_20260914_165629,False,False
True,0,-0.15833346048990884,-0.15833346048990882,True,False,賣出 (動能轉弱),30.149999618530273,2026-09-11 00:00:00,30.004999828338622,0.017500019073484196,False,True,1.812948618163399,True,0.0006528114435472324,23.621303475349237,0.0006498276138538637,0.0006579285851474393,0.04835732025907369,-0.6540663293417182,-2.2907398363142373,0.04835732025907369,True,False,False,False,False,True,0.45449288110531166,False,-0.014705907102274374,中性,1442.TW,名軒,0,v1,phase6a,2026-07-12,0,0,2,0,0,0,v1,323,0.6092233009708737,323,0.6092233009708737,337,0.5922330097087378,^TWII,yfinance,2y,2026-09-11,scan_20260914_165629,False,False
True,1,-0.804944356282552,-0.14926656087239581,True,False,賣出 (動能轉弱),171.5,2026-09-11 00:00:00,172.70686798095704,-0.10109863281249432,False,False,0.6294672289837479,False,0.0037133387723010504,59.48782373309424,0.0037302773499400376,0.0037544342727140584,-0.047775437732389126,-1.206580580902672,-1.3099821325803562,-0.047775437732389126,False,False,False,False,False,False,0.49070548364131533,False,-0.030351049888579507,中性,1268.TWO,漢來美食,0,v1,phase6a,2026-07-12,0,0,0,0,0,0,v1,305,0.6310679611650486,305,0.6310679611650486,319,0.6140776699029126,^TWII,yfinance,2y,2026-09-11,scan_20260914_165629,False,False
True,1,-0.13959693908691406,0.007036844889322918,True,False,賣出 (動能轉弱),42.95000076293945,2026-09-11 00:00:00,43.01558837890625,-0.04486484527587464,False,False,0.4828758952140371,False,0.0009299586186786167,38.748311690746526,0.000932077021331375,0.00094882048797754,-0.023918239866005386,-1.0880895936819512,-2.7361947066470327,-0.023918239866005386,False,False,False,False,False,False,0.39081251288469554,False,-0.020464132414779956,中性,1339.TW,昭輝,0,v1,phase6a,2026-07-12,0,0,0,0,0,0,v1,311,0.6237864077669902,311,0.6237864077669902,325,0.6067961165048543,^TWII,yfinance,2y,2026-09-11,scan_20260914_165629,False,False
True,1,-3.0,-2.916666666666666,True,False,賣出 (動能轉弱),225.5,2026-09-11 00:00:00,224.5,-0.5250000000000057,True,True,1.847129027901063,True,0.004882553312850652,47.22177424184745,0.004879072503993432,0.004985867702225841,0.0075102071040555884,-1.529879705822268,-5.90863189781472,0.0075102071040555884,True,False,False,False,False,True,0.36311445084408217,False,-0.08333333333333337,中性,6811.TWO,宏�硌穈T,0,v1,phase6a,2026-07-12,0,0,1,0,0,0,v1,724,0.12257281553398058,724,0.12257281553398058,726,0.12014563106796117,^TWII,yfinance,2y,2026-09-11,scan_20260914_165629,False,False
True,1,-0.05000019073486328,-0.03333361943562826,True,False,賣出 (動能轉弱),11.050000190734863,2026-09-11 00:00:00,11.275,-0.017499971389769442,True,False,1.7751844333529319,True,0.00023925594252005697,23.495557317889965,0.00024635973641653895,0.00026735269273319047,-0.3026082842011113,-1.9061657354756623,-8.823455746001652,-0.3026082842011113,False,False,False,False,False,False,0.04710645763127198,False,-0.17537309661902523,中性,3325.TWO,旭品,0,v1,phase6a,2026-07-12,0,0,0,0,0,0,v1,509,0.38349514563106796,509,0.38349514563106796,518,0.3725728155339806,^TWII,yfinance,2y,2026-09-11,scan_20260914_165629,False,False
True,0,-0.4250011444091797,0.3083324432373047,True,False,賣出 (動能轉弱),47.599998474121094,2026-09-11 00:00:00,50.369999694824216,-0.19000015258789205,False,False,1.441331406500971,False,0.0010306409323348378,41.364875728481145,0.0010934610544089927,0.0011231538318865954,-0.6011092198499268,-2.0000593488018192,-5.9272200492602956,-0.6011092198499268,False,False,False,False,False,False,0.0,False,-0.14951401254457997,中性,6161.TWO,捷波,0,v1,phase6a,2026-07-12,0,0,0,0,0,0,v1,652,0.2099514563106796,652,0.2099514563106796,655,0.20631067961165048,^TWII,yfinance,2y,2026-09-11,scan_20260914_165629,False,False
True,0,-1.0499986012776692,-0.558331807454427,True,False,賣出 (動能轉弱),39.599998474121094,2026-09-11 00:00:00,41.48500003814697,-0.125,True,False,0.5109688759567311,False,0.0008574239633645265,54.266442887048356,0.0009004284544688337,0.0010217088244026133,-0.5002223670485861,-3.0061538728900383,-7.9285631303067206,-0.5002223670485861,False,False,False,False,False,False,0.009314548822180769,False,-0.42189783249458257,中性,6821.TWO,聯寶,0,v1,phase6a,2026-07-12,0,0,0,0,0,0,v1,725,0.12135922330097088,725,0.12135922330097088,727,0.11893203883495146,^TWII,yfinance,2y,2026-09-11,scan_20260914_165629,False,False
False,0,-1.3666661580403645,-0.5833333333333333,False,True,強烈賣出 (跌破),99.30000305175781,2026-09-11 00:00:00,102.51500015258789,-0.18499984741211506,False,False,1.0714569714336886,False,0.00215005569342102,55.685324780264,0.002225916743200536,0.0023222742191452293,-0.3574630061329853,-1.8517321053489577,-5.746562101832586,-0.3574630061329853,False,False,False,False,False,False,0.0,False,-0.15489359104886968,中性,1342.TW,八貫,0,v1,phase6a,2026-07-12,0,0,0,0,0,0,v1,314,0.6201456310679612,314,0.6201456310679612,328,0.6031553398058253,^TWII,yfinance,2y,2026-09-11,scan_20260914_165629,False,False
True,0,-0.21666669845581055,-0.016666571299235034,True,False,賣出 (動能轉弱),10.699999809265137,2026-09-11 00:00:00,10.955000019073486,0.03499999046325719,False,False,0.3804642702555561,False,0.00023167769186797712,27.070459428338257,0.00023479124591727822,0.0002407588512426542,-0.13939432696087328,-0.6419702369270586,3.263290104334371,-0.13939432696087328,False,False,False,False,False,False,0.3758324690369261,False,-0.08936171836041384,中性,1316.TW,上曜,1,v1,phase6a,2026-07-12,0,1,2,1,1,1,v1,169,0.7961165048543689,169,0.7961165048543689,179,0.7839805825242718,^TWII,yfinance,2y,2026-09-11,scan_20260914_165629,True,False
True,0,-1.1666666666666665,0.25000000000000006,True,False,賣出 (動能轉弱),131.0,2026-09-11 00:00:00,136.15,-0.32499999999998863,True,False,1.5722317720986636,True,0.002836427866888849,42.81909848820291,0.0029741161045613767,0.003220177867067431,-0.4849579110815738,-2.341664742109928,-9.252500309436995,-0.4849579110815738,False,False,False,False,False,False,0.0,False,-0.2701949860724234,中性,5236.TW,凌陽創新,0,v1,phase6a,2026-07-12,0,0,0,0,0,0,v1,607,0.2645631067961165,607,0.2645631067961165,610,0.2609223300970874,^TWII,yfinance,2y,2026-09-11,scan_20260914_165629,False,False
True,0,0.09166717529296878,0.2500006357828776,True,False,觀望 (動能減弱),36.349998474121094,2026-09-11 00:00:00,36.47249984741211,-0.015000152587887783,False,False,0.7621650985180836,False,0.0007870545697203375,35.68711292041712,0.0007965303377548064,0.0008459118999516648,-0.12506765068477366,-1.5391526080022144,-6.565654139720523,-0.12506765068477366,False,False,False,False,False,False,0.1271789045199688,False,-0.12091898874262963,中性,2387.TW,精元,0,v1,phase6a,2026-07-12,0,0,0,0,0,0,v1,416,0.4963592233009709,416,0.4963592233009709,427,0.4830097087378641,^TWII,yfinance,2y,2026-09-11,scan_20260914_165629,False,False
True,1,0.125,0.4416669209798177,True,False,觀望 (動能減弱),46.04999923706055,2026-09-11 00:00:00,47.87249984741211,-0.23750000000000426,False,False,1.0194400419737446,False,0.0009970801611160975,37.82668039591112,0.0010425581003996758,0.0010957773049636809,-0.4570748275065428,-1.7726678718072653,-6.683539959676576,-0.4570748275065428,False,False,False,False,False,False,0.0,False,-0.2019064362536659,中性,6928.TW,攸泰科技,2,v1,phase6a,2026-07-12,0,2,2,2,2,2,v1,145,0.8252427184466019,145,0.8252427184466019,150,0.8191747572815534,^TWII,yfinance,2y,2026-09-11,scan_20260914_165629,False,True
True,0,0.4249992370605469,1.0083332061767578,True,False,觀望 (動能減弱),48.54999923706055,2026-09-11 00:00:00,49.98249988555908,-0.012500000000002842,True,False,0.8938944479316322,False,0.0010512104639193197,31.613893337882995,0.001086668588570519,0.0011404409022879082,-0.3422992179901718,-1.1186709339099377,-3.429806377781408,-0.3422992179901718,False,False,False,False,False,False,0.0,False,-0.1935819670832739,中性,3545.TW,敦泰,0,v1,phase6a,2026-07-12,0,0,0,0,0,0,v1,525,0.3640776699029126,525,0.3640776699029126,532,0.35558252427184467,^TWII,yfinance,2y,2026-09-11,scan_20260914_165629,False,False
False,0,-1.0442301432291665,-0.7807687123616536,False,True,強烈賣出 (跌破),35.0,2026-09-11 00:00:00,36.644422340393064,-0.05288448333740803,False,False,0.3754183141945724,False,0.0007578242392451124,48.870624775761804,0.0007710428630263774,0.0007419126935521798,-0.18013623779352672,-1.2005174422028753,13.076094094174163,-0.18013623779352672,False,True,True,False,False,False,0.6473812300655774,False,-0.08854170288476537,中性,3287.TWO,廣寰科,0,v1,phase6a,2026-07-12,0,0,0,0,0,0,v1,502,0.3919902912621359,502,0.3919902912621359,511,0.38106796116504854,^TWII,yfinance,2y,2026-09-11,scan_20260914_165629,False,False
True,1,0.36666679382324213,0.03333346048990882,True,False,買入 (動能增強),36.900001525878906,2026-09-11 00:00:00,36.775000381469724,-0.004999923706058951,True,True,1.0647337153341903,False,0.0007989633024140762,96.71696883724476,0.0007993738805341503,0.0007940539705804581,-0.005406282842856935,-1.2020690580530236,-3.543346665787439,-0.005406282842856935,False,True,True,False,False,True,0.593467056393331,False,-0.09999996278344137,中性,3685.TWO,元創精密,2,v1,phase6a,2026-07-12,0,2,3,2,2,2,v1,104,0.875,104,0.875,116,0.8604368932038835,^TWII,yfinance,2y,2026-09-11,scan_20260914_165629,False,False
True,0,-0.3333333333333333,-0.40833377838134766,True,False,觀察 (跌勢收斂),24.100000381469727,2026-09-11 00:00:00,24.01249990463257,-0.019999980926513672,False,True,2.085953944665331,True,0.0005218161272826918,29.93716457294954,0.0005234024020365488,0.0005604581117076277,-0.03189191285659643,-1.6968465449491488,-7.742673466196992,-0.03189191285659643,False,False,False,False,False,True,0.21201151757257544,False,-0.12665002358361455,中性,4523.TWO,永彰,1,v1,phase6a,2026-07-12,0,1,2,1,1,1,v1,235,0.7160194174757282,235,0.7160194174757282,240,0.7099514563106796,^TWII,yfinance,2y,2026-09-11,scan_20260914_165629,False,False
True,0,2.0833333333333335,4.166666666666666,True,False,觀望 (動能減弱),132.0,2026-09-11 00:00:00,138.05,-0.25,False,False,1.9570579196548712,True,0.002858079988010138,40.635188251367516,0.00301512518274813,0.003262876689990898,-0.5452819097897632,-1.8351317013738155,-6.79311845652375,-0.5452819097897632,False,False,False,False,False,False,0.0,False,-0.30131203002174867,中性,3289.TWO,宜特,0,v1,phase6a,2026-07-12,0,0,0,0,0,0,v1,503,0.3907766990291262,503,0.3907766990291262,512,0.37985436893203883,^TWII,yfinance,2y,2026-09-11,scan_20260914_165629,False,False
True,0,0.19166628519694012,0.6749995549519856,True,False,觀望 (動能減弱),33.900001525878906,2026-09-11 00:00:00,34.23499975204468,0.057500076293948155,False,False,0.47324890817657345,False,0.0007340069390502094,48.89667917438581,0.0007460565731561145,0.0007913320484002266,-0.16972302715176912,-1.2722737940809914,-3.64505355897502,-0.16972302715176912,False,False,False,False,False,False,0.09448895548157629,False,-0.3430232068150012,中性,2241.TW,艾姆勒,0,v1,phase6a,2026-07-12,0,0,1,0,0,0,v1,399,0.5169902912621359,399,0.5169902912621359,410,0.5036407766990292,^TWII,yfinance,2y,2026-09-11,scan_20260914_165629,False,False
True,0,-0.1916666030883789,-0.05833307902018229,True,False,賣出 (動能轉弱),18.75,2026-09-11 00:00:00,19.085000038146973,-0.01750001907348775,True,False,0.10446440457638667,False,0.0004059772710241673,24.620548533513777,0.00041380874951906676,0.000429160897196111,-0.1988182145106654,-1.8960948472399375,-4.647659891247146,-0.1988182145106654,False,False,False,False,False,False,0.12609189616212343,False,-0.08536585365853655,中性,4102.TWO,永日,0,v1,phase6a,2026-07-12,0,0,0,0,0,0,v1,550,0.3337378640776699,550,0.3337378640776699,556,0.32645631067961167,^TWII,yfinance,2y,2026-09-11,scan_20260914_165629,False,False
True,0,-0.16666666666666666,-0.13333384195963544,True,False,賣出 (動能轉弱),70.5,2026-09-11 00:00:00,71.0700008392334,-0.08499984741210653,False,False,0.17445080705304614,False,0.0015264745390508691,56.74171840057934,0.001549641177956073,0.0016252959734147478,-0.1571177985634442,-1.4721499813241112,-7.02466543660305,-0.1571177985634442,False,False,False,False,False,False,0.06917385508974937,False,-0.10759493670886078,中性,8487.TW,愛爾達-創,0,v1,phase6a,2026-07-12,0,0,0,0,0,0,v1,799,0.03155339805825243,799,0.03155339805825243,800,0.03033980582524272,^TWII,yfinance,2y,2026-09-11,scan_20260914_165629,False,False
True,0,-1.150000254313151,-1.1499999364217122,True,False,賣出 (動能轉弱),22.899999618530273,2026-09-11 00:00:00,23.317500019073485,-0.15500001907348704,False,False,0.663547991108457,False,0.0004958335654178876,32.34030779045694,0.0005075854876980221,0.0005623891546954249,-0.2431190390325022,-2.6299959660719296,-10.634510165781064,-0.2431190390325022,False,False,False,False,False,False,0.12301312626270065,False,-0.2576985628731038,中性,8455.TWO,大拓-KY,0,v1,phase6a,2026-07-12,0,0,0,0,0,0,v1,795,0.03640776699029126,795,0.03640776699029126,796,0.03519417475728155,^TWII,yfinance,2y,2026-09-11,scan_20260914_165629,False,False
True,0,-0.7083330154418944,-0.6083329518636067,True,False,賣出 (動能轉弱),30.399999618530273,2026-09-11 00:00:00,30.97750005722046,0.0,False,False,0.7263491478332333,False,0.0006582244738275546,32.82650431641496,0.00067054533515814,0.0006956680554611839,-0.19304125887122936,-1.7019214935264482,-4.59089084185722,-0.19304125887122936,False,False,False,False,False,False,0.2186508803439347,False,-0.09523806550335046,中性,2105.TW,正新,0,v1,phase6a,2026-07-12,0,0,0,0,0,0,v1,393,0.5242718446601942,393,0.5242718446601942,404,0.5109223300970874,^TWII,yfinance,2y,2026-09-11,scan_20260914_165629,False,False
True,0,-0.8500003814697266,-0.8333333333333333,True,False,賣出 (動能轉弱),56.79999923706055,2026-09-11 00:00:00,57.85,-0.11499996185302308,True,False,0.5281266261251816,False,0.0012298404631699534,41.57638799107129,0.001254260876854113,0.0012995343865374286,-0.20452781223831984,-1.9214180044104578,-5.697310838352498,-0.20452781223831984,False,False,False,False,False,False,0.11590891175320422,False,-0.0984127105228485,中性,6516.TWO,勤崴國際,0,v1,phase6a,2026-07-12,0,0,0,0,0,0,v1,685,0.16990291262135923,685,0.16990291262135923,688,0.1662621359223301,^TWII,yfinance,2y,2026-09-11,scan_20260914_165629,False,False
True,0,0.849999745686849,1.150000254313151,True,False,觀望 (動能減弱),89.19999694824219,2026-09-11 00:00:00,89.01500053405762,0.054999923706063214,False,True,0.8490304920810926,False,0.0019313691379419422,48.850960400606425,0.0019325333228673988,0.0019801874247452806,-0.006340796807891014,-0.7769864828719442,-2.509236683411753,-0.006340796807891014,False,False,False,False,False,True,0.19646483318523278,False,-0.014364674605058747,中性,2114.TW,鑫永銓,0,v1,phase6a,2026-07-12,0,0,2,0,0,0,v1,395,0.5218446601941747,395,0.5218446601941747,406,0.508495145631068,^TWII,yfinance,2y,2026-09-11,scan_20260914_165629,False,False
True,0,3.9166666666666665,-2.9166666666666665,True,False,買入 (動能增強),214.5,2026-09-11 00:00:00,193.0,-0.025000000000005684,True,True,6.344938588449784,True,0.004644379980516474,155.50494488405465,0.0042823169651449115,0.005024763655742834,0.897974903125176,-0.707722681981493,-13.390753469631223,0.897974903125176,True,False,False,False,False,True,0.18631545863419735,False,-0.43328929986789966,中性,6861.TW,睿生光電,2,v1,phase6a,2026-07-12,0,2,3,2,2,2,v1,143,0.8276699029126213,143,0.8276699029126213,148,0.8216019417475728,^TWII,yfinance,2y,2026-09-11,scan_20260914_165629,False,False
True,0,-0.36666615804036456,-0.14999961853027344,True,False,賣出 (動能轉弱),33.5,2026-09-11 00:00:00,34.30499973297119,-0.05000000000000426,False,False,0.6082655687473151,False,0.0007253460575631789,33.81077564551428,0.0007461079421021163,0.0007836940051473479,-0.29205944082967283,-1.309076264399578,-6.0216263207856,-0.29205944082967283,False,False,False,False,False,False,0.0304448039352277,False,-0.07202212144094544,中性,7732.TW,金興精密,0,v1,phase6a,2026-07-12,0,0,0,0,0,0,v1,747,0.09466019417475728,747,0.09466019417475728,749,0.09223300970873786,^TWII,yfinance,2y,2026-09-11,scan_20260914_165629,False,False
True,0,-0.08333349227905273,-0.10000006357828775,True,False,觀察 (跌勢收斂),10.699999809265137,2026-09-11 00:00:00,10.87000002861023,-0.030000019073485262,False,False,0.6929669277731786,False,0.00023167769186797712,43.14144865418692,0.00023331909761102563,0.0002406912113035045,-0.07399809963380966,-1.4517335302645984,-0.5473266987315539,-0.07399809963380966,False,False,False,False,False,False,0.24058854966711046,False,-0.10833334922790527,中性,2323.TW,中環,2,v1,phase6a,2026-07-12,0,2,2,2,2,2,v1,75,0.9101941747572816,75,0.9101941747572816,90,0.8919902912621359,^TWII,yfinance,2y,2026-09-11,scan_20260914_165629,True,False
False,0,-7.166666666666666,-6.0,False,True,強烈賣出 (跌破),152.5,2026-09-11 00:00:00,155.775,-0.42499999999998295,False,False,0.6028879769543679,False,0.003301948470996561,144.6734090129423,0.0033551395851861526,0.00346010552535971,-0.16660220370918744,-2.0023962028484665,-4.547929539261464,-0.16660220370918744,False,False,False,False,False,False,0.11036786913608608,False,-0.17567567567567566,中性,7827.TW,漢康-KY創,0,v1,phase6a,2026-07-12,0,0,0,0,0,0,v1,759,0.08009708737864078,759,0.08009708737864078,761,0.07766990291262135,^TWII,yfinance,2y,2026-09-11,scan_20260914_165629,False,False
True,0,-12.999999999999998,-10.916666666666664,True,False,賣出 (動能轉弱),233.5,2026-09-11 00:00:00,250.575,-1.3000000000000114,True,False,0.4902302725391686,False,0.0050557702818209635,120.00062712365686,0.005419838618819688,0.005787620092799248,-0.7021225393968655,-2.916120417169732,-9.38368755652148,-0.7021225393968655,False,False,False,False,False,False,0.0,False,-0.42944291377746435,中性,6435.TWO,大中,0,v1,phase6a,2026-07-12,0,0,0,0,0,0,v1,676,0.1808252427184466,676,0.1808252427184466,679,0.17718446601941748,^TWII,yfinance,2y,2026-09-11,scan_20260914_165629,False,False
True,1,0.13333384195963544,0.2666664123535156,True,False,觀望 (動能減弱),37.900001525878906,2026-09-11 00:00:00,38.66499996185303,-0.04999999999999716,False,False,1.8560987825032491,True,0.0008206154235353651,40.18698898930878,0.0008385501355715932,0.0008969011255213159,-0.22462863707662928,-0.8838532860517612,-2.9250640183741905,-0.22462863707662928,False,False,False,False,False,False,0.24993491573410798,False,-0.09268052837041707,中性,2543.TW,皇昌,0,v1,phase6a,2026-07-12,0,0,0,0,0,0,v1,441,0.46601941747572817,441,0.46601941747572817,450,0.4550970873786408,^TWII,yfinance,2y,2026-09-11,scan_20260914_165629,False,False
False,0,-2.9000008900960283,-2.0083338419596353,False,True,強烈賣出 (跌破),48.5,2026-09-11 00:00:00,51.30249996185303,-0.15499992370605042,False,False,0.4422905365637007,False,0.0010501278743825129,25.91030436567742,0.001099761064210844,0.0011807545295365138,-0.47281577678777165,-2.26228317297108,-2.179079082585178,-0.47281577678777165,False,False,False,False,False,False,0.06474172287866557,False,-0.21726881758560435,中性,6125.TWO,廣運,0,v1,phase6a,2026-07-12,0,0,0,0,0,0,v1,643,0.220873786407767,643,0.220873786407767,646,0.21723300970873785,^TWII,yfinance,2y,2026-09-11,scan_20260914_165629,False,False
False,0,-0.46666622161865234,-0.375,False,True,強烈賣出 (跌破),19.850000381469727,2026-09-11 00:00:00,20.2625,-0.01249999999999929,False,False,0.39579348102637557,False,0.00042979461251721387,23.56151979241478,0.0004365764518988618,0.00046160142066070474,-0.16325031246182675,-1.620051669234901,-2.2806479890723708,-0.16325031246182675,False,False,False,False,False,False,0.14269413446851434,False,-0.09977319418193775,中性,8440.TWO,綠電,0,v1,phase6a,2026-07-12,0,0,0,0,0,0,v1,794,0.03762135922330097,794,0.03762135922330097,795,0.03640776699029126,^TWII,yfinance,2y,2026-09-11,scan_20260914_165629,False,False
True,0,3.242633819580078,2.9414393107096357,True,False,買入 (動能增強),127.5,2026-09-11 00:00:00,124.97985191345215,0.3185020446777429,False,True,0.36488690198107687,False,0.002760645442964338,48.0535917657731,0.0026928631886401354,0.002646287634052812,0.2656625529294798,0.04114177675016428,4.4604229035109855,0.2656625529294798,True,True,True,False,False,True,0.890471248237307,False,-0.00390625,偏強 (RS上升),4736.TW,泰博,2,v1,phase6a,2026-07-12,2,4,4,4,2,4,v1,111,0.866504854368932,111,0.866504854368932,25,0.970873786407767,^TWII,yfinance,2y,2026-09-11,scan_20260914_165629,False,False
True,0,-1.183331807454427,-0.9499982198079426,True,False,賣出 (動能轉弱),54.20000076293945,2026-09-11 00:00:00,55.7,-0.029999923706050424,False,False,0.745680704696995,False,0.0011735449812931172,43.76576597134311,0.001202504102601232,0.001240327738199745,-0.25285740213022434,-1.8423718518830179,-3.9575671533390144,-0.25285740213022434,False,False,False,False,False,False,0.08433827637416878,False,-0.13610739304588648,中性,6757.TW,台灣虎航,1,v1,phase6a,2026-07-12,0,1,1,1,1,1,v1,278,0.6638349514563107,278,0.6638349514563107,282,0.6589805825242718,^TWII,yfinance,2y,2026-09-11,scan_20260914_165629,True,False
False,0,-10.666666666666666,-7.25,False,True,強烈賣出 (跌破),277.5,2026-09-11 00:00:00,291.475,-1.4249999999999545,True,False,0.7343642241875652,False,0.006008463611157676,65.5836276220613,0.006294502993003184,0.006476521397256362,-0.4760672544551814,-2.9322256505953215,-6.658908497343219,-0.4760672544551814,False,False,False,False,False,False,0.05083409873094423,False,-0.23553719008264462,中性,8016.TW,矽創,0,v1,phase6a,2026-07-12,0,0,0,0,0,0,v1,762,0.07645631067961164,762,0.07645631067961164,764,0.07402912621359223,^TWII,yfinance,2y,2026-09-11,scan_20260914_165629,False,False
True,0,-0.400000254313151,-0.3083337148030599,True,False,賣出 (動能轉弱),22.049999237060547,2026-09-11 00:00:00,22.60999975204468,-0.015000057220458274,False,False,1.0965269854193576,False,0.00047742925420516335,69.95495023192981,0.0004867435726149573,0.000495790924255844,-0.20102650572949576,-1.3968607664576416,-1.458146518571668,-0.20102650572949576,False,False,False,False,False,False,0.336792309800415,False,-0.05769232493494025,中性,2010.TW,春源,0,v1,phase6a,2026-07-12,0,0,0,0,0,0,v1,382,0.537621359223301,382,0.537621359223301,393,0.5242718446601942,^TWII,yfinance,2y,2026-09-11,scan_20260914_165629,False,False
True,1,-0.6666666666666666,0.7500000000000001,True,False,賣出 (動能轉弱),133.0,2026-09-11 00:00:00,138.425,-0.4749999999999943,True,False,0.909295387547248,False,0.002879732109131427,27.806978351219144,0.003019241361843473,0.003383944507860231,-0.4840323017616499,-2.4959414452871087,-8.591220693576151,-0.4840323017616499,False,False,False,False,False,False,0.014591968110320128,False,-0.3906249956304866,中性,6862.TW,三集瑞-KY,0,v1,phase6a,2026-07-12,0,0,0,0,0,0,v1,730,0.11529126213592233,730,0.11529126213592233,732,0.11286407766990292,^TWII,yfinance,2y,2026-09-11,scan_20260914_165629,False,False
True,0,6.75,9.75,True,False,觀望 (動能減弱),167.5,2026-09-11 00:00:00,176.275,-0.9499999999999886,False,False,0.6033773738410704,False,0.0036267302878158947,82.54619501097774,0.003871500261877311,0.004232687574898934,-0.6611112401774366,-2.0935190546085836,-8.696171091347582,-0.6611112401774366,False,False,False,False,False,False,0.01189858052409204,False,-0.3273092369477911,中性,8027.TWO,鈦昇,0,v1,phase6a,2026-07-12,0,0,0,0,0,0,v1,763,0.07524271844660194,763,0.07524271844660194,765,0.07281553398058252,^TWII,yfinance,2y,2026-09-11,scan_20260914_165629,False,False
True,0,0.9166666666666665,1.8333333333333333,True,False,觀望 (動能減弱),112.5,2026-09-11 00:00:00,118.95,-0.5249999999999915,False,False,0.9475395345051592,False,0.002435863626145004,66.00348533367908,0.0026083706862792422,0.002950413874120063,-0.6913548515008583,-2.6245078638477803,-11.389885721520043,-0.6913548515008583,False,False,False,False,False,False,0.0,False,-0.47916666666666663,中性,4919.TW,新唐,0,v1,phase6a,2026-07-12,0,0,0,0,0,0,v1,589,0.28640776699029125,589,0.28640776699029125,593,0.2815533980582524,^TWII,yfinance,2y,2026-09-11,scan_20260914_165629,False,False
True,0,-1.3833338419596353,-1.5500005086263018,True,False,觀察 (跌勢收斂),89.80000305175781,2026-09-11 00:00:00,90.1699993133545,0.07500000000000284,False,False,0.6564090013689755,False,0.001944360542768775,92.3557869624531,0.0019456739768090759,0.0019662469510689008,-0.007105321491052141,-1.2738289392550062,-2.522918393025242,-0.007105321491052141,False,False,False,False,False,False,0.22720752000345484,False,-0.05573076243324582,中性,2535.TW,達欣工,1,v1,phase6a,2026-07-12,0,1,2,1,1,1,v1,201,0.7572815533980582,201,0.7572815533980582,208,0.7487864077669902,^TWII,yfinance,2y,2026-09-11,scan_20260914_165629,False,False
True,0,0.5166664123535156,0.9999999999999999,True,False,觀望 (動能減弱),77.0999984741211,2026-09-11 00:00:00,79.12999992370605,-0.004999923706051845,True,False,0.5933351644809374,False,0.001669378505412861,42.1619577745422,0.0017158764441919457,0.001822711131937468,-0.28443761393583955,-1.5360971540765878,-3.4265011081411334,-0.28443761393583955,False,False,False,False,False,False,0.005275705768549677,False,-0.3032605581112897,中性,6411.TWO,晶焱,0,v1,phase6a,2026-07-12,0,0,0,0,0,0,v1,673,0.18446601941747573,673,0.18446601941747573,676,0.1808252427184466,^TWII,yfinance,2y,2026-09-11,scan_20260914_165629,False,False
True,0,-0.11666679382324219,-0.1250001589457194,True,False,觀察 (跌勢收斂),10.699999809265137,2026-09-11 00:00:00,10.674999761581422,0.009999990463256836,False,True,0.0,False,0.00023167769186797712,13.571518024592317,0.00023244075262411775,0.00025949716861674554,-0.03454404506038067,-1.2248663895894185,-6.230663754769761,-0.03454404506038067,False,False,False,False,False,True,0.1544359506184101,False,-0.12653062781509083,中性,2724.TWO,藝舍-KY,1,v1,phase6a,2026-07-12,0,1,3,1,1,1,v1,209,0.7475728155339806,209,0.7475728155339806,215,0.7402912621359223,^TWII,yfinance,2y,2026-09-11,scan_20260914_165629,False,False
True,1,-0.6666666666666666,-0.41666666666666663,True,False,賣出 (動能轉弱),184.0,2026-09-11 00:00:00,185.1,-0.05000000000001137,False,False,0.6176364510699688,False,0.003983990286317162,50.71681242314239,0.004010528935756428,0.004126448908093953,-0.06960671766820248,-1.1652227247916591,-3.0917541510053437,-0.06960671766820248,False,False,False,False,False,False,0.21240928062167688,False,-0.010752688172043001,中性,5903.TWO,全家,0,v1,phase6a,2026-07-12,0,0,0,0,0,0,v1,637,0.22815533980582525,637,0.22815533980582525,640,0.22451456310679613,^TWII,yfinance,2y,2026-09-11,scan_20260914_165629,False,False
True,0,-0.19999949137369788,0.7916673024495443,True,False,賣出 (動能轉弱),45.599998474121094,2026-09-11 00:00:00,48.69499950408935,-0.09250011444092365,True,False,0.4899844077530996,False,0.00098733669009226,86.43319768382881,0.001053451533114825,0.0010985937303424676,-0.6562980980105104,-1.8445002500669938,-3.116581539393226,-0.6562980980105104,False,False,False,False,False,False,0.0,False,-0.3088645151353193,中性,3221.TWO,台嘉碩,0,v1,phase6a,2026-07-12,0,0,0,0,0,0,v1,493,0.4029126213592233,493,0.4029126213592233,502,0.3919902912621359,^TWII,yfinance,2y,2026-09-11,scan_20260914_165629,False,False
True,1,-1.1833343505859375,-1.5166689554850261,True,False,觀察 (跌勢收斂),78.5999984741211,2026-09-11 00:00:00,81.54999961853028,-0.35499992370604616,True,False,0.44965343426752685,False,0.0017018566870947945,25.481298668416326,0.001756808768796377,0.0018520365574111347,-0.328177236692373,-1.7616262473731714,-3.9650689513082815,-0.328177236692373,False,False,False,False,False,False,0.15818140071622244,False,-0.16276450129462672,中性,8374.TW,羅昇,1,v1,phase6a,2026-07-12,0,1,1,1,1,1,v1,294,0.6444174757281553,294,0.6444174757281553,298,0.6395631067961165,^TWII,yfinance,2y,2026-09-11,scan_20260914_165629,False,False
True,2,-0.2416667938232422,-0.26666688919067383,True,False,觀察 (跌勢收斂),12.800000190734863,2026-09-11 00:00:00,13.109999990463256,-0.040000009536743875,False,False,1.6692027619344274,True,0.00027714715448231257,34.40731470232682,0.0002872387661965607,0.00030760791185126366,-0.3684603125903241,-2.411846532157802,-11.596332423100986,-0.3684603125903241,False,False,False,False,False,False,0.11814372277486881,False,-0.26647566583952953,中性,8024.TWO,佑華,1,v1,phase6a,2026-07-12,0,1,1,1,1,1,v1,287,0.6529126213592233,287,0.6529126213592233,291,0.6480582524271845,^TWII,yfinance,2y,2026-09-11,scan_20260914_165629,False,False
True,0,-0.7750008900960286,-0.7750008900960286,True,False,賣出 (動能轉弱),50.20000076293945,2026-09-11 00:00:00,50.17750015258789,-0.11499996185303019,True,True,1.8007153751081113,True,0.0010869364968079615,50.19309975973429,0.0010976461515154654,0.0012271155805180125,-0.10259913360767259,-2.2794714540210204,-9.785119144354448,-0.10259913360767259,False,False,False,False,False,False,0.13934743399427463,False,-0.2082018997673275,中性,6925.TWO,意藍,0,v1,phase6a,2026-07-12,0,0,1,0,0,0,v1,735,0.10922330097087378,735,0.10922330097087378,737,0.10679611650485436,^TWII,yfinance,2y,2026-09-11,scan_20260914_165629,False,False
False,0,-0.37833309173583984,-0.20639801025390622,False,True,強烈賣出 (跌破),15.350000381469727,2026-09-11 00:00:00,16.727704334259034,-0.04368801116943288,False,False,1.3522001352416932,False,0.0003323600674714137,84.9222784520294,0.00035735111882157953,0.00034968670505502596,-0.7307695297889216,-2.026326261450817,1.675403672401199,-0.7307695297889216,False,False,True,False,False,False,0.18144227270132324,False,-0.317945203203966,中性,1714.TW,和桐,0,v1,phase6a,2026-07-12,0,0,0,0,0,0,v1,358,0.566747572815534,358,0.566747572815534,371,0.5509708737864077,^TWII,yfinance,2y,2026-09-11,scan_20260914_165629,False,False
True,0,0.050000508626302065,0.3250001271565755,True,False,觀望 (動能減弱),37.54999923706055,2026-09-11 00:00:00,37.90999984741211,-0.020000076293946734,False,False,1.0924623549208268,False,0.0008130371315851416,35.28694283834506,0.0008171115327858686,0.0008176765409191602,-0.05246032219764496,-0.582518804167953,1.3454329391366926,-0.05246032219764496,False,False,False,False,False,False,0.6242275617674127,False,-0.03221649547884631,中性,2948.TWO,寶陞,2,v1,phase6a,2026-07-12,0,2,2,2,2,2,v1,91,0.8907766990291263,91,0.8907766990291263,106,0.8725728155339806,^TWII,yfinance,2y,2026-09-11,scan_20260914_165629,False,True
True,0,-0.24061091740926105,-0.28116289774576825,True,False,觀察 (跌勢收斂),8.321319580078125,2026-09-11 00:00:00,8.316455602645874,-0.0016222000122070312,True,True,0.0,False,0.00018017421943680465,20.743633808912044,0.00018039409507110567,0.00019791260065352926,-0.012828487802329924,-1.5834271483026852,-6.284540865235666,-0.012828487802329924,False,False,False,False,False,True,0.18878559794482944,False,-0.17258095074992275,中性,3710.TWO,連展投控,1,v1,phase6a,2026-07-12,0,1,2,1,1,1,v1,229,0.7233009708737864,229,0.7233009708737864,234,0.7172330097087378,^TWII,yfinance,2y,2026-09-11,scan_20260914_165629,False,False
True,1,-0.19166660308837888,-0.1916666030883789,True,False,觀察 (跌勢收斂),29.299999237060547,2026-09-11 00:00:00,29.302499771118164,0.03750000000000142,False,False,0.05708709043410654,False,0.0006344071323345081,41.85218347688775,0.000630248789403459,0.000621161882898798,0.06950025650716007,-0.44845982789900596,1.8891300314284099,0.06950025650716007,True,True,True,False,False,False,0.7730284671141612,False,-0.011804397503296649,中性,1439.TW,雋揚,1,v1,phase6a,2026-07-12,1,2,2,2,1,2,v1,173,0.7912621359223301,173,0.7912621359223301,166,0.7997572815533981,^TWII,yfinance,2y,2026-09-11,scan_20260914_165629,False,False
True,0,-0.08333365122477213,-0.11666679382324217,True,False,觀察 (跌勢收斂),24.649999618530273,2026-09-11 00:00:00,24.57249994277954,0.022499942779539595,False,True,0.0,False,0.0005337247773801433,38.93799274912274,0.0005323003193261524,0.0005531699834448031,0.028176801090240566,-0.980576285604351,-3.2725757946828193,0.028176801090240566,True,False,False,False,False,True,0.19748582942444154,False,-0.04457362994330438,中性,6496.TWO,科懋,1,v1,phase6a,2026-07-12,0,1,3,1,1,1,v1,267,0.6771844660194175,267,0.6771844660194175,271,0.6723300970873787,^TWII,yfinance,2y,2026-09-11,scan_20260914_165629,False,False
True,0,-0.34999990463256836,-0.24999999999999997,True,False,賣出 (動能轉弱),10.449999809265137,2026-09-11 00:00:00,10.989999961853027,-0.007500028610230913,False,False,0.63576818112607,False,0.00022626466158765489,36.621488700297135,0.00023401477091347314,0.00023354793639658694,-0.3473998189764571,-1.8199695703719154,2.658399890587737,-0.3473998189764571,False,False,True,False,False,False,0.4722122325055973,False,-0.08733624599633771,中性,1909.TW,榮成,0,v1,phase6a,2026-07-12,0,0,0,0,0,0,v1,377,0.5436893203883495,377,0.5436893203883495,389,0.529126213592233,^TWII,yfinance,2y,2026-09-11,scan_20260914_165629,False,False
True,0,-1.1416660944620767,-1.1499993006388345,True,False,觀察 (跌勢收斂),31.899999618530273,2026-09-11 00:00:00,31.36500015258789,-0.015000057220461827,True,True,0.4740270711697674,False,0.0006907026555094879,47.910820104939354,0.0006828692777517735,0.0007346752995767366,0.12089619135642327,-1.9609862484205265,-8.623337057109271,0.12089619135642327,True,False,False,False,False,True,0.21537548350824695,False,-0.10014107385070814,中性,4131.TWO,浩泰,1,v1,phase6a,2026-07-12,0,1,2,1,1,1,v1,231,0.720873786407767,231,0.720873786407767,236,0.7148058252427184,^TWII,yfinance,2y,2026-09-11,scan_20260914_165629,False,False
True,0,-0.1916669209798177,-0.17500019073486328,True,False,賣出 (動能轉弱),11.899999618530273,2026-09-11 00:00:00,12.0375,-0.012500000000001066,False,False,0.4862843986679818,False,0.00025766023308370945,40.77226168357964,0.00026153253189690795,0.0002731656105942736,-0.1556120409086259,-1.7764448653025733,-6.066075280789629,-0.1556120409086259,False,False,False,False,False,False,0.12011321184457642,False,-0.10711330939241459,中性,1465.TW,偉全,0,v1,phase6a,2026-07-12,0,0,0,0,0,0,v1,333,0.5970873786407767,333,0.5970873786407767,347,0.5800970873786407,^TWII,yfinance,2y,2026-09-11,scan_20260914_165629,False,False
True,0,-0.5916668574015299,-0.7250003814697266,True,False,觀察 (跌勢收斂),23.950000762939453,2026-09-11 00:00:00,23.91249990463257,0.0,False,True,0.28290944068803575,False,0.0005185683173741272,30.22234608498211,0.0005152412958970198,0.0005512705011528395,0.06801686775164129,-1.1267175599897872,-2.8168875634382196,0.06801686775164129,True,False,False,False,False,False,0.2899814397938815,False,-0.09248256544588895,中性,6692.TWO,進能服,1,v1,phase6a,2026-07-12,0,1,2,1,1,1,v1,276,0.6662621359223301,276,0.6662621359223301,280,0.6614077669902912,^TWII,yfinance,2y,2026-09-11,scan_20260914_165629,False,False
True,0,-0.07500028610229492,-0.10833358764648438,True,False,觀察 (跌勢收斂),15.399999618530273,2026-09-11 00:00:00,15.729999923706055,-0.037499999999999645,False,False,1.1409088216386523,False,0.0003334426570082207,35.731058957069436,0.00034026094303838414,0.000351693956346312,-0.21048658133825393,-1.5907216013476333,-3.811298037602917,-0.21048658133825393,False,False,False,False,False,False,0.22486527032954534,False,-0.055004603233569704,中性,4432.TWO,銘旺實,1,v1,phase6a,2026-07-12,0,1,1,1,1,1,v1,233,0.7184466019417476,233,0.7184466019417476,238,0.712378640776699,^TWII,yfinance,2y,2026-09-11,scan_20260914_165629,False,False
True,0,-0.6333338419596353,-0.4500001271565755,True,False,賣出 (動能轉弱),24.799999237060547,2026-09-11 00:00:00,25.032499980926513,0.017499923706054688,False,False,0.7999774022958615,False,0.0005369725872887078,50.75130575136334,0.0005351571712951847,0.0005198368163463552,0.035721222213114245,-0.7692919901044148,4.048311095874801,0.035721222213114245,True,True,True,False,False,False,0.7071870718132337,False,-0.03689323351221174,中性,1904.TW,正隆,0,v1,phase6a,2026-07-12,1,1,1,1,0,1,v1,375,0.5461165048543689,375,0.5461165048543689,301,0.6359223300970874,^TWII,yfinance,2y,2026-09-11,scan_20260914_165629,False,False
True,1,0.08333333333333326,-0.4166666666666665,True,False,買入 (動能增強),123.0,2026-09-11 00:00:00,122.15,-0.22499999999999432,False,True,1.22613145582705,False,0.0026632108979185378,52.71226681371036,0.002702056932125958,0.0029633803165405297,-0.15110257354743473,-1.857579192149561,-13.297972764393384,-0.15110257354743473,False,False,False,False,False,True,0.08389410998514842,False,-0.33333333333333337,中性,2236.TW,百達-KY,2,v1,phase6a,2026-07-12,0,2,3,2,2,2,v1,73,0.912621359223301,73,0.912621359223301,88,0.8944174757281553,^TWII,yfinance,2y,2026-09-11,scan_20260914_165629,False,False
False,0,-1.6166661580403645,-0.6333325703938801,False,True,強烈賣出 (跌破),73.0,2026-09-11 00:00:00,79.16499977111816,-0.39500007629395384,False,False,2.6451191784580566,True,0.0015806048418540914,50.253613023890765,0.0017093327699492988,0.0017723614855824717,-0.7864902959603182,-2.5201448133702065,-5.370281828290768,-0.7864902959603182,False,False,False,False,False,False,0.0,False,-0.16188287854345307,中性,3032.TW,偉訓,0,v1,phase6a,2026-07-12,0,0,0,0,0,0,v1,471,0.42961165048543687,471,0.42961165048543687,480,0.4186893203883495,^TWII,yfinance,2y,2026-09-11,scan_20260914_165629,False,False
True,0,-2.583333333333333,-2.9999999999999996,True,False,觀察 (跌勢收斂),157.5,2026-09-11 00:00:00,157.325,-0.05000000000001137,True,True,1.6023798366288935,True,0.0034102090766030056,68.03819907294117,0.0034031524334756967,0.0034724807135989686,0.021831719890519352,-1.2286257056657979,-3.5149570270979758,0.021831719890519352,True,False,False,False,False,True,0.2676934735404416,False,-0.051204819277108404,中性,2480.TW,敦陽科,1,v1,phase6a,2026-07-12,0,1,2,1,1,1,v1,198,0.7609223300970874,198,0.7609223300970874,205,0.7524271844660194,^TWII,yfinance,2y,2026-09-11,scan_20260914_165629,False,False
True,1,0.19999949137369788,0.2916666666666667,True,False,觀望 (動能減弱),34.849998474121094,2026-09-11 00:00:00,34.78999996185303,0.0024999618530259227,False,True,0.7763500622059286,False,0.0007545763880384041,56.10159558013995,0.0007487493009805985,0.0007582074067167571,0.08198745252709916,-0.4691402629742769,2.4708458170528136,0.08198745252709916,True,False,False,False,False,False,0.7596946346071688,False,-0.02305724509465712,中性,1612.TW,宏泰,0,v1,phase6a,2026-07-12,0,0,2,0,0,0,v1,353,0.5728155339805825,353,0.5728155339805825,367,0.5558252427184466,^TWII,yfinance,2y,2026-09-11,scan_20260914_165629,False,False
True,0,0.3583323160807292,0.3999989827473958,True,False,觀望 (動能減弱),42.04999923706055,2026-09-11 00:00:00,42.04749984741211,0.014999961853028765,False,True,0.6535947712418301,False,0.0009104716766309418,30.886754125681378,0.0009149599797809495,0.0009434317666317857,-0.05160981261528308,-0.6442625689374815,-3.697163728759989,-0.05160981261528308,False,False,False,False,False,True,0.17861033324826012,False,-0.03444316937492664,中性,6754.TW,匯僑設計,2,v1,phase6a,2026-07-12,0,2,4,2,2,2,v1,142,0.8288834951456311,142,0.8288834951456311,147,0.8228155339805825,^TWII,yfinance,2y,2026-09-11,scan_20260914_165629,False,True
True,0,-0.3416668574015299,-0.26666688919067383,True,False,賣出 (動能轉弱),11.949999809265137,2026-09-11 00:00:00,12.507500076293946,-0.04749999046325648,False,False,1.3457068717860603,False,0.0002587428432695883,39.55572401045423,0.00027131108659011647,0.0002905834396778382,-0.4852559446126725,-2.6373349697989323,-7.938601013234415,-0.4852559446126725,False,False,False,False,False,False,0.0,False,-0.21639345513015495,中性,6120.TW,達運,0,v1,phase6a,2026-07-12,0,0,0,0,0,0,v1,641,0.22330097087378642,641,0.22330097087378642,644,0.2196601941747573,^TWII,yfinance,2y,2026-09-11,scan_20260914_165629,False,False
True,1,0.3083333969116211,0.5666666030883789,True,False,觀望 (動能減弱),25.5,2026-09-11 00:00:00,25.972500133514405,0.014999961853028765,False,False,0.09911920776829869,False,0.0005521290885928676,49.511490620057444,0.0005639086255810448,0.0005692071185163018,-0.21940270447816657,-1.0527418488369134,-2.4915142894785025,-0.21940270447816657,False,False,False,False,False,False,0.046836732931136035,False,-0.12321005074875768,中性,3516.TWO,亞帝歐,0,v1,phase6a,2026-07-12,0,0,1,0,0,0,v1,519,0.3713592233009709,519,0.3713592233009709,526,0.3628640776699029,^TWII,yfinance,2y,2026-09-11,scan_20260914_165629,False,False
True,0,-1.1852760314941406,-1.0307451883951821,True,False,賣出 (動能轉弱),95.0,2026-09-11 00:00:00,96.72359199523926,-0.10436897277831747,True,False,0.8397188212839253,False,0.0020569515065224477,42.67461107187516,0.002091284658358303,0.002179475544137412,-0.1725150732580616,-1.4750747271300768,-3.372107338130026,-0.1725150732580616,False,False,False,False,False,False,0.13604690725474086,False,-0.05458935873958404,中性,6752.TWO,叡揚,0,v1,phase6a,2026-07-12,0,0,0,0,0,0,v1,714,0.13470873786407767,714,0.13470873786407767,716,0.13228155339805825,^TWII,yfinance,2y,2026-09-11,scan_20260914_165629,False,False
True,1,-0.2583335240681966,-0.10833358764648438,True,False,賣出 (動能轉弱),23.600000381469727,2026-09-11 00:00:00,24.03499984741211,-0.04250001907348633,True,False,0.4676343052090817,False,0.0005109900667220473,26.228478064950455,0.0005224095334922241,0.0005787846757750708,-0.2295688585944755,-1.9055566841193028,-6.28622271892657,-0.2295688585944755,False,False,False,False,False,False,0.07100974924740173,False,-0.18055552060221358,中性,1587.TW,吉茂,0,v1,phase6a,2026-07-12,0,0,0,0,0,0,v1,350,0.5764563106796117,350,0.5764563106796117,364,0.5594660194174758,^TWII,yfinance,2y,2026-09-11,scan_20260914_165629,False,False
True,1,0.050000508626302086,0.008333841959635421,True,False,買入 (動能增強),31.100000381469727,2026-09-11 00:00:00,30.742499923706056,0.01750001907348775,False,True,2.0954824864746073,True,0.0006733809751317142,37.5965546197078,0.0006686452199161422,0.0006936999653580162,0.07460944348864906,-0.9728699449136013,-4.260340398513163,0.07460944348864906,True,False,False,False,False,True,0.20059822805733707,False,-0.01056971186272726,中性,1614.TW,三洋電,4,v1,phase6a,2026-07-12,0,4,6,4,4,4,v1,7,0.9927184466019418,7,0.9927184466019418,10,0.9890776699029126,^TWII,yfinance,2y,2026-09-11,scan_20260914_165629,False,True
True,0,-0.1916662851969401,0.09999974568684894,True,False,賣出 (動能轉弱),37.45000076293945,2026-09-11 00:00:00,38.37249984741211,-0.13500003814697692,False,False,0.5494149508479875,False,0.0008108719525115277,88.56747613276161,0.0008340825022447078,0.000885129600422669,-0.2920670230212252,-1.6960700354385572,-6.121507592641762,-0.2920670230212252,False,False,False,False,False,False,0.1497663149147721,False,-0.33299935605139797,中性,1809.TW,中釉,0,v1,phase6a,2026-07-12,0,0,0,0,0,0,v1,372,0.5497572815533981,372,0.5497572815533981,385,0.5339805825242718,^TWII,yfinance,2y,2026-09-11,scan_20260914_165629,False,False
True,1,-0.28333536783854163,-0.38333511352539057,True,False,觀察 (跌勢收斂),88.69999694824219,2026-09-11 00:00:00,89.15499992370606,-0.125,False,False,2.5106429429101627,True,0.0019205430773812978,25.962944899387583,0.0019382426698279157,0.002059769927854666,-0.09603161894347068,-1.291436767123999,-5.301248991929319,-0.09603161894347068,False,False,False,False,False,True,0.1377504319498831,False,-0.10943776800067961,中性,7757.TWO,金色三麥,1,v1,phase6a,2026-07-12,0,1,1,1,1,1,v1,285,0.6553398058252428,285,0.6553398058252428,289,0.6504854368932039,^TWII,yfinance,2y,2026-09-11,scan_20260914_165629,False,False
True,2,-0.016666730244954426,-0.016666730244954426,True,False,賣出 (動能轉弱),15.0,2026-09-11 00:00:00,15.035000085830688,-0.005000019073486683,False,False,1.6995617776521228,True,0.00032478181681933386,44.47672486534665,0.0003264109530330424,0.0003389006394282536,-0.052509872221362386,-1.2146288869124944,-4.2200145729677345,-0.052509872221362386,False,False,False,False,False,False,0.11655341892782728,False,-0.0625,中性,1432.TW,大魯閣,0,v1,phase6a,2026-07-12,0,0,0,0,0,0,v1,319,0.6140776699029126,319,0.6140776699029126,333,0.5970873786407767,^TWII,yfinance,2y,2026-09-11,scan_20260914_165629,False,False
True,0,-3.1003983815511065,-2.8416678110758458,True,False,賣出 (動能轉弱),56.5,2026-09-11 00:00:00,60.93940601348877,-0.5149997711181626,False,False,1.0936006970434966,False,0.0012233448433528241,182.37250688483698,0.0013156705363635817,0.0013072579097405535,-0.7332559556840423,-3.5003689439119468,-9.38797956114119,-0.7332559556840423,False,False,True,False,False,False,0.16848772251889216,False,-0.3102145799300785,中性,5328.TWO,華容,1,v1,phase6a,2026-07-12,0,1,1,1,1,1,v1,243,0.7063106796116505,243,0.7063106796116505,248,0.7002427184466019,^TWII,yfinance,2y,2026-09-11,scan_20260914_165629,True,False
True,0,-0.383332888285319,-0.04166634877522789,True,False,賣出 (動能轉弱),21.950000762939453,2026-09-11 00:00:00,23.12750005722046,-0.07999992370605469,True,False,0.5069065226812132,False,0.00047526407513154935,37.89984760750662,0.0004999176457037295,0.0005276843735959323,-0.516427224672733,-2.46273113448382,-4.554522009255713,-0.516427224672733,False,False,False,False,False,False,0.052697656232718756,False,-0.40190734859316146,中性,3550.TW,聯穎,0,v1,phase6a,2026-07-12,0,0,0,0,0,0,v1,526,0.3628640776699029,526,0.3628640776699029,533,0.35436893203883496,^TWII,yfinance,2y,2026-09-11,scan_20260914_165629,False,False
True,0,-0.6333335240681965,-0.4666668574015299,True,False,賣出 (動能轉弱),30.0,2026-09-11 00:00:00,30.589999866485595,-0.05500001907348562,False,False,0.4658284318792019,False,0.0006495636336386677,42.27535615251383,0.0006577496256688276,0.0006759399701082674,-0.13083337011799978,-1.4092010883206663,-0.7752422067383358,-0.13083337011799978,False,False,False,False,False,False,0.32897563450767714,False,-0.03536978675167923,中性,1603.TW,華電,0,v1,phase6a,2026-07-12,0,0,0,0,0,0,v1,352,0.5740291262135923,352,0.5740291262135923,366,0.5570388349514563,^TWII,yfinance,2y,2026-09-11,scan_20260914_165629,False,False
True,0,10.083333333333332,10.916666666666664,True,False,觀望 (動能減弱),349.0,2026-09-11 00:00:00,351.675,-2.4250000000000114,False,False,0.5392978470067051,False,0.007556590271329835,70.57701024168617,0.007643055075917036,0.007576006076608873,-0.11894108827843475,-0.8716876087347059,-2.3286335532622715,-0.11894108827843475,False,False,True,False,False,True,0.41351335290357377,False,-0.12201257861635217,中性,2376.TW,技嘉,0,v1,phase6a,2026-07-12,0,0,0,0,0,0,v1,414,0.4987864077669903,414,0.4987864077669903,425,0.4854368932038835,^TWII,yfinance,2y,2026-09-11,scan_20260914_165629,False,False
True,0,0.1783333619435628,0.19999996821085608,True,False,觀望 (動能減弱),8.119999885559082,2026-09-11 00:00:00,8.058500027656555,0.022000002861021883,False,True,0.4089493946531717,False,0.00017581522102697744,40.058150127933445,0.00017527767102306122,0.00018046575175499768,0.032293037309627515,-0.6639143141298987,-1.5470679605832705,0.032293037309627515,True,False,False,False,False,True,0.16457754422158694,False,-0.21923075159625827,中性,1314.TW,中石化,1,v1,phase6a,2026-07-12,0,1,3,1,1,1,v1,168,0.7973300970873787,168,0.7973300970873787,178,0.7851941747572816,^TWII,yfinance,2y,2026-09-11,scan_20260914_165629,True,False
True,0,-0.21666622161865234,-0.12499968210856119,True,False,賣出 (動能轉弱),20.25,2026-09-11 00:00:00,20.412500190734864,0.00500001907348846,False,False,0.673401404802221,False,0.0004384554527061007,29.638226578985428,0.00044231659365631535,0.00046318939544264117,-0.09180364751146808,-1.504306616128681,-3.7726699190344437,-0.09180364751146808,False,False,False,False,False,False,0.12714042434064218,False,-0.04705882352941182,中性,2642.TW,宅配通,0,v1,phase6a,2026-07-12,0,0,1,0,0,0,v1,448,0.4575242718446602,448,0.4575242718446602,457,0.44660194174757284,^TWII,yfinance,2y,2026-09-11,scan_20260914_165629,False,False
False,0,1.462801615397135,1.6956214904785154,False,True,強烈買入 (爆發),68.0999984741211,2026-09-11 00:00:00,68.05627670288087,0.0826263427734375,False,True,0.6373351228950085,False,0.0014745094153212608,15.886082390726704,0.0015049814583469308,0.001674169415783596,-0.21267781341975933,-1.809245875043064,-11.13621705503849,-0.21267781341975933,False,False,False,False,False,False,0.11198870661928707,False,-0.21426659346302768,中性,6873.TW,泓德能源,3,v1,phase6a,2026-07-12,0,3,5,3,3,3,v1,46,0.9453883495145631,46,0.9453883495145631,49,0.941747572815534,^TWII,yfinance,2y,2026-09-11,scan_20260914_165629,False,False
True,0,0.19166628519694007,-0.18333435058593747,True,False,買入 (動能增強),39.75,2026-09-11 00:00:00,41.46249980926514,-0.18250007629394105,False,False,0.7401166743245279,False,0.0008606718145712347,87.06364693169063,0.000900505649244942,0.0009921174495311849,-0.46347312102595906,-1.579688553610492,-7.186836188203605,-0.46347312102595906,False,False,False,False,False,False,0.012421210140448944,False,-0.43617021276595747,中性,5228.TWO,鈺鎧,2,v1,phase6a,2026-07-12,0,2,2,2,2,2,v1,115,0.8616504854368932,115,0.8616504854368932,125,0.8495145631067961,^TWII,yfinance,2y,2026-09-11,scan_20260914_165629,False,False
True,1,-0.05833371480305989,-0.03333346048990885,True,False,賣出 (動能轉弱),45.0,2026-09-11 00:00:00,44.667499732971194,-0.012499999999995737,True,True,0.8308566304955541,False,0.0009743454504580016,39.244726581654255,0.0009722122157599758,0.0010167354486738348,0.023102250058415486,-1.143253732617866,-5.353805608592033,0.023102250058415486,True,False,False,False,False,True,0.16032648293122237,False,-0.029710812781534646,中性,6201.TW,亞弘電,0,v1,phase6a,2026-07-12,0,0,1,0,0,0,v1,656,0.20509708737864077,656,0.20509708737864077,659,0.20145631067961164,^TWII,yfinance,2y,2026-09-11,scan_20260914_165629,False,False
False,0,-1.2833328247070312,-0.516665776570638,False,True,強烈賣出 (跌破),38.54999923706055,2026-09-11 00:00:00,41.39499988555908,-0.2225000381469755,False,False,0.7168394426928443,False,0.0008346892527064305,102.46083030168494,0.0008947465644439337,0.0010286802661891173,-0.7015918415566147,-3.1839162306932733,-6.652311161450264,-0.7015918415566147,False,False,False,False,False,False,0.044975093621629936,False,-0.3638613827107089,中性,2485.TW,兆赫,0,v1,phase6a,2026-07-12,0,0,0,0,0,0,v1,432,0.47694174757281554,432,0.47694174757281554,442,0.46480582524271846,^TWII,yfinance,2y,2026-09-11,scan_20260914_165629,False,False
True,0,8.416666666666666,6.333333333333332,True,False,買入 (動能增強),137.5,2026-09-11 00:00:00,122.8,0.9749999999999943,False,True,3.5036045029744542,True,0.002977166654177227,38.041713333155485,0.002678467217540211,0.0028550666859041415,1.1878257260032887,0.8716219875894105,2.921638943364613,1.1878257260032887,True,True,False,False,False,True,0.5659263859757401,False,-0.19117647058823528,偏強 (RS上升),6706.TW,惠特,2,v1,phase6a,2026-07-12,1,3,4,3,2,3,v1,140,0.8313106796116505,140,0.8313106796116505,65,0.9223300970873787,^TWII,yfinance,2y,2026-09-11,scan_20260914_165629,False,False
True,0,-0.2500003178914388,-0.2666670481363932,True,False,觀察 (跌勢收斂),13.550000190734863,2026-09-11 00:00:00,13.725,-0.040000009536743875,False,False,0.9572526981694163,False,0.0002933862453232793,16.538871373970235,0.00029919221670802977,0.0003246704502876199,-0.20385190445416645,-2.2475055346819595,-8.855242141245157,-0.20385190445416645,False,False,False,False,False,False,0.135492786243326,False,-0.20058999523106602,中性,3047.TW,訊舟,1,v1,phase6a,2026-07-12,0,1,1,1,1,1,v1,214,0.741504854368932,214,0.741504854368932,220,0.7342233009708737,^TWII,yfinance,2y,2026-09-11,scan_20260914_165629,False,False
True,0,-1.3000005086263022,-1.6666666666666667,True,False,觀察 (跌勢收斂),39.099998474121094,2026-09-11 00:00:00,39.79249992370605,0.13999996185302876,False,False,0.37481787695465923,False,0.000846597902803882,39.823964836178185,0.0008376847960432014,0.000813784825224947,0.11212735051717715,-0.9316618049612146,11.195010406385041,0.11212735051717715,True,True,True,False,False,False,0.567862571526085,False,-0.11538466517617296,中性,3631.TWO,晟楠,1,v1,phase6a,2026-07-12,1,2,2,2,1,2,v1,228,0.7245145631067961,228,0.7245145631067961,168,0.7973300970873787,^TWII,yfinance,2y,2026-09-11,scan_20260914_165629,False,False
True,0,-0.6749998728434243,-0.45833269755045564,True,False,賣出 (動能轉弱),37.79999923706055,2026-09-11 00:00:00,39.82749996185303,-0.27000007629394673,False,False,0.40551759118089475,False,0.0008184501618654638,56.4257427043633,0.0008512009890022344,0.0008428957539154819,-0.40337702716314316,-1.804778703982246,1.0938168944429005,-0.40337702716314316,False,False,True,False,False,False,0.39867012090592796,False,-0.125000033113691,中性,2324.TW,仁寶,1,v1,phase6a,2026-07-12,0,1,1,1,1,1,v1,184,0.7779126213592233,184,0.7779126213592233,193,0.7669902912621359,^TWII,yfinance,2y,2026-09-11,scan_20260914_165629,True,False
True,1,-0.1416667302449544,-0.10833326975504556,True,False,賣出 (動能轉弱),24.350000381469727,2026-09-11 00:00:00,24.51500005722046,-0.014999961853028765,True,False,0.9388330062930139,False,0.000527229157563014,48.63653606889448,0.0005300418258885231,0.0005349813941644433,-0.05582673841592056,-1.1423155216992553,-2.503112948618136,-0.05582673841592056,False,False,False,False,False,True,0.4975106258452888,False,-0.02794406694253304,中性,4106.TW,雃博,0,v1,phase6a,2026-07-12,0,0,0,0,0,0,v1,551,0.3325242718446602,551,0.3325242718446602,557,0.32524271844660196,^TWII,yfinance,2y,2026-09-11,scan_20260914_165629,False,False
True,0,2.4873860677083326,2.8125368754069004,True,False,觀望 (動能減弱),87.39999389648438,2026-09-11 00:00:00,88.25351333618164,0.0048770904541015625,False,False,0.8276617361982468,False,0.0018923952538465925,69.95288025459288,0.0019149180923543616,0.0020273862679291267,-0.1236550779848744,-0.3708836734693022,-1.0752795683329985,-0.1236550779848744,False,False,False,False,False,False,0.3038243003860617,False,-0.18173517521202354,中性,5243.TW,乙盛-KY,0,v1,phase6a,2026-07-12,0,0,1,0,0,0,v1,608,0.2633495145631068,608,0.2633495145631068,611,0.25970873786407767,^TWII,yfinance,2y,2026-09-11,scan_20260914_165629,False,False
False,0,-9.833333333333332,-5.583333333333333,False,True,強烈賣出 (跌破),162.0,2026-09-11 00:00:00,181.475,-1.0999999999999943,False,False,0.662039105909243,False,0.0035076436216488057,80.79786184511465,0.0038340867551382002,0.003955569323046169,-0.8882741743337697,-2.8997971460257843,4.094132436790954,-0.8882741743337697,False,False,False,False,False,False,0.23574191496022054,False,-0.2702702702702703,中性,6761.TWO,穩得,0,v1,phase6a,2026-07-12,0,0,0,0,0,0,v1,716,0.13228155339805825,716,0.13228155339805825,718,0.12985436893203883,^TWII,yfinance,2y,2026-09-11,scan_20260914_165629,False,False
False,0,-1.9166666666666665,-1.0,False,True,強烈賣出 (跌破),111.0,2026-09-11 00:00:00,115.725,-0.25,False,False,2.145465421959123,True,0.0024033854444630706,50.29805966368361,0.002501676882248308,0.002617289036913438,-0.4118778250141175,-1.961046954367851,-4.3605973315138495,-0.4118778250141175,False,False,False,False,False,False,0.0,False,-0.09756097560975607,中性,6192.TW,巨路,0,v1,phase6a,2026-07-12,0,0,0,0,0,0,v1,654,0.20752427184466019,654,0.20752427184466019,657,0.20388349514563106,^TWII,yfinance,2y,2026-09-11,scan_20260914_165629,False,False
True,0,0.5333340962727865,-0.16666666666666666,True,False,買入 (動能增強),82.30000305175781,2026-09-11 00:00:00,82.875,-0.17499999999999716,True,False,0.6831068636230248,False,0.0017819696343591082,70.07098456347627,0.0018073827047041901,0.0019662536748603354,-0.14778865561276833,-1.7986932449534199,-7.750139703486614,-0.14778865561276833,False,False,False,False,False,False,0.08448607131046829,False,-0.23291366452441187,中性,6191.TW,精成科,2,v1,phase6a,2026-07-12,0,2,2,2,2,2,v1,125,0.8495145631067961,125,0.8495145631067961,134,0.8385922330097088,^TWII,yfinance,2y,2026-09-11,scan_20260914_165629,False,False
False,0,-0.33333301544189453,-0.21666622161865232,False,True,強烈賣出 (跌破),22.799999237060547,2026-09-11 00:00:00,23.44999990463257,-0.035000038146971946,False,False,0.2625194428462358,False,0.00049366834504613,32.786299000043044,0.0005071448630748604,0.0005366093244954346,-0.27893881522335073,-1.9134042542799046,-4.055754853902737,-0.27893881522335073,False,False,False,False,False,False,0.08303990857934351,False,-0.11627907320596487,中性,5223.TWO,安力-KY,0,v1,phase6a,2026-07-12,0,0,0,0,0,0,v1,606,0.2657766990291262,606,0.2657766990291262,609,0.2621359223300971,^TWII,yfinance,2y,2026-09-11,scan_20260914_165629,False,False
True,0,-0.75,-1.0833333333333335,True,False,觀察 (跌勢收斂),112.0,2026-09-11 00:00:00,115.975,-0.6500000000000057,False,False,0.4465136606714701,False,0.0024250375655843594,91.25798874065596,0.0025316635386214486,0.0027548669080021946,-0.4413796287394911,-1.2192871917854453,-9.539162100966658,-0.4413796287394911,False,False,False,False,False,False,0.07967819328316655,False,-0.1939082572756875,中性,6877.TWO,鏵友益,1,v1,phase6a,2026-07-12,0,1,1,1,1,1,v1,280,0.6614077669902912,280,0.6614077669902912,284,0.6565533980582524,^TWII,yfinance,2y,2026-09-11,scan_20260914_165629,False,False
True,0,-0.6416670481363932,-0.35000038146972656,True,False,賣出 (動能轉弱),38.70000076293945,2026-09-11 00:00:00,39.70249996185303,-0.07499999999999574,False,False,0.7842228461738077,False,0.0008379371039131388,29.12781206045349,0.000856170391979331,0.0008898565260227535,-0.2236704989202698,-1.542314376744558,-2.145604348927188,-0.2236704989202698,False,False,False,False,False,False,0.18067999283739686,False,-0.03970219613924231,中性,3501.TW,維熹,0,v1,phase6a,2026-07-12,0,0,0,0,0,0,v1,516,0.375,516,0.375,523,0.36650485436893204,^TWII,yfinance,2y,2026-09-11,scan_20260914_165629,False,False
True,0,0.3750006357828776,0.4333337148030598,True,False,觀望 (動能減弱),19.700000762939453,2026-09-11 00:00:00,19.64000005722046,-0.014999961853028765,False,True,8.30885675040067,True,0.0004265468026086492,32.13821308299022,0.00042720107144219395,0.0004501654245447378,-0.01611871016096167,-0.6636671874314048,-2.0794321600196564,-0.01611871016096167,False,False,False,False,False,False,0.2551908511190589,False,-0.07728335311704981,中性,2939.TW,永邑-KY,0,v1,phase6a,2026-07-12,0,0,1,0,0,0,v1,463,0.4393203883495146,463,0.4393203883495146,472,0.42839805825242716,^TWII,yfinance,2y,2026-09-11,scan_20260914_165629,False,False
True,0,16.366666158040363,15.237220764160156,True,False,買入 (動能增強),147.0,2026-09-11 00:00:00,142.66624145507814,0.2122039794921875,False,True,0.5500078851654995,False,0.0031828618048294717,76.36919634703607,0.003126026069627122,0.003136992109178661,0.19175082770022112,0.7145833185680406,1.5714659111393692,0.19175082770022112,True,True,False,False,False,False,0.7888864511579349,False,-0.06180194205542655,偏強 (RS上升),1597.TW,直得,2,v1,phase6a,2026-07-12,0,2,4,2,2,2,v1,61,0.9271844660194175,61,0.9271844660194175,76,0.9089805825242718,^TWII,yfinance,2y,2026-09-11,scan_20260914_165629,False,False
True,0,-0.45826307932535804,-0.16664123535156247,True,False,賣出 (動能轉弱),22.329879760742188,2026-09-11 00:00:00,22.62566900253296,-0.058324432373048296,True,False,0.0,False,0.000483489261203408,20.351676916958837,0.0004970635420440528,0.0005665085311299835,-0.28663859832845917,-2.727003958928209,-12.60311860199982,-0.28663859832845917,False,False,False,False,False,False,0.08897316363196006,False,-0.2298851164471627,中性,8059.TWO,凱碩,0,v1,phase6a,2026-07-12,0,0,0,0,0,0,v1,768,0.0691747572815534,768,0.0691747572815534,770,0.06674757281553398,^TWII,yfinance,2y,2026-09-11,scan_20260914_165629,False,False
True,0,-0.14999961853027344,-0.049999872843424456,True,False,賣出 (動能轉弱),17.0,2026-09-11 00:00:00,17.092499828338624,0.019999980926513672,False,False,0.7246457785827892,False,0.0003680860590619117,58.70352986210457,0.000369150633013387,0.00037644216412813475,-0.03034707213558363,-1.181883384631277,-0.8409294399303491,-0.03034707213558363,False,False,False,False,False,False,0.4349150196515058,False,-0.05292483134044634,中性,2032.TW,新鋼,0,v1,phase6a,2026-07-12,0,0,1,0,0,0,v1,389,0.529126213592233,389,0.529126213592233,400,0.5157766990291263,^TWII,yfinance,2y,2026-09-11,scan_20260914_165629,False,False
True,1,-0.10833342870076496,-0.07500012715657552,True,False,賣出 (動能轉弱),13.800000190734863,2026-09-11 00:00:00,13.997499990463258,-0.01249999999999929,False,False,3.4790034236556417,True,0.0002987992756036015,28.741555916926075,0.0003032003323531242,0.00031341733819641247,-0.15255998060476061,-1.4401373707735865,-3.658283223094505,-0.15255998060476061,False,False,False,False,False,False,0.2657825289865399,False,-0.06709813787737773,中性,4401.TWO,東隆興,0,v1,phase6a,2026-07-12,0,0,0,0,0,0,v1,561,0.32038834951456313,561,0.32038834951456313,567,0.3131067961165049,^TWII,yfinance,2y,2026-09-11,scan_20260914_165629,False,False
False,0,-0.3249998092651367,-0.125,False,True,強烈賣出 (跌破),18.700000762939453,2026-09-11 00:00:00,19.560000038146974,-0.07999992370605469,False,False,1.128687188032673,False,0.0004048946814873603,29.440870011054084,0.0004250332919843042,0.00046086045317505385,-0.4962748741890066,-2.6507386869718763,-7.8626539229668335,-0.4962748741890066,False,False,False,False,False,False,0.007175479713562015,False,-0.33570156247427363,中性,3511.TWO,矽瑪,0,v1,phase6a,2026-07-12,0,0,0,0,0,0,v1,517,0.3737864077669903,517,0.3737864077669903,524,0.36529126213592233,^TWII,yfinance,2y,2026-09-11,scan_20260914_165629,False,False
True,0,0.2927452723185221,0.3186833063761393,True,False,觀望 (動能減弱),24.899999618530273,2026-09-11 00:00:00,24.704624080657958,0.04176359176635458,False,True,1.0855296374835908,False,0.0005391378076604655,21.705231570996936,0.0005370597327834186,0.0005639897270859245,0.04074665101305719,-0.5987015873025081,-2.8776450886264127,0.04074665101305719,True,False,False,False,False,True,0.2049451745804261,False,-0.0758286840199659,中性,6971.TWO,惠民實業,0,v1,phase6a,2026-07-12,0,0,2,0,0,0,v1,741,0.10194174757281553,741,0.10194174757281553,743,0.09951456310679611,^TWII,yfinance,2y,2026-09-11,scan_20260914_165629,False,False
True,0,1.3071734110514324,1.4511502583821616,True,False,觀望 (動能減弱),80.0999984741211,2026-09-11 00:00:00,80.66378593444824,-0.05633659362793253,False,False,1.0050144110518262,False,0.001734334868776728,104.33696293358581,0.0017516305880251142,0.0017731989831059024,-0.10382963817160418,-0.894926997046952,-2.056846129973877,-0.10382963817160418,False,False,False,False,False,False,0.5205367695821898,False,-0.044784515614363585,中性,3706.TW,神達,2,v1,phase6a,2026-07-12,0,2,2,2,2,2,v1,105,0.8737864077669902,105,0.8737864077669902,117,0.8592233009708737,^TWII,yfinance,2y,2026-09-11,scan_20260914_165629,False,True
True,0,-1.7333348592122397,-1.4166679382324219,True,False,賣出 (動能轉弱),37.099998474121094,2026-09-11 00:00:00,39.77000007629395,-0.14999999999999858,True,False,0.5738508164446726,False,0.0008032936605613042,52.375311179258624,0.000857200943645658,0.0009136352143852006,-0.6576211220270967,-2.609947139810498,-6.36732599723816,-0.6576211220270967,False,False,False,False,False,False,0.0,False,-0.3677123482309772,中性,8182.TWO,加高,0,v1,phase6a,2026-07-12,0,0,0,0,0,0,v1,779,0.055825242718446605,779,0.055825242718446605,781,0.05339805825242718,^TWII,yfinance,2y,2026-09-11,scan_20260914_165629,False,False
True,0,-0.005013147989908852,0.11607869466145834,True,False,賣出 (動能轉弱),53.29999923706055,2026-09-11 00:00:00,54.30566329956055,-0.10942459106445312,False,False,0.888541914011591,False,0.001154058039245442,37.35582705698012,0.001175237771301394,0.0012204334942030148,-0.18934246727215776,-1.394436257048537,-2.8820259501875722,-0.18934246727215776,False,False,False,False,False,False,0.10020889685646442,False,-0.12322758598532102,中性,2420.TW,新巨,0,v1,phase6a,2026-07-12,0,0,0,0,0,0,v1,420,0.49150485436893204,420,0.49150485436893204,430,0.47936893203883496,^TWII,yfinance,2y,2026-09-11,scan_20260914_165629,False,False
True,1,-0.44166755676269526,-0.5083338419596354,True,False,觀察 (跌勢收斂),34.599998474121094,2026-09-11 00:00:00,34.56749992370605,-0.01750011444092081,True,True,1.1589046612594107,False,0.0007491633577580819,43.98892224924972,0.0007475448967126071,0.000776369788377562,0.022795039594281086,-1.4969301514179079,-3.4217789973771784,0.022795039594281086,True,False,False,False,False,False,0.2544556916161375,False,-0.010014371421402046,中性,5902.TWO,德記,1,v1,phase6a,2026-07-12,0,1,2,1,1,1,v1,252,0.6953883495145631,252,0.6953883495145631,257,0.6893203883495146,^TWII,yfinance,2y,2026-09-11,scan_20260914_165629,False,False
True,0,-0.3000001907348633,-0.34166685740152986,True,False,觀察 (跌勢收斂),25.700000762939453,2026-09-11 00:00:00,25.86500005722046,-0.06999998092651438,True,False,0.28674040674126694,False,0.0005564595293363828,45.54697961425551,0.0005603686910399378,0.0005745131551719327,-0.07337825390983932,-1.5185460182544075,-5.229640639391631,-0.07337825390983932,False,False,False,False,False,False,0.2831331904257511,False,-0.05514705727669611,中性,6606.TW,建德工業,1,v1,phase6a,2026-07-12,0,1,1,1,1,1,v1,272,0.6711165048543689,272,0.6711165048543689,276,0.6662621359223301,^TWII,yfinance,2y,2026-09-11,scan_20260914_165629,False,False
True,0,6.5,8.499999999999998,True,False,觀望 (動能減弱),300.0,2026-09-11 00:00:00,303.0,-0.35000000000002274,True,False,0.7082282044271532,False,0.006495636336386677,95.5710138273549,0.006606163082260034,0.006700441227509048,-0.17580462901234384,-1.589641016621235,-4.669639852943108,-0.17580462901234384,False,False,False,False,False,False,0.06890023771203099,False,-0.19463087248322153,中性,6197.TW,佳必琪,1,v1,phase6a,2026-07-12,0,1,1,1,1,1,v1,260,0.6856796116504854,260,0.6856796116504854,265,0.6796116504854369,^TWII,yfinance,2y,2026-09-11,scan_20260914_165629,True,False
True,1,-0.07500012715657552,0.1249993642171224,True,False,賣出 (動能轉弱),50.0,2026-09-11 00:00:00,50.36749973297119,-0.02499999999999858,True,False,0.6199427496347729,False,0.0010826060560644461,46.69692926450297,0.0010926432252199943,0.0011269418940664045,-0.09660275619081116,-1.388098122749104,-3.7869758019755784,-0.09660275619081116,False,False,False,False,False,False,0.12892677394829538,False,-0.04761904761904767,中性,8432.TWO,東生華,0,v1,phase6a,2026-07-12,0,0,0,0,0,0,v1,791,0.0412621359223301,791,0.0412621359223301,792,0.04004854368932039,^TWII,yfinance,2y,2026-09-11,scan_20260914_165629,False,False
True,1,-2.583333333333333,-3.7499999999999996,True,False,觀察 (跌勢收斂),128.5,2026-09-11 00:00:00,127.125,-0.375,True,True,0.9624888043381064,False,0.0027822975640856267,54.31590705288472,0.00276417928519303,0.002839199360459711,0.0690441485932558,-1.5483961177241823,-7.6195934373064045,0.0690441485932558,True,False,False,False,False,True,0.49177943609770486,False,-0.11379310344827587,中性,1736.TW,喬山,2,v1,phase6a,2026-07-12,0,2,3,2,2,2,v1,64,0.9235436893203883,64,0.9235436893203883,79,0.9053398058252428,^TWII,yfinance,2y,2026-09-11,scan_20260914_165629,True,False
True,0,-0.24166663487752277,-0.1916667620340983,True,False,賣出 (動能轉弱),14.550000190734863,2026-09-11 00:00:00,14.899999952316284,-0.01749997138977122,False,False,0.5307431030656259,False,0.0003150383664445682,23.73659839481208,0.0003221683261399296,0.00033863618588560944,-0.23241816863553977,-1.7667105350158252,-4.077889227979714,-0.23241816863553977,False,False,False,False,False,False,0.11450850766357164,False,-0.07028750508677095,中性,2734.TWO,易飛網,0,v1,phase6a,2026-07-12,0,0,0,0,0,0,v1,455,0.44902912621359226,455,0.44902912621359226,464,0.4381067961165049,^TWII,yfinance,2y,2026-09-11,scan_20260914_165629,False,False
True,0,-3.6666666666666665,-3.9166666666666665,True,False,觀察 (跌勢收斂),201.0,2026-09-11 00:00:00,211.9,-1.375,True,False,0.619880386284475,False,0.004352076345379073,76.92922299498846,0.004596634813788475,0.0049669119443196425,-0.556921085429285,-2.6048133284649166,-8.27704025447742,-0.556921085429285,False,False,False,False,False,False,0.0,False,-0.4099287160968742,中性,3357.TWO,臺慶科,1,v1,phase6a,2026-07-12,0,1,1,1,1,1,v1,221,0.7330097087378641,221,0.7330097087378641,227,0.7257281553398058,^TWII,yfinance,2y,2026-09-11,scan_20260914_165629,False,False
True,0,0.4333337148030599,0.5333328247070312,True,False,觀望 (動能減弱),62.900001525878906,2026-09-11 00:00:00,62.56000022888183,0.10500011444091228,False,True,0.9385668865781024,False,0.0013619184515675882,45.22286064456293,0.00135653431916958,0.0013935312195758652,0.04179677980133967,-0.7088197566630483,-1.8258327525415785,0.04179677980133967,True,False,False,False,False,False,0.392691920629367,False,-0.01718747615814209,中性,2643.TWO,捷迅,2,v1,phase6a,2026-07-12,0,2,4,2,2,2,v1,84,0.8992718446601942,84,0.8992718446601942,99,0.8810679611650486,^TWII,yfinance,2y,2026-09-11,scan_20260914_165629,False,True
False,0,-0.20833333333333331,-0.10833326975504556,False,True,強烈賣出 (跌破),12.550000190734863,2026-09-11 00:00:00,12.797499895095825,-0.009999990463256836,True,False,0.6561470928840841,False,0.00027173412420199036,36.13903334205799,0.00027838778762167155,0.00029847414283102464,-0.25095496343732204,-2.001447869591455,-6.786524533362814,-0.25095496343732204,False,False,False,False,False,False,0.06243534349163151,False,-0.11307416755687505,中性,2904.TW,匯僑,0,v1,phase6a,2026-07-12,0,0,0,0,0,0,v1,457,0.44660194174757284,457,0.44660194174757284,466,0.4356796116504854,^TWII,yfinance,2y,2026-09-11,scan_20260914_165629,False,False
True,0,-1.8745752970377603,-0.5459874471028645,True,False,賣出 (動能轉弱),106.0,2026-09-11 00:00:00,113.59308433532715,-0.31884765625,False,False,0.5200692509863417,False,0.002295124838856626,48.95703331327604,0.0024612094229625237,0.0027236862992953935,-0.7053150502243422,-2.9581937461293895,-7.217549150121105,-0.7053150502243422,False,False,False,False,False,False,0.0,False,-0.35026614353615537,中性,8086.TWO,宏捷科,0,v1,phase6a,2026-07-12,0,0,0,0,0,0,v1,771,0.06553398058252427,771,0.06553398058252427,773,0.06310679611650485,^TWII,yfinance,2y,2026-09-11,scan_20260914_165629,False,False
True,0,-4.166666666666666,-4.333333333333333,True,False,觀察 (跌勢收斂),112.5,2026-09-11 00:00:00,117.9,-0.8499999999999943,True,False,0.4378863840577607,False,0.002435863626145004,79.12414471029776,0.0025843538361766047,0.0027376850560278934,-0.6011785500310896,-3.7058036775418968,-15.448836259308852,-0.6011785500310896,False,False,False,False,False,False,0.02766551332221704,False,-0.32432432432432434,中性,6166.TW,凌華,1,v1,phase6a,2026-07-12,0,1,1,1,1,1,v1,258,0.6881067961165048,258,0.6881067961165048,263,0.6820388349514563,^TWII,yfinance,2y,2026-09-11,scan_20260914_165629,False,False
True,0,-0.22500006357828772,-0.24166663487752277,True,False,觀察 (跌勢收斂),11.0,2026-09-11 00:00:00,11.165000009536744,-0.005000019073484907,True,False,0.6927428689895092,False,0.00023817333233417816,19.05068627242659,0.0002418640808038929,0.0002568482983550992,-0.16036974214534983,-1.866392867494615,-5.408483758845173,-0.16036974214534983,False,False,False,False,False,False,0.12145136557549635,False,-0.14062501280568518,中性,4109.TWO,加捷生醫,1,v1,phase6a,2026-07-12,0,1,1,1,1,1,v1,230,0.7220873786407767,230,0.7220873786407767,235,0.7160194174757282,^TWII,yfinance,2y,2026-09-11,scan_20260914_165629,False,False
True,0,-1.741666793823242,-1.0750001271565754,True,False,賣出 (動能轉弱),46.5,2026-09-11 00:00:00,49.47249984741211,-0.05499992370605611,True,False,1.312915750134937,False,0.001006823632139935,71.22390534675056,0.0010526762651185784,0.0010177970158969255,-0.4564141749893613,-1.4948046479887123,3.863595234752548,-0.4564141749893613,False,False,True,False,False,False,0.5888780857012138,False,-0.08823529411764708,中性,2027.TW,大成鋼,1,v1,phase6a,2026-07-12,0,1,1,1,1,1,v1,181,0.7815533980582524,181,0.7815533980582524,190,0.7706310679611651,^TWII,yfinance,2y,2026-09-11,scan_20260914_165629,True,False
True,1,0.40000025431315106,0.40000009536743164,True,False,買入 (動能增強),14.350000381469727,2026-09-11 00:00:00,13.92999997138977,0.025000000000000355,False,True,2.908891797780687,True,0.0003107079463501248,36.01587995368867,0.00030415329019134615,0.0003124840824347923,0.22736315930034223,-0.5180239819914334,-3.040073544735278,0.22736315930034223,True,False,False,False,False,True,0.37471273045459397,False,-0.08012820316881519,中性,1456.TW,怡華,4,v1,phase6a,2026-07-12,0,4,6,4,4,4,v1,5,0.9951456310679612,5,0.9951456310679612,8,0.991504854368932,^TWII,yfinance,2y,2026-09-11,scan_20260914_165629,False,True
True,1,0.033333142598470054,0.0666664441426595,True,False,觀望 (動能減弱),12.0,2026-09-11 00:00:00,11.977500009536744,-0.0025000095367424535,False,True,0.7089355063013455,False,0.00025982545345546706,47.43564670228268,0.0002605865654324505,0.0002737673439734,-0.030735439391693653,-1.2802919542691416,-4.265494795384262,-0.030735439391693653,False,False,False,False,False,True,0.18945675729721986,False,-0.11879716898217174,中性,2515.TW,中工,0,v1,phase6a,2026-07-12,0,0,1,0,0,0,v1,437,0.470873786407767,437,0.470873786407767,447,0.4587378640776699,^TWII,yfinance,2y,2026-09-11,scan_20260914_165629,False,False
True,0,-0.9166666666666666,0.41666666666666663,True,False,賣出 (動能轉弱),112.0,2026-09-11 00:00:00,116.25,-0.29999999999999716,False,False,1.6529065741809603,True,0.0024250375655843594,42.36371477301524,0.002522119500322484,0.0027306065236718186,-0.40354598780174555,-2.3451200848602416,-5.526198735677445,-0.40354598780174555,False,False,False,False,False,False,0.01319439976605297,False,-0.2222222222222222,中性,4755.TW,三福化,0,v1,phase6a,2026-07-12,0,0,0,0,0,0,v1,584,0.2924757281553398,584,0.2924757281553398,588,0.28762135922330095,^TWII,yfinance,2y,2026-09-11,scan_20260914_165629,False,False
True,0,-0.6333338419596354,-0.4666668574015299,True,False,賣出 (動能轉弱),30.299999237060547,2026-09-11 00:00:00,31.04749984741211,-0.07000007629394744,False,False,0.5506475128431271,False,0.0006560592534557969,37.673975062900624,0.0006764187128421402,0.0007477734286525327,-0.31582988378601184,-2.435213100671807,-8.52166338661574,-0.31582988378601184,False,False,False,False,False,False,0.04596589292999583,False,-0.24813896251402,中性,6560.TWO,欣普羅,0,v1,phase6a,2026-07-12,0,0,0,0,0,0,v1,690,0.1638349514563107,690,0.1638349514563107,693,0.16019417475728157,^TWII,yfinance,2y,2026-09-11,scan_20260914_165629,False,False
True,1,0.7333329518636067,1.1749998728434246,True,False,觀望 (動能減弱),39.900001525878906,2026-09-11 00:00:00,40.88500003814697,-0.022499847412113638,False,False,0.6499821856734297,False,0.000863919665777943,47.4906985190641,0.0008886715393166329,0.0009676159165385634,-0.29232891383962345,-1.225730962395799,-2.710175028699502,-0.29232891383962345,False,False,False,False,False,False,0.1443899297442113,False,-0.17476726401066944,中性,3701.TW,大眾控,0,v1,phase6a,2026-07-12,0,0,0,0,0,0,v1,544,0.34101941747572817,544,0.34101941747572817,550,0.3337378640776699,^TWII,yfinance,2y,2026-09-11,scan_20260914_165629,False,False
True,0,-0.38333320617675776,0.01666704813639322,True,False,賣出 (動能轉弱),50.599998474121094,2026-09-11 00:00:00,51.94999961853027,-0.08000011444092081,False,False,0.5824343918312044,False,0.0010955972956987047,30.306511679371138,0.0011250545061942438,0.001184438911568767,-0.27485214980563777,-1.8717787831345811,-3.8955905001455626,-0.27485214980563777,False,False,False,False,False,False,0.0607550754969198,False,-0.12004427745239865,中性,4588.TW,玖鼎電力,0,v1,phase6a,2026-07-12,0,0,0,0,0,0,v1,575,0.30339805825242716,575,0.30339805825242716,580,0.2973300970873786,^TWII,yfinance,2y,2026-09-11,scan_20260914_165629,False,False
True,0,-1.3920574188232422,-0.9090067545572916,True,False,賣出 (動能轉弱),44.650001525878906,2026-09-11 00:00:00,46.6297082901001,-0.18005142211914205,True,False,1.1419754434855534,False,0.0009667672411040653,66.96629866810613,0.0010213050087433276,0.001116013339261793,-0.5589641181269589,-3.138464340929026,-12.347072073140254,-0.5589641181269589,False,False,False,False,False,False,0.014879645772864507,False,-0.22198287737908073,中性,3209.TW,全科,0,v1,phase6a,2026-07-12,0,0,0,0,0,0,v1,492,0.404126213592233,492,0.404126213592233,501,0.3932038834951456,^TWII,yfinance,2y,2026-09-11,scan_20260914_165629,False,False
True,0,0.28333409627278644,0.40833409627278644,True,False,觀望 (動能減弱),49.400001525878906,2026-09-11 00:00:00,49.119999694824216,0.020000076293939628,False,True,0.5889088827089809,False,0.0010696148164301878,47.295215639786775,0.001067646574095357,0.0010934554471128846,0.019409383377921863,-0.8397169508727154,-3.4435567160165492,0.019409383377921863,True,False,False,False,False,True,0.2855726034108079,False,-0.008032082676900254,中性,9926.TW,新海,0,v1,phase6a,2026-07-12,0,0,2,0,0,0,v1,815,0.012135922330097087,815,0.012135922330097087,815,0.012135922330097087,^TWII,yfinance,2y,2026-09-11,scan_20260914_165629,False,False
True,1,-0.02499993642171224,0.00833352406819662,True,False,賣出 (動能轉弱),21.350000381469727,2026-09-11 00:00:00,21.435000038146974,-0.0024999618530259227,False,False,1.0742703155441453,False,0.00046227279419914726,48.94556789132422,0.00046363468575311395,0.0004692747076384549,-0.030910692715835353,-1.01121042880431,-1.8412883995662654,-0.030910692715835353,False,False,False,False,False,False,0.4629829433567023,False,-0.013856777937482079,中性,9905.TW,大華,0,v1,phase6a,2026-07-12,0,0,0,0,0,0,v1,810,0.01820388349514563,810,0.01820388349514563,810,0.01820388349514563,^TWII,yfinance,2y,2026-09-11,scan_20260914_165629,False,False
True,0,-0.6916681925455729,-0.6416676839192709,True,False,賣出 (動能轉弱),31.75,2026-09-11 00:00:00,32.087499904632566,-0.027499961853031607,False,False,0.16141028278448563,False,0.0006874548456009234,21.477793618957314,0.0006958868409175598,0.0007412744463118992,-0.12738390355703233,-1.7469887408542162,-5.559750285546339,-0.12738390355703233,False,False,False,False,False,False,0.14962809486654036,False,-0.08369412404536247,中性,6593.TWO,台灣銘板,0,v1,phase6a,2026-07-12,0,0,0,0,0,0,v1,694,0.15898058252427186,694,0.15898058252427186,697,0.1553398058252427,^TWII,yfinance,2y,2026-09-11,scan_20260914_165629,False,False
True,0,-0.1699995994567871,-0.10666624704996744,True,False,賣出 (動能轉弱),8.770000457763672,2026-09-11 00:00:00,9.046499872207642,0.004500007629394176,False,False,0.5586231626980769,False,0.00018988911214525833,34.14890894325681,0.0001951372421088335,0.00020242545348579235,-0.28230141820633214,-1.9100305091802605,-2.41710799897632,-0.28230141820633214,False,False,False,False,False,False,0.04328277458448144,False,-0.08071273660045097,中性,2017.TW,官田鋼,0,v1,phase6a,2026-07-12,0,0,1,0,0,0,v1,385,0.5339805825242718,385,0.5339805825242718,396,0.5206310679611651,^TWII,yfinance,2y,2026-09-11,scan_20260914_165629,False,False
True,0,0.9381866455078125,1.620136260986328,True,False,觀望 (動能減弱),90.5999984741211,2026-09-11 00:00:00,91.8511302947998,0.03747138977050213,False,False,0.44391688702382004,False,0.0019616821405502617,140.1764724614142,0.001980741300915693,0.0019923053564753082,-0.10118420919607019,-0.3228092076735689,1.6163766051170647,-0.10118420919607019,False,False,False,False,False,False,0.3850929759595249,False,-0.1590671555994323,中性,8932.TWO,智通*,3,v1,phase6a,2026-07-12,0,3,4,3,3,3,v1,54,0.9356796116504854,54,0.9356796116504854,57,0.9320388349514563,^TWII,yfinance,2y,2026-09-11,scan_20260914_165629,True,True
True,1,0.6666653951009115,0.5666656494140625,True,False,買入 (動能增強),86.0,2026-09-11 00:00:00,85.3799991607666,0.020000076293939628,False,True,1.1034952117057995,False,0.0018620824164308474,41.00024207941008,0.0018565110547876722,0.0019272911900548328,0.03159929674423356,-0.9419769134584088,-3.863813885587908,0.03159929674423356,True,False,False,False,False,True,0.18635022055750117,False,-0.029345355743775947,中性,8446.TWO,華研,2,v1,phase6a,2026-07-12,0,2,4,2,2,2,v1,155,0.8131067961165048,155,0.8131067961165048,158,0.8094660194174758,^TWII,yfinance,2y,2026-09-11,scan_20260914_165629,False,False
True,0,-0.6583328247070311,-0.47499942779541005,True,False,賣出 (動能轉弱),17.350000381469727,2026-09-11 00:00:00,17.89250020980835,-0.047499942779541726,True,False,0.6979270621277367,False,0.00037566430971399154,23.86797898479409,0.00038861392034703567,0.0004197051653707103,-0.34953773646099195,-3.1038802595794057,-9.690765048190485,-0.34953773646099195,False,False,False,False,False,False,0.052609238657787175,False,-0.35381749962865305,中性,3321.TW,同泰,0,v1,phase6a,2026-07-12,0,0,0,0,0,0,v1,507,0.3859223300970874,507,0.3859223300970874,516,0.375,^TWII,yfinance,2y,2026-09-11,scan_20260914_165629,False,False
True,0,-0.2583341598510742,-0.26666736602783203,True,False,觀察 (跌勢收斂),20.549999237060547,2026-09-11 00:00:00,20.932499885559082,-0.040000057220460405,True,False,2.7246204816298274,True,0.00044495107252322995,22.846731372022063,0.00045265745340352694,0.00047105653117064477,-0.17888733541149282,-1.630975764206677,-4.19311000288527,-0.17888733541149282,False,False,False,False,False,False,0.3556589254627779,False,-0.04418608199718388,中性,8426.TWO,紅木-KY,1,v1,phase6a,2026-07-12,0,1,1,1,1,1,v1,295,0.6432038834951457,295,0.6432038834951457,299,0.6383495145631068,^TWII,yfinance,2y,2026-09-11,scan_20260914_165629,False,False
True,1,-0.09999990463256835,-0.058333396911621094,True,False,賣出 (動能轉弱),13.350000381469727,2026-09-11 00:00:00,13.415000009536744,-0.0024999618530259227,True,False,1.3956159757442796,False,0.00028905582522883587,31.76415900552241,0.0002906948157219939,0.000302488605118746,-0.05931408952759565,-1.3385200144801823,-3.4365337677280006,-0.05931408952759565,False,False,False,False,False,False,0.19045134627115154,False,-0.01790441130558862,中性,2616.TW,山隆,0,v1,phase6a,2026-07-12,0,0,0,0,0,0,v1,443,0.46359223300970875,443,0.46359223300970875,452,0.4526699029126214,^TWII,yfinance,2y,2026-09-11,scan_20260914_165629,False,False
True,0,-0.3333336512247721,-0.3250004450480143,True,False,賣出 (動能轉弱),17.200000762939453,2026-09-11 00:00:00,17.425,-0.029999923706053977,True,False,1.7371328157256076,True,0.00037241649980542695,36.763136591552275,0.0003777095167176926,0.00039515190942525635,-0.14729282533916255,-1.871499442346991,-5.753112072022104,-0.14729282533916255,False,False,False,False,False,False,0.10809773457083231,False,-0.04972373478244052,中性,1463.TW,強盛新,0,v1,phase6a,2026-07-12,0,0,0,0,0,0,v1,332,0.5983009708737864,332,0.5983009708737864,346,0.5813106796116505,^TWII,yfinance,2y,2026-09-11,scan_20260914_165629,False,False
True,1,0.3083335558573404,0.33333349227905273,True,False,觀望 (動能減弱),13.949999809265137,2026-09-11 00:00:00,14.15750002861023,0.007499980926514382,False,False,0.16640113860138883,False,0.00030204708551216614,22.221390021108917,0.00030816208429116124,0.00033297899612394797,-0.20844302403757453,-1.0893646547482372,-3.893275412967745,-0.20844302403757453,False,False,False,False,False,False,0.055496473024589474,False,-0.16216215442192727,中性,3272.TWO,東碩,0,v1,phase6a,2026-07-12,0,0,1,0,0,0,v1,499,0.39563106796116504,499,0.39563106796116504,508,0.38470873786407767,^TWII,yfinance,2y,2026-09-11,scan_20260914_165629,False,False
True,0,-0.10499989986419678,-0.08333325386047363,True,False,賣出 (動能轉弱),2.940000057220459,2026-09-11 00:00:00,3.0384999752044677,-0.008499991893768488,False,False,0.6703611011798356,False,6.365723733553374e-05,19.34514217335524,6.58820138255283e-05,6.964342118172948e-05,-0.3542051660961443,-2.5803239098007635,-7.556445997461337,-0.3542051660961443,False,False,False,False,False,False,0.05639926607730759,False,-0.1428571428571429,中性,9110.TW,越南控-DR,0,v1,phase6a,2026-07-12,0,0,0,0,0,0,v1,806,0.023058252427184466,806,0.023058252427184466,806,0.023058252427184466,^TWII,yfinance,2y,2026-09-11,scan_20260914_165629,False,False
True,0,-0.8166669209798176,-0.7166665395100911,True,False,賣出 (動能轉弱),51.599998474121094,2026-09-11 00:00:00,53.24000015258789,-0.18000011444092223,True,False,0.8531579008763207,False,0.0011172494168199935,44.43654126675075,0.0011580964222938138,0.001228391403689429,-0.36989841591237305,-2.422129800062922,-8.40818870852199,-0.36989841591237305,False,False,False,False,False,False,0.018970447772499358,False,-0.3101604763516318,中性,3015.TW,全漢,0,v1,phase6a,2026-07-12,0,0,0,0,0,0,v1,469,0.4320388349514563,469,0.4320388349514563,478,0.4211165048543689,^TWII,yfinance,2y,2026-09-11,scan_20260914_165629,False,False
True,0,-0.9833329518636067,-0.9333330790201824,True,False,賣出 (動能轉弱),49.70000076293945,2026-09-11 00:00:00,50.66000061035156,-0.2049999237060547,False,False,0.7866509858566753,False,0.001076110436247317,60.46859521114505,0.0011092393127642268,0.0012244316471172246,-0.313396864591009,-2.7987786709334106,-11.954494465876564,-0.313396864591009,False,False,False,False,False,False,0.06914177782006688,False,-0.24079308673410815,中性,3694.TW,海華,0,v1,phase6a,2026-07-12,0,0,0,0,0,0,v1,543,0.3422330097087379,543,0.3422330097087379,549,0.33495145631067963,^TWII,yfinance,2y,2026-09-11,scan_20260914_165629,False,False
True,0,-0.8583332697550454,-0.5333334604899088,True,False,賣出 (動能轉弱),18.25,2026-09-11 00:00:00,19.594999980926513,-0.035000038146971946,True,False,0.05854014846324794,False,0.00039515121046352286,43.170427957979996,0.0004173351280443316,0.000430184791307843,-0.556424732830707,-2.4171394385912426,1.069586796749733,-0.556424732830707,False,False,False,False,False,False,0.20181019091651972,False,-0.1009851878870015,中性,6431.TW,光麗-KY,1,v1,phase6a,2026-07-12,0,1,1,1,1,1,v1,265,0.6796116504854369,265,0.6796116504854369,269,0.6747572815533981,^TWII,yfinance,2y,2026-09-11,scan_20260914_165629,True,False
True,0,0.17500050862630206,0.5916671752929686,True,False,觀望 (動能減弱),37.400001525878906,2026-09-11 00:00:00,38.10499992370605,-0.08249988555908061,False,False,0.5693514761251619,False,0.0008097893629747206,58.211782884066466,0.0008190137925195393,0.000815634168705537,-0.11841592689344482,-0.8838511070922372,2.530615087506405,-0.11841592689344482,False,False,True,False,False,False,0.5756949219765153,False,-0.0822085515121741,中性,1605.TW,華新,3,v1,phase6a,2026-07-12,0,3,3,3,3,3,v1,16,0.9817961165048543,16,0.9817961165048543,27,0.9684466019417476,^TWII,yfinance,2y,2026-09-11,scan_20260914_165629,True,True
True,0,1.6666666666666665,1.1666666666666665,True,False,買入 (動能增強),142.5,2026-09-11 00:00:00,141.175,0.125,False,True,1.4924660314731237,False,0.0030854272597836715,45.299763638623666,0.003069811579880356,0.0031743811177824895,0.053574506791465026,-1.0161969923881964,-3.582276383552807,0.053574506791465026,True,False,False,False,False,True,0.3027878935383327,False,-0.043624161073825496,中性,4572.TW,駐龍,4,v1,phase6a,2026-07-12,0,4,6,4,4,4,v1,12,0.9866504854368932,12,0.9866504854368932,14,0.9842233009708737,^TWII,yfinance,2y,2026-09-11,scan_20260914_165629,False,True
True,2,-0.1916665236155192,-0.22499982515970865,True,False,觀察 (跌勢收斂),8.010000228881836,2026-09-11 00:00:00,8.10900013446808,-0.0424999713897698,True,False,5.27007224548679,True,0.0001734334951373015,6.253359492405667,0.0001770262232868879,0.00022886714915706938,-0.2131750392906251,-2.2468966838347315,-10.067378069962263,-0.2131750392906251,False,False,False,False,False,False,0.06015442478043543,False,-0.3124463097714374,中性,2424.TW,隴華,1,v1,phase6a,2026-07-12,0,1,1,1,1,1,v1,192,0.7682038834951457,192,0.7682038834951457,200,0.758495145631068,^TWII,yfinance,2y,2026-09-11,scan_20260914_165629,False,False
False,0,19.166666666666664,30.833333333333332,False,True,強烈買入 (爆發),1620.0,2026-09-11 00:00:00,1776.25,-13.25,False,False,1.4707965941490322,False,0.03507643621648806,203.4074880310185,0.038290694389016895,0.040526847465338106,-0.8758772899877365,-2.0965121062544334,-3.7320969494493372,-0.8758772899877365,False,False,False,False,False,False,0.0,False,-0.24651162790697678,中性,2308.TW,台達電,3,v1,phase6a,2026-07-12,0,3,3,3,3,3,v1,19,0.9781553398058253,19,0.9781553398058253,30,0.9648058252427184,^TWII,yfinance,2y,2026-09-11,scan_20260914_165629,False,False
True,1,0.009999752044677734,0.013333161671956379,True,False,觀望 (動能減弱),8.029999732971191,2026-09-11 00:00:00,8.019500136375427,0.0024999856948859644,False,True,0.6645127944017217,False,0.00017386652682220994,34.05743976977883,0.00017422418255595565,0.00018088709302611317,-0.021604255997531574,-1.091604231194665,-3.718850138025742,-0.021604255997531574,False,False,False,False,False,True,0.17125698749580848,False,-0.04033403867857066,中性,1806.TW,冠軍,2,v1,phase6a,2026-07-12,0,2,4,2,2,2,v1,68,0.9186893203883495,68,0.9186893203883495,83,0.9004854368932039,^TWII,yfinance,2y,2026-09-11,scan_20260914_165629,False,True
True,0,-0.1999999682108561,-0.1333333651224772,True,False,賣出 (動能轉弱),15.5,2026-09-11 00:00:00,15.727499961853027,-0.027499961853028054,False,False,0.9480302951895412,False,0.0003356078773799783,40.402529750553725,0.0003417516335081297,0.0003575276309005054,-0.18887683934034616,-1.7664720499876552,-5.994778331878314,-0.18887683934034616,False,False,False,False,False,False,0.06662195833988457,False,-0.06906904774042188,中性,2705.TW,六福,0,v1,phase6a,2026-07-12,0,0,0,0,0,0,v1,449,0.4563106796116505,449,0.4563106796116505,458,0.44538834951456313,^TWII,yfinance,2y,2026-09-11,scan_20260914_165629,False,False
True,0,-0.46666717529296864,0.349999745686849,True,False,賣出 (動能轉弱),89.5999984741211,2026-09-11 00:00:00,92.14499931335449,0.7249999999999943,False,False,0.22983394420994843,False,0.0019400300194289727,117.17809933363574,0.0019519286473985691,0.0019074951401405172,-0.06412549929635247,-0.7469165362152252,13.335208774020701,-0.06412549929635247,False,True,True,False,False,False,0.6127382489440925,False,-0.12006873683883224,中性,1727.TW,中華化,0,v1,phase6a,2026-07-12,0,0,1,0,0,0,v1,361,0.5631067961165048,361,0.5631067961165048,374,0.5473300970873787,^TWII,yfinance,2y,2026-09-11,scan_20260914_165629,False,False
True,2,-0.1833333969116211,-0.11666679382324217,True,False,賣出 (動能轉弱),29.350000381469727,2026-09-11 00:00:00,29.967500019073487,-0.039999961853027344,False,False,1.1465270589315748,False,0.0006354897631694587,7.911967073550634,0.0006554127977887517,0.000709811818806996,-0.3189550985687739,-1.9461469668741072,-9.004879594690863,-0.3189550985687739,False,False,False,False,False,False,0.009889993901025821,False,-0.2531806373728325,中性,1799.TWO,易威,0,v1,phase6a,2026-07-12,0,0,0,0,0,0,v1,369,0.5533980582524272,369,0.5533980582524272,382,0.537621359223301,^TWII,yfinance,2y,2026-09-11,scan_20260914_165629,False,False
True,0,-0.07500076293945312,-0.06666755676269531,True,False,賣出 (動能轉弱),34.599998474121094,2026-09-11 00:00:00,34.65249938964844,-0.015000152587887783,False,False,0.0,False,0.0007491633577580819,56.522453549737094,0.0007449860000463473,0.0007399137345874729,0.059059037333031306,-0.5293379685864075,1.904544441545819,0.059059037333031306,True,True,True,False,False,True,0.8004361554936852,False,-0.01142861502511161,偏強 (RS上升),8905.TWO,裕國,0,v1,phase6a,2026-07-12,1,1,0,1,0,1,v1,800,0.03033980582524272,800,0.03033980582524272,310,0.625,^TWII,yfinance,2y,2026-09-11,scan_20260914_165629,False,False
True,0,-0.24999936421712235,-0.11666615804036456,True,False,賣出 (動能轉弱),23.5,2026-09-11 00:00:00,24.395000171661376,-0.05500001907348562,True,False,1.1550018025877646,False,0.0005088248463502897,38.56684503841504,0.0005321893231452047,0.0005860982904330922,-0.46000643374133343,-2.539764611045092,-9.171454469627271,-0.46000643374133343,False,False,False,False,False,False,0.06118942180581327,False,-0.2915710605957631,中性,3071.TWO,協禧,0,v1,phase6a,2026-07-12,0,0,0,0,0,0,v1,483,0.41504854368932037,483,0.41504854368932037,492,0.404126213592233,^TWII,yfinance,2y,2026-09-11,scan_20260914_165629,False,False
