is_squeezed,energy_level,momentum,prev_momentum,squeeze_on,fired,Signal,Close,timestamp,ma20,ma20_slope,ma20_converging,close_above_ma20,volume_expansion_ratio,volume_expansion,rs_ratio,rs_index,rs_ema20,rs_ema60,rs_slope_1d,rs_slope_5d,rs_slope_20d,rs_slope,rs_above_ema20,rs_above_ema60,rs_ema20_above_ema60,rs_new_high_60,rs_new_high_120,rs_rising_10,rs_percentile_60,rs_high_price_not_high,price_dist_to_high_60,rs_signal,ticker,name,ranking_score,ranking_score_version,feature_schema_version,feature_schema_date,rs_component_score,experimental_score,shadow_score_ma20,shadow_score_rs,composite_score,composite_score_v2,score_version,rank_position_v1,ranking_percentile_v1,rank_position,ranking_percentile,rank_position_v2,ranking_percentile_v2,benchmark_symbol,benchmark_source,benchmark_period,benchmark_last_date,scan_id,has_houyi,has_whale
True,1,0.016666412353515625,-0.03333409627278645,True,False,買入 (動能增強),41.0,2026-10-06 00:00:00,40.63750019073486,0.0,False,True,2.050052828284421,True,0.0008229205321103263,41.57664643476291,0.0008533733724555803,0.0008884472643559153,-0.3742284583630462,-1.5684768745354294,-4.398672282827332,-0.3742284583630462,False,False,False,False,False,False,0.016468418520696193,False,-0.004854387360093471,中性,8367.TW,建新國際,4,v1,phase6a,2026-07-12,0,4,5,4,4,4,v1,23,0.9543568464730291,23,0.9543568464730291,27,0.946058091286307,^TWII,yfinance,2y,2026-10-06,scan_20261007_175251,False,True
True,0,0.16666666666666666,0.058333396911621094,True,False,買入 (動能增強),20.850000381469727,2026-10-06 00:00:00,20.562500286102296,-0.0024999618530259227,False,True,1.7172775882197382,True,0.0004184852050834042,29.736104787195334,0.00043341219325074553,0.0004554005006722754,-0.3612233738321202,-1.7376252519854307,-6.012633135324974,-0.3612233738321202,False,False,False,False,False,False,0.0,False,-0.0855262684579906,中性,3043.TW,科風,2,v1,phase6a,2026-07-12,0,2,3,2,2,2,v1,107,0.7800829875518672,107,0.7800829875518672,110,0.7738589211618258,^TWII,yfinance,2y,2026-10-06,scan_20261007_175251,False,False
False,0,-0.5416669845581055,-0.40000057220458984,False,True,強烈賣出 (跌破),17.75,2026-10-06 00:00:00,18.29249973297119,-0.019999980926513672,True,False,0.28007247919271383,False,0.0003562643767062998,46.03625180782722,0.0003789941185956059,0.00037367879365514357,-0.6273433932227457,-2.286253662715809,0.499339827615386,-0.6273433932227457,False,False,True,False,False,False,0.29149877693445087,False,-0.058355456721956855,中性,2905.TW,三商,0,v1,phase6a,2026-07-12,0,0,0,0,0,0,v1,367,0.24066390041493776,367,0.24066390041493776,369,0.23651452282157676,^TWII,yfinance,2y,2026-10-06,scan_20261007_175251,False,False
True,1,0.125,-0.03333314259847005,True,False,買入 (動能增強),21.549999237060547,2026-10-06 00:00:00,21.325,0.004999923706055398,False,True,1.2840353853119868,False,0.00043253504485704853,24.518232757966075,0.00044914636813123235,0.0004761581287414995,-0.38779774049830795,-1.510717874731271,-5.886780344896314,-0.38779774049830795,False,False,False,False,False,False,0.0,False,-0.06100224310840474,中性,2722.TW,夏都,2,v1,phase6a,2026-07-12,0,2,4,2,2,2,v1,99,0.7966804979253111,99,0.7966804979253111,102,0.7904564315352697,^TWII,yfinance,2y,2026-10-06,scan_20261007_175251,False,False
True,0,0.6333335240681967,0.5833333333333333,True,False,買入 (動能增強),14.550000190734863,2026-10-06 00:00:00,14.327500057220458,0.02750000953674281,False,True,1.126275128798538,False,0.0002920364365649971,36.731164339318624,0.00030240953804712824,0.0003084421427122108,-0.35976943196744937,-0.07391183989570171,-1.088367669160828,-0.35976943196744937,False,False,False,False,False,False,0.07496466348442442,False,-0.03642385277087856,中性,1456.TW,怡華,4,v1,phase6a,2026-07-12,0,4,6,4,4,4,v1,11,0.979253112033195,11,0.979253112033195,17,0.966804979253112,^TWII,yfinance,2y,2026-10-06,scan_20261007_175251,False,True
True,0,-0.061666806538899735,-0.008333524068196615,True,False,賣出 (動能轉弱),8.020000457763672,2026-10-06 00:00:00,8.170000123977662,-0.009999990463256836,False,False,2.1328284186887774,True,0.0001609712937616571,30.661927631435326,0.00017195145511662805,0.00018386180788829511,-0.6676822496651469,-2.48283324411539,-6.618601788172784,-0.6676822496651469,False,False,False,False,False,False,0.0,False,-0.07603684610685546,中性,4414.TW,如興,0,v1,phase6a,2026-07-12,0,0,0,0,0,0,v1,395,0.1825726141078838,395,0.1825726141078838,395,0.1825726141078838,^TWII,yfinance,2y,2026-10-06,scan_20261007_175251,False,False
True,0,-0.36666647593180335,-0.2583332061767578,True,False,賣出 (動能轉弱),12.100000381469727,2026-10-06 00:00:00,12.665000009536744,-0.0424999713897698,False,False,1.4636518112691164,False,0.0002428619207915663,21.579599318748222,0.0002654709729793931,0.00028797153296701935,-0.8885168832114987,-3.2363201334803082,-7.631565488043468,-0.8885168832114987,False,False,False,False,False,False,0.0,False,-0.13571425846644813,中性,8092.TWO,建暐,0,v1,phase6a,2026-07-12,0,0,0,0,0,0,v1,456,0.056016597510373446,456,0.056016597510373446,456,0.056016597510373446,^TWII,yfinance,2y,2026-10-06,scan_20261007_175251,False,False
True,0,-0.4499994913736979,-0.34999974568684894,True,False,賣出 (動能轉弱),73.9000015258789,2026-10-06 00:00:00,74.96500015258789,0.004999923706051845,False,False,0.24931513125359614,False,0.001483264111673907,34.32181603734657,0.0015728416326908018,0.0016731738563870663,-0.5959291208491702,-1.9633868746361416,-4.890190615077083,-0.5959291208491702,False,False,False,False,False,False,0.0,False,-0.09325151501989071,中性,2228.TW,劍麟,0,v1,phase6a,2026-07-12,0,0,1,0,0,0,v1,343,0.29045643153526973,343,0.29045643153526973,345,0.2863070539419087,^TWII,yfinance,2y,2026-10-06,scan_20261007_175251,False,False
True,0,-0.09166717529296872,0.24166552225748691,True,False,賣出 (動能轉弱),46.20000076293945,2026-10-06 00:00:00,46.61750030517578,-0.022500038146972656,True,False,0.47402549574360225,False,0.0009272909563740393,92.16751196857082,0.0009689891364174633,0.000924447184285864,-0.4509327540336283,-1.7028551200233055,2.43249959682148,-0.4509327540336283,False,True,True,False,False,False,0.5555741240633495,False,-0.04049845692925669,中性,2851.TW,中再保,0,v1,phase6a,2026-07-12,0,0,0,0,0,0,v1,365,0.24481327800829875,365,0.24481327800829875,367,0.24066390041493776,^TWII,yfinance,2y,2026-10-06,scan_20261007_175251,False,False
True,0,0.8166669209798176,0.7664356231689452,True,False,買入 (動能增強),38.5,2026-10-06 00:00:00,37.976989936828616,0.010968208312988281,False,True,1.560394311492538,True,0.0007727424508840868,52.50051037939662,0.0008023539075628136,0.0008551396136999225,-0.3869780308942583,-1.281566868317563,-5.477853562494772,-0.3869780308942583,False,False,False,False,False,False,0.015268913418010207,False,-0.13982142796264918,中性,3059.TW,華晶科,2,v1,phase6a,2026-07-12,0,2,4,2,2,2,v1,108,0.7780082987551867,108,0.7780082987551867,111,0.7717842323651453,^TWII,yfinance,2y,2026-10-06,scan_20261007_175251,False,False
True,1,0.11666647593180338,0.10833326975504556,True,False,買入 (動能增強),28.75,2026-10-06 00:00:00,28.80999994277954,0.0024999618530259227,False,False,2.3451620128026835,True,0.0005770479341017531,56.52849636253901,0.0006051552097084675,0.0006280900167775437,-0.4865306868806485,-1.5674477819669241,-4.06235078763606,-0.4865306868806485,False,False,False,False,False,False,0.0,False,-0.008620689655172376,中性,4111.TWO,濟生,4,v1,phase6a,2026-07-12,0,4,5,4,4,4,v1,17,0.966804979253112,17,0.966804979253112,22,0.9564315352697096,^TWII,yfinance,2y,2026-10-06,scan_20261007_175251,False,True
True,0,-0.20833333333333334,-0.23333326975504562,True,False,觀察 (跌勢收斂),27.049999237060547,2026-10-06 00:00:00,27.972500133514405,-0.09500007629394602,True,False,1.4434167277742782,False,0.0005429268235547753,23.652871493827497,0.0005926390273376,0.0006498322947067768,-0.8752482991406185,-2.7916790369524103,-11.932751322975621,-0.8752482991406185,False,False,False,False,False,False,0.0027539714665860185,False,-0.2689189395389041,中性,7715.TWO,裕山,1,v1,phase6a,2026-07-12,0,1,1,1,1,1,v1,300,0.3796680497925311,300,0.3796680497925311,301,0.3775933609958506,^TWII,yfinance,2y,2026-10-06,scan_20261007_175251,False,False
True,0,-0.008333206176757868,-0.375,True,False,觀察 (跌勢收斂),26.149999618530273,2026-10-06 00:00:00,24.292500019073486,0.08999996185302805,False,True,5.6842058279823995,True,0.0005248627219698966,17.70538957502762,0.000513624939206138,0.0005759190751740783,0.2308406546504438,-1.4984137867502412,-6.883761192492233,0.2308406546504438,True,False,False,False,False,True,0.14984057440414672,False,-0.20996976362475084,中性,3466.TWO,德晉,1,v1,phase6a,2026-07-12,0,1,3,1,1,1,v1,261,0.4605809128630705,261,0.4605809128630705,262,0.45850622406639,^TWII,yfinance,2y,2026-10-06,scan_20261007_175251,False,False
True,0,2.75,3.1666666666666665,True,False,觀望 (動能減弱),117.5,2026-10-06 00:00:00,117.575,0.04999999999999716,False,False,0.6694186855150259,False,0.002358369817633252,45.84986248838499,0.002487720748369834,0.0026330108484594866,-0.5443444617167725,-1.6358627652389712,-5.932724387388544,-0.5443444617167725,False,False,False,False,False,False,0.0,False,-0.10984848484848486,中性,7786.TW,東方風能,0,v1,phase6a,2026-07-12,0,0,1,0,0,0,v1,449,0.07053941908713693,449,0.07053941908713693,449,0.07053941908713693,^TWII,yfinance,2y,2026-10-06,scan_20261007_175251,False,False
True,0,-0.5583333969116211,-0.5666666030883789,True,False,觀察 (跌勢收斂),22.149999618530273,2026-10-06 00:00:00,23.30000009536743,-0.044999980926515804,False,False,1.7746766507828455,True,0.00044457779200791355,25.178893306769158,0.00048766162097855196,0.0005249749716810103,-0.9214079108582629,-2.4678288694560013,-6.4191756947165395,-0.9214079108582629,False,False,False,False,False,False,0.0,False,-0.10865194050269722,中性,6692.TWO,進能服,1,v1,phase6a,2026-07-12,0,1,1,1,1,1,v1,294,0.3921161825726141,294,0.3921161825726141,295,0.3900414937759336,^TWII,yfinance,2y,2026-10-06,scan_20261007_175251,False,False
True,0,-0.30833339691162104,-0.2999998728434245,True,False,賣出 (動能轉弱),24.100000381469727,2026-10-06 00:00:00,24.282500076293946,-0.022499942779539595,True,False,0.19334415051433448,False,0.00048371671067751545,30.353377926313335,0.0005106817427025966,0.000549100029978755,-0.5527386469701523,-2.359698483016792,-7.247795102318843,-0.5527386469701523,False,False,False,False,False,False,0.0,False,-0.12681159245018903,中性,1410.TW,南染,0,v1,phase6a,2026-07-12,0,0,0,0,0,0,v1,329,0.31950207468879666,329,0.31950207468879666,331,0.3153526970954357,^TWII,yfinance,2y,2026-10-06,scan_20261007_175251,False,False
True,0,-0.10833358764648439,-0.23333390553792313,True,False,觀察 (跌勢收斂),30.200000762939453,2026-10-06 00:00:00,30.494999980926515,-0.03749999999999787,True,False,0.9710731736442867,False,0.0006061512365261072,31.382407358391408,0.000642907192663599,0.0006960910445835985,-0.5982050315293863,-2.2810145632644385,-7.834594114672477,-0.5982050315293863,False,False,False,False,False,False,0.0,False,-0.16227457969283698,中性,1533.TW,車王電,1,v1,phase6a,2026-07-12,0,1,1,1,1,1,v1,229,0.5269709543568465,229,0.5269709543568465,231,0.5228215767634855,^TWII,yfinance,2y,2026-10-06,scan_20261007_175251,False,False
True,0,3.139199574788411,2.6734224955240884,True,False,買入 (動能增強),117.0,2026-10-06 00:00:00,114.11578330993652,0.32499999999998863,False,True,0.40543796041068303,False,0.002348334201388004,157.2493814853257,0.0023894590378516723,0.0025338940816833928,-0.18084016679543735,0.23746472531012142,0.5982931674012093,-0.18084016679543735,False,False,False,False,False,False,0.1367741979997975,False,-0.2710280373831776,中性,8042.TWO,金山電,2,v1,phase6a,2026-07-12,0,2,4,2,2,2,v1,196,0.5954356846473029,196,0.5954356846473029,197,0.5933609958506224,^TWII,yfinance,2y,2026-10-06,scan_20261007_175251,False,False
True,0,-0.6249998410542805,-0.5166664123535156,True,False,賣出 (動能轉弱),14.949999809265137,2026-10-06 00:00:00,15.5375,0.0,False,False,0.30302998312296864,False,0.00030006492190462784,21.17006546462675,0.00032212664733101794,0.00033466598998202317,-0.7157634505983612,-2.702329650889679,-1.7015634087635956,-0.7157634505983612,False,False,False,False,False,False,0.03873015723912263,False,-0.06269592551462688,中性,4113.TWO,聯上,0,v1,phase6a,2026-07-12,0,0,0,0,0,0,v1,389,0.1950207468879668,389,0.1950207468879668,389,0.1950207468879668,^TWII,yfinance,2y,2026-10-06,scan_20261007_175251,False,False
True,0,0.2583325703938802,0.17499923706054688,True,False,買入 (動能增強),18.049999237060547,2026-10-06 00:00:00,17.755000019073485,0.009999942779540305,False,True,0.8495074036929975,False,0.00036228573114031334,41.12406873240921,0.0003748570986299188,0.00039258917836466233,-0.3517732022599973,-1.2932796277188907,-5.638569145176408,-0.3517732022599973,False,False,False,False,False,False,0.0022925620300733034,False,-0.029569953394039672,中性,9928.TW,中視,2,v1,phase6a,2026-07-12,0,2,4,2,2,2,v1,212,0.5622406639004149,212,0.5622406639004149,213,0.5601659751037344,^TWII,yfinance,2y,2026-10-06,scan_20261007_175251,False,False
True,0,-0.025000254313151046,-0.22500038146972656,True,False,觀察 (跌勢收斂),47.400001525878906,2026-10-06 00:00:00,47.3125,-0.012500000000002842,True,True,0.7239851764035131,False,0.0009513764506757694,38.02584817685192,0.0009948867780115924,0.0010441012298017488,-0.45824777764185143,-1.6717537154326,-5.398205613906737,-0.45824777764185143,False,False,False,False,False,False,0.019517184973910178,False,-0.03853950792261562,中性,1903.TW,士紙,1,v1,phase6a,2026-07-12,0,1,2,1,1,1,v1,233,0.5186721991701245,233,0.5186721991701245,234,0.516597510373444,^TWII,yfinance,2y,2026-10-06,scan_20261007_175251,False,False
True,2,0.14999961853027344,0.04999987284342447,True,False,買入 (動能增強),48.45000076293945,2026-10-06 00:00:00,48.645000267028806,-0.027499961853031607,False,False,0.27264464353139484,False,0.0009724512294776548,29.633735457851667,0.0010253093359887558,0.0011072848645198986,-0.5397376144028909,-1.975756221192726,-6.476513574769315,-0.5397376144028909,False,False,False,False,False,False,0.0,False,-0.1379003539998288,中性,8097.TWO,常珵,2,v1,phase6a,2026-07-12,0,2,2,2,2,2,v1,199,0.5892116182572614,199,0.5892116182572614,200,0.5871369294605809,^TWII,yfinance,2y,2026-10-06,scan_20261007_175251,False,False
True,0,0.03333282470703124,-0.06666692097981769,True,False,買入 (動能增強),53.0,2026-10-06 00:00:00,53.1350004196167,-0.020000076293939628,False,False,1.883170970195198,True,0.0010637753219962754,37.02349415561278,0.0011161670031055193,0.0011607933184562807,-0.49166467942916015,-1.6761512222129515,-4.7672000917998165,-0.49166467942916015,False,False,False,False,False,False,0.0,False,-0.01851851851851849,中性,8435.TWO,鉅邁,2,v1,phase6a,2026-07-12,0,2,2,2,2,2,v1,204,0.578838174273859,204,0.578838174273859,205,0.5767634854771784,^TWII,yfinance,2y,2026-10-06,scan_20261007_175251,False,False
False,0,-6.007624308268229,-6.981201171875,False,True,強烈賣出 (跌破),370.0,2026-10-06 00:00:00,382.15420989990236,-0.6155303955077898,False,False,1.192354584818195,False,0.007426356021483432,216.81699535094,0.008003691973263153,0.008357449445389006,-0.7535802020288918,-2.364985350294857,-6.201853710810212,-0.7535802020288918,False,False,False,False,False,False,0.0,False,-0.11606914633557752,中性,3260.TWO,威剛,0,v1,phase6a,2026-07-12,0,0,0,0,0,0,v1,374,0.22614107883817428,374,0.22614107883817428,376,0.22199170124481327,^TWII,yfinance,2y,2026-10-06,scan_20261007_175251,False,False
True,0,-0.5333334604899087,-0.5250000953674316,True,False,賣出 (動能轉弱),13.649999618530273,2026-10-06 00:00:00,14.075000047683716,-0.035000038146971946,False,False,1.2530524941572785,False,0.0002739723158386996,26.24418940197621,0.00029493527662806217,0.00031639584719453677,-0.7426173896095456,-3.096819990866928,-8.20854081405934,-0.7426173896095456,False,False,False,False,False,False,0.016340866399173235,False,-0.09000002543131513,中性,3713.TWO,新晶投控,0,v1,phase6a,2026-07-12,0,0,0,0,0,0,v1,386,0.2012448132780083,386,0.2012448132780083,386,0.2012448132780083,^TWII,yfinance,2y,2026-10-06,scan_20261007_175251,False,False
True,0,-0.26666673024495446,-0.5166664123535156,True,False,觀察 (跌勢收斂),24.149999618530273,2026-10-06 00:00:00,23.3625,0.014999961853028765,False,True,3.3242089049229406,True,0.0004847202569889051,30.190372434165063,0.000492249978112012,0.0005337312385342583,-0.16075735749752074,-2.1360820310238005,-7.880651216448653,-0.16075735749752074,False,False,False,False,False,False,0.2187176888516326,False,-0.05479450725382251,中性,9955.TW,佳龍,1,v1,phase6a,2026-07-12,0,1,3,1,1,1,v1,321,0.3360995850622407,321,0.3360995850622407,322,0.33402489626556015,^TWII,yfinance,2y,2026-10-06,scan_20261007_175251,False,False
True,0,-0.5416673024495442,-0.36666742960611975,True,False,賣出 (動能轉弱),45.45000076293945,2026-10-06 00:00:00,45.54499969482422,0.09500007629394958,False,False,0.31100187168793564,False,0.0009122375320061675,80.44378096796518,0.0009370356889249807,0.0008913029250567435,-0.27779953815164626,-0.9768229094676895,8.695261817183852,-0.27779953815164626,False,True,True,False,False,False,0.589269101641747,False,-0.03911201911123041,中性,2884.TW,玉山金,0,v1,phase6a,2026-07-12,0,0,1,0,0,0,v1,366,0.24273858921161826,366,0.24273858921161826,368,0.23858921161825727,^TWII,yfinance,2y,2026-10-06,scan_20261007_175251,False,False
True,0,-0.21666717529296875,-0.46666717529296875,True,False,觀察 (跌勢收斂),99.9000015258789,2026-10-06 00:00:00,100.68500061035157,-0.12999992370605185,False,False,0.7722880188340984,False,0.002005116156426797,50.62884676485765,0.0021174412164455874,0.002235485267341481,-0.555294481657409,-2.276799142936581,-6.634788386533009,-0.555294481657409,False,False,False,False,False,False,0.0,False,-0.14978722105634978,中性,1342.TW,八貫,2,v1,phase6a,2026-07-12,0,2,2,2,2,2,v1,64,0.8692946058091287,64,0.8692946058091287,68,0.8609958506224067,^TWII,yfinance,2y,2026-10-06,scan_20261007_175251,True,False
True,0,-0.1749998728434245,-0.8833332061767577,True,False,觀察 (跌勢收斂),43.95000076293945,2026-10-06 00:00:00,43.80000019073486,-0.03750000000000142,False,True,1.4044443968012348,False,0.0008821306832704239,43.178336633914306,0.0009169174510739815,0.0009563346926647008,-0.3977675107029621,-2.134293896725392,-5.4157889053561785,-0.3977675107029621,False,False,False,False,False,False,0.0746470137848459,False,-0.0998230387748148,中性,1203.TW,味王,2,v1,phase6a,2026-07-12,0,2,3,2,2,2,v1,57,0.8838174273858921,57,0.8838174273858921,61,0.8755186721991701,^TWII,yfinance,2y,2026-10-06,scan_20261007_175251,True,False
True,1,0.016667048136393192,0.6666666666666666,True,False,觀望 (動能減弱),62.70000076293945,2026-10-06 00:00:00,65.19999904632569,-0.1449998855590735,False,False,1.1249616159214884,False,0.0012584662924672195,45.689480507491545,0.0013594487131837751,0.0013552651987413212,-0.7758481684773555,-1.6785480682572018,-0.7803470417384495,-0.7758481684773555,False,False,True,False,False,False,0.11230323359346113,False,-0.05429867455674142,中性,2354.TW,鴻準,0,v1,phase6a,2026-07-12,0,0,0,0,0,0,v1,347,0.2821576763485477,347,0.2821576763485477,349,0.27800829875518673,^TWII,yfinance,2y,2026-10-06,scan_20261007_175251,False,False
True,1,0.03333346048990886,0.003333409627278648,True,False,買入 (動能增強),9.800000190734863,2026-10-06 00:00:00,9.68149995803833,0.007000017166138406,False,True,0.43440372025682994,False,0.00019669808223514226,26.501780535912435,0.00020335061725950423,0.0002146135778144846,-0.34318246046519674,-1.694629086071875,-4.340496321798149,-0.34318246046519674,False,False,False,False,False,False,0.049014155879329106,False,-0.05769225478877493,中性,1626.TW,艾美特-KY,2,v1,phase6a,2026-07-12,0,2,4,2,2,2,v1,74,0.8485477178423236,74,0.8485477178423236,78,0.8402489626556017,^TWII,yfinance,2y,2026-10-06,scan_20261007_175251,False,False
True,0,0.7833340962727864,0.5833333333333333,True,False,買入 (動能增強),80.4000015258789,2026-10-06 00:00:00,78.89999923706054,0.060000228881833095,False,True,1.661418905339318,True,0.0016137271228621295,30.436185451048683,0.0016734946538559075,0.0018257551283918994,-0.3745309910574868,-1.6292397585423668,-8.185748405859982,-0.3745309910574868,False,False,False,False,False,False,0.004220642972207894,False,-0.11648349971561645,中性,8279.TWO,生展,2,v1,phase6a,2026-07-12,0,2,4,2,2,2,v1,201,0.5850622406639004,201,0.5850622406639004,202,0.58298755186722,^TWII,yfinance,2y,2026-10-06,scan_20261007_175251,False,False
True,0,-0.07499996821085611,-0.10000006357828777,True,False,觀察 (跌勢收斂),10.350000381469727,2026-10-06 00:00:00,10.327500009536744,-0.002499961853027699,True,True,1.5430262143727365,True,0.0002077372639331987,39.09817227791574,0.0002166656926917577,0.000226197869651253,-0.43189831519186983,-1.955623326338296,-4.978642950231538,-0.43189831519186983,False,False,False,False,False,False,0.04543536755416045,False,-0.033685433447842916,中性,2701.TW,萬企,1,v1,phase6a,2026-07-12,0,1,2,1,1,1,v1,247,0.4896265560165975,247,0.4896265560165975,248,0.487551867219917,^TWII,yfinance,2y,2026-10-06,scan_20261007_175251,False,False
True,1,0.8499994277954102,0.5916662216186523,True,False,買入 (動能增強),21.899999618530273,2026-10-06 00:00:00,20.897500038146973,0.05500001907348562,False,True,1.4527551530402094,False,0.0004395599838852896,39.05728941730981,0.0004448346873228886,0.0004631976976822539,-0.1246619909399449,-1.0459685733867574,-6.457347902583943,-0.1246619909399449,False,False,False,False,False,True,0.12984539264179712,False,-0.25255972051938735,中性,3288.TWO,點晶,3,v1,phase6a,2026-07-12,0,3,5,3,3,3,v1,36,0.9273858921161826,36,0.9273858921161826,38,0.9232365145228216,^TWII,yfinance,2y,2026-10-06,scan_20261007_175251,True,False
True,0,1.4166666666666663,1.2499999999999996,True,False,買入 (動能增強),109.5,2026-10-06 00:00:00,111.5,0.04999999999999716,False,False,0.3010228016169485,False,0.002197799957709286,125.68182783611618,0.0023093931503911833,0.002285786238197262,-0.5060725704610025,-1.3458987957832846,2.4303298790583128,-0.5060725704610025,False,False,True,False,False,False,0.6302674197323019,False,-0.07594936708860756,中性,6588.TWO,東典光電,2,v1,phase6a,2026-07-12,0,2,3,2,2,2,v1,168,0.6535269709543569,168,0.6535269709543569,169,0.6514522821576764,^TWII,yfinance,2y,2026-10-06,scan_20261007_175251,False,False
True,0,-0.1166666348775228,-0.07499996821085612,True,False,賣出 (動能轉弱),14.050000190734863,2026-10-06 00:00:00,14.390000057220458,-0.022499990463257902,False,False,2.4865985280355174,True,0.0002820008203197492,36.418131025802985,0.0003016341477832524,0.0003141065667441416,-0.680494076625271,-2.0298601900038182,-4.487483975390871,-0.680494076625271,False,False,False,False,False,False,0.0,False,-0.034364260717906325,中性,1457.TW,宜進,0,v1,phase6a,2026-07-12,0,0,0,0,0,0,v1,330,0.31742738589211617,330,0.31742738589211617,332,0.3132780082987552,^TWII,yfinance,2y,2026-10-06,scan_20261007_175251,False,False
True,0,0.19999885559082034,0.3499991099039714,True,False,觀望 (動能減弱),51.599998474121094,2026-10-06 00:00:00,52.06500034332275,-0.05500011444092223,False,False,0.6067214626032058,False,0.0010356755658833111,32.54721829596234,0.0010938575812203617,0.0011580958537673457,-0.5567748058980748,-1.8470300238037751,-4.444327168290174,-0.5567748058980748,False,False,False,False,False,False,0.0,False,-0.10416666942614106,中性,8938.TWO,明安,0,v1,phase6a,2026-07-12,0,0,0,0,0,0,v1,476,0.014522821576763486,476,0.014522821576763486,476,0.014522821576763486,^TWII,yfinance,2y,2026-10-06,scan_20261007_175251,False,False
True,0,0.37499999999999994,0.24999999999999997,True,False,買入 (動能增強),27.5,2026-10-06 00:00:00,27.517499923706055,-0.03249998092651296,True,False,0.6138752045874533,False,0.0005519588934886334,38.07416085331183,0.0005825301863806342,0.0006396039704499472,-0.549388070877499,-1.9239035232983648,-8.437745319919665,-0.549388070877499,False,False,False,False,False,False,0.0,False,-0.1462139013113014,中性,3379.TWO,彬台,2,v1,phase6a,2026-07-12,0,2,2,2,2,2,v1,116,0.7614107883817427,116,0.7614107883817427,119,0.7551867219917012,^TWII,yfinance,2y,2026-10-06,scan_20261007_175251,False,False
False,0,0.4000002543131511,-0.23333295186360672,False,True,強烈買入 (爆發),57.0,2026-10-06 00:00:00,54.180000114440915,0.13500003814696981,False,True,3.129969175392853,True,0.0011440602519582584,62.62771427645607,0.0011386553876857023,0.001174307086395999,0.04999032182659846,-0.9633478810084584,-2.9408442707537508,0.04999032182659846,True,False,False,False,False,False,0.39012258667769895,False,0.0,中性,3684.TWO,榮昌,3,v1,phase6a,2026-07-12,0,3,5,3,3,3,v1,39,0.921161825726141,39,0.921161825726141,41,0.91701244813278,^TWII,yfinance,2y,2026-10-06,scan_20261007_175251,False,False
True,0,0.5063527425130208,0.49841562906901044,True,False,買入 (動能增強),24.100000381469727,2026-10-06 00:00:00,24.236723041534425,-0.009204769134520063,False,False,0.39384494856597857,False,0.00048371671067751545,32.54883999894238,0.0005074984964755288,0.0005112574165287112,-0.49085035888204454,-0.8881315863346506,-0.2537895842227078,-0.49085035888204454,False,False,False,False,False,False,0.18883111369974204,False,-0.04930966395226255,中性,6171.TWO,大城地產,2,v1,phase6a,2026-07-12,0,2,2,2,2,2,v1,150,0.6908713692946058,150,0.6908713692946058,153,0.6846473029045643,^TWII,yfinance,2y,2026-10-06,scan_20261007_175251,False,False
True,0,-0.043333371480305985,-0.050000031789143876,True,False,觀察 (跌勢收斂),5.889999866485596,2026-10-06 00:00:00,5.915499949455262,-0.0075000047683708715,False,False,1.1564787973591124,False,0.00011821955668922139,22.553669996615067,0.00012434876481684707,0.0001322528459917953,-0.5161688471154835,-1.9453387407899037,-6.078060735082413,-0.5161688471154835,False,False,False,False,False,False,0.0,False,-0.05910548703962748,中性,8429.TW,金麗-KY,1,v1,phase6a,2026-07-12,0,1,1,1,1,1,v1,308,0.3630705394190871,308,0.3630705394190871,309,0.36099585062240663,^TWII,yfinance,2y,2026-10-06,scan_20261007_175251,False,False
True,0,-0.4666671752929687,-0.4083334604899088,True,False,賣出 (動能轉弱),44.0,2026-10-06 00:00:00,44.7125,-0.027499961853031607,False,False,1.5170553296462292,True,0.0008831342295818136,37.5422745812233,0.000936782543944409,0.0009845407185084224,-0.5992161299914978,-2.1710020080389025,-4.745823233629787,-0.5992161299914978,False,False,False,False,False,False,0.0,False,-0.051724169115389795,中性,6201.TW,亞弘電,0,v1,phase6a,2026-07-12,0,0,0,0,0,0,v1,416,0.13900414937759337,416,0.13900414937759337,416,0.13900414937759337,^TWII,yfinance,2y,2026-10-06,scan_20261007_175251,False,False
False,0,-0.7916666666666667,-0.9833329518636067,False,True,強烈賣出 (跌破),37.25,2026-10-06 00:00:00,37.29000015258789,-0.04500007629394531,False,False,0.0,False,0.0007476534102709671,34.47219294189732,0.0007801150022569545,0.0008010842643162311,-0.43610339216090255,-1.998097076934957,-5.083864985917696,-0.43610339216090255,False,False,False,False,False,False,0.0,False,-0.03994843473038101,中性,2948.TWO,寶陞,0,v1,phase6a,2026-07-12,0,0,0,0,0,0,v1,371,0.23236514522821577,371,0.23236514522821577,373,0.22821576763485477,^TWII,yfinance,2y,2026-10-06,scan_20261007_175251,False,False
False,0,1.9500001271565752,0.4666678110758463,False,True,強烈買入 (爆發),68.69999694824219,2026-10-06 00:00:00,62.11999988555908,0.23499984741211222,False,True,7.79868872228433,True,0.0013788936108445184,34.110367654704866,0.001316674436659717,0.0014124470199245016,0.4999054675565384,-0.6262964574968333,-5.510609808146272,0.4999054675565384,True,False,False,False,False,True,0.3653427258592191,False,0.0,中性,6117.TW,迎廣,3,v1,phase6a,2026-07-12,0,3,5,3,3,3,v1,43,0.9128630705394191,43,0.9128630705394191,45,0.9087136929460581,^TWII,yfinance,2y,2026-10-06,scan_20261007_175251,False,False
True,0,0.20833333333333331,0.3166666030883789,True,False,觀望 (動能減弱),17.600000381469727,2026-10-06 00:00:00,17.45250005722046,0.010000038146973367,False,True,1.315392796902082,False,0.00035325369948929297,37.61371576160057,0.00036772337180693076,0.0003841757958281873,-0.41249501934890187,-1.725984033091632,-4.46588847167323,-0.41249501934890187,False,False,False,False,False,False,0.01274471283705206,False,-0.02762430881006428,中性,1463.TW,強盛新,0,v1,phase6a,2026-07-12,0,0,2,0,0,0,v1,331,0.3153526970954357,331,0.3153526970954357,333,0.3112033195020747,^TWII,yfinance,2y,2026-10-06,scan_20261007_175251,False,False
False,0,207.5,167.5,False,True,強烈買入 (爆發),3685.0,2026-10-06 00:00:00,3400.75,5.75,False,True,1.0941049085762287,False,0.07396249172747688,278.8678448205049,0.0714332598006046,0.06681816460897579,0.3740987349000635,0.8349026658949654,4.401326433526331,0.3740987349000635,True,True,True,False,False,True,0.9078036238025002,False,0.0,偏強 (RS上升),3017.TW,奇鋐,3,v1,phase6a,2026-07-12,2,5,5,5,3,5,v1,34,0.9315352697095436,34,0.9315352697095436,9,0.983402489626556,^TWII,yfinance,2y,2026-10-06,scan_20261007_175251,False,False
True,1,-0.04666694005330403,-0.03833357493082682,True,False,賣出 (動能轉弱),9.869999885559082,2026-10-06 00:00:00,9.94749994277954,-0.003999996185303445,True,False,0.9849512788302166,False,0.0001981030623842229,38.38588147710238,0.00020871532058971842,0.00021709696848965984,-0.5323676462600346,-1.8917062991814837,-4.5440801896814325,-0.5323676462600346,False,False,False,False,False,False,0.0,False,-0.0179104777870277,中性,1217.TW,愛之味,0,v1,phase6a,2026-07-12,0,0,0,0,0,0,v1,322,0.33402489626556015,322,0.33402489626556015,324,0.32987551867219916,^TWII,yfinance,2y,2026-10-06,scan_20261007_175251,False,False
True,1,0.05666677157084147,0.055000146230061844,True,False,買入 (動能增強),4.559999942779541,2026-10-06 00:00:00,4.528499960899353,-0.004500007629394176,True,True,0.845136345807115,False,9.152481900817554e-05,22.65919005220601,9.536165243371671e-05,0.00010103824211243369,-0.4217354660094763,-1.436544947164986,-5.177465097203148,-0.4217354660094763,False,False,False,False,False,False,0.03171721405983305,False,-0.051975052593354776,中性,8933.TWO,愛地雅,2,v1,phase6a,2026-07-12,0,2,3,2,2,2,v1,208,0.5705394190871369,208,0.5705394190871369,209,0.5684647302904564,^TWII,yfinance,2y,2026-10-06,scan_20261007_175251,False,False
True,0,-0.8333333333333331,-1.3333333333333333,True,False,觀察 (跌勢收斂),134.0,2026-10-06 00:00:00,134.5,-0.22499999999999432,False,False,1.1954930556471401,False,0.002689545153726432,27.131328948567475,0.0028294161701828773,0.002967535713625578,-0.5176702910057673,-2.0871061312963235,-6.887182246588807,-0.5176702910057673,False,False,False,False,False,False,0.006168515984724983,False,-0.0821917808219178,中性,3218.TWO,大學光,1,v1,phase6a,2026-07-12,0,1,1,1,1,1,v1,256,0.470954356846473,256,0.470954356846473,257,0.46887966804979253,^TWII,yfinance,2y,2026-10-06,scan_20261007_175251,False,False
False,0,-1.6666666666666665,-1.4166666666666667,False,True,強烈賣出 (跌破),28.049999237060547,2026-10-06 00:00:00,29.594999980926513,-0.09250001907348704,True,False,1.5680565349590168,True,0.000562998056045271,41.32939514007169,0.0006286551961166122,0.0007420246069376593,-1.0874201495469915,-4.945888832442447,-17.308172773840102,-1.0874201495469915,False,False,False,False,False,False,0.033839346010899725,False,-0.3625000173395331,中性,8291.TWO,尚茂,0,v1,phase6a,2026-07-12,0,0,0,0,0,0,v1,461,0.04564315352697095,461,0.04564315352697095,461,0.04564315352697095,^TWII,yfinance,2y,2026-10-06,scan_20261007_175251,False,False
True,1,0.23333358764648432,-0.03333282470703125,True,False,買入 (動能增強),82.80000305175781,2026-10-06 00:00:00,82.59500083923339,0.06500015258788494,False,True,0.6039521886558122,False,0.0016618981114655896,42.84064690159472,0.0017384835438135704,0.0018491728859213014,-0.46157549224231653,-1.8481609901641827,-5.676334914820846,-0.46157549224231653,False,False,False,False,False,False,0.018625044356892342,False,-0.069662887058901,中性,4129.TWO,聯合,2,v1,phase6a,2026-07-12,0,2,4,2,2,2,v1,130,0.7323651452282157,130,0.7323651452282157,133,0.7261410788381742,^TWII,yfinance,2y,2026-10-06,scan_20261007_175251,False,False
True,0,0.10833358764648436,0.16666666666666666,True,False,觀望 (動能減弱),19.450000762939453,2026-10-06 00:00:00,19.49749994277954,-0.022499942779539595,False,False,0.6866986472036649,False,0.0003903854872532777,18.068807948711317,0.00041335665756629984,0.000460965447185718,-0.5815693139111122,-2.155673452274731,-9.227187573134298,-0.5815693139111122,False,False,False,False,False,False,0.0007589019234535593,False,-0.2547892536910301,中性,2719.TWO,燦星旅,0,v1,phase6a,2026-07-12,0,0,0,0,0,0,v1,360,0.2551867219917012,360,0.2551867219917012,362,0.25103734439834025,^TWII,yfinance,2y,2026-10-06,scan_20261007_175251,False,False
True,0,0.0666662851969401,-0.01666673024495441,True,False,買入 (動能增強),21.399999618530273,2026-10-06 00:00:00,21.585000038146973,-0.03750000000000142,False,False,0.8329603296814365,False,0.00042952436764004176,29.661878526499358,0.0004555971969649074,0.0004879601164979271,-0.5987908842160272,-2.0246547300651563,-7.817743072682104,-0.5987908842160272,False,False,False,False,False,False,0.0,False,-0.15305821889061266,中性,8076.TWO,伍豐,2,v1,phase6a,2026-07-12,0,2,2,2,2,2,v1,198,0.5912863070539419,198,0.5912863070539419,199,0.5892116182572614,^TWII,yfinance,2y,2026-10-06,scan_20261007_175251,False,False
True,1,-0.10833295186360675,-0.09166622161865234,True,False,賣出 (動能轉弱),17.149999618530273,2026-10-06 00:00:00,17.220000076293946,-0.0025000572204589844,False,False,1.3162435121645804,False,0.00034422162955543477,39.18825541889736,0.00036174949655149824,0.00037801200846836257,-0.5074439939636854,-1.9359846434692796,-5.26368099275234,-0.5074439939636854,False,False,False,False,False,False,0.0,False,-0.07046076372096932,中性,9944.TW,新麗,0,v1,phase6a,2026-07-12,0,0,0,0,0,0,v1,481,0.004149377593360996,481,0.004149377593360996,481,0.004149377593360996,^TWII,yfinance,2y,2026-10-06,scan_20261007_175251,False,False
True,0,-1.1666666666666665,-1.1666666666666665,True,False,賣出 (動能轉弱),140.0,2026-10-06 00:00:00,140.925,-0.09999999999999432,False,False,0.5645486389526212,False,0.0028099725486694068,23.071268770648278,0.0029592391089902853,0.003136645559933444,-0.5281521446375725,-1.9038643185185333,-5.616160387836155,-0.5281521446375725,False,False,False,False,False,False,0.004744260145395443,False,-0.0653299432038883,中性,8478.TW,東哥遊艇,0,v1,phase6a,2026-07-12,0,0,0,0,0,0,v1,470,0.026970954356846474,470,0.026970954356846474,470,0.026970954356846474,^TWII,yfinance,2y,2026-10-06,scan_20261007_175251,False,False
True,1,0.07500012715657553,0.05000003178914386,True,False,買入 (動能增強),14.050000190734863,2026-10-06 00:00:00,13.852500009536744,0.020000028610230203,False,True,0.4326716574913448,False,0.0002820008203197492,30.466037698469222,0.0002901925553951065,0.0003046272728458731,-0.2962630317018933,-0.8403717285120016,-1.0734920918007984,-0.2962630317018933,False,False,False,False,False,False,0.0761063265437786,False,-0.0876623026776574,中性,1309.TW,台達化,2,v1,phase6a,2026-07-12,0,2,4,2,2,2,v1,62,0.8734439834024896,62,0.8734439834024896,66,0.8651452282157677,^TWII,yfinance,2y,2026-10-06,scan_20261007_175251,False,False
True,1,0.25833447774251306,0.1833343505859375,True,False,買入 (動能增強),46.900001525878906,2026-10-06 00:00:00,46.76000003814697,0.03500003814696839,False,True,0.5864886908220545,False,0.0009413408344305215,57.21779963046609,0.000985923870478581,0.001056247849796769,-0.47374030608293705,-1.7629294357881187,-6.125586908780212,-0.47374030608293705,False,False,False,False,False,False,0.0,False,-0.07858545933375449,中性,3205.TWO,佰研,2,v1,phase6a,2026-07-12,0,2,4,2,2,2,v1,111,0.7717842323651453,111,0.7717842323651453,114,0.7655601659751037,^TWII,yfinance,2y,2026-10-06,scan_20261007_175251,False,False
True,0,-0.09166653951009116,-0.31666628519694,True,False,觀察 (跌勢收斂),33.70000076293945,2026-10-06 00:00:00,33.98000011444092,-0.10249996185302734,True,False,0.6261173524399152,False,0.0006764005502428424,35.62243110399781,0.0007160924631840829,0.0007553967112797497,-0.5800731468514009,-2.1585258799018403,-8.14212380744065,-0.5800731468514009,False,False,False,False,False,False,0.0,False,-0.11081795762123137,中性,1762.TW,中化生,1,v1,phase6a,2026-07-12,0,1,1,1,1,1,v1,231,0.5228215767634855,231,0.5228215767634855,233,0.5186721991701245,^TWII,yfinance,2y,2026-10-06,scan_20261007_175251,False,False
True,0,0.23166672388712564,0.21666653951009116,True,False,買入 (動能增強),8.84000015258789,2026-10-06 00:00:00,8.893000030517578,-0.015499973297119496,False,False,1.6254663568423275,True,0.00017742969827860957,30.748918707527334,0.00018782045037161514,0.0001961596784234569,-0.5789735756249415,-1.41601647168621,-5.587974660272376,-0.5789735756249415,False,False,False,False,False,False,0.0,False,-0.06455022952266931,中性,2017.TW,官田鋼,2,v1,phase6a,2026-07-12,0,2,2,2,2,2,v1,83,0.8298755186721992,83,0.8298755186721992,87,0.8215767634854771,^TWII,yfinance,2y,2026-10-06,scan_20261007_175251,False,False
True,0,-0.41666603088378906,-0.133332888285319,True,False,賣出 (動能轉弱),28.0,2026-10-06 00:00:00,28.15499973297119,-0.01249999999999929,True,False,0.9246786456311789,False,0.0005619945097338813,29.61534923508429,0.0005887825468306635,0.0006140235828947265,-0.4766366166860103,-2.1478226397698252,-3.1445162561547946,-0.4766366166860103,False,False,False,False,False,False,0.1209569570732072,False,-0.04350956961897312,中性,2235.TWO,謚源,0,v1,phase6a,2026-07-12,0,0,0,0,0,0,v1,344,0.2883817427385892,344,0.2883817427385892,346,0.2842323651452282,^TWII,yfinance,2y,2026-10-06,scan_20261007_175251,False,False
True,0,1.3500003814697266,1.1333338419596353,True,False,買入 (動能增強),62.70000076293945,2026-10-06 00:00:00,62.21000022888184,-0.06999988555907777,False,True,1.4148527452339956,False,0.0012584662924672195,99.30230175791667,0.0013210655277898066,0.0014209720515066654,-0.4963182139963829,-1.7298928686754422,-8.708162723360646,-0.4963182139963829,False,False,False,False,False,False,0.0,False,-0.17306120465275265,中性,3028.TW,增你強,2,v1,phase6a,2026-07-12,0,2,3,2,2,2,v1,106,0.7821576763485477,106,0.7821576763485477,109,0.7759336099585062,^TWII,yfinance,2y,2026-10-06,scan_20261007_175251,False,False
True,0,0.1033331553141276,0.0,True,False,買入 (動能增強),9.920000076293945,2026-10-06 00:00:00,9.815500068664551,-0.001999998092649946,True,True,0.8518020374684673,False,0.00019910662783703147,41.371764158778824,0.00020646724132748482,0.00021048264633243224,-0.37386304910708157,-1.2239499508253981,-4.605744977270221,-0.37386304910708157,False,False,False,False,False,False,0.035256080836786836,False,-0.032195114507907796,中性,1455.TW,集盛,4,v1,phase6a,2026-07-12,0,4,5,4,4,4,v1,10,0.9813278008298755,10,0.9813278008298755,16,0.9688796680497925,^TWII,yfinance,2y,2026-10-06,scan_20261007_175251,False,True
True,0,-0.20833301544189453,-0.39166641235351557,True,False,觀察 (跌勢收斂),23.549999237060547,2026-10-06 00:00:00,23.36999979019165,-0.007500076293947444,True,True,2.037114662132781,True,0.0004726775098380401,32.567494803562795,0.0004934545179974296,0.0005341095846290506,-0.44125707290786353,-2.3774594480914124,-9.154787318940983,-0.44125707290786353,False,False,False,False,False,False,0.047234814142257456,False,-0.1293900221337062,中性,1443.TW,立益物流,1,v1,phase6a,2026-07-12,0,1,2,1,1,1,v1,222,0.5414937759336099,222,0.5414937759336099,224,0.5373443983402489,^TWII,yfinance,2y,2026-10-06,scan_20261007_175251,False,False
True,0,-1.0,-1.0833333333333333,True,False,觀察 (跌勢收斂),131.0,2026-10-06 00:00:00,133.225,-0.32500000000001705,False,False,0.5194505525476437,False,0.002629331456254945,51.916555901960635,0.0028070457611950885,0.0029569222142640174,-0.6620101633658115,-2.413255545173454,-8.34856504084146,-0.6620101633658115,False,False,False,False,False,False,0.0,False,-0.1714189284462725,中性,6753.TW,龍德造船,2,v1,phase6a,2026-07-12,0,2,2,2,2,2,v1,177,0.6348547717842323,177,0.6348547717842323,178,0.6327800829875518,^TWII,yfinance,2y,2026-10-06,scan_20261007_175251,True,False
True,2,-0.0666664441426595,-0.04166634877522786,True,False,賣出 (動能轉弱),14.699999809265137,2026-10-06 00:00:00,14.875,-0.01249999999999929,False,False,1.5132030842487436,True,0.0002950471137820039,22.725731645857792,0.00031263331069835933,0.0003310716786158945,-0.5886390857527735,-2.052077947160613,-5.57479421738668,-0.5886390857527735,False,False,False,False,False,False,0.0,False,-0.08125001192092896,中性,4528.TWO,江興鍛,0,v1,phase6a,2026-07-12,0,0,0,0,0,0,v1,400,0.17219917012448133,400,0.17219917012448133,400,0.17219917012448133,^TWII,yfinance,2y,2026-10-06,scan_20261007_175251,False,False
True,0,1.9333337148030596,2.016667048136393,True,False,觀望 (動能減弱),58.79999923706055,2026-10-06 00:00:00,58.80999984741211,-0.33500003814697266,False,False,0.5756330622166653,False,0.0011801884551280156,33.91666673092754,0.0012615114940667655,0.0013339264589381564,-0.6740028236381534,-2.1115116516130294,-12.790646851327448,-0.6740028236381534,False,False,False,False,False,False,0.0,False,-0.18446601273971353,中性,3003.TW,健和興,1,v1,phase6a,2026-07-12,0,1,1,1,1,1,v1,254,0.475103734439834,254,0.475103734439834,255,0.4730290456431535,^TWII,yfinance,2y,2026-10-06,scan_20261007_175251,True,False
True,0,0.9166666666666666,1.2333335876464844,True,False,觀望 (動能減弱),59.5,2026-10-06 00:00:00,59.509999465942386,0.020000076293946734,False,False,0.8537348405371089,False,0.0011942383331844978,38.13378494490597,0.0012492075842100994,0.0012790458291520757,-0.46105700701493113,-1.3487057758664767,-1.669645553240029,-0.46105700701493113,False,False,False,False,False,False,0.0,False,-0.02044179436821958,中性,8099.TWO,大世科,0,v1,phase6a,2026-07-12,0,0,1,0,0,0,v1,457,0.05394190871369295,457,0.05394190871369295,457,0.05394190871369295,^TWII,yfinance,2y,2026-10-06,scan_20261007_175251,False,False
True,0,-0.23333104451497394,-0.16666539510091144,True,False,賣出 (動能轉弱),70.0,2026-10-06 00:00:00,70.67500038146973,-0.024999999999991473,False,False,1.5038320864058952,True,0.0014049862743347034,56.33903079979815,0.0014845970271054301,0.001566927185198874,-0.5612999156793808,-2.1221774535427396,-5.607726933439627,-0.5612999156793808,False,False,False,False,False,False,0.0,False,-0.09090909090909094,中性,8487.TW,愛爾達-創,0,v1,phase6a,2026-07-12,0,0,0,0,0,0,v1,472,0.022821576763485476,472,0.022821576763485476,472,0.022821576763485476,^TWII,yfinance,2y,2026-10-06,scan_20261007_175251,False,False
False,0,0.48333326975504554,0.45833317438761384,False,True,強烈買入 (爆發),12.449999809265137,2026-10-06 00:00:00,12.137499952316285,0.02750000953674281,False,True,0.7163436274592087,False,0.00024988684067838845,46.86647753719936,0.0002558971488843443,0.0002602116692179443,-0.24662397501196143,-0.3083463892346372,-1.1706924222088189,-0.24662397501196143,False,False,False,False,False,False,0.21486845607890673,False,-0.031128448274710396,中性,1313.TW,聯成,3,v1,phase6a,2026-07-12,0,3,5,3,3,3,v1,26,0.9481327800829875,26,0.9481327800829875,30,0.9398340248962656,^TWII,yfinance,2y,2026-10-06,scan_20261007_175251,False,False
False,0,14.333333333333334,11.75,False,True,強烈買入 (爆發),449.5,2026-10-06 00:00:00,419.725,1.0500000000000114,False,True,1.0011686633727723,False,0.009022019004477844,37.299849052235516,0.008951131348774172,0.009639221902582963,0.08343173350977562,-1.2454018336806705,-7.737190776128533,0.08343173350977562,True,False,False,False,False,False,0.162683433115646,False,-0.14217557251908397,中性,6415.TW,矽力*-KY,3,v1,phase6a,2026-07-12,0,3,5,3,3,3,v1,48,0.9024896265560166,48,0.9024896265560166,50,0.8983402489626556,^TWII,yfinance,2y,2026-10-06,scan_20261007_175251,False,False
True,0,-0.11166683832804361,-0.14500013987223306,True,False,觀察 (跌勢收斂),9.279999732971191,2026-10-06 00:00:00,9.257000017166138,0.004500007629395952,False,True,2.8514129257154273,True,0.00018626103215220338,42.8429828671604,0.0001941141402397314,0.0002041370017116255,-0.42404823815108683,-1.9192879709159727,-4.946140048726622,-0.42404823815108683,False,False,False,False,False,False,0.0464469801390869,False,-0.15636366063898255,中性,1413.TW,宏洲,1,v1,phase6a,2026-07-12,0,1,3,1,1,1,v1,219,0.5477178423236515,219,0.5477178423236515,221,0.5435684647302904,^TWII,yfinance,2y,2026-10-06,scan_20261007_175251,False,False
True,0,3.1166661580403643,2.400000254313151,True,False,買入 (動能增強),76.5999984741211,2026-10-06 00:00:00,72.8349998474121,0.07000007629393679,False,True,1.3502386687613728,False,0.001537456378145705,94.91878196234157,0.0015424717374389776,0.0015827108985911728,-0.034214690220113475,-0.20404166891616615,-3.3235438106152815,-0.034214690220113475,False,False,False,False,False,False,0.15154939781850313,False,-0.09563162651671375,中性,6548.TWO,長科*,3,v1,phase6a,2026-07-12,0,3,5,3,3,3,v1,50,0.8983402489626556,50,0.8983402489626556,52,0.8941908713692946,^TWII,yfinance,2y,2026-10-06,scan_20261007_175251,True,False
True,0,-2.7499999999999996,-2.6666666666666665,True,False,賣出 (動能轉弱),139.5,2026-10-06 00:00:00,140.425,-0.09999999999999432,False,False,0.9684136052057506,False,0.002799936932424159,44.208362551132225,0.0029405176350459725,0.003077742546897881,-0.5007238035183437,-2.208160561909922,-5.18518457763355,-0.5007238035183437,False,False,False,False,False,False,0.02026315099241071,False,-0.06375838926174493,中性,4572.TW,駐龍,0,v1,phase6a,2026-07-12,0,0,0,0,0,0,v1,402,0.16804979253112035,402,0.16804979253112035,402,0.16804979253112035,^TWII,yfinance,2y,2026-10-06,scan_20261007_175251,False,False
True,0,5.5,5.75,True,False,觀望 (動能減弱),182.5,2026-10-06 00:00:00,190.425,-1.424999999999983,True,False,0.892022804263259,False,0.0036629999295154764,105.5066471751716,0.003994694639206671,0.00388330273534738,-0.866466822095302,-1.622029039602002,-3.739459772926468,-0.866466822095302,False,False,True,False,False,False,0.3386437334725189,False,-0.1779279279279279,中性,2464.TW,盟立,2,v1,phase6a,2026-07-12,0,2,2,2,2,2,v1,95,0.8049792531120332,95,0.8049792531120332,98,0.7987551867219918,^TWII,yfinance,2y,2026-10-06,scan_20261007_175251,False,True
True,0,0.10833326975504558,0.15000025431315103,True,False,觀望 (動能減弱),24.399999618530273,2026-10-06 00:00:00,24.50999994277954,-0.0025000572204589844,False,False,0.7308650896952128,False,0.000489738065111529,35.821865809762286,0.0005155004869583716,0.0005384117480837023,-0.5233055582767654,-1.536924018893182,-4.443479585737542,-0.5233055582767654,False,False,False,False,False,False,0.0,False,-0.0314408919816519,中性,8049.TWO,晶采,0,v1,phase6a,2026-07-12,0,0,0,0,0,0,v1,455,0.058091286307053944,455,0.058091286307053944,455,0.058091286307053944,^TWII,yfinance,2y,2026-10-06,scan_20261007_175251,False,False
True,0,0.2583338419596354,0.20000076293945312,True,False,買入 (動能增強),18.0,2026-10-06 00:00:00,17.905000019073487,-0.010000038146973367,True,True,0.84447110109981,False,0.0003612821848289237,42.16832079226765,0.00037666763219675986,0.00038625854068180684,-0.42811942272863446,-1.4405826894048124,-4.2894361675335,-0.42811942272863446,False,False,False,False,False,False,0.024363342342778257,False,-0.07692307692307687,中性,1434.TW,福懋,2,v1,phase6a,2026-07-12,0,2,3,2,2,2,v1,67,0.8630705394190872,67,0.8630705394190872,71,0.8547717842323651,^TWII,yfinance,2y,2026-10-06,scan_20261007_175251,False,False
True,0,-0.6499999364217122,-0.6083332697550455,True,False,賣出 (動能轉弱),23.700000762939453,2026-10-06 00:00:00,25.142499923706055,-0.0849999427795396,False,False,3.727348799630656,True,0.0004756882253378847,42.74471031980731,0.0005271071544661553,0.0005540507401565483,-1.0163979148122615,-2.758354426921572,-7.364062614433509,-1.0163979148122615,False,False,False,False,False,False,0.0,False,-0.12867646697895763,中性,6606.TW,建德工業,0,v1,phase6a,2026-07-12,0,0,0,0,0,0,v1,426,0.11825726141078838,426,0.11825726141078838,426,0.11825726141078838,^TWII,yfinance,2y,2026-10-06,scan_20261007_175251,False,False
True,0,4.083333333333333,2.083333333333333,True,False,買入 (動能增強),173.0,2026-10-06 00:00:00,165.975,-0.17500000000001137,False,True,0.7117653237271018,False,0.0034723232208557667,135.44424411978346,0.0035134798258983878,0.0038003748841198984,-0.12315251900103519,-0.6010649732277829,-5.840262516094374,-0.12315251900103519,False,False,False,False,False,False,0.21818168953138434,False,-0.3294573643410853,中性,3090.TW,日電貿,2,v1,phase6a,2026-07-12,0,2,3,2,2,2,v1,109,0.7759336099585062,109,0.7759336099585062,112,0.7697095435684648,^TWII,yfinance,2y,2026-10-06,scan_20261007_175251,False,False
True,0,-0.10000006357828777,-0.15833330154418943,True,False,觀察 (跌勢收斂),12.649999618530273,2026-10-06 00:00:00,12.819999885559081,-0.007500028610230913,False,False,0.1710288525674281,False,0.00025390108334820383,21.548428850952348,0.0002678620939520426,0.0002877061359392343,-0.5456395238076839,-1.9868059879778022,-3.304469878510341,-0.5456395238076839,False,False,False,False,False,False,0.0,False,-0.15666669209798179,中性,6246.TWO,臺龍,1,v1,phase6a,2026-07-12,0,1,1,1,1,1,v1,281,0.4190871369294606,281,0.4190871369294606,282,0.4170124481327801,^TWII,yfinance,2y,2026-10-06,scan_20261007_175251,False,False
True,2,-0.033334096272786454,-6.357828776018537e-07,True,False,賣出 (動能轉弱),55.900001525878906,2026-10-06 00:00:00,56.05999984741211,-0.004999923706058951,True,False,0.775072024446892,False,0.0011219819268449833,46.694599361822455,0.0011780339464523904,0.0012247693759999876,-0.49835647913263337,-1.8410986103874594,-4.942233676733132,-0.49835647913263337,False,False,False,False,False,False,0.0,False,-0.03287193315330339,中性,1720.TW,生達,0,v1,phase6a,2026-07-12,0,0,0,0,0,0,v1,339,0.2987551867219917,339,0.2987551867219917,341,0.2946058091286307,^TWII,yfinance,2y,2026-10-06,scan_20261007_175251,False,False
True,0,0.08333333333333337,-0.7500000000000001,True,False,買入 (動能增強),156.0,2026-10-06 00:00:00,154.5,-0.17500000000001137,False,True,3.171781751445385,True,0.0031311122685173387,51.391195271432096,0.003268650574306084,0.003590926570298501,-0.44097321569200876,-2.1624295038660923,-9.052050670588219,-0.44097321569200876,False,False,False,False,False,False,0.0,False,-0.20812182741116747,中性,3596.TW,智易,2,v1,phase6a,2026-07-12,0,2,3,2,2,2,v1,121,0.7510373443983402,121,0.7510373443983402,124,0.7448132780082988,^TWII,yfinance,2y,2026-10-06,scan_20261007_175251,False,False
True,2,-0.09999942779541016,-0.04999955495198567,True,False,賣出 (動能轉弱),25.950000762939453,2026-10-06 00:00:00,26.104999828338624,-0.022499942779539595,False,False,3.7543682729687666,True,0.0005208484984415002,21.969693939135922,0.0005485885280998284,0.000577390587997838,-0.5294574710314248,-1.933881735676135,-5.2366504585164115,-0.5294574710314248,False,False,False,False,False,False,0.0,False,-0.05464480722438325,中性,1475.TW,業旺,0,v1,phase6a,2026-07-12,0,0,0,0,0,0,v1,332,0.3132780082987552,332,0.3132780082987552,334,0.3091286307053942,^TWII,yfinance,2y,2026-10-06,scan_20261007_175251,False,False
True,0,0.033334096272786495,-0.6833324432373047,True,False,買入 (動能增強),33.349998474121094,2026-10-06 00:00:00,31.104999828338624,0.08249988555908416,False,True,2.283069394821951,True,0.0006693755729317634,23.307576969897703,0.000665644880509169,0.0007589736387759716,0.05903091785008918,-2.578853951834126,-14.193549408179617,0.05903091785008918,True,False,False,False,False,False,0.17621525584323622,False,-0.17450501944268026,中性,6541.TW,泰福-KY,2,v1,phase6a,2026-07-12,0,2,4,2,2,2,v1,165,0.6597510373443983,165,0.6597510373443983,166,0.6576763485477178,^TWII,yfinance,2y,2026-10-06,scan_20261007_175251,False,False
True,0,0.3500000635782877,0.31666676203409827,True,False,買入 (動能增強),13.449999809265137,2026-10-06 00:00:00,13.572499990463257,-0.007500028610229137,False,False,0.5273428771469857,False,0.0002699580731688842,25.066418445777952,0.00028275618278027816,0.000296932986410533,-0.4741828712278018,-0.9214532334353986,0.6475246311861804,-0.4741828712278018,False,False,False,False,False,False,0.021109905309976883,False,-0.08813560615151617,中性,3499.TWO,環天科,2,v1,phase6a,2026-07-12,0,2,2,2,2,2,v1,119,0.7551867219917012,119,0.7551867219917012,122,0.7489626556016598,^TWII,yfinance,2y,2026-10-06,scan_20261007_175251,False,False
True,0,0.0833320617675781,0.44999885559082026,True,False,觀望 (動能減弱),39.54999923706055,2026-10-06 00:00:00,40.285000228881835,-0.027499961853031607,False,False,0.5309734436284409,False,0.0007938172296859722,47.417605508004314,0.0008526831482907226,0.0009122825748958787,-0.7214530147994336,-2.4798656581662804,-8.190147864718956,-0.7214530147994336,False,False,False,False,False,False,0.0,False,-0.21527781667322377,中性,3704.TW,合勤控,0,v1,phase6a,2026-07-12,0,0,0,0,0,0,v1,385,0.2033195020746888,385,0.2033195020746888,385,0.2033195020746888,^TWII,yfinance,2y,2026-10-06,scan_20261007_175251,False,False
True,0,0.19024531046549478,0.2801345189412434,True,False,觀望 (動能減弱),22.950000762939453,2026-10-06 00:00:00,22.963939571380614,0.02691373825073029,False,False,0.9415865072592249,False,0.0004606348009700129,33.03392185119027,0.00048256181568844583,0.0005030900825205445,-0.47602598250714445,-1.4789019337065668,-3.0579954140082077,-0.47602598250714445,False,False,False,False,False,False,0.0,False,-0.0389343717259526,中性,1599.TWO,宏佳騰,2,v1,phase6a,2026-07-12,0,2,3,2,2,2,v1,72,0.8526970954356846,72,0.8526970954356846,76,0.8443983402489627,^TWII,yfinance,2y,2026-10-06,scan_20261007_175251,False,True
True,1,0.26666641235351557,0.1916662851969401,True,False,買入 (動能增強),24.100000381469727,2026-10-06 00:00:00,24.10749979019165,0.007499980926514382,False,False,0.7610292159115988,False,0.00048371671067751545,47.88773192640017,0.0005067080006765138,0.000531288826092463,-0.47534905577359954,-1.3687972234522228,-3.8505966123024593,-0.47534905577359954,False,False,False,False,False,False,0.0,False,-0.09227867894515496,中性,9949.TWO,琉園,2,v1,phase6a,2026-07-12,0,2,3,2,2,2,v1,214,0.558091286307054,214,0.558091286307054,215,0.5560165975103735,^TWII,yfinance,2y,2026-10-06,scan_20261007_175251,False,False
True,1,-0.24166584014892575,-0.1333325703938802,True,False,賣出 (動能轉弱),23.700000762939453,2026-10-06 00:00:00,24.544999980926512,-0.08999996185302805,False,False,0.7272727272727273,False,0.0004756882253378847,31.12201873120082,0.0005159069228122942,0.0005461274202016983,-0.8139238047103814,-2.377657231130903,-6.374270036600782,-0.8139238047103814,False,False,False,False,False,False,0.0,False,-0.10227268540169521,中性,6767.TWO,台微醫,0,v1,phase6a,2026-07-12,0,0,0,0,0,0,v1,435,0.0995850622406639,435,0.0995850622406639,435,0.0995850622406639,^TWII,yfinance,2y,2026-10-06,scan_20261007_175251,False,False
True,1,0.041666666666666644,-0.09166622161865237,True,False,買入 (動能增強),17.799999237060547,2026-10-06 00:00:00,17.382499980926514,0.009999942779540305,False,True,2.0287281476654417,True,0.00035726792301768944,40.74333836544494,0.00036644253152297036,0.0003780708467022478,-0.2628542460378025,-1.510255970754748,-5.871394495564742,-0.2628542460378025,False,False,False,False,False,False,0.05886415846947283,False,-0.04301081333343315,中性,3520.TWO,華盈,5,v1,phase6a,2026-07-12,0,5,7,5,5,5,v1,2,0.9979253112033195,2,0.9979253112033195,3,0.995850622406639,^TWII,yfinance,2y,2026-10-06,scan_20261007_175251,True,True
True,1,-0.07499996821085611,-0.11666647593180338,True,False,觀察 (跌勢收斂),14.149999618530273,2026-10-06 00:00:00,14.307499933242799,-0.02499999999999858,False,False,0.8381116728306898,False,0.0002840079320839475,24.703858926018533,0.0003010003308286682,0.0003218150041329915,-0.5907326640655408,-2.117452796962982,-6.6612127092647295,-0.5907326640655408,False,False,False,False,False,False,0.0,False,-0.07213117255539192,中性,8450.TWO,霹靂,1,v1,phase6a,2026-07-12,0,1,1,1,1,1,v1,310,0.35892116182572614,310,0.35892116182572614,311,0.35684647302904565,^TWII,yfinance,2y,2026-10-06,scan_20261007_175251,False,False
True,0,0.5499992370605469,0.4666652679443359,True,False,買入 (動能增強),62.0,2026-10-06 00:00:00,61.34000015258789,0.0350000381469755,False,True,1.7290160326941213,True,0.0012444164144107372,31.886794341488145,0.001289315738237548,0.0013658911209531537,-0.3652311652931006,-1.6662905530217986,-4.211571775767409,-0.3652311652931006,False,False,False,False,False,False,0.049852741424286265,False,-0.0948905109489051,中性,6556.TWO,勝品,2,v1,phase6a,2026-07-12,0,2,4,2,2,2,v1,166,0.6576763485477178,166,0.6576763485477178,167,0.6556016597510373,^TWII,yfinance,2y,2026-10-06,scan_20261007_175251,False,False
True,0,1.271565755193299e-06,0.05833435058593749,True,False,觀望 (動能減弱),36.400001525878906,2026-10-06 00:00:00,36.517499923706055,0.0,False,False,1.6416375734621054,True,0.000730592893280316,34.35968427445386,0.0007678825197751142,0.0008141179659371512,-0.5085753380970504,-2.010103213872516,-5.080371693470975,-0.5085753380970504,False,False,False,False,False,False,0.016068687928651508,False,-0.06666662754156649,中性,2387.TW,精元,0,v1,phase6a,2026-07-12,0,0,0,0,0,0,v1,348,0.2800829875518672,348,0.2800829875518672,350,0.27593360995850624,^TWII,yfinance,2y,2026-10-06,scan_20261007_175251,False,False
True,1,0.0,0.08333333333333333,True,False,賣出 (動能轉弱),113.5,2026-10-06 00:00:00,113.9,-0.04999999999999716,False,False,3.0553279959418793,True,0.002278084887671269,49.297214394525426,0.0023937971423769796,0.0024874538898136084,-0.5062490379227458,-1.8711405831643657,-5.058088613666056,-0.5062490379227458,False,False,False,False,False,False,0.009093524265166736,False,-0.04219409282700426,中性,9942.TW,茂順,0,v1,phase6a,2026-07-12,0,0,0,0,0,0,v1,480,0.006224066390041493,480,0.006224066390041493,480,0.006224066390041493,^TWII,yfinance,2y,2026-10-06,scan_20261007_175251,False,False
True,0,0.15833346048990884,0.17500019073486325,True,False,觀望 (動能減弱),21.399999618530273,2026-10-06 00:00:00,21.62249975204468,-0.02499999999999858,False,False,1.4860449588248386,False,0.00042952436764004176,36.1829413233852,0.00045558108034725987,0.0004901243972605144,-0.5984440066357788,-2.2822946033360325,-6.632328100630835,-0.5984440066357788,False,False,False,False,False,False,0.0,False,-0.22743685815482406,中性,5345.TWO,馥鴻,1,v1,phase6a,2026-07-12,0,1,1,1,1,1,v1,276,0.42946058091286304,276,0.42946058091286304,277,0.42738589211618255,^TWII,yfinance,2y,2026-10-06,scan_20261007_175251,True,False
True,1,-3.1789143880092685e-07,0.02499993642171224,True,False,賣出 (動能轉弱),18.799999237060547,2026-10-06 00:00:00,18.932500076293945,-0.010000038146973367,False,False,1.7785899870749915,True,0.0003773391555081852,31.3796690670889,0.0003973404073512395,0.0004148052880988272,-0.5270789976561052,-1.8889465687532914,-4.323461322404953,-0.5270789976561052,False,False,False,False,False,False,0.0,False,-0.02083341197834765,中性,8403.TWO,盛弘,0,v1,phase6a,2026-07-12,0,0,0,0,0,0,v1,464,0.03941908713692946,464,0.03941908713692946,464,0.03941908713692946,^TWII,yfinance,2y,2026-10-06,scan_20261007_175251,False,False
True,0,0.05000019073486327,0.025000254313151032,True,False,買入 (動能增強),22.549999237060547,2026-10-06 00:00:00,24.357499885559083,0.07749996185302876,False,False,1.1457529799101593,False,0.0004526062773475443,22.96161210140407,0.0005025138328791453,0.0005025925540604713,-1.0346131612282816,-0.7347741199058011,7.044105343256746,-1.0346131612282816,False,False,False,False,False,False,0.1384646938558752,False,-0.1360153675296335,中性,6441.TWO,廣錠,5,v1,phase6a,2026-07-12,0,5,6,5,5,5,v1,3,0.995850622406639,3,0.995850622406639,4,0.9937759336099585,^TWII,yfinance,2y,2026-10-06,scan_20261007_175251,True,True
True,1,0.06666692097981763,0.13333511352539057,True,False,觀望 (動能減弱),98.0999984741211,2026-10-06 00:00:00,97.54499969482421,-0.04500007629394531,False,True,0.7374996532818033,False,0.0019689878766913638,72.33620837631142,0.0020527261588123916,0.002179221724456195,-0.42757127954602403,-1.7500448965543702,-5.338837736135249,-0.42757127954602403,False,False,False,False,False,False,0.0036400586698053165,False,-0.10771829848241865,中性,6215.TW,和椿,0,v1,phase6a,2026-07-12,0,0,1,0,0,0,v1,418,0.13485477178423236,418,0.13485477178423236,418,0.13485477178423236,^TWII,yfinance,2y,2026-10-06,scan_20261007_175251,False,False
True,0,-0.09166685740152994,-0.14166688919067383,True,False,觀察 (跌勢收斂),13.949999809265137,2026-10-06 00:00:00,14.047499990463256,-0.03250002861022949,False,False,0.701877522372346,False,0.0002799936894141321,21.657831700337905,0.00029473544807546764,0.00031718825792983394,-0.5237364307354553,-1.8280604963157088,-5.398905595511893,-0.5237364307354553,False,False,False,False,False,False,0.0,False,-0.11146496950702267,中性,3272.TWO,東碩,1,v1,phase6a,2026-07-12,0,1,1,1,1,1,v1,257,0.46887966804979253,257,0.46887966804979253,258,0.46680497925311204,^TWII,yfinance,2y,2026-10-06,scan_20261007_175251,False,False
True,0,0.5500011444091796,0.48333422342936194,True,False,買入 (動能增強),52.20000076293945,2026-10-06 00:00:00,52.2850004196167,-0.04499988555907919,False,False,0.7823769961513811,False,0.001047718351317014,45.46801565602689,0.0011021718718539914,0.0011631501920858032,-0.5173688744070426,-1.639892474805671,-5.899581748127291,-0.5173688744070426,False,False,False,False,False,False,0.0,False,-0.05776174503252751,中性,6776.TW,展�眥篕�,2,v1,phase6a,2026-07-12,0,2,2,2,2,2,v1,181,0.6265560165975104,181,0.6265560165975104,182,0.6244813278008299,^TWII,yfinance,2y,2026-10-06,scan_20261007_175251,False,False
True,0,0.11666663487752277,-1.589457193987287e-07,True,False,買入 (動能增強),13.5,2026-10-06 00:00:00,13.389999914169312,-0.019999980926513672,True,True,0.7815393670146265,False,0.0002709616386216928,39.745390182532596,0.00028192442418422,0.000290446464849089,-0.4076529403386653,-1.645140064160644,-5.845319275700134,-0.4076529403386653,False,False,False,False,False,False,0.03514177289910779,False,-0.049295761877997,中性,1440.TW,南紡,4,v1,phase6a,2026-07-12,0,4,5,4,4,4,v1,9,0.983402489626556,9,0.983402489626556,15,0.970954356846473,^TWII,yfinance,2y,2026-10-06,scan_20261007_175251,False,True
True,0,2.3333346048990884,2.93333371480306,True,False,觀望 (動能減弱),61.400001525878906,2026-10-06 00:00:00,62.595000457763675,-0.2950000762939453,False,False,0.4018537610787605,False,0.0012323737055427101,86.8883167812262,0.0013066793965796676,0.0012594313688093829,-0.5950281818647429,-1.3549668807372295,2.2689460926328398,-0.5950281818647429,False,False,True,False,False,False,0.1712885826255832,False,-0.3237885521779148,中性,2434.TW,統懋,1,v1,phase6a,2026-07-12,0,1,1,1,1,1,v1,242,0.5,242,0.5,243,0.4979253112033195,^TWII,yfinance,2y,2026-10-06,scan_20261007_175251,True,False
True,0,0.375,0.08333333333333331,True,False,買入 (動能增強),19.25,2026-10-06 00:00:00,18.494999885559082,0.027499961853028054,False,True,1.4605958622536384,False,0.0003863712254420434,34.28685303861945,0.0003900366877190042,0.0004087269853696171,-0.09882578715804113,-0.6857075419351211,-4.4776859829020355,-0.09882578715804113,False,False,False,False,False,False,0.12250315999314537,False,-0.07228915662650603,中性,6916.TW,華凌,2,v1,phase6a,2026-07-12,0,2,4,2,2,2,v1,190,0.6078838174273858,190,0.6078838174273858,191,0.6058091286307054,^TWII,yfinance,2y,2026-10-06,scan_20261007_175251,False,False
True,0,-0.5833333333333336,-1.4166666666666667,True,False,觀察 (跌勢收斂),104.0,2026-10-06 00:00:00,103.175,-0.20000000000000284,False,True,0.4768282907946868,False,0.0020874081790115593,49.51685155803548,0.002177613294298003,0.0023833262200827978,-0.43414741386542666,-2.1544603734949708,-8.718224517359063,-0.43414741386542666,False,False,False,False,False,False,0.03341832677831927,False,-0.18903384078527696,中性,6417.TWO,韋僑,1,v1,phase6a,2026-07-12,0,1,2,1,1,1,v1,284,0.41286307053941906,284,0.41286307053941906,285,0.4107883817427386,^TWII,yfinance,2y,2026-10-06,scan_20261007_175251,False,False
True,1,0.5000003178914387,0.43333403269449866,True,False,買入 (動能增強),24.799999237060547,2026-10-06 00:00:00,24.929999828338623,0.019999980926513672,False,False,0.764193489296234,False,0.0004977665504511598,73.31418378625715,0.0005233738577356804,0.000545048008325541,-0.5123860493709387,-1.1776412655743362,-2.121294577009092,-0.5123860493709387,False,False,False,False,False,False,0.0023570565543326086,False,-0.021696297283341215,中性,1780.TWO,立弘,2,v1,phase6a,2026-07-12,0,2,3,2,2,2,v1,77,0.8423236514522822,77,0.8423236514522822,81,0.8340248962655602,^TWII,yfinance,2y,2026-10-06,scan_20261007_175251,False,False
True,0,-0.04166698455810547,-0.0666669209798177,True,False,觀察 (跌勢收斂),28.0,2026-10-06 00:00:00,28.040000247955323,0.0,False,False,0.6369242349671405,False,0.0005619945097338813,39.61371033374829,0.0005893055445090488,0.0006167025008281243,-0.4854679102887616,-1.7965935016613477,-5.119329453914334,-0.4854679102887616,False,False,False,False,False,False,0.0,False,-0.0410959154652657,中性,1233.TW,天仁,1,v1,phase6a,2026-07-12,0,1,1,1,1,1,v1,217,0.5518672199170125,217,0.5518672199170125,219,0.5477178423236515,^TWII,yfinance,2y,2026-10-06,scan_20261007_175251,False,False
True,1,0.09166685740152994,0.01666704813639322,True,False,買入 (動能增強),23.049999237060547,2026-10-06 00:00:00,22.932500076293945,-0.007500076293947444,False,True,2.1856609711984527,True,0.0004626418935927922,27.13039462341501,0.0004818649133187148,0.0005115992019160025,-0.4181699346978318,-1.6205073193204411,-4.5019460751430485,-0.4181699346978318,False,False,False,False,False,False,0.0,False,-0.019148968635721464,中性,6671.TW,三能-KY,2,v1,phase6a,2026-07-12,0,2,3,2,2,2,v1,174,0.6410788381742739,174,0.6410788381742739,175,0.6390041493775933,^TWII,yfinance,2y,2026-10-06,scan_20261007_175251,False,False
True,0,-0.016667048136393227,-0.05833339691162108,True,False,觀察 (跌勢收斂),21.299999237060547,2026-10-06 00:00:00,21.295000076293945,-0.010000038146973367,False,True,0.8730955603090759,False,0.0004275172367344246,46.625355908793,0.00044709731513445226,0.000459808779947512,-0.45887174641663364,-1.664389683050882,-4.542038364105272,-0.45887174641663364,False,False,False,False,False,False,0.0006356035384535413,False,-0.016166299659892913,中性,9905.TW,大華,1,v1,phase6a,2026-07-12,0,1,2,1,1,1,v1,313,0.35269709543568467,313,0.35269709543568467,314,0.3506224066390041,^TWII,yfinance,2y,2026-10-06,scan_20261007_175251,False,False
True,1,0.11666663487752277,-0.01666673024495443,True,False,買入 (動能增強),13.350000381469727,2026-10-06 00:00:00,13.2375,0.01750001907348775,False,True,1.1435077348354716,False,0.000267950961404686,41.80874807655939,0.00027774092481235995,0.0002860109131011875,-0.3696657150630722,-1.2164619842099822,-3.8903953959792625,-0.3696657150630722,False,False,False,False,False,False,0.03910102189157372,False,-0.10702337446210697,中性,1468.TW,昶和,3,v1,phase6a,2026-07-12,0,3,5,3,3,3,v1,29,0.941908713692946,29,0.941908713692946,32,0.9356846473029046,^TWII,yfinance,2y,2026-10-06,scan_20261007_175251,True,False
True,0,-2.5,-2.833333333333333,True,False,觀察 (跌勢收斂),169.5,2026-10-06 00:00:00,171.7,-0.2750000000000057,False,False,1.2963191019101261,False,0.0034020739071390317,34.78589640953042,0.003606832007712174,0.003842375840171173,-0.5940241002087454,-2.348262240618937,-7.001426919054088,-0.5940241002087454,False,False,False,False,False,False,0.0,False,-0.12294454537035115,中性,4441.TW,振大環球,1,v1,phase6a,2026-07-12,0,1,1,1,1,1,v1,270,0.44190871369294604,270,0.44190871369294604,271,0.43983402489626555,^TWII,yfinance,2y,2026-10-06,scan_20261007_175251,False,False
True,0,-0.03333314259847006,-0.049999872843424484,True,False,觀察 (跌勢收斂),22.600000381469727,2026-10-06 00:00:00,22.99000005722046,-0.04250001907348633,False,False,0.30097893147479676,False,0.0004536098619417718,32.181579235602136,0.000483743978338905,0.000514534864203473,-0.6514495957461119,-1.872792450227756,-6.439355887253528,-0.6514495957461119,False,False,False,False,False,False,0.0,False,-0.08502025573297245,中性,5223.TWO,安力-KY,1,v1,phase6a,2026-07-12,0,1,1,1,1,1,v1,274,0.4336099585062241,274,0.4336099585062241,275,0.4315352697095436,^TWII,yfinance,2y,2026-10-06,scan_20261007_175251,False,False
False,0,0.933333396911621,0.4750000635782877,False,True,強烈買入 (爆發),22.399999618530273,2026-10-06 00:00:00,20.0,0.07749996185302876,False,True,3.7881372428431024,True,0.0004495956001305375,31.915089228280838,0.00042726078009905935,0.00045434954884422104,0.5533018970214298,-0.18553199452618907,-7.4173798418590735,0.5533018970214298,True,False,False,False,False,True,0.2659511284857611,False,-0.13680158150434896,中性,3284.TWO,太普高,3,v1,phase6a,2026-07-12,0,3,5,3,3,3,v1,35,0.9294605809128631,35,0.9294605809128631,37,0.9253112033195021,^TWII,yfinance,2y,2026-10-06,scan_20261007_175251,False,False
True,0,-1.3333333333333335,-4.761866251627604,True,False,觀察 (跌勢收斂),127.0,2026-10-06 00:00:00,120.94495086669922,0.7290973663330078,False,True,1.3603380147847537,False,0.0025490465262929616,257.0358653393839,0.002487484750938557,0.002335154416386372,0.2611920579786764,0.28986340749570516,8.55380495622622,0.2611920579786764,True,True,True,False,False,True,0.840678854955287,False,-0.011673151750972721,偏強 (RS上升),1815.TWO,富喬,1,v1,phase6a,2026-07-12,2,3,3,3,1,3,v1,232,0.520746887966805,232,0.520746887966805,59,0.8796680497925311,^TWII,yfinance,2y,2026-10-06,scan_20261007_175251,False,False
True,0,-0.04999923706054685,-0.25833257039388013,True,False,觀察 (跌勢收斂),16.950000762939453,2026-10-06 00:00:00,16.3125,0.03250007629394602,False,True,0.21023862083464734,False,0.0003402074060270383,30.832652571092197,0.0003449405301960643,0.00036844599162955854,-0.144229213216307,-1.5929330094681005,-7.838642218416747,-0.144229213216307,False,False,False,False,False,False,0.09430930738648817,False,-0.08130080964620079,中性,6661.TWO,威健生技,1,v1,phase6a,2026-07-12,0,1,3,1,1,1,v1,292,0.3962655601659751,292,0.3962655601659751,293,0.3941908713692946,^TWII,yfinance,2y,2026-10-06,scan_20261007_175251,False,False
True,1,-0.07500012715657552,-0.05833307902018228,True,False,賣出 (動能轉弱),39.45000076293945,2026-10-06 00:00:00,39.56000022888183,-0.004999923706058951,True,False,0.33229349404676883,False,0.0007918101370631929,47.6841315035017,0.0008312395043990596,0.0008640729811885137,-0.4968290137341791,-1.8891016958938023,-4.985187983278094,-0.4968290137341791,False,False,False,False,False,False,0.0,False,-0.028325067842420282,中性,9925.TW,新保,0,v1,phase6a,2026-07-12,0,0,0,0,0,0,v1,479,0.008298755186721992,479,0.008298755186721992,479,0.008298755186721992,^TWII,yfinance,2y,2026-10-06,scan_20261007_175251,False,False
True,2,-0.5,-0.49999999999999994,True,False,賣出 (動能轉弱),119.5,2026-10-06 00:00:00,119.7,0.04999999999999716,False,False,0.9629788144660818,False,0.0023985122826142434,105.69264290628767,0.0025176923885861747,0.002608558242041306,-0.49581406904130043,-2.0560011264984746,-5.742009826301442,-0.49581406904130043,False,False,False,False,False,False,0.0,False,-0.20509975137646297,中性,6574.TWO,霈方,1,v1,phase6a,2026-07-12,0,1,2,1,1,1,v1,287,0.4066390041493776,287,0.4066390041493776,288,0.4045643153526971,^TWII,yfinance,2y,2026-10-06,scan_20261007_175251,True,False
True,0,-0.1616665522257487,-0.25333325068155926,True,False,觀察 (跌勢收斂),10.350000381469727,2026-10-06 00:00:00,10.161499977111816,0.010000038146973367,False,True,1.9033244289693965,True,0.0002077372639331987,26.433405596526885,0.00021327107445231095,0.00023013243045274373,-0.2723856052313067,-2.097996296667415,-6.3289826456108145,-0.2723856052313067,False,False,False,False,False,False,0.10667701074272778,False,-0.1191489037047041,中性,1445.TW,大宇,1,v1,phase6a,2026-07-12,0,1,3,1,1,1,v1,223,0.5394190871369294,223,0.5394190871369294,225,0.5352697095435685,^TWII,yfinance,2y,2026-10-06,scan_20261007_175251,False,False
True,0,0.7250000635782877,0.6500002543131509,True,False,買入 (動能增強),22.149999618530273,2026-10-06 00:00:00,21.939999961853026,-0.0025000572204589844,False,True,1.0757308878321519,False,0.00044457779200791355,34.35150906756229,0.0004638801943714114,0.0004987311897902512,-0.4360977423811141,-1.0920928987580014,-5.054220608307136,-0.4360977423811141,False,False,False,False,False,False,0.0,False,-0.14388273509208382,中性,3390.TWO,旭軟,2,v1,phase6a,2026-07-12,0,2,3,2,2,2,v1,117,0.7593360995850622,117,0.7593360995850622,120,0.7531120331950207,^TWII,yfinance,2y,2026-10-06,scan_20261007_175251,False,False
True,0,1.624999682108561,1.6416667302449541,True,False,觀望 (動能減弱),32.099998474121094,2026-10-06 00:00:00,29.5375,0.40499992370605753,False,True,1.237347362384318,False,0.0006442865323186437,48.07103087560553,0.0006093641693233362,0.0005793887534926679,0.6069193073464207,3.0378160690820666,22.11143455280846,0.6069193073464207,True,True,True,False,False,True,0.8818818919064664,False,-0.001555304802009494,偏強 (RS上升),3354.TWO,律勝,0,v1,phase6a,2026-07-12,2,2,2,2,0,2,v1,376,0.22199170124481327,376,0.22199170124481327,216,0.553941908713693,^TWII,yfinance,2y,2026-10-06,scan_20261007_175251,False,False
True,0,0.050000031789143876,-0.025000095367431637,True,False,買入 (動能增強),14.100000381469727,2026-10-06 00:00:00,13.9375,0.010000038146973367,False,True,1.5224887616290097,True,0.00028300438577255784,35.19476125321988,0.00029254986209818496,0.0003001557589128574,-0.34228276908390143,-1.5558282598383766,-4.003480585312536,-0.34228276908390143,False,False,False,False,False,False,0.04956992066047217,False,-0.0035335150818710526,中性,3266.TW,昇陽,2,v1,phase6a,2026-07-12,0,2,4,2,2,2,v1,115,0.7634854771784232,115,0.7634854771784232,118,0.7572614107883817,^TWII,yfinance,2y,2026-10-06,scan_20261007_175251,False,False
True,0,-0.028333504994710285,-0.04000020027160644,True,False,觀察 (跌勢收斂),4.409999847412109,2026-10-06 00:00:00,4.4594999074935915,-0.008000016212463379,False,False,0.5524572148987779,False,8.851413222045929e-05,25.404519402696543,9.3957364379569e-05,0.00010146520234447587,-0.6061247947917403,-2.2704370696981613,-7.864607113954392,-0.6061247947917403,False,False,False,False,False,False,0.0,False,-0.12673273646542627,中性,1337.TW,再生-KY,1,v1,phase6a,2026-07-12,0,1,1,1,1,1,v1,218,0.549792531120332,218,0.549792531120332,220,0.5456431535269709,^TWII,yfinance,2y,2026-10-06,scan_20261007_175251,False,False
True,0,0.21666717529296875,0.2500012715657552,True,False,觀望 (動能減弱),77.4000015258789,2026-10-06 00:00:00,77.75,-0.02999992370605753,False,False,2.8338407839167123,True,0.0015535134253906423,44.364531043732704,0.0016320674303495792,0.0016877826978475916,-0.5040943593992764,-1.6817241033548869,-4.0347555152271175,-0.5040943593992764,False,False,False,False,False,False,0.0,False,-0.010230120889809902,中性,4126.TWO,太醫,0,v1,phase6a,2026-07-12,0,0,0,0,0,0,v1,390,0.19294605809128632,390,0.19294605809128632,390,0.19294605809128632,^TWII,yfinance,2y,2026-10-06,scan_20261007_175251,False,False
True,0,0.015000184377034504,0.04500015576680501,True,False,觀望 (動能減弱),7.53000020980835,2026-10-06 00:00:00,7.61000006198883,-0.0019999980926517225,True,False,0.6713887676659169,False,0.00015113638486454525,24.77388327594423,0.00016022969042155517,0.00017066963035093549,-0.5938386894647207,-2.1759676983931775,-5.773361024919888,-0.5938386894647207,False,False,False,False,False,False,0.0,False,-0.11097993241860915,中性,4426.TW,利勤,0,v1,phase6a,2026-07-12,0,0,0,0,0,0,v1,396,0.18049792531120332,396,0.18049792531120332,396,0.18049792531120332,^TWII,yfinance,2y,2026-10-06,scan_20261007_175251,False,False
True,1,-0.0666669209798177,-0.0666667620340983,True,False,賣出 (動能轉弱),10.199999809265137,2026-10-06 00:00:00,10.25999994277954,-0.005000019073486683,False,False,0.5560917869215156,False,0.00020472656757477298,32.73110815739306,0.00021523040981562925,0.00022635860185984827,-0.5110879412657865,-1.9743757448983823,-5.039607994653206,-0.5110879412657865,False,False,False,False,False,False,0.0,False,-0.04672897279559296,中性,9950.TWO,萬國通,0,v1,phase6a,2026-07-12,0,0,0,0,0,0,v1,482,0.002074688796680498,482,0.002074688796680498,482,0.002074688796680498,^TWII,yfinance,2y,2026-10-06,scan_20261007_175251,False,False
True,0,3.333333333333333,1.9166666666666665,True,False,買入 (動能增強),189.5,2026-10-06 00:00:00,186.0,-0.42500000000001137,False,True,0.6301240109653479,False,0.003803498556948947,90.75887485998597,0.003899722299178099,0.0038751070368665064,-0.2590588407531458,-0.8911193909718063,-2.7444088285414114,-0.2590588407531458,False,False,True,False,False,False,0.48040594940225617,False,-0.04292929292929293,中性,3231.TW,緯創,2,v1,phase6a,2026-07-12,0,2,3,2,2,2,v1,113,0.7676348547717843,113,0.7676348547717843,116,0.7614107883817427,^TWII,yfinance,2y,2026-10-06,scan_20261007_175251,False,False
True,0,1.0166664123535156,0.6499989827473958,True,False,買入 (動能增強),78.5,2026-10-06 00:00:00,78.23000030517578,-0.08499984741210653,False,True,1.0723797070333103,False,0.0015755917505039174,39.00705704579345,0.0016474418283616002,0.0017492862213841387,-0.45698750853541137,-1.638556335892094,-5.463151102060881,-0.45698750853541137,False,False,False,False,False,False,0.0,False,-0.13228996587316233,中性,6411.TWO,晶焱,2,v1,phase6a,2026-07-12,0,2,3,2,2,2,v1,162,0.6659751037344398,162,0.6659751037344398,163,0.6639004149377593,^TWII,yfinance,2y,2026-10-06,scan_20261007_175251,False,False
True,0,-0.04999955495198567,-0.04166634877522786,True,False,賣出 (動能轉弱),19.049999237060547,2026-10-06 00:00:00,19.172500133514404,-0.01750001907348775,True,False,1.5340706386014984,True,0.00038235696363080914,29.180094788849093,0.0004034700780081111,0.00042188028689431936,-0.5478122054358603,-2.1239083344751553,-6.1411831118176945,-0.5478122054358603,False,False,False,False,False,False,0.011107037130862073,False,-0.040302323880859636,中性,3512.TWO,皇龍,0,v1,phase6a,2026-07-12,0,0,0,0,0,0,v1,379,0.2157676348547718,379,0.2157676348547718,380,0.21369294605809128,^TWII,yfinance,2y,2026-10-06,scan_20261007_175251,False,False
True,0,-1.583333333333333,-2.4166666666666665,True,False,觀察 (跌勢收斂),126.5,2026-10-06 00:00:00,126.325,-0.25,False,True,0.7796974645319077,False,0.002539010910047714,38.575594933897605,0.002661895569830909,0.002782425959718017,-0.4835904895088672,-2.264510432328326,-8.280193401239744,-0.4835904895088672,False,False,False,False,False,False,0.0,False,-0.12456747404844293,中性,9939.TW,宏全,1,v1,phase6a,2026-07-12,0,1,2,1,1,1,v1,320,0.3381742738589212,320,0.3381742738589212,321,0.3360995850622407,^TWII,yfinance,2y,2026-10-06,scan_20261007_175251,False,False
True,0,-0.4583326975504558,-0.6083329518636068,True,False,觀察 (跌勢收斂),36.95000076293945,2026-10-06 00:00:00,36.26000003814697,0.05500011444091513,False,True,1.7763845955679503,True,0.0007416320558369535,64.68694191748097,0.0007546797623867957,0.0007535252801646631,-0.1816595426495815,-1.953373759845134,-0.7512235074485507,-0.1816595426495815,False,False,True,False,False,False,0.41818147817159096,False,-0.02248673257346845,中性,2605.TW,新興,1,v1,phase6a,2026-07-12,0,1,3,1,1,1,v1,244,0.495850622406639,244,0.495850622406639,245,0.49377593360995853,^TWII,yfinance,2y,2026-10-06,scan_20261007_175251,False,False
True,0,-0.6999994913736979,-0.6583328247070312,True,False,賣出 (動能轉弱),44.70000076293945,2026-10-06 00:00:00,45.382499885559085,-0.039999961853027344,False,False,0.8925821303594252,False,0.0008971841076382957,33.13198109756501,0.0009503984099595768,0.000987091141263582,-0.5859315902519202,-2.170158243962794,-5.073337935053413,-0.5859315902519202,False,False,False,False,False,False,5.628389479419186e-05,False,-0.0687499841054281,中性,2704.TW,國賓,0,v1,phase6a,2026-07-12,0,0,0,0,0,0,v1,359,0.2572614107883817,359,0.2572614107883817,361,0.25311203319502074,^TWII,yfinance,2y,2026-10-06,scan_20261007_175251,False,False
True,0,2.6666666666666665,1.75,True,False,買入 (動能增強),182.0,2026-10-06 00:00:00,180.0,-0.025000000000005684,True,True,0.7038768997510879,False,0.0036529643132702286,43.642495892979326,0.0038089662630766373,0.004023694829564789,-0.42927044082259336,-1.5577788638496126,-7.042842449064857,-0.42927044082259336,False,False,False,False,False,False,0.013573524541598056,False,-0.05377306296627904,中性,6146.TWO,耕興,2,v1,phase6a,2026-07-12,0,2,3,2,2,2,v1,146,0.6991701244813278,146,0.6991701244813278,149,0.6929460580912863,^TWII,yfinance,2y,2026-10-06,scan_20261007_175251,False,False
True,0,1.3333333333333333,1.25,True,False,買入 (動能增強),154.5,2026-10-06 00:00:00,151.225,0.19999999999998863,False,True,1.0852159113121294,False,0.0031010054197815953,86.08935880114115,0.003144490229747836,0.0030209177762357837,-0.14535567446175568,-0.8660252436993976,3.8550588540537722,-0.14535567446175568,False,True,True,False,False,False,0.5864554330942632,False,0.0,中性,2881.TW,富邦金,2,v1,phase6a,2026-07-12,0,2,4,2,2,2,v1,102,0.7904564315352697,102,0.7904564315352697,105,0.7842323651452282,^TWII,yfinance,2y,2026-10-06,scan_20261007_175251,False,False
True,0,-275.0,-350.0,True,False,觀察 (跌勢收斂),5670.0,2026-10-06 00:00:00,5489.5,25.75,False,True,0.9067955737947911,False,0.11380388822111097,350.00591388050833,0.11426829492043086,0.12129050966979404,-0.042762527721507126,-2.6468892829691337,-4.533616604422496,-0.042762527721507126,False,False,False,False,False,False,0.23120540059671876,False,-0.14608433734939763,中性,6223.TWO,旺矽,1,v1,phase6a,2026-07-12,0,1,3,1,1,1,v1,280,0.4211618257261411,280,0.4211618257261411,281,0.4190871369294606,^TWII,yfinance,2y,2026-10-06,scan_20261007_175251,False,False
True,0,0.3833338419596354,0.3083343505859375,True,False,買入 (動能增強),32.349998474121094,2026-10-06 00:00:00,32.65749988555908,-0.13749999999999574,False,False,0.7115046627846613,False,0.0006493043404412676,33.657012287903136,0.000697886502527143,0.0007604409042318832,-0.7274407943868355,-2.3166489021688608,-12.960096774652474,-0.7274407943868355,False,False,False,False,False,False,0.0,False,-0.2397180010770804,中性,3669.TW,圓展,2,v1,phase6a,2026-07-12,0,2,2,2,2,2,v1,125,0.7427385892116183,125,0.7427385892116183,128,0.7365145228215768,^TWII,yfinance,2y,2026-10-06,scan_20261007_175251,False,False
True,1,0.16666666666666666,0.1416667302449544,True,False,買入 (動能增強),12.449999809265137,2026-10-06 00:00:00,12.310000133514404,0.009999990463256836,False,True,0.9102464532029357,False,0.00024988684067838845,33.590331877969874,0.00025943152093324784,0.00027436682697894605,-0.3857770508402747,-1.560593211701966,-4.753198051863794,-0.3857770508402747,False,False,False,False,False,False,0.025368940520412997,False,-0.09782611324716495,中性,1449.TW,佳和,2,v1,phase6a,2026-07-12,0,2,4,2,2,2,v1,69,0.8589211618257261,69,0.8589211618257261,73,0.8506224066390041,^TWII,yfinance,2y,2026-10-06,scan_20261007_175251,False,False
True,0,-0.18333371480305988,-0.1333338419596354,True,False,賣出 (動能轉弱),33.349998474121094,2026-10-06 00:00:00,33.74250030517578,-0.03750000000000142,False,False,4.42697792147238,True,0.0006693755729317634,29.65419907412355,0.0007091261337751557,0.0007431530085944309,-0.5865987013345064,-2.0355104351575948,-5.638100858501883,-0.5865987013345064,False,False,False,False,False,False,0.0,False,-0.059238427182595976,中性,6615.TWO,慧智,0,v1,phase6a,2026-07-12,0,0,0,0,0,0,v1,428,0.11410788381742738,428,0.11410788381742738,428,0.11410788381742738,^TWII,yfinance,2y,2026-10-06,scan_20261007_175251,False,False
True,1,0.6916669209798176,0.6666669845581055,True,False,買入 (動能增強),21.899999618530273,2026-10-06 00:00:00,21.947500038146973,-0.005000019073484907,False,False,0.8772712741529528,False,0.0004395599838852896,41.75371258333456,0.000460965741257878,0.0004665160292987414,-0.48643033228785715,-0.33790434497328325,-0.6901662387334695,-0.48643033228785715,False,False,False,False,False,False,0.20572350448211804,False,-0.045751682331303556,中性,3308.TW,聯德,4,v1,phase6a,2026-07-12,0,4,4,4,4,4,v1,15,0.970954356846473,15,0.970954356846473,20,0.9605809128630706,^TWII,yfinance,2y,2026-10-06,scan_20261007_175251,False,True
True,0,4.083333333333333,4.083333333333333,True,False,觀望 (動能減弱),149.5,2026-10-06 00:00:00,149.2,-0.05000000000001137,True,True,0.8899637999889487,False,0.0030006492573291165,110.5820627715733,0.003173200170780707,0.0035738636806772633,-0.569137751790616,-1.9892669982003675,-9.452192772070955,-0.569137751790616,False,False,False,False,False,False,0.0010129163587587117,False,-0.46702317290552586,中性,4169.TW,泰宗,0,v1,phase6a,2026-07-12,0,0,1,0,0,0,v1,392,0.1887966804979253,392,0.1887966804979253,392,0.1887966804979253,^TWII,yfinance,2y,2026-10-06,scan_20261007_175251,False,False
True,0,2.75,2.9166666666666665,True,False,觀望 (動能減弱),114.0,2026-10-06 00:00:00,111.175,0.17499999999999716,False,True,1.0883830168185287,False,0.002288120503916517,23.75596883629484,0.0023401528930596417,0.0025019322324764826,-0.23350202824728994,-1.1093681187476223,-2.5738143172975403,-0.23350202824728994,False,False,False,False,False,False,0.028672580490648907,False,-0.05785123966942152,中性,6230.TW,尼得科超眾,0,v1,phase6a,2026-07-12,0,0,2,0,0,0,v1,419,0.13278008298755187,419,0.13278008298755187,419,0.13278008298755187,^TWII,yfinance,2y,2026-10-06,scan_20261007_175251,False,False
True,1,-0.44166660308837885,-0.42499987284342444,True,False,賣出 (動能轉弱),12.399999618530273,2026-10-06 00:00:00,12.717500019073487,-0.02499999999999858,True,False,0.8173076419312351,False,0.0002488832752255799,31.303533871137354,0.0002672210761494413,0.00029052735540906736,-0.7171781540762812,-3.103269750254911,-9.212771888636995,-0.7171781540762812,False,False,False,False,False,False,0.0,False,-0.27906982159859317,中性,8024.TWO,佑華,0,v1,phase6a,2026-07-12,0,0,0,0,0,0,v1,453,0.06224066390041494,453,0.06224066390041494,453,0.06224066390041494,^TWII,yfinance,2y,2026-10-06,scan_20261007_175251,False,False
True,0,0.24166695276896158,0.15833377838134766,True,False,買入 (動能增強),12.399999618530273,2026-10-06 00:00:00,12.15499997138977,0.009999990463256836,False,True,0.555486998832309,False,0.0002488832752255799,33.15942711012097,0.0002559843628714479,0.000267804279036314,-0.2911531710512505,-0.8488884027011756,-3.7977427264177743,-0.2911531710512505,False,False,False,False,False,False,0.009904285892448874,False,-0.04955036844853378,中性,1305.TW,華夏,2,v1,phase6a,2026-07-12,0,2,4,2,2,2,v1,61,0.8755186721991701,61,0.8755186721991701,65,0.8672199170124482,^TWII,yfinance,2y,2026-10-06,scan_20261007_175251,False,False
True,0,2.083333333333333,0.33333333333333337,True,False,買入 (動能增強),173.5,2026-10-06 00:00:00,171.9,-0.125,False,True,0.7280639522470911,False,0.003482358837101015,133.09505103427895,0.003649641574708848,0.00383790650841983,-0.48016109778586946,-1.5864565986767665,-9.852814430417345,-0.48016109778586946,False,False,False,False,False,False,0.0009548870803975824,False,-0.3562152133580705,中性,8033.TW,雷虎,3,v1,phase6a,2026-07-12,0,3,4,3,3,3,v1,53,0.8921161825726142,53,0.8921161825726142,53,0.8921161825726142,^TWII,yfinance,2y,2026-10-06,scan_20261007_175251,True,False
True,1,-0.024999936421712245,-0.016666730244954422,True,False,賣出 (動能轉弱),21.5,2026-10-06 00:00:00,21.39000005722046,0.01249999999999929,False,True,0.7054658217193367,False,0.0004315314985456589,39.59433439686996,0.0004488363687815761,0.00045764167411580756,-0.4042013132981137,-1.5099092486421273,-3.5323428523337697,-0.4042013132981137,False,False,False,False,False,False,0.0,False,-0.009216624696208542,中性,1323.TW,永裕,0,v1,phase6a,2026-07-12,0,0,2,0,0,0,v1,325,0.3278008298755187,325,0.3278008298755187,327,0.3236514522821577,^TWII,yfinance,2y,2026-10-06,scan_20261007_175251,False,False
True,0,-0.2000001271565755,0.016666412353515646,True,False,賣出 (動能轉弱),57.79999923706055,2026-10-06 00:00:00,58.51000003814697,-0.014999961853028765,False,False,0.3749179866904115,False,0.00116011722263752,35.980721149978415,0.0012279922421489595,0.0013070258206572933,-0.5784572080334671,-1.9038473473413031,-4.388693007206246,-0.5784572080334671,False,False,False,False,False,False,0.0,False,-0.10248450516210272,中性,6846.TWO,綠茵,0,v1,phase6a,2026-07-12,0,0,0,0,0,0,v1,438,0.09336099585062241,438,0.09336099585062241,438,0.09336099585062241,^TWII,yfinance,2y,2026-10-06,scan_20261007_175251,False,False
True,1,-0.17500050862630212,-0.29166730244954425,True,False,觀察 (跌勢收斂),35.900001525878906,2026-10-06 00:00:00,35.57250003814697,0.027500152587890625,False,True,1.8250950570342206,True,0.0007205572770350681,29.107446728774644,0.0007472594965833431,0.0007956082371502464,-0.37473289041369817,-1.9442061554079793,-5.2877472692374745,-0.37473289041369817,False,False,False,False,False,False,0.04571249441045394,False,-0.08535027959544184,中性,6614.TW,資拓宏宇,1,v1,phase6a,2026-07-12,0,1,3,1,1,1,v1,288,0.4045643153526971,288,0.4045643153526971,289,0.4024896265560166,^TWII,yfinance,2y,2026-10-06,scan_20261007_175251,False,False
True,1,-0.9500001271565753,-1.2833334604899087,True,False,觀察 (跌勢收斂),35.849998474121094,2026-10-06 00:00:00,35.930000114440915,-0.05250015258789631,False,False,2.15250077255597,True,0.0007195536541580028,90.50255451926265,0.0007533686883817304,0.0007751053892160841,-0.47025298412100014,-2.2429314646864595,-6.888041427088409,-0.47025298412100014,False,False,False,False,False,False,0.013279658352824401,False,-0.1256097933141197,中性,3685.TWO,元創精密,1,v1,phase6a,2026-07-12,0,1,1,1,1,1,v1,264,0.45435684647302904,264,0.45435684647302904,265,0.45228215767634855,^TWII,yfinance,2y,2026-10-06,scan_20261007_175251,False,False
True,0,1.3749993642171223,0.9999993642171223,True,False,買入 (動能增強),24.75,2026-10-06 00:00:00,23.717500114440917,0.05749998092651154,False,True,0.39705714060469505,False,0.0004967630041397701,41.816410024004306,0.000502581226717064,0.0005161829981095073,-0.12171148344556348,0.45490096352354126,-2.6709957307163856,-0.12171148344556348,False,False,False,False,False,True,0.16563281288568865,False,-0.011976017812276418,中性,2901.TW,欣欣,4,v1,phase6a,2026-07-12,1,5,6,5,4,5,v1,14,0.9730290456431535,14,0.9730290456431535,7,0.9875518672199171,^TWII,yfinance,2y,2026-10-06,scan_20261007_175251,False,True
True,0,0.6833330790201823,0.6333338419596354,True,False,買入 (動能增強),74.0,2026-10-06 00:00:00,74.40499992370606,-0.1700000762939453,False,False,1.8705300818156947,True,0.0014852712042966864,28.17471787207616,0.0015755695141040755,0.0017110003371679258,-0.599661697108711,-2.01972302153266,-8.801106780091938,-0.599661697108711,False,False,False,False,False,False,0.0,False,-0.14648209221764774,中性,6412.TW,群電,2,v1,phase6a,2026-07-12,0,2,2,2,2,2,v1,163,0.6639004149377593,163,0.6639004149377593,164,0.6618257261410788,^TWII,yfinance,2y,2026-10-06,scan_20261007_175251,False,False
True,0,-1.0,-0.9166666666666666,True,False,賣出 (動能轉弱),70.5,2026-10-06 00:00:00,72.80500068664551,-0.15499992370604332,False,False,1.2992432605546833,False,0.0014150218905799512,86.93993075969013,0.001526758239706198,0.0015880807973607971,-0.7644828316403118,-2.590196880136808,-6.323014604916278,-0.7644828316403118,False,False,False,False,False,False,0.0,False,-0.16863210539072482,中性,2423.TW,固緯,0,v1,phase6a,2026-07-12,0,0,0,0,0,0,v1,351,0.27385892116182575,351,0.27385892116182575,353,0.2697095435684647,^TWII,yfinance,2y,2026-10-06,scan_20261007_175251,False,False
True,0,-2.416666666666667,-2.0,True,False,賣出 (動能轉弱),240.0,2026-10-06 00:00:00,241.15,-0.25,False,False,0.7359735854698468,False,0.004817095797718982,30.94415210361521,0.005084347867273038,0.005425501434232187,-0.5502573827898205,-2.6345124777493845,-8.073444862047374,-0.5502573827898205,False,False,False,False,False,False,0.05902100764845892,False,-0.1534391534391535,中性,8454.TW,富邦媒,0,v1,phase6a,2026-07-12,0,0,0,0,0,0,v1,468,0.03112033195020747,468,0.03112033195020747,468,0.03112033195020747,^TWII,yfinance,2y,2026-10-06,scan_20261007_175251,False,False
True,0,-0.18333307902018228,-0.24999968210856122,True,False,觀察 (跌勢收斂),30.700000762939453,2026-10-06 00:00:00,31.035000038146972,-0.10749988555908274,False,False,1.1832244494199387,False,0.0006161868527713551,66.64286278591352,0.0006533147097629516,0.0006888231378967285,-0.5946529619806462,-2.1951018579094095,-7.649565723342078,-0.5946529619806462,False,False,False,False,False,False,0.0,False,-0.11271670182582882,中性,2312.TW,金寶,1,v1,phase6a,2026-07-12,0,1,1,1,1,1,v1,239,0.5062240663900415,239,0.5062240663900415,240,0.504149377593361,^TWII,yfinance,2y,2026-10-06,scan_20261007_175251,False,False
True,2,0.5833333333333333,0.16666666666666669,True,False,買入 (動能增強),172.5,2026-10-06 00:00:00,172.75,-0.05000000000001137,False,False,0.6460226758294938,False,0.003462287604610519,85.42523098367944,0.0036466764018413967,0.003884345262683921,-0.5294297080383759,-1.9836533953495494,-7.3495305866007055,-0.5294297080383759,False,False,False,False,False,False,0.0011340147957484244,False,-0.31411530815109345,中性,2645.TW,長榮航太,2,v1,phase6a,2026-07-12,0,2,2,2,2,2,v1,98,0.7987551867219918,98,0.7987551867219918,101,0.7925311203319502,^TWII,yfinance,2y,2026-10-06,scan_20261007_175251,False,False
True,0,-0.9500001271565754,-0.9999999999999999,True,False,觀察 (跌勢收斂),63.099998474121094,2026-10-06 00:00:00,63.32499942779541,-0.015000152587887783,True,False,1.1013282905952326,False,0.0012664947395240123,42.71906569147442,0.001324836850116789,0.0013590765800509485,-0.461410648625582,-2.1330688035639533,-4.065030564779859,-0.461410648625582,False,False,False,False,False,False,0.020065036056236937,False,-0.026234637308255593,中性,2206.TW,三陽工業,1,v1,phase6a,2026-07-12,0,1,1,1,1,1,v1,238,0.508298755186722,238,0.508298755186722,239,0.5062240663900415,^TWII,yfinance,2y,2026-10-06,scan_20261007_175251,False,False
True,1,0.3583335876464844,0.3392480214436849,True,False,買入 (動能增強),37.400001525878906,2026-10-06 00:00:00,36.99348945617676,0.06394481658935547,False,True,2.215208913344309,True,0.0007506641257708118,25.189860122270883,0.0007779517188146682,0.0008077339144178684,-0.36786495525291674,-1.4089705829367083,-3.6893960751154586,-0.36786495525291674,False,False,False,False,False,False,0.021446993945237913,False,-0.06194014920456348,中性,6504.TW,南六,4,v1,phase6a,2026-07-12,0,4,6,4,4,4,v1,21,0.9585062240663901,21,0.9585062240663901,26,0.9481327800829875,^TWII,yfinance,2y,2026-10-06,scan_20261007_175251,False,True
True,0,11.83333333333334,6.166666666666668,True,False,買入 (動能增強),1045.0,2026-10-06 00:00:00,967.4,6.699999999999932,False,True,1.2805649878802463,False,0.02097443795256807,160.29040551059433,0.020243150533125445,0.02001603368769348,0.38171656785186414,0.4861648177937994,3.1365000218617656,0.38171656785186414,True,True,True,False,False,True,0.8563939403126904,False,-0.009478672985781977,偏強 (RS上升),6531.TW,愛普*,4,v1,phase6a,2026-07-12,2,6,6,6,4,6,v1,22,0.9564315352697096,22,0.9564315352697096,1,1.0,^TWII,yfinance,2y,2026-10-06,scan_20261007_175251,False,True
True,0,-0.04166650772094726,-0.05833307902018228,True,False,觀察 (跌勢收斂),12.100000381469727,2026-10-06 00:00:00,12.145000076293945,-0.005000019073486683,True,False,0.8674728072525039,False,0.0002428619207915663,38.79937864935953,0.0002548478978071561,0.00026548550637019657,-0.49263358016274905,-1.7956762720628516,-4.618444655250209,-0.49263358016274905,False,False,False,False,False,False,0.00706480379447951,False,-0.03510610450945495,中性,2706.TW,第一店,1,v1,phase6a,2026-07-12,0,1,1,1,1,1,v1,248,0.487551867219917,248,0.487551867219917,249,0.4854771784232365,^TWII,yfinance,2y,2026-10-06,scan_20261007_175251,False,False
True,1,-0.4500002861022949,-0.3166669209798177,True,False,賣出 (動能轉弱),13.300000190734863,2026-10-06 00:00:00,14.077500009536744,-0.07750000953674352,False,False,2.6579087829373766,True,0.0002669473959518774,20.268861193136058,0.0002970076536298217,0.00032504586489378386,-1.0541418907731526,-3.3591903930354494,-11.099676729530383,-1.0541418907731526,False,False,False,False,False,False,0.0,False,-0.21994130288138303,中性,4402.TWO,郡都開發,0,v1,phase6a,2026-07-12,0,0,0,0,0,0,v1,394,0.18464730290456433,394,0.18464730290456433,394,0.18464730290456433,^TWII,yfinance,2y,2026-10-06,scan_20261007_175251,False,False
False,0,0.49166647593180335,0.4083334604899088,False,True,強烈買入 (爆發),17.799999237060547,2026-10-06 00:00:00,17.2125,0.019999980926513672,False,True,0.9115274558802584,False,0.00035726792301768944,27.73720840050143,0.00036254670001288977,0.0003789945737946476,-0.1530314303631375,-0.8209978111134775,-2.433859531789051,-0.1530314303631375,False,False,False,False,False,False,0.015766203000207955,False,-0.06561680052817043,中性,6158.TWO,禾昌,3,v1,phase6a,2026-07-12,0,3,5,3,3,3,v1,44,0.9107883817427386,44,0.9107883817427386,46,0.9066390041493776,^TWII,yfinance,2y,2026-10-06,scan_20261007_175251,False,False
True,0,0.3333333333333333,0.21666717529296875,True,False,買入 (動能增強),40.0,2026-10-06 00:00:00,39.89999980926514,-0.0024999618530259227,False,True,0.5544578761685666,False,0.0008028492996198305,46.85317519019557,0.0008394589704225943,0.0008783540583074867,-0.4569657167318941,-1.7795650055693502,-4.934968779420778,-0.4569657167318941,False,False,False,False,False,False,0.0,False,-0.04076740364116049,中性,2945.TW,三商家購,2,v1,phase6a,2026-07-12,0,2,3,2,2,2,v1,105,0.7842323651452282,105,0.7842323651452282,108,0.7780082987551867,^TWII,yfinance,2y,2026-10-06,scan_20261007_175251,False,False
True,0,3.083333333333333,1.5,True,False,買入 (動能增強),134.0,2026-10-07 00:00:00,128.85,-0.125,True,True,2.1525699078025227,True,0.002689545153726432,62.31729445028452,0.0027539711721738525,0.0028988798904849857,-0.24564626029117687,-2.3904167686466526,-13.94820339579319,-0.24564626029117687,False,False,False,False,False,False,0.09037289454311319,False,-0.19277108433734935,中性,6913.TWO,鴻呈,2,v1,phase6a,2026-07-12,0,2,3,2,2,2,v1,189,0.6099585062240664,189,0.6099585062240664,190,0.6078838174273858,^TWII,yfinance,2y,2026-10-06,scan_20261007_175251,False,False
True,1,-0.03333314259847006,-0.033333460489908845,True,False,觀察 (跌勢收斂),21.950000762939453,2026-10-06 00:00:00,22.080000114440917,-0.014999961853028765,False,False,1.5071466473210469,True,0.0004405635684795171,52.069925371446544,0.000462884642540572,0.0004762019860906878,-0.5050330769698075,-1.6385561178986485,-3.8141468149435864,-0.5050330769698075,False,False,False,False,False,False,0.0,False,-0.0134831117780021,中性,2908.TW,特力,1,v1,phase6a,2026-07-12,0,1,1,1,1,1,v1,252,0.47925311203319504,252,0.47925311203319504,253,0.47717842323651455,^TWII,yfinance,2y,2026-10-06,scan_20261007_175251,False,False
True,0,0.13680235544840494,0.11177730560302734,True,False,買入 (動能增強),10.31020450592041,2026-10-06 00:00:00,10.23412857055664,0.005004978179931285,False,True,1.0031814644201846,False,0.00020693851166288553,30.570791336196628,0.00021623885024322378,0.0002330365974513715,-0.4506918211095279,-1.895177278447746,-6.6856132493589016,-0.4506918211095279,False,False,False,False,False,False,0.010579401430719641,False,-0.11965806258755252,中性,6167.TWO,久正,2,v1,phase6a,2026-07-12,0,2,4,2,2,2,v1,149,0.6929460580912863,149,0.6929460580912863,152,0.6867219917012448,^TWII,yfinance,2y,2026-10-06,scan_20261007_175251,False,False
True,0,0.4333305358886719,0.033331553141276046,True,False,買入 (動能增強),78.0999984741211,2026-10-06 00:00:00,77.62999992370605,-0.11000022888184446,True,True,0.8128246017058854,False,0.0015675632268814486,50.71757206791408,0.0016354901382590978,0.0016817392376772568,-0.4352870817729948,-2.088516264371265,-6.665717212241007,-0.4352870817729948,False,False,False,False,False,False,0.04656454627061618,False,-0.10742858886718754,中性,6277.TW,宏正,3,v1,phase6a,2026-07-12,0,3,4,3,3,3,v1,47,0.9045643153526971,47,0.9045643153526971,49,0.9004149377593361,^TWII,yfinance,2y,2026-10-06,scan_20261007_175251,True,False
True,1,0.150000254313151,-0.04166634877522786,True,False,買入 (動能增強),26.5,2026-10-06 00:00:00,25.807500076293945,0.05000000000000071,False,True,5.962560772699675,True,0.0005318876609981377,44.27514700082967,0.000542832982569915,0.0005679746280640392,-0.21179607068200212,-1.443337759926877,-4.8487617134514664,-0.21179607068200212,False,False,False,False,False,False,0.1029185833318712,False,-0.06194690265486724,中性,1325.TW,恆大,5,v1,phase6a,2026-07-12,0,5,7,5,5,5,v1,1,1.0,1,1.0,2,0.9979253112033195,^TWII,yfinance,2y,2026-10-06,scan_20261007_175251,True,True
True,0,0.3083337148030599,0.29999987284342444,True,False,買入 (動能增強),39.900001525878906,2026-10-06 00:00:00,40.1,-0.01999988555908061,False,False,0.30662002055794996,False,0.0008008422069970512,39.25449961624819,0.0008464583510261846,0.000901960030811304,-0.5640696246986487,-1.9747593095311489,-6.708583871642326,-0.5640696246986487,False,False,False,False,False,False,0.0,False,-0.07424587149727135,中性,6184.TW,大豐電,2,v1,phase6a,2026-07-12,0,2,2,2,2,2,v1,152,0.6867219917012448,152,0.6867219917012448,155,0.6804979253112033,^TWII,yfinance,2y,2026-10-06,scan_20261007_175251,False,False
True,3,0.0,0.0,True,False,賣出 (動能轉弱),3.2699999809265137,2026-10-06 00:00:00,3.2699999809265137,0.0,False,False,1.0,False,6.563292986109276e-05,34.09692455517373,6.866740596038456e-05,7.280406720526048e-05,-0.46301382777916844,-1.7345915023482927,-4.329556677172364,-0.46301382777916844,False,False,False,False,False,False,0.0,False,0.0,中性,4804.TWO,大略-KY,0,v1,phase6a,2026-07-12,0,0,0,0,0,0,v1,405,0.16182572614107885,405,0.16182572614107885,405,0.16182572614107885,^TWII,yfinance,2y,2026-10-06,scan_20261007_175251,False,False
True,0,0.3166659673055013,0.28333282470703125,True,False,買入 (動能增強),25.399999618530273,2026-10-06 00:00:00,25.127499866485596,0.019999980926513672,False,True,1.3488186415438317,False,0.0005098092976020248,35.28651437617233,0.0005288976908864322,0.0005523012279858993,-0.3784663930785137,-1.401134672500537,-4.030668824275518,-0.3784663930785137,False,False,False,False,False,False,0.007499326164138158,False,0.0,中性,3666.TWO,光耀,2,v1,phase6a,2026-07-12,0,2,4,2,2,2,v1,124,0.7448132780082988,124,0.7448132780082988,127,0.7385892116182573,^TWII,yfinance,2y,2026-10-06,scan_20261007_175251,False,False
True,0,0.7749989827473958,0.5749988555908203,True,False,買入 (動能增強),47.0,2026-10-06 00:00:00,45.58999938964844,0.020000076293946734,False,True,3.6705956607560895,True,0.0009433479270533009,65.93843476615557,0.0009675227514797827,0.001053047918319605,-0.2623238527007632,-1.761747485419729,-8.239224628169929,-0.2623238527007632,False,False,False,False,False,False,0.05387041058459657,False,-0.14708082726064353,中性,3209.TW,全科,2,v1,phase6a,2026-07-12,0,2,4,2,2,2,v1,112,0.7697095435684648,112,0.7697095435684648,115,0.7634854771784232,^TWII,yfinance,2y,2026-10-06,scan_20261007_175251,False,False
True,0,0.3317441940307617,0.4304726918538411,True,False,觀望 (動能減弱),17.899999618530273,2026-10-06 00:00:00,17.821334838867188,0.019713878631591797,False,True,1.8215160428794723,True,0.00035927505392330657,39.81442148098071,0.00037394847821942525,0.00038210665530549504,-0.41134475906755563,-1.188638865459124,-1.1162568479078039,-0.41134475906755563,False,False,False,False,False,False,0.019115612537693043,False,-0.01648357867215422,中性,8423.TWO,保綠-KY,2,v1,phase6a,2026-07-12,0,2,4,2,2,2,v1,203,0.5809128630705395,203,0.5809128630705395,204,0.578838174273859,^TWII,yfinance,2y,2026-10-06,scan_20261007_175251,False,True
True,1,2.1666666666666665,1.4166666666666665,True,False,買入 (動能增強),245.0,2026-10-06 00:00:00,242.975,-0.15000000000000568,False,True,1.2002116476922797,False,0.004917451960171462,39.42624347190362,0.005106924135701879,0.005107358289710953,-0.38901795973220743,-1.7620547424009536,-4.775742650115666,-0.38901795973220743,False,False,False,False,False,False,0.35410150393680023,False,-0.05769230769230771,中性,3617.TW,碩天,2,v1,phase6a,2026-07-12,0,2,3,2,2,2,v1,123,0.7468879668049793,123,0.7468879668049793,126,0.7406639004149378,^TWII,yfinance,2y,2026-10-06,scan_20261007_175251,False,False
True,0,0.35833326975504554,0.22499974568684894,True,False,買入 (動能增強),27.399999618530273,2026-10-06 00:00:00,27.64499988555908,-0.07750005722046183,False,False,0.645270375229724,False,0.0005499517625830163,30.746662511271975,0.0005824916410978385,0.0006435902864876046,-0.5845966245145218,-2.0753625892297345,-6.760402439191626,-0.5845966245145218,False,False,False,False,False,False,0.0,False,-0.23356644423691542,中性,3447.TW,展達,2,v1,phase6a,2026-07-12,0,2,2,2,2,2,v1,118,0.7572614107883817,118,0.7572614107883817,121,0.7510373443983402,^TWII,yfinance,2y,2026-10-06,scan_20261007_175251,False,False
True,0,0.583333333333333,0.08333333333333323,True,False,買入 (動能增強),176.0,2026-10-06 00:00:00,177.55,-0.29999999999998295,False,False,0.7350398224080199,False,0.0035325369183272543,32.21160966629046,0.003745511295715154,0.004019567629410473,-0.5949780805275751,-2.198643464873873,-7.722917594124679,-0.5949780805275751,False,False,False,False,False,False,0.0,False,-0.10754296884429948,中性,1795.TW,美時,2,v1,phase6a,2026-07-12,0,2,2,2,2,2,v1,78,0.8402489626556017,78,0.8402489626556017,82,0.8319502074688797,^TWII,yfinance,2y,2026-10-06,scan_20261007_175251,False,False
True,0,0.8666664759318033,0.6333332061767578,True,False,買入 (動能增強),32.25,2026-10-06 00:00:00,31.075000095367432,0.0625,False,True,0.9215634323630039,False,0.0006472972478184883,30.70657765884188,0.0006558065543779566,0.0006963661206975474,-0.13639612952363045,-1.0207246480127385,-3.9839172679480117,-0.13639612952363045,False,False,False,False,False,False,0.046776710354163,False,-0.0444444444444444,中性,6835.TW,圓裕,2,v1,phase6a,2026-07-12,0,2,4,2,2,2,v1,185,0.6182572614107884,185,0.6182572614107884,186,0.6161825726141079,^TWII,yfinance,2y,2026-10-06,scan_20261007_175251,False,False
True,1,-0.016666730244954436,0.12499999999999999,True,False,賣出 (動能轉弱),30.399999618530273,2026-10-06 00:00:00,30.754999828338622,-0.05500001907348562,False,False,1.4364595208909783,False,0.0006101654600545036,47.27753809282661,0.0006519103802312416,0.0007508845265682177,-0.6695370171115989,-2.7371330020814155,-10.207336764687158,-0.6695370171115989,False,False,False,False,False,False,0.012111009894741212,False,-0.37959184451979033,中性,2429.TW,銘旺科,0,v1,phase6a,2026-07-12,0,0,0,0,0,0,v1,353,0.2697095435684647,353,0.2697095435684647,355,0.26556016597510373,^TWII,yfinance,2y,2026-10-06,scan_20261007_175251,False,False
True,1,0.0833339691162109,0.008333841959635435,True,False,買入 (動能增強),39.95000076293945,2026-10-06 00:00:00,40.51999969482422,-0.10249996185302734,True,False,0.6120785365058576,False,0.0008018457533084408,132.8755621691934,0.000853562992229327,0.0008242304100921273,-0.6337457603223129,-1.937489841260176,-7.6471513931121615,-0.6337457603223129,False,False,True,False,False,False,0.3935426670942537,False,-0.29166667230303955,中性,2491.TW,吉祥全,3,v1,phase6a,2026-07-12,0,3,3,3,3,3,v1,32,0.9356846473029046,32,0.9356846473029046,35,0.9294605809128631,^TWII,yfinance,2y,2026-10-06,scan_20261007_175251,True,False
True,0,-0.3666667938232422,-0.2916663487752279,True,False,賣出 (動能轉弱),23.549999237060547,2026-10-06 00:00:00,24.5375,-0.07250003814696981,False,False,2.160019263604921,True,0.0004726775098380401,9.209938918275771,0.0005148546680731145,0.0005600397280120411,-0.8549487790350474,-2.6760450486300824,-6.920745311700916,-0.8549487790350474,False,False,False,False,False,False,0.0,False,-0.1341912288051148,中性,1225.TW,福懋油,0,v1,phase6a,2026-07-12,0,0,0,0,0,0,v1,323,0.33195020746887965,323,0.33195020746887965,325,0.3278008298755187,^TWII,yfinance,2y,2026-10-06,scan_20261007_175251,False,False
True,0,0.033334096272786454,-0.17499923706054688,True,False,買入 (動能增強),38.95000076293945,2026-10-06 00:00:00,38.94249992370605,-0.0350000381469755,False,True,0.9085223807961058,False,0.000781774520817945,41.97962468446256,0.0008180574449349779,0.0008480820494871168,-0.46469928758476886,-1.74175774693609,-5.073675214441131,-0.46469928758476886,False,False,False,False,False,False,0.0,False,-0.04182043540286673,中性,1618.TW,合機,4,v1,phase6a,2026-07-12,0,4,5,4,4,4,v1,12,0.9771784232365145,12,0.9771784232365145,18,0.9647302904564315,^TWII,yfinance,2y,2026-10-06,scan_20261007_175251,False,True
False,0,-1.6750001907348633,-1.458333651224772,False,True,強烈賣出 (跌破),27.399999618530273,2026-10-06 00:00:00,28.654999923706054,-0.11000003814697479,True,False,0.9893564785749359,False,0.0005499517625830163,52.48966372950882,0.000594141608588053,0.0006360848419078725,-0.776822943233646,-3.2265388564900466,-5.016747772348074,-0.776822943233646,False,False,False,False,False,False,0.0,False,-0.16207954191903062,中性,3086.TWO,華義*,0,v1,phase6a,2026-07-12,0,0,0,0,0,0,v1,373,0.22821576763485477,373,0.22821576763485477,375,0.22406639004149378,^TWII,yfinance,2y,2026-10-06,scan_20261007_175251,False,False
True,0,0.17499971389770508,0.1249998410542806,True,False,買入 (動能增強),12.199999809265137,2026-10-06 00:00:00,12.13499994277954,-0.020000028610230203,False,True,1.5554600011217259,True,0.0002448690325557645,15.066790774669498,0.00025567686539786023,0.00027141373096596655,-0.44299152623523685,-1.5796126964623292,-5.463266043838688,-0.44299152623523685,False,False,False,False,False,False,0.006279010837257191,False,-0.14385966250770965,中性,6219.TWO,富旺,2,v1,phase6a,2026-07-12,0,2,3,2,2,2,v1,155,0.6804979253112033,155,0.6804979253112033,158,0.6742738589211619,^TWII,yfinance,2y,2026-10-06,scan_20261007_175251,False,False
True,1,-0.050000190734863295,-0.17500019073486328,True,False,觀察 (跌勢收斂),21.5,2026-10-06 00:00:00,21.947499656677245,-0.05500001907348917,False,False,1.6880201211998447,True,0.0004315314985456589,21.674490726224068,0.00046271041601254095,0.0004979630150181608,-0.7043014565719097,-2.2720704120225643,-8.089847896718915,-0.7043014565719097,False,False,False,False,False,False,0.0,False,-0.11157027594289615,中性,6929.TWO,佑全,1,v1,phase6a,2026-07-12,0,1,1,1,1,1,v1,298,0.38381742738589214,298,0.38381742738589214,299,0.3817427385892116,^TWII,yfinance,2y,2026-10-06,scan_20261007_175251,False,False
True,0,-2.25,-1.9833335876464844,True,False,賣出 (動能轉弱),78.5,2026-10-06 00:00:00,81.25,-0.39500007629393963,False,False,0.48912257934031694,False,0.0015755917505039174,70.13719041759208,0.0017452604743750835,0.00202826353496669,-1.0129691811158859,-4.637011107476807,-19.65278286874268,-1.0129691811158859,False,False,False,False,False,False,0.0,False,-0.3083700440528634,中性,6919.TW,康霈*,0,v1,phase6a,2026-07-12,0,0,0,0,0,0,v1,443,0.08298755186721991,443,0.08298755186721991,443,0.08298755186721991,^TWII,yfinance,2y,2026-10-06,scan_20261007_175251,False,False
True,0,-2.8333333333333335,-3.833333333333333,True,False,觀察 (跌勢收斂),270.0,2026-10-06 00:00:00,273.175,-0.27499999999997726,False,False,1.5098325152084466,True,0.005419232772433856,49.59963579836749,0.005710989148009946,0.005859146158125261,-0.5348798366577534,-2.036424854566987,-3.924158630048158,-0.5348798366577534,False,False,False,False,False,False,0.0,False,-0.060869565217391286,中性,6670.TW,復盛應用,1,v1,phase6a,2026-07-12,0,1,1,1,1,1,v1,293,0.3941908713692946,293,0.3941908713692946,294,0.3921161825726141,^TWII,yfinance,2y,2026-10-06,scan_20261007_175251,False,False
True,0,-1.4999999999999998,-1.7166671752929685,True,False,觀察 (跌勢收斂),69.30000305175781,2026-10-06 00:00:00,69.31999969482422,-0.025000000000005684,False,False,0.9663261752639818,False,0.0013909364728438968,113.9948553578171,0.0014367265296199724,0.0014264912575959931,-0.3343635364802866,-2.0297925142684248,0.40289440131953125,-0.3343635364802866,False,False,True,False,False,False,0.2764745092271112,False,-0.021186439764747433,中性,2885.TW,元大金,1,v1,phase6a,2026-07-12,0,1,1,1,1,1,v1,250,0.483402489626556,250,0.483402489626556,251,0.48132780082987553,^TWII,yfinance,2y,2026-10-06,scan_20261007_175251,False,False
True,0,2.583333333333333,2.1666666666666665,True,False,買入 (動能增強),159.5,2026-10-06 00:00:00,158.45,0.024999999999977263,False,True,0.30309987276607986,False,0.003201361582234074,86.915631168041,0.0033403800677069646,0.0033834535652059418,-0.4361688673739095,-1.5985758034605446,-5.044832987041536,-0.4361688673739095,False,False,False,False,False,False,0.008362803375962673,False,-0.053412462908011826,中性,2850.TW,新產,2,v1,phase6a,2026-07-12,0,2,4,2,2,2,v1,101,0.7925311203319502,101,0.7925311203319502,104,0.7863070539419087,^TWII,yfinance,2y,2026-10-06,scan_20261007_175251,False,False
True,1,-1.2166671752929688,-0.6666666666666666,True,False,賣出 (動能轉弱),80.19999694824219,2026-10-06 00:00:00,82.03000030517578,-0.07500000000000284,False,False,1.6700604650196356,True,0.0016097127844852195,35.09507973230983,0.0017251844099527445,0.0018571485658626609,-0.6996277479442092,-2.5000721050416286,-6.92356957568,-0.6996277479442092,False,False,False,False,False,False,0.0,False,-0.14132766982856326,中性,4994.TW,傳奇,0,v1,phase6a,2026-07-12,0,0,0,0,0,0,v1,408,0.15560165975103735,408,0.15560165975103735,408,0.15560165975103735,^TWII,yfinance,2y,2026-10-06,scan_20261007_175251,False,False
True,0,-0.24166806538899743,-0.4166679382324219,True,False,觀察 (跌勢收斂),49.5,2026-10-06 00:00:00,49.20749969482422,0.007500076293950997,False,True,1.4792601388972317,False,0.0009935260082795402,45.139456641202536,0.0010316152130308168,0.0010679475964281888,-0.3871470378538855,-1.790672281582073,-4.186217608014331,-0.3871470378538855,False,False,False,False,False,False,0.04161530899123068,False,-0.006024081157762207,中性,9926.TW,新海,1,v1,phase6a,2026-07-12,0,1,3,1,1,1,v1,318,0.34232365145228216,318,0.34232365145228216,319,0.34024896265560167,^TWII,yfinance,2y,2026-10-06,scan_20261007_175251,False,False
True,1,-0.048333485921223954,-0.03333346048990885,True,False,賣出 (動能轉弱),9.949999809265137,2026-10-06 00:00:00,10.000499868392945,-0.007500028610229137,True,False,4.182624593015608,True,0.00019970875945214906,34.085947847547004,0.00021003176608429356,0.00022116338675048477,-0.514702785499499,-2.000717258791429,-5.4184444937737775,-0.514702785499499,False,False,False,False,False,False,0.007155182057430371,False,-0.04784689082546123,中性,1324.TW,地球,0,v1,phase6a,2026-07-12,0,0,0,0,0,0,v1,326,0.3257261410788382,326,0.3257261410788382,328,0.3215767634854772,^TWII,yfinance,2y,2026-10-06,scan_20261007_175251,False,False
True,1,0.2999998728434245,0.11666615804036458,True,False,買入 (動能增強),59.79999923706055,2026-10-06 00:00:00,59.87999992370605,-0.04500007629394531,False,False,0.7492972668164692,False,0.0012002596876185114,42.08735060266083,0.001259252190361908,0.0013262389460750718,-0.49070912336232064,-1.6325449027166372,-4.975775856516485,-0.49070912336232064,False,False,False,False,False,False,0.0,False,-0.0454067516650809,中性,6203.TWO,海韻電,2,v1,phase6a,2026-07-12,0,2,2,2,2,2,v1,153,0.6846473029045643,153,0.6846473029045643,156,0.6784232365145229,^TWII,yfinance,2y,2026-10-06,scan_20261007_175251,False,False
True,1,0.5833333333333333,0.75,True,False,觀望 (動能減弱),108.0,2026-10-06 00:00:00,108.1,0.125,False,False,0.2888452768180804,False,0.0021676931089735425,42.55737909598098,0.002273672789427965,0.0023790256233080296,-0.4882535217106243,-1.7772713855784827,-4.585836249468034,-0.4882535217106243,False,False,False,False,False,False,0.0,False,-0.060869565217391286,中性,3679.TW,新至陞,0,v1,phase6a,2026-07-12,0,0,1,0,0,0,v1,382,0.2095435684647303,382,0.2095435684647303,383,0.2074688796680498,^TWII,yfinance,2y,2026-10-06,scan_20261007_175251,False,False
True,1,-0.10833358764648438,-0.14166768391927081,True,False,觀察 (跌勢收斂),39.900001525878906,2026-10-06 00:00:00,40.16750011444092,-0.0024999618530259227,True,False,0.3018428814073705,False,0.0008008422069970512,42.20066358012359,0.0008396517493514898,0.0008645143602659393,-0.48418110825474425,-1.7144607597358807,-2.4155208241088633,-0.48418110825474425,False,False,False,False,False,False,0.0,False,-0.014814777138792423,中性,8908.TWO,欣雄,1,v1,phase6a,2026-07-12,0,1,1,1,1,1,v1,312,0.35477178423236516,312,0.35477178423236516,313,0.35269709543568467,^TWII,yfinance,2y,2026-10-06,scan_20261007_175251,False,False
True,0,0.7333323160807291,1.3166656494140625,True,False,觀望 (動能減弱),79.4000015258789,2026-10-06 00:00:00,82.59999961853028,-0.24500007629394815,False,False,0.7581288963853988,False,0.0015936558903716339,20.471543037912483,0.0017136398344009545,0.0017267896482263923,-0.7316289381153029,-1.0606328849608104,2.743696329575762,-0.7316289381153029,False,False,False,False,False,False,0.10929640929598386,False,-0.08208090721527272,中性,6906.TW,現觀科,0,v1,phase6a,2026-07-12,0,0,0,0,0,0,v1,442,0.08506224066390042,442,0.08506224066390042,442,0.08506224066390042,^TWII,yfinance,2y,2026-10-06,scan_20261007_175251,False,False
True,0,0.3916670481363932,0.45000012715657545,True,False,觀望 (動能減弱),34.849998474121094,2026-10-06 00:00:00,34.97999992370605,0.0,False,False,1.1116643859901287,False,0.000699482421667507,52.08794639913517,0.0007336799823502938,0.00074856166725285,-0.48824660503650197,-1.368415926078126,-2.4722970431690805,-0.48824660503650197,False,False,False,False,False,False,0.11870904669547491,False,-0.023809587413251676,中性,1612.TW,宏泰,0,v1,phase6a,2026-07-12,0,0,0,0,0,0,v1,338,0.3008298755186722,338,0.3008298755186722,340,0.2966804979253112,^TWII,yfinance,2y,2026-10-06,scan_20261007_175251,False,False
True,0,1.2499999999999998,-0.33333333333333304,True,False,買入 (動能增強),119.5,2026-10-06 00:00:00,120.225,-0.10000000000000853,False,False,0.5051472640059017,False,0.0023985122826142434,206.25898145942728,0.0025325030330572013,0.0027330508426657474,-0.5538462642146191,-1.430386899348035,-6.974824829512782,-0.5538462642146191,False,False,False,False,False,False,0.10432220853526178,False,-0.19528619528619529,中性,2337.TW,旺宏,2,v1,phase6a,2026-07-12,0,2,2,2,2,2,v1,90,0.8153526970954357,90,0.8153526970954357,94,0.8070539419087137,^TWII,yfinance,2y,2026-10-06,scan_20261007_175251,False,False
True,1,0.1183331807454427,0.09833319981892903,True,False,買入 (動能增強),9.979999542236328,2026-10-06 00:00:00,9.97799997329712,-0.0010000228881832385,False,True,1.2243218483611011,False,0.00020031089106726662,36.99865528049392,0.00020987638885808897,0.00021861332007931246,-0.47746530129978426,-1.67480028384982,-4.567824314089952,-0.47746530129978426,False,False,False,False,False,False,0.0,False,-0.034952933060157565,中性,1474.TW,弘裕,2,v1,phase6a,2026-07-12,0,2,3,2,2,2,v1,70,0.8568464730290456,70,0.8568464730290456,74,0.8485477178423236,^TWII,yfinance,2y,2026-10-06,scan_20261007_175251,False,False
True,0,-0.41666666666666663,-0.08333333333333333,True,False,賣出 (動能轉弱),104.5,2026-10-06 00:00:00,105.125,0.025000000000005684,False,False,0.6048741766641689,False,0.002097443795256807,57.90798493992578,0.002199387562496025,0.0022424230024981223,-0.48553608950617777,-1.6156796990529187,-1.7173470225256837,-0.48553608950617777,False,False,False,False,False,False,0.0,False,-0.027906976744186074,中性,4904.TW,遠傳,0,v1,phase6a,2026-07-12,0,0,1,0,0,0,v1,406,0.15975103734439833,406,0.15975103734439833,406,0.15975103734439833,^TWII,yfinance,2y,2026-10-06,scan_20261007_175251,False,False
True,0,1.9464772542317696,13.271464029947916,True,False,觀望 (動能減弱),301.52764892578125,2026-10-06 00:00:00,314.34789581298827,1.2475173950195426,False,False,0.27904377387869983,False,0.00605203154390194,282.0727738058591,0.0063931338299862885,0.005770617854999565,-0.5584894092911852,-0.2500884632047229,22.805072551692373,-0.5584894092911852,False,True,True,False,False,False,0.670595377834782,False,-0.09841272332527207,中性,6173.TWO,信昌電,0,v1,phase6a,2026-07-12,0,0,1,0,0,0,v1,415,0.14107883817427386,415,0.14107883817427386,415,0.14107883817427386,^TWII,yfinance,2y,2026-10-06,scan_20261007_175251,False,False
True,2,-3.469446951953614e-18,0.04166666666666666,True,False,賣出 (動能轉弱),12.949999809265137,2026-10-06 00:00:00,12.9625,0.0,False,False,1.033236292347499,False,0.00025992245692363635,47.20724252641091,0.00027208402031158625,0.0002804086700474011,-0.46830003269100473,-1.6389791557669176,-3.7076863317513142,-0.46830003269100473,False,False,False,False,False,False,0.0,False,-0.08156032206324793,中性,9912.TW,偉聯,0,v1,phase6a,2026-07-12,0,0,0,0,0,0,v1,478,0.01037344398340249,478,0.01037344398340249,478,0.01037344398340249,^TWII,yfinance,2y,2026-10-06,scan_20261007_175251,False,False
True,1,0.07500060399373373,0.07638947168986003,True,False,觀望 (動能減弱),14.25,2026-10-06 00:00:00,14.317082977294922,-0.0028333187103282143,False,False,0.9201782048087729,False,0.0002860150629895646,38.103077924067684,0.00030046053652115883,0.0003105237409466518,-0.5035335315224709,-1.6755403352336495,-3.8670407434258203,-0.5035335315224709,False,False,False,False,False,False,0.0,False,-0.017241379310344862,中性,2109.TW,華豐,2,v1,phase6a,2026-07-12,0,2,2,2,2,2,v1,88,0.8195020746887967,88,0.8195020746887967,92,0.8112033195020747,^TWII,yfinance,2y,2026-10-06,scan_20261007_175251,False,True
True,0,0.5000000000000001,1.1666666666666665,True,False,觀望 (動能減弱),135.0,2026-10-06 00:00:00,137.25,-0.17500000000001137,False,False,0.4715381316586449,False,0.002709616386216928,26.438046629138654,0.002884338433640625,0.002970435704612307,-0.6336032982869,-2.0920114856849747,-4.741417594606078,-0.6336032982869,False,False,False,False,False,False,0.0,False,-0.04929577464788737,中性,6605.TW,帝寶,2,v1,phase6a,2026-07-12,0,2,2,2,2,2,v1,170,0.6493775933609959,170,0.6493775933609959,171,0.6473029045643154,^TWII,yfinance,2y,2026-10-06,scan_20261007_175251,False,True
True,0,0.19166723887125653,0.0583337148030599,True,False,買入 (動能增強),16.75,2026-10-06 00:00:00,16.457500076293947,-0.0024999618530259227,False,True,1.3461883632690372,False,0.000336193144215804,24.22998480001133,0.0003479043758385571,0.00037144250669430846,-0.35308796818963595,-1.727711891280037,-7.411600275586682,-0.35308796818963595,False,False,False,False,False,False,0.0,False,-0.14540817989800547,中性,4171.TWO,瑞基,2,v1,phase6a,2026-07-12,0,2,3,2,2,2,v1,133,0.7261410788381742,133,0.7261410788381742,136,0.7199170124481328,^TWII,yfinance,2y,2026-10-06,scan_20261007_175251,False,False
True,0,-0.07309516270955403,-0.07246017456054688,True,False,賣出 (動能轉弱),10.199999809265137,2026-10-06 00:00:00,10.396547603607178,-0.027071428298949485,False,False,1.3448902003190772,False,0.00020472656757477298,30.658709255833358,0.00021971737757696812,0.00023376171756887983,-0.7130651169130697,-2.5236450926971465,-9.557664859865955,-0.7130651169130697,False,False,False,False,False,False,0.0,False,-0.15462946474337014,中性,1517.TW,利奇,0,v1,phase6a,2026-07-12,0,0,0,0,0,0,v1,334,0.3091286307053942,334,0.3091286307053942,336,0.3049792531120332,^TWII,yfinance,2y,2026-10-06,scan_20261007_175251,False,False
True,0,-0.4416659673055013,-0.3999993006388346,True,False,賣出 (動能轉弱),18.25,2026-10-06 00:00:00,18.657500171661376,-0.04750003814697479,True,False,1.4021874123632867,False,0.00036629999295154764,21.979149740001553,0.00039124195640530116,0.0004132622745793396,-0.6665871971906712,-2.7898237458038655,-7.246128005813379,-0.6665871971906712,False,False,False,False,False,False,0.03550195002133917,False,-0.10757949539671452,中性,4102.TWO,永日,1,v1,phase6a,2026-07-12,0,1,1,1,1,1,v1,267,0.44813278008298757,267,0.44813278008298757,268,0.4460580912863071,^TWII,yfinance,2y,2026-10-06,scan_20261007_175251,True,False
True,0,0.3249994913736979,0.42499987284342444,True,False,觀望 (動能減弱),41.04999923706055,2026-10-06 00:00:00,41.05499954223633,0.022500038146972656,False,False,0.6096284720881604,False,0.0008239240784217159,47.605982239741394,0.0008628190896132574,0.0008967292456653901,-0.47227464362930016,-1.6706478701655758,-3.735640204309554,-0.47227464362930016,False,False,False,False,False,False,0.0,False,-0.015587566282650789,中性,6697.TWO,東捷資訊,0,v1,phase6a,2026-07-12,0,0,1,0,0,0,v1,430,0.10995850622406639,430,0.10995850622406639,430,0.10995850622406639,^TWII,yfinance,2y,2026-10-06,scan_20261007_175251,False,False
True,0,0.16666666666666666,0.0,True,False,買入 (動能增強),106.5,2026-10-06 00:00:00,106.225,0.0,False,True,0.7691949609250002,False,0.0021375862602377987,41.21163270339371,0.00222707137034451,0.0022933171753400784,-0.4211725369109076,-1.631240050563898,-3.3531596932301455,-0.4211725369109076,False,False,False,False,False,False,0.0,False,-0.018433179723502335,中性,9917.TW,中保科,2,v1,phase6a,2026-07-12,0,2,3,2,2,2,v1,211,0.5643153526970954,211,0.5643153526970954,212,0.5622406639004149,^TWII,yfinance,2y,2026-10-06,scan_20261007_175251,False,False
True,0,0.3250001271565755,0.16666698455810547,True,False,買入 (動能增強),27.75,2026-10-06 00:00:00,26.92250003814697,0.047500038146971235,False,True,3.628105404389727,True,0.0005569767016112574,54.8840659695146,0.0005656141706523237,0.000575174435522584,-0.16048892294949768,-1.1749416534516666,-2.6223148024170695,-0.16048892294949768,False,False,False,False,False,False,0.12397102918359658,False,0.0,中性,2107.TW,厚生,2,v1,phase6a,2026-07-12,0,2,4,2,2,2,v1,86,0.8236514522821576,86,0.8236514522821576,90,0.8153526970954357,^TWII,yfinance,2y,2026-10-06,scan_20261007_175251,False,False
True,1,-0.23333485921223962,-0.3333346048990885,True,False,觀察 (跌勢收斂),66.19999694824219,2026-10-06 00:00:00,66.82999954223632,-0.10500030517579262,False,False,0.7995074487058065,False,0.0013287155296182788,73.21511398912818,0.0014052918027622522,0.0014882980002283103,-0.5703220209701487,-1.935074849507279,-6.173512130122905,-0.5703220209701487,False,False,False,False,False,False,0.0,False,-0.09723354109424209,中性,2374.TW,佳能,1,v1,phase6a,2026-07-12,0,1,1,1,1,1,v1,240,0.504149377593361,240,0.504149377593361,241,0.5020746887966805,^TWII,yfinance,2y,2026-10-06,scan_20261007_175251,False,False
False,0,-0.3833333651224772,-0.35000022252400714,False,True,強烈賣出 (跌破),11.800000190734863,2026-10-06 00:00:00,12.145000076293945,-0.029999971389770508,False,False,1.3510995760585462,False,0.00023684054721613378,21.639932553208283,0.0002538288500015921,0.0002659583155725682,-0.6995785695232404,-2.694721793779431,-5.739991251697107,-0.6995785695232404,False,False,False,False,False,False,0.0,False,-0.06349207670750456,中性,8107.TWO,大億金茂,0,v1,phase6a,2026-07-12,0,0,0,0,0,0,v1,458,0.05186721991701245,458,0.05186721991701245,458,0.05186721991701245,^TWII,yfinance,2y,2026-10-06,scan_20261007_175251,False,False
True,0,1.4666665395100908,1.2416667938232422,True,False,買入 (動能增強),43.04999923706055,2026-10-06 00:00:00,41.462500190734865,0.05499992370605611,False,True,1.3519557521550267,False,0.0008640665434027074,57.35825315941584,0.00086892847214523,0.0008235930506084463,-0.05886338600875618,-0.18654370373887286,1.4691622278153682,-0.05886338600875618,False,True,True,False,False,False,0.7493247929255318,False,0.0,中性,4139.TWO,馬光-KY,2,v1,phase6a,2026-07-12,0,2,4,2,2,2,v1,132,0.7282157676348547,132,0.7282157676348547,135,0.7219917012448133,^TWII,yfinance,2y,2026-10-06,scan_20261007_175251,False,False
True,0,-0.14166641235351562,-0.15833314259847006,True,False,觀察 (跌勢收斂),21.25,2026-10-06 00:00:00,21.222499752044676,-0.00500001907348846,True,True,0.2940960223512977,False,0.00042651369042303493,33.96643738729966,0.0004462617377494083,0.0004726494438662196,-0.4636524959351185,-2.074926839764879,-6.055131765526822,-0.4636524959351185,False,False,False,False,False,False,0.00912673287002176,False,-0.08207341899951615,中性,3531.TWO,先益,1,v1,phase6a,2026-07-12,0,1,2,1,1,1,v1,262,0.45850622406639,262,0.45850622406639,263,0.45643153526970953,^TWII,yfinance,2y,2026-10-06,scan_20261007_175251,False,False
True,0,-0.4749991099039713,-0.416666030883789,True,False,賣出 (動能轉弱),24.5,2026-10-06 00:00:00,24.604999923706053,-0.014999961853028765,True,False,1.097086499919787,False,0.0004917451960171461,47.99250482686223,0.0005149686253535667,0.0005174160474319616,-0.47246021630672486,-2.345144019678347,-4.512722546455983,-0.47246021630672486,False,False,False,False,False,False,0.15578844718971313,False,-0.04854368932038833,中性,1904.TW,正隆,0,v1,phase6a,2026-07-12,0,0,0,0,0,0,v1,342,0.2925311203319502,342,0.2925311203319502,344,0.2883817427385892,^TWII,yfinance,2y,2026-10-06,scan_20261007_175251,False,False
True,1,0.125,0.058333396911621094,True,False,買入 (動能增強),26.149999618530273,2026-10-06 00:00:00,26.03750009536743,0.0024999618530259227,False,True,3.7124330837239534,True,0.0005248627219698966,43.524006109173136,0.0005467430872484154,0.0005675436341674727,-0.4194903806711614,-1.631150482474375,-3.9405309580609393,-0.4194903806711614,False,False,False,False,False,False,0.01622429580606562,False,-0.044394125178015664,中性,1732.TW,毛寶,4,v1,phase6a,2026-07-12,0,4,6,4,4,4,v1,13,0.975103734439834,13,0.975103734439834,19,0.9626556016597511,^TWII,yfinance,2y,2026-10-06,scan_20261007_175251,False,True
True,0,2.5,1.4999999999999998,True,False,買入 (動能增強),128.5,2026-10-06 00:00:00,129.675,-0.375,True,False,0.30836921997860883,False,0.0025791533750287054,19.749941004597297,0.0027647092192241395,0.003081110422390283,-0.7015266001066389,-2.037697237588698,-11.742187987352604,-0.7015266001066389,False,False,False,False,False,False,0.0,False,-0.18120597209729772,中性,2072.TW,世紀風電,2,v1,phase6a,2026-07-12,0,2,2,2,2,2,v1,85,0.8257261410788381,85,0.8257261410788381,89,0.8174273858921162,^TWII,yfinance,2y,2026-10-06,scan_20261007_175251,False,False
True,0,1.75,1.5166664123535156,True,False,買入 (動能增強),61.20000076293945,2026-10-06 00:00:00,60.16999988555908,0.04500007629394531,False,True,0.8744286945344325,False,0.0012283594437314757,36.9362975425689,0.0012748318795402938,0.0013752771916106532,-0.38225714592796667,-1.504605788401081,-6.562553889738654,-0.38225714592796667,False,False,False,False,False,False,0.015278570152673194,False,-0.12571427481515063,中性,6823.TWO,濾能,2,v1,phase6a,2026-07-12,0,2,4,2,2,2,v1,184,0.6203319502074689,184,0.6203319502074689,185,0.6182572614107884,^TWII,yfinance,2y,2026-10-06,scan_20261007_175251,False,False
True,0,1.2499999999999998,1.4500007629394531,True,False,觀望 (動能減弱),91.5999984741211,2026-10-06 00:00:00,91.22999992370606,-0.010000228881835938,False,True,0.719173373663448,False,0.0018385248655031414,25.75168655053237,0.0019265087446871652,0.0020621177475537,-0.4784380366888996,-1.7582179772099193,-5.9308221263778655,-0.4784380366888996,False,False,False,False,False,False,0.0,False,-0.12761906215122765,中性,6569.TWO,醫揚,0,v1,phase6a,2026-07-12,0,0,1,0,0,0,v1,424,0.12240663900414937,424,0.12240663900414937,424,0.12240663900414937,^TWII,yfinance,2y,2026-10-06,scan_20261007_175251,False,False
True,1,-0.0666669209798177,-0.05000019073486328,True,False,賣出 (動能轉弱),17.299999237060547,2026-10-06 00:00:00,17.4125,-0.022500038146972656,False,False,0.9880663541449383,False,0.00034723230677244154,39.99181250984748,0.0003659229633275664,0.0003843540359269626,-0.5347890370395403,-2.08640162643724,-5.543837988110168,-0.5347890370395403,False,False,False,False,False,False,0.0026704479434365236,False,-0.06989253321222011,中性,4538.TWO,大詠城,0,v1,phase6a,2026-07-12,0,0,0,0,0,0,v1,401,0.17012448132780084,401,0.17012448132780084,401,0.17012448132780084,^TWII,yfinance,2y,2026-10-06,scan_20261007_175251,False,False
True,0,-0.15833346048990884,-0.3666667938232422,True,False,觀察 (跌勢收斂),35.45000076293945,2026-10-06 00:00:00,35.104999732971194,0.0,False,True,0.6698377232888386,False,0.00071152520710121,39.85808423067328,0.0007371376068796022,0.0007797165964688766,-0.3644119304008764,-1.7132034194325962,-5.446836946133571,-0.3644119304008764,False,False,False,False,False,False,0.08813583345697938,False,-0.04447433366695652,中性,1423.TW,利華,1,v1,phase6a,2026-07-12,0,1,2,1,1,1,v1,221,0.5435684647302904,221,0.5435684647302904,223,0.5394190871369294,^TWII,yfinance,2y,2026-10-06,scan_20261007_175251,False,False
True,0,0.4583333333333333,0.4500001271565755,True,False,買入 (動能增強),34.849998474121094,2026-10-06 00:00:00,34.77250003814697,-0.022500038146972656,False,True,0.7350452573947472,False,0.000699482421667507,41.91477987746066,0.0007349263113821599,0.0007812785973078048,-0.5050970221811002,-1.868236649753341,-6.728187499073912,-0.5050970221811002,False,False,False,False,False,False,0.0,False,-0.09597926942064394,中性,6151.TWO,晉倫,2,v1,phase6a,2026-07-12,0,2,3,2,2,2,v1,147,0.6970954356846473,147,0.6970954356846473,150,0.6908713692946058,^TWII,yfinance,2y,2026-10-06,scan_20261007_175251,False,False
True,0,0.03333338101704915,0.036666711171468094,True,False,觀望 (動能減弱),5.119999885559082,2026-10-06 00:00:00,5.192999935150146,-0.005500006675720925,False,False,2.3131621632230024,True,0.00010276470805436803,20.37573838908175,0.00010917176935810666,0.00011545658402806648,-0.6139743795528618,-1.7286539773763931,-4.465179535636555,-0.6139743795528618,False,False,False,False,False,False,0.0,False,-0.041198550700825565,中性,1340.TW,勝悅-KY,0,v1,phase6a,2026-07-12,0,0,0,0,0,0,v1,328,0.3215767634854772,328,0.3215767634854772,330,0.31742738589211617,^TWII,yfinance,2y,2026-10-06,scan_20261007_175251,False,False
True,0,-0.14166641235351562,-0.19999949137369794,True,False,觀察 (跌勢收斂),21.25,2026-10-06 00:00:00,21.220000076293946,-0.007499980926514382,True,True,0.5529750055297501,False,0.00042651369042303493,36.5838105274207,0.0004451270382725085,0.00046546445481246304,-0.4382374514487086,-1.7928868865257463,-4.85929918368303,-0.4382374514487086,False,False,False,False,False,False,0.0381210998051803,False,-0.020737361618345718,中性,8463.TW,潤泰材,1,v1,phase6a,2026-07-12,0,1,2,1,1,1,v1,311,0.35684647302904565,311,0.35684647302904565,312,0.35477178423236516,^TWII,yfinance,2y,2026-10-06,scan_20261007_175251,False,False
True,0,0.04166666666666667,0.04166666666666666,True,False,買入 (動能增強),18.600000381469727,2026-10-06 00:00:00,18.925,-0.047499942779541726,False,False,1.8771279389737878,True,0.0003733249319797887,15.471634241093218,0.00039978230124950223,0.00042845831715384095,-0.6918063949737263,-2.240206589609839,-8.145237622468194,-0.6918063949737263,False,False,False,False,False,False,0.0,False,-0.12211162621620775,中性,8927.TWO,北基,2,v1,phase6a,2026-07-12,0,2,2,2,2,2,v1,207,0.5726141078838174,207,0.5726141078838174,208,0.5705394190871369,^TWII,yfinance,2y,2026-10-06,scan_20261007_175251,False,False
True,0,0.02500089009602864,-0.1916650136311849,True,False,買入 (動能增強),44.25,2026-10-06 00:00:00,44.187500381469725,-0.022500038146972656,True,True,1.629751114562275,True,0.0008881520377044375,40.75568751623299,0.0009297982497573133,0.0009832591213606117,-0.46926739181384347,-1.9096235637008685,-6.155039971636478,-0.46926739181384347,False,False,False,False,False,False,0.012995102075423351,False,-0.05951114309168859,中性,5706.TW,鳳凰,2,v1,phase6a,2026-07-12,0,2,3,2,2,2,v1,145,0.7012448132780082,145,0.7012448132780082,148,0.6950207468879668,^TWII,yfinance,2y,2026-10-06,scan_20261007_175251,False,False
True,0,0.9083340962727864,0.6833343505859375,True,False,買入 (動能增強),46.54999923706055,2026-10-06 00:00:00,46.76750011444092,-0.13000011444091797,False,False,0.5353510711926107,False,0.0009343158571194426,52.880768946630525,0.0009941314479012082,0.0010669311328781544,-0.6293685375554858,-2.1385974573367883,-10.45651827414461,-0.6293685375554858,False,False,False,False,False,False,0.011909684707078398,False,-0.2180822065623973,中性,3594.TWO,磐儀,2,v1,phase6a,2026-07-12,0,2,2,2,2,2,v1,120,0.7531120331950207,120,0.7531120331950207,123,0.7468879668049793,^TWII,yfinance,2y,2026-10-06,scan_20261007_175251,False,False
True,0,4.583333333333333,4.333333333333333,True,False,買入 (動能增強),188.5,2026-10-06 00:00:00,186.525,-0.025000000000005684,False,True,0.5859875540694054,False,0.0037834273244584512,40.45660346553431,0.0039342777717960775,0.004011961255686235,-0.40198390586041466,-1.6473802115634428,-4.993386296230007,-0.40198390586041466,False,False,False,False,False,False,0.02998331963351549,False,-0.04556962025316458,中性,5288.TW,豐祥-KY,2,v1,phase6a,2026-07-12,0,2,3,2,2,2,v1,141,0.7095435684647303,141,0.7095435684647303,144,0.7033195020746889,^TWII,yfinance,2y,2026-10-06,scan_20261007_175251,False,False
True,0,-1.033331553141276,-0.8833325703938801,True,False,賣出 (動能轉弱),74.30000305175781,2026-10-06 00:00:00,75.03500022888184,0.005000305175784092,False,False,0.25324698816974783,False,0.0014912926352963756,39.38131068082685,0.0015698050389285761,0.0016021197173586286,-0.5237071958682615,-1.82643249298311,-3.483656665338286,-0.5237071958682615,False,False,False,False,False,False,0.0,False,-0.04005165908277919,中性,6527.TWO,明達醫,0,v1,phase6a,2026-07-12,0,0,1,0,0,0,v1,423,0.12448132780082988,423,0.12448132780082988,423,0.12448132780082988,^TWII,yfinance,2y,2026-10-06,scan_20261007_175251,False,False
True,2,0.05833339691162109,0.050000031789143876,True,False,買入 (動能增強),15.699999809265137,2026-10-06 00:00:00,15.739999914169312,0.0,False,False,0.8986799616835545,False,0.0003151183462724997,27.30531727999812,0.00033056954027418326,0.0003437286625825776,-0.48960299438390864,-1.5404266574324699,-3.9936396307670097,-0.48960299438390864,False,False,False,False,False,False,0.0,False,-0.01257860465808136,中性,4502.TWO,健信,2,v1,phase6a,2026-07-12,0,2,2,2,2,2,v1,135,0.7219917012448133,135,0.7219917012448133,138,0.7157676348547718,^TWII,yfinance,2y,2026-10-06,scan_20261007_175251,False,False
True,1,0.25000000000000006,-0.16666666666666674,True,False,買入 (動能增強),112.0,2026-10-06 00:00:00,111.6,-0.15000000000000568,False,True,0.9125281630626932,False,0.0022479780389355252,81.95620979822239,0.0023210247023016848,0.0022782785686739247,-0.3301875214479888,-1.2768342979416758,0.945587959453098,-0.3301875214479888,False,False,True,False,False,False,0.3707016405662195,False,-0.02608695652173909,中性,2882.TW,國泰金,2,v1,phase6a,2026-07-12,0,2,3,2,2,2,v1,103,0.7883817427385892,103,0.7883817427385892,106,0.7821576763485477,^TWII,yfinance,2y,2026-10-06,scan_20261007_175251,False,False
True,0,0.050000031789143876,0.016666730244954422,True,False,買入 (動能增強),13.100000381469727,2026-10-06 00:00:00,13.119999980926513,-0.009999990463256836,False,False,0.6151975994191256,False,0.00026293315328206204,35.938737147254635,0.00027575001831364504,0.0002866301457936512,-0.48688118642857825,-1.6766794737026913,-4.849289721013106,-0.48688118642857825,False,False,False,False,False,False,0.006272386964308804,False,-0.026022262658644046,中性,1103.TW,嘉泥,4,v1,phase6a,2026-07-12,0,4,4,4,4,4,v1,6,0.9896265560165975,6,0.9896265560165975,12,0.9771784232365145,^TWII,yfinance,2y,2026-10-06,scan_20261007_175251,False,True
True,1,0.7666664123535154,0.29999987284342455,True,False,買入 (動能增強),59.79999923706055,2026-10-06 00:00:00,58.89999980926514,0.0350000381469755,False,True,1.4110389506211456,False,0.0012002596876185114,143.79402181040214,0.0012354898396976122,0.0012867234250239913,-0.29926099241022186,-1.0745133453993083,-3.3725682579865635,-0.29926099241022186,False,False,False,False,False,False,0.3957015297078055,False,-0.06853579315165548,中性,1802.TW,台玻,2,v1,phase6a,2026-07-12,0,2,4,2,2,2,v1,79,0.8381742738589212,79,0.8381742738589212,83,0.8298755186721992,^TWII,yfinance,2y,2026-10-06,scan_20261007_175251,False,False
True,0,-0.1000035603841146,-0.26667022705078125,True,False,觀察 (跌勢收斂),72.5999984741211,2026-10-06 00:00:00,72.82000007629395,0.054999923706063214,False,False,0.5679523604051906,False,0.001457171448183722,52.7645107533743,0.0015262692389038802,0.001590089113034298,-0.4742907843083177,-1.7174953710291763,-3.727183000691059,-0.4742907843083177,False,False,False,False,False,False,0.012881261055251505,False,-0.04473686218261719,中性,3546.TWO,宇峻,1,v1,phase6a,2026-07-12,0,1,2,1,1,1,v1,263,0.45643153526970953,263,0.45643153526970953,264,0.45435684647302904,^TWII,yfinance,2y,2026-10-06,scan_20261007_175251,False,False
True,1,0.09166669845581055,-1.589457194056676e-07,True,False,買入 (動能增強),13.850000381469727,2026-10-06 00:00:00,13.872500038146972,-0.01749997138977122,False,False,1.3355858445590356,False,0.0002779865776499339,27.8389521564132,0.0002916279533333008,0.00030429295436273956,-0.48997312297389684,-1.7829128241933168,-5.201914535182373,-0.48997312297389684,False,False,False,False,False,False,0.005923358741767521,False,-0.03562959216794148,中性,4401.TWO,東隆興,4,v1,phase6a,2026-07-12,0,4,4,4,4,4,v1,18,0.9647302904564315,18,0.9647302904564315,23,0.9543568464730291,^TWII,yfinance,2y,2026-10-06,scan_20261007_175251,False,True
False,0,-1.0416666666666665,-1.0916668574015298,False,True,強烈賣出 (跌破),26.600000381469727,2026-10-06 00:00:00,27.607499885559083,-0.019999980926513672,True,False,1.2399634945344644,False,0.0005338947919037548,49.57373603533183,0.0005765356982945578,0.0005946351100177407,-0.7725179688197636,-2.921191526671796,-6.309203462917101,-0.7725179688197636,False,False,False,False,False,False,0.007916706151870881,False,-0.15555554344540545,中性,6598.TW,ABC-KY,0,v1,phase6a,2026-07-12,0,0,0,0,0,0,v1,425,0.12033195020746888,425,0.12033195020746888,425,0.12033195020746888,^TWII,yfinance,2y,2026-10-06,scan_20261007_175251,False,False
True,0,-0.05000050862630208,-0.10000006357828775,True,False,觀察 (跌勢收斂),17.299999237060547,2026-10-06 00:00:00,17.417500019073486,-0.027500057220457563,True,False,0.2250994373077013,False,0.00034723230677244154,33.131527555211576,0.0003699337416154865,0.00039479177571594425,-0.6418143303327462,-2.6252522277598556,-11.590353276314126,-0.6418143303327462,False,False,False,False,False,False,0.0,False,-0.1560975981921684,中性,1414.TW,東和,1,v1,phase6a,2026-07-12,0,1,1,1,1,1,v1,220,0.5456431535269709,220,0.5456431535269709,222,0.5414937759336099,^TWII,yfinance,2y,2026-10-06,scan_20261007_175251,False,False
True,0,0.116667111714681,0.14166704813639325,True,False,觀望 (動能減弱),19.450000762939453,2026-10-06 00:00:00,20.14000015258789,0.0,False,False,0.8305365310167843,False,0.0003903854872532777,43.405951226289275,0.00041953400801151793,0.0004399252976039941,-0.7260408986013545,-2.1731967066879965,-1.3249741202622012,-0.7260408986013545,False,False,False,False,False,False,0.0,False,-0.07159904273862838,中性,8034.TWO,榮群,1,v1,phase6a,2026-07-12,0,1,1,1,1,1,v1,304,0.37136929460580914,304,0.37136929460580914,305,0.36929460580912865,^TWII,yfinance,2y,2026-10-06,scan_20261007_175251,True,False
True,1,0.12499936421712239,0.1333332061767578,True,False,觀望 (動能減弱),32.349998474121094,2026-10-06 00:00:00,32.39499969482422,-0.007500076293943891,True,False,2.8044211762723332,True,0.0006493043404412676,40.57265887719012,0.000680677608500541,0.0007032702116116063,-0.48282829767940516,-1.8093220507478969,-4.592953135254341,-0.48282829767940516,False,False,False,False,False,False,0.0,False,-0.041481526692708326,中性,1321.TW,大洋,0,v1,phase6a,2026-07-12,0,0,0,0,0,0,v1,324,0.32987551867219916,324,0.32987551867219916,326,0.3257261410788382,^TWII,yfinance,2y,2026-10-06,scan_20261007_175251,False,False
True,0,0.14999961853027344,0.18333307902018228,True,False,觀望 (動能減弱),31.25,2026-10-06 00:00:00,31.022500133514406,0.032499980926516514,False,True,0.5558602796140695,False,0.0006272260153279926,36.88124529277352,0.0006514785624730186,0.000676814495688901,-0.3903328581466803,-1.5902528332830568,-3.515271757708316,-0.3903328581466803,False,False,False,False,False,False,0.04127560084561922,False,-0.005797552249786619,中性,1614.TW,三洋電,2,v1,phase6a,2026-07-12,0,2,4,2,2,2,v1,73,0.8506224066390041,73,0.8506224066390041,77,0.8423236514522822,^TWII,yfinance,2y,2026-10-06,scan_20261007_175251,False,True
True,2,0.07500044504801431,0.03333377838134766,True,False,買入 (動能增強),20.700000762939453,2026-10-06 00:00:00,20.619999885559082,-0.004999923706055398,False,True,1.8086539331083622,True,0.0004154745278663974,22.83001568394978,0.00043398605901025456,0.00045541474343977736,-0.4469895349781705,-1.8103134035740265,-5.68854033931272,-0.4469895349781705,False,False,False,False,False,False,0.011133918170388743,False,-0.03720926684002546,中性,8426.TWO,紅木-KY,4,v1,phase6a,2026-07-12,0,4,5,4,4,4,v1,24,0.9522821576763485,24,0.9522821576763485,28,0.9439834024896265,^TWII,yfinance,2y,2026-10-06,scan_20261007_175251,False,True
True,0,0.14166673024495435,0.6583334604899087,True,False,觀望 (動能減弱),28.899999618530273,2026-10-06 00:00:00,30.41500005722046,-0.05250005722045614,True,False,1.201128612499633,False,0.00058005861131876,38.674936972883216,0.0006418468597889923,0.0006821639458894472,-1.0031645357118535,-2.76638391515891,-8.378648572015713,-1.0031645357118535,False,False,False,False,False,False,0.0,False,-0.305288445226539,中性,5227.TWO,立凱-KY,0,v1,phase6a,2026-07-12,0,0,0,0,0,0,v1,410,0.15145228215767634,410,0.15145228215767634,410,0.15145228215767634,^TWII,yfinance,2y,2026-10-06,scan_20261007_175251,False,False
True,1,-0.16666730244954425,-0.3333339691162109,True,False,觀察 (跌勢收斂),61.29999923706055,2026-10-06 00:00:00,62.054999923706056,-0.1600000381469684,True,False,0.941976659461991,False,0.0012303665363542552,37.53542494543851,0.0012984881930429902,0.0013382344838240062,-0.5492016895391694,-1.8841273173977657,-3.994875741219439,-0.5492016895391694,False,False,False,False,False,False,0.07958840992612082,False,-0.09587025843841379,中性,3438.TWO,類比科,1,v1,phase6a,2026-07-12,0,1,1,1,1,1,v1,260,0.46265560165975106,260,0.46265560165975106,261,0.4605809128630705,^TWII,yfinance,2y,2026-10-06,scan_20261007_175251,False,False
True,0,-0.024999618530273438,-0.14999961853027338,True,False,觀察 (跌勢收斂),42.400001525878906,2026-10-06 00:00:00,42.69249992370605,-0.017499923706054688,False,False,0.8661042269581346,False,0.0008510202882232906,39.42373694474413,0.0008938215658085187,0.0009300135999160894,-0.5015320505634246,-1.5054332191389075,-3.299894710265583,-0.5015320505634246,False,False,False,False,False,False,0.0,False,-0.04396836562192985,中性,3168.TW,眾福科,1,v1,phase6a,2026-07-12,0,1,1,1,1,1,v1,255,0.4730290456431535,255,0.4730290456431535,256,0.470954356846473,^TWII,yfinance,2y,2026-10-06,scan_20261007_175251,False,False
True,0,0.4833323160807292,-0.11666870117187506,True,False,買入 (動能增強),71.5,2026-10-06 00:00:00,69.20499992370605,0.10499992370606037,False,True,3.8215140626409845,True,0.001435093123070447,29.70378992603153,0.0014577395747834981,0.0015341699923893286,-0.16326270801165776,-1.178565921254171,-4.691794234268876,-0.16326270801165776,False,False,False,False,False,False,0.042120987753904555,False,-0.004178315306498703,中性,7736.TW,虎山,2,v1,phase6a,2026-07-12,0,2,4,2,2,2,v1,195,0.5975103734439834,195,0.5975103734439834,196,0.5954356846473029,^TWII,yfinance,2y,2026-10-06,scan_20261007_175251,False,False
True,0,-0.15833346048990884,0.1999998092651367,True,False,賣出 (動能轉弱),30.75,2026-10-06 00:00:00,31.135000133514403,-0.15750007629394602,False,False,0.0,False,0.0006171903990827447,19.632560497943345,0.0006531893004809125,0.0006896936086567073,-0.5767855611067407,-2.4909922344745317,-4.35183726254208,-0.5767855611067407,False,False,False,False,False,False,0.0,False,-0.0942562795589873,中性,2941.TWO,米斯特,0,v1,phase6a,2026-07-12,0,0,0,0,0,0,v1,370,0.23443983402489627,370,0.23443983402489627,372,0.23029045643153526,^TWII,yfinance,2y,2026-10-06,scan_20261007_175251,False,False
False,0,-0.16666666666666666,-0.10833342870076497,False,True,強烈賣出 (跌破),11.100000381469727,2026-10-06 00:00:00,11.650000095367432,-0.04749999046325648,False,False,1.2026573038509982,False,0.00022279068830107052,38.203875845707735,0.0002447352307693286,0.00025840346495199464,-0.9350321323320254,-2.8593751271384193,-7.649443224547192,-0.9350321323320254,False,False,False,False,False,False,0.0,False,-0.1259842088051174,中性,1531.TW,高林股,0,v1,phase6a,2026-07-12,0,0,0,0,0,0,v1,335,0.3070539419087137,335,0.3070539419087137,337,0.3029045643153527,^TWII,yfinance,2y,2026-10-06,scan_20261007_175251,False,False
True,0,-0.25,-0.2000001271565755,True,False,賣出 (動能轉弱),17.149999618530273,2026-10-06 00:00:00,17.354999828338624,-0.010000038146973367,True,False,2.0171600570967545,True,0.00034422162955543477,28.05196612305854,0.00036335878869356075,0.0003768977687336944,-0.5513370049917143,-2.3295654739608485,-5.013498129107807,-0.5513370049917143,False,False,False,False,False,False,0.08466786687593181,False,-0.04722224341498482,中性,6958.TW,日盛台駿,0,v1,phase6a,2026-07-12,0,0,0,0,0,0,v1,445,0.07883817427385892,445,0.07883817427385892,445,0.07883817427385892,^TWII,yfinance,2y,2026-10-06,scan_20261007_175251,False,False
True,0,2.75,0.9999999999999998,True,False,買入 (動能增強),125.5,2026-10-06 00:00:00,120.9,0.025000000000005684,False,True,0.7444241276798027,False,0.0025189396775572182,88.93122090284005,0.0025651695785666112,0.0027951152363573815,-0.18934775968797446,-0.65951374614176,-7.837681114077566,-0.18934775968797446,False,False,False,False,False,False,0.04544678730888329,False,-0.31496544954734385,中性,2375.TW,凱美,2,v1,phase6a,2026-07-12,0,2,4,2,2,2,v1,91,0.8132780082987552,91,0.8132780082987552,95,0.8049792531120332,^TWII,yfinance,2y,2026-10-06,scan_20261007_175251,False,False
True,1,-0.14999977747599283,-0.1916664441426595,True,False,觀察 (跌勢收斂),14.050000190734863,2026-10-06 00:00:00,13.952499914169312,0.005000019073486683,False,True,3.3160966237824945,True,0.0002820008203197492,33.129417193733325,0.0002923945834705476,0.0003058507500342979,-0.3727845285364628,-1.7995665542129835,-4.212924457804146,-0.3727845285364628,False,False,False,False,False,False,0.03821452027968056,False,-0.04421766169823971,中性,9919.TW,康那香,1,v1,phase6a,2026-07-12,0,1,3,1,1,1,v1,317,0.34439834024896265,317,0.34439834024896265,318,0.34232365145228216,^TWII,yfinance,2y,2026-10-06,scan_20261007_175251,False,False
True,1,0.4916667938232422,0.49999999999999994,True,False,觀望 (動能減弱),33.70000076293945,2026-10-06 00:00:00,34.03499984741211,0.0024999618530259227,False,False,0.5875502642611689,False,0.0006764005502428424,29.47413607594495,0.0007213817109905463,0.0008115988416289579,-0.6520797378257948,-2.1055694033435657,-8.776715039165628,-0.6520797378257948,False,False,False,False,False,False,0.0,False,-0.23927762204684944,中性,6492.TWO,生華科,0,v1,phase6a,2026-07-12,0,0,1,0,0,0,v1,422,0.12655601659751037,422,0.12655601659751037,422,0.12655601659751037,^TWII,yfinance,2y,2026-10-06,scan_20261007_175251,False,False
False,0,-0.25000031789143884,-0.21666685740152994,False,True,強烈賣出 (跌破),19.299999237060547,2026-10-06 00:00:00,19.70499982833862,-0.0350000381469755,False,False,1.0205430180184285,False,0.0003873747717534331,30.918929061426475,0.0004128429881635629,0.00043521564579653807,-0.6451771337809831,-2.3310487591172047,-5.155179107547991,-0.6451771337809831,False,False,False,False,False,False,0.0,False,-0.07434058110553954,中性,3703.TW,欣陸,0,v1,phase6a,2026-07-12,0,0,0,0,0,0,v1,384,0.2053941908713693,384,0.2053941908713693,384,0.2053941908713693,^TWII,yfinance,2y,2026-10-06,scan_20261007_175251,False,False
True,0,-0.1749995549519857,-0.34166622161865234,True,False,觀察 (跌勢收斂),28.700000762939453,2026-10-06 00:00:00,28.620000171661378,-0.05000000000000071,True,True,1.0458375757064857,False,0.0005760443877903635,39.35303863364042,0.0006029274147983273,0.0006273864248247604,-0.46714959118773214,-2.339348138619324,-7.866830849363604,-0.46714959118773214,False,False,False,False,False,False,0.08359528161267603,False,-0.08598722574497908,中性,2108.TW,南帝,2,v1,phase6a,2026-07-12,0,2,3,2,2,2,v1,87,0.8215767634854771,87,0.8215767634854771,91,0.8132780082987552,^TWII,yfinance,2y,2026-10-06,scan_20261007_175251,True,False
True,1,-0.00833320617675782,-0.058333079020182296,True,False,觀察 (跌勢收斂),23.850000381469727,2026-10-06 00:00:00,23.832499980926514,0.0025000572204589844,False,True,0.48616604393523055,False,0.0004786989025548915,38.61134603621289,0.0004993184867913762,0.0005034753981406549,-0.4328076356403643,-1.4745829059712778,-3.053270848635481,-0.4328076356403643,False,False,False,False,False,False,0.0,False,-0.016494829630114394,中性,2115.TW,六暉-KY,1,v1,phase6a,2026-07-12,0,1,3,1,1,1,v1,237,0.5103734439834025,237,0.5103734439834025,238,0.508298755186722,^TWII,yfinance,2y,2026-10-06,scan_20261007_175251,False,False
True,0,6.583333333333332,5.25,True,False,買入 (動能增強),189.0,2026-10-06 00:00:00,184.7,-0.10000000000002274,False,True,0.8098814026193852,False,0.003793462940703699,34.24941855499357,0.003937988224224794,0.004340666196813273,-0.3848320931238547,-1.2398520171289396,-9.194315352742121,-0.3848320931238547,False,False,False,False,False,False,0.0,False,-0.23535626825483458,中性,6719.TW,力智,2,v1,phase6a,2026-07-12,0,2,3,2,2,2,v1,175,0.6390041493775933,175,0.6390041493775933,176,0.6369294605809128,^TWII,yfinance,2y,2026-10-06,scan_20261007_175251,False,False
True,0,0.00833352406819662,0.024999936421712245,True,False,觀望 (動能減弱),23.850000381469727,2026-10-06 00:00:00,23.857500076293945,0.007499980926514382,False,False,0.8835515164629089,False,0.0004786989025548915,27.261670821604064,0.0005022764474895837,0.00053651081075793,-0.49169015410645,-1.8489763010296922,-5.66463107103109,-0.49169015410645,False,False,False,False,False,False,0.007109221480836041,False,-0.07558135322693083,中性,4523.TWO,永彰,0,v1,phase6a,2026-07-12,0,0,1,0,0,0,v1,399,0.17427385892116182,399,0.17427385892116182,399,0.17427385892116182,^TWII,yfinance,2y,2026-10-06,scan_20261007_175251,False,False
True,1,0.11666679382324216,0.150000254313151,True,False,觀望 (動能減弱),14.550000190734863,2026-10-06 00:00:00,14.62000002861023,-0.009999990463256836,False,False,1.3086038282606276,False,0.0002920364365649971,37.39032130316268,0.00030777258069240784,0.00031992864892232,-0.5353202619603592,-2.014729890942102,-5.55232663365004,-0.5353202619603592,False,False,False,False,False,False,0.009508808788884535,False,-0.21014285970181834,中性,5450.TWO,南良,0,v1,phase6a,2026-07-12,0,0,0,0,0,0,v1,413,0.14522821576763487,413,0.14522821576763487,413,0.14522821576763487,^TWII,yfinance,2y,2026-10-06,scan_20261007_175251,False,False
True,2,-0.09999974568684891,0.20000076293945312,True,False,賣出 (動能轉弱),67.9000015258789,2026-10-06 00:00:00,68.15500030517578,-0.04500007629394531,True,False,1.8272519186751044,True,0.0013628367167309325,39.1159988541129,0.0014327290542937084,0.001488742657057438,-0.510878338982157,-1.9890309136354478,-4.834870970151384,-0.510878338982157,False,False,False,False,False,False,0.01062247645964866,False,-0.03960389735820058,中性,3310.TWO,佳穎,0,v1,phase6a,2026-07-12,0,0,0,0,0,0,v1,375,0.22406639004149378,375,0.22406639004149378,377,0.21991701244813278,^TWII,yfinance,2y,2026-10-06,scan_20261007_175251,False,False
True,0,-0.6499996185302734,-0.7416667938232421,True,False,觀察 (跌勢收斂),38.0,2026-10-06 00:00:00,38.89249973297119,-0.132500076293951,False,False,1.1994812243704598,False,0.000762706834638839,46.671730093289696,0.000818828111119274,0.0008891231732997883,-0.7162904921046098,-2.600894497882933,-9.08840636787348,-0.7162904921046098,False,False,False,False,False,False,0.0,False,-0.13921271896605347,中性,6624.TWO,萬年清,1,v1,phase6a,2026-07-12,0,1,1,1,1,1,v1,290,0.4004149377593361,290,0.4004149377593361,291,0.3983402489626556,^TWII,yfinance,2y,2026-10-06,scan_20261007_175251,False,False
True,0,-1.8166681925455728,-2.1833343505859375,True,False,觀察 (跌勢收斂),85.0,2026-10-06 00:00:00,82.94500007629395,0.29000015258789347,False,True,1.0519538266539077,False,0.0017060547616921397,82.89576469823906,0.0017280843569285578,0.0017946822026131987,-0.13400950015911572,-1.0187655059954226,-0.10161827804984203,-0.13400950015911572,False,False,False,False,False,False,0.6637465423734863,False,-0.01047731676241892,中性,5340.TWO,建榮,1,v1,phase6a,2026-07-12,0,1,3,1,1,1,v1,275,0.4315352697095436,275,0.4315352697095436,276,0.42946058091286304,^TWII,yfinance,2y,2026-10-06,scan_20261007_175251,False,False
True,0,-0.06666819254557294,-0.15833473205566403,True,False,觀察 (跌勢收斂),34.20000076293945,2026-10-06 00:00:00,34.02000007629395,0.014999961853028765,False,True,1.1764463672806738,False,0.0006864361664880901,49.90120493197288,0.0007136304101424999,0.0007398969040551446,-0.3995226910823435,-1.6397785543398657,-4.113110994288727,-0.3995226910823435,False,False,False,False,False,False,0.03302208862982467,False,-0.0043667457887850425,中性,9931.TW,欣高,1,v1,phase6a,2026-07-12,0,1,3,1,1,1,v1,319,0.34024896265560167,319,0.34024896265560167,320,0.3381742738589212,^TWII,yfinance,2y,2026-10-06,scan_20261007_175251,False,False
True,0,95.83333333333333,24.166666666666664,True,False,買入 (動能增強),2530.0,2026-10-06 00:00:00,2442.25,7.25,False,True,0.6336197222397728,False,0.050780218200954276,63.20516424586644,0.051397272212780336,0.055750041477559686,-0.12621501215670516,-0.8699139038082171,-4.408991431338672,-0.12621501215670516,False,False,False,False,False,False,0.07975408960327857,False,-0.2084287162441123,中性,3131.TWO,弘塑,2,v1,phase6a,2026-07-12,0,2,4,2,2,2,v1,110,0.7738589211618258,110,0.7738589211618258,113,0.7676348547717843,^TWII,yfinance,2y,2026-10-06,scan_20261007_175251,False,False
True,1,0.07499996821085611,0.050000031789143876,True,False,買入 (動能增強),12.699999809265137,2026-10-06 00:00:00,12.724999952316285,-0.009999990463256836,False,False,1.3584492301683682,False,0.0002549046488010124,30.618985925328325,0.0002682770726216413,0.0002860914503578038,-0.5219515901331517,-1.8216416976705396,-6.360521706048616,-0.5219515901331517,False,False,False,False,False,False,0.0,False,-0.06959705756881374,中性,4121.TWO,優盛,2,v1,phase6a,2026-07-12,0,2,2,2,2,2,v1,129,0.7344398340248963,129,0.7344398340248963,132,0.7282157676348547,^TWII,yfinance,2y,2026-10-06,scan_20261007_175251,False,False
True,1,0.04166666666666667,0.05000019073486328,True,False,觀望 (動能減弱),22.649999618530273,2026-10-06 00:00:00,22.714999866485595,-0.00500001907348846,False,False,0.5424170101974398,False,0.00045461340825316145,43.602445190858255,0.00047743666577710513,0.0005008957348637508,-0.5006778502696152,-1.7870188792058594,-4.937966323418975,-0.5006778502696152,False,False,False,False,False,False,0.0,False,-0.023706945100095522,中性,8401.TWO,白紗科,0,v1,phase6a,2026-07-12,0,0,0,0,0,0,v1,463,0.04149377593360996,463,0.04149377593360996,463,0.04149377593360996,^TWII,yfinance,2y,2026-10-06,scan_20261007_175251,False,False
True,0,-0.018333435058593747,-0.03166675567626954,True,False,觀察 (跌勢收斂),9.90999984741211,2026-10-06 00:00:00,9.975999927520752,-0.00950002670288086,False,False,0.8915913377121676,False,0.00019890591091818597,35.11672771945479,0.0002099464208792826,0.00022092739446801968,-0.5505029422537833,-1.9756905582925532,-6.16524282427725,-0.5505029422537833,False,False,False,False,False,False,0.0,False,-0.06024337621119946,中性,1464.TW,得力,1,v1,phase6a,2026-07-12,0,1,1,1,1,1,v1,226,0.533195020746888,226,0.533195020746888,228,0.529045643153527,^TWII,yfinance,2y,2026-10-06,scan_20261007_175251,False,False
True,0,-0.4500007629394531,-0.4000008900960286,True,False,賣出 (動能轉弱),62.0,2026-10-06 00:00:00,62.685000038146974,-0.020000076293946734,False,False,0.9329705459398504,False,0.0012444164144107372,43.455484224536384,0.001312842310082879,0.0013608188108600733,-0.545642433712834,-1.963984879780012,-3.9068451129819826,-0.545642433712834,False,False,False,False,False,False,0.0,False,-0.028213154523283324,中性,2643.TWO,捷迅,0,v1,phase6a,2026-07-12,0,0,0,0,0,0,v1,358,0.25933609958506226,358,0.25933609958506226,360,0.2551867219917012,^TWII,yfinance,2y,2026-10-06,scan_20261007_175251,False,False
True,0,0.5666669209798177,0.7083333333333334,True,False,觀望 (動能減弱),38.20000076293945,2026-10-06 00:00:00,38.725,-0.21000003814697266,False,False,0.8411643041875375,False,0.0007667210964500732,40.82369925570408,0.0008272776745460712,0.000899321554109276,-0.7646327544689746,-2.735384996157364,-12.905092261339801,-0.7646327544689746,False,False,False,False,False,False,0.0,False,-0.16319825879339922,中性,2417.TW,圓剛,0,v1,phase6a,2026-07-12,0,0,0,0,0,0,v1,350,0.27593360995850624,350,0.27593360995850624,352,0.2717842323651452,^TWII,yfinance,2y,2026-10-06,scan_20261007_175251,False,False
True,0,-0.22499990463256836,-0.1916667620340983,True,False,賣出 (動能轉弱),15.25,2026-10-06 00:00:00,15.8375,0.009999990463256836,False,False,0.5669796075240662,False,0.00030608629548006035,50.02323522607962,0.000327256290219348,0.00032778913816170385,-0.6763350244734623,-1.6607113636184834,2.7888597520513647,-0.6763350244734623,False,False,False,False,False,False,0.0,False,-0.06153846153846154,中性,2849.TW,安泰銀,0,v1,phase6a,2026-07-12,0,0,1,0,0,0,v1,364,0.24688796680497926,364,0.24688796680497926,366,0.24273858921161826,^TWII,yfinance,2y,2026-10-06,scan_20261007_175251,False,False
True,0,-0.2500012715657552,-0.2833340962727865,True,False,觀察 (跌勢收斂),56.599998474121094,2026-10-06 00:00:00,57.02999992370606,-0.03500003814696839,True,False,0.5946346999112915,False,0.00113603172833579,39.845762882632414,0.001199088712515715,0.0012576416694827447,-0.5505044833359674,-2.3253309229880004,-6.235678094791264,-0.5505044833359674,False,False,False,False,False,False,0.0,False,-0.10158732580760166,中性,6516.TWO,勤崴國際,1,v1,phase6a,2026-07-12,0,1,1,1,1,1,v1,286,0.4087136929460581,286,0.4087136929460581,287,0.4066390041493776,^TWII,yfinance,2y,2026-10-06,scan_20261007_175251,False,False
False,0,-1.3333333333333333,-1.4999999999999998,False,True,強烈賣出 (跌破),111.5,2026-10-06 00:00:00,112.65,-0.14999999999999147,False,False,0.0,False,0.0022379424226902775,42.94103783435384,0.002363637070715629,0.0024759230874428734,-0.5566575468741064,-2.251293505717211,-5.674515324930951,-0.5566575468741064,False,False,False,False,False,False,0.0,False,-0.047008547008547064,中性,7747.TWO,昕奇雲端,0,v1,phase6a,2026-07-12,0,0,0,0,0,0,v1,448,0.07261410788381743,448,0.07261410788381743,448,0.07261410788381743,^TWII,yfinance,2y,2026-10-06,scan_20261007_175251,False,False
True,1,-0.19166628519694007,-0.2083330154418945,True,False,觀察 (跌勢收斂),24.200000762939453,2026-10-06 00:00:00,24.344999980926513,-0.014999961853028765,True,False,0.5614652491145139,False,0.0004857238415831326,46.19497341020367,0.0005105047012745421,0.0005247425384711097,-0.5083695919898434,-2.0466318044209175,-4.786169282606767,-0.5083695919898434,False,False,False,False,False,False,0.0,False,-0.033932075848671195,中性,4106.TW,雃博,1,v1,phase6a,2026-07-12,0,1,1,1,1,1,v1,268,0.4460580912863071,268,0.4460580912863071,269,0.44398340248962653,^TWII,yfinance,2y,2026-10-06,scan_20261007_175251,False,False
True,0,-0.4166679382324218,-0.4166666666666666,True,False,賣出 (動能轉弱),79.69999694824219,2026-10-06 00:00:00,80.48999977111816,-0.16500015258789347,True,False,0.786004496408075,False,0.0015996771682399717,34.37281404742304,0.0016950195041301264,0.0018084432034767913,-0.5886046011074675,-2.407204754834935,-7.45197965258475,-0.5886046011074675,False,False,False,False,False,False,0.0,False,-0.09328787753459289,中性,7823.TW,奧義賽博-KY創,0,v1,phase6a,2026-07-12,0,0,0,0,0,0,v1,451,0.06639004149377593,451,0.06639004149377593,451,0.06639004149377593,^TWII,yfinance,2y,2026-10-06,scan_20261007_175251,False,False
True,0,-0.058333079020182296,-0.2666664123535156,True,False,觀察 (跌勢收斂),44.25,2026-10-06 00:00:00,43.3625,0.01499996185302166,False,True,1.18219915452403,False,0.0008881520377044375,24.987161257352785,0.0009141348348744197,0.0009911323322212952,-0.29830092382892026,-2.0303517961927087,-7.103334440189357,-0.29830092382892026,False,False,False,False,False,False,0.08443467002431254,False,-0.048387096774193505,中性,7839.TWO,達人網,1,v1,phase6a,2026-07-12,0,1,3,1,1,1,v1,303,0.37344398340248963,303,0.37344398340248963,304,0.37136929460580914,^TWII,yfinance,2y,2026-10-06,scan_20261007_175251,False,False
True,0,-0.08333333333333337,-0.9166666666666666,True,False,觀察 (跌勢收斂),159.0,2026-10-06 00:00:00,156.925,0.05000000000001137,False,True,2.33435936758759,True,0.0031913259659888263,51.50728365489284,0.00330032118061654,0.0034553987469043185,-0.3464339640733116,-1.5905616491887042,-5.219988502468153,-0.3464339640733116,False,False,False,False,False,False,0.01700429473780754,False,-0.015479876160990669,中性,8083.TWO,瑞穎,1,v1,phase6a,2026-07-12,0,1,3,1,1,1,v1,306,0.36721991701244816,306,0.36721991701244816,307,0.3651452282157676,^TWII,yfinance,2y,2026-10-06,scan_20261007_175251,False,False
True,0,-0.15000025431315103,-0.15833346048990882,True,False,觀察 (跌勢收斂),20.0,2026-10-06 00:00:00,20.442499923706055,-0.010000038146973367,False,False,0.9502408422005254,False,0.00040142464980991524,33.330318716894226,0.0004278456186635612,0.0004416301810901849,-0.6458387607884752,-1.7838468246747619,-3.723409224102292,-0.6458387607884752,False,False,False,False,False,False,0.0,False,-0.0521327185584205,中性,1598.TW,岱宇,1,v1,phase6a,2026-07-12,0,1,1,1,1,1,v1,230,0.524896265560166,230,0.524896265560166,232,0.520746887966805,^TWII,yfinance,2y,2026-10-06,scan_20261007_175251,False,False
True,0,1.666666666666667,2.9166666666666665,True,False,觀望 (動能減弱),135.5,2026-10-06 00:00:00,138.175,-0.14999999999997726,False,False,0.6790022117032258,False,0.0027196520024621758,78.09124379169897,0.002908252366919989,0.0029475529425948537,-0.6780040228405726,-2.158111976291288,-4.6222123392888665,-0.6780040228405726,False,False,False,False,False,False,0.13064497413044582,False,-0.14240506329113922,中性,6206.TW,飛捷,3,v1,phase6a,2026-07-12,0,3,3,3,3,3,v1,46,0.9066390041493776,46,0.9066390041493776,48,0.9024896265560166,^TWII,yfinance,2y,2026-10-06,scan_20261007_175251,True,True
True,1,0.21666717529296875,0.20833396911621094,True,False,買入 (動能增強),23.5,2026-10-06 00:00:00,23.832500171661376,-0.03750000000000142,False,False,0.7507812875269102,False,0.00047167396352665043,57.490106551624606,0.0005043550272466318,0.0005243801395593004,-0.6774605948035917,-2.080861540909096,-8.528633973964395,-0.6774605948035917,False,False,False,False,False,False,0.0,False,-0.31185947437830486,中性,1810.TW,和成,2,v1,phase6a,2026-07-12,0,2,2,2,2,2,v1,80,0.8360995850622407,80,0.8360995850622407,84,0.8278008298755186,^TWII,yfinance,2y,2026-10-06,scan_20261007_175251,False,False
True,1,0.7583325703938801,0.7416661580403645,True,False,買入 (動能增強),42.5,2026-10-06 00:00:00,42.14250030517578,0.03500003814696839,False,True,0.3535806469240091,False,0.0008530273808460699,34.46777825160091,0.0008853651141211771,0.0008991127278384082,-0.3829984612587767,-1.0272359059420033,-2.338147513532063,-0.3829984612587767,False,False,False,False,False,False,0.05599565475201987,False,-0.026345967598583098,中性,6771.TW,平和環保-創,2,v1,phase6a,2026-07-12,0,2,4,2,2,2,v1,180,0.6286307053941909,180,0.6286307053941909,181,0.6265560165975104,^TWII,yfinance,2y,2026-10-06,scan_20261007_175251,False,False
True,0,0.7666670481363932,0.7166671752929688,True,False,買入 (動能增強),63.20000076293945,2026-10-06 00:00:00,63.06499977111817,0.0,False,True,0.9531790435346988,False,0.0012685019087124673,30.448296928201994,0.0013251513105319694,0.0013721746477152567,-0.4479776421851933,-1.6691837836085632,-3.501639347886931,-0.4479776421851933,False,False,False,False,False,False,0.0,False,-0.027692295954777624,中性,2732.TWO,六角,2,v1,phase6a,2026-07-12,0,2,3,2,2,2,v1,100,0.7946058091286307,100,0.7946058091286307,103,0.7883817427385892,^TWII,yfinance,2y,2026-10-06,scan_20261007_175251,False,False
True,1,0.06481107076009114,0.02777481079101563,True,False,買入 (動能增強),45.44443893432617,2026-10-06 00:00:00,45.38888683319092,0.005555343627925424,False,True,0.0,False,0.0009121258992509981,39.49469297950166,0.0009528852464139912,0.0009842928470574532,-0.4482413811936148,-1.6441177222314085,-4.0126177322152845,-0.4482413811936148,False,False,False,False,False,False,0.0,False,-0.015643867776030218,中性,4527.TWO,方土霖,2,v1,phase6a,2026-07-12,0,2,4,2,2,2,v1,136,0.7199170124481328,136,0.7199170124481328,139,0.7136929460580913,^TWII,yfinance,2y,2026-10-06,scan_20261007_175251,False,False
True,0,-0.1833330790201823,-0.35833295186360675,True,False,觀察 (跌勢收斂),38.099998474121094,2026-10-06 00:00:00,37.98000030517578,-0.04250011444091939,True,True,0.8444078087617363,False,0.0007647139272616183,39.082153466495676,0.000800245098958229,0.0008496463238767784,-0.4651980201589301,-2.009019168476023,-7.421345070932784,-0.4651980201589301,False,False,False,False,False,False,0.03785712974008519,False,-0.08523416378633375,中性,5215.TW,科嘉-KY,1,v1,phase6a,2026-07-12,0,1,2,1,1,1,v1,273,0.43568464730290457,273,0.43568464730290457,274,0.4336099585062241,^TWII,yfinance,2y,2026-10-06,scan_20261007_175251,False,False
True,2,-0.01999982198079427,-0.009999752044677734,True,False,賣出 (動能轉弱),8.289999961853027,2026-10-06 00:00:00,8.349500036239624,-0.005000019073486683,True,False,0.8921018716615875,False,0.0001663905165805531,9.037059440294515,0.0001757432536672801,0.0001886493582840355,-0.5570707644107831,-2.0253956897666403,-6.205576269621005,-0.5570707644107831,False,False,False,False,False,False,0.0,False,-0.07062781491619319,中性,5364.TWO,力麗店,0,v1,phase6a,2026-07-12,0,0,0,0,0,0,v1,411,0.14937759336099585,411,0.14937759336099585,411,0.14937759336099585,^TWII,yfinance,2y,2026-10-06,scan_20261007_175251,False,False
True,2,0.0666662851969401,0.0666662851969401,True,False,觀望 (動能減弱),15.949999809265137,2026-10-06 00:00:00,15.947499895095826,-0.020000028610228426,True,True,1.5337090768417918,True,0.00032013615439512364,34.96960020524363,0.00033650030008326867,0.0003555335961612908,-0.5092919338473001,-2.0300974043567344,-6.909047664284495,-0.5092919338473001,False,False,False,False,False,False,0.0033891283163612045,False,-0.10104351230562136,中性,3373.TWO,熱映,0,v1,phase6a,2026-07-12,0,0,1,0,0,0,v1,377,0.21991701244813278,377,0.21991701244813278,378,0.21784232365145229,^TWII,yfinance,2y,2026-10-06,scan_20261007_175251,False,False
True,1,-0.19166692097981772,-0.21666685740152997,True,False,觀察 (跌勢收斂),25.799999237060547,2026-10-06 00:00:00,25.879999923706055,-0.01249999999999929,False,False,1.1577388402169377,False,0.0005178377829416556,36.40995310750348,0.0005424582458189808,0.0005592126117927924,-0.47548450102404827,-1.8306881804117547,-4.2519185605916725,-0.47548450102404827,False,False,False,False,False,False,0.0,False,-0.017142886207217267,中性,5356.TWO,協益,1,v1,phase6a,2026-07-12,0,1,1,1,1,1,v1,277,0.42738589211618255,277,0.42738589211618255,278,0.42531120331950206,^TWII,yfinance,2y,2026-10-06,scan_20261007_175251,False,False
True,0,0.3250001271565755,0.30833355585734046,True,False,買入 (動能增強),13.050000190734863,2026-10-06 00:00:00,12.827500009536744,0.009999990463256836,False,True,0.21303985383887952,False,0.0002619295878292535,40.8692250773868,0.00027264758170082135,0.0002917614917315827,-0.4120926378107348,-1.641008104396835,-8.133544100695545,-0.4120926378107348,False,False,False,False,False,False,0.0034116923981660705,False,-0.22551929404783855,中性,8421.TWO,旭源,2,v1,phase6a,2026-07-12,0,2,4,2,2,2,v1,202,0.58298755186722,202,0.58298755186722,203,0.5809128630705395,^TWII,yfinance,2y,2026-10-06,scan_20261007_175251,False,False
True,0,0.2666664123535156,-5.551115123125783e-17,True,False,買入 (動能增強),73.5999984741211,2026-10-06 00:00:00,74.91000022888184,0.05000000000001137,False,False,0.8325449385052034,False,0.0014772426806742179,42.452141013208056,0.0015654186778677982,0.0016359311148221554,-0.5894254005635036,-1.8511581585122228,-3.3805057305009045,-0.5894254005635036,False,False,False,False,False,False,0.0,False,-0.0969325340598639,中性,6934.TW,心誠鎂,5,v1,phase6a,2026-07-12,0,5,6,5,5,5,v1,4,0.9937759336099585,4,0.9937759336099585,5,0.991701244813278,^TWII,yfinance,2y,2026-10-06,scan_20261007_175251,True,True
True,0,0.050000508626302065,-0.44999949137369794,True,False,買入 (動能增強),68.80000305175781,2026-10-06 00:00:00,67.60499992370606,0.04000015258789347,False,True,1.9934879393979668,True,0.001380900856598649,24.135104217921757,0.001421252780724965,0.0014956267151689383,-0.29797053053283173,-1.7537852437692902,-5.28296709420768,-0.29797053053283173,False,False,False,False,False,False,0.13382416267345093,False,-0.05753420477044091,中性,6997.TWO,博弘,2,v1,phase6a,2026-07-12,0,2,4,2,2,2,v1,193,0.6016597510373444,193,0.6016597510373444,194,0.5995850622406639,^TWII,yfinance,2y,2026-10-06,scan_20261007_175251,False,False
True,0,0.6000022888183594,0.9333343505859374,True,False,觀望 (動能減弱),89.30000305175781,2026-10-06 00:00:00,91.31499977111817,0.060000228881833095,False,False,0.4626884814217608,False,0.0017923611226538121,19.349060449832812,0.001932445081206049,0.0021356111645911176,-0.7572796740071164,-2.455098317369764,-8.785365004166778,-0.7572796740071164,False,False,False,False,False,False,0.0,False,-0.23017238748484647,中性,9958.TW,世紀鋼,0,v1,phase6a,2026-07-12,0,0,1,0,0,0,v1,483,0.0,483,0.0,483,0.0,^TWII,yfinance,2y,2026-10-06,scan_20261007_175251,False,False
True,2,-0.07666667302449542,-0.05499998728434244,True,False,賣出 (動能轉弱),8.0,2026-10-06 00:00:00,8.052000045776367,-0.007000017166138406,True,False,0.07968254474174888,False,0.0001605698599239661,12.35710836246467,0.00016989630562719432,0.0001862823740428527,-0.5745215390493885,-2.3832937562422996,-8.034217019131617,-0.5745215390493885,False,False,False,False,False,False,0.0,False,-0.12184409423810061,中性,2726.TWO,雅茗-KY,0,v1,phase6a,2026-07-12,0,0,0,0,0,0,v1,361,0.25311203319502074,361,0.25311203319502074,363,0.24896265560165975,^TWII,yfinance,2y,2026-10-06,scan_20261007_175251,False,False
True,0,-0.48333326975504554,-0.20833333333333331,True,False,賣出 (動能轉弱),13.899999618530273,2026-10-06 00:00:00,14.102500009536744,-0.02750000953674281,False,False,0.2632491268727044,False,0.00027899012396132353,28.402647524247143,0.000292215717727644,0.0002791073490589908,-0.4741588471101399,-1.0986580334273688,3.4036427446146433,-0.4741588471101399,False,False,True,False,False,False,0.47330527575536213,False,-0.13931888873968656,中性,4188.TWO,安克,1,v1,phase6a,2026-07-12,0,1,1,1,1,1,v1,269,0.44398340248962653,269,0.44398340248962653,270,0.44190871369294604,^TWII,yfinance,2y,2026-10-06,scan_20261007_175251,True,False
True,0,0.2166668574015299,0.16666666666666663,True,False,買入 (動能增強),31.649999618530273,2026-10-06 00:00:00,31.635000038146973,-0.005000019073484907,True,True,0.8619603630842269,False,0.0006352545006676233,38.611845618732694,0.0006643719226642915,0.0006823751274773753,-0.459218200664413,-1.7625182636546888,-4.003623935532319,-0.459218200664413,False,False,False,False,False,False,0.03247102575710129,False,-0.010937511920928955,中性,1593.TWO,祺驊,2,v1,phase6a,2026-07-12,0,2,3,2,2,2,v1,71,0.8547717842323651,71,0.8547717842323651,75,0.8464730290456431,^TWII,yfinance,2y,2026-10-06,scan_20261007_175251,False,False
True,0,-0.483334223429362,-0.7000007629394531,True,False,觀察 (跌勢收斂),64.80000305175781,2026-10-06 00:00:00,64.34499874114991,-0.004999923706051845,True,True,1.1201627545621577,False,0.001300615926636666,37.83821811933607,0.0013493370686576609,0.001397686901608152,-0.37863945956215783,-1.8106341533988046,-4.471807629312908,-0.37863945956215783,False,False,False,False,False,False,0.04510412294273106,False,-0.025563863883341198,中性,2015.TW,豐興,1,v1,phase6a,2026-07-12,0,1,2,1,1,1,v1,235,0.5145228215767634,235,0.5145228215767634,236,0.5124481327800829,^TWII,yfinance,2y,2026-10-06,scan_20261007_175251,False,False
True,0,0.5750001271565756,0.6333335240681967,True,False,觀望 (動能減弱),23.700000762939453,2026-10-06 00:00:00,23.785000038146972,-0.014999961853028765,False,False,0.4034147924342969,False,0.0004756882253378847,35.87820797443304,0.0005050027067261617,0.0005475129764852968,-0.6073223931652216,-1.8346141886378065,-8.24667590602547,-0.6073223931652216,False,False,False,False,False,False,0.0,False,-0.15357140132359093,中性,8044.TWO,網家,0,v1,phase6a,2026-07-12,0,0,0,0,0,0,v1,454,0.06016597510373444,454,0.06016597510373444,454,0.06016597510373444,^TWII,yfinance,2y,2026-10-06,scan_20261007_175251,False,False
True,0,-0.7416661580403646,-0.7000001271565754,True,False,賣出 (動能轉弱),43.900001525878906,2026-10-06 00:00:00,44.18250026702881,-0.004999923706058951,False,False,2.4546597963240964,True,0.0008811271369590342,31.11411580886127,0.0009228699807578855,0.0009449826915775365,-0.47386545006272707,-1.7686720039528536,-2.789341143026236,-0.47386545006272707,False,False,False,False,False,False,0.0,False,-0.033039646466640926,中性,8941.TWO,關中,0,v1,phase6a,2026-07-12,0,0,0,0,0,0,v1,477,0.012448132780082987,477,0.012448132780082987,477,0.012448132780082987,^TWII,yfinance,2y,2026-10-06,scan_20261007_175251,False,False
True,1,-0.033332824707031194,-0.2333329518636067,True,False,觀察 (跌勢收斂),24.0,2026-10-06 00:00:00,23.579999923706055,0.01750001907348775,False,True,1.8874170959224712,True,0.0004817095797718983,44.343095816795454,0.0004962671817069014,0.0005168056696243403,-0.3078305550153315,-1.918695390657732,-6.230291605748817,-0.3078305550153315,False,False,False,False,False,False,0.06073347889112091,False,-0.1519434400347771,中性,2910.TW,統領,1,v1,phase6a,2026-07-12,0,1,3,1,1,1,v1,253,0.47717842323651455,253,0.47717842323651455,254,0.475103734439834,^TWII,yfinance,2y,2026-10-06,scan_20261007_175251,False,False
True,0,0.275000254313151,0.2500003178914388,True,False,買入 (動能增強),13.550000190734863,2026-10-06 00:00:00,13.402500009536743,-0.009999990463256836,False,True,0.5960226278649327,False,0.00027196520407450137,31.18336742451917,0.000283427577975184,0.0003053601379274634,-0.42390054063373706,-1.2602246457065647,-6.042526529779502,-0.42390054063373706,False,False,False,False,False,False,0.0,False,-0.16358027453103363,中性,5344.TWO,立衛,2,v1,phase6a,2026-07-12,0,2,3,2,2,2,v1,143,0.7053941908713693,143,0.7053941908713693,146,0.6991701244813278,^TWII,yfinance,2y,2026-10-06,scan_20261007_175251,False,False
False,0,2.7666676839192705,1.7333348592122395,False,True,強烈買入 (爆發),70.69999694824219,2026-10-06 00:00:00,67.40499954223633,0.26499977111815554,False,True,2.3111317788666557,True,0.0014190360758255098,48.49026955185964,0.0014150296819823906,0.0014478044969144584,0.02981219395907786,0.00781472560360541,1.1195003351196275,0.02981219395907786,True,False,False,False,False,False,0.37605389559471275,False,0.0,中性,3338.TW,泰碩,3,v1,phase6a,2026-07-12,0,3,5,3,3,3,v1,37,0.9253112033195021,37,0.9253112033195021,39,0.921161825726141,^TWII,yfinance,2y,2026-10-06,scan_20261007_175251,False,False
True,0,-0.0733332633972168,-0.1316665013631185,True,False,觀察 (跌勢收斂),9.399999618530273,2026-10-06 00:00:00,9.474999904632568,-0.017000007629395242,False,False,1.0334134388347274,False,0.0001886695777540926,32.08451228406687,0.00019938780534767508,0.00021415922442821205,-0.562665452840938,-2.067472796212566,-7.240325654821456,-0.562665452840938,False,False,False,False,False,False,0.0,False,-0.08737869471246862,中性,1471.TW,首利,1,v1,phase6a,2026-07-12,0,1,1,1,1,1,v1,227,0.5311203319502075,227,0.5311203319502075,229,0.5269709543568465,^TWII,yfinance,2y,2026-10-06,scan_20261007_175251,False,False
False,0,-0.6166667938232422,-0.5833333333333333,False,True,強烈賣出 (跌破),53.79999923706055,2026-10-06 00:00:00,55.46999969482422,-0.06000003814697408,False,False,2.419728600541163,True,0.0010798322926755368,38.72369520377478,0.001164932278453483,0.0012574415361119556,-0.7630946621575818,-2.7119608316499733,-7.029209558279637,-0.7630946621575818,False,False,False,False,False,False,0.0,False,-0.1540880420154126,中性,7791.TW,皇家可口,0,v1,phase6a,2026-07-12,0,0,0,0,0,0,v1,450,0.06846473029045644,450,0.06846473029045644,450,0.06846473029045644,^TWII,yfinance,2y,2026-10-06,scan_20261007_175251,False,False
True,1,-0.09999974568684894,-0.09166653951009114,True,False,賣出 (動能轉弱),9.760000228881836,2026-10-06 00:00:00,9.804500007629395,-0.0005000114440907311,False,False,2.169458418163081,True,0.00019589523370117917,29.94830498115509,0.0002058500316646062,0.00021706835068719275,-0.5064688640291082,-2.0436572067420333,-5.21025553810921,-0.5064688640291082,False,False,False,False,False,False,0.0,False,-0.04313721456971287,中性,8176.TWO,智捷,0,v1,phase6a,2026-07-12,0,0,0,0,0,0,v1,459,0.04979253112033195,459,0.04979253112033195,459,0.04979253112033195,^TWII,yfinance,2y,2026-10-06,scan_20261007_175251,False,False
True,0,0.006666660308837891,-0.055000027020772294,True,False,買入 (動能增強),3.240000009536743,2026-10-06 00:00:00,2.960000014305115,0.012000000476837247,False,True,8.555503295571356,True,6.503079346062046e-05,20.648468619009016,6.267624251468709e-05,6.662933499844514e-05,0.3970107958207292,-0.6541798552782585,-7.3206951368926525,0.3970107958207292,True,False,False,False,False,True,0.3835131728894621,False,-0.05539360161006912,中性,9110.TW,越南控-DR,2,v1,phase6a,2026-07-12,0,2,4,2,2,2,v1,210,0.5663900414937759,210,0.5663900414937759,211,0.5643153526970954,^TWII,yfinance,2y,2026-10-06,scan_20261007_175251,False,False
True,0,0.03333346048990886,0.04166666666666667,True,False,觀望 (動能減弱),12.850000381469727,2026-10-06 00:00:00,12.977500009536744,-0.01249999999999929,False,False,1.1161054009354991,False,0.0002579153451594381,25.40277194472051,0.00027345857078796157,0.00029217321278232107,-0.5947511946647666,-1.672452037131067,-6.12825788160084,-0.5947511946647666,False,False,False,False,False,False,0.0,False,-0.1288135334596796,中性,8929.TWO,富堡,0,v1,phase6a,2026-07-12,0,0,0,0,0,0,v1,475,0.016597510373443983,475,0.016597510373443983,475,0.016597510373443983,^TWII,yfinance,2y,2026-10-06,scan_20261007_175251,False,False
True,1,0.18333371480305988,0.06666692097981769,True,False,買入 (動能增強),41.54999923706055,2026-10-06 00:00:00,42.062499618530275,-0.047500038146971235,False,False,0.9244178884844839,False,0.0008339596946669637,58.460788514462415,0.0008837861328389858,0.0009038201997538803,-0.5899555925883648,-1.6884789168226666,-4.735704754222548,-0.5899555925883648,False,False,False,False,False,False,0.0,False,-0.0641892385331837,中性,2618.TW,長榮航,2,v1,phase6a,2026-07-12,0,2,2,2,2,2,v1,97,0.8008298755186722,97,0.8008298755186722,100,0.7946058091286307,^TWII,yfinance,2y,2026-10-06,scan_20261007_175251,False,False
True,0,1.583333333333333,1.333333333333333,True,False,買入 (動能增強),173.5,2026-10-06 00:00:00,171.725,-0.575000000000017,False,True,0.5964199819821882,False,0.003482358837101015,76.91846337310203,0.003572685610893946,0.0035995135034679873,-0.26542622394214455,-0.7202816201718032,1.382628853114487,-0.26542622394214455,False,False,False,False,False,False,0.623795592791627,False,-0.06216216216216219,中性,4977.TW,眾達-KY,2,v1,phase6a,2026-07-12,0,2,3,2,2,2,v1,139,0.7136929460580913,139,0.7136929460580913,142,0.7074688796680498,^TWII,yfinance,2y,2026-10-06,scan_20261007_175251,False,False
True,1,-0.2666664123535156,-0.0666656494140625,True,False,賣出 (動能轉弱),96.5999984741211,2026-10-06 00:00:00,96.43999900817872,0.014999771118169747,False,True,0.4659782137262844,False,0.0019388810279556204,42.31686950419729,0.0020259955758710523,0.002117652984105333,-0.4505752620469261,-1.779762787487904,-4.550984047978012,-0.4505752620469261,False,False,False,False,False,False,0.0,False,-0.02424243965534245,中性,6752.TWO,叡揚,0,v1,phase6a,2026-07-12,0,0,2,0,0,0,v1,433,0.1037344398340249,433,0.1037344398340249,433,0.1037344398340249,^TWII,yfinance,2y,2026-10-06,scan_20261007_175251,False,False
True,1,-0.43333307902018225,-0.06666692097981769,True,False,賣出 (動能轉弱),61.400001525878906,2026-10-06 00:00:00,62.57500019073486,-0.039999961853027344,True,False,0.7785523925264516,False,0.0012323737055427101,36.853049318126125,0.0013042135981894433,0.0013327807296314542,-0.5764776713011566,-1.727563298703516,-1.221123678050906,-0.5764776713011566,False,False,False,False,False,False,0.1798898025973068,False,-0.04062497615814209,中性,2756.TWO,聯發國際,0,v1,phase6a,2026-07-12,0,0,0,0,0,0,v1,363,0.24896265560165975,363,0.24896265560165975,365,0.24481327800829875,^TWII,yfinance,2y,2026-10-06,scan_20261007_175251,False,False
True,2,0.005000114440917967,0.005000114440917967,True,False,觀望 (動能減弱),9.319999694824219,2026-10-06 00:00:00,9.32049994468689,-0.003500032424925692,True,False,0.7771461206401876,False,0.00018706388068616644,34.21160972028012,0.00019646523489356873,0.00020658887817830856,-0.5011860821424019,-2.092288976861123,-6.789090458761882,-0.5011860821424019,False,False,False,False,False,False,0.0,False,-0.053807174225350196,中性,4702.TWO,中美實,0,v1,phase6a,2026-07-12,0,0,0,0,0,0,v1,404,0.16390041493775934,404,0.16390041493775934,404,0.16390041493775934,^TWII,yfinance,2y,2026-10-06,scan_20261007_175251,False,False
True,0,0.266666571299235,0.1999999682108561,True,False,買入 (動能增強),10.899999618530273,2026-10-06 00:00:00,10.997500038146972,-0.022500038146972656,False,False,1.0702467367336757,False,0.00021877642648983624,7.089694556044502,0.0002334206463621047,0.0002608068142509848,-0.6560617841352867,-1.702302148104251,-8.337555099646732,-0.6560617841352867,False,False,False,False,False,False,0.0,False,-0.19259262084960938,中性,2314.TW,台揚,2,v1,phase6a,2026-07-12,0,2,2,2,2,2,v1,89,0.8174273858921162,89,0.8174273858921162,93,0.8091286307053942,^TWII,yfinance,2y,2026-10-06,scan_20261007_175251,False,False
True,2,-0.416666030883789,-0.3333326975504557,True,False,賣出 (動能轉弱),34.25,2026-10-06 00:00:00,34.70749969482422,0.05000000000000426,False,False,0.5222493400529415,False,0.0006874397127994798,75.02666400579879,0.0007240889600590533,0.0007325465211378003,-0.5299584572017069,-1.8277065291750882,-1.8028609674451967,-0.5299584572017069,False,False,False,False,False,False,0.1295491107776528,False,-0.09511224885735448,中性,6418.TWO,詠昇,1,v1,phase6a,2026-07-12,0,1,2,1,1,1,v1,285,0.4107883817427386,285,0.4107883817427386,286,0.4087136929460581,^TWII,yfinance,2y,2026-10-06,scan_20261007_175251,True,False
True,0,0.008333206176757812,0.2833334604899088,True,False,觀望 (動能減弱),31.049999237060547,2026-10-06 00:00:00,31.59999990463257,-0.08250007629394673,False,False,1.0949895927058801,False,0.0006232117535167582,37.882973859719385,0.0006618635423527788,0.0006823508864001644,-0.610964546575754,-1.8866595569144606,-3.6016763656850137,-0.610964546575754,False,False,False,False,False,False,0.0,False,-0.05045876108201608,中性,2353.TW,宏��,0,v1,phase6a,2026-07-12,0,0,0,0,0,0,v1,346,0.2842323651452282,346,0.2842323651452282,348,0.2800829875518672,^TWII,yfinance,2y,2026-10-06,scan_20261007_175251,False,False
True,0,0.14499998092651364,0.15166664123535156,True,False,觀望 (動能減弱),10.0,2026-10-06 00:00:00,10.101499938964844,-0.01249999999999929,False,False,1.1793206828693015,False,0.00020071232490495762,34.26077927301952,0.0002132579022844862,0.00022829607908223185,-0.6154331202608776,-1.9616978511887373,-6.506299138385552,-0.6154331202608776,False,False,False,False,False,False,0.0,False,-0.17695470666939395,中性,2390.TW,云辰,0,v1,phase6a,2026-07-12,0,0,0,0,0,0,v1,349,0.27800829875518673,349,0.27800829875518673,351,0.27385892116182575,^TWII,yfinance,2y,2026-10-06,scan_20261007_175251,False,False
True,0,0.23333295186360675,0.20833333333333331,True,False,買入 (動能增強),20.399999618530273,2026-10-06 00:00:00,20.414999961853027,-0.007499980926514382,True,False,1.0278114658060802,False,0.00040945313514954596,31.719263544037737,0.00043027509593703483,0.00045355392294994806,-0.506809987287038,-1.7789251263735317,-5.653835122229678,-0.506809987287038,False,False,False,False,False,False,0.008908749555498332,False,-0.10132163291219864,中性,4133.TW,亞諾法,2,v1,phase6a,2026-07-12,0,2,2,2,2,2,v1,131,0.7302904564315352,131,0.7302904564315352,134,0.7240663900414938,^TWII,yfinance,2y,2026-10-06,scan_20261007_175251,False,False
True,0,-0.19500009218851722,-0.2500000794728597,True,False,觀察 (跌勢收斂),7.199999809265137,2026-10-06 00:00:00,7.323999977111816,-0.025000000000000355,False,False,0.28846789439589643,False,0.0001445128701032857,27.86434371209029,0.0001530922970337034,0.00016453317929281854,-0.5864445322780298,-2.613338214513572,-6.3897386420659235,-0.5864445322780298,False,False,False,False,False,False,0.0,False,-0.07335909563199361,中性,1213.TW,大飲,1,v1,phase6a,2026-07-12,0,1,1,1,1,1,v1,216,0.553941908713693,216,0.553941908713693,218,0.549792531120332,^TWII,yfinance,2y,2026-10-06,scan_20261007_175251,False,False
True,0,-0.17499987284342447,-0.1999994913736979,True,False,觀察 (跌勢收斂),17.899999618530273,2026-10-06 00:00:00,17.929999923706056,-0.027500057220457563,False,False,0.6242979505611719,False,0.00035927505392330657,24.88703664092764,0.00037821845092267706,0.0004081363140428452,-0.5244545688606217,-2.3227475876502535,-8.302858562766335,-0.5244545688606217,False,False,False,False,False,False,0.0,False,-0.09823681236599913,中性,4999.TW,鑫禾,1,v1,phase6a,2026-07-12,0,1,1,1,1,1,v1,272,0.43775933609958506,272,0.43775933609958506,273,0.43568464730290457,^TWII,yfinance,2y,2026-10-06,scan_20261007_175251,False,False
True,0,-0.08333333333333337,1.2499999999999998,True,False,賣出 (動能轉弱),188.5,2026-10-06 00:00:00,189.175,0.15000000000000568,False,False,0.2569607796438051,False,0.0037834273244584512,74.47049015039923,0.003930285081508997,0.0037277728227379184,-0.39178193213595947,-1.2944332607543685,2.9168002368677337,-0.39178193213595947,False,True,True,False,False,False,0.6462520225189254,False,-0.03084832904884316,中性,6214.TW,精誠,0,v1,phase6a,2026-07-12,0,0,1,0,0,0,v1,417,0.13692946058091288,417,0.13692946058091288,417,0.13692946058091288,^TWII,yfinance,2y,2026-10-06,scan_20261007_175251,False,False
True,1,0.05833307902018228,-0.01666673024495443,True,False,買入 (動能增強),31.5,2026-10-06 00:00:00,31.392500114440917,-0.01750001907348775,False,True,1.6299639961985033,True,0.0006322438234506165,35.79731798710256,0.0006601420380085844,0.0006913641349162176,-0.44288169694832735,-1.7672327365477858,-5.27993376370508,-0.44288169694832735,False,False,False,False,False,False,0.016025281436793912,False,-0.018691542138383865,中性,1752.TW,南光,2,v1,phase6a,2026-07-12,0,2,3,2,2,2,v1,76,0.8443983402489627,76,0.8443983402489627,80,0.8360995850622407,^TWII,yfinance,2y,2026-10-06,scan_20261007_175251,False,False
True,1,0.43333307902018225,0.28333314259847003,True,False,買入 (動能增強),18.049999237060547,2026-10-06 00:00:00,17.48499994277954,0.017499923706054688,False,True,1.815770537898664,True,0.00036228573114031334,39.74944051117919,0.00036929181942479695,0.0003795550794162884,-0.19930393958710324,-0.914779991260295,-4.511429436408488,-0.19930393958710324,False,False,False,False,False,False,0.09299710032505026,False,-0.024324365564294737,中性,4430.TWO,耀億,4,v1,phase6a,2026-07-12,0,4,6,4,4,4,v1,19,0.9626556016597511,19,0.9626556016597511,24,0.9522821576763485,^TWII,yfinance,2y,2026-10-06,scan_20261007_175251,False,True
True,0,-0.2500006357828776,-0.3166675567626953,True,False,觀察 (跌勢收斂),41.099998474121094,2026-10-06 00:00:00,41.4149995803833,-0.03250007629394247,False,False,0.9156587110197059,False,0.0008249276247331056,38.076491500050636,0.0008686177943898462,0.0009016543565288436,-0.5266693723381066,-1.8068415732396481,-4.688306815745625,-0.5266693723381066,False,False,False,False,False,False,0.0,False,-0.023752969982046457,中性,2013.TW,中鋼構,1,v1,phase6a,2026-07-12,0,1,1,1,1,1,v1,234,0.516597510373444,234,0.516597510373444,235,0.5145228215767634,^TWII,yfinance,2y,2026-10-06,scan_20261007_175251,False,False
True,0,0.10833311080932616,0.09166653951009114,True,False,買入 (動能增強),14.399999618530273,2026-10-06 00:00:00,14.437499904632569,-0.0025000095367424535,False,False,0.5544277901319353,False,0.0002890257402065714,36.74629635974014,0.0003043844607550548,0.00033135532254134734,-0.5283337432224422,-1.8766735155125613,-6.348766638677727,-0.5283337432224422,False,False,False,False,False,False,0.0,False,-0.13772461313375084,中性,1218.TW,泰山,2,v1,phase6a,2026-07-12,0,2,2,2,2,2,v1,58,0.8817427385892116,58,0.8817427385892116,62,0.8734439834024896,^TWII,yfinance,2y,2026-10-06,scan_20261007_175251,False,False
False,0,10.583333333333332,4.083333333333334,False,True,強烈買入 (爆發),395.0,2026-10-06 00:00:00,352.175,2.0,False,True,6.324912315925083,True,0.007928136833745826,161.86725186879892,0.007384752614666059,0.007470501763406937,0.7805924964525035,0.4440226624706334,2.6892976568175797,0.7805924964525035,True,True,False,True,False,True,1.0,False,0.0,強勢 (RS強勁),6983.TWO,華洋精機,3,v1,phase6a,2026-07-12,2,5,5,5,3,5,v1,52,0.8941908713692946,52,0.8941908713692946,11,0.979253112033195,^TWII,yfinance,2y,2026-10-06,scan_20261007_175251,False,False
False,0,-0.6499989827473959,-0.6166648864746094,False,True,強烈賣出 (跌破),76.0999984741211,2026-10-06 00:00:00,77.18000030517578,-0.07500000000000284,False,False,0.5311686231265856,False,0.0015274207619004573,48.981172709553604,0.0016187229442316102,0.0016785688137207352,-0.5902202990262673,-2.0727814777490416,-5.170940580577776,-0.5902202990262673,False,False,False,False,False,False,0.0,False,-0.04396985008910381,中性,6464.TW,台數科,0,v1,phase6a,2026-07-12,0,0,0,0,0,0,v1,420,0.13070539419087138,420,0.13070539419087138,420,0.13070539419087138,^TWII,yfinance,2y,2026-10-06,scan_20261007_175251,False,False
True,1,-0.3833325703938802,-0.049999237060546875,True,False,賣出 (動能轉弱),91.80000305175781,2026-10-06 00:00:00,92.925,-0.10000000000000853,False,False,1.4584285850555392,False,0.0018425392038800515,39.91490700727909,0.001949605332754175,0.002034276059254409,-0.5747493457453734,-1.9495654701913057,-4.536365749988491,-0.5747493457453734,False,False,False,False,False,False,0.0,False,-0.040752288619127386,中性,5403.TWO,中菲,0,v1,phase6a,2026-07-12,0,0,0,0,0,0,v1,412,0.14730290456431536,412,0.14730290456431536,412,0.14730290456431536,^TWII,yfinance,2y,2026-10-06,scan_20261007_175251,False,False
False,0,6.25,1.1666666666666667,False,True,強烈買入 (爆發),146.0,2026-10-06 00:00:00,119.675,1.4500000000000028,False,True,5.38705688271114,True,0.002930399943612381,71.74622328129443,0.002551905852972102,0.0024474758336039803,1.5860056655040422,1.4850474654819479,-2.8663028739030816,1.5860056655040422,True,True,True,False,False,True,0.9050390679473838,False,0.0,偏強 (RS上升),6716.TWO,應廣,3,v1,phase6a,2026-07-12,2,5,5,5,3,5,v1,51,0.8962655601659751,51,0.8962655601659751,10,0.9813278008298755,^TWII,yfinance,2y,2026-10-06,scan_20261007_175251,False,False
True,0,-0.33333396911621094,-0.6583340962727864,True,False,觀察 (跌勢收斂),45.45000076293945,2026-10-06 00:00:00,45.75750026702881,-0.004999923706051845,False,False,0.4244381499989389,False,0.0009122375320061675,21.41086683238855,0.0009544154816170981,0.0009708905348164582,-0.4630296487894925,-1.3983093810906566,-1.6627799937252163,-0.4630296487894925,False,False,False,False,False,False,0.1379717814768718,False,-0.025723488181961907,中性,8442.TW,威宏-KY,1,v1,phase6a,2026-07-12,0,1,1,1,1,1,v1,309,0.36099585062240663,309,0.36099585062240663,310,0.35892116182572614,^TWII,yfinance,2y,2026-10-06,scan_20261007_175251,False,False
True,0,-0.08333333333333333,-0.10833326975504558,True,False,觀察 (跌勢收斂),17.0,2026-10-06 00:00:00,17.079999923706055,-0.01249999999999929,False,False,1.1443420641174078,False,0.00034121095233842795,42.73075788808741,0.00035883651575400387,0.0003749648755098552,-0.5143788320688181,-2.0126165419386832,-5.716476204522247,-0.5143788320688181,False,False,False,False,False,False,0.0,False,-0.04225352112676062,中性,1451.TW,年興,1,v1,phase6a,2026-07-12,0,1,1,1,1,1,v1,224,0.5373443983402489,224,0.5373443983402489,226,0.533195020746888,^TWII,yfinance,2y,2026-10-06,scan_20261007_175251,False,False
True,0,-16.862670898437496,-22.09059651692708,True,False,觀察 (跌勢收斂),527.0,2026-10-06 00:00:00,547.7941864013671,-3.5,False,False,1.041543138557473,False,0.010577539522491266,136.27110355031903,0.011266368577222087,0.011153243024074071,-0.639466520343468,-1.6024920160547018,2.65501192150428,-0.639466520343468,False,False,True,False,False,False,0.535929469286815,False,-0.11872909698996659,中性,6830.TW,汎銓,1,v1,phase6a,2026-07-12,0,1,1,1,1,1,v1,297,0.38589211618257263,297,0.38589211618257263,298,0.38381742738589214,^TWII,yfinance,2y,2026-10-06,scan_20261007_175251,False,False
True,0,0.34999974568684894,0.34166653951009107,True,False,買入 (動能增強),31.899999618530273,2026-10-06 00:00:00,31.897499752044677,0.017500019073484196,False,True,0.6639533108031843,False,0.0006402723087902473,18.764195586252193,0.0006721546212596591,0.0007129731226290677,-0.4968142058002334,-1.73391904133805,-5.0977663502967285,-0.4968142058002334,False,False,False,False,False,False,0.00341960580490328,False,-0.07536232989767322,中性,6593.TWO,台灣銘板,2,v1,phase6a,2026-07-12,0,2,4,2,2,2,v1,169,0.6514522821576764,169,0.6514522821576764,170,0.6493775933609959,^TWII,yfinance,2y,2026-10-06,scan_20261007_175251,False,False
True,0,-0.1749998728434245,-0.3416665395100912,True,False,觀察 (跌勢收斂),43.400001525878906,2026-10-06 00:00:00,43.09250049591064,0.015000152587887783,False,True,1.9124619862005823,True,0.0008710915207137864,51.96512910645737,0.0009036685666934699,0.0009354718630039239,-0.3780367454855438,-1.5647659861876106,-3.9993319146375494,-0.3780367454855438,False,False,False,False,False,False,0.04757549641709654,False,-0.002298815497036588,中性,9918.TW,欣天然,1,v1,phase6a,2026-07-12,0,1,3,1,1,1,v1,316,0.34647302904564314,316,0.34647302904564314,317,0.34439834024896265,^TWII,yfinance,2y,2026-10-06,scan_20261007_175251,False,False
False,0,1.616666793823242,1.8916664123535154,False,True,強烈買入 (爆發),38.400001525878906,2026-10-06 00:00:00,37.92250003814697,0.047500038146971235,False,True,0.8971496209145328,False,0.0007707353582613075,54.04174471613709,0.0008030789814082193,0.0008510675729016247,-0.422152666568576,-1.2354568167149194,-3.9431916188066185,-0.422152666568576,False,False,False,False,False,False,0.021099117633627557,False,-0.17281814724570455,中性,2495.TW,普安,3,v1,phase6a,2026-07-12,0,3,5,3,3,3,v1,33,0.9336099585062241,33,0.9336099585062241,36,0.9273858921161826,^TWII,yfinance,2y,2026-10-06,scan_20261007_175251,False,False
True,0,-9.833333333333332,-8.0,True,False,賣出 (動能轉弱),364.0,2026-10-06 00:00:00,370.2,-0.47500000000002274,False,False,0.5608074393696253,False,0.007305928626540457,35.941602016020774,0.007749187429686743,0.00803407001079414,-0.5985087427476277,-2.684813827058452,-5.016620939000804,-0.5985087427476277,False,False,False,False,False,False,0.0060934062017316635,False,-0.085427135678392,中性,8464.TW,億豐,0,v1,phase6a,2026-07-12,0,0,0,0,0,0,v1,469,0.029045643153526972,469,0.029045643153526972,469,0.029045643153526972,^TWII,yfinance,2y,2026-10-06,scan_20261007_175251,False,False
True,0,8.326672684688674e-17,-1.5833333333333335,True,False,買入 (動能增強),232.0,2026-10-06 00:00:00,234.95,-0.30000000000001137,False,False,0.40335762332577757,False,0.004656525937795017,106.71317773488616,0.004868240550788923,0.004837805422030169,-0.4556922378347039,-0.9718668252081009,1.8110392817840548,-0.4556922378347039,False,False,True,False,False,False,0.47843847073950385,False,-0.06072874493927127,中性,4576.TW,大銀微系統,4,v1,phase6a,2026-07-12,0,4,4,4,4,4,v1,20,0.9605809128630706,20,0.9605809128630706,25,0.950207468879668,^TWII,yfinance,2y,2026-10-06,scan_20261007_175251,False,True
True,1,0.04166793823242187,0.04166793823242187,True,False,觀望 (動能減弱),33.650001525878906,2026-10-06 00:00:00,33.890000343322754,-0.022499847412106533,True,False,0.5579422395150297,False,0.0006753970039314527,40.96006043853028,0.0007138960443255764,0.0007428286078305296,-0.5644597272728369,-1.9544229116890244,-6.291801747708914,-0.5644597272728369,False,False,False,False,False,False,0.0,False,-0.08310624451377424,中性,3716.TW,中化控股,2,v1,phase6a,2026-07-12,0,2,2,2,2,2,v1,127,0.7385892116182573,127,0.7385892116182573,130,0.7323651452282157,^TWII,yfinance,2y,2026-10-06,scan_20261007_175251,False,True
False,0,1.1333351135253906,0.03333536783854174,False,True,強烈買入 (爆發),94.80000305175781,2026-10-06 00:00:00,91.13000030517578,0.1850002288818331,False,True,3.061012047108075,True,0.0019027529013515387,61.55918085996362,0.0019196079270118438,0.001995108120635416,-0.09234046628432413,-0.9419890125409558,-4.3668473589626,-0.09234046628432413,False,False,False,False,False,True,0.07068772734085951,False,0.0,中性,6534.TW,正瀚-創,3,v1,phase6a,2026-07-12,0,3,5,3,3,3,v1,49,0.9004149377593361,49,0.9004149377593361,51,0.8962655601659751,^TWII,yfinance,2y,2026-10-06,scan_20261007_175251,False,False
True,1,-0.16666666666666666,-0.16666666666666666,True,False,賣出 (動能轉弱),128.0,2026-10-06 00:00:00,127.95,-0.024999999999991473,True,True,2.175667047870288,True,0.0025691177587834576,46.50637461812485,0.002690965655555439,0.0028140880697338114,-0.47437434474293383,-1.8471636200942276,-5.330150440667802,-0.47437434474293383,False,False,False,False,False,False,0.0,False,-0.022900763358778664,中性,1788.TWO,杏昌,0,v1,phase6a,2026-07-12,0,0,1,0,0,0,v1,340,0.2966804979253112,340,0.2966804979253112,342,0.2925311203319502,^TWII,yfinance,2y,2026-10-06,scan_20261007_175251,False,False
True,0,0.16666666666666657,-0.7499999999999999,True,False,買入 (動能增強),103.5,2026-10-06 00:00:00,103.9,-0.22499999999999432,False,False,0.44537919089446987,False,0.0020773725627663115,40.843714202040495,0.002192660343049751,0.002329059401420087,-0.5504162913916311,-2.3292760461826267,-8.311625635685472,-0.5504162913916311,False,False,False,False,False,False,0.01060326396986569,False,-0.09606986899563319,中性,6629.TWO,泰金-KY,2,v1,phase6a,2026-07-12,0,2,2,2,2,2,v1,171,0.6473029045643154,171,0.6473029045643154,172,0.6452282157676349,^TWII,yfinance,2y,2026-10-06,scan_20261007_175251,False,False
True,0,-0.2416664759318034,-0.5249999364217122,True,False,觀察 (跌勢收斂),29.0,2026-10-06 00:00:00,28.580000019073488,0.0,False,True,2.1795098827151245,True,0.0005820657422243771,30.5682260109739,0.0006031055706599528,0.0006781689204505881,-0.3658755242999412,-2.337741963324691,-8.831456754053535,-0.3658755242999412,False,False,False,False,False,False,0.04578828897584396,False,-0.25831199151595685,中性,7814.TWO,海昌生技,1,v1,phase6a,2026-07-12,0,1,2,1,1,1,v1,301,0.3775933609958506,301,0.3775933609958506,302,0.3755186721991701,^TWII,yfinance,2y,2026-10-06,scan_20261007_175251,False,False
True,0,6.357828775949148e-07,0.5500005086263021,True,False,觀望 (動能減弱),59.20000076293945,2026-10-06 00:00:00,59.410000038146975,0.05000000000000426,False,False,0.5232875081737527,False,0.0011882169787504843,48.92242269986308,0.0012413233971450518,0.0012307464537991448,-0.4483189167851953,-1.693389242413046,-0.707834013428077,-0.4483189167851953,False,False,True,False,False,False,0.3367055325943752,False,-0.08217053080714021,中性,2609.TW,陽明,1,v1,phase6a,2026-07-12,0,1,2,1,1,1,v1,245,0.49377593360995853,245,0.49377593360995853,246,0.491701244813278,^TWII,yfinance,2y,2026-10-06,scan_20261007_175251,True,False
True,0,-3.0,-2.916666666666666,True,False,賣出 (動能轉弱),290.0,2026-10-06 00:00:00,295.1,-0.2249999999999659,False,False,0.5170160792251233,False,0.005820657422243771,31.74203638497051,0.00618798570816643,0.006565207744177086,-0.6209779562426854,-2.2728909194732916,-5.364829146179173,-0.6209779562426854,False,False,False,False,False,False,0.0,False,-0.1049382716049383,中性,4585.TW,達明,0,v1,phase6a,2026-07-12,0,0,0,0,0,0,v1,403,0.16597510373443983,403,0.16597510373443983,403,0.16597510373443983,^TWII,yfinance,2y,2026-10-06,scan_20261007_175251,False,False
True,0,-0.31666692097981775,-0.5499992370605468,True,False,觀察 (跌勢收斂),90.0,2026-10-06 00:00:00,90.43500022888183,-0.27000007629395384,False,False,0.7540757865927866,False,0.0018064109241446185,44.208885769772664,0.0018928359712882402,0.0019287803628868453,-0.4783224085652238,-2.122468916789466,-4.248875163991983,-0.4783224085652238,False,False,False,False,False,False,0.0776404602691077,False,-0.05660378867409199,中性,4938.TW,和碩,1,v1,phase6a,2026-07-12,0,1,1,1,1,1,v1,271,0.43983402489626555,271,0.43983402489626555,272,0.43775933609958506,^TWII,yfinance,2y,2026-10-06,scan_20261007_175251,False,False
True,1,-0.21666844685872397,-0.25,True,False,觀察 (跌勢收斂),81.19999694824219,2026-10-06 00:00:00,81.55500030517578,0.0,False,False,0.99170548932419,False,0.0016297840169757153,46.65473416525006,0.0017139935642385795,0.0017946984493056374,-0.5145034746805832,-1.9257136488716298,-5.311698567239276,-0.5145034746805832,False,False,False,False,False,False,0.0,False,-0.03905329055334694,中性,9911.TW,櫻花,1,v1,phase6a,2026-07-12,0,1,1,1,1,1,v1,315,0.34854771784232363,315,0.34854771784232363,316,0.34647302904564314,^TWII,yfinance,2y,2026-10-06,scan_20261007_175251,False,False
True,0,0.5416666666666666,0.5166664123535156,True,False,買入 (動能增強),41.75,2026-10-06 00:00:00,41.60249977111816,-0.014999961853028765,True,True,0.0,False,0.0008379739564781981,32.02021190042939,0.0008783633732864517,0.0009369445955589448,-0.4816956526410121,-2.0021833230804087,-6.624204333047901,-0.4816956526410121,False,False,False,False,False,False,0.0,False,-0.08942199804947071,中性,6856.TWO,鑫傳,2,v1,phase6a,2026-07-12,0,2,3,2,2,2,v1,187,0.6141078838174274,187,0.6141078838174274,188,0.6120331950207469,^TWII,yfinance,2y,2026-10-06,scan_20261007_175251,False,False
True,0,3.333333333333333,2.583333333333333,True,False,買入 (動能增強),205.5,2026-10-06 00:00:00,201.475,0.9000000000000057,False,True,0.23716414921314205,False,0.004124638276796879,60.08402687532037,0.0041849157776344525,0.004222899008719621,-0.15138643059127155,-0.06663049699895396,5.393552792586287,-0.15138643059127155,False,False,False,False,False,False,0.47762627129523444,False,-0.0024271844660194164,中性,7703.TWO,銳澤,2,v1,phase6a,2026-07-12,0,2,4,2,2,2,v1,194,0.5995850622406639,194,0.5995850622406639,195,0.5975103734439834,^TWII,yfinance,2y,2026-10-06,scan_20261007_175251,False,False
True,1,2.9999999999999996,1.9166666666666667,True,False,買入 (動能增強),255.0,2026-10-06 00:00:00,254.6,0.09999999999999432,False,True,0.5916197068524353,False,0.00511816428507642,105.27916318487058,0.005374229480109341,0.005731960524998029,-0.4990430338515761,-1.766028420472876,-6.777241378235532,-0.4990430338515761,False,False,False,False,False,False,0.0,False,-0.1556291390728477,中性,8499.TW,鼎炫-KY,2,v1,phase6a,2026-07-12,0,2,4,2,2,2,v1,205,0.5767634854771784,205,0.5767634854771784,206,0.5746887966804979,^TWII,yfinance,2y,2026-10-06,scan_20261007_175251,False,False
True,0,-0.42499987284342444,0.5416666666666666,True,False,賣出 (動能轉弱),47.0,2026-10-06 00:00:00,49.052500534057614,-0.07500000000000284,False,False,0.6681544238504403,False,0.0009433479270533009,66.40748350603592,0.0010131647155478941,0.0009840493143019517,-0.7201407038738283,-1.2335891177395086,6.305256693365413,-0.7201407038738283,False,False,True,False,False,False,0.3238357281243295,False,-0.05905907343105021,中性,4198.TWO,欣大健康,0,v1,phase6a,2026-07-12,0,0,0,0,0,0,v1,393,0.18672199170124482,393,0.18672199170124482,393,0.18672199170124482,^TWII,yfinance,2y,2026-10-06,scan_20261007_175251,False,False
True,0,1.783331553141276,1.4166641235351562,True,False,買入 (動能增強),97.0,2026-10-06 00:00:00,97.36000022888183,-0.22500000000000853,False,False,1.9259626662956786,True,0.001946909551578089,25.85111210650533,0.00205350711682517,0.002123290246388293,-0.5434515739454859,-1.7647818092230483,-6.191543573115677,-0.5434515739454859,False,False,False,False,False,False,0.0,False,-0.0628019323671497,中性,6756.TW,威鋒電子,2,v1,phase6a,2026-07-12,0,2,2,2,2,2,v1,178,0.6327800829875518,178,0.6327800829875518,179,0.6307053941908713,^TWII,yfinance,2y,2026-10-06,scan_20261007_175251,False,False
True,0,-0.10833358764648438,-0.21666685740152994,True,False,觀察 (跌勢收斂),19.450000762939453,2026-10-06 00:00:00,19.73750009536743,-0.0625,False,False,0.49500695851746956,False,0.0003903854872532777,20.397583441582565,0.00041409965499596764,0.00045760449408349923,-0.5991965557580858,-2.207730770407834,-6.383729470730259,-0.5991965557580858,False,False,False,False,False,False,0.0,False,-0.1159090562300249,中性,6276.TWO,安鈦克,1,v1,phase6a,2026-07-12,0,1,1,1,1,1,v1,283,0.4149377593360996,283,0.4149377593360996,284,0.41286307053941906,^TWII,yfinance,2y,2026-10-06,scan_20261007_175251,False,False
True,0,0.35833295186360675,0.41666666666666663,True,False,觀望 (動能減弱),41.04999923706055,2026-10-06 00:00:00,41.15499992370606,-0.010000038146969814,False,False,0.8211991265329551,False,0.0008239240784217159,48.4252993488802,0.0008672795558147501,0.0009195453063736312,-0.5234581160765472,-1.8691835045592908,-5.428155993508943,-0.5234581160765472,False,False,False,False,False,False,0.0,False,-0.060640766123882694,中性,6763.TWO,綠界科技*,0,v1,phase6a,2026-07-12,0,0,0,0,0,0,v1,434,0.1016597510373444,434,0.1016597510373444,434,0.1016597510373444,^TWII,yfinance,2y,2026-10-06,scan_20261007_175251,False,False
True,0,1.5833333333333333,1.4999999999999998,True,False,買入 (動能增強),182.5,2026-10-06 00:00:00,182.475,-0.025000000000005684,False,True,1.0391200227300401,False,0.0036629999295154764,41.43379182500437,0.003845438762189905,0.004018213577031478,-0.49691752630480757,-1.660464583625909,-5.453741223265096,-0.49691752630480757,False,False,False,False,False,False,0.0,False,-0.04199475065616798,中性,3611.TWO,鼎翰,2,v1,phase6a,2026-07-12,0,2,3,2,2,2,v1,122,0.7489626556016598,122,0.7489626556016598,125,0.7427385892116183,^TWII,yfinance,2y,2026-10-06,scan_20261007_175251,False,False
True,0,-0.07500012715657552,-0.07500012715657552,True,False,賣出 (動能轉弱),11.199999809265137,2026-10-06 00:00:00,11.325000143051147,-0.012500000000001066,False,False,0.08508795113499544,False,0.00022479780006526875,25.581380810103344,0.00023806136380677474,0.0002526367985705573,-0.583053125801869,-2.169718552426536,-6.055449115759071,-0.583053125801869,False,False,False,False,False,False,0.0,False,-0.06276150727789187,中性,1813.TWO,寶利徠,0,v1,phase6a,2026-07-12,0,0,0,0,0,0,v1,341,0.2946058091286307,341,0.2946058091286307,343,0.29045643153526973,^TWII,yfinance,2y,2026-10-06,scan_20261007_175251,False,False
True,0,0.7083333333333334,0.6250003178914387,True,False,買入 (動能增強),23.899999618530273,2026-10-06 00:00:00,23.700000095367432,0.01249999999999929,False,True,0.9614432260346657,False,0.00047970244886628115,34.6242832029892,0.0005000767207548526,0.0005235768696065168,-0.4270348257026879,-0.9736212587844517,-4.115663888810195,-0.4270348257026879,False,False,False,False,False,False,0.0,False,-0.07184467500853309,中性,6229.TWO,研通,2,v1,phase6a,2026-07-12,0,2,4,2,2,2,v1,156,0.6784232365145229,156,0.6784232365145229,159,0.6721991701244814,^TWII,yfinance,2y,2026-10-06,scan_20261007_175251,False,False
True,0,-0.008333206176757812,0.2499993642171224,True,False,賣出 (動能轉弱),38.20000076293945,2026-10-06 00:00:00,38.55499954223633,0.01000003814697692,False,False,1.0186930168593695,False,0.0007667210964500732,37.00684161338695,0.0008109634381767021,0.0008554409544878896,-0.5709871747823336,-2.0714133444545424,-5.235176290827526,-0.5709871747823336,False,False,False,False,False,False,0.0,False,-0.052109144264943286,中性,6843.TWO,進典,0,v1,phase6a,2026-07-12,0,0,1,0,0,0,v1,437,0.0954356846473029,437,0.0954356846473029,437,0.0954356846473029,^TWII,yfinance,2y,2026-10-06,scan_20261007_175251,False,False
True,0,15.0,12.25,True,False,買入 (動能增強),290.0,2026-10-06 00:00:00,272.425,1.0,False,True,1.2993214540772164,False,0.005820657422243771,175.42880182744685,0.005681908090833214,0.00564183098657366,0.2577097614647528,0.8260788984900902,7.738640386875062,0.2577097614647528,True,True,True,False,False,False,0.8395281921620344,False,0.0,偏強 (RS上升),6290.TWO,良維,2,v1,phase6a,2026-07-12,1,3,4,3,2,3,v1,161,0.6680497925311203,161,0.6680497925311203,58,0.8817427385892116,^TWII,yfinance,2y,2026-10-06,scan_20261007_175251,False,False
True,1,0.20833365122477213,0.2500003178914388,True,False,觀望 (動能減弱),18.399999618530273,2026-10-06 00:00:00,18.237499904632568,0.009999942779540305,False,True,0.5662647742482092,False,0.00036931067016855447,27.45155496770934,0.0003845326720815115,0.0003914692936635399,-0.41496265304438174,-1.4230814522044444,-4.95340679428613,-0.41496265304438174,False,False,False,False,False,False,0.19171806101662126,False,-0.09582313151773114,中性,6804.TWO,明係,0,v1,phase6a,2026-07-12,0,0,2,0,0,0,v1,436,0.0975103734439834,436,0.0975103734439834,436,0.0975103734439834,^TWII,yfinance,2y,2026-10-06,scan_20261007_175251,False,False
True,0,-0.1533333460489909,-0.1833333969116211,True,False,觀察 (跌勢收斂),8.350000381469727,2026-10-06 00:00:00,8.334000062942504,0.003500032424925692,False,True,0.49481679408199114,False,0.00016759479895220718,30.560892601157455,0.0001747936798188752,0.0001879169376785704,-0.4316551667259083,-1.8570298617888836,-5.545217824212489,-0.4316551667259083,False,False,False,False,False,False,0.007556431648221314,False,-0.10215051503026584,中性,6616.TWO,特昇-KY,1,v1,phase6a,2026-07-12,0,1,3,1,1,1,v1,289,0.4024896265560166,289,0.4024896265560166,290,0.4004149377593361,^TWII,yfinance,2y,2026-10-06,scan_20261007_175251,False,False
True,0,3.9333356221516924,3.400001525878906,True,False,買入 (動能增強),92.80000305175781,2026-10-06 00:00:00,91.65499954223633,0.0,False,True,1.9121915711622008,True,0.0018626104363705473,41.86735268014219,0.0019421183910504397,0.0021683230881438197,-0.42908543357192963,-1.054709555378841,-5.8876983748960665,-0.42908543357192963,False,False,False,False,False,False,0.0,False,-0.14862382521323103,中性,6854.TW,錼創科技-KY創,2,v1,phase6a,2026-07-12,0,2,3,2,2,2,v1,186,0.6161825726141079,186,0.6161825726141079,187,0.6141078838174274,^TWII,yfinance,2y,2026-10-06,scan_20261007_175251,False,False
True,1,-2.083333333333333,-2.4166666666666665,True,False,觀察 (跌勢收斂),149.0,2026-10-06 00:00:00,146.025,0.025000000000005684,False,True,1.8862639318099517,True,0.0029906136410838683,23.66739408759739,0.003106398686420837,0.003516099778132414,-0.39081485068082067,-2.67490216492815,-12.634380257621958,-0.39081485068082067,False,False,False,False,False,False,0.027095889359065473,False,-0.24556962025316453,中性,8069.TWO,元太,1,v1,phase6a,2026-07-12,0,1,3,1,1,1,v1,305,0.36929460580912865,305,0.36929460580912865,306,0.36721991701244816,^TWII,yfinance,2y,2026-10-06,scan_20261007_175251,False,False
False,0,0.1999999682108561,0.10833326975504556,False,True,強烈買入 (爆發),10.949999809265137,2026-10-06 00:00:00,10.594999980926513,0.017499971389769442,False,True,4.465376089177123,True,0.0002197799919426448,40.663347321801496,0.00022324368313426859,0.00023365129686516074,-0.16305257980778753,-1.0788549715958884,-3.9750747918662954,-0.16305257980778753,False,False,False,False,False,False,0.11545652943930597,False,-0.00904980812159395,中性,5521.TW,工信,3,v1,phase6a,2026-07-12,0,3,5,3,3,3,v1,42,0.9149377593360996,42,0.9149377593360996,44,0.9107883817427386,^TWII,yfinance,2y,2026-10-06,scan_20261007_175251,False,False
True,0,8.833333333333332,8.083333333333332,True,False,買入 (動能增強),238.5,2026-10-06 00:00:00,228.175,0.07500000000001705,False,True,1.1911506765090183,False,0.004786988948983239,78.87249008293934,0.0047691489122517194,0.004725640029360088,0.039391479904149485,0.2248336696885067,4.080603075025158,0.039391479904149485,True,True,True,False,False,False,0.7224726735439599,False,0.0,偏強 (RS上升),6271.TW,同欣電,2,v1,phase6a,2026-07-12,1,3,4,3,2,3,v1,159,0.6721991701244814,159,0.6721991701244814,57,0.8838174273858921,^TWII,yfinance,2y,2026-10-06,scan_20261007_175251,False,False
True,0,-0.11666679382324217,-0.033333460489908845,True,False,賣出 (動能轉弱),18.899999618530273,2026-10-06 00:00:00,19.35500011444092,-0.047500038146971235,False,False,1.0695395978165454,False,0.0003793462864138023,21.149883663724133,0.00040599701024602555,0.0004306895022661819,-0.6862336661047297,-2.355794469788275,-5.392632804009844,-0.6862336661047297,False,False,False,False,False,False,0.0,False,-0.14776990007561586,中性,1540.TW,喬福,0,v1,phase6a,2026-07-12,0,0,0,0,0,0,v1,336,0.3049792531120332,336,0.3049792531120332,338,0.3008298755186722,^TWII,yfinance,2y,2026-10-06,scan_20261007_175251,False,False
True,0,0.10500009854634604,0.0733334223429362,True,False,買入 (動能增強),8.0,2026-10-06 00:00:00,8.095499968528747,-0.009499979019166105,False,False,1.277805859315605,False,0.0001605698599239661,35.05141442920781,0.00017157512858950822,0.00018169469196025012,-0.6706567114201922,-1.7725563421500667,-8.393838797595098,-0.6706567114201922,False,False,False,False,False,False,0.0,False,-0.23809523809523814,中性,1467.TW,南緯,3,v1,phase6a,2026-07-12,0,3,3,3,3,3,v1,28,0.9439834024896265,28,0.9439834024896265,31,0.9377593360995851,^TWII,yfinance,2y,2026-10-06,scan_20261007_175251,True,False
True,0,0.24000008900960282,0.2150001525878906,True,False,買入 (動能增強),10.199999809265137,2026-10-06 00:00:00,10.099000024795533,-0.007500028610229137,False,True,1.9376307792649285,True,0.00020472656757477298,29.50379667186103,0.00021320560220083423,0.0002204334902879146,-0.4168789104450954,-1.0191211026966185,-4.988139296014838,-0.4168789104450954,False,False,False,False,False,False,0.013436859547396878,False,-0.01923075159625831,中性,9962.TWO,有益,4,v1,phase6a,2026-07-12,0,4,5,4,4,4,v1,25,0.950207468879668,25,0.950207468879668,29,0.941908713692946,^TWII,yfinance,2y,2026-10-06,scan_20261007_175251,False,True
True,0,2.666667302449544,3.208333969116211,True,False,觀望 (動能減弱),44.650001525878906,2026-10-06 00:00:00,44.96750011444092,0.04250011444091939,False,False,0.5449897695074593,False,0.0008961805613269061,54.182673416344876,0.0009426100666554267,0.0009345785583597295,-0.5158131766935581,-0.7192986523056777,3.6584409713187105,-0.5158131766935581,False,False,True,False,False,False,0.5145586900773266,False,-0.07938141183754832,中性,3339.TWO,泰谷,1,v1,phase6a,2026-07-12,0,1,2,1,1,1,v1,259,0.46473029045643155,259,0.46473029045643155,260,0.46265560165975106,^TWII,yfinance,2y,2026-10-06,scan_20261007_175251,True,False
True,1,0.10000006357828775,0.20833349227905276,True,False,觀望 (動能減弱),14.850000381469727,2026-10-06 00:00:00,14.592500066757202,0.01249999999999929,False,True,1.445125474674738,False,0.00029805781014042963,49.93856373381422,0.0003041691197174311,0.0002997067615514002,-0.21104643784659594,-0.6734423884097729,2.714702285590942,-0.21104643784659594,False,False,True,False,False,False,0.5288664300530415,False,-0.05111816335850339,中性,1312.TW,國喬,2,v1,phase6a,2026-07-12,0,2,4,2,2,2,v1,63,0.8713692946058091,63,0.8713692946058091,67,0.8630705394190872,^TWII,yfinance,2y,2026-10-06,scan_20261007_175251,False,True
True,1,0.09166590372721355,-0.01666704813639322,True,False,買入 (動能增強),33.04999923706055,2026-10-06 00:00:00,32.63250026702881,0.0,False,True,1.3583224838435115,False,0.0006633542184977497,28.68250506189416,0.0006863601826671348,0.0007310721399287723,-0.3515888801081779,-1.6146430912106213,-4.967692440485827,-0.3515888801081779,False,False,False,False,False,False,0.0,False,-0.0516499086333444,中性,6722.TW,輝創,2,v1,phase6a,2026-07-12,0,2,3,2,2,2,v1,176,0.6369294605809128,176,0.6369294605809128,177,0.6348547717842323,^TWII,yfinance,2y,2026-10-06,scan_20261007_175251,False,False
True,0,0.041666507720947266,-0.01666673024495443,True,False,買入 (動能增強),10.899999618530273,2026-10-06 00:00:00,10.82000012397766,0.009999990463256836,False,True,1.1653035213159355,False,0.00021877642648983624,32.245811321817314,0.00022760311919153544,0.0002410383699336637,-0.4065621236986061,-1.538432706614845,-4.8885297810116635,-0.4065621236986061,False,False,False,False,False,False,0.0,False,-0.04385965059044994,中性,1220.TW,台榮,2,v1,phase6a,2026-07-12,0,2,4,2,2,2,v1,59,0.8796680497925311,59,0.8796680497925311,63,0.8713692946058091,^TWII,yfinance,2y,2026-10-06,scan_20261007_175251,False,False
True,0,5.333333333333333,9.5,True,False,觀望 (動能減弱),716.0,2026-10-06 00:00:00,691.25,2.6499999999999773,False,True,1.2124134576011458,False,0.014371002463194966,101.03594132435376,0.014178856088305823,0.013190345294556163,0.1428523379642721,-0.809509867303404,14.094958987653673,0.1428523379642721,True,True,True,False,False,False,0.8395279551871525,False,-0.021857923497267784,中性,3693.TWO,營邦,0,v1,phase6a,2026-07-12,1,1,2,1,0,1,v1,383,0.2074688796680498,383,0.2074688796680498,323,0.33195020746887965,^TWII,yfinance,2y,2026-10-06,scan_20261007_175251,False,False
True,2,-0.10833358764648436,-0.10000006357828775,True,False,賣出 (動能轉弱),20.600000381469727,2026-10-06 00:00:00,20.697500038146973,-0.03000001907348704,False,False,0.9199080295932308,False,0.00041346739696078026,18.496475346285983,0.0004344437503844684,0.00044205882113279295,-0.5056746050887684,-1.9441894984839059,-4.776326433997413,-0.5056746050887684,False,False,False,False,False,False,0.4051336134782573,False,-0.09649118110560306,中性,3712.TW,永崴投控,1,v1,phase6a,2026-07-12,0,1,1,1,1,1,v1,266,0.45020746887966806,266,0.45020746887966806,267,0.44813278008298757,^TWII,yfinance,2y,2026-10-06,scan_20261007_175251,True,False
True,0,-0.8166669209798176,-0.8416671752929686,True,False,觀察 (跌勢收斂),41.150001525878906,2026-10-06 00:00:00,42.21999969482422,-0.22249984741210938,False,False,0.4774796675149795,False,0.0008259312476101709,31.60273260562778,0.0008834123432518712,0.0008908609209650636,-0.6802578352584465,-2.6348244829576206,-6.255021719295151,-0.6802578352584465,False,False,False,False,False,False,0.21074236858560716,False,-0.11789924587567047,中性,2392.TW,正崴,2,v1,phase6a,2026-07-12,0,2,2,2,2,2,v1,92,0.8112033195020747,92,0.8112033195020747,96,0.8029045643153527,^TWII,yfinance,2y,2026-10-06,scan_20261007_175251,True,False
True,0,0.22500038146972656,0.025000254313151046,True,False,買入 (動能增強),31.450000762939453,2026-10-06 00:00:00,30.72750005722046,0.03250007629394602,False,True,3.366391438719498,True,0.0006312402771392269,48.67637468036488,0.0006454642573679556,0.000663609437426172,-0.23142969620632003,-1.433973707540237,-4.221107232954413,-0.23142969620632003,False,False,False,False,False,False,0.10879022354351325,False,0.0,中性,2008.TW,高興昌,2,v1,phase6a,2026-07-12,0,2,4,2,2,2,v1,81,0.8340248962655602,81,0.8340248962655602,85,0.8257261410788381,^TWII,yfinance,2y,2026-10-06,scan_20261007_175251,False,False
True,1,0.28499992688496906,0.3166666825612386,True,False,觀望 (動能減弱),8.649999618530273,2026-10-06 00:00:00,8.177500081062316,0.03149995803832972,False,True,0.6123808090060804,False,0.00017361615338622077,5.326393559684074,0.0001734931608223898,0.0002067843675428,0.007462860086615564,-0.3528097199426816,-4.197838265833265,0.007462860086615564,True,False,False,False,False,False,0.13114006390853722,False,-0.09989594926571543,中性,2424.TW,隴華,0,v1,phase6a,2026-07-12,0,0,2,0,0,0,v1,352,0.2717842323651452,352,0.2717842323651452,354,0.2676348547717842,^TWII,yfinance,2y,2026-10-06,scan_20261007_175251,False,False
True,0,-119.99999999999999,-103.3333333333333,True,False,賣出 (動能轉弱),1840.0,2026-10-06 00:00:00,1948.25,-4.5,False,False,0.35053638604108744,False,0.0369310677825122,296.09967055975295,0.03973112698814829,0.03934022853504909,-0.7363814298547156,-2.8891426968165934,5.347076912658277,-0.7363814298547156,False,False,True,False,False,False,0.3799605975683716,False,-0.14814814814814814,中性,7828.TWO,創新服務,1,v1,phase6a,2026-07-12,0,1,1,1,1,1,v1,302,0.3755186721991701,302,0.3755186721991701,303,0.37344398340248963,^TWII,yfinance,2y,2026-10-06,scan_20261007_175251,True,False
True,0,0.9833329518636067,0.7249997456868489,True,False,買入 (動能增強),43.79999923706055,2026-10-06 00:00:00,43.19999980926514,-0.010000038146969814,False,True,1.1069302814142674,False,0.0008791199677705792,60.72938117237792,0.0009160798167350386,0.0010017176263305313,-0.42289520677848413,-1.3297402438164463,-7.828334295689466,-0.42289520677848413,False,False,False,False,False,False,0.0,False,-0.23197468720039527,中性,6282.TW,康舒,2,v1,phase6a,2026-07-12,0,2,3,2,2,2,v1,160,0.6701244813278008,160,0.6701244813278008,162,0.6659751037344398,^TWII,yfinance,2y,2026-10-06,scan_20261007_175251,False,False
False,0,-0.5583333969116211,-0.45000004768371576,False,True,強烈賣出 (跌破),6.71999979019165,2026-10-06 00:00:00,7.048999977111817,-0.019500017166137695,True,False,0.965075906460951,False,0.00013487867812501936,17.906966598281052,0.0001497369756898114,0.0001728154034600934,-1.033721687312561,-4.9952887750540516,-16.621987928195225,-1.033721687312561,False,False,False,False,False,False,0.0,False,-0.25333335664537215,中性,4943.TW,康控-KY,0,v1,phase6a,2026-07-12,0,0,0,0,0,0,v1,407,0.15767634854771784,407,0.15767634854771784,407,0.15767634854771784,^TWII,yfinance,2y,2026-10-06,scan_20261007_175251,False,False
False,0,1.2083333333333333,0.625,False,True,強烈買入 (爆發),53.5,2026-10-06 00:00:00,50.562499618530275,0.12999992370605895,False,True,6.623498086033925,True,0.0010738109382415232,44.894796613840306,0.001066966180798022,0.0011017923533474436,0.06757361807239182,-0.8865995940664395,-3.705471375603464,0.06757361807239182,True,False,False,False,False,True,0.24423945608350975,False,0.0,中性,8432.TWO,東生華,3,v1,phase6a,2026-07-12,0,3,5,3,3,3,v1,54,0.8900414937759336,54,0.8900414937759336,54,0.8900414937759336,^TWII,yfinance,2y,2026-10-06,scan_20261007_175251,False,False
True,1,0.07499949137369791,0.09166590372721353,True,False,觀望 (動能減弱),20.25,2026-10-06 00:00:00,20.29749994277954,-0.010000038146973367,False,False,1.3571736102317336,False,0.0004064424579325392,27.605521961979097,0.00042676739988534683,0.00044826453024577787,-0.49881867983441186,-1.8892701471697304,-4.966823383522967,-0.49881867983441186,False,False,False,False,False,False,0.011163507293613113,False,-0.033412923028516284,中性,2642.TW,宅配通,0,v1,phase6a,2026-07-12,0,0,0,0,0,0,v1,357,0.26141078838174275,357,0.26141078838174275,359,0.2572614107883817,^TWII,yfinance,2y,2026-10-06,scan_20261007_175251,False,False
True,0,2.0333328247070312,1.733332316080729,True,False,買入 (動能增強),62.20000076293945,2026-10-06 00:00:00,61.66499977111816,-0.039999961853027344,True,True,0.8077354128032794,False,0.0012484306762219715,27.439742433634237,0.0013073307119879395,0.0013302516014458106,-0.4720105659109408,-1.2054479918052863,-6.830194494163466,-0.4720105659109408,False,False,False,False,False,False,0.39459196513389555,False,-0.10503596024547546,中性,2070.TWO,精湛,2,v1,phase6a,2026-07-12,0,2,3,2,2,2,v1,84,0.8278008298755186,84,0.8278008298755186,88,0.8195020746887967,^TWII,yfinance,2y,2026-10-06,scan_20261007_175251,False,False
True,0,0.5833333333333333,0.3833338419596354,True,False,買入 (動能增強),57.099998474121094,2026-10-06 00:00:00,56.35499992370605,0.04999999999999716,False,True,1.1214227521760942,False,0.0011460673445810377,47.624798440378015,0.001182208451890895,0.0012093972753020427,-0.3207661125314676,-1.3038690711834833,-2.6596501761369296,-0.3207661125314676,False,False,False,False,False,False,0.033736981809663766,False,-0.005226533863811111,中性,3705.TW,永信,2,v1,phase6a,2026-07-12,0,2,4,2,2,2,v1,126,0.7406639004149378,126,0.7406639004149378,129,0.7344398340248963,^TWII,yfinance,2y,2026-10-06,scan_20261007_175251,False,False
True,0,-0.2999995549519857,-0.39166673024495435,True,False,觀察 (跌勢收斂),16.450000762939453,2026-10-06 00:00:00,16.94999990463257,-0.08749999999999858,False,False,0.6278829256808455,False,0.0003301717897817904,32.29261730571113,0.0003595407593369438,0.0004012191806888457,-0.8525084714766651,-3.0303715909708706,-13.81698135264935,-0.8525084714766651,False,False,False,False,False,False,0.0,False,-0.20145628843110674,中性,2380.TW,虹光,1,v1,phase6a,2026-07-12,0,1,1,1,1,1,v1,241,0.5020746887966805,241,0.5020746887966805,242,0.5,^TWII,yfinance,2y,2026-10-06,scan_20261007_175251,False,False
True,1,-0.4833335876464844,-0.5999997456868489,True,False,觀察 (跌勢收斂),99.5,2026-10-06 00:00:00,100.57000007629395,-0.25,False,False,0.5539169265788033,False,0.0019970876328043283,57.41706038523482,0.002129789120600224,0.0023055009160971567,-0.6515931195976266,-2.4468289883187277,-10.435573031568158,-0.6515931195976266,False,False,False,False,False,False,0.0,False,-0.30662330567056606,中性,7402.TWO,邑錡,1,v1,phase6a,2026-07-12,0,1,1,1,1,1,v1,299,0.3817427385892116,299,0.3817427385892116,300,0.3796680497925311,^TWII,yfinance,2y,2026-10-06,scan_20261007_175251,False,False
True,0,-1.0166676839192708,-1.2833347320556638,True,False,觀察 (跌勢收斂),60.70000076293945,2026-10-06 00:00:00,61.29499969482422,-0.11000003814697124,True,False,0.34767157809490573,False,0.0012183238274862279,30.859897173355353,0.0012914538594528421,0.0014082388198028923,-0.592532631925824,-2.327694628219512,-8.57852081135685,-0.592532631925824,False,False,False,False,False,False,0.0,False,-0.2023652827853687,中性,3687.TWO,歐買尬,1,v1,phase6a,2026-07-12,0,1,1,1,1,1,v1,265,0.45228215767634855,265,0.45228215767634855,266,0.45020746887966806,^TWII,yfinance,2y,2026-10-06,scan_20261007_175251,False,False
False,0,2.6166674296061196,2.033334096272786,False,True,強烈買入 (爆發),86.80000305175781,2026-10-06 00:00:00,83.22000007629394,0.21500015258789062,False,True,1.585216708679151,True,0.0017421830414275728,67.51141646692837,0.0017607732603542039,0.001881749101752726,-0.11101331518978963,-0.6906843302661336,-4.3311443580365205,-0.11101331518978963,False,False,False,False,False,False,0.054457705171826534,False,-0.14482755614031717,中性,6191.TW,精成科,3,v1,phase6a,2026-07-12,0,3,5,3,3,3,v1,45,0.9087136929460581,45,0.9087136929460581,47,0.9045643153526971,^TWII,yfinance,2y,2026-10-06,scan_20261007_175251,False,False
False,0,-1.7750008900960286,-1.1333338419596353,False,True,強烈賣出 (跌破),47.349998474121094,2026-10-06 00:00:00,50.03999977111816,-0.13750000000000284,True,False,2.0664802595499205,True,0.000950372827798704,31.09686575142347,0.0010418170552268897,0.0010624282602660498,-0.915476190013198,-2.9262840302573867,-4.11399599052017,-0.915476190013198,False,False,False,False,False,False,0.0,False,-0.08766864967217858,中性,4995.TWO,晶達,0,v1,phase6a,2026-07-12,0,0,0,0,0,0,v1,409,0.15352697095435686,409,0.15352697095435686,409,0.15352697095435686,^TWII,yfinance,2y,2026-10-06,scan_20261007_175251,False,False
True,0,-0.15833409627278644,-0.258334477742513,True,False,觀察 (跌勢收斂),38.650001525878906,2026-10-06 00:00:00,38.880000305175784,-0.00999984741210369,False,False,0.8105602422703632,False,0.0007757531663839315,31.36137380402216,0.000814633404486943,0.0008435060413004848,-0.4998810758236827,-1.6997979727635726,-3.830352215074373,-0.4998810758236827,False,False,False,False,False,False,0.0,False,-0.019035532257717813,中性,2748.TW,雲品,1,v1,phase6a,2026-07-12,0,1,1,1,1,1,v1,249,0.4854771784232365,249,0.4854771784232365,250,0.483402489626556,^TWII,yfinance,2y,2026-10-06,scan_20261007_175251,False,False
True,0,0.6833330790201823,0.8833325703938802,True,False,觀望 (動能減弱),58.900001525878906,2026-10-06 00:00:00,58.59000034332276,0.070000076293951,False,True,0.5111638452961391,False,0.0011821956243164707,62.25497398539134,0.0012309154484738281,0.001300143492465314,-0.4149045795310058,-1.3212473187498186,-2.934445239856509,-0.4149045795310058,False,False,False,False,False,False,0.0,False,-0.1500721654818904,中性,8926.TW,台汽電,0,v1,phase6a,2026-07-12,0,0,2,0,0,0,v1,474,0.01867219917012448,474,0.01867219917012448,474,0.01867219917012448,^TWII,yfinance,2y,2026-10-06,scan_20261007_175251,False,False
True,0,3.4499994913736978,4.099999745686849,True,False,觀望 (動能減弱),61.099998474121094,2026-10-06 00:00:00,63.265000343322754,-0.38500022888183594,False,False,0.3889579082380173,False,0.0012263522745430207,47.174803893917854,0.0013027846206003233,0.0012510829074713385,-0.6137721374261718,0.06295342368625167,12.533419205943751,-0.6137721374261718,False,False,True,False,False,False,0.4789424546959926,False,-0.11191866622221014,中性,8431.TWO,匯鑽科,0,v1,phase6a,2026-07-12,0,0,0,0,0,0,v1,466,0.035269709543568464,466,0.035269709543568464,466,0.035269709543568464,^TWII,yfinance,2y,2026-10-06,scan_20261007_175251,False,False
True,0,6.166666666666666,2.4999999999999996,True,False,買入 (動能增強),420.0,2026-10-06 00:00:00,422.9,-1.4500000000000455,False,False,0.6114531838803681,False,0.00842991764600822,84.37474832390436,0.008930619237440653,0.009544925935803177,-0.5867029482319874,-2.032731620539996,-8.393163952496362,-0.5867029482319874,False,False,False,False,False,False,0.17851002186133197,False,-0.16000000000000003,中性,6451.TW,訊芯-KY,2,v1,phase6a,2026-07-12,0,2,2,2,2,2,v1,164,0.6618257261410788,164,0.6618257261410788,165,0.6597510373443983,^TWII,yfinance,2y,2026-10-06,scan_20261007_175251,False,False
True,1,0.008333365122477213,0.0,True,False,買入 (動能增強),15.0,2026-10-06 00:00:00,14.99249997138977,0.0,False,True,0.755117421678841,False,0.0003010684873574364,39.13182460278732,0.0003149744249406587,0.00032900811695998997,-0.46258096121502,-1.7795251613560104,-4.675792372247534,-0.46258096121502,False,False,False,False,False,False,0.004419245594253369,False,-0.019607855359147774,中性,1432.TW,大魯閣,2,v1,phase6a,2026-07-12,0,2,3,2,2,2,v1,66,0.8651452282157677,66,0.8651452282157677,70,0.8568464730290456,^TWII,yfinance,2y,2026-10-06,scan_20261007_175251,False,False
True,0,-0.14999993642171222,-0.07499980926513672,True,False,賣出 (動能轉弱),17.049999237060547,2026-10-06 00:00:00,17.544999980926512,-0.0350000381469755,False,False,3.1393230908548317,True,0.0003422144986498176,33.479635247299235,0.00036771621521339455,0.00038307383839019076,-0.724726463891856,-2.0063808105042824,-4.659290103158343,-0.724726463891856,False,False,False,False,False,False,0.0,False,-0.06830601377668599,中性,4440.TW,宜新實業,0,v1,phase6a,2026-07-12,0,0,0,0,0,0,v1,398,0.17634854771784234,398,0.17634854771784234,398,0.17634854771784234,^TWII,yfinance,2y,2026-10-06,scan_20261007_175251,False,False
True,0,0.3583335876464843,0.29166698455810547,True,False,買入 (動能增強),20.0,2026-10-06 00:00:00,19.732499980926512,0.035000038146971946,False,True,0.5442057265094121,False,0.00040142464980991524,17.662544605196334,0.00041689591861722756,0.0004376024034043972,-0.38911813178648114,-0.9256109195684092,-4.6707978691942875,-0.38911813178648114,False,False,False,False,False,False,0.01782878947090552,False,-0.1853360235625544,中性,8476.TW,台境*,3,v1,phase6a,2026-07-12,0,3,5,3,3,3,v1,55,0.8879668049792531,55,0.8879668049792531,55,0.8879668049792531,^TWII,yfinance,2y,2026-10-06,scan_20261007_175251,True,False
True,1,-0.024999618530273434,-0.0666662851969401,True,False,觀察 (跌勢收斂),29.100000381469727,2026-10-06 00:00:00,29.007500171661377,0.0025000572204589844,False,True,2.902483007351921,True,0.0005840728731299942,47.412634295743814,0.0006090126097361441,0.0006324706116435479,-0.4292140280337975,-1.7509334497882612,-4.491229194923985,-0.4292140280337975,False,False,False,False,False,False,0.011262846943671941,False,-0.010204055814730828,中性,9908.TW,大台北,1,v1,phase6a,2026-07-12,0,1,3,1,1,1,v1,314,0.3506224066390041,314,0.3506224066390041,315,0.34854771784232363,^TWII,yfinance,2y,2026-10-06,scan_20261007_175251,False,False
True,2,0.004999955495198567,0.006666660308837891,True,False,觀望 (動能減弱),7.079999923706055,2026-10-06 00:00:00,7.107000088691711,-0.0005000114440925074,True,False,0.7586445973726358,False,0.00014210432450139648,18.854018829815114,0.0001492461971875575,0.000158759399163888,-0.5011908200422632,-1.9621362855721025,-4.602592935741933,-0.5011908200422632,False,False,False,False,False,False,0.00777374387201737,False,-0.09693880281762102,中性,3494.TW,誠研,0,v1,phase6a,2026-07-12,0,0,0,0,0,0,v1,378,0.21784232365145229,378,0.21784232365145229,379,0.2157676348547718,^TWII,yfinance,2y,2026-10-06,scan_20261007_175251,False,False
True,0,-0.21666653951009113,-0.16666650772094727,True,False,賣出 (動能轉弱),15.199999809265137,2026-10-06 00:00:00,15.514999961853027,-0.03499999046325719,False,False,1.385983922586498,False,0.0003050827300272518,31.207681732590075,0.00032553251593486917,0.00034087253157190356,-0.6569138721365775,-2.3224738354873375,-5.85043436844167,-0.6569138721365775,False,False,False,False,False,False,0.0,False,-0.058823518990992474,中性,4432.TWO,銘旺實,0,v1,phase6a,2026-07-12,0,0,0,0,0,0,v1,397,0.17842323651452283,397,0.17842323651452283,397,0.17842323651452283,^TWII,yfinance,2y,2026-10-06,scan_20261007_175251,False,False
True,0,0.29166603088378906,-0.17500050862630212,True,False,買入 (動能增強),37.599998474121094,2026-10-06 00:00:00,36.25500011444092,-0.0350000381469755,False,True,1.5307588790395177,True,0.0007546783110163704,39.56843037216091,0.0007672777655353245,0.0007926719454957253,-0.17255417993737865,-1.4339835914132792,-8.163720598287128,-0.17255417993737865,False,False,False,False,False,False,0.20433718216181085,False,-0.09506620542645516,中性,4976.TW,佳凌,2,v1,phase6a,2026-07-12,0,2,3,2,2,2,v1,138,0.7157676348547718,138,0.7157676348547718,141,0.7095435684647303,^TWII,yfinance,2y,2026-10-06,scan_20261007_175251,False,False
True,0,0.150000254313151,0.05000019073486326,True,False,買入 (動能增強),25.350000381469727,2026-10-06 00:00:00,25.520000076293947,-0.05749998092651154,True,False,0.4332057870654612,False,0.0005088057512906352,48.2251739943487,0.0005457068447672615,0.0006012524468838262,-0.7067663816937131,-2.7879831428607393,-14.067240621236344,-0.7067663816937131,False,False,False,False,False,False,0.002751439411261227,False,-0.2838983251755569,中性,5490.TWO,同亨,2,v1,phase6a,2026-07-12,0,2,2,2,2,2,v1,144,0.7033195020746889,144,0.7033195020746889,147,0.6970954356846473,^TWII,yfinance,2y,2026-10-06,scan_20261007_175251,False,False
True,0,-0.28333314259847003,-0.3666664759318034,True,False,觀察 (跌勢收斂),23.5,2026-10-06 00:00:00,23.76999988555908,-0.014999961853028765,False,False,1.2829409672208583,False,0.00047167396352665043,28.28932062497153,0.0004987915476323808,0.0005262940663214042,-0.5690232486199376,-2.0930741311883327,-5.71682316059311,-0.5690232486199376,False,False,False,False,False,False,0.0,False,-0.046653129262759885,中性,2063.TWO,世鎧,1,v1,phase6a,2026-07-12,0,1,1,1,1,1,v1,236,0.5124481327800829,236,0.5124481327800829,237,0.5103734439834025,^TWII,yfinance,2y,2026-10-06,scan_20261007_175251,False,False
True,0,-0.5166657765706381,-0.6499996185302735,True,False,觀察 (跌勢收斂),64.80000305175781,2026-10-06 00:00:00,65.35000038146973,-0.1449996948242216,False,False,0.6145324497221425,False,0.001300615926636666,37.37634407936562,0.0013730110648384115,0.0014152626249537095,-0.551960481845426,-1.7574177757663234,-6.402777803133763,-0.551960481845426,False,False,False,False,False,False,0.33064345271410917,False,-0.1382977967890393,中性,6269.TW,台郡,1,v1,phase6a,2026-07-12,0,1,1,1,1,1,v1,282,0.4170124481327801,282,0.4170124481327801,283,0.4149377593360996,^TWII,yfinance,2y,2026-10-06,scan_20261007_175251,False,False
True,1,0.008333444595336914,0.05666677157084146,True,False,觀望 (動能減弱),5.590000152587891,2026-10-06 00:00:00,5.771499967575073,-0.008999991416931863,False,False,1.5107552326048925,True,0.00011219819268449833,18.729310229581785,0.00012096388426918121,0.0001263360416568286,-0.7570187890080127,-1.749177286192083,-3.125735277061692,-0.7570187890080127,False,False,False,False,False,False,0.0,False,-0.06833330790201819,中性,2929.TW,淘帝-KY,0,v1,phase6a,2026-07-12,0,0,0,0,0,0,v1,369,0.23651452282157676,369,0.23651452282157676,371,0.23236514522821577,^TWII,yfinance,2y,2026-10-06,scan_20261007_175251,False,False
True,0,-1.033332824707031,-0.6499996185302734,True,False,賣出 (動能轉弱),34.0,2026-10-06 00:00:00,35.08749980926514,-0.07749996185302166,True,False,0.7325723737800693,False,0.0006824219046768559,46.47801071274309,0.0007308403176593004,0.000727540267401863,-0.6925423101799999,-2.141872450273763,-1.9930253306728707,-0.6925423101799999,False,False,True,False,False,False,0.17449310043731767,False,-0.06721538303588992,中性,2596.TWO,綠意,1,v1,phase6a,2026-07-12,0,1,1,1,1,1,v1,243,0.4979253112033195,243,0.4979253112033195,244,0.495850622406639,^TWII,yfinance,2y,2026-10-06,scan_20261007_175251,True,False
True,0,-1.6333338419596353,-1.3833338419596353,True,False,賣出 (動能轉弱),73.5999984741211,2026-10-06 00:00:00,75.72999992370606,-0.08500022888182457,True,False,0.9678124236513657,False,0.0014772426806742179,40.57726967486331,0.0015838089143973952,0.0016654601589276236,-0.7032797825444081,-2.636313816839664,-5.323924365734689,-0.7032797825444081,False,False,False,False,False,False,0.0,False,-0.08229424844467847,中性,6923.TW,中台,0,v1,phase6a,2026-07-12,0,0,0,0,0,0,v1,444,0.08091286307053942,444,0.08091286307053942,444,0.08091286307053942,^TWII,yfinance,2y,2026-10-06,scan_20261007_175251,False,False
False,0,0.925000508626302,0.7916673024495441,False,True,強烈買入 (爆發),38.349998474121094,2026-10-06 00:00:00,37.937499618530275,0.05000000000000426,False,True,0.8549015067313803,False,0.0007697317353842422,37.35246985335929,0.0007979670395877373,0.0008173996475694855,-0.3710815215937746,-0.9457303792161698,-2.364763147147908,-0.3710815215937746,False,False,False,False,False,False,0.011337121440845538,False,-0.04364089941622762,中性,1609.TW,大亞,3,v1,phase6a,2026-07-12,0,3,5,3,3,3,v1,31,0.9377593360995851,31,0.9377593360995851,34,0.9315352697095436,^TWII,yfinance,2y,2026-10-06,scan_20261007_175251,False,False
True,0,0.375,0.37499968210856116,True,False,買入 (動能增強),17.600000381469727,2026-10-06 00:00:00,17.559999847412108,-0.007499980926514382,False,True,1.4038262063156581,False,0.00035325369948929297,32.20788603986584,0.0003709906866743025,0.0003967709772121752,-0.5007409241023386,-1.1672388458074612,-5.353498206663254,-0.5007409241023386,False,False,False,False,False,False,0.0,False,-0.11557785332412052,中性,6210.TWO,慶生,2,v1,phase6a,2026-07-12,0,2,3,2,2,2,v1,154,0.6825726141078838,154,0.6825726141078838,157,0.6763485477178424,^TWII,yfinance,2y,2026-10-06,scan_20261007_175251,False,False
False,0,-0.6833318074544271,-0.3833325703938802,False,True,強烈賣出 (跌破),78.0,2026-10-06 00:00:00,80.68999938964843,-0.20999984741210653,True,False,0.4102818155337018,False,0.0015655561342586694,48.36818598194893,0.0016785160679778867,0.0017138947261221094,-0.7034117961962738,-1.980974586841211,-1.242393039517986,-0.7034117961962738,False,False,False,False,False,False,0.0,False,-0.07363417070018818,中性,6486.TWO,互動,0,v1,phase6a,2026-07-12,0,0,0,0,0,0,v1,421,0.12863070539419086,421,0.12863070539419086,421,0.12863070539419086,^TWII,yfinance,2y,2026-10-06,scan_20261007_175251,False,False
True,1,0.09999974568684895,0.05833307902018229,True,False,買入 (動能增強),40.849998474121094,2026-10-06 00:00:00,40.964999771118165,-0.005000114440917969,False,False,0.5345798944501697,False,0.0008199098166104816,37.60493712532806,0.000859050507780082,0.0008932787383498131,-0.477318486937095,-1.6702177082721037,-3.6819555031899154,-0.477318486937095,False,False,False,False,False,False,0.0,False,-0.01089590245163119,中性,8916.TWO,光隆,2,v1,phase6a,2026-07-12,0,2,2,2,2,2,v1,206,0.5746887966804979,206,0.5746887966804979,207,0.5726141078838174,^TWII,yfinance,2y,2026-10-06,scan_20261007_175251,False,False
True,1,0.16666666666666663,0.141666571299235,True,False,買入 (動能增強),12.5,2026-10-06 00:00:00,12.40750002861023,0.007499980926514382,False,True,0.5956788994474773,False,0.000250890406131197,37.2652093731261,0.0002607601048723567,0.0002720832605243458,-0.39683710613723777,-0.9438187403867371,-2.950395128382066,-0.39683710613723777,False,False,False,False,False,False,0.0,False,-0.09699678679886903,中性,1304.TW,台聚,2,v1,phase6a,2026-07-12,0,2,4,2,2,2,v1,60,0.8775933609958506,60,0.8775933609958506,64,0.8692946058091287,^TWII,yfinance,2y,2026-10-06,scan_20261007_175251,False,False
True,0,-0.5916665395100911,-0.8749999999999999,True,False,觀察 (跌勢收斂),22.350000381469727,2026-10-06 00:00:00,22.42249994277954,0.01750001907348775,False,False,2.1846837406212014,True,0.00044859205381914786,21.21705888057544,0.0004681092970440196,0.0004820705557449268,-0.4369640753421722,-2.656587917584563,-5.794678082245774,-0.4369640753421722,False,False,False,False,False,False,0.15095744012249285,False,-0.17068646572342439,中性,1435.TW,中福,2,v1,phase6a,2026-07-12,0,2,3,2,2,2,v1,68,0.8609958506224067,68,0.8609958506224067,72,0.8526970954356846,^TWII,yfinance,2y,2026-10-06,scan_20261007_175251,True,False
True,0,0.8833338419596354,0.5333340962727864,True,False,買入 (動能增強),82.5,2026-10-06 00:00:00,81.49500045776367,-0.015000152587901994,False,True,0.5172717832160981,False,0.0016558766804659003,43.55817514504821,0.0017102464697928536,0.0017469663745717367,-0.33352197499563196,-1.1280475011960833,-2.7729468401696877,-0.33352197499563196,False,False,False,False,False,False,0.0,False,-0.051724137931034475,中性,4580.TWO,捷流閥業,2,v1,phase6a,2026-07-12,0,2,3,2,2,2,v1,137,0.7178423236514523,137,0.7178423236514523,140,0.7116182572614108,^TWII,yfinance,2y,2026-10-06,scan_20261007_175251,False,False
False,0,0.3000001907348633,-0.08333333333333336,False,True,強烈買入 (爆發),18.450000762939453,2026-10-06 00:00:00,16.525,0.09250001907348349,False,True,12.913132828691458,True,0.00037031425476278195,50.303518214335476,0.0003491424837957888,0.00036020608667733633,0.6424094342419195,-0.6464298719839667,-4.402527264975187,0.6424094342419195,True,True,False,False,False,True,0.6865410013677393,False,0.0,偏強 (RS上升),4711.TWO,永純,3,v1,phase6a,2026-07-12,0,3,5,3,3,3,v1,41,0.91701244813278,41,0.91701244813278,43,0.9128630705394191,^TWII,yfinance,2y,2026-10-06,scan_20261007_175251,False,False
True,0,-3.1999994913736978,-2.38333257039388,True,False,賣出 (動能轉弱),100.0,2026-10-06 00:00:00,99.54500007629395,0.00999984741210369,False,True,1.1022011058139656,False,0.002007123249049576,69.96405082894827,0.0020620010372511322,0.0020053488254464205,-0.2793631749551384,-1.9689303143258008,1.078879538924582,-0.2793631749551384,False,True,True,False,False,False,0.4447696213181306,False,-0.024390243902439046,中性,2637.TW,慧洋-KY,0,v1,phase6a,2026-07-12,0,0,2,0,0,0,v1,356,0.26348547717842324,356,0.26348547717842324,358,0.25933609958506226,^TWII,yfinance,2y,2026-10-06,scan_20261007_175251,False,False
True,1,0.2916661898295084,0.27499977747599286,True,False,買入 (動能增強),15.899999618530273,2026-10-06 00:00:00,16.17999997138977,-0.052500057220459695,False,False,1.940893513162826,True,0.000319132588942315,45.282043268399235,0.0003438272340279462,0.00037131650324048347,-0.750356871240998,-2.0676819261008506,-10.030980108259591,-0.750356871240998,False,False,False,False,False,False,0.0,False,-0.388461553133451,中性,6573.TW,虹揚-KY,2,v1,phase6a,2026-07-12,0,2,2,2,2,2,v1,167,0.6556016597510373,167,0.6556016597510373,168,0.6535269709543569,^TWII,yfinance,2y,2026-10-06,scan_20261007_175251,False,False
True,1,-1.4666659037272136,-1.2999992370605469,True,False,賣出 (動能轉弱),97.9000015258789,2026-10-06 00:00:00,98.12000007629395,-0.014999771118155536,True,False,0.0,False,0.001964973691445805,18.78733457696996,0.0020539146982689496,0.0021720060566254628,-0.453754471897283,-1.796406830921904,-4.1854508606899765,-0.453754471897283,False,False,False,False,False,False,0.38442721828650744,False,-0.08930231138717293,中性,7842.TWO,天能綠電,0,v1,phase6a,2026-07-12,0,0,0,0,0,0,v1,452,0.06431535269709543,452,0.06431535269709543,452,0.06431535269709543,^TWII,yfinance,2y,2026-10-06,scan_20261007_175251,False,False
True,0,0.22500069936116535,0.22500069936116535,True,False,觀望 (動能減弱),28.850000381469727,2026-10-06 00:00:00,28.96249990463257,-0.01249999999999929,True,False,0.785638527713399,False,0.0005790550650073703,34.37717773466416,0.0006057980810929999,0.0006179309384117407,-0.4625359133714091,-1.8830034306852816,-1.901690328375527,-0.4625359133714091,False,False,False,False,False,False,0.0,False,-0.0383333206176758,中性,8906.TWO,花王,0,v1,phase6a,2026-07-12,0,0,0,0,0,0,v1,473,0.02074688796680498,473,0.02074688796680498,473,0.02074688796680498,^TWII,yfinance,2y,2026-10-06,scan_20261007_175251,False,False
True,0,-0.6666679382324219,-1.1333351135253906,True,False,觀察 (跌勢收斂),71.0999984741211,2026-10-06 00:00:00,69.71499938964844,-0.054999923706049,True,True,1.6157344762870813,True,0.0014270645994479785,68.60167755655979,0.0014644397790938924,0.001519734351544525,-0.2679310184977912,-1.7906456120024283,-6.037037945613433,-0.2679310184977912,False,False,False,False,False,False,0.16358162224529377,False,-0.032653081984747034,中性,1504.TW,東元,1,v1,phase6a,2026-07-12,0,1,2,1,1,1,v1,228,0.529045643153527,228,0.529045643153527,230,0.524896265560166,^TWII,yfinance,2y,2026-10-06,scan_20261007_175251,False,False
True,1,0.14166736602783203,0.15833377838134766,True,False,觀望 (動能減弱),31.850000381469727,2026-10-06 00:00:00,31.98499984741211,-0.047499942779541726,True,False,0.11804981702278361,False,0.0006392687624788576,39.99042393829264,0.0006761113814657851,0.0007276786094678512,-0.5703279423813545,-2.1847704992773997,-7.916196283055976,-0.5703279423813545,False,False,False,False,False,False,0.0,False,-0.15066665649414057,中性,6730.TWO,常廣,0,v1,phase6a,2026-07-12,0,0,0,0,0,0,v1,432,0.10580912863070539,432,0.10580912863070539,432,0.10580912863070539,^TWII,yfinance,2y,2026-10-06,scan_20261007_175251,False,False
True,0,-0.16666666666666666,-0.08333333333333334,True,False,賣出 (動能轉弱),169.5,2026-10-06 00:00:00,169.45,0.024999999999977263,False,True,0.0,False,0.0034020739071390317,55.78160829091584,0.003556549461790179,0.0036929585231517286,-0.4551203251371927,-1.6406386450932398,-3.9947365094865295,-0.4551203251371927,False,False,False,False,False,False,0.0,False,-0.011661807580174877,中性,8416.TWO,實威,0,v1,phase6a,2026-07-12,0,0,2,0,0,0,v1,465,0.03734439834024896,465,0.03734439834024896,465,0.03734439834024896,^TWII,yfinance,2y,2026-10-06,scan_20261007_175251,False,False
True,0,0.11666647593180338,0.033333142598470054,True,False,買入 (動能增強),14.149999618530273,2026-10-06 00:00:00,14.212499904632569,-0.017500019073485973,False,False,2.140720446321435,True,0.0002840079320839475,26.31952889746676,0.00029984787498383523,0.00031894110151121805,-0.5529944108044305,-1.8650864020113733,-7.362703387204972,-0.5529944108044305,False,False,False,False,False,False,0.0,False,-0.10312045907640088,中性,2012.TW,春雨,2,v1,phase6a,2026-07-12,0,2,2,2,2,2,v1,82,0.8319502074688797,82,0.8319502074688797,86,0.8236514522821576,^TWII,yfinance,2y,2026-10-06,scan_20261007_175251,False,False
True,1,0.4833329518636067,0.6999994913736979,True,False,觀望 (動能減弱),36.95000076293945,2026-10-06 00:00:00,38.01250019073486,-0.05499992370605611,False,False,1.6967568608393466,True,0.0007416320558369535,20.596193178423583,0.000796413358685275,0.0008146806391434496,-0.7188479251030833,-1.871057470903259,-2.437800829732073,-0.7188479251030833,False,False,False,False,False,False,0.0,False,-0.0633713549214574,中性,6887.TW,寶綠特-KY,0,v1,phase6a,2026-07-12,0,0,0,0,0,0,v1,441,0.08713692946058091,441,0.08713692946058091,441,0.08713692946058091,^TWII,yfinance,2y,2026-10-06,scan_20261007_175251,False,False
True,1,0.08333333333333333,0.033333460489908845,True,False,買入 (動能增強),30.350000381469727,2026-10-06 00:00:00,30.02500009536743,-0.007499980926514382,True,True,0.44338033164848806,False,0.0006091619137431139,26.015481594476444,0.0006324169667902995,0.0006767870161099094,-0.3855781675075942,-1.6006876156452687,-5.395843574967596,-0.3855781675075942,False,False,False,False,False,False,0.023215970305250813,False,-0.06615383441631606,中性,2926.TWO,誠品生活,2,v1,phase6a,2026-07-12,0,2,3,2,2,2,v1,104,0.7863070539419087,104,0.7863070539419087,107,0.7800829875518672,^TWII,yfinance,2y,2026-10-06,scan_20261007_175251,False,False
True,0,-2.0999997456868487,-2.199999491373698,True,False,觀察 (跌勢收斂),73.5999984741211,2026-10-06 00:00:00,75.1150001525879,-0.004999923706051845,False,False,1.795185089192649,True,0.0014772426806742179,44.71625520057915,0.0015719510682672528,0.0016586984729725198,-0.6302026405503147,-1.7762450593441614,-4.638903578744557,-0.6302026405503147,False,False,False,False,False,False,0.0,False,-0.0776942899816111,中性,6794.TW,向榮生技,1,v1,phase6a,2026-07-12,0,1,1,1,1,1,v1,296,0.3879668049792531,296,0.3879668049792531,297,0.38589211618257263,^TWII,yfinance,2y,2026-10-06,scan_20261007_175251,False,False
True,3,0.01666673024495443,0.008333365122477213,True,False,買入 (動能增強),15.300000190734863,2026-10-06 00:00:00,15.322500133514405,-0.009999990463256836,False,False,0.4888293102054399,False,0.0003070898609328689,34.00842029834088,0.0003233960134484747,0.0003507796725108065,-0.5279518221999013,-2.0950083672935493,-7.329600578220963,-0.5279518221999013,False,False,False,False,False,False,0.0,False,-0.12571427481515063,中性,3252.TWO,海灣,2,v1,phase6a,2026-07-12,0,2,2,2,2,2,v1,114,0.7655601659751037,114,0.7655601659751037,117,0.7593360995850622,^TWII,yfinance,2y,2026-10-06,scan_20261007_175251,False,False
True,0,-14.166666666666668,-20.0,True,False,觀察 (跌勢收斂),1265.0,2026-10-06 00:00:00,1303.25,-4.75,False,False,0.9880953497821579,False,0.025390109100477138,227.0747181988267,0.02757502584830339,0.029849695617967548,-0.8271573288766376,-2.973552918440181,-12.031499933148847,-0.8271573288766376,False,False,False,False,False,False,0.0,False,-0.18935255483628421,中性,5289.TWO,宜鼎,2,v1,phase6a,2026-07-12,0,2,2,2,2,2,v1,142,0.7074688796680498,142,0.7074688796680498,145,0.7012448132780082,^TWII,yfinance,2y,2026-10-06,scan_20261007_175251,True,False
True,1,0.04166603088378906,-0.08333396911621092,True,False,買入 (動能增強),39.099998474121094,2026-10-06 00:00:00,38.86000003814697,0.04499988555907919,False,True,0.8668779402791174,False,0.000784785159752114,37.464501651640596,0.0008113263223386643,0.0008274360509124594,-0.34316883820831867,-1.347067955541592,-1.230434788952195,-0.34316883820831867,False,False,False,False,False,False,0.13732097653002803,False,-0.015113407488356323,中性,6952.TW,大武山,2,v1,phase6a,2026-07-12,0,2,4,2,2,2,v1,192,0.6037344398340249,192,0.6037344398340249,193,0.6016597510373444,^TWII,yfinance,2y,2026-10-06,scan_20261007_175251,False,False
True,0,1.3999989827473958,1.2999992370605469,True,False,買入 (動能增強),90.0999984741211,2026-10-06 00:00:00,91.77000007629394,-0.06500015258789915,False,False,0.5212800003828661,False,0.0018084180167673978,126.60735943923977,0.0019229012192646397,0.0019627645592090875,-0.6227990619818158,-1.9127872495419695,-3.233505749170651,-0.6227990619818158,False,False,False,False,False,False,0.1493014660987175,False,-0.16370806541490412,中性,8932.TWO,智通*,5,v1,phase6a,2026-07-12,0,5,5,5,5,5,v1,5,0.991701244813278,5,0.991701244813278,6,0.9896265560165975,^TWII,yfinance,2y,2026-10-06,scan_20261007_175251,True,True
True,0,0.024999936421712242,0.041666666666666664,True,False,觀望 (動能減弱),10.899999618530273,2026-10-06 00:00:00,11.00999994277954,-0.010000038146973367,False,False,1.523274373109877,True,0.00021877642648983624,23.26362988229859,0.00023154457598120634,0.00024268803188769256,-0.5771067298848576,-1.893130192051684,-5.205008648848275,-0.5771067298848576,False,False,False,False,False,False,0.0,False,-0.05217394621475879,中性,2913.TW,農林,0,v1,phase6a,2026-07-12,0,0,0,0,0,0,v1,368,0.23858921161825727,368,0.23858921161825727,370,0.23443983402489627,^TWII,yfinance,2y,2026-10-06,scan_20261007_175251,False,False
True,2,0.041666666666666664,0.008333524068196617,True,False,買入 (動能增強),17.649999618530273,2026-10-06 00:00:00,17.57499990463257,-0.00749998092651083,True,True,1.3666995236209674,False,0.0003542572458006826,44.55704660333775,0.00036912440770883644,0.00037614783085113145,-0.4221767682287436,-1.7475407918434938,-4.678834121043796,-0.4221767682287436,False,False,False,False,False,False,0.20154132898957214,False,-0.045945966565931196,中性,1742.TWO,台蠟,2,v1,phase6a,2026-07-12,0,2,3,2,2,2,v1,75,0.8464730290456431,75,0.8464730290456431,79,0.8381742738589212,^TWII,yfinance,2y,2026-10-06,scan_20261007_175251,False,False
False,0,-5.25,-7.916666666666666,False,True,強烈賣出 (跌破),273.5,2026-10-06 00:00:00,284.75,-0.25,False,False,0.5344874768423036,False,0.0054894820861505905,178.92571587350352,0.005875996943768187,0.005676609818801637,-0.6876450271794732,-1.441493923342707,0.8689721186228461,-0.6876450271794732,False,False,True,False,False,False,0.5443728341842345,False,-0.1233974358974359,中性,3006.TW,晶豪科,0,v1,phase6a,2026-07-12,0,0,0,0,0,0,v1,372,0.23029045643153526,372,0.23029045643153526,374,0.22614107883817428,^TWII,yfinance,2y,2026-10-06,scan_20261007_175251,False,False
True,0,0.9333324432373047,0.49999872843424475,True,False,買入 (動能增強),63.70000076293945,2026-10-06 00:00:00,62.79000053405762,-0.01999988555908061,True,True,0.6372949858582809,False,0.0012785375249577153,32.787087615182514,0.0013287110020709476,0.0014607096611540871,-0.395910693455781,-1.6783549003108522,-7.570022987217118,-0.395910693455781,False,False,False,False,False,False,0.019780334830318116,False,-0.11527776718139648,中性,6768.TW,志強-KY,2,v1,phase6a,2026-07-12,0,2,3,2,2,2,v1,179,0.6307053941908713,179,0.6307053941908713,180,0.6286307053941909,^TWII,yfinance,2y,2026-10-06,scan_20261007_175251,False,False
True,0,3.0,0.75,True,False,買入 (動能增強),173.0,2026-10-06 00:00:00,165.35,-0.25,False,True,1.4164519523660781,False,0.0034723232208557667,89.22917043038217,0.0034553770335510126,0.00340660964585979,0.05165081913500735,-0.7623193995529576,0.19925437633001586,0.05165081913500735,True,True,True,False,False,False,0.5751656735012656,False,-0.03621169916434541,中性,2421.TW,建準,2,v1,phase6a,2026-07-12,1,3,3,3,2,3,v1,93,0.8091286307053942,93,0.8091286307053942,56,0.8858921161825726,^TWII,yfinance,2y,2026-10-06,scan_20261007_175251,False,False
True,1,-0.10000006357828775,-0.10000006357828775,True,False,賣出 (動能轉弱),28.5,2026-10-06 00:00:00,28.530000114440917,0.0,False,False,0.6055376417336543,False,0.0005720301259791292,39.626152749001555,0.0006003511880526942,0.0006253054100463612,-0.49411645447734465,-1.8362364645017615,-5.73430773969088,-0.49411645447734465,False,False,False,False,False,False,0.0,False,-0.04201680672268904,中性,6662.TWO,樂斯科,0,v1,phase6a,2026-07-12,0,0,0,0,0,0,v1,429,0.11203319502074689,429,0.11203319502074689,429,0.11203319502074689,^TWII,yfinance,2y,2026-10-06,scan_20261007_175251,False,False
True,0,0.29166650772094727,0.29166650772094727,True,False,觀望 (動能減弱),13.75,2026-10-06 00:00:00,13.727500009536744,0.0,False,True,0.5268752534552466,False,0.0002759794467443167,34.26382379630604,0.00029017338435825493,0.0003083206662229275,-0.5122609762861607,-1.4684854867588748,-5.8816206263703315,-0.5122609762861607,False,False,False,False,False,False,0.0,False,-0.15123460787386445,中性,3607.TW,谷崧,0,v1,phase6a,2026-07-12,0,0,1,0,0,0,v1,380,0.21369294605809128,380,0.21369294605809128,381,0.21161825726141079,^TWII,yfinance,2y,2026-10-06,scan_20261007_175251,False,False
True,0,-0.48333295186360675,-0.5083332061767578,True,False,觀察 (跌勢收斂),46.0,2026-10-06 00:00:00,46.167499732971194,0.014999961853028765,False,False,1.3373709198246133,False,0.0009232766945628051,46.74500772256686,0.0009713692781264695,0.0010043132357595917,-0.518456892453556,-2.068399250953701,-6.2440687265262085,-0.518456892453556,False,False,False,False,False,False,0.0,False,-0.06693710523589258,中性,4120.TWO,友華,2,v1,phase6a,2026-07-12,0,2,3,2,2,2,v1,128,0.7365145228215768,128,0.7365145228215768,131,0.7302904564315352,^TWII,yfinance,2y,2026-10-06,scan_20261007_175251,True,False
False,0,0.7000001271565754,0.5166667302449544,False,True,強烈買入 (爆發),22.75,2026-10-06 00:00:00,21.932499980926515,0.032499980926516514,False,True,0.8005419669115992,False,0.0004566205391587786,40.10234152503128,0.0004652644196756437,0.0004967195470048422,-0.1951806772891307,-0.7347596982555049,-6.2431986516052085,-0.1951806772891307,False,False,False,False,False,False,0.10496049775051172,False,-0.0789473968707437,中性,4168.TWO,醣聯,3,v1,phase6a,2026-07-12,0,3,5,3,3,3,v1,40,0.9190871369294605,40,0.9190871369294605,42,0.9149377593360996,^TWII,yfinance,2y,2026-10-06,scan_20261007_175251,False,False
True,0,15.499999999999998,16.666666666666664,True,False,觀望 (動能減弱),296.0,2026-10-06 00:00:00,295.85,0.6500000000000341,False,True,1.342792814863033,False,0.0059410848171867455,46.831307218279406,0.006208492803237361,0.006216764043325098,-0.4513360477613859,-0.4320137318316375,2.196603936734842,-0.4513360477613859,False,False,False,False,False,False,0.3504626601686291,False,-0.038961038961038974,中性,6937.TW,天虹,2,v1,phase6a,2026-07-12,0,2,4,2,2,2,v1,191,0.6058091286307054,191,0.6058091286307054,192,0.6037344398340249,^TWII,yfinance,2y,2026-10-06,scan_20261007_175251,False,True
True,2,0.11666552225748697,0.16666539510091147,True,False,觀望 (動能減弱),54.900001525878906,2026-10-06 00:00:00,54.95999984741211,-0.004999923706058951,False,False,0.8456836203611383,False,0.0011019106943544875,40.63265273789733,0.0011541205732276169,0.0012168343334584097,-0.47393059986771124,-1.722307123577782,-4.23945609694667,-0.47393059986771124,False,False,False,False,False,False,0.0,False,-0.03715286333453116,中性,2496.TW,卓越,0,v1,phase6a,2026-07-12,0,0,0,0,0,0,v1,354,0.2676348547717842,354,0.2676348547717842,356,0.26348547717842324,^TWII,yfinance,2y,2026-10-06,scan_20261007_175251,False,False
False,0,-0.10000006357828775,-0.30833339691162104,False,True,強烈賣出 (跌破),12.800000190734863,2026-10-06 00:00:00,11.892499876022338,0.04749999046325648,False,True,2.633900441083806,True,0.0002569117797066295,24.49677895823276,0.00024939126411363684,0.00027017112098502526,0.31843700550573395,-1.600095164321258,-4.243672029345147,0.31843700550573395,True,False,False,False,False,True,0.25561435375279407,False,-0.05882354178643112,中性,6988.TW,威力暘-創,0,v1,phase6a,2026-07-12,0,0,2,0,0,0,v1,447,0.07468879668049792,447,0.07468879668049792,447,0.07468879668049792,^TWII,yfinance,2y,2026-10-06,scan_20261007_175251,False,False
True,0,-0.08333269755045572,-0.09166622161865233,True,False,觀察 (跌勢收斂),16.700000762939453,2026-10-06 00:00:00,16.98000011444092,-0.04499998092651225,False,False,0.5099780184657736,False,0.00033518959790441435,31.502238468408958,0.0003570275423684452,0.0003725319722665674,-0.6397336255679065,-2.429666058355795,-6.531623384645857,-0.6397336255679065,False,False,False,False,False,False,0.0,False,-0.06442574756043706,中性,9946.TW,三發地產,2,v1,phase6a,2026-07-12,0,2,2,2,2,2,v1,213,0.5601659751037344,213,0.5601659751037344,214,0.558091286307054,^TWII,yfinance,2y,2026-10-06,scan_20261007_175251,True,False
True,1,0.3333336512247721,0.4500004450480143,True,False,觀望 (動能減弱),28.799999237060547,2026-10-06 00:00:00,29.0125,-0.022500038146972656,False,False,1.2896062804643997,False,0.0005780514804131428,32.70690465335452,0.0006090267861510626,0.0006287550626247805,-0.5325209686627419,-1.5131743500892747,-3.144165469445792,-0.5325209686627419,False,False,False,False,False,False,0.0,False,-0.05461615409596898,中性,2352.TW,佳世達,0,v1,phase6a,2026-07-12,0,0,0,0,0,0,v1,345,0.2863070539419087,345,0.2863070539419087,347,0.2821576763485477,^TWII,yfinance,2y,2026-10-06,scan_20261007_175251,False,False
True,0,14.583333333333334,13.916666666666666,True,False,買入 (動能增強),531.0,2026-10-06 00:00:00,528.075,-2.449999999999932,False,True,0.7868286705962491,False,0.01065782445245325,125.26379021612908,0.011182213859556369,0.011198689678742987,-0.4912063498349939,-1.6967052944608985,-8.399852701159215,-0.4912063498349939,False,False,False,False,False,False,0.39459035426010625,False,-0.17801857585139313,中性,3450.TW,聯鈞,4,v1,phase6a,2026-07-12,0,4,5,4,4,4,v1,16,0.9688796680497925,16,0.9688796680497925,21,0.9585062240663901,^TWII,yfinance,2y,2026-10-06,scan_20261007_175251,False,True
True,0,0.6083335876464844,0.4416672388712565,True,False,買入 (動能增強),18.0,2026-10-06 00:00:00,17.45,0.017500019073484196,False,True,1.4062664179960291,False,0.0003612821848289237,38.96451768580334,0.0003677615513127538,0.00038267233391542566,-0.18511343281855108,-0.17267367382191035,-2.333988005273213,-0.18511343281855108,False,False,False,False,False,True,0.37729215054512993,False,-0.05511807239434641,中性,6153.TW,嘉聯益,2,v1,phase6a,2026-07-12,0,2,4,2,2,2,v1,148,0.6950207468879668,148,0.6950207468879668,151,0.6887966804979253,^TWII,yfinance,2y,2026-10-06,scan_20261007_175251,False,False
True,0,-0.28333314259847003,-0.3166664441426595,True,False,觀察 (跌勢收斂),10.300000190734863,2026-10-06 00:00:00,10.572499895095826,-0.025000000000000355,True,False,0.6058989137980543,False,0.00020673369848039013,26.89618396348916,0.00022139155456170754,0.00023702934150267066,-0.6921011824443046,-2.496431453811554,-6.676929763199269,-0.6921011824443046,False,False,False,False,False,False,0.0,False,-0.14166665077209473,中性,3313.TWO,斐成,1,v1,phase6a,2026-07-12,0,1,1,1,1,1,v1,258,0.46680497925311204,258,0.46680497925311204,259,0.46473029045643155,^TWII,yfinance,2y,2026-10-06,scan_20261007_175251,False,False
True,0,-0.04166698455810548,-0.08333365122477213,True,False,觀察 (跌勢收斂),11.0,2026-10-06 00:00:00,10.944999980926514,-0.007499980926512606,True,True,0.9224529733332387,False,0.0002207835573954534,29.460410491131974,0.00022982196893321348,0.00024017327849831322,-0.4122710071837621,-1.7933780761401064,-5.106003010010307,-0.4122710071837621,False,False,False,False,False,False,0.031241263195238674,False,-0.03162393714923728,中性,1453.TW,大將,1,v1,phase6a,2026-07-12,0,1,2,1,1,1,v1,225,0.5352697095435685,225,0.5352697095435685,227,0.5311203319502075,^TWII,yfinance,2y,2026-10-06,scan_20261007_175251,False,False
True,2,-0.11666711171468098,-0.10000038146972656,True,False,賣出 (動能轉弱),17.799999237060547,2026-10-06 00:00:00,17.9625,-0.010000038146973367,False,False,0.9961168486726175,False,0.00035726792301768944,26.143025998759864,0.00037735358934122754,0.0004054835788171126,-0.5571698772803502,-2.1241640333729883,-5.649447765175997,-0.5571698772803502,False,False,False,False,False,False,0.0,False,-0.07291674324207531,中性,1586.TWO,和勤,0,v1,phase6a,2026-07-12,0,0,0,0,0,0,v1,337,0.3029045643153527,337,0.3029045643153527,339,0.2987551867219917,^TWII,yfinance,2y,2026-10-06,scan_20261007_175251,False,False
True,0,-0.04999955495198567,-0.04999955495198567,True,False,賣出 (動能轉弱),16.600000381469727,2026-10-06 00:00:00,16.842500019073487,-0.02499999999999858,True,False,1.0244341394876666,False,0.0003331824669987972,32.75594566997754,0.00035401757207432366,0.00037102213725515845,-0.6156942233069951,-2.2605178304101026,-6.113376583466978,-0.6156942233069951,False,False,False,False,False,False,0.0027110029064448893,False,-0.06214691152855345,中性,2534.TW,宏盛,0,v1,phase6a,2026-07-12,0,0,0,0,0,0,v1,355,0.26556016597510373,355,0.26556016597510373,357,0.26141078838174275,^TWII,yfinance,2y,2026-10-06,scan_20261007_175251,False,False
True,0,0.031666835149129234,-0.003333012262980148,True,False,買入 (動能增強),8.130000114440918,2026-10-06 00:00:00,8.09400007724762,-0.007499980926514382,True,True,0.42148548248963474,False,0.0001631791224447008,36.48713058177091,0.00017055075715142708,0.0001795993963129028,-0.4529133307207167,-1.6765060377438745,-6.313292549700201,-0.4529133307207167,False,False,False,False,False,False,0.0,False,-0.05768928070700585,中性,1417.TW,嘉裕,2,v1,phase6a,2026-07-12,0,2,3,2,2,2,v1,65,0.8672199170124482,65,0.8672199170124482,69,0.8589211618257261,^TWII,yfinance,2y,2026-10-06,scan_20261007_175251,False,False
True,0,0.17499955495198563,0.12499968210856117,True,False,買入 (動能增強),17.25,2026-10-06 00:00:00,17.194999980926514,0.00500001907348846,False,True,0.5958950217650376,False,0.0003462287604610519,41.667645721976896,0.0003623880723154067,0.0003828946950276686,-0.4671879540090518,-1.586549246112401,-5.239851899880366,-0.4671879540090518,False,False,False,False,False,False,0.0,False,-0.04432128924515277,中性,4173.TWO,久裕,2,v1,phase6a,2026-07-12,0,2,4,2,2,2,v1,134,0.7240663900414938,134,0.7240663900414938,137,0.7178423236514523,^TWII,yfinance,2y,2026-10-06,scan_20261007_175251,False,False
True,1,1.050000508626302,0.7083339691162109,True,False,買入 (動能增強),51.0,2026-10-06 00:00:00,50.0225004196167,0.02499999999999858,False,True,1.1201681823119625,False,0.0010236328570152838,44.241380374822235,0.0010538759407988923,0.0010874948758754048,-0.3011640058599552,-0.9666194581090526,-3.6724061958803844,-0.3011640058599552,False,False,False,False,False,False,0.0,False,-0.06250002629616602,中性,8070.TW,長華*,2,v1,phase6a,2026-07-12,0,2,4,2,2,2,v1,197,0.5933609958506224,197,0.5933609958506224,198,0.5912863070539419,^TWII,yfinance,2y,2026-10-06,scan_20261007_175251,False,False
False,0,-0.8416668574015298,-0.7749999364217122,False,True,強烈賣出 (跌破),28.299999237060547,2026-10-06 00:00:00,29.69499988555908,-0.125,False,False,0.9204779328362317,False,0.000568015864167895,36.891419188979064,0.000628202609084685,0.0006715620175249343,-0.9984344948673618,-3.5927916111260227,-12.773845161310838,-0.9984344948673618,False,False,False,False,False,False,0.0,False,-0.36900779933381855,中性,1515.TW,力山,0,v1,phase6a,2026-07-12,0,0,0,0,0,0,v1,333,0.3112033195020747,333,0.3112033195020747,335,0.3070539419087137,^TWII,yfinance,2y,2026-10-06,scan_20261007_175251,False,False
True,1,0.08333333333333331,-1.3877787807814457e-17,True,False,買入 (動能增強),49.5,2026-10-06 00:00:00,49.677499771118164,-0.02499999999999858,False,False,1.8091361374943464,True,0.0009935260082795402,42.530584487350836,0.001044472008797221,0.00110923634304813,-0.5108172422940482,-1.939521083843443,-5.3899612399552765,-0.5108172422940482,False,False,False,False,False,False,0.0,False,-0.07992563751001802,中性,6899.TWO,創為精密,2,v1,phase6a,2026-07-12,0,2,2,2,2,2,v1,188,0.6120331950207469,188,0.6120331950207469,189,0.6099585062240664,^TWII,yfinance,2y,2026-10-06,scan_20261007_175251,False,False
True,0,0.04166682561238606,0.00833352406819661,True,False,買入 (動能增強),14.350000381469727,2026-10-06 00:00:00,14.247499942779541,0.010000038146973367,False,True,0.6049544492578052,False,0.00028802219389518173,37.275549610859635,0.0002986354169297752,0.00030674244558053404,-0.37270114700976853,-1.185501794959365,-2.44855153178708,-0.37270114700976853,False,False,False,False,False,False,0.008301732413419161,False,-0.033268722104685566,中性,1308.TW,亞聚,4,v1,phase6a,2026-07-12,0,4,6,4,4,4,v1,7,0.9875518672199171,7,0.9875518672199171,13,0.975103734439834,^TWII,yfinance,2y,2026-10-06,scan_20261007_175251,False,True
True,0,0.6666666666666667,-0.08333333333333326,True,False,買入 (動能增強),179.0,2026-10-06 00:00:00,178.7,-0.7750000000000057,False,True,0.4725077514772929,False,0.0035927506157987414,41.32235475154211,0.003807574652871886,0.004166119203130636,-0.5903902954542795,-2.6020348119081715,-13.007377481403083,-0.5903902954542795,False,False,False,False,False,False,0.0,False,-0.22844827586206895,中性,8114.TW,振樺電,2,v1,phase6a,2026-07-12,0,2,3,2,2,2,v1,200,0.5871369294605809,200,0.5871369294605809,201,0.5850622406639004,^TWII,yfinance,2y,2026-10-06,scan_20261007_175251,False,False
True,1,0.27499961853027344,0.2749996185302734,True,False,買入 (動能增強),35.45000076293945,2026-10-06 00:00:00,35.365000343322755,0.01750011444092081,False,True,0.9579947329413,False,0.00071152520710121,38.65531746257887,0.0007407606294526959,0.0007515690749416411,-0.41372082415368494,-1.3284377965356975,-1.755886603384993,-0.41372082415368494,False,False,False,False,False,False,0.15932668411848225,False,-0.013908205546283248,中性,1102.TW,亞泥,2,v1,phase6a,2026-07-12,0,2,4,2,2,2,v1,56,0.8858921161825726,56,0.8858921161825726,60,0.8775933609958506,^TWII,yfinance,2y,2026-10-06,scan_20261007_175251,False,False
True,0,-0.14166641235351562,-0.1833330790201823,True,False,觀察 (跌勢收斂),12.0,2026-10-06 00:00:00,12.072500038146973,-0.007499980926512606,True,False,0.28949920038280885,False,0.00024085478988594914,26.804022316861996,0.0002545226487567221,0.0002819656195596786,-0.5620855921423473,-2.4728277617858896,-8.423889366554105,-0.5620855921423473,False,False,False,False,False,False,0.0,False,-0.1946308518641645,中性,6169.TWO,昱泉,1,v1,phase6a,2026-07-12,0,1,1,1,1,1,v1,278,0.42531120331950206,278,0.42531120331950206,279,0.42323651452282157,^TWII,yfinance,2y,2026-10-06,scan_20261007_175251,False,False
True,0,0.3416668574015299,0.4583334922790527,True,False,觀望 (動能減弱),11.850000381469727,2026-10-06 00:00:00,12.037500143051147,-0.002499961853027699,False,False,0.27749578532174135,False,0.00023784411266894234,26.404255096019284,0.00025523558441890653,0.0002682272001579794,-0.7121437082257764,-1.7319719075836182,-6.604312180835159,-0.7121437082257764,False,False,False,False,False,False,0.0,False,-0.15957446376788464,中性,3672.TWO,康聯訊,0,v1,phase6a,2026-07-12,0,0,0,0,0,0,v1,381,0.21161825726141079,381,0.21161825726141079,382,0.2095435684647303,^TWII,yfinance,2y,2026-10-06,scan_20261007_175251,False,False
True,1,-0.17499987284342447,-0.2666667302449544,True,False,觀察 (跌勢收斂),25.600000381469727,2026-10-06 00:00:00,25.377499961853026,-0.009999942779543858,True,True,4.894473263637037,True,0.000513823559413259,49.30707845708092,0.0005343716163396505,0.0005881050843706622,-0.4031340164867614,-1.8841614810708784,-6.7229360116314085,-0.4031340164867614,False,False,False,False,False,False,0.016926284092612553,False,-0.28291316990543713,中性,6220.TWO,岳豐,1,v1,phase6a,2026-07-12,0,1,2,1,1,1,v1,279,0.42323651452282157,279,0.42323651452282157,280,0.4211618257261411,^TWII,yfinance,2y,2026-10-06,scan_20261007_175251,False,False
True,0,0.6916662851969401,0.5666664441426594,True,False,買入 (動能增強),16.399999618530273,2026-10-06 00:00:00,15.734999895095825,-0.017500019073485973,True,True,0.8771396715696629,False,0.0003291682051875629,30.718886325136268,0.0003409340285003683,0.00038271594920281525,-0.36195415646980145,-1.5832343631511314,-15.556051678948158,-0.36195415646980145,False,False,False,False,False,False,0.04125017430417192,False,-0.3635018990589539,中性,6241.TWO,鑫永洋,2,v1,phase6a,2026-07-12,0,2,3,2,2,2,v1,157,0.6763485477178424,157,0.6763485477178424,160,0.6701244813278008,^TWII,yfinance,2y,2026-10-06,scan_20261007_175251,False,False
True,1,1.1000003814697263,0.9916661580403645,True,False,買入 (動能增強),44.900001525878906,2026-10-06 00:00:00,44.925,0.027500152587890625,False,False,0.8894536213468869,False,0.00090119836944953,33.69083444594516,0.0009417564039490947,0.0009492993637962525,-0.451284454690859,-0.9562231373873908,-0.9622684149037775,-0.451284454690859,False,False,False,False,False,False,0.0953452986683656,False,-0.02285090793529243,中性,6666.TW,羅麗芬-KY,2,v1,phase6a,2026-07-12,0,2,3,2,2,2,v1,173,0.6431535269709544,173,0.6431535269709544,174,0.6410788381742739,^TWII,yfinance,2y,2026-10-06,scan_20261007_175251,False,False
True,1,1.0,1.0,True,False,觀望 (動能減弱),108.5,2026-10-06 00:00:00,108.05,0.07500000000000284,False,True,1.1816174091631617,False,0.0021777287252187903,46.67363198927877,0.002269942382514847,0.0023404474866703467,-0.4257980247568516,-1.4079640573439023,-3.4744696360790694,-0.4257980247568516,False,False,False,False,False,False,0.0,False,-0.013636363636363669,中性,6728.TWO,上洋,0,v1,phase6a,2026-07-12,0,0,2,0,0,0,v1,431,0.1078838174273859,431,0.1078838174273859,431,0.1078838174273859,^TWII,yfinance,2y,2026-10-06,scan_20261007_175251,False,False
True,2,-0.22500038146972653,-0.21666717529296872,True,False,賣出 (動能轉弱),41.29999923706055,2026-10-06 00:00:00,41.53499984741211,-0.020000076293946734,True,False,0.6440267042556661,False,0.0008289418865443398,26.071282852411148,0.0008715429737335101,0.0009097438699201887,-0.5118932907606566,-1.9568872050956698,-4.770430423642558,-0.5118932907606566,False,False,False,False,False,False,0.0,False,-0.05163817155336814,中性,6968.TWO,萬達寵物,0,v1,phase6a,2026-07-12,0,0,0,0,0,0,v1,446,0.07676348547717843,446,0.07676348547717843,446,0.07676348547717843,^TWII,yfinance,2y,2026-10-06,scan_20261007_175251,False,False
True,0,0.09999974568684897,0.004320462544759131,True,False,買入 (動能增強),21.950000762939453,2026-10-06 00:00:00,21.507387256622316,0.07007675170898509,False,True,0.37272616780780293,False,0.0004405635684795171,18.356153596934323,0.0004495273505588278,0.0004617722392251241,-0.2094599217380977,-1.2288552465908875,-0.20588070547334913,-0.2094599217380977,False,False,False,False,False,False,0.10023978631655284,False,-0.02008923496670778,中性,1438.TW,三地開發,4,v1,phase6a,2026-07-12,0,4,6,4,4,4,v1,8,0.9854771784232366,8,0.9854771784232366,14,0.9730290456431535,^TWII,yfinance,2y,2026-10-06,scan_20261007_175251,False,True
False,0,-1.1000003814697266,-0.33333333333333337,False,True,強烈賣出 (跌破),60.099998474121094,2026-10-06 00:00:00,63.805000686645506,-0.2400001525878892,False,False,2.134746590694505,True,0.0012062810420525251,29.793920102573036,0.001332965052571601,0.0014145649982233036,-0.9905041154544159,-3.0887046590382994,-4.945488636574746,-0.9905041154544159,False,False,False,False,False,False,0.0,False,-0.12262775950188187,中性,8272.TWO,全景軟體,0,v1,phase6a,2026-07-12,0,0,0,0,0,0,v1,460,0.04771784232365145,460,0.04771784232365145,460,0.04771784232365145,^TWII,yfinance,2y,2026-10-06,scan_20261007_175251,False,False
True,0,-0.07499996821085612,-0.05833323796590169,True,False,賣出 (動能轉弱),11.149999618530273,2026-10-06 00:00:00,11.179999828338623,0.0,False,False,0.5029292968544632,False,0.00022379423461246016,43.053770029851435,0.00023498543933145427,0.0002470261548367583,-0.49881617798711586,-2.16482200680419,-5.723310114700453,-0.49881617798711586,False,False,False,False,False,False,0.0,False,-0.03463208360164882,中性,8443.TW,阿瘦,0,v1,phase6a,2026-07-12,0,0,0,0,0,0,v1,467,0.03319502074688797,467,0.03319502074688797,467,0.03319502074688797,^TWII,yfinance,2y,2026-10-06,scan_20261007_175251,False,False
True,0,0.04999987284342447,-0.025000254313151053,True,False,買入 (動能增強),20.100000381469727,2026-10-06 00:00:00,20.277500247955324,-0.017500019073484196,True,False,0.5701765265180957,False,0.00040343178071553236,47.50586476278709,0.00042633184037636426,0.0004453994235413555,-0.5622333475383101,-1.908833758432582,-5.609266966026693,-0.5622333475383101,False,False,False,False,False,False,0.0,False,-0.11061946715938153,中性,2610.TW,華航,2,v1,phase6a,2026-07-12,0,2,2,2,2,2,v1,96,0.8029045643153527,96,0.8029045643153527,99,0.7966804979253111,^TWII,yfinance,2y,2026-10-06,scan_20261007_175251,False,False
True,0,6.25,5.083333333333333,True,False,買入 (動能增強),262.5,2026-10-06 00:00:00,255.8,0.125,False,True,0.5288601842592044,False,0.005268698528755137,74.14659846993581,0.005374976048708961,0.0054779018060284795,-0.2077008631078736,-0.6652165296800572,-1.5537646355877621,-0.2077008631078736,False,False,False,False,False,False,0.26938572373769704,False,-0.09037841679145198,中性,2428.TW,興勤,2,v1,phase6a,2026-07-12,0,2,4,2,2,2,v1,94,0.8070539419087137,94,0.8070539419087137,97,0.8008298755186722,^TWII,yfinance,2y,2026-10-06,scan_20261007_175251,False,False
True,1,0.39999961853027344,-0.016667048136393255,True,False,買入 (動能增強),59.79999923706055,2026-10-06 00:00:00,59.10499992370605,-0.014999961853028765,True,True,0.8221459600808356,False,0.0012002596876185114,43.80937967742234,0.0012397023894676774,0.0012860257787025036,-0.333790180250626,-1.6249217017594075,-3.8443873042879995,-0.333790180250626,False,False,False,False,False,False,0.15271333897662978,False,-0.006644543535041847,中性,6792.TW,詠業,2,v1,phase6a,2026-07-12,0,2,3,2,2,2,v1,183,0.6224066390041494,183,0.6224066390041494,184,0.6203319502074689,^TWII,yfinance,2y,2026-10-06,scan_20261007_175251,False,False
True,0,-0.3583335876464844,-0.3416665395100912,True,False,賣出 (動能轉弱),40.599998474121094,2026-10-06 00:00:00,40.96500034332276,-0.020000076293939628,False,False,1.5136894287714517,True,0.0008148920084878577,40.77329995379864,0.0008576078500741522,0.0008844335113123435,-0.5215615575826948,-1.9911913211396404,-4.151454416925715,-0.5215615575826948,False,False,False,False,False,False,0.0,False,-0.02168678375611821,中性,8481.TW,政伸,0,v1,phase6a,2026-07-12,0,0,0,0,0,0,v1,471,0.024896265560165973,471,0.024896265560165973,471,0.024896265560165973,^TWII,yfinance,2y,2026-10-06,scan_20261007_175251,False,False
True,0,0.06666707992553711,0.08333365122477214,True,False,觀望 (動能減弱),12.850000381469727,2026-10-06 00:00:00,12.607499980926514,0.025000000000000355,False,True,1.6676495692157953,True,0.0002579153451594381,20.54504820859757,0.000266464735708734,0.00028588664135795866,-0.33659489941464393,-1.1978618850171707,-5.529579794916229,-0.33659489941464393,False,False,False,False,False,False,0.016477913379893225,False,-0.17628204697139327,中性,6645.TW,金萬林-創,1,v1,phase6a,2026-07-12,0,1,3,1,1,1,v1,291,0.3983402489626556,291,0.3983402489626556,292,0.3962655601659751,^TWII,yfinance,2y,2026-10-06,scan_20261007_175251,True,False
True,0,0.08166678746541342,0.07166679700215658,True,False,買入 (動能增強),6.090000152587891,2026-10-06 00:00:00,6.036500120162964,0.003999996185303445,False,True,0.11491228170975687,False,0.0001222338089297462,25.694633324945276,0.00012714315646245497,0.00013252609838847898,-0.40480472216559704,-1.1478392267969095,-4.12156930591534,-0.40480472216559704,False,False,False,False,False,False,0.01803314635693728,False,-0.040944843456611424,中性,6264.TWO,富裔,2,v1,phase6a,2026-07-12,0,2,4,2,2,2,v1,158,0.6742738589211619,158,0.6742738589211619,161,0.6680497925311203,^TWII,yfinance,2y,2026-10-06,scan_20261007_175251,False,False
True,1,0.11666663487752277,0.1416667302449544,True,False,觀望 (動能減弱),11.399999618530273,2026-10-06 00:00:00,11.367500019073486,0.0,False,True,0.7972499725429265,False,0.0002288120427350841,28.858995855818872,0.0002391317158338108,0.0002515802952856486,-0.45220649219377407,-1.651569657611196,-4.199073259436914,-0.45220649219377407,False,False,False,False,False,False,0.026177740157727107,False,-0.08064516377126518,中性,4108.TW,懷特,0,v1,phase6a,2026-07-12,0,0,1,0,0,0,v1,387,0.1991701244813278,387,0.1991701244813278,387,0.1991701244813278,^TWII,yfinance,2y,2026-10-06,scan_20261007_175251,False,False
False,0,-1.0833320617675781,-0.6499989827473958,False,True,強烈賣出 (跌破),64.0999984741211,2026-10-06 00:00:00,68.11000022888183,-0.20000000000000284,False,False,2.3724939966249616,True,0.001286565972014508,14.257702204857035,0.0014277307324280662,0.0015744839901437986,-1.0300533485809726,-2.9933244758125976,-6.849379089046492,-1.0300533485809726,False,False,False,False,False,False,0.0,False,-0.2604183364376218,中性,6873.TW,泓德能源,0,v1,phase6a,2026-07-12,0,0,0,0,0,0,v1,439,0.0912863070539419,439,0.0912863070539419,439,0.0912863070539419,^TWII,yfinance,2y,2026-10-06,scan_20261007_175251,False,False
True,0,0.9166679382324219,-0.33333333333333326,True,False,買入 (動能增強),79.30000305175781,2026-10-06 00:00:00,75.83499946594239,-0.43499984741210085,True,True,1.447005846750424,False,0.0015916487977488544,49.77765692590386,0.0016183470192170733,0.0016887446470643267,-0.17335387508784494,-1.7783798737962875,-12.351276564505797,-0.17335387508784494,False,False,False,False,False,True,0.1904569881245778,False,-0.09886360168457031,中性,1563.TW,巧新,3,v1,phase6a,2026-07-12,0,3,4,3,3,3,v1,30,0.9398340248962656,30,0.9398340248962656,33,0.9336099585062241,^TWII,yfinance,2y,2026-10-06,scan_20261007_175251,True,False
True,0,-0.15000025431315103,-0.19166692097981772,True,False,觀察 (跌勢收斂),20.0,2026-10-06 00:00:00,20.24749994277954,-0.03249998092651296,True,False,0.6736754504106375,False,0.00040142464980991524,30.428604958817573,0.0004260475855902573,0.0004513605533010412,-0.6046778555667043,-2.3499358252139113,-7.2022714496935425,-0.6046778555667043,False,False,False,False,False,False,0.0,False,-0.09090909090909094,中性,2646.TW,星宇航空,1,v1,phase6a,2026-07-12,0,1,1,1,1,1,v1,246,0.491701244813278,246,0.491701244813278,247,0.4896265560165975,^TWII,yfinance,2y,2026-10-06,scan_20261007_175251,False,False
True,1,0.17503643035888672,0.11930720011393228,True,False,買入 (動能增強),23.5,2026-10-06 00:00:00,23.69825973510742,-0.02152385711670135,False,False,0.7885449808109584,False,0.00047167396352665043,47.95502354559234,0.0004989195203093142,0.0005214464589145592,-0.5715474172071855,-2.049260891738458,-5.793101844834703,-0.5715474172071855,False,False,False,False,False,False,0.0,False,-0.04559538741454272,中性,5278.TWO,尚凡*,2,v1,phase6a,2026-07-12,0,2,2,2,2,2,v1,140,0.7116182572614108,140,0.7116182572614108,143,0.7053941908713693,^TWII,yfinance,2y,2026-10-06,scan_20261007_175251,False,False
True,1,-0.45833333333333337,-0.3666667938232422,True,False,賣出 (動能轉弱),42.0,2026-10-06 00:00:00,42.757499885559085,-0.04999999999999716,False,False,1.4028666171380941,False,0.000842991764600822,36.43353819510674,0.0008963163017082338,0.0009269957553785009,-0.6223446204887129,-2.087225194131226,-4.88301320458392,-0.6223446204887129,False,False,False,False,False,False,0.0,False,-0.042130251273978625,中性,1339.TW,昭輝,0,v1,phase6a,2026-07-12,0,0,0,0,0,0,v1,327,0.3236514522821577,327,0.3236514522821577,329,0.31950207468879666,^TWII,yfinance,2y,2026-10-06,scan_20261007_175251,False,False
True,0,0.2999998728434245,0.32499949137369794,True,False,觀望 (動能減弱),39.099998474121094,2026-10-06 00:00:00,39.37249927520752,-0.04000015258789347,True,False,0.5725410322066249,False,0.000784785159752114,20.90710246041534,0.0008276586200582142,0.0008648009822118433,-0.5423155194884788,-1.89264302532971,-4.725622088183313,-0.5423155194884788,False,False,False,False,False,False,0.0,False,-0.14907512894631259,中性,6609.TWO,瀧澤科,0,v1,phase6a,2026-07-12,0,0,0,0,0,0,v1,427,0.11618257261410789,427,0.11618257261410789,427,0.11618257261410789,^TWII,yfinance,2y,2026-10-06,scan_20261007_175251,False,False
True,1,0.04166698455810547,3.178914388043963e-07,True,False,買入 (動能增強),17.0,2026-10-06 00:00:00,16.98499994277954,-0.01249999999999929,False,True,0.8264428659385705,False,0.00034121095233842795,20.554883831513944,0.000358374909412494,0.0003814214258933029,-0.5016169938249493,-1.9965402335492488,-7.364335971950863,-0.5016169938249493,False,False,False,False,False,False,0.0,False,-0.06593410508987485,中性,6641.TW,基士德-KY,2,v1,phase6a,2026-07-12,0,2,3,2,2,2,v1,172,0.6452282157676349,172,0.6452282157676349,173,0.6431535269709544,^TWII,yfinance,2y,2026-10-06,scan_20261007_175251,False,False
True,1,0.21666701634724933,0.2000002861022949,True,False,買入 (動能增強),15.050000190734863,2026-10-06 00:00:00,14.909999990463257,0.00250000953674423,False,True,1.0654193346185663,False,0.000302072052810245,29.94676498987447,0.0003149675235236313,0.00033785726347427663,-0.4291213849345499,-1.7438869200097407,-6.384975269003901,-0.4291213849345499,False,False,False,False,False,False,0.013553007068503702,False,-0.0795107131745525,中性,8940.TW,新天地,2,v1,phase6a,2026-07-12,0,2,4,2,2,2,v1,209,0.5684647302904564,209,0.5684647302904564,210,0.5663900414937759,^TWII,yfinance,2y,2026-10-06,scan_20261007_175251,False,False
True,0,-0.349999745686849,-0.4166660308837891,True,False,觀察 (跌勢收斂),51.29999923706055,2026-10-06 00:00:00,51.97999954223633,-0.04500007629394531,False,False,0.7756908746801736,False,0.0010296542114492974,49.4638755336861,0.001090510046802493,0.0011412276004495302,-0.5839898267703703,-2.1299994059975513,-5.195700361378486,-0.5839898267703703,False,False,False,False,False,False,0.0,False,-0.07583861988102025,中性,1210.TW,大成,1,v1,phase6a,2026-07-12,0,1,1,1,1,1,v1,215,0.5560165975103735,215,0.5560165975103735,217,0.5518672199170125,^TWII,yfinance,2y,2026-10-06,scan_20261007_175251,False,False
True,0,0.12394841512044269,0.16531499226888022,True,False,觀望 (動能減弱),10.899999618530273,2026-10-06 00:00:00,10.925180292129516,-0.0024549484252940346,False,False,0.4383757116530589,False,0.00021877642648983624,19.197507961495777,0.00023016239570220625,0.00024331362303217676,-0.5180317753408215,-1.8219308379510246,-4.900719439549118,-0.5180317753408215,False,False,False,False,False,False,0.0,False,-0.09016393638371334,中性,4109.TWO,加捷生醫,0,v1,phase6a,2026-07-12,0,0,0,0,0,0,v1,388,0.1970954356846473,388,0.1970954356846473,388,0.1970954356846473,^TWII,yfinance,2y,2026-10-06,scan_20261007_175251,False,False
False,0,1.4499969482421873,-0.35000228881835926,False,True,強烈買入 (爆發),73.0,2026-10-06 00:00:00,68.97999992370606,0.15999984741210938,False,True,1.059139743667512,False,0.0014651999718061906,79.4340230909201,0.0014379481282811505,0.0013995067580686268,0.19989241582549777,0.5018996814056598,2.0451456665980583,0.19989241582549777,True,True,True,False,False,True,0.59654392098467,False,-0.017496675617256985,偏強 (RS上升),1326.TW,台化,3,v1,phase6a,2026-07-12,2,5,5,5,3,5,v1,27,0.946058091286307,27,0.946058091286307,8,0.9854771784232366,^TWII,yfinance,2y,2026-10-06,scan_20261007_175251,False,False
True,0,-0.5166664123535156,-0.8666661580403645,True,False,觀察 (跌勢收斂),41.75,2026-10-06 00:00:00,41.77999992370606,-0.012499999999995737,True,False,0.6903541830756534,False,0.0008379739564781981,30.144185726769173,0.0008745306432165278,0.0009143189427696843,-0.43808806159810754,-2.208214833028488,-5.034494532053968,-0.43808806159810754,False,False,False,False,False,False,0.05333362825992843,False,-0.04133178573120999,中性,6754.TW,匯僑設計,1,v1,phase6a,2026-07-12,0,1,1,1,1,1,v1,295,0.3900414937759336,295,0.3900414937759336,296,0.3879668049792531,^TWII,yfinance,2y,2026-10-06,scan_20261007_175251,False,False
True,0,0.016667683919270843,-0.2999979654947917,True,False,買入 (動能增強),91.69999694824219,2026-10-06 00:00:00,91.55999984741212,0.004999923706066056,False,True,1.3238927174080073,False,0.001840531958125921,59.08005007987531,0.0019182461406208606,0.001971971703367281,-0.4246432406924905,-1.4585381246691287,-3.2858444453236824,-0.4246432406924905,False,False,False,False,False,False,0.004954783471202744,False,-0.009719239100532295,中性,6183.TW,關貿,2,v1,phase6a,2026-07-12,0,2,4,2,2,2,v1,151,0.6887966804979253,151,0.6887966804979253,154,0.6825726141078838,^TWII,yfinance,2y,2026-10-06,scan_20261007_175251,False,False
True,0,0.21666717529296875,-0.20000076293945307,True,False,買入 (動能增強),102.0,2026-10-06 00:00:00,99.91499977111816,0.10499992370604616,False,True,1.9475028328851456,True,0.0020472657140305677,54.93844347326034,0.0021030560483245512,0.0022245469397190187,-0.2784668218399511,-1.5966197884656586,-5.058864224800397,-0.2784668218399511,False,False,False,False,False,False,0.10513728895544913,False,-0.051162790697674376,中性,6791.TWO,虎門科技,2,v1,phase6a,2026-07-12,0,2,4,2,2,2,v1,182,0.6244813278008299,182,0.6244813278008299,183,0.6224066390041494,^TWII,yfinance,2y,2026-10-06,scan_20261007_175251,False,False
True,0,-0.2999992370605468,-0.24999872843424475,True,False,賣出 (動能轉弱),73.69999694824219,2026-10-06 00:00:00,74.45499954223632,-0.07500000000000284,False,False,1.0075850339656778,False,0.0014792497732969972,38.80292506997975,0.0015657002515397475,0.001639498556088347,-0.5778542416122301,-2.167862306152135,-6.123029801489244,-0.5778542416122301,False,False,False,False,False,False,0.0,False,-0.04780367577124156,中性,8341.TW,日友,0,v1,phase6a,2026-07-12,0,0,0,0,0,0,v1,462,0.043568464730290454,462,0.043568464730290454,462,0.043568464730290454,^TWII,yfinance,2y,2026-10-06,scan_20261007_175251,False,False
False,0,31.5,9.333333333333332,False,True,強烈買入 (爆發),762.0,2026-10-06 00:00:00,708.3,2.5499999999999545,False,True,2.0331246193176526,True,0.015294279157757771,72.21962524798583,0.0150238613649603,0.015764917233775422,0.18982513157042025,-0.40411476488644293,-5.945782595392124,0.18982513157042025,True,False,False,False,False,True,0.24037117779951425,False,-0.08659858679890486,中性,3583.TW,辛耘,3,v1,phase6a,2026-07-12,0,3,5,3,3,3,v1,38,0.9232365145228216,38,0.9232365145228216,40,0.9190871369294605,^TWII,yfinance,2y,2026-10-06,scan_20261007_175251,False,False
True,0,-0.3250001271565755,-0.3083330790201823,True,False,賣出 (動能轉弱),16.549999237060547,2026-10-06 00:00:00,17.017500019073488,-0.06500005722045898,False,False,0.3806957638078882,False,0.0003321788824045697,44.20569672808832,0.0003562607144357054,0.0003676273001092232,-0.7065107196835396,-2.621553596790227,-5.962220298603316,-0.7065107196835396,False,False,False,False,False,False,0.0,False,-0.0906594206984207,中性,8354.TWO,冠好,1,v1,phase6a,2026-07-12,0,1,1,1,1,1,v1,307,0.3651452282157676,307,0.3651452282157676,308,0.3630705394190871,^TWII,yfinance,2y,2026-10-06,scan_20261007_175251,True,False
True,1,-0.016666412353515625,-0.033332983652750656,True,False,觀察 (跌勢收斂),12.5,2026-10-06 00:00:00,12.59500002861023,-0.01249999999999929,True,False,0.7687053393345368,False,0.000250890406131197,34.10807330802903,0.00026531563658935335,0.0002846512712442352,-0.5690597320134438,-1.9800240693459759,-6.603129162228316,-0.5690597320134438,False,False,False,False,False,False,0.0,False,-0.10394264007818077,中性,2904.TW,匯僑,1,v1,phase6a,2026-07-12,0,1,1,1,1,1,v1,251,0.48132780082987553,251,0.48132780082987553,252,0.47925311203319504,^TWII,yfinance,2y,2026-10-06,scan_20261007_175251,False,False
True,0,-1.4666684468587239,-1.1333351135253906,True,False,賣出 (動能轉弱),67.5,2026-10-06 00:00:00,68.525,-0.05999984741210085,True,False,1.0138203996885544,False,0.001354808193108464,32.276624824196176,0.0014366835096859783,0.0015025402410037201,-0.5963082173053302,-2.3436455203464934,-5.420614244057809,-0.5963082173053302,False,False,False,False,False,False,0.009283875127736384,False,-0.06242827025637365,中性,2754.TWO,亞洲藏壽司,0,v1,phase6a,2026-07-12,0,0,0,0,0,0,v1,362,0.25103734439834025,362,0.25103734439834025,364,0.24688796680497926,^TWII,yfinance,2y,2026-10-06,scan_20261007_175251,False,False
True,0,0.18333323796590167,0.23333311080932617,True,False,觀望 (動能減弱),14.100000381469727,2026-10-06 00:00:00,14.077499961853027,0.0025000095367424535,False,True,0.20422333864314013,False,0.00028300438577255784,43.23420976796887,0.00029598345435878713,0.00030316155348091364,-0.4594650252171095,-1.3816736818041075,-3.1515746480991425,-0.4594650252171095,False,False,False,False,False,False,0.0,False,-0.007042213319620072,中性,6154.TWO,順發,0,v1,phase6a,2026-07-12,0,0,2,0,0,0,v1,414,0.14315352697095435,414,0.14315352697095435,414,0.14315352697095435,^TWII,yfinance,2y,2026-10-06,scan_20261007_175251,False,False
True,1,-0.49166679382324213,-0.10000006357828777,True,False,賣出 (動能轉弱),30.600000381469727,2026-10-06 00:00:00,31.267500114440917,-0.01750001907348775,False,False,0.8573598946931753,False,0.0006141797218657378,44.12484858859754,0.0006569762438794306,0.0007037265943281606,-0.6810318201537102,-2.7730732773729505,-5.67842908350954,-0.6810318201537102,False,False,False,False,False,False,0.0,False,-0.1331444463788094,中性,4131.TWO,浩泰,0,v1,phase6a,2026-07-12,0,0,0,0,0,0,v1,391,0.1908713692946058,391,0.1908713692946058,391,0.1908713692946058,^TWII,yfinance,2y,2026-10-06,scan_20261007_175251,False,False
True,0,1.1833330790201821,1.3166669209798176,True,False,觀望 (動能減弱),70.0999984741211,2026-10-06 00:00:00,69.32000045776367,0.014999771118155536,False,True,0.8771830903558727,False,0.0014069933669574827,38.53977093429514,0.0014634067458390247,0.0015258838816361617,-0.4041426910458945,-1.392119944081982,-4.9784339510311355,-0.4041426910458945,False,False,False,False,False,False,0.019726851769397105,False,-0.04656888585242103,中性,6874.TWO,倍力,0,v1,phase6a,2026-07-12,0,0,2,0,0,0,v1,440,0.08921161825726141,440,0.08921161825726141,440,0.08921161825726141,^TWII,yfinance,2y,2026-10-06,scan_20261007_175251,False,False
