is_squeezed,energy_level,momentum,prev_momentum,squeeze_on,fired,Signal,Close,timestamp,ma20,ma20_slope,ma20_converging,close_above_ma20,volume_expansion_ratio,volume_expansion,rs_ratio,rs_index,rs_ema20,rs_ema60,rs_slope_1d,rs_slope_5d,rs_slope_20d,rs_slope,rs_above_ema20,rs_above_ema60,rs_ema20_above_ema60,rs_new_high_60,rs_new_high_120,rs_rising_10,rs_percentile_60,rs_high_price_not_high,price_dist_to_high_60,rs_signal,ticker,name,marketCap,trailingPE,priceToBook,dividendYield,averageVolume,sector,value_score,ranking_score,ranking_score_version,feature_schema_version,feature_schema_date,rs_component_score,experimental_score,shadow_score_ma20,shadow_score_rs,composite_score,composite_score_v2,score_version,rank_position_v1,ranking_percentile_v1,rank_position,ranking_percentile,rank_position_v2,ranking_percentile_v2,benchmark_symbol,benchmark_source,benchmark_period,benchmark_last_date,scan_id,has_houyi,has_whale
True,0,-0.04499991734822592,-0.1616665522257487,True,False,觀察 (跌勢收斂),10.399999618530273,2026-10-07 00:00:00,10.161499977111816,0.0,False,True,1.7753759838686218,True,0.00020880862006498056,27.02908331994972,0.0002128460787963747,0.00022943328789982887,-0.19927486980015896,-1.986197339029372,-6.204522696328752,-0.19927486980015896,False,False,False,False,False,False,0.1230482832786457,False,-0.11489364948678527,中性,1445.TW,大宇,1365459712.0,nan,0.64000493,4.83,73962,Consumer Cyclical,0.7444838067634244,1,v1,phase6a,2026-07-12,0,1,2,1,1,1,v1,314,0.5023847376788553,314,0.5023847376788553,314,0.5023847376788553,^TWII,yfinance,2y,2026-10-07,scan_20261008_175914,False,False
True,0,1.2499999999999996,0.583333333333333,True,False,買入 (動能增強),182.5,2026-10-07 00:00:00,177.65,0.09999999999999432,False,True,2.0279758386423903,True,0.0036641898615035052,33.34142482682482,0.003737766397218807,0.004007915901451775,-0.20677813747904672,-2.1675850653868123,-7.381227910513289,-0.20677813747904672,False,False,False,False,False,False,0.1624871372798395,False,-0.0745829080345719,中性,1795.TW,美時,48019841024.0,12.693389,2.0027962,1.46,1194229,Healthcare,0.5472206961736321,2,v1,phase6a,2026-07-12,0,2,4,2,2,2,v1,132,0.7917329093799682,132,0.7917329093799682,140,0.7790143084260731,^TWII,yfinance,2y,2026-10-07,scan_20261008_175914,False,False
True,0,-0.9166666666666664,-1.583333333333333,True,False,觀察 (跌勢收斂),127.5,2026-10-07 00:00:00,126.25,-0.07500000000000284,True,True,1.1602496576187495,False,0.0025599134648860104,39.33848397529079,0.0026521829884075853,0.00277513046122965,-0.36487462293424144,-2.295550798788948,-8.082638243063933,-0.36487462293424144,False,False,False,False,False,False,0.028700294170394682,False,-0.11764705882352944,中性,9939.TW,宏全,37860667392.0,11.657559,1.9143622,4.9,1204691,Consumer Cyclical,0.6909069358817642,1,v1,phase6a,2026-07-12,0,1,2,1,1,1,v1,434,0.31160572337042924,434,0.31160572337042924,434,0.31160572337042924,^TWII,yfinance,2y,2026-10-07,scan_20261008_175914,False,False
True,1,-0.21666622161865234,-0.258332888285319,True,False,觀察 (跌勢收斂),22.5,2026-10-07 00:00:00,22.689999961853026,-0.032499980926516514,True,False,0.8712388224019262,False,0.0004517494349798842,25.09750060804537,0.0004738309051669652,0.000489268915896083,-0.4881527995384549,-2.3255090874326423,-5.545884640458776,-0.4881527995384549,False,False,False,False,False,False,0.0017404491840176208,False,-0.052631578947368474,中性,5704.TWO,老爺知,1344988800.0,81.60715,1.37229,0.0,31324,Consumer Cyclical,0.2947586808806957,1,v1,phase6a,2026-07-12,0,1,1,1,1,1,v1,388,0.3847376788553259,388,0.3847376788553259,388,0.3847376788553259,^TWII,yfinance,2y,2026-10-07,scan_20261008_175914,False,False
True,0,0.7825597127278645,0.06615193684895837,True,False,買入 (動能增強),68.0999984741211,2026-10-07 00:00:00,67.60345687866212,-0.03314018249511719,True,True,1.0362312813681525,False,0.001367294925902897,44.79155655967057,0.0014239272526069661,0.0015654140070028753,-0.41690644681025013,-1.9448037965117848,-8.130761307282263,-0.41690644681025013,False,False,False,False,False,False,0.0,False,-0.16708715096591642,中性,6947.TW,台鎔科技,7216590848.0,34.0,2.8252108,0.78,476662,Industrials,0.31192652865352843,2,v1,phase6a,2026-07-12,0,2,3,2,2,2,v1,276,0.5627980922098569,276,0.5627980922098569,277,0.56120826709062,^TWII,yfinance,2y,2026-10-07,scan_20261008_175914,False,False
True,0,0.2833331425984701,0.24166647593180338,True,False,買入 (動能增強),20.200000762939453,2026-10-07 00:00:00,20.012500190734862,0.030000019073483486,False,True,0.8352395144221186,False,0.0004055706191667168,60.327435440404095,0.00041865483055364487,0.0004325214465183294,-0.3279000240239527,-1.490774148749996,-3.224981419543138,-0.3279000240239527,False,False,False,False,False,False,0.0230515493263293,False,-0.009803865653465582,中性,5547.TWO,久舜,1027649984.0,10.333333,1.2410692,3.37,22777,Industrials,0.7415261718067846,2,v1,phase6a,2026-07-12,0,2,4,2,2,2,v1,226,0.6422893481717011,226,0.6422893481717011,229,0.6375198728139905,^TWII,yfinance,2y,2026-10-07,scan_20261008_175914,False,False
True,1,0.16666650772094727,0.17499971389770508,True,False,觀望 (動能減弱),12.0,2026-10-07 00:00:00,12.114999961853027,-0.019999980926513672,True,False,0.818040719437597,False,0.0002409330319892716,14.765075369709662,0.00025427269078751844,0.0002704143643892611,-0.5491989305159706,-1.9297154452184495,-5.702149861254857,-0.5491989305159706,False,False,False,False,False,False,0.0,False,-0.1578947368421053,中性,6219.TWO,富旺,1499604992.0,12.765958,0.756239,0.0,132720,Real Estate,0.5962629668375554,0,v1,phase6a,2026-07-12,0,0,0,0,0,0,v1,561,0.10969793322734499,561,0.10969793322734499,561,0.10969793322734499,^TWII,yfinance,2y,2026-10-07,scan_20261008_175914,False,False
True,0,0.75,0.7083333333333334,True,False,買入 (動能增強),23.899999618530273,2026-10-07 00:00:00,23.700000095367432,0.0,False,True,1.2944970652740742,False,0.0004798582810529111,35.12459664316199,0.0004981511550689534,0.0005221434714857914,-0.38505405390449887,-1.3512590014236547,-4.1955654745165605,-0.38505405390449887,False,False,False,False,False,False,0.0017824897845763192,False,-0.07184467500853309,中性,6229.TWO,研通,972692864.0,22.314814,1.356982,2.51,64366,Technology,0.5517397509241007,2,v1,phase6a,2026-07-12,0,2,3,2,2,2,v1,243,0.615262321144674,243,0.615262321144674,245,0.6120826709062003,^TWII,yfinance,2y,2026-10-07,scan_20261008_175914,False,False
True,0,-0.17166646321614581,-0.2466664314270019,True,False,觀察 (跌勢收斂),9.819999694824219,2026-10-07 00:00:00,9.94399995803833,-0.04650001525878977,False,False,0.42911581452694963,False,0.00019716352505064338,27.60459187136366,0.00020701218045364385,0.00021771735611428577,-0.4982966328116678,-2.7381375388571327,-5.885836265706123,-0.4982966328116678,False,False,False,False,False,False,0.07217542689535715,False,-0.08651165629542146,中性,8488.TW,吉源-KY,721769984.0,nan,0.29395035,0.0,78238,Consumer Cyclical,0.5434581131442774,1,v1,phase6a,2026-07-12,0,1,1,1,1,1,v1,425,0.32591414944356123,425,0.32591414944356123,425,0.32591414944356123,^TWII,yfinance,2y,2026-10-07,scan_20261008_175914,False,False
True,0,0.6083332697550455,0.6333332061767577,True,False,觀望 (動能減弱),31.100000381469727,2026-10-07 00:00:00,30.819999980926514,0.07750005722045827,False,True,0.8131891411349498,False,0.0006244181155645837,35.413041880020245,0.0006494865768939609,0.0007004452413054882,-0.40464388531026296,-1.9644003357646378,-6.52774234411253,-0.40464388531026296,False,False,False,False,False,False,0.025968112792612432,False,-0.12445602551152024,中性,4123.TWO,晟德,23465349120.0,84.72973,1.4454999,5.62,1918007,Healthcare,0.5214304483676044,0,v1,phase6a,2026-07-12,0,0,2,0,0,0,v1,520,0.17488076311605724,520,0.17488076311605724,521,0.17329093799682035,^TWII,yfinance,2y,2026-10-07,scan_20261008_175914,False,False
True,0,-0.09999942779541016,-0.04999955495198567,True,False,賣出 (動能轉弱),16.600000381469727,2026-10-07 00:00:00,16.825,-0.01750001907348775,True,False,0.6459041827798233,False,0.0003332907019108805,33.076868094801014,0.00035204358443971,0.00036978504013661487,-0.5575959472992498,-2.584219144803379,-6.1886541853211074,-0.5575959472992498,False,False,False,False,False,False,0.003817689109863231,False,-0.06214691152855345,中性,2534.TW,宏盛,7875466240.0,277.5,0.54986787,9.04,339244,Real Estate,0.6586807598671099,0,v1,phase6a,2026-07-12,0,0,0,0,0,0,v1,480,0.2384737678855326,480,0.2384737678855326,481,0.2368839427662957,^TWII,yfinance,2y,2026-10-07,scan_20261008_175914,False,False
True,1,0.27499961853027344,0.125,True,False,買入 (動能增強),26.75,2026-10-07 00:00:00,26.072500133514403,0.035000038146971946,False,True,6.564273786298642,True,0.0005370798838094179,44.126013791450276,0.0005458227821589872,0.0005665448237128288,-0.16832496119153495,-1.6224764485712417,-3.8006134364817923,-0.16832496119153495,False,False,False,False,False,False,0.12333383937881495,False,-0.022468163503369665,中性,1732.TW,毛寶,1188429184.0,22.764227,2.354524,2.24,237318,Consumer Defensive,0.43991675591266577,4,v1,phase6a,2026-07-12,0,4,6,4,4,4,v1,16,0.9761526232114467,16,0.9761526232114467,20,0.9697933227344993,^TWII,yfinance,2y,2026-10-07,scan_20261008_175914,False,True
True,2,3.1789143880092685e-07,-0.024999618530273434,True,False,買入 (動能增強),29.049999237060547,2026-10-07 00:00:00,29.000000095367433,-0.007500076293943891,False,True,1.448307647343158,False,0.0005832586996225854,47.234350950744485,0.0006065598563919956,0.0006308571066006998,-0.402742620585661,-1.9214189041783736,-4.5814838865699254,-0.402742620585661,False,False,False,False,False,False,0.005928259631235445,False,-0.011904775034389026,中性,9908.TW,大台北,14500041728.0,13.785715,0.97487885,4.13,160025,Utilities,0.7474036368553313,2,v1,phase6a,2026-07-12,0,2,3,2,2,2,v1,300,0.5246422893481717,300,0.5246422893481717,300,0.5246422893481717,^TWII,yfinance,2y,2026-10-07,scan_20261008_175914,False,False
True,0,0.33333333333333337,0.3333333333333333,True,False,買入 (動能增強),207.5,2026-10-07 00:00:00,208.85,-0.125,False,False,1.0329897850630856,False,0.004166133678147821,47.736675990976366,0.00436804731064647,0.004539411458715464,-0.4842243617420694,-1.980779400561794,-4.73368121971961,-0.4842243617420694,False,False,False,False,False,False,0.0,False,-0.030373831775700966,中性,3130.TW,一零四,6887070208.0,12.59102,4.396466,7.09,68453,Industrials,0.6165542481311763,2,v1,phase6a,2026-07-12,0,2,2,2,2,2,v1,179,0.7170111287758346,179,0.7170111287758346,184,0.7090620031796503,^TWII,yfinance,2y,2026-10-07,scan_20261008_175914,False,False
True,0,-0.2583335240681966,-0.2833334604899089,True,False,觀察 (跌勢收斂),17.0,2026-10-07 00:00:00,17.12249994277954,-0.01249999999999929,False,False,0.27127851689862803,False,0.00034132179531813476,36.62093211982006,0.00035720889285085605,0.0003730454367378283,-0.46598316322302713,-2.1446118804978154,-4.76950979477242,-0.46598316322302713,False,False,False,False,False,False,0.0,False,-0.02857142857142858,中性,2505.TW,國揚,6460000256.0,8.67347,0.6010253,5.88,370785,Real Estate,0.916016119013134,1,v1,phase6a,2026-07-12,0,1,1,1,1,1,v1,337,0.465818759936407,337,0.465818759936407,337,0.465818759936407,^TWII,yfinance,2y,2026-10-07,scan_20261008_175914,False,False
True,0,0.008333206176757799,-0.19166692097981775,True,False,買入 (動能增強),31.299999237060547,2026-10-07 00:00:00,31.30999994277954,-0.03000001907348704,False,False,1.047947014038639,False,0.0006284336431205737,22.88590867428169,0.0006561713312023427,0.0006905764250411573,-0.4429974390556257,-1.9569052610089677,-6.49098630440429,-0.4429974390556257,False,False,False,False,False,False,0.0,False,-0.045731708380808644,中性,6582.TW,申豐,3376333056.0,83.68421,0.49186411,0.0,40516,Basic Materials,0.40045856800206175,2,v1,phase6a,2026-07-12,0,2,2,2,2,2,v1,255,0.5961844197138315,255,0.5961844197138315,257,0.5930047694753577,^TWII,yfinance,2y,2026-10-07,scan_20261008_175914,False,False
True,0,4.833333333333333,4.166666666666666,True,False,買入 (動能增強),186.5,2026-10-07 00:00:00,184.725,-0.20000000000001705,False,True,0.7913559242507312,False,0.003744500872166596,37.483525187574635,0.00391031767054869,0.00420271853627225,-0.4443842340375981,-1.8089473729781425,-8.74692886440509,-0.4443842340375981,False,False,False,False,False,False,0.0,False,-0.11190476190476195,中性,3227.TWO,原相,28407703552.0,15.701092,1.8788117,5.31,1066098,Technology,0.6418068159977378,3,v1,phase6a,2026-07-12,0,3,4,3,3,3,v1,60,0.9062003179650239,60,0.9062003179650239,67,0.8950715421303657,^TWII,yfinance,2y,2026-10-07,scan_20261008_175914,True,False
True,0,11.916666666666666,9.0,True,False,買入 (動能增強),173.0,2026-10-07 00:00:00,171.425,-0.42499999999998295,True,True,0.8978517259454923,False,0.003473451211178665,165.69527346947453,0.0036112829026871645,0.0039002070202073654,-0.4001498458745312,-1.0112321825812454,-4.662749732257787,-0.4001498458745312,False,False,False,False,False,False,0.35999397323283033,False,-0.24618736383442263,中性,6217.TWO,中探針,19154857984.0,nan,6.5372195,0.0,3088019,Technology,0.2395766013975971,2,v1,phase6a,2026-07-12,0,2,3,2,2,2,v1,241,0.6184419713831478,241,0.6184419713831478,243,0.615262321144674,^TWII,yfinance,2y,2026-10-07,scan_20261008_175914,False,False
True,0,-0.8250001271565754,-0.42499987284342444,True,False,賣出 (動能轉弱),47.0,2026-10-07 00:00:00,49.00250053405762,-0.04999999999999716,True,False,0.13569165428480323,False,0.0009436543752913137,66.1622874254333,0.0010065446831425055,0.0009827248905990293,-0.6534013970086461,-1.940097975930699,4.969081026533462,-0.6534013970086461,False,False,True,False,False,False,0.3251893425072332,False,-0.05905907343105021,中性,4198.TWO,欣大健康,1136692224.0,nan,5.571969,0.0,9096,Healthcare,0.2479184468180942,0,v1,phase6a,2026-07-12,0,0,0,0,0,0,v1,523,0.17011128775834658,523,0.17011128775834658,524,0.1685214626391097,^TWII,yfinance,2y,2026-10-07,scan_20261008_175914,False,False
True,1,-0.5583324432373047,-0.34166526794433594,True,False,賣出 (動能轉弱),40.349998474121094,2026-10-07 00:00:00,41.429999923706056,-0.09250011444091655,True,False,0.4876192842364287,False,0.0008101372894277064,32.07897162937545,0.000867942151883707,0.0009038707648049767,-0.6961710838729318,-2.5897984693130316,-7.822168534196816,-0.6961710838729318,False,False,False,False,False,False,0.0,False,-0.2527778060347946,中性,3230.TWO,錦明,3396124672.0,nan,3.809433,0.0,844058,Technology,0.2758380927152682,1,v1,phase6a,2026-07-12,0,1,1,1,1,1,v1,359,0.43084260731319557,359,0.43084260731319557,359,0.43084260731319557,^TWII,yfinance,2y,2026-10-07,scan_20261008_175914,True,False
False,0,-4.25,-3.0,False,True,強烈賣出 (跌破),290.5,2026-10-07 00:00:00,294.75,-0.35000000000002274,False,False,0.3684818915616404,False,0.00583258714940695,31.793588579559867,0.0061541382263798124,0.006541187397524147,-0.5469870711231284,-2.453893371862137,-5.5348778369041955,-0.5469870711231284,False,False,False,False,False,False,0.008614859343734934,False,-0.10339506172839508,中性,4585.TW,達明,30545827840.0,101.742165,4.3710613,0.34,239091,Industrials,0.1770620909298324,0,v1,phase6a,2026-07-12,0,0,0,0,0,0,v1,533,0.15421303656597773,533,0.15421303656597773,534,0.15262321144674085,^TWII,yfinance,2y,2026-10-07,scan_20261008_175914,False,False
True,0,-0.0666662851969401,-0.1333332061767578,True,False,觀察 (跌勢收斂),52.5,2026-10-07 00:00:00,52.88500003814697,-0.06499996185303303,False,False,0.6245862769016872,False,0.0010540820149530631,39.71421505435544,0.0011060091433198029,0.0011589593479355536,-0.49178008871270107,-2.1210958014914683,-5.156662077561569,-0.49178008871270107,False,False,False,False,False,False,0.0,False,-0.0402193918145245,中性,2373.TW,震旦行,11722180608.0,14.123989,1.5903366,7.05,32320,Industrials,0.732220009142149,1,v1,phase6a,2026-07-12,0,1,1,1,1,1,v1,331,0.4753577106518283,331,0.4753577106518283,331,0.4753577106518283,^TWII,yfinance,2y,2026-10-07,scan_20261008_175914,False,False
False,0,0.25500011444091797,0.23166672388712564,False,True,強烈買入 (爆發),8.890000343322754,2026-10-07 00:00:00,8.891000032424927,-0.0019999980926517225,True,False,0.6269590346394762,False,0.00017849122809186803,31.286317836194048,0.0001869319530116392,0.0001955803843702703,-0.47305677215552233,-1.8788265140106897,-5.571374590439982,-0.47305677215552233,False,False,False,False,False,False,0.025062662844461885,False,-0.05925920394128881,中性,2017.TW,官田鋼,3835824128.0,nan,0.59304166,0.0,567458,Basic Materials,0.5320519163448222,3,v1,phase6a,2026-07-12,0,3,3,3,3,3,v1,44,0.931637519872814,44,0.931637519872814,55,0.9141494435612083,^TWII,yfinance,2y,2026-10-07,scan_20261008_175914,False,False
True,0,-0.10833295186360677,-0.08333269755045572,True,False,賣出 (動能轉弱),16.649999618530273,2026-10-07 00:00:00,16.95250005722046,-0.027500057220461116,True,False,0.5443628339217975,False,0.0003342945742260595,32.109276894238256,0.00035486249778345606,0.0003712782849778734,-0.6064082817327399,-2.7350459289321893,-6.666931391077425,-0.6064082817327399,False,False,False,False,False,False,0.0,False,-0.0672269320613117,中性,9946.TW,三發地產,5319569408.0,3.582251,0.7439873,8.31,324822,Real Estate,0.9578488116297832,0,v1,phase6a,2026-07-12,0,0,0,0,0,0,v1,628,0.003179650238473768,628,0.003179650238473768,628,0.003179650238473768,^TWII,yfinance,2y,2026-10-07,scan_20261008_175914,False,False
True,0,-0.056493202845255525,-0.04973991711934407,True,False,賣出 (動能轉弱),7.510000228881836,2026-10-07 00:00:00,7.582921981811523,-0.0054804801940919745,True,False,0.8953788591549824,False,0.00015078392711538537,33.740729504449575,0.000158518897495412,0.0001660979054965428,-0.5110095663517389,-2.2834549422108052,-5.413403989979804,-0.5110095663517389,False,False,False,False,False,False,0.011553380877779521,False,-0.055962087942025174,中性,5512.TWO,力麒,5729035264.0,58.0,0.4255559,1.34,642855,Real Estate,0.5180314383081804,0,v1,phase6a,2026-07-12,0,0,0,0,0,0,v1,547,0.13195548489666137,547,0.13195548489666137,548,0.13036565977742448,^TWII,yfinance,2y,2026-10-07,scan_20261008_175914,False,False
True,1,-0.07499996821085612,-0.07499996821085612,True,False,賣出 (動能轉弱),11.149999618530273,2026-10-07 00:00:00,11.174999809265136,-0.005000019073486683,False,False,0.256932665576041,False,0.00022386693456431003,42.89480277030266,0.00023392653411553576,0.00024626683633211557,-0.4506258851319278,-2.3111763754788517,-5.732506810587157,-0.4506258851319278,False,False,False,False,False,False,0.0011241121671685483,False,-0.03463208360164882,中性,8443.TW,阿瘦,744819968.0,nan,1.1890796,0.0,20875,Consumer Cyclical,0.4559538571006955,0,v1,phase6a,2026-07-12,0,0,0,0,0,0,v1,615,0.02384737678855326,615,0.02384737678855326,615,0.02384737678855326,^TWII,yfinance,2y,2026-10-07,scan_20261008_175914,False,False
True,0,-0.08333301544189453,-0.03333314259847006,True,False,賣出 (動能轉弱),22.600000381469727,2026-10-07 00:00:00,22.947500038146973,-0.04250001907348633,False,False,0.8648040948473892,False,0.0004537572179055163,32.163265911184936,0.000480888096392868,0.0005125421546047693,-0.5903705418398464,-2.241994226848454,-6.62119143387192,-0.5903705418398464,False,False,False,False,False,False,0.0013729821429978057,False,-0.08502025573297245,中性,5223.TWO,安力-KY,997920000.0,nan,0.4207916,0.0,20224,Industrials,0.5403937617653193,0,v1,phase6a,2026-07-12,0,0,0,0,0,0,v1,538,0.14626391096979333,538,0.14626391096979333,539,0.14467408585055644,^TWII,yfinance,2y,2026-10-07,scan_20261008_175914,False,False
True,1,0.26666688919067383,0.21666701634724933,True,False,買入 (動能增強),15.149999618530273,2026-10-07 00:00:00,14.919999980926514,0.009999990463256836,False,True,2.4293431714869227,True,0.00030417794522740057,29.83898727418662,0.00031393994463827597,0.000336753024516217,-0.32624915542386335,-1.9017740753251688,-6.144229853798122,-0.32624915542386335,False,False,False,False,False,False,0.03485119312772983,False,-0.0733945403634042,中性,8940.TW,新天地,1022488640.0,28.584906,1.2373407,0.0,41818,Consumer Cyclical,0.391129804361827,2,v1,phase6a,2026-07-12,0,2,4,2,2,2,v1,299,0.5262321144674086,299,0.5262321144674086,299,0.5262321144674086,^TWII,yfinance,2y,2026-10-07,scan_20261008_175914,False,False
True,0,0.024999936421712235,0.008333365122477213,True,False,買入 (動能增強),13.899999618530273,2026-10-07 00:00:00,13.937499856948852,0.0,False,False,0.5869227905442715,False,0.00027908075439518474,32.33495621764368,0.00029135048650224973,0.0003026982474382322,-0.44134149702051984,-2.106131201625683,-4.460086978230892,-0.44134149702051984,False,False,False,False,False,False,0.005990524520312516,False,-0.02797206761324067,中性,5533.TW,皇鼎,4007692288.0,23.81356,0.4211757,4.32,134985,Real Estate,0.7085856786747241,2,v1,phase6a,2026-07-12,0,2,2,2,2,2,v1,225,0.643879173290938,225,0.643879173290938,228,0.6391096979332274,^TWII,yfinance,2y,2026-10-07,scan_20261008_175914,False,False
True,0,0.2749999364217122,0.11666663487752277,True,False,買入 (動能增強),13.949999809265137,2026-10-07 00:00:00,13.412499904632568,0.022499990463256125,False,True,2.962964447310798,True,0.0002800846458580008,41.822160775615174,0.00028174920720077057,0.00029010673197126685,-0.06215033832434047,-1.6438529021750137,-5.4777311865156,-0.06215033832434047,False,False,False,False,False,False,0.2626401318091533,False,-0.01760563403929638,中性,1440.TW,南紡,23775309824.0,478.33334,0.830584,2.15,2536240,Consumer Cyclical,0.4692446494453029,4,v1,phase6a,2026-07-12,0,4,6,4,4,4,v1,10,0.985691573926868,10,0.985691573926868,14,0.9793322734499205,^TWII,yfinance,2y,2026-10-07,scan_20261008_175914,False,True
True,0,0.8833338419596353,0.8166669209798176,True,False,買入 (動能增強),38.54999923706055,2026-10-07 00:00:00,38.005068969726565,0.02807903289794922,False,True,1.0810617484655076,False,0.0007739973499474253,52.904395479836445,0.0007996532830280148,0.0008524792107941479,-0.3365876964446013,-1.5622784266845047,-5.305574496845122,-0.3365876964446013,False,False,False,False,False,False,0.022524279971840262,False,-0.1301860231921106,中性,3059.TW,華晶科,11718341632.0,30.238094,1.1509877,2.59,1660302,Technology,0.5452191313134207,2,v1,phase6a,2026-07-12,0,2,4,2,2,2,v1,175,0.7233704292527822,175,0.7233704292527822,181,0.7138314785373608,^TWII,yfinance,2y,2026-10-07,scan_20261008_175914,False,False
True,2,0.7833328247070311,0.6833330790201823,True,False,買入 (動能增強),74.0,2026-10-07 00:00:00,74.25499992370605,-0.15000000000000568,True,False,1.2173989264927192,False,0.0014857536972671748,28.505892483779125,0.0015670156267862754,0.001703615195954808,-0.5429076433142388,-2.275191443645963,-8.790326858806685,-0.5429076433142388,False,False,False,False,False,False,0.0010714140246602302,False,-0.1365227230440662,中性,6412.TW,群電,29256144896.0,12.1262455,1.8938904,5.0,770294,Industrials,0.6852163793255911,2,v1,phase6a,2026-07-12,0,2,2,2,2,2,v1,250,0.604133545310016,250,0.604133545310016,252,0.6009538950715422,^TWII,yfinance,2y,2026-10-07,scan_20261008_175914,False,False
True,1,-7.166666666666666,-5.0,True,False,賣出 (動能轉弱),529.0,2026-10-07 00:00:00,544.45,-0.5499999999999545,False,False,0.6617501376045923,False,0.010621131160193722,51.99994885808234,0.011323909749104735,0.01144128500764353,-0.6490386962674677,-2.3233906425515927,-3.060673984591278,-0.6490386962674677,False,False,False,False,False,False,0.1259132676144594,False,-0.05197132616487454,中性,3034.TW,聯詠,324712857600.0,18.54698,4.685556,4.35,3854442,Technology,0.4684031467415342,0,v1,phase6a,2026-07-12,0,0,0,0,0,0,v1,502,0.20349761526232116,502,0.20349761526232116,503,0.20190779014308427,^TWII,yfinance,2y,2026-10-07,scan_20261008_175914,False,False
True,1,0.18333307902018228,0.14999898274739581,True,False,買入 (動能增強),50.20000076293945,2026-10-07 00:00:00,50.03750019073486,0.020000076293939628,False,True,1.246473319478303,False,0.0010079031991398956,19.115876807960845,0.0010493424150272452,0.0010952944646610517,-0.4139702338436857,-1.8087779557860117,-5.364413133490331,-0.4139702338436857,False,False,False,False,False,False,0.0013250667719124155,False,-0.056390976634907886,中性,4557.TW,永新-KY,2412983552.0,nan,0.9510664,3.98,54664,Consumer Cyclical,0.680771822122631,2,v1,phase6a,2026-07-12,0,2,4,2,2,2,v1,211,0.6661367249602543,211,0.6661367249602543,214,0.6613672496025437,^TWII,yfinance,2y,2026-10-07,scan_20261008_175914,False,False
True,0,-0.18333371480305988,-0.125,True,False,賣出 (動能轉弱),45.79999923706055,2026-10-07 00:00:00,46.04249992370605,-0.039999961853027344,False,False,0.9224855861627163,False,0.0009195610567742768,39.13614074220768,0.0009649985281325667,0.001013857507169286,-0.49319275704857723,-2.239792577340882,-6.443278372627137,-0.49319275704857723,False,False,False,False,False,False,0.0,False,-0.04583334922790527,中性,7718.TWO,友鋮,2091042688.0,8.211091,1.3452915,5.44,23626,Industrials,0.8144370118640379,0,v1,phase6a,2026-07-12,0,0,0,0,0,0,v1,600,0.04769475357710652,600,0.04769475357710652,600,0.04769475357710652,^TWII,yfinance,2y,2026-10-07,scan_20261008_175914,False,False
True,0,0.14999993642171225,0.09999974568684895,True,False,買入 (動能增強),20.649999618530273,2026-10-07 00:00:00,20.57999982833862,-0.015000057220461827,True,True,0.29021538818726633,False,0.00041460558488915004,51.02287392164101,0.0004313001721625445,0.000454827965661394,-0.405794839659368,-2.0432774862240155,-5.410853376346503,-0.405794839659368,False,False,False,False,False,False,0.01998805222402063,False,-0.054919942425133095,中性,6020.TWO,大展證,5173236224.0,5.7103066,0.94140345,1.32,33074,Financial Services,0.742657042904475,2,v1,phase6a,2026-07-12,0,2,3,2,2,2,v1,229,0.6375198728139905,229,0.6375198728139905,232,0.6327503974562798,^TWII,yfinance,2y,2026-10-07,scan_20261008_175914,False,False
True,0,0.3333333333333333,-0.16666666666666666,True,False,買入 (動能增強),171.0,2026-10-07 00:00:00,169.525,0.07500000000001705,False,True,0.5526159457331141,False,0.00343329570584712,55.52134973223476,0.003544811008843221,0.003684444995961651,-0.3300517277510129,-1.7306650089572106,-4.0080245744186005,-0.3300517277510129,False,False,False,False,False,False,0.039331266725344066,False,-0.002915451895043719,中性,8416.TWO,實威,4824080896.0,11.656442,2.9746373,5.01,4318,Technology,0.6281122079404743,2,v1,phase6a,2026-07-12,0,2,4,2,2,2,v1,291,0.5389507154213037,291,0.5389507154213037,291,0.5389507154213037,^TWII,yfinance,2y,2026-10-07,scan_20261008_175914,False,False
True,0,-0.008333206176757809,-0.024999936421712235,True,False,觀察 (跌勢收斂),15.100000381469727,2026-10-07 00:00:00,15.040000009536744,0.005000019073486683,False,True,0.8209945879709997,False,0.00030317407291222153,32.480160512599696,0.00031324089944735297,0.00031985581516331214,-0.3371505074205583,-1.398779048956167,-1.7423714287549408,-0.3371505074205583,False,False,False,False,False,False,0.13507130790178606,False,-0.009836040559362158,中性,5514.TWO,三豐,3422278656.0,60.4,0.9993382,0.0,41787,Real Estate,0.3595572193531302,1,v1,phase6a,2026-07-12,0,1,3,1,1,1,v1,384,0.39109697933227344,384,0.39109697933227344,384,0.39109697933227344,^TWII,yfinance,2y,2026-10-07,scan_20261008_175914,False,False
True,0,19.166666666666664,9.166666666666666,True,False,買入 (動能增強),888.0,2026-10-07 00:00:00,890.2,-4.449999999999932,False,False,0.7569933554112902,False,0.017829044367206098,20.186276714404435,0.01892481462682733,0.020266300429805092,-0.6057945139775978,-2.9713907309359078,-13.731938048373438,-0.6057945139775978,False,False,False,False,False,False,0.0,False,-0.16619718309859155,中性,6409.TW,旭隼,76126208000.0,33.487656,9.631709,4.14,443239,Industrials,0.3531028255060089,2,v1,phase6a,2026-07-12,0,2,2,2,2,2,v1,248,0.6073131955484896,248,0.6073131955484896,250,0.604133545310016,^TWII,yfinance,2y,2026-10-07,scan_20261008_175914,False,False
True,0,259.16666666666663,295.83333333333337,True,False,觀望 (動能減弱),11790.0,2026-10-07 00:00:00,12337.25,-105.75,False,False,0.5779779445460954,False,0.23671670392945932,493.714007611759,0.2609035648135782,0.2451651901076241,-0.9664033795396931,-2.03531844228807,-9.290103622366185,-0.9664033795396931,False,False,True,False,False,False,0.4170750823790832,False,-0.18459091223459434,中性,2059.TW,川湖,1011577651200.0,60.04978,29.969282,0.39,504245,Consumer Cyclical,0.1472724474583115,0,v1,phase6a,2026-07-12,0,0,0,0,0,0,v1,463,0.2655007949125596,463,0.2655007949125596,464,0.26391096979332274,^TWII,yfinance,2y,2026-10-07,scan_20261008_175914,False,False
False,0,-0.3416665395100911,-0.3250001271565755,False,True,強烈賣出 (跌破),16.5,2026-10-07 00:00:00,16.969999980926513,-0.04750003814697479,True,False,0.6473659496926332,False,0.00033128291898524843,44.40556844900275,0.00035388187677375707,0.00036643568055840805,-0.6677238229076843,-2.934985544556401,-6.3516164536131186,-0.6677238229076843,False,False,False,False,False,False,0.0,False,-0.09340663141076089,中性,8354.TWO,冠好,1331121920.0,6.254613,0.6083555,0.66,104674,Basic Materials,0.754748292519709,0,v1,phase6a,2026-07-12,0,0,0,0,0,0,v1,611,0.030206677265500796,611,0.030206677265500796,611,0.030206677265500796,^TWII,yfinance,2y,2026-10-07,scan_20261008_175914,False,False
True,0,-0.10000006357828775,-0.025000254313151036,True,False,賣出 (動能轉弱),28.549999237060547,2026-10-07 00:00:00,28.717499923706054,0.0,False,False,0.9445377926876564,False,0.000573219823289699,36.39924347620318,0.000600122805706239,0.0006266420319551901,-0.4696692624775345,-1.9666560002113975,-4.19385073259636,-0.4696692624775345,False,False,False,False,False,False,0.0,False,-0.04033616009880514,中性,2608.TW,嘉里大榮,13356199936.0,14.895834,1.0954497,5.78,238534,Industrials,0.7604958524517546,0,v1,phase6a,2026-07-12,0,0,0,0,0,0,v1,484,0.23211446740858505,484,0.23211446740858505,485,0.23052464228934816,^TWII,yfinance,2y,2026-10-07,scan_20261008_175914,False,False
True,1,0.5833333333333335,8.326672684688674e-17,True,False,買入 (動能增強),232.0,2026-10-07 00:00:00,234.2,-0.75,False,False,0.836297834511483,False,0.004658038618459251,105.89388452463822,0.0048482213191384784,0.004831911431707806,-0.4112210857616816,-1.3920611372268632,0.5165901460858935,-0.4112210857616816,False,False,True,False,False,False,0.4797857950105481,False,-0.06072874493927127,中性,4576.TW,大銀微系統,27374723072.0,69.87768,6.37894,0.34,2191284,Industrials,0.1632890060174739,4,v1,phase6a,2026-07-12,0,4,4,4,4,4,v1,25,0.9618441971383148,25,0.9618441971383148,29,0.9554848966613673,^TWII,yfinance,2y,2026-10-07,scan_20261008_175914,False,True
True,1,3.666666666666666,3.333333333333333,True,False,買入 (動能增強),185.0,2026-10-07 00:00:00,185.4,-0.5999999999999943,False,False,0.6075237595947802,False,0.003714384243167937,88.27650001967429,0.00388207105574856,0.00386983743862763,-0.45262821491826033,-1.1333539593640696,-3.534770315245639,-0.45262821491826033,False,False,True,False,False,False,0.4033457607990661,False,-0.06565656565656564,中性,3231.TW,緯創,599400251392.0,16.208082,3.08986,2.97,61602203,Technology,0.4886398858418264,2,v1,phase6a,2026-07-12,0,2,2,2,2,2,v1,183,0.7106518282988871,183,0.7106518282988871,188,0.7027027027027027,^TWII,yfinance,2y,2026-10-07,scan_20261008_175914,False,False
True,0,-0.08333365122477213,-0.08333365122477213,True,False,賣出 (動能轉弱),13.149999618530273,2026-10-07 00:00:00,13.265000057220458,-0.012500000000001066,True,False,1.4967685580062335,False,0.0002640224398958553,29.737519775422513,0.0002773402049718575,0.00029168559590411964,-0.5029273058620665,-2.280264258805753,-5.519923501642476,-0.5029273058620665,False,False,False,False,False,False,0.0012404796601124418,False,-0.03261750953822917,中性,2616.TW,山隆,1787463680.0,nan,0.72252744,2.28,120900,Consumer Cyclical,0.6539121071598764,0,v1,phase6a,2026-07-12,0,0,0,0,0,0,v1,485,0.23052464228934816,485,0.23052464228934816,486,0.2289348171701113,^TWII,yfinance,2y,2026-10-07,scan_20261008_175914,False,False
True,0,-0.0883334477742513,-0.061666806538899735,True,False,賣出 (動能轉弱),8.069999694824219,2026-10-07 00:00:00,8.170000123977662,0.0,False,False,1.0046532379102724,False,0.00016202745788554128,31.13579943020141,0.00017100631252319124,0.00018314592713733575,-0.5496566416351434,-2.6753582165157663,-6.47301692904636,-0.5496566416351434,False,False,False,False,False,False,0.019901697285562726,False,-0.07027656554203421,中性,4414.TW,如興,2326548736.0,44.83333,0.5531185,0.0,155027,Consumer Cyclical,0.4348168270140966,0,v1,phase6a,2026-07-12,0,0,0,0,0,0,v1,525,0.1669316375198728,525,0.1669316375198728,526,0.16534181240063592,^TWII,yfinance,2y,2026-10-07,scan_20261008_175914,False,False
True,0,0.36666679382324213,0.39166688919067383,True,False,觀望 (動能減弱),16.25,2026-10-07 00:00:00,16.04749994277954,0.03750000000000142,False,True,1.7094379497456484,True,0.00032626348081880527,25.941632581271133,0.00033674071146755775,0.00035532069141251514,-0.3264429032786009,-1.9063645211418567,-4.114553704957846,-0.3264429032786009,False,False,False,False,False,False,0.11448812888887243,False,-0.1827623918066742,中性,2482.TW,連宇,1257810432.0,nan,1.1378849,0.62,278956,Industrials,0.5328374162147788,0,v1,phase6a,2026-07-12,0,0,2,0,0,0,v1,477,0.24324324324324326,477,0.24324324324324326,478,0.24165341812400637,^TWII,yfinance,2y,2026-10-07,scan_20261008_175914,False,False
True,0,0.3333331743876139,0.3333331743876139,True,False,觀望 (動能減弱),14.149999618530273,2026-10-07 00:00:00,14.237499904632568,-0.01500000953674352,False,False,0.6670047804479653,False,0.0002841001925616279,45.72171062947648,0.0002990067208438761,0.00032219933993974834,-0.5220340720735517,-1.776772195584586,-5.163989801272983,-0.5220340720735517,False,False,False,False,False,False,0.0010042077055180405,False,-0.16519180049426774,中性,2440.TW,太空梭,1968505344.0,101.07143,1.0892994,0.0,314632,Industrials,0.3286809978576246,0,v1,phase6a,2026-07-12,0,0,0,0,0,0,v1,475,0.246422893481717,475,0.246422893481717,476,0.24483306836248012,^TWII,yfinance,2y,2026-10-07,scan_20261008_175914,False,False
True,0,-0.4833348592122395,-0.800000508626302,True,False,觀察 (跌勢收斂),80.0,2026-10-07 00:00:00,78.92500076293945,-0.08499984741212074,True,True,1.3846022481997637,False,0.0016062202132618106,39.22085119660064,0.0016545774768332413,0.0017293851339740514,-0.30670225276739904,-2.337107388989923,-6.728983130920685,-0.30670225276739904,False,False,False,False,False,False,0.1460455265388536,False,-0.046483926757450056,中性,1319.TW,東陽,47791341568.0,13.116884,1.76813,6.25,2074176,Consumer Cyclical,0.7152780415076144,1,v1,phase6a,2026-07-12,0,1,2,1,1,1,v1,307,0.5135135135135135,307,0.5135135135135135,307,0.5135135135135135,^TWII,yfinance,2y,2026-10-07,scan_20261008_175914,False,False
True,1,0.39999898274739576,0.23333358764648432,True,False,買入 (動能增強),83.5999984741211,2026-10-07 00:00:00,82.65500068664551,0.05999984741211506,False,True,1.3504711818467243,False,0.0016785000922223726,43.13965268556193,0.0017327708341382184,0.0018435770576831195,-0.32860303427552084,-2.0044551273127986,-5.488153193878819,-0.32860303427552084,False,False,False,False,False,False,0.05554519610619488,False,-0.060674174448077545,中性,4129.TWO,聯合,8071860224.0,15.245902,2.0680454,5.38,197271,Healthcare,0.6323646444217473,2,v1,phase6a,2026-07-12,0,2,4,2,2,2,v1,203,0.6788553259141494,203,0.6788553259141494,206,0.6740858505564388,^TWII,yfinance,2y,2026-10-07,scan_20261008_175914,False,False
True,0,0.5416666666666666,0.2000001271565755,True,False,買入 (動能增強),39.900001525878906,2026-10-07 00:00:00,39.454999923706055,0.047500038146971235,False,True,0.637321888492535,False,0.0008011023620005473,42.67434401649203,0.0008260617020507085,0.0008571667747249236,-0.3170428169636086,-1.9764791547534744,-5.199538024748962,-0.3170428169636086,False,False,False,False,False,False,0.08155478945741923,False,-0.07638886987917737,中性,2009.TW,第一銅,14241037312.0,38.076923,1.624882,1.0,2063289,Basic Materials,0.4026785209203166,5,v1,phase6a,2026-07-12,0,5,7,5,5,5,v1,1,1.0,1,1.0,2,0.9984101748807631,^TWII,yfinance,2y,2026-10-07,scan_20261008_175914,True,True
True,0,-0.05833323796590169,-0.0733332633972168,True,False,觀察 (跌勢收斂),7.380000114440918,2026-10-07 00:00:00,7.36550006866455,-0.011999988555908558,True,True,0.606650799208,False,0.00014817381697111847,19.200091171611138,0.00015517092981538747,0.00016923810874360477,-0.47242008579641004,-2.597972906783219,-9.999291931230491,-0.47242008579641004,False,False,False,False,False,False,0.030362246714476356,False,-0.18811881291994714,中性,5905.TWO,南仁湖,2081193984.0,nan,0.74048096,0.0,449678,Consumer Cyclical,0.5170706429365824,1,v1,phase6a,2026-07-12,0,1,2,1,1,1,v1,389,0.383147853736089,389,0.383147853736089,389,0.383147853736089,^TWII,yfinance,2y,2026-10-07,scan_20261008_175914,False,False
True,0,0.08333333333333334,0.08333333333333331,True,False,買入 (動能增強),49.29999923706055,2026-10-07 00:00:00,49.652499771118165,-0.02499999999999858,False,False,1.1926605504587156,False,0.000989833191104481,42.27460652822331,0.0010392683118741028,0.0011053214861042738,-0.49821315260623056,-2.197775589465889,-5.4395241145544615,-0.49821315260623056,False,False,False,False,False,False,0.0,False,-0.06451615705231473,中性,6899.TWO,創為精密,2103304320.0,11.331829,1.1325692,5.68,18429,Technology,0.811181856803452,2,v1,phase6a,2026-07-12,0,2,2,2,2,2,v1,273,0.5675675675675675,273,0.5675675675675675,274,0.5659777424483307,^TWII,yfinance,2y,2026-10-07,scan_20261008_175914,False,False
True,0,0.08333301544189453,0.14999961853027344,True,False,觀望 (動能減弱),31.0,2026-10-07 00:00:00,31.030000114440917,0.00749998092651083,False,False,0.4572777162186299,False,0.0006224103326389515,36.678078872262155,0.0006487101596316789,0.0006750307522968341,-0.42494151009833114,-1.83561839700489,-3.6077226652421635,-0.42494151009833114,False,False,False,False,False,False,0.011394270206621697,False,-0.013751171831788311,中性,1614.TW,三洋電,8065713152.0,24.92,1.4259557,3.1,55785,Consumer Cyclical,0.5463322798548743,2,v1,phase6a,2026-07-12,0,2,3,2,2,2,v1,126,0.8012718600953895,126,0.8012718600953895,134,0.7885532591414944,^TWII,yfinance,2y,2026-10-07,scan_20261008_175914,False,True
True,0,3.1666666666666665,3.333333333333333,True,False,觀望 (動能減弱),120.5,2026-10-07 00:00:00,119.55,0.45000000000000284,False,True,0.5556642187805616,False,0.002419369196225602,40.05699861978283,0.0024867980999923028,0.002501468503454671,-0.28460608170026713,-0.38189337286849145,4.0668239366049574,-0.28460608170026713,False,False,False,False,False,False,0.45607678507901606,False,-0.020325203252032575,中性,6859.TWO,伯特光,5011474432.0,42.579506,2.3807642,1.66,49869,Industrials,0.35044715405439053,0,v1,phase6a,2026-07-12,0,0,2,0,0,0,v1,585,0.07154213036565978,585,0.07154213036565978,585,0.07154213036565978,^TWII,yfinance,2y,2026-10-07,scan_20261008_175914,False,False
True,0,-0.65833314259847,-0.5999997456868489,True,False,賣出 (動能轉弱),13.850000381469727,2026-10-07 00:00:00,14.355000114440918,-0.05499997138977086,False,False,0.4878048780487805,False,0.00027807688208000576,24.103701469470305,0.00029781998337862745,0.00031755699961952234,-0.6929755355896683,-3.336653227898889,-5.728766490126613,-0.6929755355896683,False,False,False,False,False,False,0.0,False,-0.13551702503306673,中性,5546.TW,永固-KY,1111770880.0,nan,0.60865647,7.22,35641,Basic Materials,0.7990113266590324,0,v1,phase6a,2026-07-12,0,0,0,0,0,0,v1,549,0.1287758346581876,549,0.1287758346581876,550,0.1271860095389507,^TWII,yfinance,2y,2026-10-07,scan_20261008_175914,False,False
False,0,0.30000082651774085,-0.04999923706054685,False,True,強烈買入 (爆發),17.200000762939453,2026-10-07 00:00:00,16.357500076293945,0.04500007629394531,False,True,0.44412368844723255,False,0.0003453373611693989,31.87166518697137,0.0003449783236220962,0.0003676883297860094,0.01095650488227573,-1.2439946230266563,-7.122822701819076,0.01095650488227573,True,False,False,False,False,True,0.14805882001877693,False,-0.06775067470516738,中性,6661.TWO,威健生技,400833088.0,nan,1.4674517,0.0,4400,Healthcare,0.4188411570666472,3,v1,phase6a,2026-07-12,0,3,5,3,3,3,v1,83,0.8696343402225755,83,0.8696343402225755,87,0.863275039745628,^TWII,yfinance,2y,2026-10-07,scan_20261008_175914,False,False
True,0,0.08000000317891437,0.031666835149129234,True,False,買入 (動能增強),8.15999984741211,2026-10-07 00:00:00,8.090500092506408,-0.0034999847412109375,True,True,0.959047566554594,False,0.00016383445868908275,36.83907447853154,0.00016991110967882285,0.00017908251288271054,-0.37504815767913646,-1.847828221581893,-6.2652688965634695,-0.37504815767913646,False,False,False,False,False,False,0.015024336756464828,False,-0.054212150380221646,中性,1417.TW,嘉裕,1549926656.0,15.692308,0.6554743,3.06,151114,Consumer Cyclical,0.7251002901146723,2,v1,phase6a,2026-07-12,0,2,3,2,2,2,v1,108,0.8298887122416534,108,0.8298887122416534,116,0.8171701112877583,^TWII,yfinance,2y,2026-10-07,scan_20261008_175914,False,False
True,0,0.058511098225911454,0.19024531046549478,True,False,觀望 (動能減弱),22.799999237060547,2026-10-07 00:00:00,22.978459739685057,0.01452016830444336,False,False,0.06041205637669669,False,0.00045777274546150633,32.89681782198979,0.00048020095185730876,0.0005016042679245247,-0.48923552473146836,-1.7890837193249798,-3.1215637507364336,-0.48923552473146836,False,False,False,False,False,False,0.0,False,-0.04521591011019854,中性,1599.TWO,宏佳騰,1624248704.0,nan,0.87876546,2.19,30490,Consumer Cyclical,0.6265650301126894,2,v1,phase6a,2026-07-12,0,2,3,2,2,2,v1,124,0.8044515103338633,124,0.8044515103338633,132,0.7917329093799682,^TWII,yfinance,2y,2026-10-07,scan_20261008_175914,False,True
True,0,1.999999364217122,2.0333328247070312,True,False,觀望 (動能減弱),62.29999923706055,2026-10-07 00:00:00,61.68499965667725,0.019999885559087716,False,True,0.8131098183731088,False,0.0012508439757595252,25.953734846705345,0.0013019510228233287,0.0013276480975575068,-0.41150178109335966,-1.5915543159611745,-6.609965556038688,-0.41150178109335966,False,False,False,False,False,False,0.40001572849877304,False,-0.10359713327970432,中性,2070.TWO,精湛,2586355456.0,20.496689,2.1874337,2.41,212605,Industrials,0.474198185368446,0,v1,phase6a,2026-07-12,0,0,2,0,0,0,v1,464,0.26391096979332274,464,0.26391096979332274,465,0.26232114467408585,^TWII,yfinance,2y,2026-10-07,scan_20261008_175914,False,False
True,0,-198.33333333333331,-275.0,True,False,觀察 (跌勢收斂),5530.0,2026-10-07 00:00:00,5491.5,2.0,False,True,0.8784477908512803,False,0.11102997224172265,321.7078634673083,0.11395988323674436,0.120954098790374,-0.2699013614417378,-2.0776899261770843,-4.5108023293238375,-0.2699013614417378,False,False,False,False,False,False,0.17095636498136788,False,-0.1621212121212121,中性,6223.TWO,旺矽,546245804032.0,117.98942,34.345104,0.4,877422,Technology,0.12228779625736348,2,v1,phase6a,2026-07-12,0,2,4,2,2,2,v1,242,0.6168521462639109,242,0.6168521462639109,244,0.6136724960254372,^TWII,yfinance,2y,2026-10-07,scan_20261008_175914,True,False
True,0,0.30833371480305993,0.22500038146972653,True,False,買入 (動能增強),39.75,2026-10-07 00:00:00,39.63750019073486,-0.02499999999999858,True,True,0.8348309028037137,False,0.0007980906684644621,37.676778205625055,0.0008296970567594766,0.0008530555117780409,-0.3993868198097772,-1.6102723994932844,-4.348209713848439,-0.3993868198097772,False,False,False,False,False,False,0.0017424025912089814,False,-0.0257352758993874,中性,4116.TWO,明基醫,1778183424.0,15.229009,1.612838,5.03,34013,Healthcare,0.6698122403987866,2,v1,phase6a,2026-07-12,0,2,3,2,2,2,v1,201,0.6820349761526232,201,0.6820349761526232,204,0.6772655007949125,^TWII,yfinance,2y,2026-10-07,scan_20261008_175914,False,False
True,1,0.07500028610229492,0.11666679382324216,True,False,觀望 (動能減弱),14.600000381469727,2026-10-07 00:00:00,14.61500005722046,-0.0049999713897701525,True,False,3.215692579789372,True,0.00029313519657933525,36.790068425273965,0.00030637854411021045,0.0003190501765221224,-0.45294372197197674,-2.2990993789434144,-5.559033751098708,-0.45294372197197674,False,False,False,False,False,False,0.017177639117602155,False,-0.20742856367772955,中性,5450.TWO,南良,1811568000.0,29.01961,1.0072824,1.71,388864,Consumer Cyclical,0.5341897571199596,1,v1,phase6a,2026-07-12,0,1,1,1,1,1,v1,382,0.3942766295707472,382,0.3942766295707472,382,0.3942766295707472,^TWII,yfinance,2y,2026-10-07,scan_20261008_175914,True,False
True,0,-0.5333334604899088,-0.5166664123535156,True,False,賣出 (動能轉弱),40.5,2026-10-07 00:00:00,41.67249984741211,-0.10750007629394531,False,False,1.4561365971847626,False,0.0008131489829637916,28.778408162719074,0.0008686847708115053,0.0009110018991084148,-0.668458269629213,-2.564985596169045,-5.476700898537223,-0.668458269629213,False,False,False,False,False,False,0.0,False,-0.07003442687698214,中性,6754.TW,匯僑設計,2739000064.0,12.575758,1.2593312,8.64,13750,Industrials,0.8106515577482395,0,v1,phase6a,2026-07-12,0,0,0,0,0,0,v1,575,0.08744038155802862,575,0.08744038155802862,575,0.08744038155802862,^TWII,yfinance,2y,2026-10-07,scan_20261008_175914,False,False
True,1,4.333333333333333,3.833333333333333,True,False,買入 (動能增強),252.0,2026-10-07 00:00:00,251.25,-0.19999999999998863,False,True,1.0715726844453721,False,0.005059593671774703,62.93301192160859,0.005267925493634163,0.005436476232470365,-0.4145607922968253,-1.5620397048010215,-4.249873543410255,-0.4145607922968253,False,False,False,False,False,False,0.0,False,-0.06666666666666665,中性,2317.TW,鴻海,3492764188672.0,16.54485,1.8304517,2.85,40820533,Technology,0.5562126597780775,5,v1,phase6a,2026-07-12,0,5,6,5,5,5,v1,2,0.9984101748807631,2,0.9984101748807631,3,0.9968203497615262,^TWII,yfinance,2y,2026-10-07,scan_20261008_175914,True,True
True,0,0.016667048136393227,-0.1249993642171224,True,False,買入 (動能增強),37.95000076293945,2026-10-07 00:00:00,38.005000305175784,-0.02499999999999858,True,False,0.7152919558366513,False,0.000761950728984181,27.65961922912415,0.0007956190453238551,0.0008441149973506058,-0.4434680972775329,-2.11232799995682,-5.806646090403589,-0.4434680972775329,False,False,False,False,False,False,0.02315914896525036,False,-0.06985290508369191,中性,9924.TW,福興,5721407488.0,11.096491,0.8328213,6.59,147016,Industrials,0.8712918045771184,2,v1,phase6a,2026-07-12,0,2,2,2,2,2,v1,302,0.5214626391096979,302,0.5214626391096979,302,0.5214626391096979,^TWII,yfinance,2y,2026-10-07,scan_20261008_175914,False,False
True,2,0.09999910990397134,0.11666552225748697,True,False,觀望 (動能減弱),54.900001525878906,2026-10-07 00:00:00,54.954999923706055,-0.004999923706051845,True,False,1.7039104745390672,True,0.0011022686519871368,40.6434829522007,0.0011491822950142378,0.0012130780816237226,-0.42788234851136586,-1.9274207239540542,-4.3235683337280895,-0.42788234851136586,False,False,False,False,False,False,0.0014492645499824773,False,-0.03715286333453116,中性,2496.TW,卓越,1099037056.0,9.133333,1.3162004,7.94,20266,Consumer Defensive,0.8481113515492695,0,v1,phase6a,2026-07-12,0,0,0,0,0,0,v1,478,0.24165341812400637,478,0.24165341812400637,479,0.24006359300476948,^TWII,yfinance,2y,2026-10-07,scan_20261008_175914,False,False
True,0,-0.028333425521850586,-0.028333504994710285,True,False,觀察 (跌勢收斂),4.409999847412109,2026-10-07 00:00:00,4.45199990272522,-0.00750000476837176,True,False,0.5353794507843058,False,8.854288619243537e-05,26.001010861754125,9.344169979031817e-05,0.00010104151912251259,-0.5488282825470092,-2.526893978511635,-7.886367827274143,-0.5488282825470092,False,False,False,False,False,False,0.0010371760172494266,False,-0.12673273646542627,中性,1337.TW,再生-KY,1183402112.0,nan,0.33025596,0.0,300386,Basic Materials,0.5427771461711756,1,v1,phase6a,2026-07-12,0,1,1,1,1,1,v1,308,0.5119236883942766,308,0.5119236883942766,308,0.5119236883942766,^TWII,yfinance,2y,2026-10-07,scan_20261008_175914,False,False
True,0,0.8916664123535156,0.9833329518636067,True,False,觀望 (動能減弱),34.099998474121094,2026-10-07 00:00:00,33.560000038146974,0.10000000000000142,False,True,0.6338399210869299,False,0.0006846513352666275,39.66957423820192,0.000698907432238952,0.0007021700546892932,-0.21425249682455183,-0.9681670939080345,2.188150497819308,-0.21425249682455183,False,False,False,False,False,False,0.4062219675895062,False,-0.007278020701757759,中性,1725.TW,元禎,6327684096.0,14.262295,0.73590046,3.14,65079,Basic Materials,0.7409949760812253,2,v1,phase6a,2026-07-12,0,2,4,2,2,2,v1,128,0.7980922098569158,128,0.7980922098569158,136,0.7853736089030207,^TWII,yfinance,2y,2026-10-07,scan_20261008_175914,False,True
False,0,-0.24166647593180338,-0.28333314259847003,False,True,強烈賣出 (跌破),10.300000190734863,2026-10-07 00:00:00,10.552499914169312,-0.019999980926513672,True,False,1.0493962867648643,False,0.0002068008562869855,27.02922051622025,0.00022000196424982926,0.00023603824330155926,-0.6276618431219183,-2.7380110752474707,-6.846030647446321,-0.6276618431219183,False,False,False,False,False,False,0.0009016169397536657,False,-0.14166665077209473,中性,3313.TWO,斐成,2288735232.0,nan,1.0468292,0.0,124644,Industrials,0.47672334978030056,0,v1,phase6a,2026-07-12,0,0,0,0,0,0,v1,508,0.19395866454689983,508,0.19395866454689983,509,0.19236883942766295,^TWII,yfinance,2y,2026-10-07,scan_20261008_175914,False,False
True,0,0.13333320617675778,0.10833311080932616,True,False,買入 (動能增強),14.449999809265137,2026-10-07 00:00:00,14.434999895095824,-0.00250000953674423,False,True,0.9065098072053936,False,0.0002901235221908871,37.00920881525899,0.000303026276129896,0.0003300034599936165,-0.4462069521518064,-2.1444780244574635,-6.254738994759723,-0.4462069521518064,False,False,False,False,False,False,0.009310906407184313,False,-0.1347305898732356,中性,1218.TW,泰山,7124572160.0,nan,0.6182478,9.17,1195537,Consumer Defensive,0.8107715781839072,2,v1,phase6a,2026-07-12,0,2,3,2,2,2,v1,99,0.8441971383147854,99,0.8441971383147854,107,0.8314785373608903,^TWII,yfinance,2y,2026-10-07,scan_20261008_175914,False,False
True,1,0.049999872843424484,-0.03333314259847006,True,False,買入 (動能增強),22.049999237060547,2026-10-07 00:00:00,22.070000076293944,-0.010000038146973367,True,False,1.300351525698247,False,0.0004427144309621769,52.11400373701637,0.0004609636700092963,0.0004751040337776386,-0.41500027322840527,-1.8352405505432379,-4.002454103350727,-0.41500027322840527,False,False,False,False,False,False,0.019094242125911716,False,-0.008988798334357395,中性,2908.TW,特力,11217536000.0,17.741936,1.5470079,2.49,218760,Consumer Cyclical,0.5655460998648985,2,v1,phase6a,2026-07-12,0,2,2,2,2,2,v1,167,0.7360890302066773,167,0.7360890302066773,174,0.724960254372019,^TWII,yfinance,2y,2026-10-07,scan_20261008_175914,False,False
True,1,-0.1833343505859375,-0.21666844685872397,True,False,觀察 (跌勢收斂),81.30000305175781,2026-10-07 00:00:00,81.53500061035156,-0.019999694824221592,False,False,1.2786558891338045,False,0.0016323213529997535,47.6120640846084,0.0017062152584063103,0.001789374604111263,-0.4538118458877971,-2.116821821228876,-5.323831931926182,-0.4538118458877971,False,False,False,False,False,False,0.005954172865986558,False,-0.03444173398565564,中性,9911.TW,櫻花,17892233216.0,12.585139,2.7372816,6.15,234089,Consumer Cyclical,0.6503266151923377,1,v1,phase6a,2026-07-12,0,1,1,1,1,1,v1,428,0.32114467408585057,428,0.32114467408585057,428,0.32114467408585057,^TWII,yfinance,2y,2026-10-07,scan_20261008_175914,False,False
True,0,0.2727877298990885,-0.16214752197265628,True,False,買入 (動能增強),42.150001525878906,2026-10-07 00:00:00,41.84592742919922,-0.13297615051268963,True,True,0.7662482330468724,False,0.0008462773054985357,15.921133876367735,0.0008876599518016458,0.0009900914761414342,-0.48833966375615434,-2.755023556623115,-12.903415106996007,-0.48833966375615434,False,False,False,False,False,False,0.036464972960369484,False,-0.20923519952777558,中性,5258.TW,虹堡,4557961728.0,9.54442,1.0266337,2.39,404872,Industrials,0.7488265166416083,2,v1,phase6a,2026-07-12,0,2,3,2,2,2,v1,217,0.6565977742448331,217,0.6565977742448331,220,0.6518282988871225,^TWII,yfinance,2y,2026-10-07,scan_20261008_175914,False,False
True,0,0.11500000953674316,0.10166676839192708,True,False,買入 (動能增強),6.989999771118164,2026-10-07 00:00:00,6.881000018119812,-0.002000021934509988,True,True,2.3357771657730617,True,0.0001403434865383178,34.19570568000774,0.00014499988023410228,0.0001545482851362242,-0.33689367933457115,-2.395360400990465,-8.076724030658122,-0.33689367933457115,False,False,False,False,False,False,0.07307944891670523,False,-0.21195041022510908,中性,1444.TW,力麗,6890729984.0,nan,0.6871503,0.0,1795817,Consumer Cyclical,0.522177895234846,2,v1,phase6a,2026-07-12,0,2,3,2,2,2,v1,111,0.8251192368839427,111,0.8251192368839427,119,0.8124006359300477,^TWII,yfinance,2y,2026-10-07,scan_20261008_175914,False,False
False,0,-0.3499997456868489,-0.2999992370605468,False,True,強烈賣出 (跌破),73.5999984741211,2026-10-07 00:00:00,74.37999954223633,-0.07499999999998863,True,False,1.1123418217168448,False,0.0014777225655646464,39.85259058295221,0.0015573214243040235,0.001634194415661546,-0.5351488720452102,-2.409985433141626,-6.191701299822238,-0.5351488720452102,False,False,False,False,False,False,0.0,False,-0.04909564569565639,中性,8341.TW,日友,9594000384.0,14.192308,1.7964946,5.43,165512,Industrials,0.673907166524021,0,v1,phase6a,2026-07-12,0,0,0,0,0,0,v1,610,0.03179650238473768,610,0.03179650238473768,610,0.03179650238473768,^TWII,yfinance,2y,2026-10-07,scan_20261008_175914,False,False
True,0,0.09500010808308917,0.14499998092651364,True,False,觀望 (動能減弱),10.050000190734863,2026-10-07 00:00:00,10.101499938964844,0.0,False,False,0.7652209311281698,False,0.00020178141812054236,34.304950380139374,0.00021216490379268203,0.00022742674615325656,-0.5125242629209104,-2.349854543266139,-6.370028726622879,-0.5125242629209104,False,False,False,False,False,False,0.01632575014292106,False,-0.16942149802526374,中性,2390.TW,云辰,1955087232.0,nan,0.8297229,0.0,497349,Industrials,0.5037917869610973,0,v1,phase6a,2026-07-12,0,0,0,0,0,0,v1,472,0.25119236883942764,472,0.25119236883942764,473,0.24960254372019078,^TWII,yfinance,2y,2026-10-07,scan_20261008_175914,False,False
True,0,-0.6833330790201823,-0.3833325703938802,True,False,賣出 (動能轉弱),91.5999984741211,2026-10-07 00:00:00,92.82000007629395,-0.10499992370604616,False,False,1.162095362968459,False,0.0018391221135485537,39.68088788121691,0.0019390831214012587,0.0020278775709435815,-0.5397098159375502,-2.232333088603844,-4.7745955145294445,-0.5397098159375502,False,False,False,False,False,False,0.0,False,-0.04284220067779643,中性,5403.TWO,中菲,6987607040.0,11.403727,2.833421,7.1,48867,Technology,0.682682594893209,0,v1,phase6a,2026-07-12,0,0,0,0,0,0,v1,543,0.1383147853736089,543,0.1383147853736089,544,0.13672496025437203,^TWII,yfinance,2y,2026-10-07,scan_20261008_175914,False,False
True,0,0.19166660308837888,0.18333323796590167,True,False,買入 (動能增強),14.25,2026-10-07 00:00:00,14.09249997138977,0.01500000953674352,False,True,0.3281647386988268,False,0.00028610797548726,43.668852564695314,0.00029504293256149886,0.0003026024198308712,-0.3177616124947935,-1.5723764485817582,-3.131708688270751,-0.3177616124947935,False,False,False,False,False,False,0.05729842405685743,False,0.0,中性,6154.TWO,順發,1141139968.0,12.5,0.8897352,3.62,28171,Technology,0.7645565561766293,2,v1,phase6a,2026-07-12,0,2,4,2,2,2,v1,235,0.6279809220985691,235,0.6279809220985691,237,0.6248012718600954,^TWII,yfinance,2y,2026-10-07,scan_20261008_175914,False,False
True,0,1.3499997456868489,0.9833329518636067,True,False,買入 (動能增強),44.04999923706055,2026-10-07 00:00:00,43.18499984741211,-0.014999961853028765,False,True,1.0646942512027662,False,0.0008844249896091747,62.03649950432589,0.0009130650712944801,0.0009978719640909145,-0.32909200546555883,-1.4839532998203842,-7.629147992921858,-0.32909200546555883,False,False,False,False,False,False,0.015985142077743153,False,-0.20285188179658842,中性,6282.TW,康舒,36986564608.0,37.56522,1.6264448,1.82,8883032,Industrials,0.4350428023681319,2,v1,phase6a,2026-07-12,0,2,3,2,2,2,v1,247,0.6089030206677265,247,0.6089030206677265,249,0.6057233704292527,^TWII,yfinance,2y,2026-10-07,scan_20261008_175914,False,False
True,0,0.3333333333333334,-0.5833333333333336,True,False,買入 (動能增強),105.5,2026-10-07 00:00:00,103.125,-0.04999999999999716,True,True,0.4168263316772381,False,0.0021182029062390127,49.55006795022108,0.002171955162101909,0.0023746336578711054,-0.25983181728868043,-1.9980884822305978,-8.461109131886978,-0.25983181728868043,False,False,False,False,False,False,0.08102044275046205,False,-0.1446919124711935,中性,6417.TWO,韋僑,4375358976.0,15.849923,2.4678113,2.27,90899,Technology,0.49976785604226404,2,v1,phase6a,2026-07-12,0,2,3,2,2,2,v1,251,0.6025437201907791,251,0.6025437201907791,253,0.5993640699523053,^TWII,yfinance,2y,2026-10-07,scan_20261008_175914,False,False
True,0,-0.4666684468587239,-0.5500017801920573,True,False,觀察 (跌勢收斂),78.69999694824219,2026-10-07 00:00:00,78.48499984741211,0.009999847412117902,False,True,1.7457566301943526,True,0.0015801190735238676,46.78058028282954,0.0016385713328290474,0.001700455590421543,-0.3740973345077725,-2.076838214537169,-4.223990706036817,-0.3740973345077725,False,False,False,False,False,False,0.04303379302829978,False,-0.010062931468651781,中性,5609.TWO,中菲行,11132850176.0,10.259403,1.7680719,7.15,142376,Industrials,0.7744752190407853,1,v1,phase6a,2026-07-12,0,1,3,1,1,1,v1,386,0.38791732909379967,386,0.38791732909379967,386,0.38791732909379967,^TWII,yfinance,2y,2026-10-07,scan_20261008_175914,False,False
True,2,-0.0666669209798177,-0.4833335876464844,True,False,觀察 (跌勢收斂),99.5999984741211,2026-10-07 00:00:00,100.325,-0.24500007629394815,True,False,0.8480283423469317,False,0.001999744134874735,57.97832775117446,0.002117403883864463,0.0022954761009222374,-0.5815240868668914,-2.689749458430035,-10.346480932500734,-0.5815240868668914,False,False,False,False,False,False,0.0022787428548892374,False,-0.2961130849885435,中性,7402.TWO,邑錡,3499875072.0,nan,5.592198,0.5,954347,Industrials,0.30929806803966375,1,v1,phase6a,2026-07-12,0,1,1,1,1,1,v1,414,0.34340222575516693,414,0.34340222575516693,414,0.34340222575516693,^TWII,yfinance,2y,2026-10-07,scan_20261008_175914,False,False
True,0,-0.3750001589457194,-0.3833333651224772,True,False,觀察 (跌勢收斂),11.899999618530273,2026-10-07 00:00:00,12.122500038146972,-0.022500038146972656,True,False,0.4800613130940233,False,0.0002389252490636395,21.701639972654494,0.0002524094594360728,0.0002650719861205437,-0.5591919773936027,-2.86484492214093,-5.990080235784734,-0.5591919773936027,False,False,False,False,False,False,0.050259090830837724,False,-0.05555561442433876,中性,8107.TWO,大億金茂,892499968.0,9.444445,0.5628606,0.0,44560,Consumer Cyclical,0.6653569200443908,1,v1,phase6a,2026-07-12,0,1,1,1,1,1,v1,420,0.3338632750397456,420,0.3338632750397456,420,0.3338632750397456,^TWII,yfinance,2y,2026-10-07,scan_20261008_175914,False,False
False,0,3.1499996185302734,2.3999996185302734,False,True,強烈買入 (爆發),58.099998474121094,2026-10-07 00:00:00,52.07749977111816,0.48749999999999716,False,True,1.3270732908640077,False,0.0011665173992451707,124.67832592987874,0.0010820863225305248,0.0010475053280737776,0.828130018576112,1.9956678825957308,13.404875544629258,0.828130018576112,True,True,True,True,False,True,1.0,False,0.0,強勢 (RS強勁),2413.TW,環科,7284934656.0,15.294118,3.2218091,0.86,3711612,Technology,0.41492117343459195,3,v1,phase6a,2026-07-12,3,6,5,6,3,6,v1,48,0.9252782193958664,48,0.9252782193958664,1,1.0,^TWII,yfinance,2y,2026-10-07,scan_20261008_175914,False,False
True,0,0.17847665150960285,0.13680235544840494,True,False,買入 (動能增強),10.510199546813965,2026-10-07 00:00:00,10.24913330078125,0.01500473022460902,False,True,0.0,False,0.0002110211869688464,31.356140803790836,0.0002157419299313783,0.00023231478035119974,-0.22980158805253614,-1.8937543972934345,-6.284072316562761,-0.22980158805253614,False,False,False,False,False,False,0.0929672242158333,False,-0.09484498047764811,中性,6167.TWO,久正,1444249600.0,nan,0.87913966,12.66,263391,Technology,0.7827183672459697,2,v1,phase6a,2026-07-12,0,2,4,2,2,2,v1,236,0.6263910969793323,236,0.6263910969793323,238,0.6232114467408585,^TWII,yfinance,2y,2026-10-07,scan_20261008_175914,False,False
True,0,-0.3833325703938802,-0.3999989827473958,True,False,觀察 (跌勢收斂),50.099998474121094,2026-10-07 00:00:00,50.57500019073486,-0.07000007629394389,False,False,1.243114353503618,False,0.0010058953779189896,31.291177282392155,0.001058157920106461,0.0011195616748548177,-0.5172070172133947,-2.203627620168269,-5.879891582042241,-0.5172070172133947,False,False,False,False,False,False,0.0,False,-0.06529850932159731,中性,9943.TW,好樂迪,6283610112.0,8.270181,1.6974944,6.94,71469,Consumer Cyclical,0.802188123162864,1,v1,phase6a,2026-07-12,0,1,1,1,1,1,v1,435,0.31001589825119236,435,0.31001589825119236,435,0.31001589825119236,^TWII,yfinance,2y,2026-10-07,scan_20261008_175914,False,False
False,0,1.6833327611287434,1.3749993642171223,False,True,強烈買入 (爆發),24.899999618530273,2026-10-07 00:00:00,23.777500057220458,0.059999942779541016,False,True,0.6063573084693703,False,0.0004999360337186837,42.14189041412778,0.0005023293035743611,0.0005156503106010247,-0.05012585614239118,0.3386887131538119,-2.439177677999038,-0.05012585614239118,False,False,False,False,False,True,0.19165101903849538,False,-0.005988008906138154,中性,2901.TW,欣欣,1833386752.0,57.045456,2.1000671,1.5,38953,Consumer Cyclical,0.33784961262274066,3,v1,phase6a,2026-07-12,1,4,5,4,3,4,v1,58,0.9093799682034976,58,0.9093799682034976,38,0.9411764705882353,^TWII,yfinance,2y,2026-10-07,scan_20261008_175914,False,False
True,1,-0.4499998092651367,-0.5666666030883789,True,False,觀察 (跌勢收斂),29.850000381469727,2026-10-07 00:00:00,29.227499961853027,0.09250001907348704,False,True,2.5874557789692214,True,0.0005993209247323679,36.42870769067422,0.0006098154153809376,0.0006313078560386483,-0.18082286516416524,-1.8739583700474571,-4.134152688524029,-0.18082286516416524,False,False,False,False,False,False,0.17275699080953147,False,-0.04326924193775372,中性,5487.TWO,通泰,701255872.0,nan,1.343637,0.0,73458,Technology,0.4348438809345396,1,v1,phase6a,2026-07-12,0,1,3,1,1,1,v1,383,0.39268680445151033,383,0.39268680445151033,383,0.39268680445151033,^TWII,yfinance,2y,2026-10-07,scan_20261008_175914,False,False
True,1,-1.0,-2.083333333333333,True,False,觀察 (跌勢收斂),145.0,2026-10-07 00:00:00,145.75,-0.2750000000000057,False,False,1.1077716093631385,False,0.0029112741365370314,22.946986741010978,0.0030878153959557125,0.0034962694339102196,-0.5982261886202433,-2.711286180529626,-12.274512270097858,-0.5982261886202433,False,False,False,False,False,False,0.0,False,-0.26582278481012656,中性,8069.TWO,元太,166273695744.0,14.090019,2.194386,3.95,7466844,Technology,0.6001599068185147,1,v1,phase6a,2026-07-12,0,1,1,1,1,1,v1,419,0.3354531001589825,419,0.3354531001589825,419,0.3354531001589825,^TWII,yfinance,2y,2026-10-07,scan_20261008_175914,False,False
True,0,-0.4333330790201823,-0.5083332061767578,True,False,觀察 (跌勢收斂),42.79999923706055,2026-10-07 00:00:00,42.89750003814697,0.05749988555908203,False,False,1.3038966589459082,False,0.000859327798776959,41.10361224790254,0.0008934041448428725,0.0009392585911103486,-0.3998906657921242,-1.9359733521175926,-2.7399731974141917,-0.3998906657921242,False,False,False,False,False,False,0.011002948374903187,False,-0.05178840540907825,中性,6470.TWO,宇智,1611422720.0,8.981092,1.42481,5.84,35026,Technology,0.8036264995878261,1,v1,phase6a,2026-07-12,0,1,2,1,1,1,v1,403,0.36089030206677264,403,0.36089030206677264,403,0.36089030206677264,^TWII,yfinance,2y,2026-10-07,scan_20261008_175914,False,False
True,0,-0.1333332061767578,-0.483334223429362,True,False,觀察 (跌勢收斂),64.5,2026-10-07 00:00:00,64.33499889373779,-0.009999847412117902,False,True,1.0851713437812842,False,0.0012950150469423348,38.053725710326276,0.0013441635427800106,0.001394320608146323,-0.38341241768425904,-1.9489378371381205,-4.545905374374426,-0.38341241768425904,False,False,False,False,False,False,0.030437738157027924,False,-0.03007518796992481,中性,2015.TW,豐興,37803962368.0,15.294118,1.7139542,5.09,235873,Basic Materials,0.6568504092157988,1,v1,phase6a,2026-07-12,0,1,2,1,1,1,v1,327,0.48171701112877585,327,0.48171701112877585,327,0.48171701112877585,^TWII,yfinance,2y,2026-10-07,scan_20261008_175914,False,False
True,0,0.2580159505208333,0.3317441940307617,True,False,觀望 (動能減弱),17.950000762939453,2026-10-07 00:00:00,17.848358058929442,0.02702322006225444,False,True,1.203138580279044,False,0.0003603956756687284,39.430053315949515,0.00037265773511935887,0.0003813948209782844,-0.3451660256012623,-1.5592655784016585,-1.201096253365519,-0.3451660256012623,False,False,False,False,False,False,0.03677673650519172,False,-0.013736263160442963,中性,8423.TWO,保綠-KY,742509696.0,16.635513,1.2018094,3.9,15906,Consumer Cyclical,0.6710395264194192,2,v1,phase6a,2026-07-12,0,2,4,2,2,2,v1,293,0.5357710651828299,293,0.5357710651828299,293,0.5357710651828299,^TWII,yfinance,2y,2026-10-07,scan_20261008_175914,False,True
True,0,0.013913472493489565,0.17503643035888672,True,False,觀望 (動能減弱),23.100000381469727,2026-10-07 00:00:00,23.65920810699463,-0.03905162811279084,False,False,2.318403781690612,True,0.0004637960942384026,47.25948084865505,0.0004955744321075447,0.000519556282055614,-0.6704664902090096,-2.5278178800653417,-6.002210510421557,-0.6704664902090096,False,False,False,False,False,False,0.0,False,-0.06184055681699874,中性,5278.TWO,尚凡*,6773682176.0,20.086958,1.8482957,5.72,100276,Communication Services,0.6052550482964448,0,v1,phase6a,2026-07-12,0,0,0,0,0,0,v1,540,0.14308426073131955,540,0.14308426073131955,541,0.14149443561208266,^TWII,yfinance,2y,2026-10-07,scan_20261008_175914,False,False
True,0,-0.05000019073486328,-0.10833358764648438,True,False,觀察 (跌勢收斂),19.200000762939453,2026-10-07 00:00:00,19.66750011444092,-0.06999998092651083,False,False,0.964268832828557,False,0.00038549286650094416,20.389543362815967,0.00041137519894882254,0.00045524017628692786,-0.657922800532551,-2.3931310150762886,-6.858049771358687,-0.657922800532551,False,False,False,False,False,False,0.0,False,-0.12727269259366125,中性,6276.TWO,安鈦克,418816992.0,nan,3.3269129,0.0,29837,Technology,0.2897979156638552,1,v1,phase6a,2026-07-12,0,1,1,1,1,1,v1,398,0.3688394276629571,398,0.3688394276629571,398,0.3688394276629571,^TWII,yfinance,2y,2026-10-07,scan_20261008_175914,False,False
True,0,0.22500006357828772,-0.00833320617675782,True,False,買入 (動能增強),24.850000381469727,2026-10-07 00:00:00,23.885000038146973,0.052500057220459695,False,True,5.2937381883466665,True,0.0004989321614035047,40.2081689893147,0.0004992816938972932,0.000503326439658876,-0.007368622443648665,-1.328809388742802,-2.8420907615274937,-0.007368622443648665,False,False,False,False,False,False,0.31268927884638525,False,0.0,中性,2115.TW,六暉-KY,2598891520.0,15.759493,0.7920603,6.04,72757,Consumer Cyclical,0.7947588142715073,2,v1,phase6a,2026-07-12,0,2,4,2,2,2,v1,138,0.7821939586645469,138,0.7821939586645469,146,0.7694753577106518,^TWII,yfinance,2y,2026-10-07,scan_20261008_175914,False,False
True,0,-0.024999936421712245,-0.15000025431315103,True,False,觀察 (跌勢收斂),20.25,2026-10-07 00:00:00,20.429999923706056,-0.01249999999999929,False,False,1.4783200959492047,False,0.0004065744914818958,33.389666053803225,0.0004258197970272121,0.00044048081543976534,-0.4734936032948167,-2.077632842468291,-3.9481257332246056,-0.4734936032948167,False,False,False,False,False,False,0.044084416084061086,False,-0.040284377540400707,中性,1598.TW,岱宇,3285065472.0,nan,0.7962288,2.47,289171,Consumer Cyclical,0.6500740233775756,1,v1,phase6a,2026-07-12,0,1,1,1,1,1,v1,320,0.492845786963434,320,0.492845786963434,320,0.492845786963434,^TWII,yfinance,2y,2026-10-07,scan_20261008_175914,False,False
True,0,1.75,1.5833333333333333,True,False,買入 (動能增強),183.0,2026-10-07 00:00:00,182.525,0.05000000000001137,False,True,0.61620351242441,False,0.0036742287378363917,41.30129984816038,0.0038291330455848087,0.004006935390692726,-0.42402746769553135,-1.854891101581424,-5.363553443388158,-0.42402746769553135,False,False,False,False,False,False,0.012729936417794574,False,-0.03937007874015752,中性,3611.TWO,鼎翰,8760982528.0,8.991228,1.3768965,5.46,36508,Technology,0.8012950084246574,2,v1,phase6a,2026-07-12,0,2,4,2,2,2,v1,193,0.6947535771065183,193,0.6947535771065183,197,0.6883942766295708,^TWII,yfinance,2y,2026-10-07,scan_20261008_175914,False,False
True,0,-0.4666665395100912,6.357828775949148e-07,True,False,賣出 (動能轉弱),59.099998474121094,2026-10-07 00:00:00,59.46000003814697,0.04999999999999716,False,False,0.35995477382593394,False,0.0011865951519109432,49.11922714372419,0.001236111183313232,0.0012292988689316595,-0.4198916933175867,-1.9311609541325159,-0.9547997793798446,-0.4198916933175867,False,False,True,False,False,False,0.308889760571933,False,-0.08372095388959544,中性,2609.TW,陽明,208478617600.0,13.445946,0.6373507,3.38,41934474,Industrials,0.7713324589448006,1,v1,phase6a,2026-07-12,0,1,2,1,1,1,v1,341,0.4594594594594595,341,0.4594594594594595,341,0.4594594594594595,^TWII,yfinance,2y,2026-10-07,scan_20261008_175914,True,False
True,0,-0.03333282470703126,-0.10833295186360678,True,False,觀察 (跌勢收斂),21.950000762939453,2026-10-07 00:00:00,22.2,-0.03750000000000142,False,False,0.977488468659368,False,0.0004407066863318189,31.930739874203383,0.00046362797028863225,0.00048089251829767243,-0.5177158434087281,-2.3651673262369277,-5.441292999473912,-0.5177158434087281,False,False,False,False,False,False,0.010582978809965818,False,-0.11847385143714895,中性,2613.TW,中櫃,3020071936.0,16.666666,0.9294073,4.56,728346,Industrials,0.7259865159166013,2,v1,phase6a,2026-07-12,0,2,2,2,2,2,v1,160,0.7472178060413355,160,0.7472178060413355,167,0.7360890302066773,^TWII,yfinance,2y,2026-10-07,scan_20261008_175914,True,False
True,1,1.25,0.08333333333333337,True,False,買入 (動能增強),157.0,2026-10-07 00:00:00,154.375,-0.125,True,True,1.001176470448415,False,0.0031522071685263033,51.70085107973049,0.0032575607261365815,0.00357654232801399,-0.3392790975173865,-2.0772880093064106,-8.819971178343721,-0.3392790975173865,False,False,False,False,False,False,0.018778533066320293,False,-0.17801047120418845,中性,3596.TW,智易,34485399552.0,12.188474,2.095636,5.77,1016791,Technology,0.6866102198656199,2,v1,phase6a,2026-07-12,0,2,3,2,2,2,v1,191,0.6979332273449921,191,0.6979332273449921,195,0.6915739268680445,^TWII,yfinance,2y,2026-10-07,scan_20261008_175914,False,False
True,1,-0.8166669209798177,-0.9500001271565753,True,False,觀察 (跌勢收斂),35.29999923706055,2026-10-07 00:00:00,35.847500038146975,-0.08250007629393963,False,False,1.1328425525307209,False,0.0007087446537836642,89.03167900046009,0.0007491187803247717,0.0007729296274901185,-0.5641206121915876,-2.3045056416567844,-7.103310667572282,-0.5641206121915876,False,False,False,False,False,False,0.0,False,-0.1390244088521818,中性,3685.TWO,元創精密,3015854848.0,nan,4.1150923,0.0,990048,Consumer Cyclical,0.27141180739010645,2,v1,phase6a,2026-07-12,0,2,2,2,2,2,v1,197,0.6883942766295708,197,0.6883942766295708,201,0.6820349761526232,^TWII,yfinance,2y,2026-10-07,scan_20261008_175914,True,False
False,0,-0.5583330790201823,-0.49999999999999994,False,True,強烈賣出 (跌破),17.0,2026-10-07 00:00:00,17.16500015258789,-0.007499980926514382,True,False,0.6702677128099989,False,0.00034132179531813476,29.36786343687231,0.0003577001677249718,0.0003803566431322958,-0.4796669694192679,-2.793701200356913,-5.952377160242584,-0.4796669694192679,False,False,False,False,False,False,0.05855570516170887,False,-0.08847183122142621,中性,4558.TWO,寶緯,852499968.0,19.157303,0.9466437,0.0,38903,Basic Materials,0.4858510785970809,0,v1,phase6a,2026-07-12,0,0,0,0,0,0,v1,531,0.1573926868044515,531,0.1573926868044515,532,0.15580286168521462,^TWII,yfinance,2y,2026-10-07,scan_20261008_175914,False,False
True,0,-0.10833326975504556,-0.1166666348775228,True,False,觀察 (跌勢收斂),14.300000190734863,2026-10-07 00:00:00,14.390000057220458,0.0,False,False,1.5021331561683282,True,0.000287111866950076,37.21046493631455,0.000300251073418188,0.00031322149436649504,-0.4585271181093975,-2.2520307510242255,-4.532501627775954,-0.4585271181093975,False,False,False,False,False,False,0.06801184631406397,False,-0.017182130358953218,中性,1457.TW,宜進,3339321856.0,10.592592,0.63358444,7.12,96434,Consumer Cyclical,0.9116087210278675,1,v1,phase6a,2026-07-12,0,1,1,1,1,1,v1,316,0.49920508744038156,316,0.49920508744038156,316,0.49920508744038156,^TWII,yfinance,2y,2026-10-07,scan_20261008_175914,False,False
True,1,0.21666669845581052,0.07500012715657553,True,False,買入 (動能增強),14.399999618530273,2026-10-07 00:00:00,13.897499990463256,0.04499998092651225,False,True,1.113436272410272,False,0.00028911963072807107,33.59846056799906,0.00029009037209348407,0.0003041188195734288,-0.035212240880311274,-0.8215821601639473,-0.8479721132356399,-0.035212240880311274,False,False,False,False,False,False,0.18329422971628082,False,-0.06493506654355596,中性,1309.TW,台達化,5705373696.0,nan,1.0609198,1.07,2694396,Basic Materials,0.5626366786952507,2,v1,phase6a,2026-07-12,0,2,4,2,2,2,v1,102,0.8394276629570747,102,0.8394276629570747,110,0.8267090620031796,^TWII,yfinance,2y,2026-10-07,scan_20261008_175914,False,False
False,0,0.16666698455810547,-0.1749995549519857,False,True,強烈買入 (爆發),29.75,2026-10-07 00:00:00,28.657500171661376,0.03749999999999787,False,True,2.4150698595166395,True,0.0005973131418067358,41.75324772198313,0.0006023927221324615,0.0006264004124904682,-0.08868275894282629,-2.1593557220491055,-7.38728908481211,-0.08868275894282629,False,False,False,False,False,False,0.24839050336946725,False,-0.05254775919030741,中性,2108.TW,南帝,14870993920.0,16.966293,1.008078,3.36,815619,Basic Materials,0.6756399215994419,3,v1,phase6a,2026-07-12,0,3,5,3,3,3,v1,46,0.9284578696343402,46,0.9284578696343402,57,0.9109697933227345,^TWII,yfinance,2y,2026-10-07,scan_20261008_175914,False,False
True,0,0.14500006039937335,0.10500009854634604,True,False,買入 (動能增強),8.210000038146973,2026-10-07 00:00:00,8.103499960899352,0.007999992370605113,False,True,1.0276096065383256,False,0.0001648383501518988,35.83869674979702,0.0001709335306430692,0.0001811420251856403,-0.3739457762401144,-1.7557623650334087,-7.93112978015964,-0.3739457762401144,False,False,False,False,False,False,0.04532238922198714,False,-0.21809523446219303,中性,1467.TW,南緯,1891532544.0,31.538462,0.6665041,0.0,500637,Consumer Cyclical,0.45608582744431986,2,v1,phase6a,2026-07-12,0,2,4,2,2,2,v1,117,0.8155802861685215,117,0.8155802861685215,125,0.8028616852146264,^TWII,yfinance,2y,2026-10-07,scan_20261008_175914,False,False
True,0,0.10833342870076497,0.050000031789143876,True,False,買入 (動能增強),14.0,2026-10-07 00:00:00,13.934999990463258,-0.0025000095367424535,False,True,0.22542386731551173,False,0.00028108853732081683,34.816120591786216,0.00029145830735748324,0.00029953060440504956,-0.373117503072129,-1.7612381683908773,-4.125705086687381,-0.373117503072129,False,False,False,False,False,False,0.021589107746470135,False,-0.01060068004057324,中性,3266.TW,昇陽,4932400128.0,28.571428,0.7948674,3.57,41359,Real Estate,0.6304498361907124,2,v1,phase6a,2026-07-12,0,2,3,2,2,2,v1,184,0.7090620031796503,184,0.7090620031796503,189,0.7011128775834659,^TWII,yfinance,2y,2026-10-07,scan_20261008_175914,False,False
True,0,-0.6000003814697266,-0.7500006357828776,True,False,觀察 (跌勢收斂),36.20000076293945,2026-10-07 00:00:00,36.77000045776367,-0.08749999999999858,False,False,0.43220043577078715,False,0.0007268146618190789,32.99720137255066,0.0007660661885743245,0.000785448227665709,-0.5364516713161294,-2.516894535682901,-5.483371311689,-0.5364516713161294,False,False,False,False,False,False,0.0,False,-0.05359475129570057,中性,2739.TW,寒舍,3299512320.0,8.967662,2.015768,7.11,99492,Consumer Cyclical,0.7647728927683323,1,v1,phase6a,2026-07-12,0,1,1,1,1,1,v1,351,0.4435612082670906,351,0.4435612082670906,351,0.4435612082670906,^TWII,yfinance,2y,2026-10-07,scan_20261008_175914,False,False
True,0,0.47445170084635413,0.5063527425130208,True,False,觀望 (動能減弱),24.0,2026-10-07 00:00:00,24.24105577468872,0.0043327331542961645,False,False,1.7791886899573792,True,0.0004818660639785432,31.607850717128265,0.0005050573124281968,0.0005102937691570465,-0.4810229122422127,-1.4590532355121644,-0.6684621979583638,-0.4810229122422127,False,False,False,False,False,False,0.15912289154205814,False,-0.05325445211655877,中性,6171.TWO,大城地產,2410000128.0,17.591242,1.0162345,8.33,50590,Real Estate,0.7721329418655261,0,v1,phase6a,2026-07-12,0,0,1,0,0,0,v1,556,0.11764705882352941,556,0.11764705882352941,557,0.11605723370429252,^TWII,yfinance,2y,2026-10-07,scan_20261008_175914,False,False
True,0,3.1833343505859375,1.7500012715657551,True,False,買入 (動能增強),83.69999694824219,2026-10-07 00:00:00,85.81000022888183,-0.06500015258789915,False,False,1.5568186388492082,True,0.0016805078368527307,75.33151260459294,0.0017568881467836972,0.001749617836362849,-0.4555444645350404,-0.44321112647546235,9.90411454191047,-0.4555444645350404,False,False,True,False,False,False,0.3850689870380179,False,-0.09021742447562842,中性,7709.TWO,榮田,3190783488.0,21.935484,1.8797945,1.79,138543,Industrials,0.46658925187764694,3,v1,phase6a,2026-07-12,0,3,3,3,3,3,v1,87,0.863275039745628,87,0.863275039745628,91,0.8569157392686805,^TWII,yfinance,2y,2026-10-07,scan_20261008_175914,True,False
True,0,0.9583333333333333,0.5583333969116211,True,False,買入 (動能增強),30.450000762939453,2026-10-07 00:00:00,30.0125,0.09999999999999787,False,True,0.5948936920225864,False,0.0006113675839908863,47.586477177750204,0.0006282776909421291,0.0006616115680335025,-0.28251559370036095,-1.0515796308118053,-1.531015550284831,-0.28251559370036095,False,False,False,False,False,False,0.10219795741999839,False,-0.08832337210085872,中性,2460.TW,建通,5143680000.0,nan,3.1564739,0.0,407106,Technology,0.29541589319194506,2,v1,phase6a,2026-07-12,0,2,4,2,2,2,v1,153,0.7583465818759937,153,0.7583465818759937,160,0.7472178060413355,^TWII,yfinance,2y,2026-10-07,scan_20261008_175914,False,False
False,0,-0.31666628519694007,-0.349999745686849,False,True,強烈賣出 (跌破),51.29999923706055,2026-10-07 00:00:00,51.9399995803833,-0.039999961853027344,True,False,1.1563600429575693,False,0.0010299886964360264,49.75601263768887,0.0010847461086723534,0.001137580422206201,-0.5285543353809596,-2.4007258300688727,-5.3094467162254855,-0.5285543353809596,False,False,False,False,False,False,0.0010147492390195658,False,-0.07583861988102025,中性,1210.TW,大成,42923085824.0,12.666666,1.6811955,5.85,1771431,Consumer Defensive,0.7217507658268337,0,v1,phase6a,2026-07-12,0,0,0,0,0,0,v1,439,0.3036565977742448,439,0.3036565977742448,440,0.302066772655008,^TWII,yfinance,2y,2026-10-07,scan_20261008_175914,False,False
True,0,-0.5083333651224772,-0.5333334604899087,True,False,觀察 (跌勢收斂),13.5,2026-10-07 00:00:00,14.035000038146972,-0.040000009536743875,False,False,1.8375698002259937,True,0.0002710496609879305,26.191495142241642,0.0002926604560909068,0.0003149090861576771,-0.7712948288732924,-3.4085170085845773,-8.396502409461393,-0.7712948288732924,False,False,False,False,False,False,0.0,False,-0.09999999999999998,中性,3713.TWO,新晶投控,1308285056.0,nan,1.8950996,0.0,35844,Technology,0.370492501976419,1,v1,phase6a,2026-07-12,0,1,1,1,1,1,v1,365,0.42130365659777425,365,0.42130365659777425,365,0.42130365659777425,^TWII,yfinance,2y,2026-10-07,scan_20261008_175914,False,False
True,1,-0.4499994913736979,-0.43333307902018225,True,False,賣出 (動能轉弱),61.400001525878906,2026-10-07 00:00:00,62.48500022888184,-0.0899999618530245,False,False,1.8847213608125832,True,0.0012327740443146588,36.716976954380584,0.0012974098311537496,0.00132950182315836,-0.5216758240474517,-2.119598546774104,-1.8431566431047486,-0.5216758240474517,False,False,False,False,False,False,0.18204212623315344,False,-0.04062497615814209,中性,2756.TWO,聯發國際,1481344000.0,15.429293,2.6963813,9.77,23396,Consumer Defensive,0.6398813691281543,0,v1,phase6a,2026-07-12,0,0,0,0,0,0,v1,491,0.22098569157392686,491,0.22098569157392686,492,0.21939586645468998,^TWII,yfinance,2y,2026-10-07,scan_20261008_175914,False,False
True,2,-0.3833325703938802,-0.09999974568684891,True,False,賣出 (動能轉弱),67.9000015258789,2026-10-07 00:00:00,68.19000053405762,0.03500022888184162,False,False,2.039366349139519,True,0.001363279436642181,39.8499297041619,0.0014261148049935632,0.001484629103047246,-0.4616538821714533,-2.2716193556039377,-4.758539693964381,-0.4616538821714533,False,False,False,False,False,False,0.012187368376281345,False,-0.03960389735820058,中性,3310.TWO,佳穎,4289397248.0,26.370659,2.8368502,5.15,15022,Technology,0.4895261230740829,0,v1,phase6a,2026-07-12,0,0,1,0,0,0,v1,507,0.19554848966613672,507,0.19554848966613672,508,0.19395866454689983,^TWII,yfinance,2y,2026-10-07,scan_20261008_175914,False,False
True,0,-0.41666666666666663,-0.8333333333333331,True,False,觀察 (跌勢收斂),133.5,2026-10-07 00:00:00,134.325,-0.17500000000001137,True,False,0.7504088970903114,False,0.0026803799808806463,27.318174683192538,0.0028152222473921884,0.0029581207622442988,-0.5016555337552742,-2.3410317923008184,-6.934559605054047,-0.5016555337552742,False,False,False,False,False,False,0.0,False,-0.08561643835616439,中性,3218.TWO,大學光,11268411392.0,9.84456,2.908884,5.78,205465,Healthcare,0.6747810042924328,1,v1,phase6a,2026-07-12,0,1,1,1,1,1,v1,358,0.43243243243243246,358,0.43243243243243246,358,0.43243243243243246,^TWII,yfinance,2y,2026-10-07,scan_20261008_175914,False,False
True,0,-2.333333333333333,-2.4166666666666665,True,False,觀察 (跌勢收斂),118.0,2026-10-07 00:00:00,118.45,-0.09999999999999432,True,False,0.5500690540090505,False,0.0023691748145611706,49.917563711289645,0.0024811029668380994,0.002629237207906218,-0.4726215346661511,-2.5980685890572897,-7.4182623660762665,-0.4726215346661511,False,False,False,False,False,False,0.04065884629969147,False,-0.09230769230769231,中性,4953.TWO,緯致,8462141952.0,11.806256,2.0329795,4.36,247577,Technology,0.662256476352283,1,v1,phase6a,2026-07-12,0,1,1,1,1,1,v1,373,0.40858505564387915,373,0.40858505564387915,373,0.40858505564387915,^TWII,yfinance,2y,2026-10-07,scan_20261008_175914,False,False
True,1,0.2166665395100911,0.11666663487752277,True,False,買入 (動能增強),13.399999618530273,2026-10-07 00:00:00,13.232499980926514,-0.005000019073486683,False,True,0.9768138211641743,False,0.00026904187806229846,42.24591083684451,0.0002769124441694969,0.00028545455092406704,-0.2982926061122493,-1.5258061495790343,-4.059156096780681,-0.2982926061122493,False,False,False,False,False,False,0.05154615648394297,False,-0.1036789438468263,中性,1468.TW,昶和,2109325568.0,14.943181,1.4472814,0.0,68628,Consumer Cyclical,0.46765610737101476,3,v1,phase6a,2026-07-12,0,3,4,3,3,3,v1,37,0.9427662957074722,37,0.9427662957074722,49,0.9236883942766295,^TWII,yfinance,2y,2026-10-07,scan_20261008_175914,True,False
True,0,0.08999999364217122,0.054999987284342446,True,False,買入 (動能增強),8.779999732971191,2026-10-07 00:00:00,8.714499950408936,-0.0005000114440925074,True,True,0.2762327418272855,False,0.00017628266304414532,25.797958700302395,0.00018321905366901786,0.00019565753581246922,-0.396928272242969,-1.9987253280949746,-6.979994216829599,-0.396928272242969,False,False,False,False,False,False,0.046354145801633995,False,-0.08159002640261193,中性,2538.TW,基泰,3965177088.0,15.101695,0.72286224,5.69,616686,Real Estate,0.8034384021194502,2,v1,phase6a,2026-07-12,0,2,3,2,2,2,v1,156,0.753577106518283,156,0.753577106518283,163,0.7424483306836248,^TWII,yfinance,2y,2026-10-07,scan_20261008_175914,False,False
True,1,-0.08499987920125325,-0.1533333460489909,True,False,觀察 (跌勢收斂),8.5,2026-10-07 00:00:00,8.339500045776367,0.00549998283386266,False,True,2.0262547192684703,True,0.00017066089765906738,30.995022333338426,0.00017440008151794112,0.00018735116607807365,-0.2251787944174799,-1.6852240771124016,-5.379276437275971,-0.2251787944174799,False,False,False,False,False,False,0.06091330507073022,False,-0.08602152412124298,中性,6616.TWO,特昇-KY,309731648.0,nan,0.72653127,0.0,18739,Consumer Cyclical,0.5189433021126124,1,v1,phase6a,2026-07-12,0,1,3,1,1,1,v1,408,0.35294117647058826,408,0.35294117647058826,408,0.35294117647058826,^TWII,yfinance,2y,2026-10-07,scan_20261008_175914,False,False
True,0,-0.7833334604899089,0.016667048136393192,True,False,賣出 (動能轉弱),62.099998474121094,2026-10-07 00:00:00,65.01999912261962,-0.17999992370606321,False,False,0.5467545007532524,False,0.0012468284099082612,45.85287652576104,0.0013487229700146787,0.0013517098909516304,-0.7889774042285969,-2.372255213743546,-1.6868219281011454,-0.7889774042285969,False,False,False,False,False,False,0.054164938267856816,False,-0.0633484824179863,中性,2354.TW,鴻準,87388078080.0,26.271187,0.7705884,2.39,11089146,Technology,0.6056771851593789,0,v1,phase6a,2026-07-12,0,0,0,0,0,0,v1,470,0.2543720190779014,470,0.2543720190779014,471,0.2527821939586645,^TWII,yfinance,2y,2026-10-07,scan_20261008_175914,False,False
True,0,0.4833335876464843,0.35000069936116535,True,False,買入 (動能增強),19.299999237060547,2026-10-07 00:00:00,19.802499961853027,-0.07750005722045827,True,False,0.2542893528030824,False,0.0003875006111313021,19.514314895214433,0.0004122375447949678,0.0004290490028837541,-0.6276826637277244,-1.6876393775494547,-1.6929230177843535,-0.6276826637277244,False,False,False,False,False,False,0.0,False,-0.1247165576032282,中性,2438.TW,翔耀,1374082688.0,nan,3.4556847,0.0,131838,Industrials,0.28503114685214254,3,v1,phase6a,2026-07-12,0,3,3,3,3,3,v1,51,0.9205087440381559,51,0.9205087440381559,61,0.904610492845787,^TWII,yfinance,2y,2026-10-07,scan_20261008_175914,True,False
True,0,1.5499998728434243,1.75,True,False,觀望 (動能減弱),60.20000076293945,2026-10-07 00:00:00,60.175,0.005000114440917969,False,True,0.7603993522348018,False,0.001208680725797622,35.03840004092122,0.0012685317696600393,0.0013698150238088992,-0.4941914287965865,-1.8030813256977862,-6.4071841402331025,-0.4941914287965865,False,False,False,False,False,False,0.0,False,-0.13999998910086497,中性,6823.TWO,濾能,1980721792.0,nan,3.6754293,0.0,85397,Industrials,0.27788099363457364,0,v1,phase6a,2026-07-12,0,0,2,0,0,0,v1,581,0.07790143084260731,581,0.07790143084260731,581,0.07790143084260731,^TWII,yfinance,2y,2026-10-07,scan_20261008_175914,False,False
True,0,0.10833342870076497,0.041666666666666664,True,False,買入 (動能增強),11.949999809265137,2026-10-07 00:00:00,11.955000019073486,0.0025000095367424535,False,False,1.7868994741410118,True,0.00023992914052645554,28.32966906962567,0.00024973895557694906,0.0002560669883559657,-0.411773998185061,-1.92322061969733,-3.6087238080496187,-0.411773998185061,False,False,False,False,False,False,0.13306540568410957,False,-0.11481482894332318,中性,5516.TWO,雙喜,654624320.0,12.828282,1.4072022,0.0,49506,Industrials,0.506921023759004,2,v1,phase6a,2026-07-12,0,2,3,2,2,2,v1,224,0.6454689984101749,224,0.6454689984101749,227,0.6406995230524642,^TWII,yfinance,2y,2026-10-07,scan_20261008_175914,False,False
True,2,0.058333396911621094,0.041666666666666664,True,False,買入 (動能增強),17.700000762939453,2026-10-07 00:00:00,17.569999980926514,-0.004999923706055398,True,True,1.6227744807121662,True,0.0003553762375022852,43.31833560916237,0.00036781505816535536,0.00037546679733287445,-0.35471768220590727,-1.883020083609288,-4.756234815755933,-0.35471768220590727,False,False,False,False,False,False,0.14727856956527546,False,-0.04324320200327281,中性,1742.TWO,台蠟,1631014784.0,nan,1.2819579,0.0,71640,Basic Materials,0.4435262098415876,2,v1,phase6a,2026-07-12,0,2,3,2,2,2,v1,129,0.7965023847376789,129,0.7965023847376789,137,0.7837837837837838,^TWII,yfinance,2y,2026-10-07,scan_20261008_175914,False,False
True,0,0.1916669209798177,0.2166668574015299,True,False,觀望 (動能減弱),31.549999237060547,2026-10-07 00:00:00,31.625,-0.010000038146973367,False,False,0.6088527185273882,False,0.0006334530812870169,37.98680659459426,0.0006614272711045512,0.0006807711280171215,-0.4432233601822877,-1.9902045097399568,-4.149399695224066,-0.4432233601822877,False,False,False,False,False,False,0.016298042526577905,False,-0.01406252384185791,中性,1593.TWO,祺驊,1255216768.0,8.069054,0.91872686,6.34,24822,Consumer Cyclical,0.8938255500975587,0,v1,phase6a,2026-07-12,0,0,0,0,0,0,v1,453,0.28139904610492844,453,0.28139904610492844,454,0.27980922098569155,^TWII,yfinance,2y,2026-10-07,scan_20261008_175914,False,False
True,2,0.01333347956339518,0.005000114440917967,True,False,買入 (動能增強),9.34000015258789,2026-10-07 00:00:00,9.31899995803833,-0.0014999866485609914,True,True,1.0268020971654954,False,0.00018752621296193832,34.42220919141758,0.0001956138994715087,0.0002059638725771823,-0.4333262434553564,-2.216598143390136,-6.653636572334831,-0.4333262434553564,False,False,False,False,False,False,0.01108390700661118,False,-0.044989733373911656,中性,4702.TWO,中美實,677036864.0,4.197309,0.51203495,5.35,68396,Basic Materials,0.9315710634656534,2,v1,phase6a,2026-07-12,0,2,3,2,2,2,v1,213,0.6629570747217806,213,0.6629570747217806,216,0.6581875993640699,^TWII,yfinance,2y,2026-10-07,scan_20261008_175914,False,False
True,0,-0.7833328247070312,-0.4499994913736979,True,False,賣出 (動能轉弱),73.9000015258789,2026-10-07 00:00:00,74.9150001525879,-0.04999999999999716,False,False,0.24547921989146654,False,0.0014837459526368167,34.958370561787895,0.0015643563298285176,0.0016669630983317057,-0.5394886990476966,-2.23657216186135,-5.014467013191448,-0.5394886990476966,False,False,False,False,False,False,0.0010535842478748222,False,-0.09325151501989071,中性,2228.TW,劍麟,5903719936.0,18.686869,1.1925098,6.09,127606,Consumer Cyclical,0.7087181958984808,0,v1,phase6a,2026-07-12,0,0,0,0,0,0,v1,465,0.26232114467408585,465,0.26232114467408585,466,0.26073131955484896,^TWII,yfinance,2y,2026-10-07,scan_20261008_175914,False,False
True,1,-0.024999936421712235,-0.17499987284342447,True,False,觀察 (跌勢收斂),25.649999618530273,2026-10-07 00:00:00,25.367499923706056,-0.010000038146969814,False,True,1.2724901577085967,False,0.0005149943482180132,49.12252609519727,0.0005325261622328279,0.0005857080116336316,-0.3453503237061062,-1.8974451182959817,-6.630973406097129,-0.3453503237061062,False,False,False,False,False,False,0.020976766312524646,False,-0.2815126310821313,中性,6220.TWO,岳豐,3734806784.0,21.98276,1.169671,2.73,261288,Technology,0.5874465630749452,1,v1,phase6a,2026-07-12,0,1,2,1,1,1,v1,396,0.37201907790143085,396,0.37201907790143085,396,0.37201907790143085,^TWII,yfinance,2y,2026-10-07,scan_20261008_175914,False,False
True,0,-0.26666577657063806,-0.5499992370605469,True,False,觀察 (跌勢收斂),54.5,2026-10-07 00:00:00,54.60500011444092,-0.06000003814697408,False,False,0.1637771637157575,False,0.0010942375202846084,40.38211093454619,0.0011416317093810356,0.0011917613489098651,-0.43509266575404437,-1.9882250007673075,-5.35237964955706,-0.43509266575404437,False,False,False,False,False,False,0.0,False,-0.031971567698986125,中性,9937.TW,全國,17059174400.0,21.5625,3.0793262,4.04,38031,Consumer Cyclical,0.4741445400674122,1,v1,phase6a,2026-07-12,0,1,1,1,1,1,v1,433,0.31319554848966613,433,0.31319554848966613,433,0.31319554848966613,^TWII,yfinance,2y,2026-10-07,scan_20261008_175914,False,False
True,1,-0.028333346048990883,-0.043333371480305985,True,False,觀察 (跌勢收斂),5.889999866485596,2026-10-07 00:00:00,5.9109999418258665,-0.004500007629395064,True,False,0.4072333727783458,False,0.00011825796052073161,22.008041348181944,0.00012376868821721703,0.00013179399849942393,-0.46649164588360437,-2.1428205071027384,-6.108323821656214,-0.46649164588360437,False,False,False,False,False,False,0.00118965794041344,False,-0.05910548703962748,中性,8429.TW,金麗-KY,1095908224.0,73.75,0.16390254,0.0,151170,Consumer Cyclical,0.4130821912214519,1,v1,phase6a,2026-07-12,0,1,1,1,1,1,v1,421,0.3322734499205087,421,0.3322734499205087,421,0.3322734499205087,^TWII,yfinance,2y,2026-10-07,scan_20261008_175914,False,False
True,0,-0.24999999999999997,-0.2999998728434245,True,False,觀察 (跌勢收斂),50.900001525878906,2026-10-07 00:00:00,51.07500019073486,-0.034999847412109375,False,False,0.38296908689605896,False,0.0010219576413240462,30.75441721551541,0.0010678146065060195,0.0011200570877620874,-0.4500150578617079,-2.148791937810557,-5.167747866148165,-0.4500150578617079,False,False,False,False,False,False,0.00838039444820623,False,-0.024904199579696362,中性,6281.TW,全國電,5057817600.0,13.783784,1.8146237,6.48,41398,Consumer Cyclical,0.7007578242284801,1,v1,phase6a,2026-07-12,0,1,1,1,1,1,v1,399,0.3672496025437202,399,0.3672496025437202,399,0.3672496025437202,^TWII,yfinance,2y,2026-10-07,scan_20261008_175914,False,False
False,0,0.5250005722045898,0.19166723887125653,False,True,強烈買入 (爆發),18.399999618530273,2026-10-07 00:00:00,16.53750009536743,0.0800000190734842,False,True,10.69633580622609,True,0.0003694306413911616,26.476515826750028,0.0003499544963673766,0.0003713765446155941,0.5892770172488015,-0.8583164668165555,-6.373085688845126,0.5892770172488015,True,False,False,False,False,True,0.26477772964570234,False,-0.06122452752980356,中性,4171.TWO,瑞基,1128620800.0,nan,1.9708103,0.0,187576,Healthcare,0.36385307398867645,3,v1,phase6a,2026-07-12,0,3,5,3,3,3,v1,68,0.8934817170111288,68,0.8934817170111288,75,0.8823529411764706,^TWII,yfinance,2y,2026-10-07,scan_20261008_175914,False,False
True,0,-0.3666674296061198,-0.4500007629394531,True,False,觀察 (跌勢收斂),63.0,2026-10-07 00:00:00,62.685000038146974,0.0,False,True,3.994581263677099,True,0.0012648984179436757,43.9339718808952,0.0013082762251172405,0.0013576738813644645,-0.347801478560672,-2.0727082068974667,-4.006625542178743,-0.347801478560672,False,False,False,False,False,False,0.08788778036702907,False,-0.012539173144626603,中性,2643.TWO,捷迅,2201500160.0,8.797203,1.125566,7.14,28978,Industrials,0.8755752236822527,1,v1,phase6a,2026-07-12,0,1,2,1,1,1,v1,346,0.45151033386327505,346,0.45151033386327505,346,0.45151033386327505,^TWII,yfinance,2y,2026-10-07,scan_20261008_175914,False,False
True,1,-0.8999999364217122,-0.49166679382324213,True,False,賣出 (動能轉弱),30.700000762939453,2026-10-07 00:00:00,31.27750015258789,0.010000038146973367,False,False,1.2384270726686262,False,0.0006163870221573294,44.95925075541905,0.000653110603715421,0.0007008629998730909,-0.5883987739317753,-2.8470643360299697,-5.5610977936978445,-0.5883987739317753,False,False,False,False,False,False,0.009010169437645968,False,-0.13031157432127294,中性,4131.TWO,浩泰,1242134400.0,nan,4.338757,0.0,16010,Healthcare,0.2671557638082202,0,v1,phase6a,2026-07-12,0,0,1,0,0,0,v1,522,0.17170111287758347,522,0.17170111287758347,523,0.17011128775834658,^TWII,yfinance,2y,2026-10-07,scan_20261008_175914,False,False
True,0,0.429999828338623,0.28499992688496906,True,False,買入 (動能增強),8.899999618530273,2026-10-07 00:00:00,8.217500042915344,0.039999961853027344,False,True,1.028175927983725,False,0.0001786919910663216,5.140552786257276,0.00017398828751228807,0.00020586332594386628,0.2853868634079104,-0.015115084374595078,-3.4194120013820717,0.2853868634079104,True,False,False,False,False,True,0.2534717330136223,False,-0.07388138017816148,中性,2424.TW,隴華,583337152.0,nan,2.3144207,0.0,37975,Technology,0.33882753772718516,2,v1,phase6a,2026-07-12,0,2,4,2,2,2,v1,150,0.7631160572337043,150,0.7631160572337043,157,0.7519872813990461,^TWII,yfinance,2y,2026-10-07,scan_20261008_175914,False,False
False,0,1.0500017801920571,0.7833340962727864,False,True,強烈買入 (爆發),80.80000305175781,2026-10-07 00:00:00,79.03499946594238,0.13500022888183594,False,True,1.2666418845428387,False,0.0016222824766668673,29.797457080090375,0.0016686173036474276,0.0018190839070062646,-0.29144701461949474,-1.5069066636540618,-7.620937468746403,-0.29144701461949474,False,False,False,False,False,False,0.018974457499418843,False,-0.112087878552112,中性,8279.TWO,生展,2192471040.0,9.723558,0.9364835,6.22,31917,Healthcare,0.8690577737124698,3,v1,phase6a,2026-07-12,0,3,5,3,3,3,v1,92,0.8553259141494436,92,0.8553259141494436,96,0.848966613672496,^TWII,yfinance,2y,2026-10-07,scan_20261008_175914,False,False
True,1,2.7755575615628914e-17,0.0,True,False,買入 (動能增強),113.0,2026-10-07 00:00:00,113.85,-0.05000000000001137,False,False,0.5281509153515551,False,0.0022687860512323075,49.31498945437524,0.002381891324172725,0.002480284450593048,-0.49736120047467747,-2.1642171433918778,-5.127069622631508,-0.49736120047467747,False,False,False,False,False,False,0.0,False,-0.04641350210970463,中性,9942.TW,茂順,9397229568.0,12.431243,2.2507718,6.19,96899,Consumer Cyclical,0.6820156534867481,4,v1,phase6a,2026-07-12,0,4,4,4,4,4,v1,32,0.9507154213036566,32,0.9507154213036566,35,0.9459459459459459,^TWII,yfinance,2y,2026-10-07,scan_20261008_175914,False,True
True,0,-0.02333339055379232,-0.11166683832804361,True,False,觀察 (跌勢收斂),9.300000190734863,2026-10-07 00:00:00,9.25750002861023,0.0005000114440907311,False,True,0.8593757944942186,False,0.0001867231036212129,42.8636433622312,0.00019341023199034868,0.0002035660543131469,-0.36262595219153093,-2.011393751741297,-4.939805662592489,-0.36262595219153093,False,False,False,False,False,False,0.053139630623793274,False,-0.1545454372059215,中性,1413.TW,宏洲,1216755200.0,30.699999,1.0532936,0.0,55017,Consumer Cyclical,0.4105364832929376,1,v1,phase6a,2026-07-12,0,1,3,1,1,1,v1,310,0.5087440381558028,310,0.5087440381558028,310,0.5087440381558028,^TWII,yfinance,2y,2026-10-07,scan_20261008_175914,False,False
True,0,0.6666673024495442,0.9166666666666666,True,False,觀望 (動能減弱),58.900001525878906,2026-10-07 00:00:00,59.54999961853027,0.04000015258788636,False,False,0.4898277126099707,False,0.0011825796626502272,37.6098621755879,0.001242862067871064,0.0012758830051831961,-0.5079633216482415,-1.6792303496449446,-1.8544362406738402,-0.5079633216482415,False,False,False,False,False,False,0.0,False,-0.030319667119343308,中性,8099.TWO,大世科,5874273280.0,17.95107,3.5946112,3.57,190298,Technology,0.471687533255428,2,v1,phase6a,2026-07-12,0,2,3,2,2,2,v1,290,0.5405405405405406,290,0.5405405405405406,290,0.5405405405405406,^TWII,yfinance,2y,2026-10-07,scan_20261008_175914,False,True
True,0,0.7416667938232422,0.7250000635782877,True,False,買入 (動能增強),22.299999237060547,2026-10-07 00:00:00,21.954999923706055,0.014999961853028765,False,True,0.5739756872902808,False,0.00044773386912862006,34.623436232703924,0.0004623424491101931,0.0004970591463933615,-0.3314962095551488,-1.468373462724748,-4.929458915819252,-0.3314962095551488,False,False,False,False,False,False,0.02573064293422285,False,-0.138085115888247,中性,3390.TWO,旭軟,1761126016.0,nan,1.2284877,0.9,206104,Technology,0.5321617746645241,2,v1,phase6a,2026-07-12,0,2,4,2,2,2,v1,187,0.7042925278219396,187,0.7042925278219396,191,0.6979332273449921,^TWII,yfinance,2y,2026-10-07,scan_20261008_175914,False,False
True,1,-0.7166659037272136,-1.4666659037272136,True,False,觀察 (跌勢收斂),99.69999694824219,2026-10-07 00:00:00,98.10999984741211,-0.010000228881835938,True,True,0.08057595694020861,False,0.002001751879505093,19.138974971552624,0.00204894681076763,0.0021664239524575818,-0.24187409075492328,-1.8506394786938496,-4.277893070853622,-0.24187409075492328,False,False,False,False,False,False,0.4389867911615651,False,-0.07255816792332848,中性,7842.TWO,天能綠電,1681512448.0,18.810915,2.0802345,3.21,48918,Utilities,0.524645085469814,1,v1,phase6a,2026-07-12,0,1,2,1,1,1,v1,418,0.3370429252782194,418,0.3370429252782194,418,0.3370429252782194,^TWII,yfinance,2y,2026-10-07,scan_20261008_175914,False,False
True,0,-0.03269847234090169,-0.07309516270955403,True,False,觀察 (跌勢收斂),10.399999618530273,2026-10-07 00:00:00,10.391738080978394,-0.004809522628784535,True,True,0.9343401279433328,False,0.00020880862006498056,31.749187630892315,0.00021867844829011215,0.00023294358229732293,-0.47284802791350833,-2.722223530384471,-9.232629231369271,-0.47284802791350833,False,False,False,False,False,False,0.04701677499651708,False,-0.13805358739324358,中性,1517.TW,利奇,2288000000.0,nan,0.6826834,1.92,825655,Industrials,0.6446255145475092,1,v1,phase6a,2026-07-12,0,1,2,1,1,1,v1,318,0.4960254372019078,318,0.4960254372019078,318,0.4960254372019078,^TWII,yfinance,2y,2026-10-07,scan_20261008_175914,False,False
True,0,2.8333333333333335,1.2499999999999998,True,False,買入 (動能增強),118.0,2026-10-07 00:00:00,119.9,-0.32499999999998863,False,False,0.8981393102483998,False,0.0023691748145611706,205.64429466370834,0.0025169479646290076,0.0027211204800958694,-0.6142171687516518,-1.985015495544129,-7.248624163978534,-0.6142171687516518,False,False,False,False,False,False,0.07361813747962025,False,-0.20538720538720534,中性,2337.TW,旺宏,223778619392.0,27.951807,3.7073731,0.0,51850837,Technology,0.22198495459246714,2,v1,phase6a,2026-07-12,0,2,2,2,2,2,v1,144,0.7726550079491256,144,0.7726550079491256,151,0.7615262321144675,^TWII,yfinance,2y,2026-10-07,scan_20261008_175914,False,False
True,0,-0.8166675567626953,-0.9500001271565754,True,False,觀察 (跌勢收斂),63.099998474121094,2026-10-07 00:00:00,63.30999927520752,-0.015000152587894888,False,False,0.9631165746216549,False,0.0012669061625740338,43.43949080960519,0.001319319641779384,0.0013560545947133838,-0.416444359689927,-2.138921543314787,-4.191414930831994,-0.416444359689927,False,False,False,False,False,False,0.021204872179297098,False,-0.026234637308255593,中性,2206.TW,三陽工業,48262008832.0,10.871795,1.8909438,4.85,919972,Consumer Cyclical,0.7040566890831501,1,v1,phase6a,2026-07-12,0,1,1,1,1,1,v1,329,0.4785373608903021,329,0.4785373608903021,329,0.4785373608903021,^TWII,yfinance,2y,2026-10-07,scan_20261008_175914,False,False
True,0,6.333333333333334,7.916666666666667,True,False,觀望 (動能減弱),179.0,2026-10-07 00:00:00,180.175,0.6750000000000114,False,False,1.0163950848891596,False,0.003593917727173301,32.94110063099709,0.003746486113206713,0.0037259009801616787,-0.4268341264327069,-0.4783993824458155,3.833983143767661,-0.4268341264327069,False,False,True,False,False,False,0.2638634067896882,False,-0.037634408602150504,中性,4961.TW,天鈺,21316034560.0,20.227272,1.2341399,4.31,784092,Technology,0.6423865768541406,2,v1,phase6a,2026-07-12,0,2,3,2,2,2,v1,214,0.6613672496025437,214,0.6613672496025437,217,0.6565977742448331,^TWII,yfinance,2y,2026-10-07,scan_20261008_175914,False,True
True,0,0.3999999364217122,0.40833330154418945,True,False,觀望 (動能減弱),11.949999809265137,2026-10-07 00:00:00,11.877500057220459,-0.0025000095367424535,False,True,0.5475816277911274,False,0.00023992914052645554,41.584697586392565,0.0002513463063187167,0.0002688332113658116,-0.47587246250341275,-1.465108676523652,-7.426363619641096,-0.47587246250341275,False,False,False,False,False,False,0.0,False,-0.32963785254848166,中性,5488.TWO,松普,1089874944.0,nan,1.0741041,0.49,1203886,Industrials,0.5343638370118261,0,v1,phase6a,2026-07-12,0,0,1,0,0,0,v1,545,0.13513513513513514,545,0.13513513513513514,546,0.13354531001589826,^TWII,yfinance,2y,2026-10-07,scan_20261008_175914,False,False
True,0,-2.5666669209798174,-2.25,True,False,賣出 (動能轉弱),78.0999984741211,2026-10-07 00:00:00,80.89500007629394,-0.35499992370606037,True,False,0.4050430633942148,False,0.0015680724525606233,68.84718204495152,0.0017283854246784682,0.0020131753056242736,-0.966907229286651,-4.654892372082397,-19.11075890819407,-0.966907229286651,False,False,False,False,False,False,0.0,False,-0.3118942865716203,中性,6919.TW,康霈*,120620220416.0,nan,13.093428,0.0,6903661,Healthcare,0.22238218532677656,0,v1,phase6a,2026-07-12,0,0,0,0,0,0,v1,590,0.06359300476947535,590,0.06359300476947535,590,0.06359300476947535,^TWII,yfinance,2y,2026-10-07,scan_20261008_175914,False,False
True,0,0.6250001589457195,0.6333335240681967,True,False,觀望 (動能減弱),14.399999618530273,2026-10-07 00:00:00,14.367500019073486,0.039999961853027344,False,True,0.3335788328346719,False,0.00028911963072807107,36.31887170971204,0.0003011438325881704,0.00030780861782061494,-0.4185401912688902,-0.5846320841105701,-0.9354666159609448,-0.4185401912688902,False,False,False,False,False,False,0.028138942297040993,False,-0.04635766524870244,中性,1456.TW,怡華,1401113984.0,5.1730103,0.7629887,0.0,117521,Real Estate,0.6731013797094149,2,v1,phase6a,2026-07-12,0,2,4,2,2,2,v1,115,0.8187599364069952,115,0.8187599364069952,123,0.8060413354531002,^TWII,yfinance,2y,2026-10-07,scan_20261008_175914,False,True
True,1,-0.11333290735880533,-0.09999974568684894,True,False,賣出 (動能轉弱),9.720000267028809,2026-10-07 00:00:00,9.800500011444091,-0.003999996185303445,False,False,1.726638323529714,True,0.00019515576127264835,27.072045137413568,0.00020483152972251498,0.00021634991127479378,-0.49477861813044255,-2.237791872810202,-5.259959889059729,-0.49477861813044255,False,False,False,False,False,False,0.0,False,-0.047058779530595896,中性,8176.TWO,智捷,553186240.0,31.12903,1.1344934,0.0,85609,Technology,0.3986895055457769,0,v1,phase6a,2026-07-12,0,0,0,0,0,0,v1,609,0.033386327503974564,609,0.033386327503974564,609,0.033386327503974564,^TWII,yfinance,2y,2026-10-07,scan_20261008_175914,False,False
True,1,-0.3333333333333333,-0.16666666666666666,True,False,賣出 (動能轉弱),127.0,2026-10-07 00:00:00,127.9,-0.04999999999999716,False,False,2.3231291614717353,True,0.0025498745885531244,46.138640357372665,0.0026775284110790282,0.002805425332862816,-0.4993465616578874,-2.093733448741364,-5.365809353514517,-0.4993465616578874,False,False,False,False,False,False,0.0,False,-0.03053435114503822,中性,1788.TWO,杏昌,5676427264.0,14.488636,1.9226708,5.51,18664,Healthcare,0.6585081168672793,0,v1,phase6a,2026-07-12,0,0,0,0,0,0,v1,459,0.2718600953895072,459,0.2718600953895072,460,0.2702702702702703,^TWII,yfinance,2y,2026-10-07,scan_20261008_175914,False,False
True,0,-0.11666631698608396,-0.12499968210856119,True,False,觀察 (跌勢收斂),13.300000190734863,2026-10-07 00:00:00,13.357499980926514,-0.01249999999999929,False,False,0.43457497386645605,False,0.0002670341142843034,36.66221892293491,0.0002793382522623981,0.00029489124330678713,-0.46151751888369175,-2.3146411838558256,-5.768972522792149,-0.46151751888369175,False,False,False,False,False,False,0.01872157919346883,False,-0.04316542764472764,中性,1109.TW,信大,4486239744.0,19.05797,0.54417545,6.77,123456,Basic Materials,0.7954739026585803,1,v1,phase6a,2026-07-12,0,1,1,1,1,1,v1,304,0.5182829888712241,304,0.5182829888712241,304,0.5182829888712241,^TWII,yfinance,2y,2026-10-07,scan_20261008_175914,False,False
True,0,1.558333079020182,1.4666665395100908,True,False,買入 (動能增強),43.150001525878906,2026-10-07 00:00:00,41.54500026702881,0.08250007629394673,False,True,0.36903194617300034,False,0.0008663550581643083,60.2753619695316,0.0008686833850994279,0.0008249950772851492,-0.028205664063118974,-0.22963309853410996,1.2092994982042304,-0.028205664063118974,False,True,True,False,False,True,0.7048078113671619,False,0.0,中性,4139.TWO,馬光-KY,2025446016.0,nan,4.9336696,0.0,57646,Healthcare,0.2562602922385913,2,v1,phase6a,2026-07-12,0,2,4,2,2,2,v1,204,0.6772655007949125,204,0.6772655007949125,207,0.6724960254372019,^TWII,yfinance,2y,2026-10-07,scan_20261008_175914,False,False
True,1,-0.33333460489908856,-0.31666692097981775,True,False,賣出 (動能轉弱),90.0,2026-10-07 00:00:00,90.25500030517578,-0.179999923706049,True,False,0.4622285915749533,False,0.0018069977399195367,45.23726802220928,0.001884660901634078,0.001924787481576027,-0.431895303035601,-2.252943490820414,-4.666695489768157,-0.431895303035601,False,False,False,False,False,False,0.07969877292948956,False,-0.05660378867409199,中性,4938.TW,和碩,240011067392.0,15.28109,1.1599787,4.45,10792426,Technology,0.7099063449218503,1,v1,phase6a,2026-07-12,0,1,1,1,1,1,v1,372,0.41017488076311603,372,0.41017488076311603,372,0.41017488076311603,^TWII,yfinance,2y,2026-10-07,scan_20261008_175914,True,False
True,0,1.3083337148030598,1.050000508626302,True,False,買入 (動能增強),51.5,2026-10-07 00:00:00,50.10250034332275,0.07999992370605469,False,True,1.4995551453385687,False,0.0010340042622872905,44.136133621327104,0.0010519833999882635,0.0010857410879328273,-0.17957908871077954,-0.9936287913352215,-3.5121781204715874,-0.17957908871077954,False,False,False,False,False,False,0.05858884734573435,False,-0.053308850083383374,中性,8070.TW,長華*,35418652672.0,29.881657,1.3343197,5.26,3001796,Technology,0.6035984380673729,2,v1,phase6a,2026-07-12,0,2,4,2,2,2,v1,288,0.5437201907790143,288,0.5437201907790143,288,0.5437201907790143,^TWII,yfinance,2y,2026-10-07,scan_20261008_175914,False,False
True,2,0.2416674296061198,0.0833339691162109,True,False,買入 (動能增強),39.70000076293945,2026-10-07 00:00:00,40.354999732971194,-0.16499996185302734,False,False,0.5495371083195661,False,0.0007970867961492831,119.75575203551638,0.0008481843068883704,0.0008233404612531514,-0.6301450964865118,-2.34850954072785,-8.080829436622238,-0.6301450964865118,False,False,True,False,False,False,0.38659606520166656,False,-0.29609929629659193,中性,2491.TW,吉祥全,3186010624.0,1.214442,0.7811557,0.0,1200112,Consumer Cyclical,0.6770527917481015,3,v1,phase6a,2026-07-12,0,3,3,3,3,3,v1,56,0.9125596184419714,56,0.9125596184419714,64,0.8998410174880763,^TWII,yfinance,2y,2026-10-07,scan_20261008_175914,True,False
True,1,-0.03333314259847005,-0.04166650772094726,True,False,觀察 (跌勢收斂),12.100000381469727,2026-10-07 00:00:00,12.140000057220458,-0.005000019073486683,False,False,0.8580603397418931,False,0.00024294081491490365,39.04658323085791,0.00025371388991265586,0.0002647463358093421,-0.44497439620174717,-2.0520751877703636,-4.723538429901286,-0.44497439620174717,False,False,False,False,False,False,0.008261123094748956,False,-0.03510610450945495,中性,2706.TW,第一店,6099975680.0,18.208954,0.59364504,2.89,112939,Real Estate,0.6944805076823922,1,v1,phase6a,2026-07-12,0,1,1,1,1,1,v1,349,0.4467408585055644,349,0.4467408585055644,349,0.4467408585055644,^TWII,yfinance,2y,2026-10-07,scan_20261008_175914,False,False
False,0,0.7833334604899087,0.5833333333333333,False,True,強烈買入 (爆發),57.400001525878906,2026-10-07 00:00:00,56.40499992370606,0.05000000000000426,False,True,1.4591165521264668,False,0.0011524630336515683,48.66184703883611,0.001179375554915721,0.0012075305753455458,-0.23962753528303793,-1.4220105488313983,-2.7191051763097107,-0.23962753528303793,False,False,False,False,False,False,0.0624675023600795,False,0.0,中性,3705.TW,永信,15742170112.0,17.589285,2.0201676,5.23,190004,Healthcare,0.6017793602713223,3,v1,phase6a,2026-07-12,0,3,5,3,3,3,v1,65,0.8982511923688394,65,0.8982511923688394,72,0.8871224165341812,^TWII,yfinance,2y,2026-10-07,scan_20261008_175914,False,False
True,0,1.0833333333333328,1.4166666666666663,True,False,觀望 (動能減弱),109.0,2026-10-07 00:00:00,111.05,-0.45000000000000284,False,False,0.4991735033286752,False,0.002188475040569217,126.8832410650597,0.0022978771399319487,0.002282595704928092,-0.4986595919055148,-1.4847820149194724,0.9020150835412188,-0.4986595919055148,False,False,True,False,False,False,0.6207501198651968,False,-0.08016877637130804,中性,6588.TWO,東典光電,3730338560.0,565.7895,4.772687,0.0,2335866,Technology,0.09571770936781403,0,v1,phase6a,2026-07-12,0,0,0,0,0,0,v1,568,0.0985691573926868,568,0.0985691573926868,568,0.0985691573926868,^TWII,yfinance,2y,2026-10-07,scan_20261008_175914,False,False
True,0,0.09999990463256836,0.050000031789143876,True,False,買入 (動能增強),13.149999618530273,2026-10-07 00:00:00,13.11749997138977,-0.0025000095367424535,True,True,1.0772876461454604,False,0.0002640224398958553,36.144064539245534,0.00027463310608337937,0.000285888909429193,-0.405045206196597,-1.9047471403512595,-4.894375752123148,-0.405045206196597,False,False,False,False,False,False,0.0224904049073272,False,-0.02230484721109105,中性,1103.TW,嘉泥,9223173120.0,9.195805,0.49306336,3.97,376249,Basic Materials,0.864293615898272,4,v1,phase6a,2026-07-12,0,4,5,4,4,4,v1,6,0.9920508744038156,6,0.9920508744038156,10,0.985691573926868,^TWII,yfinance,2y,2026-10-07,scan_20261008_175914,False,True
True,2,-0.058333555857340486,-0.0666669209798177,True,False,觀察 (跌勢收斂),10.25,2026-10-07 00:00:00,10.252499961853028,-0.007499980926512606,False,False,1.7499528858838416,True,0.00020579696482416948,32.88590591186188,0.00021433198648310926,0.0002256844498544729,-0.4174239752131714,-2.094778757060589,-5.1609562834562865,-0.4174239752131714,False,False,False,False,False,False,0.02111264438263818,False,-0.04205605769034515,中性,9950.TWO,萬國通,1719089024.0,nan,1.2137359,0.0,41012,Consumer Cyclical,0.4532299892082883,1,v1,phase6a,2026-07-12,0,1,1,1,1,1,v1,438,0.3052464228934817,438,0.3052464228934817,438,0.3052464228934817,^TWII,yfinance,2y,2026-10-07,scan_20261008_175914,False,False
True,0,125.83333333333333,22.5,True,False,買入 (動能增強),3140.0,2026-10-07 00:00:00,2812.5,3.5,False,True,1.6054352195444763,True,0.06304414337052607,455.95362788467577,0.059706878517646285,0.057032317921060505,0.591841563796569,0.04992896796409685,-7.409753860597901,0.591841563796569,True,True,True,False,False,True,0.6844324047199302,False,-0.11048158640226624,偏強 (RS上升),3081.TWO,聯亞,301236256768.0,308.3333,63.835754,0.1,3183276,Technology,0.0991271707415855,2,v1,phase6a,2026-07-12,2,4,4,4,2,4,v1,176,0.7217806041335453,176,0.7217806041335453,43,0.9332273449920508,^TWII,yfinance,2y,2026-10-07,scan_20261008_175914,False,False
False,0,0.43333307902018225,0.23333295186360675,False,True,強烈買入 (爆發),21.700000762939453,2026-10-07 00:00:00,20.475,0.06000003814697408,False,True,7.893962983317441,True,0.00043568724816537576,33.67139132859521,0.0004307905390064006,0.0004529681306168111,0.11979384217979394,-1.5044648789858117,-5.086989507694861,0.11979384217979394,True,False,False,False,False,True,0.2211122596819896,False,-0.04405286195552127,中性,4133.TW,亞諾法,1371548032.0,30.608107,1.0772377,0.52,254512,Healthcare,0.47046173983580597,3,v1,phase6a,2026-07-12,0,3,5,3,3,3,v1,66,0.8966613672496025,66,0.8966613672496025,73,0.8855325914149443,^TWII,yfinance,2y,2026-10-07,scan_20261008_175914,False,False
True,0,-1.6666666666666665,-2.8333333333333335,True,False,觀察 (跌勢收斂),274.0,2026-10-07 00:00:00,273.075,-0.10000000000002274,True,True,0.4661896150359981,False,0.005501304230421701,50.59957442474803,0.005691019155858685,0.005847413630963478,-0.34967659075696433,-2.1296145378790765,-4.0873962808011814,-0.34967659075696433,False,False,False,False,False,False,0.06569734610004228,False,-0.04695652173913045,中性,6670.TW,復盛應用,38888968192.0,11.688312,2.504286,5.93,245939,Consumer Cyclical,0.673520397313672,1,v1,phase6a,2026-07-12,0,1,2,1,1,1,v1,411,0.3481717011128776,411,0.3481717011128776,411,0.3481717011128776,^TWII,yfinance,2y,2026-10-07,scan_20261008_175914,False,False
True,1,0.07666683197021484,0.03333346048990886,True,False,買入 (動能增強),9.789999961853027,2026-10-07 00:00:00,9.684499979019165,0.003000020980834961,False,True,0.2660996157376943,False,0.00019656119783200858,26.221367704096103,0.00020270400588545703,0.00021402169718576388,-0.31797856468861463,-1.7082568643354445,-4.345397374390936,-0.31797856468861463,False,False,False,False,False,False,0.04641378531771647,False,-0.05865381529345204,中性,1626.TW,艾美特-KY,1459263616.0,nan,0.5389553,0.0,58259,Consumer Cyclical,0.5359674764401575,2,v1,phase6a,2026-07-12,0,2,4,2,2,2,v1,127,0.7996820349761526,127,0.7996820349761526,135,0.7869634340222575,^TWII,yfinance,2y,2026-10-07,scan_20261008_175914,False,False
True,0,-0.20000076293945312,0.0833320617675781,True,False,賣出 (動能轉弱),39.45000076293945,2026-10-07 00:00:00,40.27250022888184,-0.012499999999995737,True,False,0.37999645582835156,False,0.0007920673579828399,49.41865707677171,0.000846910215880448,0.0009083410858124596,-0.6770313711308762,-2.827209080842541,-7.963347021350953,-0.6770313711308762,False,False,False,False,False,False,0.0,False,-0.21726191332190636,中性,3704.TW,合勤控,15817392128.0,11.671641,1.316321,1.01,3169571,Technology,0.6248369188574833,0,v1,phase6a,2026-07-12,0,0,0,0,0,0,v1,515,0.18282988871224165,515,0.18282988871224165,516,0.18124006359300476,^TWII,yfinance,2y,2026-10-07,scan_20261008_175914,False,False
False,0,1.4833329518636065,0.9333324432373047,False,True,強烈買入 (爆發),64.9000015258789,2026-10-07 00:00:00,62.845000648498534,0.05500011444091513,False,True,2.841966672981101,True,0.001303046178644863,33.44864314524453,0.0013262667331732252,0.0014555403662909244,-0.18395790310403726,-1.557362499959014,-7.190085395217494,-0.18395790310403726,False,False,False,False,False,False,0.07231881382848142,False,-0.09861108991834855,中性,6768.TW,志強-KY,12766061568.0,12.99389,0.8679091,8.09,405518,Consumer Cyclical,0.8521938587902,3,v1,phase6a,2026-07-12,0,3,5,3,3,3,v1,84,0.8680445151033387,84,0.8680445151033387,88,0.8616852146263911,^TWII,yfinance,2y,2026-10-07,scan_20261008_175914,False,False
False,0,0.13333257039388013,-0.6666679382324219,False,True,強烈買入 (爆發),73.30000305175781,2026-10-07 00:00:00,69.79499969482421,0.08000030517577272,False,True,4.973159392935605,True,0.0014716993316735724,71.73667579719108,0.0014651311650538618,0.0015181594302209633,0.04721163477252599,-1.4310158600482348,-5.742040859797126,0.04721163477252599,True,False,False,False,False,True,0.35045812529372916,False,-0.0027210469148597483,中性,1504.TW,東元,168163819520.0,25.425531,1.7478,2.73,8260962,Industrials,0.49527319627393274,3,v1,phase6a,2026-07-12,0,3,5,3,3,3,v1,38,0.9411764705882353,38,0.9411764705882353,50,0.9220985691573926,^TWII,yfinance,2y,2026-10-07,scan_20261008_175914,False,False
True,0,0.18333339691162104,0.20833333333333331,True,False,觀望 (動能減弱),17.649999618530273,2026-10-07 00:00:00,17.470000076293946,0.01750001907348775,False,True,0.8981237139000494,False,0.0003543723268918321,38.311820495456836,0.0003664518437197785,0.0003831986316064889,-0.34578386489392265,-1.837363565771788,-4.3378553750460185,-0.34578386489392265,False,False,False,False,False,False,0.024370435519323407,False,-0.024861920080407884,中性,1463.TW,強盛新,3028588032.0,nan,1.1801283,0.72,66060,Consumer Cyclical,0.5303880652807512,0,v1,phase6a,2026-07-12,0,0,2,0,0,0,v1,445,0.29411764705882354,445,0.29411764705882354,446,0.29252782193958665,^TWII,yfinance,2y,2026-10-07,scan_20261008_175914,False,False
True,0,-0.24999999999999997,-0.28333314259847003,True,False,觀察 (跌勢收斂),23.549999237060547,2026-10-07 00:00:00,23.752499866485596,-0.017500019073484196,False,False,1.4307775065777197,False,0.00047283105996083583,28.386590586534396,0.0004963191202350908,0.0005245411807163529,-0.4956834992545178,-2.226348802949585,-5.776554290465796,-0.4956834992545178,False,False,False,False,False,False,0.009523816854164346,False,-0.04462476261633763,中性,2063.TWO,世鎧,1132742016.0,13.534482,1.1778533,0.0,25963,Industrials,0.5257010635084716,1,v1,phase6a,2026-07-12,0,1,1,1,1,1,v1,328,0.48012718600953896,328,0.48012718600953896,328,0.48012718600953896,^TWII,yfinance,2y,2026-10-07,scan_20261008_175914,False,False
True,0,-0.3583335876464843,-0.3583335876464844,True,False,觀察 (跌勢收斂),40.5,2026-10-07 00:00:00,40.91500034332275,-0.05000000000000426,False,False,1.4474992038754377,False,0.0008131489829637916,40.210384437633145,0.0008533736722541179,0.000882096315836773,-0.4937195735403077,-2.253359317381076,-4.443003541666368,-0.4937195735403077,False,False,False,False,False,False,0.0,False,-0.02409638554216864,中性,8481.TW,政伸,2704041216.0,12.011833,1.5940948,6.77,18155,Industrials,0.7628191608321636,1,v1,phase6a,2026-07-12,0,1,1,1,1,1,v1,424,0.3275039745627981,424,0.3275039745627981,424,0.3275039745627981,^TWII,yfinance,2y,2026-10-07,scan_20261008_175914,False,False
True,1,0.49166679382324213,0.37499999999999994,True,False,買入 (動能增強),27.299999237060547,2026-10-07 00:00:00,27.47499990463257,-0.04250001907348633,False,False,1.0206937250746484,False,0.0005481226324574831,37.65769815177222,0.0005792532764831912,0.0006366045828616604,-0.5625304875276904,-2.222357495085714,-8.384966833480778,-0.5625304875276904,False,False,False,False,False,False,0.0,False,-0.13958117448073626,中性,3379.TWO,彬台,1038546560.0,27.029703,1.7149318,4.4,136324,Industrials,0.5454061996084304,2,v1,phase6a,2026-07-12,0,2,2,2,2,2,v1,186,0.7058823529411765,186,0.7058823529411765,190,0.699523052464229,^TWII,yfinance,2y,2026-10-07,scan_20261008_175914,False,False
True,1,0.04166666666666667,0.10833358764648436,True,False,觀望 (動能減弱),19.149999618530273,2026-10-07 00:00:00,19.45999994277954,-0.03750000000000142,False,False,0.5441987577639752,False,0.00038448895589049105,17.72442427699269,0.0004106073526447943,0.0004584580220430431,-0.665116884216288,-2.576032304533893,-9.168141647047523,-0.665116884216288,False,False,False,False,False,False,0.0,False,-0.2662835502436912,中性,2719.TWO,燦星旅,1338671744.0,28.455883,1.795657,0.0,35121,Consumer Cyclical,0.3238493436269633,0,v1,phase6a,2026-07-12,0,0,0,0,0,0,v1,488,0.22575516693163752,488,0.22575516693163752,489,0.22416534181240064,^TWII,yfinance,2y,2026-10-07,scan_20261008_175914,False,False
False,0,0.4083336194356282,0.3416668574015299,False,True,強烈買入 (爆發),12.850000381469727,2026-10-07 00:00:00,12.087500143051148,0.05000000000000071,False,True,11.36276356867582,True,0.00025799912941423315,28.808489363432855,0.0002554987791803662,0.00026789185309661774,0.10311836496423865,-1.5540724444422005,-5.756063689070134,0.10311836496423865,True,False,False,False,False,True,0.23629226079445065,False,-0.08865247987104696,中性,3672.TWO,康聯訊,485405472.0,nan,1.6620111,0.0,42502,Technology,0.3968799721841139,3,v1,phase6a,2026-07-12,0,3,5,3,3,3,v1,64,0.8998410174880763,64,0.8998410174880763,71,0.8887122416534181,^TWII,yfinance,2y,2026-10-07,scan_20261008_175914,False,False
True,0,0.5666669209798176,0.5833333333333333,True,False,觀望 (動能減弱),53.900001525878906,2026-10-07 00:00:00,53.43500022888183,0.020000076293939628,False,True,0.6403379973710706,False,0.0010821908993213641,13.044099176611063,0.0011166289077512888,0.0011517958243180398,-0.3235921178827206,-1.9093444570210782,-4.022866786595236,-0.3235921178827206,False,False,False,False,False,False,0.09779263907763101,False,-0.037499972752162436,中性,5508.TWO,永信建,11697631232.0,17.5817,2.1416345,5.24,354941,Real Estate,0.5934394815329894,2,v1,phase6a,2026-07-12,0,2,4,2,2,2,v1,223,0.6470588235294118,223,0.6470588235294118,226,0.6422893481717011,^TWII,yfinance,2y,2026-10-07,scan_20261008_175914,False,True
True,1,0.45000076293945307,0.016667683919270843,True,False,買入 (動能增強),91.4000015258789,2026-10-07 00:00:00,91.50499992370605,-0.054999923706063214,False,False,1.7011728897410079,True,0.0018351066242878378,58.98017013070731,0.001910328091446287,0.001967484323367353,-0.41277545185159914,-1.7126181018055187,-3.5512098756561916,-0.41277545185159914,False,False,False,False,False,False,0.0,False,-0.012958930540128977,中性,6183.TW,關貿,13710000128.0,20.311111,5.103579,3.88,30349,Industrials,0.4328711462454608,2,v1,phase6a,2026-07-12,0,2,2,2,2,2,v1,237,0.6248012718600954,237,0.6248012718600954,239,0.6216216216216216,^TWII,yfinance,2y,2026-10-07,scan_20261008_175914,False,False
False,0,-0.8333333333333333,-0.41666666666666663,False,True,強烈賣出 (跌破),113.0,2026-10-07 00:00:00,114.85,-0.125,False,False,0.7885038374092306,False,0.0022687860512323075,38.18587161802774,0.0024075799371319332,0.0025472716634775674,-0.6031683646962049,-2.6126917178546094,-7.016016358767885,-0.6031683646962049,False,False,False,False,False,False,0.0,False,-0.06611570247933884,中性,1537.TW,廣隆,9355158528.0,13.818182,2.2124324,6.37,119912,Industrials,0.6654851569989298,0,v1,phase6a,2026-07-12,0,0,0,0,0,0,v1,448,0.2893481717011129,448,0.2893481717011129,449,0.287758346581876,^TWII,yfinance,2y,2026-10-07,scan_20261008_175914,False,False
True,0,0.2166633605957031,-0.1000035603841146,True,False,買入 (動能增強),72.69999694824219,2026-10-07 00:00:00,72.82999992370605,0.00999984741210369,False,False,0.8066265033137016,False,0.0014596525575292319,52.17148030248624,0.0015199247930586756,0.0015858125079798741,-0.41568326763639085,-1.8940871955859917,-3.8186007369189534,-0.41568326763639085,False,False,False,False,False,False,0.019529826127527825,False,-0.04342109278628703,中性,3546.TWO,宇峻,4509180928.0,15.978261,2.8632646,2.75,130034,Communication Services,0.4951499724612561,2,v1,phase6a,2026-07-12,0,2,3,2,2,2,v1,189,0.7011128775834659,189,0.7011128775834659,193,0.6947535771065183,^TWII,yfinance,2y,2026-10-07,scan_20261008_175914,False,False
True,1,3.2499999999999996,2.9999999999999996,True,False,買入 (動能增強),252.5,2026-10-07 00:00:00,254.325,-0.2750000000000057,False,False,0.7419785071515077,False,0.00506963254810759,104.75362250438852,0.005345220248490126,0.005710244851606181,-0.5397840141843746,-2.14444094793953,-6.797870821984741,-0.5397840141843746,False,False,False,False,False,False,0.0,False,-0.16390728476821192,中性,8499.TW,鼎炫-KY,10435468288.0,23.8476,1.2509191,3.17,35723,Technology,0.5787510240385965,2,v1,phase6a,2026-07-12,0,2,2,2,2,2,v1,296,0.5310015898251192,296,0.5310015898251192,296,0.5310015898251192,^TWII,yfinance,2y,2026-10-07,scan_20261008_175914,False,False
True,0,-0.2833340962727865,-0.2500012715657552,True,False,賣出 (動能轉弱),56.70000076293945,2026-10-07 00:00:00,56.98999996185303,-0.039999961853027344,False,False,1.1615736604522475,False,0.0011384085914674178,39.14650960309802,0.001193309653368258,0.0012537323934796681,-0.4819542613600514,-2.424539822722205,-6.241663153924626,-0.4819542613600514,False,False,False,False,False,False,0.00860692758584263,False,-0.09999998788984998,中性,6516.TWO,勤崴國際,3165954304.0,26.25,3.3461199,4.13,49171,Technology,0.44107033607468277,0,v1,phase6a,2026-07-12,0,0,0,0,0,0,v1,564,0.10492845786963434,564,0.10492845786963434,564,0.10492845786963434,^TWII,yfinance,2y,2026-10-07,scan_20261008_175914,False,False
True,2,-0.1333332061767578,-0.1333332061767578,True,False,賣出 (動能轉弱),29.75,2026-10-07 00:00:00,29.885000228881836,-0.0024999618530259227,True,False,2.0405082822274525,True,0.0005973131418067358,17.168309394968045,0.0006258485303962771,0.0006603674459338283,-0.47765195852688125,-2.22260963683627,-5.8019289323793295,-0.47765195852688125,False,False,False,False,False,False,0.0012150822527257096,False,-0.057052275137495334,中性,7705.TW,三商餐飲,1962199040.0,12.222222,1.3081973,5.38,41727,Consumer Cyclical,0.7621695746578246,0,v1,phase6a,2026-07-12,0,0,0,0,0,0,v1,597,0.05246422893481717,597,0.05246422893481717,597,0.05246422893481717,^TWII,yfinance,2y,2026-10-07,scan_20261008_175914,False,False
True,0,0.3333333333333333,0.16666666666666666,True,False,買入 (動能增強),106.5,2026-10-07 00:00:00,106.225,0.0,False,True,0.4828951760323534,False,0.002138280658904785,41.21097283772366,0.0022186151121121552,0.0022882340110294466,-0.37970306407587584,-1.7429410970525194,-3.504756417327992,-0.37970306407587584,False,False,False,False,False,False,0.00136240701073092,False,-0.018433179723502335,中性,9917.TW,中保科,49656037376.0,16.334356,3.9523492,5.1,420972,Industrials,0.5286182098038849,2,v1,phase6a,2026-07-12,0,2,3,2,2,2,v1,301,0.5230524642289348,301,0.5230524642289348,301,0.5230524642289348,^TWII,yfinance,2y,2026-10-07,scan_20261008_175914,False,False
True,2,-0.016667048136393227,-0.033334096272786454,True,False,觀察 (跌勢收斂),56.099998474121094,2026-10-07 00:00:00,56.05499973297119,-0.005000114440917969,False,True,0.7193588231991466,False,0.0011263618939136254,47.19455255048458,0.0011731127985915555,0.0012215428996895671,-0.41774244924390747,-2.051013317883399,-4.961138545166777,-0.41774244924390747,False,False,False,False,False,False,0.013619128108412084,False,-0.029411778293751856,中性,1720.TW,生達,11184582656.0,11.425703,1.6423253,3.57,264195,Healthcare,0.6845462396469277,1,v1,phase6a,2026-07-12,0,1,2,1,1,1,v1,322,0.48966613672496023,322,0.48966613672496023,322,0.48966613672496023,^TWII,yfinance,2y,2026-10-07,scan_20261008_175914,False,False
True,0,0.39999961853027344,0.34999974568684894,True,False,買入 (動能增強),32.20000076293945,2026-10-07 00:00:00,31.93249979019165,0.035000038146971946,False,True,1.0150449861560618,False,0.0006465036511559884,19.597487187930906,0.0006697116717259762,0.000710793785272962,-0.36345053004390726,-1.936769555015716,-4.897041749477005,-0.36345053004390726,False,False,False,False,False,False,0.03964394383459539,False,-0.06666664455247961,中性,6593.TWO,台灣銘板,1028981056.0,nan,1.204999,0.0,37102,Industrials,0.45374071443811465,2,v1,phase6a,2026-07-12,0,2,4,2,2,2,v1,256,0.5945945945945946,256,0.5945945945945946,258,0.5914149443561209,^TWII,yfinance,2y,2026-10-07,scan_20261008_175914,False,False
True,0,1.7416664759318032,1.624999682108561,True,False,買入 (動能增強),30.5,2026-10-07 00:00:00,29.742500019073486,0.2050000190734842,False,True,0.6348362614827363,False,0.0006123714563060652,50.5079191646474,0.0006096505776074057,0.0005804701418226465,0.047001169167448786,1.787533909578487,20.81292012703706,0.047001169167448786,True,True,True,False,False,False,0.7387720887450328,False,-0.05132197348577883,偏強 (RS上升),3354.TWO,律勝,2243584000.0,nan,2.8870444,0.0,1064286,Technology,0.30835426568087937,2,v1,phase6a,2026-07-12,1,3,4,3,2,3,v1,185,0.7074721780604134,185,0.7074721780604134,101,0.8410174880763116,^TWII,yfinance,2y,2026-10-07,scan_20261008_175914,False,False
False,0,-0.6166664759318033,-0.6499999364217122,False,True,強烈賣出 (跌破),24.25,2026-10-07 00:00:00,25.102499961853027,-0.039999961853027344,True,False,1.2784192601532056,False,0.0004868855021449863,44.25841819638344,0.0005232765209117583,0.0005518486000312945,-0.7267276723414207,-3.043469400570864,-7.422033710482834,-0.7267276723414207,False,False,False,False,False,False,0.0662024055523189,False,-0.10845590736007948,中性,6606.TW,建德工業,2696928000.0,16.862068,1.6358893,4.35,118662,Industrials,0.6266450466217932,0,v1,phase6a,2026-07-12,0,0,0,0,0,0,v1,569,0.09697933227344992,569,0.09697933227344992,569,0.09697933227344992,^TWII,yfinance,2y,2026-10-07,scan_20261008_175914,False,False
True,0,0.05000050862630204,0.34999974568684894,True,False,觀望 (動能減弱),54.900001525878906,2026-10-07 00:00:00,56.1,-0.10999984741210511,True,False,0.6585206506877208,False,0.0011022686519871368,28.870506235372474,0.0011764440145538662,0.001251305472177457,-0.6593134947792456,-2.9449939756808985,-7.0233109639511575,-0.6593134947792456,False,False,False,False,False,False,0.0,False,-0.10299528533117397,中性,2250.TW,IKKA-KY,1994062336.0,20.91603,0.9893125,5.46,85510,Industrials,0.7028970404160283,0,v1,phase6a,2026-07-12,0,0,0,0,0,0,v1,467,0.2591414944356121,467,0.2591414944356121,468,0.2575516693163752,^TWII,yfinance,2y,2026-10-07,scan_20261008_175914,False,False
True,0,0.0366666316986084,0.03333338101704915,True,False,買入 (動能增強),5.179999828338623,2026-10-07 00:00:00,5.196499919891357,0.0034999847412109375,False,False,1.4881968827050245,False,0.00010400275536212757,21.574743209821044,0.00010867948231087056,0.00011508104661129291,-0.45092888952023014,-2.021504824150111,-4.393955199601763,-0.45092888952023014,False,False,False,False,False,False,0.04741830753457469,False,-0.02996260668114914,中性,1340.TW,勝悅-KY,786024256.0,nan,0.29440403,0.0,144781,Consumer Cyclical,0.543287871401002,2,v1,phase6a,2026-07-12,0,2,3,2,2,2,v1,105,0.834658187599364,105,0.834658187599364,113,0.821939586645469,^TWII,yfinance,2y,2026-10-07,scan_20261008_175914,False,False
True,0,-0.24166806538899738,-0.24166806538899743,True,False,觀察 (跌勢收斂),49.0,2026-10-07 00:00:00,49.17999973297119,-0.027499961853031607,False,False,0.21689739126662652,False,0.000983809880622859,44.51851781948734,0.0010270623242300588,0.0010651889836116688,-0.44133594999843373,-1.99101604491837,-4.357812112353265,-0.44133594999843373,False,False,False,False,False,False,0.004406214174703407,False,-0.01606424195414846,中性,9926.TW,新海,8804671488.0,17.271128,1.9859908,4.29,17405,Utilities,0.5831890925886877,1,v1,phase6a,2026-07-12,0,1,1,1,1,1,v1,431,0.3163751987281399,431,0.3163751987281399,431,0.3163751987281399,^TWII,yfinance,2y,2026-10-07,scan_20261008_175914,False,False
True,0,0.08333333333333334,-0.1833330790201823,True,False,買入 (動能增強),37.70000076293945,2026-10-07 00:00:00,37.91500034332275,-0.06499996185302592,False,False,0.8831350229684141,False,0.0007569312908177378,39.03911451866893,0.0007961199743734202,0.0008466064850929434,-0.515482642777676,-2.2167155842610087,-7.487509774744916,-0.515482642777676,False,False,False,False,False,False,0.0,False,-0.08048778626976949,中性,5215.TW,科嘉-KY,2425542656.0,9.641944,0.66513765,5.31,59609,Technology,0.8848728741931401,2,v1,phase6a,2026-07-12,0,2,2,2,2,2,v1,216,0.6581875993640699,216,0.6581875993640699,219,0.6534181240063593,^TWII,yfinance,2y,2026-10-07,scan_20261008_175914,False,False
True,0,0.008333524068196624,-0.14166641235351562,True,False,買入 (動能增強),21.25,2026-10-07 00:00:00,21.207500076293947,-0.01249999999999929,False,True,0.22851919561243145,False,0.0004266522441476684,36.44873227296438,0.0004433675340701428,0.0004641919237477167,-0.39528135814759224,-1.9752725761800871,-4.972903249941507,-0.39528135814759224,False,False,False,False,False,False,0.039415407600866,False,-0.020737361618345718,中性,8463.TW,潤泰材,3180000000.0,10.707071,1.281354,3.76,52331,Basic Materials,0.7462147667225666,2,v1,phase6a,2026-07-12,0,2,3,2,2,2,v1,295,0.5325914149443561,295,0.5325914149443561,295,0.5325914149443561,^TWII,yfinance,2y,2026-10-07,scan_20261008_175914,False,False
True,1,0.5250008900960286,0.5416666666666666,True,False,觀望 (動能減弱),41.650001525878906,2026-10-07 00:00:00,41.58499984741211,-0.017499923706054688,False,True,2.3527039290155614,True,0.0008362384291656494,31.825573031279436,0.0008743514738463753,0.0009336427550086765,-0.45674712335347367,-2.239786143047917,-6.547157649524049,-0.45674712335347367,False,False,False,False,False,False,0.0,False,-0.09160298992404048,中性,6856.TWO,鑫傳,1157609984.0,13.637874,nan,7.19,8534,Communication Services,0.7128810456902822,0,v1,phase6a,2026-07-12,0,0,1,0,0,0,v1,584,0.07313195548489666,584,0.07313195548489666,584,0.07313195548489666,^TWII,yfinance,2y,2026-10-07,scan_20261008_175914,False,False
True,0,0.40833409627278644,0.516667366027832,True,False,觀望 (動能減弱),27.200000762939453,2026-10-07 00:00:00,27.005000114440918,-0.019999980926513672,False,True,0.36025795168870917,False,0.0005461148878271252,35.94881398347177,0.0005658619988410449,0.0005969688295711277,-0.36599656909858114,-1.7459298262007095,-4.080911786384112,-0.36599656909858114,False,False,False,False,False,False,0.04533659589657686,False,-0.019819792326506214,中性,6124.TWO,業強,5009073664.0,52.788464,1.5933365,0.0,16266,Technology,0.29159667144745555,0,v1,phase6a,2026-07-12,0,0,1,0,0,0,v1,553,0.12241653418124006,553,0.12241653418124006,554,0.12082670906200318,^TWII,yfinance,2y,2026-10-07,scan_20261008_175914,False,False
True,0,-0.05000019073486328,-0.0666666030883789,True,False,觀察 (跌勢收斂),16.149999618530273,2026-10-07 00:00:00,16.29000005722046,-0.017500019073484196,True,False,1.026481978995848,False,0.0003242556978931732,28.301103289323912,0.00034108608936555016,0.0003596991822941711,-0.5167216911833528,-2.395513718154796,-6.307300765727819,-0.5167216911833528,False,False,False,False,False,False,0.012314758577211513,False,-0.04437869922657578,中性,4972.TWO,湯石照明,905401856.0,nan,0.63044834,0.0,17035,Consumer Cyclical,0.5281363562494868,1,v1,phase6a,2026-07-12,0,1,1,1,1,1,v1,375,0.40540540540540543,375,0.40540540540540543,375,0.40540540540540543,^TWII,yfinance,2y,2026-10-07,scan_20261008_175914,False,False
True,0,-0.15000089009602863,-0.18333371480305988,True,False,觀察 (跌勢收斂),33.29999923706055,2026-10-07 00:00:00,33.70000019073486,-0.04250011444091939,False,False,4.714881037915957,True,0.000668589148452119,29.672593406291675,0.000705265468506295,0.0007407082914958944,-0.5444257495218485,-2.246391550481319,-5.794747279307277,-0.5444257495218485,False,False,False,False,False,False,0.0,False,-0.05932209599717586,中性,6615.TWO,慧智,720139840.0,50.5303,1.111111,0.0,9578,Healthcare,0.35813908803559974,1,v1,phase6a,2026-07-12,0,1,1,1,1,1,v1,407,0.35453100158982515,407,0.35453100158982515,407,0.35453100158982515,^TWII,yfinance,2y,2026-10-07,scan_20261008_175914,False,False
False,0,0.2650001843770345,0.24000008900960282,False,True,強烈買入 (爆發),10.199999809265137,2026-10-07 00:00:00,10.096500015258789,-0.00250000953674423,True,True,1.1856655147281903,False,0.00020479307336135344,29.85130237552975,0.00021240440897802652,0.00021992068901029795,-0.37578432017607577,-1.4125872408192852,-5.030089697264284,-0.37578432017607577,False,False,False,False,False,False,0.015059628297176981,False,-0.01923075159625831,中性,9962.TWO,有益,924755008.0,44.565216,0.8602602,0.0,53364,Basic Materials,0.40094883782862634,3,v1,phase6a,2026-07-12,0,3,4,3,3,3,v1,96,0.848966613672496,96,0.848966613672496,99,0.8441971383147854,^TWII,yfinance,2y,2026-10-07,scan_20261008_175914,False,False
True,1,0.16666603088378906,-6.357828775949148e-07,True,False,買入 (動能增強),61.0,2026-10-07 00:00:00,60.175,0.01499996185302166,False,True,0.823066267534398,False,0.0012247429126121304,16.390684396600673,0.0012618533047832605,0.001373003759645003,-0.3086175984565398,-1.835093047861125,-5.415407970155339,-0.3086175984565398,False,False,False,False,False,False,0.04649155919002402,False,-0.09946295933162363,中性,7818.TW,溢泰實業,10061706240.0,11.531191,1.0817329,3.35,91119,Utilities,0.7492675088839101,2,v1,phase6a,2026-07-12,0,2,4,2,2,2,v1,282,0.5532591414944356,282,0.5532591414944356,283,0.5516693163751988,^TWII,yfinance,2y,2026-10-07,scan_20261008_175914,False,False
True,0,0.015000184377034504,0.015000184377034504,True,False,觀望 (動能減弱),7.610000133514404,2026-10-07 00:00:00,7.611000061035156,0.0009999990463258612,False,False,1.0523200368312013,False,0.00015279170046719891,24.67737731087021,0.0001595213104259022,0.0001700834695519955,-0.44210282987457994,-2.3213999045496925,-5.6790532894488095,-0.44210282987457994,False,False,False,False,False,False,0.03434549835788214,False,-0.10153484136973745,中性,4426.TW,利勤,1312347392.0,nan,0.7528479,0.0,99467,Consumer Cyclical,0.5146872585307262,0,v1,phase6a,2026-07-12,0,0,1,0,0,0,v1,526,0.16534181240063592,526,0.16534181240063592,527,0.16375198728139906,^TWII,yfinance,2y,2026-10-07,scan_20261008_175914,False,False
False,0,11.5,8.833333333333332,False,True,強烈買入 (爆發),241.5,2026-10-07 00:00:00,228.625,0.44999999999998863,False,True,1.1961054671249405,False,0.004848777268784091,82.14570850640033,0.004776732565254802,0.0047296773005697625,0.15901480835711634,0.4521754362091457,3.5348193339060696,0.15901480835711634,True,True,True,False,False,True,0.824422331018917,False,0.0,偏強 (RS上升),6271.TW,同欣電,51323744256.0,27.677565,1.884996,1.24,5297029,Technology,0.41268867256920966,3,v1,phase6a,2026-07-12,2,5,5,5,3,5,v1,77,0.8791732909379968,77,0.8791732909379968,9,0.9872813990461049,^TWII,yfinance,2y,2026-10-07,scan_20261008_175914,False,False
True,0,0.07499980926513672,0.041666507720947266,True,False,買入 (動能增強),10.899999618530273,2026-10-07 00:00:00,10.830000114440917,0.009999990463256836,False,True,0.5590038247788717,False,0.00021884749639786686,32.02969198369141,0.0002267692503540432,0.0002403108007511112,-0.3663696879261602,-1.703340894648342,-4.736100379553698,-0.3663696879261602,False,False,False,False,False,False,0.0011426331337526833,False,-0.04385965059044994,中性,1220.TW,台榮,1931568384.0,156.42857,0.84660584,1.83,80571,Consumer Defensive,0.46729103691721524,2,v1,phase6a,2026-07-12,0,2,4,2,2,2,v1,100,0.8426073131955485,100,0.8426073131955485,108,0.8298887122416534,^TWII,yfinance,2y,2026-10-07,scan_20261008_175914,False,False
True,1,-0.06666692097981769,0.03333282470703125,True,False,賣出 (動能轉弱),32.54999923706055,2026-10-07 00:00:00,32.8125,-0.03250007629394247,False,False,1.3128788838697563,False,0.0006535308339527896,28.353538770521695,0.0006870448941303082,0.0007217846686889423,-0.510850756127379,-2.1855897874767494,-5.3860768637018825,-0.510850756127379,False,False,False,False,False,False,0.0,False,-0.06866957005688645,中性,7760.TW,享溫馨,2130083968.0,47.142857,nan,6.14,59230,Communication Services,0.5249050237668734,1,v1,phase6a,2026-07-12,0,1,1,1,1,1,v1,415,0.34181240063593005,415,0.34181240063593005,415,0.34181240063593005,^TWII,yfinance,2y,2026-10-07,scan_20261008_175914,True,False
True,0,-0.05833371480305989,-0.23333358764648438,True,False,觀察 (跌勢收斂),18.649999618530273,2026-10-07 00:00:00,18.512499809265137,-0.0025000572204589844,True,True,0.7971578338360003,False,0.0003744500795576048,42.25715248133385,0.000388738241434262,0.00042095768639026273,-0.3854059899944584,-2.4152740737700906,-8.12579736533704,-0.3854059899944584,False,False,False,False,False,False,0.07041857353586828,False,-0.09685230203129402,中性,1616.TW,億泰,3543537920.0,42.500004,1.7223911,7.28,373246,Industrials,0.5650875444250995,1,v1,phase6a,2026-07-12,0,1,2,1,1,1,v1,321,0.4912559618441971,321,0.4912559618441971,321,0.4912559618441971,^TWII,yfinance,2y,2026-10-07,scan_20261008_175914,False,False
True,0,-2.1666666666666665,-2.5,True,False,觀察 (跌勢收斂),171.0,2026-10-07 00:00:00,171.525,-0.17499999999998295,True,False,0.8843163670025814,False,0.00343329570584712,35.69870091271358,0.0035903047408678834,0.0038289633617906325,-0.45822114279101545,-2.5036350101739213,-6.990866688463726,-0.45822114279101545,False,False,False,False,False,False,0.03865026832314172,False,-0.1151829926745136,中性,4441.TW,振大環球,11692183552.0,9.376708,1.7015746,6.32,89148,Consumer Cyclical,0.7780945667504128,2,v1,phase6a,2026-07-12,0,2,2,2,2,2,v1,209,0.6693163751987281,209,0.6693163751987281,212,0.6645468998410174,^TWII,yfinance,2y,2026-10-07,scan_20261008_175914,True,False
True,0,-0.5083332061767578,-0.6499996185302734,True,False,觀察 (跌勢收斂),38.349998474121094,2026-10-07 00:00:00,38.7774995803833,-0.1150001525878892,True,False,1.5236406701248693,True,0.0007699817840961611,46.7429378906185,0.0008141760799742156,0.0008852168994467327,-0.5681328085694881,-2.682136246446798,-9.204025973093167,-0.5681328085694881,False,False,False,False,False,False,0.026992504974345043,False,-0.13128444962645536,中性,6624.TWO,萬年清,865904640.0,66.12069,1.7406499,0.75,5130,Industrials,0.3352170468567137,1,v1,phase6a,2026-07-12,0,1,1,1,1,1,v1,409,0.35135135135135137,409,0.35135135135135137,409,0.35135135135135137,^TWII,yfinance,2y,2026-10-07,scan_20261008_175914,False,False
True,0,-0.5916659037272135,-0.7416661580403646,True,False,觀察 (跌勢收斂),43.900001525878906,2026-10-07 00:00:00,44.15500030517578,-0.0274999618530245,False,False,0.8114577839087922,False,0.0008814133726636378,31.358129174605978,0.0009189217323679571,0.0009428984496698011,-0.4278228214429469,-1.93197427975067,-3.106804079294434,-0.4278228214429469,False,False,False,False,False,False,0.0017303437500108302,False,-0.033039646466640926,中性,8941.TWO,關中,1512542080.0,14.042208,1.5112866,5.69,7973,Consumer Defensive,0.7158309892572686,1,v1,phase6a,2026-07-12,0,1,1,1,1,1,v1,426,0.32432432432432434,426,0.32432432432432434,426,0.32432432432432434,^TWII,yfinance,2y,2026-10-07,scan_20261008_175914,False,False
True,1,-0.15833346048990884,-0.10833358764648436,True,False,賣出 (動能轉弱),20.350000381469727,2026-10-07 00:00:00,20.682500076293945,-0.014999961853028765,True,False,0.5164073212028946,False,0.0004085822744075279,18.51425476267424,0.00043198075267237884,0.00044096122681196235,-0.5669313253809927,-2.2413754978750533,-4.92116806167523,-0.5669313253809927,False,False,False,False,False,False,0.3718966207137713,False,-0.10745609375321552,中性,3712.TW,永崴投控,4974088704.0,nan,1.1377718,0.0,976294,Technology,0.4651469112375699,1,v1,phase6a,2026-07-12,0,1,1,1,1,1,v1,364,0.42289348171701113,364,0.42289348171701113,364,0.42289348171701113,^TWII,yfinance,2y,2026-10-07,scan_20261008_175914,True,False
True,0,2.916666666666666,2.583333333333333,True,False,買入 (動能增強),163.5,2026-10-07 00:00:00,158.775,0.32500000000001705,False,True,1.098854336848875,False,0.0032827125608538253,88.76636718038392,0.003334887924197142,0.0033801505828229697,-0.1644167249983841,-1.7753229629101308,-4.683689440187333,-0.1644167249983841,False,False,False,False,False,False,0.11141005704577375,False,-0.029673590504451064,中性,2850.TW,新產,51975962624.0,13.417618,2.3620465,4.45,307646,Financial Services,0.6129070426050669,2,v1,phase6a,2026-07-12,0,2,4,2,2,2,v1,165,0.739268680445151,165,0.739268680445151,172,0.7281399046104928,^TWII,yfinance,2y,2026-10-07,scan_20261008_175914,False,False
True,0,-0.1333338419596354,-0.08333333333333331,True,False,賣出 (動能轉弱),60.599998474121094,2026-10-07 00:00:00,61.25500011444092,0.034999847412109375,False,False,1.090931877377099,False,0.0012167117809096023,32.250745568922355,0.0012798476341842314,0.0013182790669665878,-0.5165886358888705,-2.385546084785173,-4.656394712715695,-0.5165886358888705,False,False,False,False,False,False,0.10996071977932396,False,-0.07902742152681108,中性,7704.TWO,明遠精密,2114001920.0,19.685534,1.8093009,2.97,54253,Industrials,0.5314811985420365,0,v1,phase6a,2026-07-12,0,0,1,0,0,0,v1,596,0.05405405405405406,596,0.05405405405405406,596,0.05405405405405406,^TWII,yfinance,2y,2026-10-07,scan_20261008_175914,False,False
True,0,-1.666666666666667,-14.166666666666668,True,False,觀察 (跌勢收斂),1260.0,2026-10-07 00:00:00,1296.0,-7.25,False,False,1.0616487508298942,False,0.025297968358873515,223.3192302745681,0.027358163230262446,0.0297004586721547,-0.7864457470827202,-3.2465255355446754,-12.281197003202882,-0.7864457470827202,False,False,False,False,False,False,0.0,False,-0.19255669493574545,中性,5289.TWO,宜鼎,122861158400.0,7.103887,5.2753077,1.34,1925221,Technology,0.5021265924451427,1,v1,phase6a,2026-07-12,0,1,1,1,1,1,v1,378,0.40063593004769477,378,0.40063593004769477,378,0.40063593004769477,^TWII,yfinance,2y,2026-10-07,scan_20261008_175914,False,False
True,0,-0.041666666666666664,-0.08333333333333333,True,False,觀察 (跌勢收斂),17.0,2026-10-07 00:00:00,17.064999961853026,-0.014999961853028765,False,False,0.8916231775545206,False,0.00034132179531813476,42.7842655425963,0.00035716844714106397,0.00037386182363220266,-0.4648547568897432,-2.173048065693406,-5.800101218395836,-0.4648547568897432,False,False,False,False,False,False,0.0011727479424583265,False,-0.04225352112676062,中性,1451.TW,年興,3395699968.0,11.357615,0.45918232,5.88,103191,Consumer Cyclical,0.8893840637685885,1,v1,phase6a,2026-07-12,0,1,1,1,1,1,v1,315,0.5007949125596184,315,0.5007949125596184,315,0.5007949125596184,^TWII,yfinance,2y,2026-10-07,scan_20261008_175914,False,False
True,2,0.0033332506815592446,0.004999955495198567,True,False,觀望 (動能減弱),7.079999923706055,2026-10-07 00:00:00,7.106000089645386,-0.000999999046324973,False,False,0.3348833649080506,False,0.00014215048734185926,18.54357941893098,0.000148570415297491,0.00015821484586164098,-0.45279672299941565,-2.1531243503636888,-4.66168961577671,-0.45279672299941565,False,False,False,False,False,False,0.009021655319047275,False,-0.09462918564081146,中性,3494.TW,誠研,672132032.0,nan,1.2797835,0.0,68557,Technology,0.44403693507141395,0,v1,phase6a,2026-07-12,0,0,0,0,0,0,v1,511,0.1891891891891892,511,0.1891891891891892,512,0.1875993640699523,^TWII,yfinance,2y,2026-10-07,scan_20261008_175914,False,False
True,1,0.14166736602783203,0.14166736602783203,True,False,觀望 (動能減弱),31.899999618530273,2026-10-07 00:00:00,31.964999866485595,-0.019999980926513672,True,False,0.38863124077000805,False,0.0006404803023790922,39.39566756042824,0.0006727179453622906,0.0007248196510828371,-0.5019048926728109,-2.356675162521016,-7.759337226373364,-0.5019048926728109,False,False,False,False,False,False,0.00614601941312552,False,-0.14933334350585936,中性,6730.TWO,常廣,1197833984.0,16.666666,1.6192346,4.7,17201,Healthcare,0.6431892465185768,0,v1,phase6a,2026-07-12,0,0,0,0,0,0,v1,574,0.0890302066772655,574,0.0890302066772655,574,0.0890302066772655,^TWII,yfinance,2y,2026-10-07,scan_20261008_175914,False,False
True,1,-0.14999993642171222,-0.17499987284342447,True,False,觀察 (跌勢收斂),17.700000762939453,2026-10-07 00:00:00,17.89749994277954,-0.032499980926516514,False,False,1.006746163177372,False,0.0003553762375022852,24.624861331278144,0.00037604300202549685,0.00040640647542515747,-0.5751831757211057,-2.5280051119339952,-8.306683112253378,-0.5751831757211057,False,False,False,False,False,False,0.0,False,-0.10831232127014623,中性,4999.TW,鑫禾,1306705280.0,nan,0.4176667,1.41,49176,Industrials,0.6417265089585638,1,v1,phase6a,2026-07-12,0,1,1,1,1,1,v1,377,0.40222575516693165,377,0.40222575516693165,377,0.40222575516693165,^TWII,yfinance,2y,2026-10-07,scan_20261008_175914,False,False
False,0,18.999999999999996,15.0,False,True,強烈買入 (爆發),284.5,2026-10-07 00:00:00,273.175,0.75,False,True,1.2531035443575749,False,0.005712120633412313,169.7913761230719,0.005684785475840747,0.005644135569414551,0.05064117478732477,0.5284090899593474,6.980391197825786,0.05064117478732477,True,True,True,False,False,False,0.8060132928547057,False,-0.018965517241379293,偏強 (RS上升),6290.TWO,良維,47586824192.0,30.193756,6.0321283,2.18,3460713,Industrials,0.3099890968081875,3,v1,phase6a,2026-07-12,1,4,5,4,3,4,v1,79,0.875993640699523,79,0.875993640699523,39,0.9395866454689984,^TWII,yfinance,2y,2026-10-07,scan_20261008_175914,False,False
True,0,-0.15000025431315103,-0.2500006357828776,True,False,觀察 (跌勢收斂),41.25,2026-10-07 00:00:00,41.389999580383304,-0.02499999999999858,True,False,0.6370852880760861,False,0.000828207297463121,38.78602703646245,0.0008647691756349201,0.0008992462533635373,-0.44307390198350394,-2.0642211480702444,-4.820462578173778,-0.44307390198350394,False,False,False,False,False,False,0.01657902357690616,False,-0.0201899882405836,中性,2013.TW,中鋼構,8269999616.0,12.684049,1.499166,5.82,77994,Industrials,0.7423131727117798,1,v1,phase6a,2026-07-12,0,1,1,1,1,1,v1,326,0.48330683624801274,326,0.48330683624801274,326,0.48330683624801274,^TWII,yfinance,2y,2026-10-07,scan_20261008_175914,False,False
True,1,0.17500050862630206,0.016666412353515625,True,False,買入 (動能增強),40.900001525878906,2026-10-07 00:00:00,40.62250022888183,-0.014999961853028765,False,True,0.21249581648861288,False,0.0008211801146663199,41.403448054737275,0.0008503073479042222,0.000886241784413222,-0.35928289425479765,-1.6714117409678764,-4.517162994465518,-0.35928289425479765,False,False,False,False,False,False,0.007510391413453872,False,-0.0072815347452712675,中性,8367.TW,建新國際,3769835008.0,13.025477,1.1556611,6.97,21254,Industrials,0.8027015439524335,4,v1,phase6a,2026-07-12,0,4,5,4,4,4,v1,30,0.9538950715421304,30,0.9538950715421304,33,0.9491255961844197,^TWII,yfinance,2y,2026-10-07,scan_20261008_175914,False,True
True,1,0.006666819254557291,0.008333444595336914,True,False,觀望 (動能減弱),5.730000019073486,2026-10-07 00:00:00,5.771999979019165,0.0005000114440925074,False,False,0.7859821180556701,False,0.00011504552315782992,18.647593543703497,0.00012040023083000489,0.00012596586236867245,-0.46596836946970477,-2.0928290711752062,-3.2817846557487207,-0.46596836946970477,False,False,False,False,False,False,0.0993353086867577,False,-0.044999996821085575,中性,2929.TW,淘帝-KY,630685440.0,nan,0.22715622,0.0,165292,Consumer Cyclical,0.5439688383741037,0,v1,phase6a,2026-07-12,0,0,1,0,0,0,v1,498,0.20985691573926868,498,0.20985691573926868,499,0.2082670906200318,^TWII,yfinance,2y,2026-10-07,scan_20261008_175914,False,False
True,0,-0.31666437784830725,-0.23333104451497394,True,False,賣出 (動能轉弱),70.0,2026-10-07 00:00:00,70.60500030517578,-0.070000076293951,False,False,0.6849666934945289,False,0.0014054426866040842,55.90190341550628,0.0014770585184862542,0.0015616326133435522,-0.5077814707654338,-2.374333281785368,-5.720982338153712,-0.5077814707654338,False,False,False,False,False,False,0.0010015823495407733,False,-0.08972693613740534,中性,8487.TW,愛爾達-創,2103033088.0,13.90873,2.951703,6.87,19710,Communication Services,0.6321912234938064,0,v1,phase6a,2026-07-12,0,0,0,0,0,0,v1,619,0.017488076311605722,619,0.017488076311605722,619,0.017488076311605722,^TWII,yfinance,2y,2026-10-07,scan_20261008_175914,False,False
False,0,-1.1666666666666665,-1.033332824707031,False,True,強烈賣出 (跌破),34.04999923706055,2026-10-07 00:00:00,35.06749973297119,-0.020000076293946734,True,False,0.2214545676076327,False,0.0006836474629514485,44.47037300318327,0.0007263457600680764,0.0007261011654119327,-0.6149848992484386,-2.5613598089922474,-2.3741053741209828,-0.6149848992484386,False,False,True,False,False,False,0.18319389667760133,False,-0.0658436618832422,中性,2596.TWO,綠意,3415000064.0,12.509158,1.5832909,4.41,77325,Real Estate,0.6993731272845601,0,v1,phase6a,2026-07-12,0,0,0,0,0,0,v1,482,0.23529411764705882,482,0.23529411764705882,483,0.23370429252782193,^TWII,yfinance,2y,2026-10-07,scan_20261008_175914,False,False
False,0,-0.008333206176757812,0.116667111714681,False,True,強烈賣出 (跌破),19.299999237060547,2026-10-07 00:00:00,20.060000133514404,-0.08000001907348775,False,False,1.0843993179290352,False,0.0003875006111313021,43.68885593454224,0.00041648320830864024,0.00043820645428140954,-0.7271876998333648,-2.790327566156592,-2.4021102484325096,-0.7271876998333648,False,False,False,False,False,False,0.0,False,-0.078759019846804,中性,8034.TWO,榮群,1093725184.0,16.913044,1.6329443,6.17,106033,Technology,0.673372652452334,0,v1,phase6a,2026-07-12,0,0,0,0,0,0,v1,604,0.04133545310015898,604,0.04133545310015898,604,0.04133545310015898,^TWII,yfinance,2y,2026-10-07,scan_20261008_175914,False,False
True,1,0.4083334604899088,0.4916667938232422,True,False,觀望 (動能減弱),34.0,2026-10-07 00:00:00,34.017499923706055,-0.017499923706054688,False,False,1.1138793069444248,False,0.0006826435906362695,30.38488408926683,0.0007176923661949009,0.0008073707961748246,-0.5114275479176533,-2.349034371283132,-8.527469343332806,-0.5114275479176533,False,False,False,False,False,False,0.018516442323782405,False,-0.23250563012298564,中性,6492.TWO,生華科,3877671936.0,nan,4.913756,0.0,259474,Healthcare,0.2567710174684177,0,v1,phase6a,2026-07-12,0,0,0,0,0,0,v1,563,0.10651828298887123,563,0.10651828298887123,563,0.10651828298887123,^TWII,yfinance,2y,2026-10-07,scan_20261008_175914,False,False
False,0,0.6750001907348633,-0.008333206176757868,False,True,強烈買入 (爆發),27.5,2026-10-07 00:00:00,24.457499980926514,0.16499996185302734,False,True,2.3694278027491364,True,0.0005521381983087473,19.089621085104433,0.0005172928686444817,0.0005751393676624214,0.7141260399101457,-0.37831814110693696,-5.562471938003943,0.7141260399101457,True,False,False,False,False,True,0.2972216868820235,False,-0.12420381101625055,中性,3466.TWO,德晉,2227713280.0,nan,1.5780181,0.0,196340,Technology,0.4081159272402937,3,v1,phase6a,2026-07-12,0,3,5,3,3,3,v1,63,0.9014308426073132,63,0.9014308426073132,70,0.890302066772655,^TWII,yfinance,2y,2026-10-07,scan_20261008_175914,False,False
True,0,0.22500006357828772,0.150000254313151,True,False,買入 (動能增強),25.549999237060547,2026-10-07 00:00:00,25.5,-0.020000076293946734,True,True,0.6814487160617859,False,0.000512986565292381,47.77303090141117,0.0005425906276744158,0.0005983584852763928,-0.5710423321105162,-2.9096426177398826,-13.432113467311613,-0.5710423321105162,False,False,False,False,False,False,0.015815918713869243,False,-0.2782486402328991,中性,5490.TWO,同亨,2366065920.0,12.037915,1.7539014,5.92,979117,Industrials,0.7261875748214254,2,v1,phase6a,2026-07-12,0,2,3,2,2,2,v1,222,0.6486486486486487,222,0.6486486486486487,225,0.643879173290938,^TWII,yfinance,2y,2026-10-07,scan_20261008_175914,False,False
True,0,0.3083333969116211,0.3500000635782877,True,False,觀望 (動能減弱),13.449999809265137,2026-10-07 00:00:00,13.514999961853027,-0.05750002861022985,False,False,0.6648418878680501,False,0.0002700457695251145,22.998533170719273,0.0002815456672321673,0.00029605144725958286,-0.4281128483940133,-1.4269774975468885,-0.7109959437381019,-0.4281128483940133,False,False,False,False,False,False,0.022476462353674117,False,-0.08191125191206827,中性,3499.TWO,環天科,722863296.0,nan,1.6889288,0.0,63353,Technology,0.3939858625484313,0,v1,phase6a,2026-07-12,0,0,0,0,0,0,v1,512,0.1875993640699523,512,0.1875993640699523,513,0.18600953895071543,^TWII,yfinance,2y,2026-10-07,scan_20261008_175914,False,False
True,1,-0.1916662851969401,-0.19166628519694007,True,False,賣出 (動能轉弱),24.25,2026-10-07 00:00:00,24.33499994277954,-0.010000038146973367,True,False,1.0389472991945192,False,0.0004868855021449863,46.479805179953736,0.0005082552537383939,0.0005235013238036255,-0.44063209026913297,-2.241617260894735,-4.875547315745776,-0.44063209026913297,False,False,False,False,False,False,0.011478715272166342,False,-0.031936098260513246,中性,4106.TW,雃博,2462243072.0,13.333333,0.9726153,4.12,179270,Healthcare,0.7545311889863271,0,v1,phase6a,2026-07-12,0,0,0,0,0,0,v1,516,0.18124006359300476,516,0.18124006359300476,517,0.17965023847376788,^TWII,yfinance,2y,2026-10-07,scan_20261008_175914,False,False
True,0,1.099999745686849,0.6833330790201823,True,False,買入 (動能增強),60.29999923706055,2026-10-07 00:00:00,58.71000022888184,0.11999988555908203,False,True,1.5457513275324024,True,0.0012106884704279801,64.75266814079032,0.0012289890696123187,0.001297210538232573,-0.15649969003945774,-1.381387438129733,-2.759871309753692,-0.15649969003945774,False,False,False,False,False,False,0.08076317286756564,False,-0.10930573182800973,中性,8926.TW,台汽電,50730229760.0,15.199005,2.552427,3.6,3728628,Industrials,0.5513489777699254,2,v1,phase6a,2026-07-12,0,2,4,2,2,2,v1,297,0.5294117647058824,297,0.5294117647058824,297,0.5294117647058824,^TWII,yfinance,2y,2026-10-07,scan_20261008_175914,False,False
True,1,0.09166685740152994,0.04166698455810547,True,False,買入 (動能增強),17.149999618530273,2026-10-07 00:00:00,16.979999923706053,-0.00500001907348846,True,True,0.7048427099440091,False,0.00034433345055894584,20.33135364419138,0.000357037627616918,0.00038020542979354813,-0.3731516243054678,-2.0800086959119835,-7.198859188219419,-0.3731516243054678,False,False,False,False,False,False,0.03488541028670742,False,-0.05769236815348333,中性,6641.TW,基士德-KY,629625024.0,26.953125,0.41580293,2.33,32515,Industrials,0.6278934601045515,2,v1,phase6a,2026-07-12,0,2,3,2,2,2,v1,260,0.5882352941176471,260,0.5882352941176471,262,0.5850556438791733,^TWII,yfinance,2y,2026-10-07,scan_20261008_175914,False,False
True,0,-1.833333333333333,-0.33333333333333337,True,False,賣出 (動能轉弱),122.0,2026-10-07 00:00:00,125.5,-0.20000000000000284,True,False,2.16837001600577,True,0.002449485825224261,36.80438875126985,0.0026219071039222104,0.002745356288306008,-0.6874703941048166,-2.941102882062163,-6.1532042238727325,-0.6874703941048166,False,False,False,False,False,False,0.03748707913791974,False,-0.1586206896551724,中性,1736.TW,喬山,37317537792.0,11.131222,2.7211788,3.73,637629,Consumer Cyclical,0.6114007897884844,0,v1,phase6a,2026-07-12,0,0,0,0,0,0,v1,456,0.2766295707472178,456,0.2766295707472178,457,0.27503974562798095,^TWII,yfinance,2y,2026-10-07,scan_20261008_175914,False,False
True,0,0.7750002543131509,0.7666670481363931,True,False,買入 (動能增強),36.599998474121094,2026-10-07 00:00:00,37.052499771118164,-0.0350000381469755,True,False,0.5679118637186988,False,0.000734845716931059,34.85115794263662,0.0007822229337097827,0.0008395825159688662,-0.6335127084718395,-2.3337310108340614,-8.854374676997978,-0.6335127084718395,False,False,False,False,False,False,0.004844829873550407,False,-0.3081285932247806,中性,2425.TW,承啟,3449839360.0,43.59756,1.3711503,0.27,3229093,Technology,0.3844339700386162,2,v1,phase6a,2026-07-12,0,2,2,2,2,2,v1,151,0.7615262321144675,151,0.7615262321144675,158,0.7503974562798092,^TWII,yfinance,2y,2026-10-07,scan_20261008_175914,False,False
True,0,0.03333473205566407,1.271565755193299e-06,True,False,買入 (動能增強),36.099998474121094,2026-10-07 00:00:00,36.51249980926514,-0.005000114440917969,False,False,0.8859816501627055,False,0.0007248068405981727,34.2479705513329,0.0007637800741392151,0.0008111897314038833,-0.5342543332150118,-2.256704346266525,-5.095000266043481,-0.5342543332150118,False,False,False,False,False,False,0.0,False,-0.07435901348407448,中性,2387.TW,精元,6995784192.0,12.295918,0.67403793,11.08,322584,Technology,0.8969365645120946,2,v1,phase6a,2026-07-12,0,2,2,2,2,2,v1,147,0.7678855325914149,147,0.7678855325914149,154,0.7567567567567568,^TWII,yfinance,2y,2026-10-07,scan_20261008_175914,False,False
True,0,-0.041666666666666664,-0.07500012715657552,True,False,觀察 (跌勢收斂),39.400001525878906,2026-10-07 00:00:00,39.552500343322755,-0.007499885559077768,False,False,0.8341926761881389,False,0.000791063485667661,47.5049534036718,0.0008274132169008311,0.0008616792276681533,-0.460311074964459,-2.0957659603840995,-5.017592486292333,-0.460311074964459,False,False,False,False,False,False,0.0,False,-0.0295565761906883,中性,9925.TW,新保,15137709056.0,13.046358,1.0440129,5.08,729380,Industrials,0.7787163592512728,1,v1,phase6a,2026-07-12,0,1,1,1,1,1,v1,430,0.3179650238473768,430,0.3179650238473768,430,0.3179650238473768,^TWII,yfinance,2y,2026-10-07,scan_20261008_175914,False,False
True,0,-0.39999961853027344,-0.4416659673055013,True,False,觀察 (跌勢收斂),18.649999618530273,2026-10-07 00:00:00,18.635000133514403,-0.022500038146972656,True,True,1.3381372023954428,False,0.0003744500795576048,23.56197019058192,0.0003896427300388539,0.0004119897364775434,-0.40875635658834675,-2.7819392248485952,-7.2435720114866875,-0.40875635658834675,False,False,False,False,False,False,0.10415367271161383,False,-0.08801961257973323,中性,4102.TWO,永日,796631168.0,nan,1.3295615,0.0,32479,Healthcare,0.4367165401105695,2,v1,phase6a,2026-07-12,0,2,3,2,2,2,v1,200,0.6836248012718601,200,0.6836248012718601,203,0.6788553259141494,^TWII,yfinance,2y,2026-10-07,scan_20261008_175914,True,False
True,1,0.2166668574015299,0.21666717529296875,True,False,觀望 (動能減弱),23.399999618530273,2026-10-07 00:00:00,23.800000190734863,-0.03249998092651296,True,False,0.8705474892842922,False,0.00046981940472002476,57.03409966319757,0.0005010659203393359,0.0005225912633115811,-0.652141196103817,-2.6282983331684107,-8.441876599308584,-0.652141196103817,False,False,False,False,False,False,0.0,False,-0.31478774310455804,中性,1810.TW,和成,7063489536.0,6.4640884,0.82741064,0.85,10141312,Consumer Cyclical,0.7380682225401105,0,v1,phase6a,2026-07-12,0,0,0,0,0,0,v1,461,0.2686804451510334,461,0.2686804451510334,462,0.2670906200317965,^TWII,yfinance,2y,2026-10-07,scan_20261008_175914,False,False
True,0,118.33333333333333,95.83333333333333,True,False,買入 (動能增強),2450.0,2026-10-07 00:00:00,2437.0,-5.25,False,True,0.9243428123025377,False,0.04919049403114295,60.980589164130336,0.051187102862148205,0.055534974377970885,-0.4089114880689526,-1.4240273567612483,-4.836794932756594,-0.4089114880689526,False,False,False,False,False,False,0.003847860909425048,False,-0.23345863826010882,中性,3131.TWO,弘塑,69411938304.0,44.777477,21.974398,1.88,445953,Technology,0.23582758783152605,2,v1,phase6a,2026-07-12,0,2,3,2,2,2,v1,180,0.7154213036565977,180,0.7154213036565977,185,0.7074721780604134,^TWII,yfinance,2y,2026-10-07,scan_20261008_175914,False,False
True,0,1.5666656494140625,1.3999989827473958,True,False,買入 (動能增強),90.0999984741211,2026-10-07 00:00:00,91.56500015258788,-0.2049999237060547,False,False,0.32258483227430396,False,0.0018090054845498948,126.73001329019326,0.001912054006434664,0.001957723277988187,-0.5641066073130863,-2.32933772041809,-3.794503744230271,-0.5641066073130863,False,False,False,False,False,False,0.1502052647960943,False,-0.16370806541490412,中性,8932.TWO,智通*,39204421632.0,92.7,15.938789,0.8,3735486,Consumer Cyclical,0.15725463830680178,5,v1,phase6a,2026-07-12,0,5,5,5,5,5,v1,5,0.9936406995230525,5,0.9936406995230525,6,0.9920508744038156,^TWII,yfinance,2y,2026-10-07,scan_20261008_175914,True,True
True,1,0.10833342870076497,0.07499996821085611,True,False,買入 (動能增強),12.800000190734863,2026-10-07 00:00:00,12.724999952316285,0.0,False,True,1.3335964199177592,False,0.0002569952379514171,31.326253116359357,0.00026720261217685806,0.00028513747506532375,-0.40050401410880454,-1.9654883612598373,-6.235691414044409,-0.40050401410880454,False,False,False,False,False,False,0.03227103028429008,False,-0.062271022091569206,中性,4121.TWO,優盛,1101220736.0,nan,0.7755795,0.0,50847,Healthcare,0.5111121819219416,2,v1,phase6a,2026-07-12,0,2,3,2,2,2,v1,202,0.6804451510333863,202,0.6804451510333863,205,0.6756756756756757,^TWII,yfinance,2y,2026-10-07,scan_20261008_175914,False,False
False,0,0.30833307902018225,0.1033331553141276,False,True,強烈買入 (爆發),10.800000190734863,2026-10-07 00:00:00,9.86550006866455,0.049999999999998934,False,True,12.358374773139028,True,0.00021683973261987183,45.90953136357717,0.00020745509764104548,0.00021069107456834766,0.47845668262394003,-0.675154635903974,-3.7528054392559906,0.47845668262394003,True,True,False,False,False,True,0.7394139424623387,False,0.0,偏強 (RS上升),1455.TW,集盛,5449805824.0,19.339624,0.87809473,1.48,1394580,Consumer Cyclical,0.5972240827022179,3,v1,phase6a,2026-07-12,0,3,5,3,3,3,v1,36,0.9443561208267091,36,0.9443561208267091,48,0.9252782193958664,^TWII,yfinance,2y,2026-10-07,scan_20261008_175914,False,False
True,1,4.0,2.083333333333333,True,False,買入 (動能增強),174.0,2026-10-07 00:00:00,171.75,-0.15000000000000568,False,True,1.2085560165261886,False,0.003493528963844438,132.53951356313854,0.0036347737070074756,0.00382661544316883,-0.4073788452105376,-1.8146029046205436,-9.563653775679926,-0.4073788452105376,False,False,False,False,False,False,0.0055593136018037125,False,-0.3543599257884972,中性,8033.TW,雷虎,28069376000.0,341.0,8.623306,0.0,5982099,Consumer Cyclical,0.06983634542791861,3,v1,phase6a,2026-07-12,0,3,4,3,3,3,v1,89,0.8600953895071543,89,0.8600953895071543,93,0.8537360890302067,^TWII,yfinance,2y,2026-10-07,scan_20261008_175914,True,False
True,0,0.049999237060546875,0.2666664123535156,True,False,觀望 (動能減弱),73.5999984741211,2026-10-07 00:00:00,74.71000022888184,-0.20000000000000284,False,False,0.2248544468982132,False,0.0014777225655646464,41.714560301963886,0.00155706666717226,0.001630743955039026,-0.5335320712356872,-2.2333360098543253,-4.005989860295955,-0.5335320712356872,False,False,False,False,False,False,0.0011512580563900303,False,-0.0969325340598639,中性,6934.TW,心誠鎂,2659168000.0,nan,5.0214915,0.0,44386,Healthcare,0.2550686000356632,3,v1,phase6a,2026-07-12,0,3,3,3,3,3,v1,86,0.8648648648648649,86,0.8648648648648649,90,0.8585055643879174,^TWII,yfinance,2y,2026-10-07,scan_20261008_175914,True,True
True,0,0.3250001271565755,0.3333333333333333,True,False,觀望 (動能減弱),39.79999923706055,2026-10-07 00:00:00,39.88499984741211,-0.014999961853028765,False,False,0.16358480963575117,False,0.0007990945407796411,47.293318753539495,0.0008356147390280274,0.0008757553834038337,-0.45794154687890387,-1.9734966775618923,-5.004267235444004,-0.45794154687890387,False,False,False,False,False,False,0.0,False,-0.045563584918864475,中性,2945.TW,三商家購,2659500032.0,21.413044,1.3812445,3.77,16898,Consumer Defensive,0.5986980709226808,0,v1,phase6a,2026-07-12,0,0,0,0,0,0,v1,499,0.2082670906200318,499,0.2082670906200318,500,0.2066772655007949,^TWII,yfinance,2y,2026-10-07,scan_20261008_175914,False,False
True,0,-0.11833326021830241,-0.14166657129923502,True,False,觀察 (跌勢收斂),4.190000057220459,2026-10-07 00:00:00,4.16000006198883,-0.0014999866485601032,True,True,1.4837158668239137,False,8.412578481844555e-05,38.74136540283502,8.675690178851017e-05,9.274777893975761e-05,-0.3182206056159709,-2.9212686012532463,-7.0161551074191975,-0.3182206056159709,False,False,False,False,False,False,0.11884224603370784,False,-0.13070541327880636,中性,5701.TWO,劍湖山,572000000.0,nan,1.2957565,0.0,116407,Consumer Cyclical,0.4416535506655576,1,v1,phase6a,2026-07-12,0,1,2,1,1,1,v1,387,0.3863275039745628,387,0.3863275039745628,387,0.3863275039745628,^TWII,yfinance,2y,2026-10-07,scan_20261008_175914,False,False
True,1,-0.009262720743815102,0.06481107076009114,True,False,賣出 (動能轉弱),45.0,2026-10-07 00:00:00,45.36666469573974,-0.022222137451173296,False,False,1.6833586241780476,True,0.0009034988699597684,40.07729903148716,0.0009481817819897794,0.0009816438591329771,-0.49360239776116144,-1.9283800822537223,-4.187841698892491,-0.49360239776116144,False,False,False,False,False,False,0.0,False,-0.025270704428921653,中性,4527.TWO,方土霖,2775753984.0,9.493671,1.8028847,7.41,17643,Technology,0.781030962826978,0,v1,phase6a,2026-07-12,0,0,0,0,0,0,v1,530,0.1589825119236884,530,0.1589825119236884,531,0.1573926868044515,^TWII,yfinance,2y,2026-10-07,scan_20261008_175914,False,False
True,2,-0.3749993642171224,-0.416666030883789,True,False,觀察 (跌勢收斂),34.349998474121094,2026-10-07 00:00:00,34.69499969482422,-0.012500000000002842,False,False,0.6517157747803286,False,0.0006896707734330706,75.13597582463278,0.0007208110375232455,0.0007311407590682639,-0.4526961073319624,-2.0850979661762192,-2.1679428976304482,-0.4526961073319624,False,False,False,False,False,False,0.1445454773505325,False,-0.09247028113866451,中性,6418.TWO,詠昇,1184104576.0,90.26316,2.2984653,1.11,124840,Technology,0.29041767778344446,2,v1,phase6a,2026-07-12,0,2,2,2,2,2,v1,252,0.6009538950715422,252,0.6009538950715422,254,0.5977742448330684,^TWII,yfinance,2y,2026-10-07,scan_20261008_175914,True,False
True,0,3.083333333333333,2.75,True,False,買入 (動能增強),115.5,2026-10-07 00:00:00,111.3,0.125,False,True,1.3387052764042695,False,0.002318980432896739,24.539951972159166,0.0023381364682822227,0.002495933796078707,-0.08616636901799257,-1.1575898696291165,-2.6025584741658725,-0.08616636901799257,False,False,False,False,False,False,0.08754660067029003,False,-0.045454545454545414,中性,6230.TW,尼得科超眾,9972616192.0,nan,1.7174466,0.0,59797,Technology,0.389729818966545,2,v1,phase6a,2026-07-12,0,2,4,2,2,2,v1,244,0.6136724960254372,244,0.6136724960254372,246,0.6104928457869634,^TWII,yfinance,2y,2026-10-07,scan_20261008_175914,False,False
True,0,0.1916662851969401,0.17499955495198563,True,False,買入 (動能增強),17.200000762939453,2026-10-07 00:00:00,17.2,0.005000019073484907,False,True,1.2481465426922997,False,0.0003453373611693989,41.393464249618766,0.000360764195063406,0.00038166330734048745,-0.4481044979282256,-1.8406030948505014,-5.1660346184614125,-0.4481044979282256,False,False,False,False,False,False,0.0,False,-0.04709133019661649,中性,4173.TWO,久裕,1308773632.0,21.937498,0.69222575,6.05,52467,Healthcare,0.7489075341366686,2,v1,phase6a,2026-07-12,0,2,4,2,2,2,v1,205,0.6756756756756757,205,0.6756756756756757,208,0.670906200317965,^TWII,yfinance,2y,2026-10-07,scan_20261008_175914,False,False
True,1,-0.04166682561238608,-0.09166685740152994,True,False,觀察 (跌勢收斂),13.899999618530273,2026-10-07 00:00:00,14.014999961853027,-0.03250002861022949,False,False,0.20781811758349092,False,0.00027908075439518474,21.610971879008826,0.00029324452486782164,0.000315938831453691,-0.5058513379986307,-2.0376539394973525,-5.75887760458299,-0.5058513379986307,False,False,False,False,False,False,0.0,False,-0.09740259981533395,中性,3272.TWO,東碩,832634816.0,nan,0.94307613,0.0,57440,Technology,0.4884700300663067,1,v1,phase6a,2026-07-12,0,1,1,1,1,1,v1,360,0.4292527821939587,360,0.4292527821939587,360,0.4292527821939587,^TWII,yfinance,2y,2026-10-07,scan_20261008_175914,False,False
True,0,1.833333333333334,12.916666666666668,True,False,觀望 (動能減弱),469.5,2026-10-07 00:00:00,487.475,1.3500000000000227,False,False,0.3884779317936105,False,0.00942650487658025,216.16539684187435,0.009961959497770543,0.009813297426294656,-0.562605573171493,-1.5175109772643913,10.85738027587242,-0.562605573171493,False,False,True,False,False,False,0.5298596173502651,False,-0.10400763358778631,中性,6291.TWO,沛亨,18763563008.0,37.975777,12.962471,1.28,1029116,Technology,0.23464510580913842,0,v1,phase6a,2026-07-12,0,0,1,0,0,0,v1,562,0.10810810810810811,562,0.10810810810810811,562,0.10810810810810811,^TWII,yfinance,2y,2026-10-07,scan_20261008_175914,False,False
True,0,0.21166674296061197,0.19000005722045896,True,False,買入 (動能增強),10.0,2026-10-07 00:00:00,9.871499967575073,0.0,False,True,1.027624965785628,False,0.00020077752665772632,16.156081930066332,0.0002090021593625171,0.00023713050718906077,-0.4125217668173642,-2.842622213495749,-10.490370461940401,-0.4125217668173642,False,False,False,False,False,False,0.09959392971533701,False,-0.20948614216939876,中性,3011.TW,今皓,1279615872.0,nan,0.96264505,0.0,531765,Technology,0.48642712914700126,2,v1,phase6a,2026-07-12,0,2,3,2,2,2,v1,169,0.7329093799682035,169,0.7329093799682035,176,0.7217806041335453,^TWII,yfinance,2y,2026-10-07,scan_20261008_175914,False,False
True,0,0.900000254313151,0.3666667938232421,True,False,買入 (動能增強),61.5,2026-10-07 00:00:00,59.89999980926514,-0.020000076293939628,True,True,0.6964966687016718,False,0.0012347817889450169,14.324861468555817,0.0012631580684459493,0.001350032849476032,-0.2359111067734232,-1.4775712665283547,-7.585325805663567,-0.2359111067734232,False,False,False,False,False,False,0.1359673217357412,False,-0.09558823529411764,中性,6546.TWO,正基,4111152128.0,15.110564,1.9294118,4.06,272379,Technology,0.6087481623551352,3,v1,phase6a,2026-07-12,0,3,4,3,3,3,v1,81,0.8728139904610492,81,0.8728139904610492,86,0.8648648648648649,^TWII,yfinance,2y,2026-10-07,scan_20261008_175914,True,False
True,0,0.15000025431315106,0.21666717529296875,True,False,觀望 (動能減弱),77.5,2026-10-07 00:00:00,77.72999992370606,-0.020000076293939628,True,False,1.3492840589381863,False,0.001556025831597379,44.96676631644028,0.00162482537332556,0.0016834627967931878,-0.4437351600398043,-1.9443390001095073,-4.1672175186085125,-0.4437351600398043,False,False,False,False,False,False,0.007397189706838364,False,-0.008951367973907831,中性,4126.TWO,太醫,5626500096.0,13.02521,1.9697547,5.81,36209,Healthcare,0.6835910706598082,0,v1,phase6a,2026-07-12,0,0,0,0,0,0,v1,521,0.17329093799682035,521,0.17329093799682035,522,0.17170111287758347,^TWII,yfinance,2y,2026-10-07,scan_20261008_175914,False,False
True,0,-6.535736083984375,1.9464772542317696,True,False,賣出 (動能轉弱),302.1276550292969,2026-10-07 00:00:00,314.24518127441405,-0.10271453857421875,False,False,0.0,False,0.0060660443311680995,277.5430108047375,0.006361982449146461,0.005780303972658499,-0.48726308048981926,-0.7068735886584299,19.535680694444956,-0.48726308048981926,False,True,True,False,False,False,0.6743107181196493,False,-0.09661866606125635,中性,6173.TWO,信昌電,42694377472.0,50.44405,4.7911463,0.2,12385346,Technology,0.1962370613653904,0,v1,phase6a,2026-07-12,0,0,0,0,0,0,v1,557,0.11605723370429252,557,0.11605723370429252,558,0.11446740858505565,^TWII,yfinance,2y,2026-10-07,scan_20261008_175914,False,False
True,0,-0.05833307902018229,-0.1749998728434245,True,False,觀察 (跌勢收斂),43.0,2026-10-07 00:00:00,43.0850004196167,-0.007500076293943891,False,False,1.6224380843251127,True,0.0008633433646282232,51.48444454952429,0.0008998280712586845,0.0009331069942610375,-0.4249893795507109,-1.8002153064342163,-4.120582280493823,-0.4249893795507109,False,False,False,False,False,False,0.011197407998972841,False,-0.011494252873563204,中性,9918.TW,欣天然,7636592128.0,16.12782,2.2612271,3.46,27280,Utilities,0.5501800294771765,1,v1,phase6a,2026-07-12,0,1,1,1,1,1,v1,429,0.3195548489666137,429,0.3195548489666137,429,0.3195548489666137,^TWII,yfinance,2y,2026-10-07,scan_20261008_175914,False,False
True,0,0.33333301544189453,0.41666666666666663,True,False,觀望 (動能減弱),23.899999618530273,2026-10-07 00:00:00,24.1625,-0.05749998092651154,False,False,1.6220508166969148,True,0.0004798582810529111,42.05528433482467,0.0005070545190308079,0.000536140016771863,-0.5614169198633778,-1.9076112404308843,-6.184238964670685,-0.5614169198633778,False,False,False,False,False,False,0.0,False,-0.10986967303640593,中性,4166.TWO,友霖,5881449472.0,24.444445,2.2126727,0.0,135184,Healthcare,0.307183028881213,1,v1,phase6a,2026-07-12,0,1,1,1,1,1,v1,367,0.41812400635930047,367,0.41812400635930047,367,0.41812400635930047,^TWII,yfinance,2y,2026-10-07,scan_20261008_175914,True,False
True,0,0.16666793823242188,-0.06666564941406254,True,False,買入 (動能增強),74.0,2026-10-07 00:00:00,72.36000022888183,-0.06500015258789915,True,True,2.379217351844574,True,0.0014857536972671748,33.118096254201895,0.0015320343547278016,0.0016833627874154658,-0.31697762547718833,-2.685229949485368,-10.999149485143867,-0.31697762547718833,False,False,False,False,False,False,0.06778124352437964,False,-0.209401696513277,中性,5388.TW,中磊,21879488512.0,16.55329,1.3498771,3.38,3844666,Technology,0.6336365819622762,2,v1,phase6a,2026-07-12,0,2,3,2,2,2,v1,220,0.6518282988871225,220,0.6518282988871225,223,0.6470588235294118,^TWII,yfinance,2y,2026-10-07,scan_20261008_175914,False,False
True,0,1.5833333333333335,2.75,True,False,觀望 (動能減弱),116.5,2026-10-07 00:00:00,117.625,0.04999999999999716,False,False,0.46488221013102676,False,0.0023390581855625117,45.474418540514975,0.002473562409054851,0.00262337305623963,-0.5691289637014485,-2.0614329501763673,-5.775486801801777,-0.5691289637014485,False,False,False,False,False,False,0.0,False,-0.11742424242424243,中性,7786.TW,東方風能,20410664960.0,10.488246,2.0973458,4.81,165327,Industrials,0.6882012022593299,0,v1,phase6a,2026-07-12,0,0,1,0,0,0,v1,601,0.046104928457869634,601,0.046104928457869634,601,0.046104928457869634,^TWII,yfinance,2y,2026-10-07,scan_20261008_175914,False,False
True,1,15.416666666666666,14.583333333333334,True,False,買入 (動能增強),535.0,2026-10-07 00:00:00,525.575,-2.5,False,True,1.5195860835351078,True,0.010741597676188357,127.05120133888765,0.011140250413521319,0.011183703050763123,-0.3752695715007026,-1.6821996894735292,-8.852654144028548,-0.3752695715007026,False,False,False,False,False,False,0.40974543410682146,False,-0.1718266253869969,中性,3450.TW,聯鈞,76045475840.0,106.31365,13.616445,0.19,8966560,Technology,0.12592232632715875,4,v1,phase6a,2026-07-12,0,4,5,4,4,4,v1,23,0.9650238473767886,23,0.9650238473767886,27,0.958664546899841,^TWII,yfinance,2y,2026-10-07,scan_20261008_175914,False,True
True,0,3.583333333333333,2.1666666666666665,True,False,買入 (動能增強),156.0,2026-10-07 00:00:00,152.575,-0.125,True,True,0.6569479902920718,False,0.0031321294158605305,44.48983102209692,0.003193459287962904,0.0031830414537509268,-0.2017483552441357,-1.076695443140474,-2.6549057247683416,-0.2017483552441357,False,False,True,False,False,False,0.08694336519353588,False,-0.04967838529236546,中性,2377.TW,微星,130530279424.0,13.505245,2.2482538,2.69,12474225,Technology,0.560745162586216,4,v1,phase6a,2026-07-12,0,4,5,4,4,4,v1,18,0.972972972972973,18,0.972972972972973,22,0.9666136724960255,^TWII,yfinance,2y,2026-10-07,scan_20261008_175914,False,True
True,0,-0.4666665395100912,-0.3666667938232422,True,False,賣出 (動能轉弱),24.200000762939453,2026-10-07 00:00:00,24.497500038146974,-0.039999961853027344,True,False,0.9348204013998183,False,0.0004858816298298073,10.082302090088561,0.0005120953310975614,0.0005576082861522653,-0.5359448300003122,-2.9019777774467292,-7.021168817607548,-0.5359448300003122,False,False,False,False,False,False,0.0638938589098279,False,-0.11029411455339222,中性,1225.TW,福懋油,5814437888.0,114.28572,1.5473888,0.0,121098,Consumer Defensive,0.2652305364453132,0,v1,phase6a,2026-07-12,0,0,0,0,0,0,v1,441,0.3004769475357711,441,0.3004769475357711,442,0.2988871224165342,^TWII,yfinance,2y,2026-10-07,scan_20261008_175914,False,False
True,1,0.3416668574015299,0.5000003178914387,True,False,觀望 (動能減弱),24.600000381469727,2026-10-07 00:00:00,24.934999847412108,0.005000019073484907,False,False,0.6976794723255716,False,0.0004939127232370616,71.60701289731897,0.0005205680354024786,0.000543371442595213,-0.5361028816649127,-1.67438048398717,-2.3497645316291393,-0.5361028816649127,False,False,False,False,False,False,0.0,False,-0.029585798371357552,中性,1780.TWO,立弘,2688698624.0,13.252687,1.773764,5.08,99898,Healthcare,0.6819785781654385,0,v1,phase6a,2026-07-12,0,0,1,0,0,0,v1,457,0.27503974562798095,457,0.27503974562798095,458,0.27344992050874406,^TWII,yfinance,2y,2026-10-07,scan_20261008_175914,False,False
True,0,6.166666666666666,0.5000000000000003,True,False,買入 (動能增強),193.0,2026-10-07 00:00:00,180.775,-0.04999999999998295,True,True,2.294637790332797,True,0.003875006264494118,604.270898764128,0.003786159083350481,0.004022454387239923,0.24762545398850921,-0.9696169887814743,-3.406491881284457,0.24762545398850921,True,False,False,False,False,True,0.7068020044676965,False,-0.05623471882640585,中性,5475.TWO,德宏,25806784512.0,158.59375,23.695576,0.0,5439384,Consumer Cyclical,0.06294749349072594,2,v1,phase6a,2026-07-12,0,2,3,2,2,2,v1,221,0.6502384737678856,221,0.6502384737678856,224,0.6454689984101749,^TWII,yfinance,2y,2026-10-07,scan_20261008_175914,False,False
True,0,10.166666666666666,6.25,True,False,買入 (動能增強),240.0,2026-10-07 00:00:00,238.275,-0.7249999999999943,True,True,1.4333748522483922,False,0.004818660639785432,97.6420197135214,0.005041120954385146,0.005201384642923799,-0.4623694403886658,-1.2037371055044765,-8.528619741972998,-0.4623694403886658,False,False,False,False,False,False,0.2742399308097203,False,-0.16666666666666663,中性,2486.TW,一詮,56878198784.0,202.11865,9.278351,0.21,7633813,Technology,0.1225479569464248,3,v1,phase6a,2026-07-12,0,3,4,3,3,3,v1,55,0.9141494435612083,55,0.9141494435612083,63,0.9014308426073132,^TWII,yfinance,2y,2026-10-07,scan_20261008_175914,True,False
True,0,0.34166717529296875,0.2999998728434245,True,False,買入 (動能增強),32.5,2026-10-07 00:00:00,32.56499977111817,-0.012499999999995737,True,False,0.8818421596199374,False,0.0006525269616376105,32.81785281760105,0.0006819502887160974,0.0007071281438791338,-0.4521135264009102,-1.7779862943268054,-4.547733424769628,-0.4521135264009102,False,False,False,False,False,False,0.00789806937498683,False,-0.019607888264242646,中性,1527.TW,鑽全,4496615936.0,15.3791485,0.93223023,4.62,160552,Industrials,0.7433679788644394,4,v1,phase6a,2026-07-12,0,4,4,4,4,4,v1,12,0.9825119236883942,12,0.9825119236883942,16,0.9761526232114467,^TWII,yfinance,2y,2026-10-07,scan_20261008_175914,False,True
True,1,0.02499993642171224,0.016666730244954426,True,False,買入 (動能增強),20.950000762939453,2026-10-07 00:00:00,20.88249988555908,0.0,False,True,1.5173546243802587,True,0.00042062893366604626,43.99321391186122,0.0004367205050567568,0.0004534298432067151,-0.3863581568453456,-1.9755367755423192,-4.479948256051969,-0.3863581568453456,False,False,False,False,False,False,0.023373587335640936,False,-0.011792452405805287,中性,1731.TW,美吾華,2797860608.0,13.940397,1.2758348,5.84,115248,Healthcare,0.7510479750338638,4,v1,phase6a,2026-07-12,0,4,5,4,4,4,v1,15,0.9777424483306836,15,0.9777424483306836,19,0.9713831478537361,^TWII,yfinance,2y,2026-10-07,scan_20261008_175914,False,True
False,0,0.45000012715657545,0.3333333333333333,False,True,強烈買入 (爆發),11.300000190734863,2026-10-07 00:00:00,10.717500019073487,0.04250001907348633,False,True,1.70766933345163,True,0.00022687860895275814,61.21767042278487,0.00022603342808479322,0.00023087419573863878,0.039375343167802335,-0.41612854557274703,-3.4531467830009044,0.039375343167802335,True,False,False,False,False,True,0.1968198210550642,False,-0.24161070603775703,中性,1718.TW,中纖,16174402560.0,50.833332,0.68570143,0.0,23969895,Financial Services,0.4100250982113931,3,v1,phase6a,2026-07-12,0,3,5,3,3,3,v1,40,0.9379968203497615,40,0.9379968203497615,52,0.918918918918919,^TWII,yfinance,2y,2026-10-07,scan_20261008_175914,False,False
False,0,0.6250003178914387,0.150000254313151,False,True,強烈買入 (爆發),27.799999237060547,2026-10-07 00:00:00,25.8875,0.07999992370605469,False,True,7.174992935498669,True,0.0005581615087903695,46.27563750581993,0.0005442928422099583,0.0005676528868941264,0.2689334817372213,-0.9981027147858423,-4.323078307849359,0.2689334817372213,True,False,False,False,False,True,0.28427472536188775,False,-0.015929230546529283,中性,1325.TW,恆大,2605334528.0,nan,1.0124611,0.0,407775,Consumer Cyclical,0.4809793933621868,3,v1,phase6a,2026-07-12,0,3,5,3,3,3,v1,34,0.9475357710651828,34,0.9475357710651828,46,0.9284578696343402,^TWII,yfinance,2y,2026-10-07,scan_20261008_175914,False,False
True,1,0.3916670481363932,0.27499961853027344,True,False,買入 (動能增強),35.900001525878906,2026-10-07 00:00:00,35.407500457763675,0.04250011444091939,False,True,0.8001790845866393,False,0.0007207913513374568,39.00146773610873,0.0007388587934417208,0.000750559969932551,-0.25674096804798596,-1.532190202465844,-1.8420239875198807,-0.25674096804798596,False,False,False,False,False,False,0.2243168943804775,False,-0.0013907993323908352,中性,1102.TW,亞泥,128917561344.0,9.4661455,0.699025,6.41,10879570,Basic Materials,0.9076998298072629,2,v1,phase6a,2026-07-12,0,2,4,2,2,2,v1,97,0.8473767885532592,97,0.8473767885532592,105,0.834658187599364,^TWII,yfinance,2y,2026-10-07,scan_20261008_175914,False,False
False,0,-0.39166673024495446,0.14166673024495435,False,True,強烈賣出 (跌破),28.850000381469727,2026-10-07 00:00:00,30.342500114440917,-0.07249994277954386,False,False,0.6025038471641937,False,0.0005792431720665952,38.74998202988395,0.0006358846038154307,0.0006787894938278802,-0.9289218888632989,-3.6273612832407265,-8.479397716707382,-0.9289218888632989,False,False,False,False,False,False,0.0,False,-0.3064903500076569,中性,5227.TWO,立凱-KY,2129339264.0,nan,3.09844,0.0,629360,Industrials,0.2984802445709032,0,v1,phase6a,2026-07-12,0,0,0,0,0,0,v1,539,0.14467408585055644,539,0.14467408585055644,540,0.14308426073131955,^TWII,yfinance,2y,2026-10-07,scan_20261008_175914,False,False
True,0,8.666666666666668,5.5,True,False,買入 (動能增強),193.0,2026-10-07 00:00:00,189.925,-0.5,True,True,1.0132263314005998,False,0.003875006264494118,108.57016038930735,0.003983295746376904,0.003883030728861635,-0.2853507929715171,-1.798798828200776,-4.320444090388865,-0.2853507929715171,False,False,True,False,False,False,0.45766219634042016,False,-0.13063063063063063,中性,2464.TW,盟立,40928481280.0,467.5,7.1021647,0.26,12879723,Industrials,0.12507802729920683,4,v1,phase6a,2026-07-12,0,4,5,4,4,4,v1,19,0.9713831478537361,19,0.9713831478537361,23,0.9650238473767886,^TWII,yfinance,2y,2026-10-07,scan_20261008_175914,False,True
True,0,-0.0666669209798177,-0.33333396911621094,True,False,觀察 (跌勢收斂),46.099998474121094,2026-10-07 00:00:00,45.78000011444092,0.022499847412106533,False,True,0.9325037943880687,False,0.000925584367255899,21.931934212472985,0.0009516696612017458,0.0009694050829864233,-0.287696550217309,-1.5195456666490914,-1.8881873655476333,-0.287696550217309,False,False,False,False,False,False,0.22952510919917976,False,-0.01178999000573877,中性,8442.TW,威宏-KY,3410262016.0,15.986842,0.9175524,6.6,79396,Consumer Cyclical,0.7846015727301362,1,v1,phase6a,2026-07-12,0,1,3,1,1,1,v1,422,0.33068362480127184,422,0.33068362480127184,422,0.33068362480127184,^TWII,yfinance,2y,2026-10-07,scan_20261008_175914,False,False
True,1,0.41666666666666663,0.5833333333333333,True,False,觀望 (動能減弱),108.0,2026-10-07 00:00:00,108.1,0.0,False,False,1.5238560196277506,True,0.002168397287903444,42.08616737365026,0.0022636465511875342,0.002372119781643505,-0.440971026572079,-1.960306265677536,-4.621884394421405,-0.440971026572079,False,False,False,False,False,False,0.0009995533292664748,False,-0.060869565217391286,中性,3679.TW,新至陞,6806400512.0,9.168081,1.4065797,8.33,43208,Technology,0.8369143241932893,0,v1,phase6a,2026-07-12,0,0,0,0,0,0,v1,514,0.18441971383147854,514,0.18441971383147854,515,0.18282988871224165,^TWII,yfinance,2y,2026-10-07,scan_20261008_175914,False,False
True,1,-0.056666692097981766,-0.048333485921223954,True,False,賣出 (動能轉弱),9.920000076293945,2026-10-07 00:00:00,9.986499881744384,-0.01399998664856028,False,False,1.547944048858743,True,0.00019917130797627547,33.983100483473855,0.00020899743674067278,0.00022044233500502735,-0.49246328919867466,-2.225470700356813,-5.619538234652344,-0.49246328919867466,False,False,False,False,False,False,0.0,False,-0.0507176787219924,中性,1324.TW,地球,742205376.0,nan,0.82802546,0.0,37508,Industrials,0.5039620287043728,0,v1,phase6a,2026-07-12,0,0,0,0,0,0,v1,443,0.2972972972972973,443,0.2972972972972973,444,0.2957074721780604,^TWII,yfinance,2y,2026-10-07,scan_20261008_175914,False,False
True,1,0.49166647593180335,0.37499968210856116,True,False,買入 (動能增強),30.600000381469727,2026-10-07 00:00:00,30.247500038146974,0.012500000000002842,False,True,1.190954848791464,False,0.0006143792392316974,40.99296705670446,0.0006344939310341453,0.0006579161346629773,-0.33259480139873343,-1.5736301937217645,-4.542655640759985,-0.33259480139873343,False,False,False,False,False,False,0.04171215304873221,False,-0.016077170220805348,中性,1603.TW,華電,4860687872.0,10.967742,0.60488653,6.58,198450,Technology,0.9007391019735858,4,v1,phase6a,2026-07-12,0,4,6,4,4,4,v1,13,0.9809220985691574,13,0.9809220985691574,17,0.9745627980922098,^TWII,yfinance,2y,2026-10-07,scan_20261008_175914,False,True
True,0,-0.09166685740152994,-0.15000025431315103,True,False,觀察 (跌勢收斂),20.100000381469727,2026-10-07 00:00:00,20.227499961853027,-0.019999980926513672,True,False,0.6795059486873102,False,0.00040356283624108473,30.4678353907477,0.0004239061808903361,0.00044979341552613556,-0.5026210151982013,-2.5005531086123245,-7.168960141463055,-0.5026210151982013,False,False,False,False,False,False,0.015468862676499221,False,-0.08636361902410339,中性,2646.TW,星宇航空,60475572224.0,nan,1.9659625,0.0,4458509,Industrials,0.36453404096177827,1,v1,phase6a,2026-07-12,0,1,1,1,1,1,v1,347,0.44992050874403816,347,0.44992050874403816,347,0.44992050874403816,^TWII,yfinance,2y,2026-10-07,scan_20261008_175914,False,False
True,0,1.0333328247070312,1.2499999999999998,True,False,觀望 (動能減弱),91.0,2026-10-07 00:00:00,91.22999992370606,0.0,False,False,1.2989355944434422,False,0.0018270754925853094,25.78753339169092,0.0019170389111536552,0.002054411439114486,-0.49155414215613646,-2.0615470347284948,-5.845257389506841,-0.49155414215613646,False,False,False,False,False,False,0.0,False,-0.1333333333333333,中性,6569.TWO,醫揚,3913747968.0,19.571735,2.302383,3.3,43462,Healthcare,0.504057061334513,0,v1,phase6a,2026-07-12,0,0,0,0,0,0,v1,566,0.10174880763116058,566,0.10174880763116058,566,0.10174880763116058,^TWII,yfinance,2y,2026-10-07,scan_20261008_175914,False,False
True,1,0.2833334604899089,0.3333336512247721,True,False,觀望 (動能減弱),28.899999618530273,2026-10-07 00:00:00,29.007499980926514,-0.005000019073484907,True,False,0.6745757160181686,False,0.0005802470443817742,32.786139138821326,0.0006062858583635113,0.000627164636024616,-0.45005044931988314,-1.9578605327795096,-3.345400635144502,-0.45005044931988314,False,False,False,False,False,False,0.019791144932279642,False,-0.0513335586886724,中性,2352.TW,佳世達,45123461120.0,36.602566,1.1340616,3.47,6324482,Technology,0.5608434403196091,0,v1,phase6a,2026-07-12,0,0,0,0,0,0,v1,468,0.2575516693163752,468,0.2575516693163752,469,0.2559618441971383,^TWII,yfinance,2y,2026-10-07,scan_20261008_175914,False,False
True,0,1.1166664759318032,0.8666664759318033,True,False,買入 (動能增強),32.04999923706055,2026-10-07 00:00:00,31.11250009536743,0.03749999999999787,False,True,1.0932820098167613,False,0.0006434919576199032,30.946392937494508,0.0006546337356390944,0.0006946325389461507,-0.17883608070593526,-1.030469892649577,-3.865400942779862,-0.17883608070593526,False,False,False,False,False,False,0.015762075944961616,False,-0.02731415796782577,中性,6835.TW,圓裕,2106591872.0,110.51724,1.2055217,3.14,35804,Industrials,0.47435703495935416,2,v1,phase6a,2026-07-12,0,2,4,2,2,2,v1,271,0.5707472178060413,271,0.5707472178060413,272,0.5691573926868044,^TWII,yfinance,2y,2026-10-07,scan_20261008_175914,False,False
True,0,12.916666666666664,15.499999999999998,True,False,觀望 (動能減弱),292.5,2026-10-07 00:00:00,296.15,0.2999999999999545,False,False,0.6177286849334476,False,0.0058727426547384946,46.42411554772988,0.00617651659861842,0.006205484650228953,-0.5150397307743804,-1.2303261779804453,1.7042559744585128,-0.5150397307743804,False,False,False,False,False,False,0.287222135863745,False,-0.05032467532467533,中性,6937.TW,天虹,19331663872.0,63.10573,5.4519506,0.48,491236,Technology,0.18569594637060463,2,v1,phase6a,2026-07-12,0,2,3,2,2,2,v1,275,0.5643879173290938,275,0.5643879173290938,276,0.5627980922098569,^TWII,yfinance,2y,2026-10-07,scan_20261008_175914,False,True
True,0,-0.00833352406819661,-0.10833358764648439,True,False,觀察 (跌勢收斂),30.549999237060547,2026-10-07 00:00:00,30.482499980926512,-0.012500000000002842,True,True,1.7754747780240583,True,0.0006133753286212442,32.29166218585999,0.0006400946341833748,0.0006933790509509983,-0.4374750371934133,-2.3427114708217567,-7.648246489291344,-0.4374750371934133,False,False,False,False,False,False,0.03872434194373593,False,-0.11705200623317147,中性,1533.TW,車王電,2966264832.0,11.231343,1.1968191,0.0,112364,Consumer Cyclical,0.5616117336626745,1,v1,phase6a,2026-07-12,0,1,2,1,1,1,v1,319,0.4944356120826709,319,0.4944356120826709,319,0.4944356120826709,^TWII,yfinance,2y,2026-10-07,scan_20261008_175914,False,False
True,0,0.7083333333333333,0.6916669209798176,True,False,買入 (動能增強),22.350000381469727,2026-10-07 00:00:00,21.970000076293946,0.022500038146972656,False,True,0.49790572729175475,False,0.0004487377797390731,42.9031094695043,0.00045980117349418237,0.0004659331352438962,-0.2526365105827155,-0.6649136981482062,-0.9121044956583613,-0.2526365105827155,False,False,False,False,False,False,0.3248848806072718,False,-0.02614380660233484,中性,3308.TW,聯德,1335004032.0,14.082278,1.1512988,0.0,103927,Industrials,0.5229763158137735,4,v1,phase6a,2026-07-12,0,4,6,4,4,4,v1,22,0.9666136724960255,22,0.9666136724960255,26,0.9602543720190779,^TWII,yfinance,2y,2026-10-07,scan_20261008_175914,False,True
True,0,0.7416664759318032,0.65833314259847,True,False,買入 (動能增強),17.799999237060547,2026-10-07 00:00:00,17.557500171661378,0.047499942779541726,False,True,0.6130683676234562,False,0.0003573839821326432,76.43499015144273,0.00036513538160393746,0.00036692447611770654,-0.222963204516069,-0.6011207154396736,3.0980458776321163,-0.222963204516069,False,False,False,False,False,False,0.4568123183431863,False,-0.016574648513063672,中性,6015.TWO,宏遠證,7135641088.0,4.362981,1.0691564,3.09,2060410,Financial Services,0.7988995815584842,2,v1,phase6a,2026-07-12,0,2,4,2,2,2,v1,228,0.6391096979332274,228,0.6391096979332274,231,0.6343402225755167,^TWII,yfinance,2y,2026-10-07,scan_20261008_175914,False,False
False,0,2.0000012715657554,0.9166679382324219,False,True,強烈買入 (爆發),80.5999984741211,2026-10-07 00:00:00,75.88999938964844,0.054999923706049,False,True,0.7904311953028413,False,0.0016182668342250549,51.25405055564301,0.0016183393825511668,0.0016864338954043472,-0.0004718806174253132,-1.3759082851396376,-11.592098360766279,-0.0004718806174253132,False,False,False,False,False,True,0.2562874028240401,False,-0.08409092643044214,中性,1563.TW,巧新,10063533056.0,55.454548,1.5592128,3.15,793247,Consumer Cyclical,0.45780653939357946,3,v1,phase6a,2026-07-12,0,3,5,3,3,3,v1,39,0.9395866454689984,39,0.9395866454689984,51,0.9205087440381559,^TWII,yfinance,2y,2026-10-07,scan_20261008_175914,False,False
True,0,1.1166674296061199,1.2833340962727864,True,False,觀望 (動能減弱),61.0,2026-10-07 00:00:00,60.66500015258789,0.02999992370605753,False,True,0.4034349605210074,False,0.0012247429126121304,61.90816676369791,0.0012745593052007674,0.0013011786290703035,-0.40973729875322107,-1.9946743037089654,-5.3046265748873385,-0.40973729875322107,False,False,False,False,False,False,0.03843996527692443,False,-0.08819135114065146,中性,2248.TW,華勝-KY,2870279936.0,8.351801,1.6278379,5.09,135376,Consumer Cyclical,0.7709072083718925,0,v1,phase6a,2026-07-12,0,0,2,0,0,0,v1,466,0.26073131955484896,466,0.26073131955484896,467,0.2591414944356121,^TWII,yfinance,2y,2026-10-07,scan_20261008_175914,False,False
True,0,0.09999974568684897,0.03333282470703124,True,False,買入 (動能增強),52.70000076293945,2026-10-07 00:00:00,53.095000457763675,-0.039999961853027344,False,False,2.600198211830902,True,0.0010580975808043274,36.67799982521442,0.001110636581933977,0.0011574262461560634,-0.4954833063649855,-1.98814154173107,-4.917727838060837,-0.4954833063649855,False,False,False,False,False,False,0.0,False,-0.024074059945565662,中性,8435.TWO,鉅邁,1855063680.0,9.6875,1.9731916,6.07,21001,Basic Materials,0.7412062970896365,2,v1,phase6a,2026-07-12,0,2,2,2,2,2,v1,294,0.534181240063593,294,0.534181240063593,294,0.534181240063593,^TWII,yfinance,2y,2026-10-07,scan_20261008_175914,False,False
True,1,0.43333307902018225,0.43333307902018225,True,False,觀望 (動能減弱),17.799999237060547,2026-10-07 00:00:00,17.504999923706055,0.019999980926513672,False,True,1.3488377105538252,False,0.0003573839821326432,39.14393777554534,0.0003681577396826871,0.000378828158338871,-0.30709582028550786,-1.157242487537813,-4.355300639185655,-0.30709582028550786,False,False,False,False,False,False,0.0058262091618499455,False,-0.03783787907780822,中性,4430.TWO,耀億,1100148992.0,51.44737,0.62762845,2.81,41418,Consumer Cyclical,0.5683775047217706,2,v1,phase6a,2026-07-12,0,2,4,2,2,2,v1,208,0.670906200317965,208,0.670906200317965,211,0.6661367249602543,^TWII,yfinance,2y,2026-10-07,scan_20261008_175914,False,True
True,1,0.44166660308837885,0.625,True,False,觀望 (動能減弱),28.350000381469727,2026-10-07 00:00:00,28.747500228881837,-0.04250001907348633,True,False,1.3115736104169888,False,0.0005692042957337089,38.14108503163232,0.0006011530894210712,0.0006297710963155674,-0.5563178220280629,-2.0519130609163327,-3.2566230209192026,-0.5563178220280629,False,False,False,False,False,False,0.02100345879915779,False,-0.03898303791628044,中性,6134.TWO,萬旭,2292696064.0,35.0,1.8746653,0.71,261058,Technology,0.36837445064925234,0,v1,phase6a,2026-07-12,0,0,0,0,0,0,v1,554,0.12082670906200318,554,0.12082670906200318,555,0.1192368839427663,^TWII,yfinance,2y,2026-10-07,scan_20261008_175914,False,False
True,0,0.6916669209798176,0.4583333333333333,True,False,買入 (動能增強),35.650001525878906,2026-10-07 00:00:00,34.805000114440915,0.03250007629394247,False,True,1.467581709218502,False,0.0007157719131710136,43.027453180708676,0.0007331020829810984,0.0007791308366848744,-0.24821922590180234,-1.8114530800669049,-6.412283609291114,-0.24821922590180234,False,False,False,False,False,False,0.10254681792701464,False,-0.0752269200668022,中性,6151.TWO,晉倫,1942294144.0,15.085838,1.8873497,4.21,134977,Basic Materials,0.6175429175214676,2,v1,phase6a,2026-07-12,0,2,4,2,2,2,v1,234,0.629570747217806,234,0.629570747217806,236,0.6263910969793323,^TWII,yfinance,2y,2026-10-07,scan_20261008_175914,False,False
True,0,-0.8499984741210938,-1.033331553141276,True,False,觀察 (跌勢收斂),75.0,2026-10-07 00:00:00,75.08000030517579,0.04500007629394531,False,False,0.4687180113426167,False,0.0015058314499329475,39.9092073349607,0.0015637123161670876,0.0015989627237292495,-0.3881197097982958,-2.005759164587262,-3.5150990566715556,-0.3881197097982958,False,False,False,False,False,False,0.061552585829061694,False,-0.03100777104088892,中性,6527.TWO,明達醫,1875315456.0,12.847221,1.8181818,3.87,23502,Healthcare,0.6496252720514478,1,v1,phase6a,2026-07-12,0,1,2,1,1,1,v1,404,0.35930047694753575,404,0.35930047694753575,404,0.35930047694753575,^TWII,yfinance,2y,2026-10-07,scan_20261008_175914,False,False
True,0,0.10000038146972655,-0.058333079020182296,True,False,買入 (動能增強),44.25,2026-10-07 00:00:00,43.35,-0.012499999999995737,False,True,0.5527355805105434,False,0.0008884405554604389,24.995278380760453,0.0009116877606445168,0.0009877653887209392,-0.2676929197473532,-1.9728779281773967,-6.958021216026388,-0.2676929197473532,False,False,False,False,False,False,0.08548604942131754,False,-0.048387096774193505,中性,7839.TWO,達人網,664225088.0,18.965517,nan,4.6,13890,Technology,0.5890781894935557,2,v1,phase6a,2026-07-12,0,2,3,2,2,2,v1,284,0.5500794912559619,284,0.5500794912559619,285,0.548489666136725,^TWII,yfinance,2y,2026-10-07,scan_20261008_175914,False,False
True,0,-0.23333326975504556,-0.22499990463256836,True,False,賣出 (動能轉弱),15.350000381469727,2026-10-07 00:00:00,15.82000002861023,-0.01749997138977122,False,False,0.3193058666113829,False,0.0003081935110786647,51.20324888199675,0.00032544078744404484,0.000327146657666824,-0.5547648218117707,-2.262477501236315,1.8116627934727791,-0.5547648218117707,False,False,False,False,False,False,0.027264389019132283,False,-0.05538459190955525,中性,2849.TW,安泰銀,30049304576.0,18.273811,0.8319783,3.32,239662,Financial Services,0.6822672605177654,0,v1,phase6a,2026-07-12,0,0,0,0,0,0,v1,492,0.21939586645468998,492,0.21939586645468998,493,0.2178060413354531,^TWII,yfinance,2y,2026-10-07,scan_20261008_175914,False,False
True,0,-0.550000508626302,-0.6499989827473959,True,False,觀察 (跌勢收斂),76.5,2026-10-07 00:00:00,77.10500030517578,-0.07500000000000284,False,False,1.1392679064433195,False,0.0015359480789316063,49.42521187451899,0.001610839623726848,0.0016738927230653647,-0.4870086343592539,-2.2625738426277797,-5.3218608316739076,-0.4870086343592539,False,False,False,False,False,False,0.018613134023141603,False,-0.038944705195301466,中性,6464.TW,台數科,10219030528.0,18.123516,1.2246798,1.75,40739,Communication Services,0.5745916459590639,1,v1,phase6a,2026-07-12,0,1,1,1,1,1,v1,401,0.3640699523052464,401,0.3640699523052464,401,0.3640699523052464,^TWII,yfinance,2y,2026-10-07,scan_20261008_175914,False,False
True,0,1.4333330790201824,1.0166664123535156,True,False,買入 (動能增強),78.69999694824219,2026-10-07 00:00:00,78.15,-0.08000030517577272,True,True,0.9747972414648681,False,0.0015801190735238676,38.572422883806425,0.0016410301374246731,0.0017437397627868801,-0.3891907335692446,-1.7072581391355812,-5.594195465070529,-0.3891907335692446,False,False,False,False,False,False,0.01265938506219828,False,-0.09004920528784832,中性,6411.TWO,晶焱,7596807680.0,18.452381,1.5256206,2.82,343635,Technology,0.5723211927444322,2,v1,phase6a,2026-07-12,0,2,3,2,2,2,v1,249,0.6057233704292527,249,0.6057233704292527,251,0.6025437201907791,^TWII,yfinance,2y,2026-10-07,scan_20261008_175914,False,False
True,1,0.2000001271565755,0.20833365122477213,True,False,觀望 (動能減弱),18.299999237060547,2026-10-07 00:00:00,18.242499828338623,0.004999923706055398,False,True,1.5031902042708711,True,0.0003674228584655295,27.452643430645875,0.00038290316602284654,0.0003906808853146346,-0.4237627065196592,-1.6651989429096292,-4.908292123179225,-0.4237627065196592,False,False,False,False,False,False,0.15480322859443782,False,-0.10073715508506165,中性,6804.TWO,明係,847875008.0,nan,0.6663929,2.72,134599,Consumer Cyclical,0.6746642492682696,0,v1,phase6a,2026-07-12,0,0,2,0,0,0,v1,580,0.0794912559618442,580,0.0794912559618442,580,0.0794912559618442,^TWII,yfinance,2y,2026-10-07,scan_20261008_175914,False,False
True,0,0.01166661580403646,-0.0733332633972168,True,False,買入 (動能增強),9.420000076293945,2026-10-07 00:00:00,9.4614999294281,-0.013499975204467773,True,False,1.4003932692679775,False,0.00018913243164338914,32.52127312398171,0.00019841110309012404,0.0002133386732494962,-0.48985054820577245,-2.2606371065491127,-7.2755734345438245,-0.48985054820577245,False,False,False,False,False,False,0.009724025495363114,False,-0.08543690273253612,中性,1471.TW,首利,1400359296.0,46.550003,0.9592005,0.0,300536,Technology,0.38400934447157353,2,v1,phase6a,2026-07-12,0,2,2,2,2,2,v1,119,0.8124006359300477,119,0.8124006359300477,127,0.7996820349761526,^TWII,yfinance,2y,2026-10-07,scan_20261008_175914,False,False
True,1,-0.4666665395100911,-0.45833333333333337,True,False,賣出 (動能轉弱),42.45000076293945,2026-10-07 00:00:00,42.73999996185303,-0.017499923706054688,True,False,0.8432653504699987,False,0.0008523006159801579,36.62616677365474,0.0008921243316388932,0.0009245467356333123,-0.4676887011149211,-2.2193190327773005,-4.963159810685836,-0.4676887011149211,False,False,False,False,False,False,0.04902614795679692,False,-0.03186734370913735,中性,1339.TW,昭輝,3131738880.0,7.297064,0.75822836,5.95,94556,Consumer Cyclical,0.9107471819588605,0,v1,phase6a,2026-07-12,0,0,0,0,0,0,v1,444,0.2957074721780604,444,0.2957074721780604,445,0.29411764705882354,^TWII,yfinance,2y,2026-10-07,scan_20261008_175914,False,False
True,0,0.09924888610839842,0.12394841512044269,True,False,觀望 (動能減弱),11.0,2026-10-07 00:00:00,10.93509020805359,0.009909915924072976,False,True,0.8397664641040136,False,0.00022085527932349895,19.59072926103852,0.0002292760036661389,0.0002425772827660551,-0.3851159236342938,-2.0433277467513,-4.750386916509896,-0.3851159236342938,False,False,False,False,False,False,0.037182472491658076,False,-0.08181678440016016,中性,4109.TWO,加捷生醫,1300166656.0,365.0,0.8001461,1.83,141733,Consumer Defensive,0.4637850247882609,0,v1,phase6a,2026-07-12,0,0,2,0,0,0,v1,518,0.178060413354531,518,0.178060413354531,519,0.17647058823529413,^TWII,yfinance,2y,2026-10-07,scan_20261008_175914,False,False
True,0,-0.43333562215169263,-0.43333562215169263,True,False,賣出 (動能轉弱),89.4000015258789,2026-10-07 00:00:00,90.20500030517579,-0.125,False,False,0.712869490844532,False,0.0017949511189562924,45.343112665255035,0.001886035219123866,0.0019693916156704456,-0.5057862201938046,-2.335518108483159,-5.58348259324527,-0.5057862201938046,False,False,False,False,False,False,0.0,False,-0.11044774601115515,中性,5312.TWO,寶島科,5363358208.0,12.232877,1.2512435,7.27,73840,Healthcare,0.8069511457125013,0,v1,phase6a,2026-07-12,0,0,0,0,0,0,v1,542,0.13990461049284578,542,0.13990461049284578,543,0.1383147853736089,^TWII,yfinance,2y,2026-10-07,scan_20261008_175914,False,False
True,0,-0.04166682561238606,-0.10000006357828777,True,False,觀察 (跌勢收斂),12.649999618530273,2026-10-07 00:00:00,12.807499885559082,-0.01249999999999929,False,False,0.5924675786107657,False,0.00025398356356296897,22.433287040920348,0.0002665403291530832,0.00028660047358665874,-0.4934497373099922,-2.2917173497455368,-3.634510424341675,-0.4934497373099922,False,False,False,False,False,False,0.001013460482979539,False,-0.15666669209798179,中性,6246.TWO,臺龍,475030048.0,62.75,1.147586,0.0,48132,Technology,0.3393683961854724,1,v1,phase6a,2026-07-12,0,1,1,1,1,1,v1,397,0.37042925278219396,397,0.37042925278219396,397,0.37042925278219396,^TWII,yfinance,2y,2026-10-07,scan_20261008_175914,False,False
True,1,0.4166673024495442,0.3833338419596354,True,False,買入 (動能增強),32.20000076293945,2026-10-07 00:00:00,32.61499996185303,-0.042499923706053266,True,False,1.4145458234802901,False,0.0006465036511559884,34.02257987739847,0.0006929928976346522,0.0007567052539257361,-0.7012035445262854,-2.6632216357182936,-12.495106597250638,-0.7012035445262854,False,False,False,False,False,False,0.0,False,-0.24324321174385277,中性,3669.TW,圓展,2996669952.0,10.969388,0.85493875,3.11,436389,Technology,0.7776088925813242,2,v1,phase6a,2026-07-12,0,2,2,2,2,2,v1,196,0.6899841017488076,196,0.6899841017488076,200,0.6836248012718601,^TWII,yfinance,2y,2026-10-07,scan_20261008_175914,False,False
False,0,3.983332316080729,3.1166661580403643,False,True,強烈買入 (爆發),77.9000015258789,2026-10-07 00:00:00,73.05,0.21500015258789062,False,True,3.615540510572853,True,0.0015640569632999074,98.17426886384798,0.0015445274732352567,0.00158209929170618,0.13327542712013862,0.17326990438564227,-2.961047646041748,0.13327542712013862,True,False,False,False,False,True,0.2607471977671524,False,-0.03589110663796957,偏強 (RS上升),6548.TWO,長科*,71351050240.0,33.75546,5.5096226,1.73,3938062,Technology,0.28757334333967727,3,v1,phase6a,2026-07-12,1,4,5,4,3,4,v1,82,0.8712241653418124,82,0.8712241653418124,40,0.9379968203497615,^TWII,yfinance,2y,2026-10-07,scan_20261008_175914,False,False
True,0,0.3249999682108561,0.16666666666666663,True,False,買入 (動能增強),13.050000190734863,2026-10-07 00:00:00,12.450000047683716,0.04250001907348633,False,True,2.43999358701182,True,0.00026201467611786024,39.771293591097844,0.0002608795878481189,0.00027175314167318616,0.0458210337891618,-0.9208740938510873,-2.529253645582452,0.0458210337891618,True,False,False,False,False,True,0.19031709114216733,False,-0.05726463163928375,中性,1304.TW,台聚,14100705280.0,nan,0.800755,1.15,3596550,Basic Materials,0.59986396121443,2,v1,phase6a,2026-07-12,0,2,4,2,2,2,v1,101,0.8410174880763116,101,0.8410174880763116,109,0.8282988871224165,^TWII,yfinance,2y,2026-10-07,scan_20261008_175914,False,False
True,1,0.950000762939453,0.9083340962727864,True,False,買入 (動能增強),46.349998474121094,2026-10-07 00:00:00,46.670000076293945,-0.0975000381469755,True,False,0.6395709874036986,False,0.0009306038054223422,52.45915565439839,0.0009880811962365544,0.0010624613850923677,-0.6085967481892829,-2.581714601219509,-10.311756594272591,-0.6085967481892829,False,False,False,False,False,False,0.003002788323806236,False,-0.22144169437779027,中性,3594.TWO,磐儀,4411324928.0,36.417324,1.933286,0.85,1238470,Technology,0.36699313053478594,2,v1,phase6a,2026-07-12,0,2,2,2,2,2,v1,190,0.699523052464229,190,0.699523052464229,194,0.6931637519872814,^TWII,yfinance,2y,2026-10-07,scan_20261008_175914,False,False
True,0,-0.14166704813639322,-0.10833358764648438,True,False,賣出 (動能轉弱),39.79999923706055,2026-10-07 00:00:00,40.14750003814697,-0.020000076293946734,False,False,1.7385363256259292,True,0.0007990945407796411,41.76829162209357,0.0008357891580589328,0.0008623694495739396,-0.4600230149630846,-2.028723080894135,-2.7458785516262685,-0.4600230149630846,False,False,False,False,False,False,0.0,False,-0.01728396945529509,中性,8908.TWO,欣雄,12709751808.0,19.414635,3.1440082,3.65,37855,Utilities,0.4763701568793753,0,v1,phase6a,2026-07-12,0,0,0,0,0,0,v1,621,0.014308426073131956,621,0.014308426073131956,621,0.014308426073131956,^TWII,yfinance,2y,2026-10-07,scan_20261008_175914,False,False
True,0,0.5833333333333335,2.916666666666666,True,False,觀望 (動能減弱),232.5,2026-10-07 00:00:00,237.525,-0.025000000000005684,False,False,1.1056629268335743,False,0.004668077494792137,69.36205054584303,0.004951989045207839,0.0049194454711913305,-0.599883167071158,-2.119332711135513,-1.9199595135513836,-0.599883167071158,False,False,True,False,False,False,0.2567004336817044,False,-0.07554671968190851,中性,2603.TW,長榮,503372480512.0,9.226191,0.8973681,6.77,11104802,Industrials,0.8887775954527357,0,v1,phase6a,2026-07-12,0,0,0,0,0,0,v1,483,0.23370429252782193,483,0.23370429252782193,484,0.23211446740858505,^TWII,yfinance,2y,2026-10-07,scan_20261008_175914,False,False
True,2,-0.10833263397216797,-0.09999942779541016,True,False,賣出 (動能轉弱),25.5,2026-10-07 00:00:00,26.062499809265137,-0.04250001907348633,False,False,1.0409144433384727,False,0.0005119826929772021,22.193544951835563,0.0005451022580881497,0.0005752460609740914,-0.6354981617560096,-2.273187917493502,-5.494796971064575,-0.6354981617560096,False,False,False,False,False,False,0.0,False,-0.0710382771854845,中性,1475.TW,業旺,1716441984.0,6.7010307,1.1256874,5.88,24129,Consumer Cyclical,0.8647898505801762,0,v1,phase6a,2026-07-12,0,0,0,0,0,0,v1,447,0.29093799682034976,447,0.29093799682034976,448,0.2893481717011129,^TWII,yfinance,2y,2026-10-07,scan_20261008_175914,False,False
True,0,0.23333295186360675,-0.22500038146972653,True,False,買入 (動能增強),37.04999923706055,2026-10-07 00:00:00,36.05249996185303,0.05000000000000426,False,True,2.6559554424216647,True,0.0007438807209487663,58.53501488669644,0.0007540770521841608,0.0007613668353495693,-0.14213037502814885,-1.5136420413704665,-4.38636778618916,-0.14213037502814885,False,False,False,False,False,False,0.43850912857072305,False,-0.030104751385099604,中性,1608.TW,華榮,15504863232.0,3.1921396,1.3718425,5.4,3759064,Industrials,0.8288922149943224,2,v1,phase6a,2026-07-12,0,2,4,2,2,2,v1,125,0.8028616852146264,125,0.8028616852146264,133,0.7901430842607313,^TWII,yfinance,2y,2026-10-07,scan_20261008_175914,False,False
True,1,-1.2715657552037074e-06,-0.06666819254557294,True,False,觀察 (跌勢收斂),34.0,2026-10-07 00:00:00,34.01000003814697,-0.01000003814697692,False,False,1.8795261853019498,True,0.0006826435906362695,50.00345320786266,0.0007106792844752399,0.0007380197452810897,-0.4135369829139868,-1.8902187590364883,-4.244978651559483,-0.4135369829139868,False,False,False,False,False,False,0.010311773850071086,False,-0.01018918456094775,中性,9931.TW,欣高,4092558080.0,11.929825,1.0538061,5.29,25220,Utilities,0.8022923708564029,1,v1,phase6a,2026-07-12,0,1,1,1,1,1,v1,432,0.314785373608903,432,0.314785373608903,432,0.314785373608903,^TWII,yfinance,2y,2026-10-07,scan_20261008_175914,False,False
True,0,-0.4333332379659017,-0.48333326975504554,True,False,觀察 (跌勢收斂),13.949999809265137,2026-10-07 00:00:00,14.115000009536743,0.01249999999999929,False,False,0.33604028845313755,False,0.0002800846458580008,28.98445411896168,0.00029106037754958274,0.00027913939011046344,-0.39537235951766503,-1.5462998676049056,2.7564657961795636,-0.39537235951766503,False,True,True,False,False,False,0.4815276537213213,False,-0.13622290162415174,中性,4188.TWO,安克,883493952.0,nan,1.7137591,0.0,186498,Healthcare,0.3905810276829223,2,v1,phase6a,2026-07-12,0,2,3,2,2,2,v1,206,0.6740858505564388,206,0.6740858505564388,209,0.6693163751987281,^TWII,yfinance,2y,2026-10-07,scan_20261008_175914,True,False
True,0,0.09000007311503093,0.08166678746541342,True,False,買入 (動能增強),6.070000171661377,2026-10-07 00:00:00,6.038500118255615,0.0019999980926508343,False,True,0.603788307174979,False,0.00012187196212781454,25.281602186686968,0.00012664113795439398,0.0001321767830288312,-0.39484508803211416,-1.3308338098876882,-4.142474214425085,-0.39484508803211416,False,False,False,False,False,False,0.005788447721409781,False,-0.044094446799427645,中性,6264.TWO,富裔,826311360.0,nan,0.89618456,0.0,30270,Real Estate,0.494258249337672,2,v1,phase6a,2026-07-12,0,2,4,2,2,2,v1,246,0.6104928457869634,246,0.6104928457869634,248,0.6073131955484896,^TWII,yfinance,2y,2026-10-07,scan_20261008_175914,False,False
False,0,7.416666666666666,3.833333333333333,False,True,強烈買入 (爆發),134.5,2026-10-07 00:00:00,121.925,0.375,False,True,4.780547623599208,True,0.0027004577335464188,128.14964836756013,0.0025888260285662785,0.002768756840508454,0.4559705990553775,0.48967180232843965,-5.317152944559044,0.4559705990553775,True,False,False,False,False,True,0.17640161712517857,False,-0.2225433526011561,偏強 (RS上升),2478.TW,大毅,19197366272.0,27.731958,2.6397913,1.56,5448137,Technology,0.3703717593216156,3,v1,phase6a,2026-07-12,1,4,5,4,3,4,v1,54,0.9157392686804452,54,0.9157392686804452,37,0.9427662957074722,^TWII,yfinance,2y,2026-10-07,scan_20261008_175914,False,False
True,0,-0.2833334604899088,-0.30833339691162104,True,False,觀察 (跌勢收斂),23.899999618530273,2026-10-07 00:00:00,24.24000005722046,-0.04250001907348633,False,False,0.261484666297968,False,0.0004798582810529111,30.153329988051887,0.0005077461749264361,0.0005468298084980535,-0.5748331163407339,-2.560553492974227,-7.338237268324788,-0.5748331163407339,False,False,False,False,False,False,0.0,False,-0.1340579968043618,中性,1410.TW,南染,1472499968.0,32.534245,1.4007667,0.84,108868,Consumer Cyclical,0.43478676170175595,1,v1,phase6a,2026-07-12,0,1,1,1,1,1,v1,309,0.5103338632750397,309,0.5103338632750397,309,0.5103338632750397,^TWII,yfinance,2y,2026-10-07,scan_20261008_175914,False,False
True,1,0.15833346048990884,0.08333333333333333,True,False,買入 (動能增強),30.200000762939453,2026-10-07 00:00:00,30.04000015258789,0.015000057220458274,False,True,1.6222705298335551,True,0.0006063481458244431,25.791322471810933,0.0006299342219364084,0.0006744775458215754,-0.39258036774245664,-1.801421346830323,-5.271906133426829,-0.39258036774245664,False,False,False,False,False,False,0.00543953934893699,False,-0.059189962663500184,中性,2926.TWO,誠品生活,1431177984.0,47.93651,2.3255816,1.52,11803,Consumer Cyclical,0.3362167428508422,2,v1,phase6a,2026-07-12,0,2,4,2,2,2,v1,168,0.7344992050874404,168,0.7344992050874404,175,0.7233704292527822,^TWII,yfinance,2y,2026-10-07,scan_20261008_175914,False,False
True,1,0.14166641235351562,0.12499936421712239,True,False,買入 (動能增強),32.45000076293945,2026-10-07 00:00:00,32.38999977111816,-0.004999923706058951,True,True,1.5938698798439457,True,0.0006515230893224315,41.05116216244777,0.0006779009876264353,0.0007015735834324012,-0.4079201136382826,-1.9758422310813817,-4.655457058212398,-0.4079201136382826,False,False,False,False,False,False,0.014242088008192485,False,-0.038518495912905126,中性,1321.TW,大洋,7205375488.0,251.15387,1.1868412,0.0,116166,Basic Materials,0.29871669143656354,2,v1,phase6a,2026-07-12,0,2,3,2,2,2,v1,104,0.8362480127186009,104,0.8362480127186009,112,0.8235294117647058,^TWII,yfinance,2y,2026-10-07,scan_20261008_175914,False,False
True,0,1.7666676839192705,2.3333346048990884,True,False,觀望 (動能減弱),60.5,2026-10-07 00:00:00,62.380000305175784,-0.21500015258789062,True,False,0.3022693845693304,False,0.0012147040362792442,85.43124775893243,0.0012979198384558176,0.0012579648992130511,-0.6703678153018089,-2.2942525090221766,0.8950095441115691,-0.6703678153018089,False,False,True,False,False,False,0.15196455456011865,False,-0.33370046292274025,中性,2434.TW,統懋,2183000064.0,nan,4.867585,0.0,804948,Technology,0.25711150095496854,1,v1,phase6a,2026-07-12,0,1,1,1,1,1,v1,336,0.46740858505564387,336,0.46740858505564387,336,0.46740858505564387,^TWII,yfinance,2y,2026-10-07,scan_20261008_175914,True,False
True,1,0.07500012715657553,-0.07499980926513672,True,False,買入 (動能增強),24.149999618530273,2026-10-07 00:00:00,24.120000076293945,-0.04250001907348633,True,True,0.9115447676929265,False,0.00048487771921935425,29.354109672117954,0.0005080134574149892,0.000557922065712295,-0.4770979716115509,-2.421359413894153,-9.20495692113783,-0.4770979716115509,False,False,False,False,False,False,0.0918978295940527,False,-0.15706806491855885,中性,3122.TWO,笙泉,976317568.0,nan,3.016373,0.0,69253,Technology,0.30222556292296315,2,v1,phase6a,2026-07-12,0,2,3,2,2,2,v1,178,0.7186009538950715,178,0.7186009538950715,183,0.7106518282988871,^TWII,yfinance,2y,2026-10-07,scan_20261008_175914,False,False
True,0,0.3666664759318034,0.16666666666666666,True,False,買入 (動能增強),20.850000381469727,2026-10-07 00:00:00,20.557500267028807,-0.00500001907348846,False,True,0.9476153097132143,False,0.00041862115074041417,29.95445015509922,0.00043200352253547586,0.00045419461944464374,-0.32501870902711394,-1.7049179802144598,-5.959442093295497,-0.32501870902711394,False,False,False,False,False,False,0.0018776301070790654,False,-0.0691963956900391,中性,3043.TW,科風,800956800.0,nan,1.0878772,0.0,84590,Industrials,0.471616097482037,2,v1,phase6a,2026-07-12,0,2,3,2,2,2,v1,173,0.7265500794912559,173,0.7265500794912559,179,0.7170111287758346,^TWII,yfinance,2y,2026-10-07,scan_20261008_175914,False,False
True,0,0.16666666666666663,0.16666666666666657,True,False,買入 (動能增強),100.5,2026-10-07 00:00:00,103.6,-0.30000000000001137,False,False,1.5719022473289943,True,0.0020178141429101496,39.9624162262242,0.0021760083239888363,0.002318854635455065,-0.7594436189671483,-2.7160642135063973,-8.493781095237596,-0.7594436189671483,False,False,False,False,False,False,0.0,False,-0.12227074235807855,中性,6629.TWO,泰金-KY,3875471104.0,9.334566,2.232982,5.99,21992,Consumer Cyclical,0.7235067271303378,2,v1,phase6a,2026-07-12,0,2,2,2,2,2,v1,259,0.589825119236884,259,0.589825119236884,261,0.5866454689984102,^TWII,yfinance,2y,2026-10-07,scan_20261008_175914,False,False
True,0,0.7333329518636067,0.4166660308837892,True,False,買入 (動能增強),63.599998474121094,2026-10-07 00:00:00,64.01499977111817,-0.13500022888183594,False,False,0.5916277571141247,False,0.00127694503890692,64.32688282600976,0.0013457073398323086,0.0013667446000065011,-0.5349910298517724,-1.807453862925168,-7.345075287484915,-0.5349910298517724,False,False,False,False,False,False,0.0,False,-0.13233293552235537,中性,2634.TW,漢翔,59525996544.0,30.531403,3.2398627,1.22,36276637,Industrials,0.3223514098692771,2,v1,phase6a,2026-07-12,0,2,2,2,2,2,v1,162,0.7440381558028617,162,0.7440381558028617,169,0.7329093799682035,^TWII,yfinance,2y,2026-10-07,scan_20261008_175914,False,False
True,0,0.05833403269449869,0.22500069936116535,True,False,觀望 (動能減弱),28.649999618530273,2026-10-07 00:00:00,28.939999866485596,-0.022500038146972656,False,False,1.1359562088881474,False,0.0005752276062153311,34.6912562280399,0.0006028866072951267,0.0006165308267414326,-0.48060135691090355,-2.039551134607609,-2.3330666054456772,-0.48060135691090355,False,False,False,False,False,False,0.0,False,-0.04500001271565757,中性,8906.TWO,花王,1205776000.0,nan,2.5837924,0.0,21030,Industrials,0.32333553908911905,0,v1,phase6a,2026-07-12,0,0,0,0,0,0,v1,620,0.01589825119236884,620,0.01589825119236884,620,0.01589825119236884,^TWII,yfinance,2y,2026-10-07,scan_20261008_175914,False,False
True,0,-0.29166666666666663,-0.4583326975504558,True,False,觀察 (跌勢收斂),36.599998474121094,2026-10-07 00:00:00,36.27250003814697,0.012500000000002842,False,True,0.6061973435792415,False,0.000734845716931059,65.08934904282685,0.0007527908056767255,0.0007529128338579741,-0.25029910754411633,-1.8567611544215268,-1.09478432250103,-0.25029910754411633,False,False,False,False,False,False,0.37626708932721076,False,-0.031746052570364225,中性,2605.TW,新興,21482465280.0,7.5051126,1.1112792,2.71,11059319,Industrials,0.7693007863801605,1,v1,phase6a,2026-07-12,0,1,3,1,1,1,v1,340,0.4610492845786963,340,0.4610492845786963,340,0.4610492845786963,^TWII,yfinance,2y,2026-10-07,scan_20261008_175914,False,False
True,0,3.0,2.5,True,False,買入 (動能增強),130.5,2026-10-07 00:00:00,129.6,-0.07500000000001705,True,True,0.6249614979077183,False,0.0026201467228833286,19.952859988457842,0.0027509413624294925,0.003065996864126385,-0.4979857085367745,-2.2642781008551327,-11.255202872014792,-0.4979857085367745,False,False,False,False,False,False,0.03940860049463423,False,-0.168462096176633,中性,2072.TW,世紀風電,25152000000.0,8.182385,1.0415756,10.03,343225,Industrials,0.907765386397283,2,v1,phase6a,2026-07-12,0,2,3,2,2,2,v1,137,0.7837837837837838,137,0.7837837837837838,145,0.7710651828298887,^TWII,yfinance,2y,2026-10-07,scan_20261008_175914,False,False
True,0,-0.29166666666666663,-0.29166666666666663,True,False,賣出 (動能轉弱),22.799999237060547,2026-10-07 00:00:00,23.069999980926514,-0.10750007629394531,True,False,0.45004387927822964,False,0.00045777274546150633,33.76388985001271,0.0004829899173701161,0.0004984706258995052,-0.5465808698580377,-2.73272132745227,-7.568034692403547,-0.5465808698580377,False,False,False,False,False,False,0.07649927236361698,False,-0.08617240321180686,中性,8928.TWO,鉅明,1131501440.0,9.468085,1.0352689,3.56,29135,Consumer Cyclical,0.7889127559896516,0,v1,phase6a,2026-07-12,0,0,0,0,0,0,v1,624,0.009538950715421303,624,0.009538950715421303,624,0.009538950715421303,^TWII,yfinance,2y,2026-10-07,scan_20261008_175914,False,False
True,0,0.2583332061767578,0.2583335240681966,True,False,觀望 (動能減弱),23.799999237060547,2026-10-07 00:00:00,23.690000152587892,-0.01249999999999929,True,True,0.5025341381685899,False,0.000477850498127279,26.325519876643433,0.000497224972214123,0.0005439055491533517,-0.40848463531097945,-2.2681445463229033,-6.225635666747942,-0.40848463531097945,False,False,False,False,False,False,0.07378948218344934,False,-0.09848486435752735,中性,1587.TW,吉茂,1909327744.0,108.409096,1.180401,0.0,167651,Consumer Cyclical,0.3129184600151286,0,v1,phase6a,2026-07-12,0,0,1,0,0,0,v1,452,0.28298887122416533,452,0.28298887122416533,453,0.28139904610492844,^TWII,yfinance,2y,2026-10-07,scan_20261008_175914,False,False
True,0,0.2500006357828776,0.033334096272786454,True,False,買入 (動能增強),39.29999923706055,2026-10-07 00:00:00,38.94249992370605,0.0,False,True,1.2491252924349208,False,0.0007890556644467548,43.788385900640996,0.0008152953706027662,0.0008461467526280151,-0.337638187796363,-1.8479838203776633,-5.065001385320034,-0.337638187796363,False,False,False,False,False,False,0.0711066624668898,False,-0.0332103871621976,中性,1618.TW,合機,7341564928.0,7.904564,1.0812191,4.36,582065,Technology,0.8252088376976414,4,v1,phase6a,2026-07-12,0,4,5,4,4,4,v1,14,0.9793322734499205,14,0.9793322734499205,18,0.972972972972973,^TWII,yfinance,2y,2026-10-07,scan_20261008_175914,False,True
False,0,0.800000508626302,0.6166667938232422,False,True,強烈買入 (爆發),54.0,2026-10-07 00:00:00,52.93499965667725,0.09500007629394958,False,True,1.3070513923366187,False,0.001084198643951722,78.1055657591165,0.0011105453538475649,0.0011561555477547787,-0.2491054811502469,-1.528534335914833,-4.0307923741153555,-0.2491054811502469,False,False,False,False,False,False,0.051268969703115654,False,-0.11790361829123963,中性,2414.TW,精技,8717571072.0,13.210785,2.7660885,5.56,355744,Technology,0.6240422634062203,3,v1,phase6a,2026-07-12,0,3,5,3,3,3,v1,49,0.9236883942766295,49,0.9236883942766295,59,0.9077901430842608,^TWII,yfinance,2y,2026-10-07,scan_20261008_175914,False,False
True,0,0.6666666666666666,0.5666669209798176,True,False,買入 (動能增強),49.70000076293945,2026-10-07 00:00:00,48.7524995803833,0.04999999999999716,False,True,1.3213114039462064,False,0.0009978643228070094,52.618634809159694,0.0010226144075873983,0.0010662339136315844,-0.2541184229887139,-1.5676661605775188,-4.149922346013479,-0.2541184229887139,False,False,False,False,False,False,0.05617484947308614,False,-0.02165351359530343,中性,2488.TW,漢平,3983950080.0,10.353431,1.4344145,6.04,141317,Technology,0.7901020207461481,2,v1,phase6a,2026-07-12,0,2,4,2,2,2,v1,154,0.7567567567567568,154,0.7567567567567568,161,0.7456279809220986,^TWII,yfinance,2y,2026-10-07,scan_20261008_175914,False,False
True,0,-1.6666666666666665,-1.0,True,False,賣出 (動能轉弱),111.5,2026-10-07 00:00:00,113.9,-0.14999999999999147,True,False,0.4107902590120877,False,0.002238669422233648,63.721874639655894,0.0023571110589781837,0.0022563461225338964,-0.5261501227092458,-2.4441194107203246,-0.7105805276656718,-0.5261501227092458,False,False,True,False,False,False,0.4554206286678068,False,-0.11857707509881421,中性,2615.TW,萬海,312885313536.0,7.835559,1.0841979,2.69,21278460,Industrials,0.7695061898081788,1,v1,phase6a,2026-07-12,0,1,1,1,1,1,v1,343,0.4562798092209857,343,0.4562798092209857,343,0.4562798092209857,^TWII,yfinance,2y,2026-10-07,scan_20261008_175914,True,False
True,0,0.1750000317891439,0.13000011444091797,True,False,買入 (動能增強),9.8100004196167,2026-10-07 00:00:00,9.807000160217285,-0.021999979019165394,True,True,0.5190732647195377,False,0.00019696276207618982,37.90299533518012,0.00020717389611803162,0.00022645419953845974,-0.5161405304422328,-2.1140439069393335,-9.441066983135759,-0.5161405304422328,False,False,False,False,False,False,0.0008315733692295622,False,-0.1991836392149633,中性,5302.TWO,太欣,1570103552.0,nan,1.265627,0.0,484312,Technology,0.4460798359907194,2,v1,phase6a,2026-07-12,0,2,3,2,2,2,v1,218,0.6550079491255962,218,0.6550079491255962,221,0.6502384737678856,^TWII,yfinance,2y,2026-10-07,scan_20261008_175914,False,False
True,1,-0.21666781107584632,-0.16666730244954425,True,False,賣出 (動能轉弱),60.79999923706055,2026-10-07 00:00:00,61.89499988555908,-0.1600000381469755,False,False,0.8669654233479911,False,0.0012207273467608663,38.01183556429226,0.0012910823981589785,0.0013343817846921048,-0.5703397938995769,-2.2169299583693514,-4.5410519669381255,-0.5703397938995769,False,False,False,False,False,False,0.05304605129647024,False,-0.09523806550335046,中性,3438.TWO,類比科,2858248448.0,41.224487,1.0354549,2.47,144667,Technology,0.5288007559062416,0,v1,phase6a,2026-07-12,0,0,0,0,0,0,v1,510,0.1907790143084261,510,0.1907790143084261,511,0.1891891891891892,^TWII,yfinance,2y,2026-10-07,scan_20261008_175914,False,False
False,0,0.6666679382324219,0.25000127156575525,False,True,強烈買入 (爆發),75.5,2026-10-07 00:00:00,74.3600009918213,0.009999847412117902,False,True,0.6513521372492004,False,0.0015158703262658337,39.78766195648665,0.0015566576695165727,0.0015967898125710902,-0.27505055245048426,-1.5588359120506046,-4.140432064089472,-0.27505055245048426,False,False,False,False,False,False,0.06283207741166805,False,0.0,中性,1777.TWO,生泰,3375614208.0,10.215924,1.3099378,5.3,39881,Healthcare,0.7915508260686989,3,v1,phase6a,2026-07-12,0,3,5,3,3,3,v1,41,0.9364069952305246,41,0.9364069952305246,53,0.9173290937996821,^TWII,yfinance,2y,2026-10-07,scan_20261008_175914,False,False
True,1,0.25,0.25000000000000006,True,False,觀望 (動能減弱),113.0,2026-10-07 00:00:00,111.525,-0.07499999999998863,True,True,1.134836993223752,False,0.0022687860512323075,82.7477198709634,0.0023160495926760295,0.002277967338493553,-0.2143497060036248,-1.3459543314543576,0.23063295846306175,-0.2143497060036248,False,False,True,False,False,False,0.4295732226013913,False,-0.017391304347826098,中性,2882.TW,國泰金,1613613105152.0,16.344725,1.4555656,3.13,20824695,Financial Services,0.6141346318068118,0,v1,phase6a,2026-07-12,0,0,1,0,0,0,v1,495,0.21462639109697934,495,0.21462639109697934,496,0.21303656597774245,^TWII,yfinance,2y,2026-10-07,scan_20261008_175914,False,False
True,0,0.46666717529296875,0.21666717529296875,True,False,買入 (動能增強),101.5,2026-10-07 00:00:00,99.99499969482422,0.07999992370605469,False,True,1.5161214244803074,True,0.002037891895575922,55.5182989350097,0.0020968499385389675,0.0022184270970721917,-0.295099590452097,-1.6166193746257274,-4.912888404181426,-0.295099590452097,False,False,False,False,False,False,0.08359005255981115,False,-0.04694835680751175,中性,6791.TWO,虎門科技,2070107136.0,20.993658,4.401986,3.43,21589,Technology,0.4250170004924647,2,v1,phase6a,2026-07-12,0,2,4,2,2,2,v1,269,0.5739268680445151,269,0.5739268680445151,270,0.5723370429252782,^TWII,yfinance,2y,2026-10-07,scan_20261008_175914,False,False
True,0,0.18333307902018225,0.041666666666666644,True,False,買入 (動能增強),17.799999237060547,2026-10-07 00:00:00,17.402499961853028,0.019999980926513672,False,True,1.120940747848999,False,0.0003573839821326432,40.49192384053962,0.0003655798125334154,0.0003773925893747594,-0.23543091080869827,-1.4861320012183765,-5.593227724301664,-0.23543091080869827,False,False,False,False,False,False,0.06006472979892515,False,-0.04301081333343315,中性,3520.TWO,華盈,1526011776.0,nan,1.5753484,0.0,370963,Technology,0.40845641072684463,5,v1,phase6a,2026-07-12,0,5,7,5,5,5,v1,4,0.9952305246422893,4,0.9952305246422893,5,0.9936406995230525,^TWII,yfinance,2y,2026-10-07,scan_20261008_175914,True,True
True,1,0.008333206176757806,-0.18333307902018228,True,False,買入 (動能增強),31.049999237060547,2026-10-07 00:00:00,30.972500038146972,-0.0625,True,True,1.066899661654105,False,0.0006234142049541306,68.39734207632786,0.000650467042638302,0.0006866785815085136,-0.4358798419957344,-2.3970506898190025,-7.7424189765395335,-0.4358798419957344,False,False,False,False,False,False,0.05087543536948424,False,-0.10260113854385722,中性,2312.TW,金寶,46157459456.0,25.756302,1.9028993,1.93,12392027,Technology,0.4482371083225072,2,v1,phase6a,2026-07-12,0,2,3,2,2,2,v1,141,0.7774244833068362,141,0.7774244833068362,148,0.766295707472178,^TWII,yfinance,2y,2026-10-07,scan_20261008_175914,False,False
True,1,-0.04999987284342447,-3.1789143880092685e-07,True,False,賣出 (動能轉弱),18.850000381469727,2026-10-07 00:00:00,18.92750005722046,-0.005000019073484907,True,False,2.8788451940595574,True,0.0003784656454088689,31.50368990799286,0.0003955428109757756,0.0004136138242975286,-0.4524071406296293,-2.1093811320254563,-4.4301084700126285,-0.4524071406296293,False,False,False,False,False,False,0.01363158874436143,False,-0.0182291858105188,中性,8403.TWO,盛弘,2622048256.0,16.008402,0.7947434,3.19,91371,Healthcare,0.7096639447421519,0,v1,phase6a,2026-07-12,0,0,0,0,0,0,v1,613,0.02702702702702703,613,0.02702702702702703,613,0.02702702702702703,^TWII,yfinance,2y,2026-10-07,scan_20261008_175914,False,False
True,0,-0.21666653951009113,0.15833346048990884,True,False,賣出 (動能轉弱),21.75,2026-10-07 00:00:00,21.61999979019165,-0.0024999618530294754,True,True,1.4895036431845157,False,0.00043669112048055474,35.84099376079798,0.0004537820365504308,0.0004883724894279406,-0.39488992726777195,-2.3140601818830597,-6.502627784726855,-0.39488992726777195,False,False,False,False,False,False,0.03495999998009087,False,-0.2148014656699978,中性,5345.TWO,馥鴻,814482240.0,nan,3.8263493,0.0,26687,Technology,0.2751571257421664,1,v1,phase6a,2026-07-12,0,1,2,1,1,1,v1,379,0.3990461049284579,379,0.3990461049284579,379,0.3990461049284579,^TWII,yfinance,2y,2026-10-07,scan_20261008_175914,True,False
True,0,2.333333333333333,2.25,True,False,買入 (動能增強),123.5,2026-10-07 00:00:00,123.85,-0.125,True,False,1.3858859776234853,False,0.00247960245422292,64.73744552250317,0.0026094960127428482,0.0027185327458897823,-0.5212399986986416,-2.1499285087331454,-7.235807254892679,-0.5212399986986416,False,False,False,False,False,False,0.0,False,-0.10830324909747291,中性,3213.TWO,茂訊,7247597568.0,13.013699,1.856445,5.58,351666,Technology,0.6891990756156146,2,v1,phase6a,2026-07-12,0,2,2,2,2,2,v1,182,0.712241653418124,182,0.712241653418124,187,0.7042925278219396,^TWII,yfinance,2y,2026-10-07,scan_20261008_175914,False,False
True,0,-17.166666666666668,-30.499999999999993,True,False,觀察 (跌勢收斂),679.0,2026-10-07 00:00:00,669.05,-2.2000000000000455,True,True,1.5771831277020685,True,0.013632794060059617,131.45263616297984,0.013909710118718813,0.014290660679402444,-0.20912083575125306,-2.207103119617193,-6.0202838070621105,-0.20912083575125306,False,False,False,False,False,False,0.45181410635544034,False,-0.13613231552162852,中性,3363.TWO,上詮,75798257664.0,nan,13.258065,0.0,3587189,Technology,0.22204170184022565,1,v1,phase6a,2026-07-12,0,1,2,1,1,1,v1,361,0.4276629570747218,361,0.4276629570747218,361,0.4276629570747218,^TWII,yfinance,2y,2026-10-07,scan_20261008_175914,False,False
True,0,0.07500012715657552,-0.09166653951009116,True,False,買入 (動能增強),33.900001525878906,2026-10-07 00:00:00,33.92500019073486,-0.05499992370605611,True,False,0.9015324211297121,False,0.0006806358460059114,36.329343026613905,0.0007127156425004475,0.0007529455330425325,-0.4715621036730955,-2.424731787348966,-8.12611860566138,-0.4715621036730955,False,False,False,False,False,False,0.0267276672159449,False,-0.09840417814880442,中性,1762.TW,中化生,2719051264.0,nan,0.8488821,0.0,144334,Healthcare,0.5020893695283427,2,v1,phase6a,2026-07-12,0,2,2,2,2,2,v1,131,0.7933227344992051,131,0.7933227344992051,139,0.78060413354531,^TWII,yfinance,2y,2026-10-07,scan_20261008_175914,False,False
True,0,0.10833326975504556,0.04999987284342447,True,False,買入 (動能增強),20.350000381469727,2026-10-07 00:00:00,20.272500228881835,-0.00500001907348846,True,True,0.6436783954364758,False,0.0004085822744075279,48.384376683366206,0.0004246414055221894,0.0004441923034583911,-0.396506827330223,-2.12502970856131,-5.594159001105748,-0.396506827330223,False,False,False,False,False,False,0.03679598024039278,False,-0.09955752044344335,中性,2610.TW,華航,122549239808.0,9.372092,1.237335,4.0,29385959,Industrials,0.7753497318643604,2,v1,phase6a,2026-07-12,0,2,3,2,2,2,v1,159,0.7488076311605724,159,0.7488076311605724,166,0.7376788553259142,^TWII,yfinance,2y,2026-10-07,scan_20261008_175914,False,False
True,1,-0.06666660308837889,-0.07499996821085611,True,False,觀察 (跌勢收斂),14.199999809265137,2026-10-07 00:00:00,14.287499904632568,-0.020000028610230203,True,False,1.148953130846443,False,0.000285104084024444,24.372777416672932,0.00029948640256159925,0.00032061136925860064,-0.5029656488752199,-2.3307841434785814,-6.745524160366823,-0.5029656488752199,False,False,False,False,False,False,0.012841821720578801,False,-0.06885247152359764,中性,8450.TWO,霹靂,723469632.0,nan,1.772916,0.0,25130,Communication Services,0.3846225666682815,1,v1,phase6a,2026-07-12,0,1,1,1,1,1,v1,423,0.32909379968203495,423,0.32909379968203495,423,0.32909379968203495,^TWII,yfinance,2y,2026-10-07,scan_20261008_175914,False,False
True,1,-0.016668955485026032,-0.23333485921223962,True,False,觀察 (跌勢收斂),66.5999984741211,2026-10-07 00:00:00,66.78499946594238,-0.04500007629394531,True,False,0.686393890784549,False,0.001337178296904238,72.40100171217013,0.0013988048022043462,0.0014833432588097345,-0.46161235304690296,-2.1844524295056345,-6.18015532869558,-0.46161235304690296,False,False,False,False,False,False,0.035127374091182,False,-0.058094763744515165,中性,2374.TW,佳能,22374045696.0,19.939758,2.506816,2.99,2521362,Technology,0.477898479105844,1,v1,phase6a,2026-07-12,0,1,1,1,1,1,v1,332,0.4737678855325914,332,0.4737678855325914,332,0.4737678855325914,^TWII,yfinance,2y,2026-10-07,scan_20261008_175914,False,False
True,0,-0.5499992370605469,-0.4666671752929687,True,False,賣出 (動能轉弱),68.4000015258789,2026-10-07 00:00:00,69.44000015258788,-0.05000000000001137,False,False,0.6017223535759287,False,0.0013733183129750672,74.49861420951342,0.001452229429498683,0.0014920262644956442,-0.5687250501507424,-2.5696427217460127,-6.053053345507808,-0.5687250501507424,False,False,False,False,False,False,0.0,False,-0.08799997965494788,中性,5511.TWO,德昌,9520000000.0,6.3985376,1.3164328,5.26,227497,Industrials,0.8215738546317626,0,v1,phase6a,2026-07-12,0,0,0,0,0,0,v1,546,0.13354531001589826,546,0.13354531001589826,547,0.13195548489666137,^TWII,yfinance,2y,2026-10-07,scan_20261008_175914,False,False
False,0,0.4083334604899088,0.24166695276896158,False,True,強烈買入 (爆發),12.899999618530273,2026-10-07 00:00:00,12.19249997138977,0.037499999999999645,False,True,2.2414096654480176,True,0.00025900300172941213,35.07465127601945,0.0002562718522864921,0.0002675157114509758,0.11230741277292733,-0.7169152075749419,-3.3659204575658075,0.11230741277292733,True,False,False,False,False,True,0.23140389130985137,False,-0.01122578535213048,中性,1305.TW,華夏,7553649664.0,nan,0.9812062,0.78,1938818,Basic Materials,0.5610744401348603,3,v1,phase6a,2026-07-12,0,3,5,3,3,3,v1,33,0.9491255961844197,33,0.9491255961844197,45,0.9300476947535771,^TWII,yfinance,2y,2026-10-07,scan_20261008_175914,False,False
True,0,0.4666678110758463,0.5166676839192709,True,False,觀望 (動能減弱),32.75,2026-10-07 00:00:00,32.51499977111816,0.004999923706051845,False,True,0.15149357515747758,False,0.0006575463998040536,54.38240834440413,0.000684627443605324,0.0007436893662320496,-0.41465121192776344,-2.115277141694649,-6.745830529203323,-0.41465121192776344,False,False,False,False,False,False,0.015435708596930038,False,-0.16025641025641024,中性,1570.TWO,力肯,1681507712.0,47.318844,1.621313,3.06,53964,Industrials,0.45980646694261545,0,v1,phase6a,2026-07-12,0,0,2,0,0,0,v1,450,0.2861685214626391,450,0.2861685214626391,451,0.2845786963434022,^TWII,yfinance,2y,2026-10-07,scan_20261008_175914,False,False
True,1,0.09111166000366212,0.07500060399373373,True,False,買入 (動能增強),14.350000381469727,2026-10-07 00:00:00,14.314416360855102,-0.002666616439819691,True,True,1.5167259473800643,True,0.0002881157584128921,38.532192891068334,0.0002992848433679906,0.000309789052727225,-0.391297029147597,-1.901113701015844,-4.003175605677233,-0.391297029147597,False,False,False,False,False,False,0.034077644070571594,False,-0.0103448012779499,中性,2109.TW,華豐,3994692352.0,10.437956,1.1279382,6.97,107881,Consumer Cyclical,0.8490622857665331,4,v1,phase6a,2026-07-12,0,4,5,4,4,4,v1,17,0.9745627980922098,17,0.9745627980922098,21,0.9682034976152624,^TWII,yfinance,2y,2026-10-07,scan_20261008_175914,False,True
True,0,-0.3833325703938802,-0.4749991099039713,True,False,觀察 (跌勢收斂),25.25,2026-10-07 00:00:00,24.64499988555908,0.039999961853027344,False,True,1.3510385364359696,False,0.0005069632548107589,49.48225036746401,0.0005142062091113944,0.0005170733329111814,-0.14805100828205742,-2.23909192258418,-4.270689222241664,-0.14805100828205742,False,False,False,False,False,False,0.30961945107209005,False,-0.01941747572815533,中性,1904.TW,正隆,27956862976.0,11.574074,0.9052723,1.84,2147643,Basic Materials,0.7134279373639257,1,v1,phase6a,2026-07-12,0,1,3,1,1,1,v1,325,0.4848966613672496,325,0.4848966613672496,325,0.4848966613672496,^TWII,yfinance,2y,2026-10-07,scan_20261008_175914,False,False
True,0,-0.08333333333333337,0.25000000000000006,True,False,賣出 (動能轉弱),166.0,2026-10-07 00:00:00,168.825,-0.875,False,False,0.41160684301271927,False,0.0033329069425182566,30.77753297495398,0.0035590920166036115,0.003813045493570445,-0.6645161380252729,-2.9309032767964704,-9.781142040727964,-0.6645161380252729,False,False,False,False,False,False,0.0043396331103775325,False,-0.10752688172043012,中性,6996.TWO,力領科技,6969896960.0,11.066667,2.5799632,6.03,71829,Technology,0.6824572745080334,0,v1,phase6a,2026-07-12,0,0,0,0,0,0,v1,595,0.05564387917329094,595,0.05564387917329094,595,0.05564387917329094,^TWII,yfinance,2y,2026-10-07,scan_20261008_175914,False,False
True,0,0.5499986012776692,0.5499992370605469,True,False,觀望 (動能減弱),62.29999923706055,2026-10-07 00:00:00,61.38000011444092,0.039999961853027344,False,True,1.267427122940431,False,0.0012508439757595252,33.65660524504142,0.0012856517608586888,0.0013621190662833017,-0.2841799933248068,-1.8330890787223164,-4.168387148426033,-0.2841799933248068,False,False,False,False,False,False,0.06640308445118472,False,-0.0905109600429117,中性,6556.TWO,勝品,1779625088.0,8.070404,1.1068791,5.62,16387,Industrials,0.8555140331044425,0,v1,phase6a,2026-07-12,0,0,2,0,0,0,v1,565,0.10333863275039745,565,0.10333863275039745,565,0.10333863275039745,^TWII,yfinance,2y,2026-10-07,scan_20261008_175914,False,False
False,0,5.0,4.083333333333333,False,True,強烈買入 (爆發),151.5,2026-10-07 00:00:00,149.25,0.05000000000001137,False,True,0.805006934037,False,0.003041779528864554,111.28809521720939,0.0031606839191696445,0.003556418300466968,-0.39443624534984956,-2.1831187792163087,-9.007164265952117,-0.39443624534984956,False,False,False,False,False,False,0.013311991770469128,False,-0.4598930481283422,中性,4169.TW,泰宗,9755740160.0,nan,5.013596,0.21,206167,Healthcare,0.3039290969766372,3,v1,phase6a,2026-07-12,0,3,5,3,3,3,v1,67,0.8950715421303657,67,0.8950715421303657,74,0.8839427662957074,^TWII,yfinance,2y,2026-10-07,scan_20261008_175914,False,False
True,1,-0.02500025431315104,-0.0666669209798177,True,False,觀察 (跌勢收斂),17.399999618530273,2026-10-07 00:00:00,17.407499980926513,-0.00500001907348846,True,False,0.8211349179412505,False,0.00034935288872538895,40.07446092560351,0.00036434486098450185,0.0003832064576523491,-0.43126627766507664,-2.2143580151843145,-5.541886442141952,-0.43126627766507664,False,False,False,False,False,False,0.02688466937032513,False,-0.06451616872733801,中性,4538.TWO,大詠城,1046672000.0,45.12821,1.2661871,5.78,16576,Industrials,0.5868915048207541,1,v1,phase6a,2026-07-12,0,1,1,1,1,1,v1,371,0.4117647058823529,371,0.4117647058823529,371,0.4117647058823529,^TWII,yfinance,2y,2026-10-07,scan_20261008_175914,False,False
True,0,2.75,1.3333333333333335,True,False,買入 (動能增強),138.0,2026-10-07 00:00:00,137.2,-0.20000000000001705,False,True,1.0093935537305998,False,0.002770729867876623,58.85999139287235,0.002883633159234172,0.003008049238691081,-0.4104467024474978,-1.2778634909159536,-5.872038477299046,-0.4104467024474978,False,False,False,False,False,False,0.0,False,-0.12380952380952381,中性,3019.TW,亞光,38256414720.0,23.539518,2.57393,3.26,4004021,Technology,0.4607298041324214,2,v1,phase6a,2026-07-12,0,2,3,2,2,2,v1,170,0.7313195548489666,170,0.7313195548489666,177,0.7201907790143084,^TWII,yfinance,2y,2026-10-07,scan_20261008_175914,False,False
True,0,2.183333079020182,1.5166664123535154,True,False,買入 (動能增強),103.5,2026-10-07 00:00:00,101.97000007629394,0.04999999999999716,False,True,1.842082107852244,True,0.0020780474009074673,41.93329240378633,0.002138906770718186,0.0022607114604479626,-0.29861607110585053,-1.6302798302263666,-4.313988097334287,-0.29861607110585053,False,False,False,False,False,False,0.08327614818862156,False,-0.024452136896758736,中性,1514.TW,亞力,28319406080.0,29.285715,4.4061384,1.93,1889889,Industrials,0.3271732337963907,2,v1,phase6a,2026-07-12,0,2,4,2,2,2,v1,121,0.809220985691574,121,0.809220985691574,129,0.7965023847376789,^TWII,yfinance,2y,2026-10-07,scan_20261008_175914,False,False
True,0,2.2499999999999996,3.0,True,False,觀望 (動能減弱),394.5,2026-10-07 00:00:00,395.7,0.024999999999977263,False,False,0.3460818192433947,False,0.007920673426647304,71.34050359738357,0.008282553760073754,0.00854318559405782,-0.4578089816916653,-2.065326542720858,-4.433304812231087,-0.4578089816916653,False,False,False,False,False,False,0.0,False,-0.02832512315270941,中性,4728.TWO,雙美,21567348736.0,26.612904,15.071934,3.07,6608,Healthcare,0.33341859403227764,0,v1,phase6a,2026-07-12,0,0,1,0,0,0,v1,534,0.15262321144674085,534,0.15262321144674085,535,0.151033386327504,^TWII,yfinance,2y,2026-10-07,scan_20261008_175914,False,False
True,0,2.25,1.583333333333333,True,False,買入 (動能增強),175.0,2026-10-07 00:00:00,171.5,-0.22499999999999432,True,True,1.9642191977176366,True,0.0035136067165102104,70.38961324091845,0.0035670590495240663,0.003596696930218349,-0.15748828703883166,-0.683773599833648,0.4927728312552393,-0.15748828703883166,False,False,False,False,False,False,0.6477004351509408,False,-0.05405405405405406,中性,4977.TW,眾達-KY,17127497728.0,52.114803,3.3178818,1.21,3405560,Technology,0.27044587791492847,2,v1,phase6a,2026-07-12,0,2,3,2,2,2,v1,215,0.6597774244833068,215,0.6597774244833068,218,0.6550079491255962,^TWII,yfinance,2y,2026-10-07,scan_20261008_175914,False,False
True,0,-0.05833371480305989,-0.15833409627278644,True,False,觀察 (跌勢收斂),38.650001525878906,2026-10-07 00:00:00,38.87000045776367,-0.009999847412110796,False,False,0.28625335611012,False,0.0007760051711683315,31.764608968570354,0.0008109545251232657,0.000841292895201625,-0.4515993750580649,-1.9253225836914245,-3.98200386812948,-0.4515993750580649,False,False,False,False,False,False,0.001413076154641764,False,-0.019035532257717813,中性,2748.TW,雲品,4114803200.0,15.314961,1.393017,4.53,86170,Consumer Cyclical,0.6789263979766984,1,v1,phase6a,2026-07-12,0,1,1,1,1,1,v1,352,0.4419713831478537,352,0.4419713831478537,352,0.4419713831478537,^TWII,yfinance,2y,2026-10-07,scan_20261008_175914,False,False
True,0,-3.1499989827473955,-3.1999994913736978,True,False,觀察 (跌勢收斂),96.80000305175781,2026-10-07 00:00:00,99.42500038146973,-0.11999969482421591,False,False,0.883638027356691,False,0.0019435265193192292,67.47513394115533,0.002050717749829046,0.002003321865653841,-0.5472008606323464,-2.0949820642256256,0.26320138301574314,-0.5472008606323464,False,False,True,False,False,False,0.3025603475655187,False,-0.055609726324314046,中性,2637.TW,慧洋-KY,73446645760.0,10.933333,1.4823651,3.62,4482176,Industrials,0.7138427725780797,1,v1,phase6a,2026-07-12,0,1,1,1,1,1,v1,345,0.45310015898251194,345,0.45310015898251194,345,0.45310015898251194,^TWII,yfinance,2y,2026-10-07,scan_20261008_175914,False,False
True,0,-0.14999993642171225,-0.17499987284342444,True,False,觀察 (跌勢收斂),10.300000190734863,2026-10-07 00:00:00,10.484999990463256,-0.02750000953674281,True,False,0.9589788818516047,False,0.0002068008562869855,31.277959884598598,0.00021990535261419409,0.00023924401973088942,-0.6233689944292631,-2.849304955140708,-8.771643843690235,-0.6233689944292631,False,False,False,False,False,False,0.0008666613866423927,False,-0.18253969215091248,中性,6109.TWO,亞元,922162496.0,nan,1.2250613,0.0,152297,Industrials,0.4516978135188092,1,v1,phase6a,2026-07-12,0,1,1,1,1,1,v1,391,0.3799682034976153,391,0.3799682034976153,391,0.3799682034976153,^TWII,yfinance,2y,2026-10-07,scan_20261008_175914,False,False
True,0,5.583333333333333,3.333333333333333,True,False,買入 (動能增強),206.0,2026-10-07 00:00:00,201.775,0.30000000000001137,False,True,0.7282412740813508,False,0.004136017049149162,60.00782893809238,0.0041802587558739486,0.004220050422425826,-0.1112811346262288,-0.2129069398752126,4.635720626392126,-0.1112811346262288,False,False,False,False,False,False,0.5936168141557975,False,0.0,中性,7703.TWO,銳澤,7018489856.0,27.18708,3.4718046,3.41,96082,Industrials,0.4073237622687242,2,v1,phase6a,2026-07-12,0,2,4,2,2,2,v1,280,0.5564387917329093,280,0.5564387917329093,281,0.5548489666136724,^TWII,yfinance,2y,2026-10-07,scan_20261008_175914,False,False
True,1,0.09166669845581055,0.11666663487752277,True,False,觀望 (動能減弱),11.350000381469727,2026-10-07 00:00:00,11.36500005722046,-0.0024999618530259227,False,False,1.4313719804471017,False,0.00022788250041557418,29.029522442243785,0.00023806036198445492,0.00025080331768160267,-0.4480183005505012,-1.966820529152602,-4.309468068049838,-0.4480183005505012,False,False,False,False,False,False,0.009987002715525968,False,-0.08467736043245133,中性,4108.TW,懷特,2294049536.0,nan,1.1806195,0.0,241494,Healthcare,0.45680506581707275,0,v1,phase6a,2026-07-12,0,0,0,0,0,0,v1,517,0.17965023847376788,517,0.17965023847376788,518,0.178060413354531,^TWII,yfinance,2y,2026-10-07,scan_20261008_175914,False,False
True,0,0.29166634877522785,0.19999965031941727,True,False,買入 (動能增強),12.199999809265137,2026-10-07 00:00:00,12.277500009536743,-0.02750000953674281,True,False,0.4832190275689282,False,0.0002449485786928987,45.21328976215253,0.00025714937104370783,0.00026521723244452965,-0.4969530311720427,-2.099056842858482,-4.774169415600871,-0.4969530311720427,False,False,False,False,False,False,0.1946812732102184,False,-0.09963102306026694,中性,3049.TW,精金,9624126464.0,29.268293,1.1753184,0.0,6490980,Technology,0.3983048119941119,2,v1,phase6a,2026-07-12,0,2,2,2,2,2,v1,174,0.724960254372019,174,0.724960254372019,180,0.7154213036565977,^TWII,yfinance,2y,2026-10-07,scan_20261008_175914,False,False
True,0,0.25,0.3249994913736979,True,False,觀望 (動能減弱),41.099998474121094,2026-10-07 00:00:00,41.06749954223633,0.012499999999995737,False,True,0.71297999893053,False,0.0008251956039270359,47.59739962767477,0.0008592359005002839,0.0008943838806369685,-0.41528857626220717,-1.9087888983109091,-3.7966009014674396,-0.41528857626220717,False,False,False,False,False,False,0.007153602141776682,False,-0.014388543833112055,中性,6697.TWO,東捷資訊,1114778368.0,13.421053,1.8491662,6.33,21665,Technology,0.7003817555802009,0,v1,phase6a,2026-07-12,0,0,2,0,0,0,v1,573,0.09062003179650238,573,0.09062003179650238,573,0.09062003179650238,^TWII,yfinance,2y,2026-10-07,scan_20261008_175914,False,False
True,1,0.05833307902018228,0.016666412353515625,True,False,買入 (動能增強),15.600000381469727,2026-10-07 00:00:00,15.592499923706054,-0.007499980926514382,False,True,1.3821529500327028,False,0.00031321294924510786,25.53052187402481,0.00032671612121612726,0.00034385476999057845,-0.43316795237990924,-1.8248091238436848,-5.328019191897438,-0.43316795237990924,False,False,False,False,False,False,0.0,False,-0.07964603661974179,中性,1539.TW,巨庭,1019772032.0,18.57143,0.6332454,0.0,70986,Industrials,0.5318871733658644,2,v1,phase6a,2026-07-12,0,2,3,2,2,2,v1,122,0.8076311605723371,122,0.8076311605723371,130,0.794912559618442,^TWII,yfinance,2y,2026-10-07,scan_20261008_175914,False,False
True,1,0.21666653951009107,0.4833329518636067,True,False,觀望 (動能減弱),36.79999923706055,2026-10-07 00:00:00,37.95500011444092,-0.05750007629394105,False,False,0.7758235138416042,False,0.0007388612827823232,20.519244809434415,0.0007909322085992795,0.0008121947586070192,-0.688229300302523,-2.3532473399391907,-2.9458228375812245,-0.688229300302523,False,False,False,False,False,False,0.0,False,-0.06717367489555026,中性,6887.TW,寶綠特-KY,2733367552.0,8.394077,0.90817225,6.58,55161,Industrials,0.8945991817364614,0,v1,phase6a,2026-07-12,0,0,0,0,0,0,v1,587,0.06836248012718601,587,0.06836248012718601,587,0.06836248012718601,^TWII,yfinance,2y,2026-10-07,scan_20261008_175914,False,False
True,0,-0.7500006357828776,-1.0166676839192708,True,False,觀察 (跌勢收斂),60.70000076293945,2026-10-07 00:00:00,61.19999980926514,-0.09499988555908345,True,False,1.080786141307213,False,0.0012187196021305083,31.04349528732648,0.0012845267873269055,0.001402025072930417,-0.5363778252884255,-2.398764048238966,-8.514367984539373,-0.5363778252884255,False,False,False,False,False,False,0.0007882133785033863,False,-0.2023652827853687,中性,3687.TWO,歐買尬,1828530432.0,17.594202,1.1672628,3.3,75536,Communication Services,0.6441833921454531,1,v1,phase6a,2026-07-12,0,1,1,1,1,1,v1,363,0.424483306836248,363,0.424483306836248,363,0.424483306836248,^TWII,yfinance,2y,2026-10-07,scan_20261008_175914,False,False
True,0,0.7166646321614583,0.4333305358886719,True,False,買入 (動能增強),78.0999984741211,2026-10-07 00:00:00,77.55499992370605,-0.07500000000000284,True,True,0.5847965429297718,False,0.0015680724525606233,50.72565741600411,0.0016290694062878145,0.001678012457890749,-0.3925876299148978,-2.114568091807356,-6.675293561162654,-0.3925876299148978,False,False,False,False,False,False,0.047990300591145924,False,-0.10742858886718754,中性,6277.TW,宏正,9533786112.0,19.558825,1.9827565,4.48,491177,Technology,0.5657026826998036,3,v1,phase6a,2026-07-12,0,3,4,3,3,3,v1,78,0.8775834658187599,78,0.8775834658187599,84,0.8680445151033387,^TWII,yfinance,2y,2026-10-07,scan_20261008_175914,True,False
True,0,-1.1666666666666665,-1.4999999999999998,True,False,觀察 (跌勢收斂),70.0,2026-10-07 00:00:00,69.30999984741212,-0.00999984741210369,True,True,0.8155030805326781,False,0.0014054426866040842,115.62447805589169,0.0014337471159994114,0.001425801140086592,-0.2073751377966837,-1.9934649451257558,-0.1532567129617135,-0.2073751377966837,False,False,True,False,False,False,0.34515957407400555,False,-0.011299477645120626,中性,2885.TW,元大金,946938249216.0,25.969582,2.3775544,2.5,25206496,Financial Services,0.4325553107618874,1,v1,phase6a,2026-07-12,0,1,2,1,1,1,v1,353,0.44038155802861684,353,0.44038155802861684,353,0.44038155802861684,^TWII,yfinance,2y,2026-10-07,scan_20261008_175914,False,False
True,1,-0.05833323796590169,-0.0666664441426595,True,False,觀察 (跌勢收斂),14.75,2026-10-07 00:00:00,14.867500019073486,-0.007499980926514382,True,False,0.6786216688111202,False,0.00029614685182014633,22.908791719720725,0.0003110631717575771,0.000329926601814744,-0.5022302125371247,-2.3302135810812086,-5.607665562832798,-0.5022302125371247,False,False,False,False,False,False,0.012849270976868304,False,-0.078125,中性,4528.TWO,江興鍛,1245652352.0,nan,0.54890037,1.36,19647,Consumer Cyclical,0.6346810604256834,1,v1,phase6a,2026-07-12,0,1,1,1,1,1,v1,369,0.4149443561208267,369,0.4149443561208267,369,0.4149443561208267,^TWII,yfinance,2y,2026-10-07,scan_20261008_175914,False,False
True,0,1.25,1.3333333333333333,True,False,觀望 (動能減弱),155.5,2026-10-07 00:00:00,151.525,0.30000000000001137,False,True,0.8229935596482392,False,0.003122090539527644,86.04330873061052,0.0031423569259173417,0.003024234918448758,-0.06784259687985239,-0.8672084252648427,3.3582029968854066,-0.06784259687985239,False,True,True,False,False,False,0.6204029584469489,False,0.0,中性,2881.TW,富邦金,2090855563264.0,19.101124,1.712233,2.75,18955519,Financial Services,0.540474967028477,0,v1,phase6a,2026-07-12,0,0,2,0,0,0,v1,494,0.21621621621621623,494,0.21621621621621623,495,0.21462639109697934,^TWII,yfinance,2y,2026-10-07,scan_20261008_175914,False,False
True,0,0.41666666666666663,0.5000000000000001,True,False,觀望 (動能減弱),137.5,2026-10-07 00:00:00,137.25,0.0,False,True,0.6435560115237291,False,0.002760690991543737,27.41608549185801,0.0028725624867742545,0.002963558812276473,-0.4082720227635228,-2.245853002989706,-4.763257411239485,-0.4082720227635228,False,False,False,False,False,False,0.08755027092374625,False,-0.03169014084507038,中性,6605.TW,帝寶,22633938944.0,8.53125,1.1267117,4.81,373795,Consumer Cyclical,0.8267760017303928,2,v1,phase6a,2026-07-12,0,2,3,2,2,2,v1,257,0.5930047694753577,257,0.5930047694753577,259,0.589825119236884,^TWII,yfinance,2y,2026-10-07,scan_20261008_175914,False,True
True,1,-0.5833333333333333,-0.41666666666666663,True,False,賣出 (動能轉弱),106.0,2026-10-07 00:00:00,105.325,0.20000000000000284,False,True,0.8449615261276235,False,0.002128241782571899,58.986246151794056,0.002192611773931823,0.002238679354655142,-0.30807615173165104,-1.5978114361362983,-1.6746226593651992,-0.30807615173165104,False,False,False,False,False,False,0.05475676112527417,False,-0.013953488372092981,中性,4904.TW,遠傳,382416748544.0,25.790754,4.4381175,3.59,7552135,Communication Services,0.40221283739515634,0,v1,phase6a,2026-07-12,0,0,2,0,0,0,v1,536,0.1494435612082671,536,0.1494435612082671,537,0.1478537360890302,^TWII,yfinance,2y,2026-10-07,scan_20261008_175914,False,False
True,1,0.033332824707031264,-0.2666664123535156,True,False,買入 (動能增強),96.69999694824219,2026-10-07 00:00:00,96.41999893188476,-0.02000007629395384,False,True,0.11900859606039274,False,0.0019415186215077749,42.55892646092945,0.002017950151645978,0.002111878085143735,-0.3971096640531968,-1.8970845920295187,-4.626706528047164,-0.3971096640531968,False,False,False,False,False,False,0.007612471001554233,False,-0.02323235405815971,中性,6752.TWO,叡揚,3711071744.0,14.608434,2.7714286,4.52,20329,Technology,0.576032885958485,2,v1,phase6a,2026-07-12,0,2,3,2,2,2,v1,266,0.5786963434022258,266,0.5786963434022258,267,0.5771065182829889,^TWII,yfinance,2y,2026-10-07,scan_20261008_175914,False,False
True,0,0.09999974568684895,0.0666662851969401,True,False,買入 (動能增強),21.350000381469727,2026-10-07 00:00:00,21.557500076293945,-0.027499961853028054,True,False,0.9271076738031826,False,0.0004286600270733005,28.990550048038653,0.0004530317522133258,0.0004860158540815345,-0.5630949375176275,-2.3708333518486113,-7.777201146475987,-0.5630949375176275,False,False,False,False,False,False,0.0,False,-0.08855967654534402,中性,8076.TWO,伍豐,6253370880.0,152.85713,1.6419857,3.28,645006,Technology,0.418643530256355,2,v1,phase6a,2026-07-12,0,2,2,2,2,2,v1,289,0.5421303656597775,289,0.5421303656597775,289,0.5421303656597775,^TWII,yfinance,2y,2026-10-07,scan_20261008_175914,False,False
True,0,0.1333325703938802,-0.025000254313151046,True,False,買入 (動能增強),47.25,2026-10-07 00:00:00,47.295000076293945,-0.017499923706054688,False,False,0.21861439076073125,False,0.0009486738134577568,37.69918031029505,0.0009904855432921794,0.0010409724633876993,-0.4423854871415056,-1.9708764021142855,-5.423811640992127,-0.4423854871415056,False,False,False,False,False,False,0.0088083680459731,False,-0.04158213526947663,中性,1903.TW,士紙,12338855936.0,35.148148,2.2402153,0.0,108602,Consumer Defensive,0.2655540837377656,2,v1,phase6a,2026-07-12,0,2,2,2,2,2,v1,134,0.7885532591414944,134,0.7885532591414944,142,0.7758346581875993,^TWII,yfinance,2y,2026-10-07,scan_20261008_175914,False,False
True,0,0.44166660308837885,0.5750001271565756,True,False,觀望 (動能減弱),24.100000381469727,2026-10-07 00:00:00,23.80250005722046,0.01750001907348775,False,True,0.5446935624055963,False,0.0004838738469041752,36.168795258088444,0.0005029904343621629,0.0005454264487486738,-0.3984676393209763,-2.088764545183641,-7.837934905340949,-0.3984676393209763,False,False,False,False,False,False,0.04858209396632026,False,-0.13928570066179546,中性,8044.TWO,網家,4909407232.0,nan,0.7533308,0.0,415522,Consumer Cyclical,0.5145170167874508,0,v1,phase6a,2026-07-12,0,0,2,0,0,0,v1,605,0.0397456279809221,605,0.0397456279809221,605,0.0397456279809221,^TWII,yfinance,2y,2026-10-07,scan_20261008_175914,False,False
False,0,16.5,10.333333333333332,False,True,強烈買入 (爆發),243.5,2026-10-07 00:00:00,218.0,0.875,False,True,3.3332134684654515,True,0.004888932774115636,153.71924836044462,0.004657671626801134,0.005151363595762643,0.5253950688488551,0.4839638638709509,-6.956129078659046,0.5253950688488551,True,False,False,False,False,True,0.14976410412270755,False,-0.2750809343751297,偏強 (RS上升),2472.TW,立隆電,40113004544.0,24.872318,4.2029862,1.44,3467813,Technology,0.3316549329050921,3,v1,phase6a,2026-07-12,1,4,5,4,3,4,v1,52,0.918918918918919,52,0.918918918918919,36,0.9443561208267091,^TWII,yfinance,2y,2026-10-07,scan_20261008_175914,False,False
True,0,23.416666666666668,10.0,True,False,買入 (動能增強),526.0,2026-10-07 00:00:00,496.725,-0.5499999999999545,True,True,0.9088441096981608,False,0.010560897902196404,321.2934781137965,0.010444895922497022,0.010189849599463598,0.11704306691326938,0.5435480530414649,-2.7814163278210513,0.11704306691326938,True,True,True,False,False,True,0.6416886611835598,False,-0.09310344827586203,偏強 (RS上升),6727.TWO,亞泰金屬,14248519680.0,49.671978,9.794139,0.85,1195939,Industrials,0.19915148790871687,2,v1,phase6a,2026-07-12,2,4,3,4,2,4,v1,264,0.5818759936406995,264,0.5818759936406995,44,0.931637519872814,^TWII,yfinance,2y,2026-10-07,scan_20261008_175914,False,False
True,0,-0.39999961853027344,-0.4833326339721679,True,False,觀察 (跌勢收斂),25.25,2026-10-07 00:00:00,25.444999790191652,-0.03749999999999787,True,False,1.3331358317286328,False,0.0005069632548107589,24.884073023216608,0.0005318944572539315,0.000562499840637212,-0.49097190351499176,-2.492694185349764,-6.647679130148665,-0.49097190351499176,False,False,False,False,False,False,0.007904072844848231,False,-0.07678246260254262,中性,7782.TWO,光速火箭,579383296.0,11.057269,1.2673568,7.97,9725,Industrials,0.8314396632179331,1,v1,phase6a,2026-07-12,0,1,1,1,1,1,v1,416,0.34022257551669316,416,0.34022257551669316,416,0.34022257551669316,^TWII,yfinance,2y,2026-10-07,scan_20261008_175914,False,False
True,0,4.0,4.583333333333333,True,False,觀望 (動能減弱),189.0,2026-10-07 00:00:00,186.425,-0.09999999999999432,False,True,0.5087434672288781,False,0.003794695253831027,41.660390721468595,0.003920984198656548,0.004004837757843899,-0.3378910669406099,-1.5755147188919016,-5.084668740836662,-0.3378910669406099,False,False,False,False,False,False,0.04550731584820087,False,-0.04303797468354431,中性,5288.TW,豐祥-KY,13175908352.0,12.57505,2.068973,3.44,145386,Industrials,0.6172899162124504,0,v1,phase6a,2026-07-12,0,0,1,0,0,0,v1,541,0.14149443561208266,541,0.14149443561208266,542,0.13990461049284578,^TWII,yfinance,2y,2026-10-07,scan_20261008_175914,False,False
True,0,0.4666665395100911,0.375,True,False,買入 (動能增強),17.899999618530273,2026-10-07 00:00:00,17.57999982833862,0.019999980926513672,False,True,0.45899281676241765,False,0.0003593917650582753,32.90019164426051,0.0003698860274727761,0.00039554542886581994,-0.29775928108303207,-1.4117509673155948,-5.1235237327389775,-0.29775928108303207,False,False,False,False,False,False,0.048132109179200286,False,-0.10050251448938019,中性,6210.TWO,慶生,625606784.0,nan,1.8381217,0.0,12594,Technology,0.37611047950450893,2,v1,phase6a,2026-07-12,0,2,4,2,2,2,v1,240,0.6200317965023847,240,0.6200317965023847,242,0.6168521462639109,^TWII,yfinance,2y,2026-10-07,scan_20261008_175914,False,False
True,0,-0.08333333333333331,0.7333323160807291,True,False,賣出 (動能轉弱),79.30000305175781,2026-10-07 00:00:00,82.23999977111816,-0.3599998474121122,False,False,0.629385274961612,False,0.0015921658476682082,21.22856609059015,0.0017020708832835502,0.0017223757269410119,-0.6751098384362941,-1.7924748611178654,1.126958724732452,-0.6751098384362941,False,False,False,False,False,False,0.10362665123288663,False,-0.08323695893921601,中性,6906.TW,現觀科,2543531008.0,33.15126,3.6607435,2.27,78573,Technology,0.3399979595334075,0,v1,phase6a,2026-07-12,0,0,0,0,0,0,v1,588,0.06677265500794913,588,0.06677265500794913,588,0.06677265500794913,^TWII,yfinance,2y,2026-10-07,scan_20261008_175914,False,False
True,0,0.050001780192057255,0.6000022888183594,True,False,觀望 (動能減弱),89.0,2026-10-07 00:00:00,91.18499984741212,-0.12999992370605185,False,False,0.47109141324630704,False,0.0017869199872537643,19.972432131357728,0.0019185855484486886,0.00212417863786853,-0.7172018957822379,-2.962669267225726,-8.688090303026286,-0.7172018957822379,False,False,False,False,False,False,0.0,False,-0.23275862068965514,中性,9958.TW,世紀鋼,23780493312.0,12.8017235,1.8676504,4.99,1717547,Industrials,0.6774341829339026,0,v1,phase6a,2026-07-12,0,0,0,0,0,0,v1,630,0.0,630,0.0,630,0.0,^TWII,yfinance,2y,2026-10-07,scan_20261008_175914,False,False
True,1,0.0666666030883789,0.09166669845581055,True,False,觀望 (動能減弱),13.75,2026-10-07 00:00:00,13.860000038146973,-0.01249999999999929,True,False,0.25100659348683524,False,0.00027606909915437367,27.873761883534456,0.00029014615769721246,0.0003033675813133408,-0.5081116604740532,-2.062798589673276,-5.3374345652164035,-0.5081116604740532,False,False,False,False,False,False,0.0,False,-0.04259258177120162,中性,4401.TWO,東隆興,1711553408.0,12.455357,0.632567,4.36,39874,Consumer Cyclical,0.8193832268289158,2,v1,phase6a,2026-07-12,0,2,2,2,2,2,v1,207,0.6724960254372019,207,0.6724960254372019,210,0.6677265500794912,^TWII,yfinance,2y,2026-10-07,scan_20261008_175914,False,True
False,0,-0.6999994913736979,-0.6999994913736979,False,True,強烈賣出 (跌破),44.650001525878906,2026-10-07 00:00:00,45.33500003814697,-0.04749984741211222,False,False,0.5563766450208383,False,0.0008964716871629673,33.66857865389608,0.0009452625315979949,0.0009841200074548508,-0.5403921458370653,-2.4748759021396394,-5.246796477887605,-0.5403921458370653,False,False,False,False,False,False,0.0,False,-0.06979163487752282,中性,2704.TW,國賓,16493203456.0,16.898497,0.506399,1.12,161432,Consumer Cyclical,0.6504469514601597,0,v1,phase6a,2026-07-12,0,0,0,0,0,0,v1,487,0.2273449920508744,487,0.2273449920508744,488,0.22575516693163752,^TWII,yfinance,2y,2026-10-07,scan_20261008_175914,False,False
True,0,0.17500019073486325,0.1333338419596354,True,False,買入 (動能增強),16.549999237060547,2026-10-07 00:00:00,16.89499988555908,-0.03750000000000142,False,False,0.5805070202831951,False,0.0003322867913004274,41.39651016824777,0.0003514356646671063,0.0003508587600004764,-0.5702824343778445,-1.8881494010798083,-2.0378942457626725,-0.5702824343778445,False,False,True,False,False,False,0.30000992166881235,False,-0.11733337402343746,中性,5608.TW,四維航,6423053824.0,206.25,0.6606871,0.0,6618973,Industrials,0.3699881553132012,3,v1,phase6a,2026-07-12,0,3,3,3,3,3,v1,74,0.8839427662957074,74,0.8839427662957074,81,0.8728139904610492,^TWII,yfinance,2y,2026-10-07,scan_20261008_175914,True,False
True,0,-0.04999987284342447,0.04166666666666667,True,False,賣出 (動能轉弱),18.450000762939453,2026-10-07 00:00:00,18.880000019073485,-0.044999980926515804,True,False,0.690445739188101,False,0.0003704345520016147,15.697617407543616,0.0003969872775116082,0.00042655589373438734,-0.6991364372955666,-2.51888623288542,-8.258064086341477,-0.6991364372955666,False,False,False,False,False,False,0.0,False,-0.11057550318600184,中性,8927.TWO,北基,7647997440.0,20.054945,1.367246,1.65,173144,Consumer Cyclical,0.5314765498389633,0,v1,phase6a,2026-07-12,0,0,0,0,0,0,v1,623,0.011128775834658187,623,0.011128775834658187,623,0.011128775834658187,^TWII,yfinance,2y,2026-10-07,scan_20261008_175914,False,False
True,0,-0.6000003814697266,-0.5583333969116211,True,False,賣出 (動能轉弱),22.600000381469727,2026-10-07 00:00:00,23.262500095367432,-0.03749999999999787,True,False,1.440548152784412,False,0.0004537572179055163,25.59557259409295,0.0004844326302096914,0.0005226399640154601,-0.6621375621852721,-3.0673708773858444,-6.565303396301381,-0.6621375621852721,False,False,False,False,False,False,0.08078669826260551,False,-0.09054325816742403,中性,6692.TWO,進能服,1321188992.0,nan,1.3921113,0.9,16162,Technology,0.5091791393223383,0,v1,phase6a,2026-07-12,0,0,0,0,0,0,v1,572,0.09220985691573927,572,0.09220985691573927,572,0.09220985691573927,^TWII,yfinance,2y,2026-10-07,scan_20261008_175914,False,False
True,0,0.23333231608072913,0.29999796549479163,True,False,觀望 (動能減弱),96.80000305175781,2026-10-07 00:00:00,97.12500038146973,-0.054999923706049,False,False,1.091945802716652,False,0.0019435265193192292,38.675376058105556,0.0020355776956212995,0.0021435936936986004,-0.4737570261864277,-2.0333783494251745,-5.67404940392503,-0.4737570261864277,False,False,False,False,False,False,0.0,False,-0.04630538865263234,中性,5478.TWO,智冠,14548298752.0,11.491124,1.6684996,7.75,59762,Communication Services,0.774050896876803,0,v1,phase6a,2026-07-12,0,0,0,0,0,0,v1,544,0.13672496025437203,544,0.13672496025437203,545,0.13513513513513514,^TWII,yfinance,2y,2026-10-07,scan_20261008_175914,False,False
True,0,-0.28333282470703125,-0.29999987284342444,True,False,觀察 (跌勢收斂),54.400001525878906,2026-10-07 00:00:00,54.055000114440915,-0.06999988555908487,True,True,1.6694926307551845,True,0.0010922297756542504,27.957756893975084,0.001137731935850684,0.001231482279562467,-0.4192219139240172,-2.6314607389222644,-8.646898856616625,-0.4192219139240172,False,False,False,False,False,False,0.0509857640392925,False,-0.10113207570955252,中性,6637.TWO,醫影,1501360000.0,10.256411,1.3981125,8.27,51006,Healthcare,0.8248774577455662,1,v1,phase6a,2026-07-12,0,1,2,1,1,1,v1,410,0.3497615262321145,410,0.3497615262321145,410,0.3497615262321145,^TWII,yfinance,2y,2026-10-07,scan_20261008_175914,False,False
True,0,5.666666666666666,2.75,True,False,買入 (動能增強),129.5,2026-10-07 00:00:00,121.025,0.125,False,True,4.22702190446895,True,0.0026000689702175557,92.82055290936032,0.0025684933301524156,0.002788720273934106,0.12957239215591887,-0.08565085863735389,-7.401993713871202,0.12957239215591887,True,False,False,False,False,True,0.11274969799606771,False,-0.23970557210128585,中性,2375.TW,凱美,14182087680.0,31.445782,1.333674,0.93,5005296,Technology,0.45107596996988514,2,v1,phase6a,2026-07-12,0,2,4,2,2,2,v1,146,0.7694753577106518,146,0.7694753577106518,153,0.7583465818759937,^TWII,yfinance,2y,2026-10-07,scan_20261008_175914,False,False
True,1,0.01666704813639322,0.06666707992553711,True,False,觀望 (動能減弱),12.300000190734863,2026-10-07 00:00:00,12.6125,0.005000019073486683,False,False,2.0823441999491408,True,0.0002469563616185308,19.871981082134397,0.00026460679531919084,0.00028461023758175513,-0.6972556366986016,-1.8294730653103053,-5.412950266946714,-0.6972556366986016,False,False,False,False,False,False,0.0,False,-0.1744966103597707,中性,6645.TW,金萬林-創,815184000.0,nan,1.9438444,0.0,31556,Healthcare,0.36691742536763455,0,v1,phase6a,2026-07-12,0,0,1,0,0,0,v1,570,0.09538950715421304,570,0.09538950715421304,570,0.09538950715421304,^TWII,yfinance,2y,2026-10-07,scan_20261008_175914,False,False
True,0,-0.5499992370605469,-0.6333325703938801,True,False,觀察 (跌勢收斂),48.75,2026-10-07 00:00:00,48.70749988555908,0.09249992370605042,False,True,0.8933775555966585,False,0.0009787904424564157,34.37050092511781,0.0010119325773673556,0.0010476587762118616,-0.34356636443794164,-2.2737029110454943,-2.5360927307229053,-0.34356636443794164,False,False,False,False,False,False,0.07564875225102152,False,-0.10276071519818253,中性,2540.TW,愛山林,46771261440.0,nan,4.3417244,12.31,1064503,Real Estate,0.5524715631009354,1,v1,phase6a,2026-07-12,0,1,3,1,1,1,v1,339,0.4626391096979332,339,0.4626391096979332,339,0.4626391096979332,^TWII,yfinance,2y,2026-10-07,scan_20261008_175914,False,False
True,0,-0.4833323160807292,-0.7833328247070312,True,False,觀察 (跌勢收斂),65.69999694824219,2026-10-07 00:00:00,66.17999992370605,-0.1300003051757841,False,False,0.29502731461221116,False,0.0013191082888688234,65.73777484934124,0.0013799833492729027,0.0014285632405235402,-0.46220005308493795,-2.1438133025212136,-4.597360314813159,-0.46220005308493795,False,False,False,False,False,False,0.014243070438513685,False,-0.03806743758920972,中性,1419.TW,新紡,19719718912.0,4.75469,0.8653859,2.74,100764,Consumer Cyclical,0.8116296879327335,1,v1,phase6a,2026-07-12,0,1,1,1,1,1,v1,311,0.5071542130365659,311,0.5071542130365659,311,0.5071542130365659,^TWII,yfinance,2y,2026-10-07,scan_20261008_175914,False,False
True,2,0.07500012715657552,0.05833339691162109,True,False,買入 (動能增強),15.75,2026-10-07 00:00:00,15.744999933242799,0.005000019073486683,False,True,0.3738263410500782,False,0.00031622460448591893,27.448285092825472,0.00032920335591339617,0.00034282689000374547,-0.4132819858883363,-1.833793137892381,-4.028407578933768,-0.4132819858883363,False,False,False,False,False,False,0.014604301551687031,False,-0.00943393849868146,中性,4502.TWO,健信,870827008.0,nan,1.5764636,0.0,23886,Industrials,0.40828616898356923,2,v1,phase6a,2026-07-12,0,2,4,2,2,2,v1,210,0.6677265500794912,210,0.6677265500794912,213,0.6629570747217806,^TWII,yfinance,2y,2026-10-07,scan_20261008_175914,False,False
True,1,0.01666609446207682,-0.05000050862630208,True,False,買入 (動能增強),17.649999618530273,2026-10-07 00:00:00,17.4125,-0.005000019073484907,True,True,0.8841957829546317,False,0.0003543723268918321,34.195121751506974,0.0003684517021179956,0.0003934665468076403,-0.40062295778128254,-2.7290891632795744,-11.066540443247108,-0.40062295778128254,False,False,False,False,False,False,0.06151802068911827,False,-0.1390244088521818,中性,1414.TW,東和,3554100224.0,33.24074,1.1915827,1.13,270306,Consumer Cyclical,0.47457157554698615,2,v1,phase6a,2026-07-12,0,2,3,2,2,2,v1,107,0.8314785373608903,107,0.8314785373608903,115,0.8187599364069952,^TWII,yfinance,2y,2026-10-07,scan_20261008_175914,False,False
True,1,0.14166641235351562,0.14999961853027344,True,False,觀望 (動能減弱),48.29999923706055,2026-10-07 00:00:00,48.61500015258789,-0.030000114440916548,False,False,0.08457887837516954,False,0.0009697554384387085,30.037697300350377,0.001020018488603037,0.0011027756981233218,-0.5160245010952247,-2.1761025779195697,-6.446627909547454,-0.5160245010952247,False,False,False,False,False,False,0.0,False,-0.12972974347638655,中性,8097.TWO,常珵,2834278912.0,nan,3.0278285,0.0,119987,Technology,0.30188507943641224,0,v1,phase6a,2026-07-12,0,0,0,0,0,0,v1,607,0.03656597774244833,607,0.03656597774244833,607,0.03656597774244833,^TWII,yfinance,2y,2026-10-07,scan_20261008_175914,False,False
True,0,0.34999974568684894,0.35833295186360675,True,False,觀望 (動能減弱),41.5,2026-10-07 00:00:00,41.18499984741211,0.029999923706050424,False,True,1.1581324115594942,False,0.0008332267356295642,48.54531977837152,0.0008640364300828276,0.0009167151906760039,-0.37394237073601344,-2.0005526859595446,-5.261869152460652,-0.37394237073601344,False,False,False,False,False,False,0.049923993848536165,False,-0.050343266007565,中性,6763.TWO,綠界科技*,7646825984.0,10.060533,2.56434,7.23,195909,Technology,0.7168674041240491,0,v1,phase6a,2026-07-12,0,0,2,0,0,0,v1,576,0.08585055643879173,576,0.08585055643879173,576,0.08585055643879173,^TWII,yfinance,2y,2026-10-07,scan_20261008_175914,False,False
True,1,0.1833329200744629,0.2916661898295084,True,False,觀望 (動能減弱),15.899999618530273,2026-10-07 00:00:00,16.16499991416931,-0.015000057220458274,True,False,0.7103836782246091,False,0.00031923625972673,45.68592204560802,0.00034148523647544945,0.00036960895372051495,-0.6811553363764156,-2.5245341155054835,-9.747350717290736,-0.6811553363764156,False,False,False,False,False,False,0.0004794975479275391,False,-0.3361169473057327,中性,6573.TW,虹揚-KY,1283963776.0,11.076388,2.2024302,0.0,432418,Technology,0.4565679590996943,0,v1,phase6a,2026-07-12,0,0,0,0,0,0,v1,567,0.10015898251192369,567,0.10015898251192369,567,0.10015898251192369,^TWII,yfinance,2y,2026-10-07,scan_20261008_175914,False,False
True,1,1.1749998728434243,0.8499994277954102,True,False,買入 (動能增強),21.950000762939453,2026-10-07 00:00:00,20.98000011444092,0.08250007629394673,False,True,1.0864309608154645,False,0.0004407066863318189,39.30962874060659,0.00044444154437135817,0.0004624602870777801,-0.08837956273070047,-0.9798959315800437,-5.659476178696599,-0.08837956273070047,False,False,False,False,False,False,0.047945572128079046,False,-0.2508531967749793,中性,3288.TWO,點晶,362816992.0,nan,3.3827124,0.0,74336,Technology,0.2877550147445498,3,v1,phase6a,2026-07-12,0,3,5,3,3,3,v1,61,0.904610492845787,61,0.904610492845787,68,0.8934817170111288,^TWII,yfinance,2y,2026-10-07,scan_20261008_175914,True,False
True,1,0.03333282470703125,0.04166603088378906,True,False,觀望 (動能減弱),39.099998474121094,2026-10-07 00:00:00,38.85249996185303,-0.007500076293943891,False,True,1.5872071106878558,True,0.0007850400985954906,37.176116636657135,0.0008088228724583621,0.0008260460212469586,-0.3085626352028137,-1.5024847391110874,-1.6254834333076174,-0.3085626352028137,False,False,False,False,False,False,0.05330598409823051,False,-0.015113407488356323,中性,6952.TW,大武山,2623087872.0,30.912699,1.7917107,0.0,19440,Consumer Defensive,0.3155765626862963,0,v1,phase6a,2026-07-12,0,0,1,0,0,0,v1,592,0.06041335453100159,592,0.06041335453100159,592,0.06041335453100159,^TWII,yfinance,2y,2026-10-07,scan_20261008_175914,False,False
True,2,0.6666666666666666,0.6666666666666667,True,False,觀望 (動能減弱),177.5,2026-10-07 00:00:00,178.1,-0.5999999999999943,True,False,0.971485290368014,False,0.003563801098174642,40.54127638420987,0.003784358123853101,0.004146371077381406,-0.6097458654231169,-2.780316232768165,-12.830753728584622,-0.6097458654231169,False,False,False,False,False,False,0.0,False,-0.2349137931034483,中性,8114.TW,振樺電,13542327296.0,13.4776,1.3698313,6.46,757029,Industrials,0.7575460646923383,0,v1,phase6a,2026-07-12,0,0,0,0,0,0,v1,608,0.034976152623211444,608,0.034976152623211444,608,0.034976152623211444,^TWII,yfinance,2y,2026-10-07,scan_20261008_175914,False,False
True,0,-0.23333279291788733,-0.2999995549519857,True,False,觀察 (跌勢收斂),15.800000190734863,2026-10-07 00:00:00,16.824999952316283,-0.12499995231628702,False,False,3.0512942659737172,True,0.000317228495948735,30.95030286250732,0.0003555110199666382,0.0003984653879787037,-1.1208018188917257,-3.7173614521675336,-14.18530508422764,-1.1208018188917257,False,False,False,False,False,False,0.0,False,-0.23300971368197632,中性,2380.TW,虹光,950144128.0,40.64103,1.6114274,0.0,73459,Technology,0.31371600079176526,1,v1,phase6a,2026-07-12,0,1,1,1,1,1,v1,333,0.47217806041335453,333,0.47217806041335453,333,0.47217806041335453,^TWII,yfinance,2y,2026-10-07,scan_20261008_175914,False,False
False,0,3.7499999999999996,-1.3333333333333335,False,True,強烈買入 (爆發),132.5,2026-10-07 00:00:00,121.40355987548828,0.4586090087890682,False,True,1.854333511672888,True,0.002660302228214874,282.2131561242615,0.002503943558298206,0.002345814995868119,0.6616646535597459,1.188944570977113,7.862487646613592,0.6616646535597459,True,True,True,False,False,True,0.9244476478290273,False,0.0,偏強 (RS上升),1815.TWO,富喬,82903973888.0,39.3586,6.0519123,0.38,46432000,Technology,0.21083899949313178,3,v1,phase6a,2026-07-12,2,5,5,5,3,5,v1,43,0.9332273449920508,43,0.9332273449920508,8,0.9888712241653418,^TWII,yfinance,2y,2026-10-07,scan_20261008_175914,False,False
True,0,-2.833333333333333,-2.7499999999999996,True,False,賣出 (動能轉弱),139.0,2026-10-07 00:00:00,140.225,-0.20000000000001705,False,False,1.2620604657364078,False,0.002790807620542396,44.16858631432025,0.002926259538426584,0.00306833484301455,-0.4848839010334838,-2.3175825020607888,-5.413282292990207,-0.4848839010334838,False,False,False,False,False,False,0.006946461304604734,False,-0.06711409395973156,中性,4572.TW,駐龍,5542587392.0,38.365654,2.913336,3.6,24246,Industrials,0.4041945663092689,0,v1,phase6a,2026-07-12,0,0,0,0,0,0,v1,532,0.15580286168521462,532,0.15580286168521462,533,0.15421303656597773,^TWII,yfinance,2y,2026-10-07,scan_20261008_175914,False,False
True,0,0.05833307902018228,-0.04166698455810547,True,False,買入 (動能增強),28.049999237060547,2026-10-07 00:00:00,28.037500190734864,-0.0025000572204589844,False,True,0.4932030455288061,False,0.0005631809469568127,39.65647615704079,0.000586817487599312,0.0006149476959176521,-0.4222015103912957,-1.9944017162355943,-5.122002488746569,-0.4222015103912957,False,False,False,False,False,False,0.007280347635916709,False,-0.03938361287094505,中性,1233.TW,天仁,2535372032.0,30.434782,1.8054034,0.71,20473,Consumer Defensive,0.3889828295343493,4,v1,phase6a,2026-07-12,0,4,5,4,4,4,v1,7,0.9904610492845787,7,0.9904610492845787,11,0.9841017488076311,^TWII,yfinance,2y,2026-10-07,scan_20261008_175914,False,True
True,0,-0.14166704813639322,-0.15833346048990884,True,False,觀察 (跌勢收斂),19.299999237060547,2026-10-07 00:00:00,19.48750009536743,-0.04750003814697479,True,False,0.7232275621059615,False,0.0003875006111313021,58.637804260688405,0.0004094688985587483,0.0004304666650690885,-0.5615726183081593,-2.5885387908387902,-8.566726371741273,-0.5615726183081593,False,False,False,False,False,False,0.0012319589426742525,False,-0.08962271025953794,中性,4207.TWO,環泰,3668486144.0,10.40107,1.3362188,2.59,117023,Consumer Defensive,0.7006166303874289,1,v1,phase6a,2026-07-12,0,1,1,1,1,1,v1,368,0.4165341812400636,368,0.4165341812400636,368,0.4165341812400636,^TWII,yfinance,2y,2026-10-07,scan_20261008_175914,False,False
True,0,-10.583333333333332,-9.833333333333332,True,False,賣出 (動能轉弱),365.5,2026-10-07 00:00:00,370.425,0.22500000000002274,False,False,0.8541542990756109,False,0.0073384185993398965,35.53009863438689,0.00771006658870133,0.008011261797866901,-0.5048379761153243,-2.8064095039593395,-4.907166210731251,-0.5048379761153243,False,False,False,False,False,False,0.02030303572296896,False,-0.08165829145728642,中性,8464.TW,億豐,107391901696.0,16.039387,3.7269797,4.38,403582,Consumer Cyclical,0.5160537395277703,0,v1,phase6a,2026-07-12,0,0,1,0,0,0,v1,617,0.02066772655007949,617,0.02066772655007949,617,0.02066772655007949,^TWII,yfinance,2y,2026-10-07,scan_20261008_175914,False,False
True,1,0.41666666666666685,0.5000000000000001,True,False,觀望 (動能減弱),370.0,2026-10-07 00:00:00,377.05,-0.8249999999999886,True,False,0.6366340734541504,False,0.007428768486335874,52.35518818666014,0.007938979482292271,0.008363700652206246,-0.6719445913340949,-2.368449026141717,-8.671076524298716,-0.6719445913340949,False,False,False,False,False,False,0.0,False,-0.1484464902186421,中性,6121.TWO,新普,67329265664.0,11.047041,1.6958075,5.89,747623,Industrials,0.749635142394434,1,v1,phase6a,2026-07-12,0,1,1,1,1,1,v1,392,0.3783783783783784,392,0.3783783783783784,392,0.3783783783783784,^TWII,yfinance,2y,2026-10-07,scan_20261008_175914,True,False
False,0,0.9166666666666665,-0.08333333333333337,False,True,強烈買入 (爆發),160.0,2026-10-07 00:00:00,157.025,0.09999999999999432,False,True,2.001841228385643,True,0.003212440426523621,52.13479865659306,0.003291951584988643,0.003447432897199519,-0.2535994277482301,-1.5616858610429385,-5.087679546250811,-0.2535994277482301,False,False,False,False,False,False,0.04457706735899173,False,-0.009287925696594423,中性,8083.TWO,瑞穎,5656443904.0,14.172536,5.1581073,5.5,73880,Consumer Cyclical,0.5471486944325717,3,v1,phase6a,2026-07-12,0,3,5,3,3,3,v1,91,0.8569157392686805,91,0.8569157392686805,95,0.8505564387917329,^TWII,yfinance,2y,2026-10-07,scan_20261008_175914,False,False
True,0,0.3333331743876139,0.29166650772094727,True,False,買入 (動能增強),14.0,2026-10-07 00:00:00,13.742500019073486,0.015000009536741743,False,True,2.058149386845039,True,0.00028108853732081683,34.501160179931915,0.00028930816083087987,0.0003074278103902186,-0.298174668668727,-1.683840303175077,-5.613324577344647,-0.298174668668727,False,False,False,False,False,False,0.06089934962758297,False,-0.1331269145086168,中性,3607.TW,谷崧,1685018752.0,29.468086,0.978522,5.71,225605,Consumer Cyclical,0.6638713798689245,2,v1,phase6a,2026-07-12,0,2,4,2,2,2,v1,192,0.6963434022257552,192,0.6963434022257552,196,0.6899841017488076,^TWII,yfinance,2y,2026-10-07,scan_20261008_175914,False,False
False,0,0.9416656494140625,0.29166603088378906,False,True,強烈買入 (爆發),37.599998474121094,2026-10-07 00:00:00,36.275,0.01999988555908061,False,True,0.727499480357514,False,0.0007549234695968317,40.44992690622232,0.0007661011659221347,0.0007914342867801911,-0.15334728387038643,-1.2022554723085666,-7.784726329444236,-0.15334728387038643,False,False,False,False,False,False,0.2053808640847783,False,-0.09506620542645516,中性,4976.TW,佳凌,5233003520.0,nan,2.5854301,0.0,3365045,Technology,0.3231652973458436,3,v1,phase6a,2026-07-12,0,3,5,3,3,3,v1,72,0.8871224165341812,72,0.8871224165341812,79,0.875993640699523,^TWII,yfinance,2y,2026-10-07,scan_20261008_175914,False,False
True,0,-0.14166641235351562,-0.14166641235351562,True,False,賣出 (動能轉弱),12.0,2026-10-07 00:00:00,12.062500047683717,-0.009999990463256836,False,False,1.8959480036260008,True,0.0002409330319892716,27.103635807875,0.0002532283995407744,0.00028062028793238966,-0.5085006078122123,-2.5896731946202456,-8.256073150027243,-0.5085006078122123,False,False,False,False,False,False,0.0008153885614161829,False,-0.17525774277024753,中性,6169.TWO,昱泉,280740000.0,nan,1.3884069,0.0,11546,Communication Services,0.42854493643334785,0,v1,phase6a,2026-07-12,0,0,0,0,0,0,v1,555,0.1192368839427663,555,0.1192368839427663,556,0.11764705882352941,^TWII,yfinance,2y,2026-10-07,scan_20261008_175914,False,False
True,1,-0.5666656494140625,-0.5499992370605469,True,False,賣出 (動能轉弱),90.0,2026-10-07 00:00:00,89.32500038146972,0.040000152587879256,False,True,1.4387864791397795,False,0.0018069977399195367,93.92024511449087,0.0018673540785476353,0.0019236213538265986,-0.33907636164305366,-2.215507407393713,-4.852504666593083,-0.33907636164305366,False,False,False,False,False,False,0.08399652587773752,False,-0.032258064516129004,中性,2535.TW,達欣工,23754104832.0,8.969579,2.1969042,5.11,266990,Industrials,0.7101627473636385,0,v1,phase6a,2026-07-12,0,0,2,0,0,0,v1,481,0.2368839427662957,481,0.2368839427662957,482,0.23529411764705882,^TWII,yfinance,2y,2026-10-07,scan_20261008_175914,False,False
True,0,-0.43333307902018225,-0.9166666666666666,True,False,觀察 (跌勢收斂),89.0,2026-10-07 00:00:00,88.35500068664551,-0.07500000000000284,False,True,0.9842770849358216,False,0.0017869199872537643,75.57053355280415,0.0018465155459018458,0.001919849270923059,-0.33858240218324065,-2.0103902300150023,-5.0482439394436085,-0.33858240218324065,False,False,False,False,False,False,0.08083335034306582,False,-0.016574585635359074,中性,1472.TW,三洋實業,4708180480.0,15.385935,2.1642618,6.74,45496,Industrials,0.6493546862379157,1,v1,phase6a,2026-07-12,0,1,2,1,1,1,v1,317,0.49761526232114467,317,0.49761526232114467,317,0.49761526232114467,^TWII,yfinance,2y,2026-10-07,scan_20261008_175914,False,False
True,1,0.2583332061767578,-0.050000190734863295,True,False,買入 (動能增強),22.5,2026-10-07 00:00:00,21.939999675750734,-0.00749998092651083,True,True,2.9392073937394882,True,0.0004517494349798842,22.449852613083955,0.0004616665130570498,0.0004964478176317619,-0.22560610683612925,-2.1237171496469642,-7.86415440007342,-0.22560610683612925,False,False,False,False,False,False,0.14147732372899582,False,-0.0702479631960542,中性,6929.TWO,佑全,991980032.0,nan,0.98381186,0.0,5819,Consumer Defensive,0.48421398648442043,2,v1,phase6a,2026-07-12,0,2,3,2,2,2,v1,274,0.5659777424483307,274,0.5659777424483307,275,0.5643879173290938,^TWII,yfinance,2y,2026-10-07,scan_20261008_175914,False,False
True,0,-0.10833295186360678,-0.20833301544189453,True,False,觀察 (跌勢收斂),23.100000381469727,2026-10-07 00:00:00,23.33499984741211,-0.034999942779538884,False,False,0.1705939661480125,False,0.0004637960942384026,32.07056395258363,0.0004906299062108556,0.0005318042238095826,-0.5724158323723638,-2.6368807014010787,-9.032189708219695,-0.5724158323723638,False,False,False,False,False,False,0.0006593491584700941,False,-0.14602583981514583,中性,1443.TW,立益物流,3051984640.0,11.053922,1.2781273,0.0,14379,Industrials,0.5556587714123514,1,v1,phase6a,2026-07-12,0,1,1,1,1,1,v1,313,0.5039745627980922,313,0.5039745627980922,313,0.5039745627980922,^TWII,yfinance,2y,2026-10-07,scan_20261008_175914,False,False
True,1,-0.09166653951009114,-0.07499980926513672,True,False,賣出 (動能轉弱),28.149999618530273,2026-10-07 00:00:00,28.23499975204468,-0.010000038146969814,True,False,0.6336412829968697,False,0.0005651887298824447,39.729970625645535,0.0005902101943747384,0.000617388227156912,-0.44427171771070917,-2.055031814994035,-4.59172908822818,-0.44427171771070917,False,False,False,False,False,False,0.014016062383620732,False,-0.029310357981714663,中性,2450.TW,神腦,7256909312.0,17.345678,1.1676224,5.51,99614,Technology,0.7118694455095068,0,v1,phase6a,2026-07-12,0,0,0,0,0,0,v1,476,0.24483306836248012,476,0.24483306836248012,477,0.24324324324324326,^TWII,yfinance,2y,2026-10-07,scan_20261008_175914,False,False
True,0,0.5166667302449544,0.3583335876464843,True,False,買入 (動能增強),20.899999618530273,2026-10-07 00:00:00,19.83499994277954,0.10249996185302734,False,True,2.729905630337828,True,0.00041962502305559316,18.456940285413754,0.00041715583332564335,0.000437012981170544,0.06234522738381987,-0.8297745656674071,-3.7937697518481306,0.06234522738381987,True,False,False,False,False,True,0.12164037919938701,False,-0.14867616016135154,中性,8476.TW,台境*,3451263488.0,79.259254,1.9091802,1.0,513960,Industrials,0.3208964989762879,3,v1,phase6a,2026-07-12,0,3,5,3,3,3,v1,93,0.8537360890302067,93,0.8537360890302067,97,0.8473767885532592,^TWII,yfinance,2y,2026-10-07,scan_20261008_175914,True,False
True,1,-0.24166584014892575,-0.24166584014892575,True,False,賣出 (動能轉弱),24.5,2026-10-07 00:00:00,24.55,0.00500001907348846,False,False,1.411764705882353,False,0.0004919049403114295,32.05375939826589,0.0005136210197169738,0.0005443496345427534,-0.4430844003526002,-2.5041691377179376,-6.214299923226585,-0.4430844003526002,False,False,False,False,False,False,0.11765325970774304,False,-0.04854368932038833,中性,6767.TWO,台微醫,959998976.0,nan,1.6778523,0.0,5857,Healthcare,0.39483707126480855,0,v1,phase6a,2026-07-12,0,0,1,0,0,0,v1,577,0.08426073131955485,577,0.08426073131955485,577,0.08426073131955485,^TWII,yfinance,2y,2026-10-07,scan_20261008_175914,False,False
True,0,0.15833314259847003,0.11666647593180338,True,False,買入 (動能增強),14.0,2026-10-07 00:00:00,14.182499885559082,-0.03000001907348704,False,False,0.9037852321867299,False,0.00028108853732081683,26.343517572667658,0.0002980612713968811,0.0003177000327222846,-0.5958366678604721,-2.2922978448751907,-7.501452621163763,-0.5958366678604721,False,False,False,False,False,False,0.0,False,-0.11262799212466823,中性,2012.TW,春雨,3916198656.0,nan,1.0455425,2.14,55922,Basic Materials,0.605135185000036,2,v1,phase6a,2026-07-12,0,2,2,2,2,2,v1,136,0.7853736089030207,136,0.7853736089030207,144,0.7726550079491256,^TWII,yfinance,2y,2026-10-07,scan_20261008_175914,False,False
True,0,0.21666717529296872,0.050000508626302065,True,False,買入 (動能增強),68.0,2026-10-07 00:00:00,67.575,-0.02999992370605753,False,True,0.8959168589154927,False,0.001365287181272539,23.766384678778675,0.0014159227236342578,0.0014913532899488218,-0.37502527087323045,-1.805163193797299,-5.331664183257279,-0.37502527087323045,False,False,False,False,False,False,0.08545274137099416,False,-0.06849315068493156,中性,6997.TWO,博弘,1474136576.0,33.18408,2.9157195,6.69,3567,Technology,0.4938395522264796,2,v1,phase6a,2026-07-12,0,2,3,2,2,2,v1,278,0.5596184419713831,278,0.5596184419713831,279,0.5580286168521462,^TWII,yfinance,2y,2026-10-07,scan_20261008_175914,False,False
True,0,-0.07833313941955565,-0.08999991416931152,True,False,觀察 (跌勢收斂),7.960000038146973,2026-10-07 00:00:00,7.973999977111816,-0.004500007629394176,True,False,2.2952343954497807,True,0.00015981891198545563,33.616475609714584,0.0001665233608650681,0.0001747554576369023,-0.4220147650121353,-2.3653255110646643,-5.1531063262512555,-0.4220147650121353,False,False,False,False,False,False,0.052558936141360514,False,-0.0351095721157092,中性,1806.TW,冠軍,3061214720.0,52.8,0.58171135,1.88,200359,Industrials,0.5376994111953798,1,v1,phase6a,2026-07-12,0,1,1,1,1,1,v1,324,0.4864864864864865,324,0.4864864864864865,324,0.4864864864864865,^TWII,yfinance,2y,2026-10-07,scan_20261008_175914,False,False
True,2,1.1666666666666667,0.5833333333333333,True,False,買入 (動能增強),173.5,2026-10-07 00:00:00,172.725,-0.025000000000005684,True,True,0.7430371222243951,False,0.0034834900875115515,87.02106829644453,0.003631134848095697,0.003871202465459183,-0.4261840655192861,-2.1212396573417447,-7.161797968111583,-0.4261840655192861,False,False,False,False,False,False,0.01222814003573922,False,-0.2830578512396694,中性,2645.TW,長榮航太,64238923776.0,31.525736,4.789031,2.88,3389370,Industrials,0.34493918044395994,2,v1,phase6a,2026-07-12,0,2,3,2,2,2,v1,163,0.7424483306836248,163,0.7424483306836248,170,0.7313195548489666,^TWII,yfinance,2y,2026-10-07,scan_20261008_175914,False,False
True,1,0.02500009536743164,-0.016666412353515625,True,False,買入 (動能增強),12.649999618530273,2026-10-07 00:00:00,12.59500002861023,0.0,False,True,0.7361590019759018,False,0.00025398356356296897,34.576314263579306,0.0002642363915392215,0.0002836457725381907,-0.40677777759562384,-2.1084612394089763,-6.456807396706543,-0.40677777759562384,False,False,False,False,False,False,0.035339013564494724,False,-0.08992806002193043,中性,2904.TW,匯僑,980713856.0,24.705883,0.78299785,5.6,33333,Energy,0.7077741647111996,2,v1,phase6a,2026-07-12,0,2,3,2,2,2,v1,166,0.7376788553259142,166,0.7376788553259142,173,0.7265500794912559,^TWII,yfinance,2y,2026-10-07,scan_20261008_175914,False,False
True,1,0.14999993642171222,0.05833307902018228,True,False,買入 (動能增強),31.5,2026-10-07 00:00:00,31.380000114440918,-0.01249999999999929,True,True,0.908176661729569,False,0.0006324492089718379,36.116082898559654,0.0006575046257193705,0.0006894324966182181,-0.3995219418490681,-1.951978759971429,-5.321128143685428,-0.3995219418490681,False,False,False,False,False,False,0.017282637453798558,False,-0.018691542138383865,中性,1752.TW,南光,3357866752.0,16.460396,1.3947732,5.08,43079,Healthcare,0.6791841061391922,2,v1,phase6a,2026-07-12,0,2,3,2,2,2,v1,130,0.794912559618442,130,0.794912559618442,138,0.7821939586645469,^TWII,yfinance,2y,2026-10-07,scan_20261008_175914,False,False
True,1,-0.09999974568684895,-0.18333307902018228,True,False,觀察 (跌勢收斂),100.5,2026-10-07 00:00:00,100.57000007629395,-0.14999999999999147,True,False,1.2619581327551783,False,0.0020178141429101496,33.20261488036807,0.0021101727449152744,0.0022254473318172124,-0.4586057077244243,-2.2451578466301747,-6.813120144121642,-0.4586057077244243,False,False,False,False,False,False,0.021190627850782916,False,-0.06944444444444442,中性,6703.TWO,軒郁,3597120256.0,11.137123,2.7983975,8.74,42449,Consumer Defensive,0.7004397168840972,1,v1,phase6a,2026-07-12,0,1,1,1,1,1,v1,412,0.3465818759936407,412,0.3465818759936407,412,0.3465818759936407,^TWII,yfinance,2y,2026-10-07,scan_20261008_175914,False,False
True,0,-0.391665776570638,-0.41666603088378906,True,False,觀察 (跌勢收斂),28.450000762939453,2026-10-07 00:00:00,28.15499973297119,0.0,False,True,0.3386080949908576,False,0.000571212078659341,29.98020498692272,0.0005871091689095852,0.0006126199277216458,-0.2842098377551894,-2.152666098440592,-3.317517284978111,-0.2842098377551894,False,False,False,False,False,False,0.19607008886936925,False,-0.012152725117808627,中性,2235.TWO,謚源,1022523008.0,20.955883,0.8548803,5.27,8621,Consumer Cyclical,0.7151732611386218,1,v1,phase6a,2026-07-12,0,1,2,1,1,1,v1,330,0.4769475357710652,330,0.4769475357710652,330,0.4769475357710652,^TWII,yfinance,2y,2026-10-07,scan_20261008_175914,False,False
True,0,-0.008333206176757785,-0.024999618530273438,True,False,觀察 (跌勢收斂),42.20000076293945,2026-10-07 00:00:00,42.64750003814697,-0.04499988555907919,False,False,0.9124573236105937,False,0.0008472811778137147,39.66359427405408,0.0008893891479042516,0.0009273010594182946,-0.49589516228081276,-1.8424027279819621,-3.644165790683207,-0.49589516228081276,False,False,False,False,False,False,0.0,False,-0.04847796584336295,中性,3168.TW,眾福科,3161694976.0,14.72028,1.8834159,7.11,19294,Technology,0.6902516591799442,1,v1,phase6a,2026-07-12,0,1,1,1,1,1,v1,356,0.4356120826709062,356,0.4356120826709062,356,0.4356120826709062,^TWII,yfinance,2y,2026-10-07,scan_20261008_175914,False,False
True,2,-0.14166736602783203,-0.11666711171468098,True,False,賣出 (動能轉弱),17.799999237060547,2026-10-07 00:00:00,17.94749994277954,-0.015000057220458274,False,False,0.9099023007902606,False,0.0003573839821326432,26.00528580916105,0.00037545172198802905,0.0004039065435672119,-0.5040013946915667,-2.3240417042636574,-5.732209697831115,-0.5040013946915667,False,False,False,False,False,False,0.0011783600300256864,False,-0.07291674324207531,中性,1586.TWO,和勤,2248059136.0,48.108105,0.89767504,1.63,508703,Industrials,0.4969452283451783,0,v1,phase6a,2026-07-12,0,0,0,0,0,0,v1,451,0.2845786963434022,451,0.2845786963434022,452,0.28298887122416533,^TWII,yfinance,2y,2026-10-07,scan_20261008_175914,False,False
True,1,2.5833333333333335,2.1666666666666665,True,False,買入 (動能增強),245.5,2026-10-07 00:00:00,242.825,-0.15000000000000568,False,True,0.8272437470023905,False,0.004929088279447181,38.804714817144514,0.0050899873874871455,0.005101513392478841,-0.33164283949962403,-1.8170331367254655,-4.901955675605018,-0.33164283949962403,False,False,False,False,False,False,0.3631008971435902,False,-0.05576923076923079,中性,3617.TW,碩天,22885033984.0,11.820851,2.3165023,4.06,555916,Industrials,0.631802281633451,2,v1,phase6a,2026-07-12,0,2,3,2,2,2,v1,194,0.6931637519872814,194,0.6931637519872814,198,0.6868044515103339,^TWII,yfinance,2y,2026-10-07,scan_20261008_175914,False,False
True,0,0.700000762939453,0.7416674296061196,True,False,觀望 (動能減弱),41.70000076293945,2026-10-07 00:00:00,41.89499988555908,-0.07749996185302876,True,False,0.626737077472268,False,0.0008372423014808283,59.369037181322525,0.0008870577298058207,0.0009520848989021716,-0.5876634229241229,-2.373183858782957,-10.43691813908132,-0.5876634229241229,False,False,False,False,False,False,0.0,False,-0.21861617483935802,中性,3033.TW,威健,20057223168.0,10.036232,1.7103692,4.6,6856633,Technology,0.7258773279911526,0,v1,phase6a,2026-07-12,0,0,0,0,0,0,v1,501,0.20508744038155802,501,0.20508744038155802,502,0.20349761526232116,^TWII,yfinance,2y,2026-10-07,scan_20261008_175914,False,False
True,0,-2.75,-2.416666666666667,True,False,賣出 (動能轉弱),244.5,2026-10-07 00:00:00,241.275,0.125,False,True,0.8315800348489222,False,0.0049090105267814085,31.849760434949044,0.005067649072940501,0.005408567291947539,-0.32843532284687615,-2.5896585974758746,-7.711992190601535,-0.32843532284687615,False,False,False,False,False,False,0.11330876840857892,False,-0.13756613756613756,中性,8454.TW,富邦媒,63859044352.0,23.19538,7.6893625,4.09,559096,Consumer Cyclical,0.3987393601951142,0,v1,phase6a,2026-07-12,0,0,2,0,0,0,v1,616,0.022257551669316374,616,0.022257551669316374,616,0.022257551669316374,^TWII,yfinance,2y,2026-10-07,scan_20261008_175914,False,False
True,0,-0.2083330154418945,-0.2416664759318034,True,False,觀察 (跌勢收斂),28.0,2026-10-07 00:00:00,28.530000019073487,-0.05000000000000071,False,False,0.46102202820878535,False,0.0005621770746416337,29.523736975417375,0.0005992076186582081,0.0006743659091125896,-0.6463133805047261,-2.544123442700996,-8.780337090597124,-0.6463133805047261,False,False,False,False,False,False,0.0,False,-0.2689294893534586,中性,7814.TWO,海昌生技,1282499968.0,219.23077,nan,0.0,91063,Healthcare,0.22160729945912871,1,v1,phase6a,2026-07-12,0,1,1,1,1,1,v1,417,0.3386327503974563,417,0.3386327503974563,417,0.3386327503974563,^TWII,yfinance,2y,2026-10-07,scan_20261008_175914,False,False
True,1,0.04166666666666667,-0.12500000000000003,True,False,買入 (動能增強),42.25,2026-10-07 00:00:00,42.27250022888184,-0.1325000762939439,True,False,1.3638216308345263,False,0.0008482850501288937,46.55489459767787,0.0008946649101175126,0.0009643218635601565,-0.5427276753332544,-2.7848087746090933,-11.736577517988511,-0.5427276753332544,False,False,False,False,False,False,0.05624467170684452,False,-0.17156862745098034,中性,4555.TW,氣立,2908030720.0,43.59375,1.0023952,1.18,213433,Technology,0.4791164621716278,3,v1,phase6a,2026-07-12,0,3,3,3,3,3,v1,69,0.8918918918918919,69,0.8918918918918919,76,0.8807631160572337,^TWII,yfinance,2y,2026-10-07,scan_20261008_175914,True,False
True,0,0.008333206176757812,0.024999936421712242,True,False,觀望 (動能減弱),10.899999618530273,2026-10-07 00:00:00,11.007499933242798,-0.0025000095367424535,True,False,2.039349622118573,True,0.00021884749639786686,23.452351369155583,0.0002303353303066026,0.00024190637431806294,-0.5222517821803274,-2.270193423743505,-5.223900819356341,-0.5222517821803274,False,False,False,False,False,False,0.001226718241628155,False,-0.05217394621475879,中性,2913.TW,農林,8650500096.0,nan,0.7010243,0.0,2016208,Consumer Defensive,0.520645719545367,0,v1,phase6a,2026-07-12,0,0,0,0,0,0,v1,497,0.21144674085850557,497,0.21144674085850557,498,0.20985691573926868,^TWII,yfinance,2y,2026-10-07,scan_20261008_175914,False,False
True,0,-0.10833390553792313,0.008333206176757812,True,False,賣出 (動能轉弱),31.299999237060547,2026-10-07 00:00:00,31.549999904632568,-0.05000000000000071,True,False,0.5898735339682376,False,0.0006284336431205737,38.61769050529245,0.0006586797424259021,0.0006805831062965711,-0.4810357004344179,-2.1598190323547373,-4.0108470598009704,-0.4810357004344179,False,False,False,False,False,False,0.056552293466588396,False,-0.04281350132155337,中性,2353.TW,宏��,94094311424.0,18.742516,1.2192271,4.15,19752588,Technology,0.6548512179796034,0,v1,phase6a,2026-07-12,0,0,0,0,0,0,v1,469,0.2559618441971383,469,0.2559618441971383,470,0.2543720190779014,^TWII,yfinance,2y,2026-10-07,scan_20261008_175914,False,False
True,0,1.3166669209798176,0.8833338419596354,True,False,買入 (動能增強),82.5,2026-10-07 00:00:00,81.50500030517578,0.009999847412117902,False,True,0.4942644726815907,False,0.001656414594926242,43.352468077485646,0.0017051196245674622,0.001743997465537316,-0.29977230276128086,-1.2969244766513177,-2.9591614442250225,-0.29977230276128086,False,False,False,False,False,False,0.002213035697437128,False,-0.051724137931034475,中性,4580.TWO,捷流閥業,3847215360.0,13.609271,1.4002453,4.85,73407,Industrials,0.7117969696872928,2,v1,phase6a,2026-07-12,0,2,4,2,2,2,v1,212,0.6645468998410174,212,0.6645468998410174,215,0.6597774244833068,^TWII,yfinance,2y,2026-10-07,scan_20261008_175914,False,False
True,1,8.673617379884035e-19,-0.018333435058593747,True,False,買入 (動能增強),9.9399995803833,2026-10-07 00:00:00,9.970499897003174,-0.0055000305175774145,True,False,0.9312782241963008,False,0.00019957285307281965,33.907409390276186,0.00020895846204057185,0.00022022724760983986,-0.470576652163468,-2.1759051284555575,-6.152006313296077,-0.470576652163468,False,False,False,False,False,False,0.011299472058724287,False,-0.05739852775452314,中性,1464.TW,得力,4201730816.0,12.109756,0.7791902,2.52,313147,Consumer Cyclical,0.7483459128769931,2,v1,phase6a,2026-07-12,0,2,2,2,2,2,v1,116,0.8171701112877583,116,0.8171701112877583,124,0.8044515103338633,^TWII,yfinance,2y,2026-10-07,scan_20261008_175914,False,False
True,0,0.5666669209798176,0.7666670481363932,True,False,觀望 (動能減弱),63.20000076293945,2026-10-07 00:00:00,63.07499980926514,0.010000038146969814,False,True,1.8529863332803909,True,0.00126891398379494,30.48032674355851,0.0013197953746522286,0.0013687890517076087,-0.40417542035743326,-1.8486660191285087,-3.6105450781906856,-0.40417542035743326,False,False,False,False,False,False,0.001684277051387818,False,-0.027692295954777624,中性,2732.TWO,六角,2824759808.0,19.036144,1.5851518,12.66,25602,Consumer Defensive,0.692139642097085,0,v1,phase6a,2026-07-12,0,0,2,0,0,0,v1,489,0.22416534181240064,489,0.22416534181240064,490,0.22257551669316375,^TWII,yfinance,2y,2026-10-07,scan_20261008_175914,False,False
True,0,0.3166656494140625,-1.8166681925455728,True,False,買入 (動能增強),90.0,2026-10-07 00:00:00,83.38500022888184,0.44000015258788494,False,True,2.7290757089498956,True,0.0018069977399195367,83.13708996040862,0.0017355999172134129,0.0017950860013421573,0.4349070260790455,-0.2822368334883696,0.4107572311346397,0.4349070260790455,True,True,False,False,False,True,0.8843489037053113,False,0.0,偏強 (RS上升),5340.TWO,建榮,18397990912.0,51.86813,7.7542305,0.67,2862584,Consumer Cyclical,0.1898285916886033,2,v1,phase6a,2026-07-12,0,2,4,2,2,2,v1,219,0.6534181240063593,219,0.6534181240063593,222,0.6486486486486487,^TWII,yfinance,2y,2026-10-07,scan_20261008_175914,False,False
True,1,-0.008333524068196617,-0.0666667620340983,True,False,觀察 (跌勢收斂),12.149999618530273,2026-10-07 00:00:00,11.932499933242799,0.012500000000001066,False,True,2.4647790684535975,True,0.00024394468723008266,53.60025290359156,0.0002497098926430625,0.00026343478888910286,-0.24243831554898732,-1.9405466620661893,-4.971507930752638,-0.24243831554898732,False,False,False,False,False,False,0.12098044686182388,False,-0.08210679298141055,中性,2515.TW,中工,20177082368.0,26.555555,0.8276196,0.0,6433063,Industrials,0.4561133212659083,1,v1,phase6a,2026-07-12,0,1,3,1,1,1,v1,338,0.4642289348171701,338,0.4642289348171701,338,0.4642289348171701,^TWII,yfinance,2y,2026-10-07,scan_20261008_175914,False,False
True,1,-0.7666676839192708,-1.2166671752929688,True,False,觀察 (跌勢收斂),82.0,2026-10-07 00:00:00,82.04500045776368,0.015000152587901994,False,False,0.32011438754114807,False,0.0016463757185933559,34.97977955293642,0.0017176788202994695,0.0018502379917396438,-0.4350601367584028,-2.5932935458781503,-6.718837286653101,-0.4350601367584028,False,False,False,False,False,False,0.050279170942661905,False,-0.12205568886120666,中性,4994.TW,傳奇,5343863808.0,56.690144,6.1502028,3.66,18893,Communication Services,0.3084398612995151,1,v1,phase6a,2026-07-12,0,1,2,1,1,1,v1,376,0.40381558028616854,376,0.40381558028616854,376,0.40381558028616854,^TWII,yfinance,2y,2026-10-07,scan_20261008_175914,False,False
False,0,0.46666717529296875,0.2583338419596354,False,True,強烈買入 (爆發),18.950000762939453,2026-10-07 00:00:00,17.947500038146973,0.04250001907348633,False,True,5.175744244131227,True,0.000380473428334501,45.422437571741405,0.00037703008897178284,0.0003860688631073263,0.09622721573103732,-1.2577498191514547,-3.939365388027527,0.09622721573103732,True,False,False,False,False,True,0.23552641980494257,False,-0.028205089080028056,中性,1434.TW,福懋,32724080640.0,21.141304,0.6725217,2.78,4001387,Consumer Cyclical,0.6598824241984254,3,v1,phase6a,2026-07-12,0,3,5,3,3,3,v1,35,0.9459459459459459,35,0.9459459459459459,47,0.9268680445151033,^TWII,yfinance,2y,2026-10-07,scan_20261008_175914,False,False
True,1,0.2500006357828776,0.25833447774251306,True,False,觀望 (動能減弱),46.54999923706055,2026-10-07 00:00:00,46.747500038146974,-0.012499999999995737,False,False,1.7431676323576952,True,0.0009346193712736064,52.70085908656037,0.0009810377276971548,0.0010522600426278543,-0.49559027098657893,-1.9949645731492271,-6.068009617506442,-0.49559027098657893,False,False,False,False,False,False,0.0,False,-0.08003951302749313,中性,3205.TWO,佰研,3147626240.0,nan,3.1441872,0.0,44853,Healthcare,0.2960968601650469,0,v1,phase6a,2026-07-12,0,0,0,0,0,0,v1,505,0.1987281399046105,505,0.1987281399046105,506,0.1971383147853736,^TWII,yfinance,2y,2026-10-07,scan_20261008_175914,False,False
True,0,7.249999999999999,4.083333333333333,True,False,買入 (動能增強),174.0,2026-10-07 00:00:00,166.1,0.125,False,True,3.3757415494599172,True,0.003493528963844438,135.5070146166002,0.0035115797437980114,0.003790314363474408,-0.05407977829758881,-0.18047312886448896,-5.6319630385980535,-0.05407977829758881,False,False,False,False,False,True,0.27272517308179794,False,-0.25161290322580643,中性,3090.TW,日電貿,50036682752.0,21.614906,2.6934986,2.77,7802420,Technology,0.44853098292881793,2,v1,phase6a,2026-07-12,0,2,4,2,2,2,v1,177,0.7201907790143084,177,0.7201907790143084,182,0.712241653418124,^TWII,yfinance,2y,2026-10-07,scan_20261008_175914,False,False
True,0,-0.033334732055664035,0.19999885559082034,True,False,賣出 (動能轉弱),51.79999923706055,2026-10-07 00:00:00,52.04500026702881,-0.020000076293939628,True,False,1.554203443892826,True,0.0010400275727689126,32.714080032884155,0.0010887309137487952,0.0011542247623177603,-0.46867778398052007,-2.162909696569437,-4.560656288467902,-0.46867778398052007,False,False,False,False,False,False,0.012506873734234666,False,-0.10069443386645938,中性,8938.TWO,明安,7874735104.0,9.885715,1.0438036,7.75,98805,Consumer Cyclical,0.8767442796198329,0,v1,phase6a,2026-07-12,0,0,0,0,0,0,v1,626,0.006359300476947536,626,0.006359300476947536,626,0.006359300476947536,^TWII,yfinance,2y,2026-10-07,scan_20261008_175914,False,False
True,0,1.7666664123535156,1.2833328247070312,True,False,買入 (動能增強),71.69999694824219,2026-10-07 00:00:00,70.8849998474121,-0.09000015258789062,True,True,0.9562307217766811,False,0.0014395748048634592,35.184768345414916,0.0014959108383227255,0.001620339496054962,-0.39485597969649566,-1.7374646135897676,-7.741622242151114,-0.39485597969649566,False,False,False,False,False,False,0.00894565196075529,False,-0.08312020784734964,中性,1582.TW,信錦,10257524736.0,22.21875,1.3906819,4.18,572635,Technology,0.6036681031387768,2,v1,phase6a,2026-07-12,0,2,3,2,2,2,v1,123,0.8060413354531002,123,0.8060413354531002,131,0.7933227344992051,^TWII,yfinance,2y,2026-10-07,scan_20261008_175914,False,False
True,0,7.749999999999998,6.583333333333332,True,False,買入 (動能增強),189.5,2026-10-07 00:00:00,184.675,-0.024999999999977263,True,True,0.5653179168573512,False,0.0038047341301639137,34.345842535721,0.0039252973581237575,0.004323094653801405,-0.3222677514109318,-1.3291520260864886,-8.842267658796244,-0.3222677514109318,False,False,False,False,False,False,0.0066083248500011325,False,-0.231237322515213,中性,6719.TW,力智,20259264512.0,22.429905,1.43604,2.43,986532,Technology,0.5361394711295715,2,v1,phase6a,2026-07-12,0,2,3,2,2,2,v1,262,0.5850556438791733,262,0.5850556438791733,264,0.5818759936406995,^TWII,yfinance,2y,2026-10-07,scan_20261008_175914,False,False
True,0,5.666666666666667,1.7499999999999998,True,False,買入 (動能增強),145.0,2026-10-07 00:00:00,135.325,0.04999999999998295,False,True,3.4809379264477536,True,0.0029112741365370314,172.7503501106376,0.002865667016783144,0.003025010517960238,0.16780754495906436,-0.09878476668384595,-7.233904737042107,0.16780754495906436,True,False,False,False,False,True,0.2754368948163128,False,-0.05535017788132157,中性,8043.TWO,蜜望實,11706375168.0,33.833717,4.12258,0.62,4658504,Technology,0.26356600688588316,2,v1,phase6a,2026-07-12,0,2,4,2,2,2,v1,286,0.5468998410174881,286,0.5468998410174881,286,0.5468998410174881,^TWII,yfinance,2y,2026-10-07,scan_20261008_175914,False,False
True,0,0.3333326975504557,0.3166659673055013,True,False,買入 (動能增強),25.399999618530273,2026-10-07 00:00:00,25.14749984741211,0.019999980926513672,False,True,1.3795616906013757,False,0.00050997491005157,35.8670026526851,0.000527095521283112,0.0005509134777482116,-0.3407406828151882,-1.585574655711952,-3.9782904965710575,-0.3407406828151882,False,False,False,False,False,False,0.008913452781759533,False,0.0,中性,3666.TWO,光耀,3605736448.0,nan,2.1481063,0.0,45117,Technology,0.3504039762699158,2,v1,phase6a,2026-07-12,0,2,4,2,2,2,v1,195,0.6915739268680445,195,0.6915739268680445,199,0.685214626391097,^TWII,yfinance,2y,2026-10-07,scan_20261008_175914,False,False
False,0,10.233332316080729,8.949999491373697,False,True,強烈買入 (爆發),104.0,2026-10-07 00:00:00,99.9850009918213,0.24500007629394815,False,True,0.610042751863428,False,0.002088086277240354,191.3523670622526,0.0020907468056034677,0.0018864469087012177,-0.013393209927792249,1.9468869582134118,8.481610708882425,-0.013393209927792249,False,True,True,False,False,False,0.8179436066848736,False,-0.08771929824561409,中性,2426.TW,鼎元,30963961856.0,1030.0,8.073998,0.09,31438476,Technology,0.11275780958168065,3,v1,phase6a,2026-07-12,0,3,5,3,3,3,v1,50,0.9220985691573926,50,0.9220985691573926,60,0.9062003179650239,^TWII,yfinance,2y,2026-10-07,scan_20261008_175914,False,False
True,0,1.3083337148030598,1.0583337148030598,True,False,買入 (動能增強),53.400001525878906,2026-10-07 00:00:00,50.99000015258789,0.07499999999999574,False,True,1.1711516932686192,False,0.0010721520229884777,176.95509882256582,0.0010643405743859756,0.0009938812395086584,0.07731486470592408,-0.7681469130062291,0.8836349761308426,0.07731486470592408,True,True,True,False,False,True,0.6463161072791919,False,-0.09337860539075649,偏強 (RS上升),6141.TW,柏承,5815059968.0,nan,9.699376,0.0,2880969,Technology,0.22800016285486643,2,v1,phase6a,2026-07-12,1,3,4,3,2,3,v1,232,0.6327503974562798,232,0.6327503974562798,103,0.8378378378378378,^TWII,yfinance,2y,2026-10-07,scan_20261008_175914,False,False
True,0,-0.3166669209798177,-0.20833333333333334,True,False,賣出 (動能轉弱),26.799999237060547,2026-10-07 00:00:00,27.86750011444092,-0.10500001907348633,False,False,3.1400629705765324,True,0.0005380837561245969,23.952604750534093,0.0005874432872220759,0.0006461684036932306,-0.8767124465065557,-3.383514688043865,-11.928508690041372,-0.8767124465065557,False,False,False,False,False,False,0.0,False,-0.2756756962956609,中性,7715.TWO,裕山,869698304.0,18.697184,nan,6.72,109409,Industrials,0.6414741719402269,0,v1,phase6a,2026-07-12,0,0,0,0,0,0,v1,599,0.0492845786963434,599,0.0492845786963434,599,0.0492845786963434,^TWII,yfinance,2y,2026-10-07,scan_20261008_175914,False,False
True,1,-0.10833422342936197,-0.17500050862630212,True,False,觀察 (跌勢收斂),35.5,2026-10-07 00:00:00,35.555000114440915,-0.017499923706054688,False,False,1.125703564727955,False,0.0007127602196349284,28.16309756453044,0.0007439738511596846,0.000792891913796627,-0.4396926956005687,-2.0602911108404065,-5.344601699892449,-0.4396926956005687,False,False,False,False,False,False,0.011662810318748402,False,-0.09554140127388533,中性,6614.TW,資拓宏宇,2843300352.0,16.471962,1.8682425,4.65,41238,Technology,0.6142817265821482,1,v1,phase6a,2026-07-12,0,1,1,1,1,1,v1,406,0.356120826709062,406,0.356120826709062,406,0.356120826709062,^TWII,yfinance,2y,2026-10-07,scan_20261008_175914,False,False
False,0,0.5583333969116211,0.3250001271565755,False,True,強烈買入 (爆發),28.149999618530273,2026-10-07 00:00:00,27.005000019073485,0.08249998092651367,False,True,2.50440968095522,True,0.0005651887298824447,55.6862981740444,0.0005655736524837638,0.0005748470353493555,-0.007163570267909591,-1.0315593881302987,-2.2944183555482,-0.007163570267909591,False,False,False,False,False,False,0.20997623591276268,False,0.0,中性,2107.TW,厚生,8652411904.0,15.1595745,0.57225466,4.97,269270,Basic Materials,0.7986729439113015,3,v1,phase6a,2026-07-12,0,3,5,3,3,3,v1,45,0.9300476947535771,45,0.9300476947535771,56,0.9125596184419714,^TWII,yfinance,2y,2026-10-07,scan_20261008_175914,False,False
True,0,-0.10000022252400717,-0.07500012715657552,True,False,賣出 (動能轉弱),11.149999618530273,2026-10-07 00:00:00,11.312500143051148,-0.01249999999999929,True,False,0.7479151864178603,False,0.00022386693456431003,26.2276834484781,0.00023670951340273047,0.0002516935220221785,-0.5678579599928346,-2.433883819463911,-6.147119371226895,-0.5678579599928346,False,False,False,False,False,False,0.0,False,-0.06694562372416135,中性,1813.TWO,寶利徠,517648512.0,50.454548,0.74662006,0.0,13322,Technology,0.4048580193573532,0,v1,phase6a,2026-07-12,0,0,0,0,0,0,v1,462,0.2670906200317965,462,0.2670906200317965,463,0.2655007949125596,^TWII,yfinance,2y,2026-10-07,scan_20261008_175914,False,False
True,1,0.025000890096028648,0.04166793823242187,True,False,觀望 (動能減弱),33.650001525878906,2026-10-07 00:00:00,33.87750034332275,-0.012500000000002842,True,False,0.4631690889171853,False,0.0006756164078394683,40.80882793290871,0.0007102503646602328,0.0007406249297556717,-0.5106737450531251,-2.2800849455252292,-6.236723712942249,-0.5106737450531251,False,False,False,False,False,False,0.0014383173228830523,False,-0.08310624451377424,中性,3716.TW,中化控股,5014114304.0,8.370098,0.6485984,2.98,362702,Healthcare,0.8293800979909586,2,v1,phase6a,2026-07-12,0,2,2,2,2,2,v1,199,0.685214626391097,199,0.685214626391097,202,0.6804451510333863,^TWII,yfinance,2y,2026-10-07,scan_20261008_175914,False,True
True,0,0.24166647593180338,0.09999974568684897,True,False,買入 (動能增強),21.75,2026-10-07 00:00:00,21.553703784942627,0.04631652832031108,False,True,0.2164260129639182,False,0.00043669112048055474,17.857830620127352,0.00044830485245613515,0.0004609499116295516,-0.27195188483479793,-1.2091850309683405,-0.25684864942786545,-0.27195188483479793,False,False,False,False,False,False,0.06252450682854313,False,-0.02901784060712953,中性,1438.TW,三地開發,2594208000.0,9.35065,0.8257512,0.92,51419,Real Estate,0.7190537376749476,4,v1,phase6a,2026-07-12,0,4,6,4,4,4,v1,9,0.9872813990461049,9,0.9872813990461049,13,0.9809220985691574,^TWII,yfinance,2y,2026-10-07,scan_20261008_175914,False,True
True,0,0.32500076293945307,0.3083337148030599,True,False,買入 (動能增強),40.0,2026-10-07 00:00:00,40.09500007629394,-0.004999923706058951,True,False,0.420387560237519,False,0.0008031101066309053,39.50801647750761,0.0008423299467980628,0.0008987190490137452,-0.4877267999207402,-2.206087566539361,-6.575033945751619,-0.4877267999207402,False,False,False,False,False,False,0.008458816717334295,False,-0.07192572120350427,中性,6184.TW,大豐電,6088345088.0,19.04762,1.2875813,7.5,95055,Communication Services,0.7129572398091105,2,v1,phase6a,2026-07-12,0,2,2,2,2,2,v1,238,0.6232114467408585,238,0.6232114467408585,240,0.6200317965023847,^TWII,yfinance,2y,2026-10-07,scan_20261008_175914,False,False
True,0,-0.30833307902018225,-0.25,True,False,賣出 (動能轉弱),16.75,2026-10-07 00:00:00,17.319999790191652,-0.035000038146971946,False,False,0.22114683530568469,False,0.0003363023571516916,27.68710502577234,0.0003607819856895732,0.0003755667704889096,-0.7091621516166713,-2.848442852626132,-5.361478588783852,-0.7091621516166713,False,False,False,False,False,False,0.012513669975136695,False,-0.06944444444444442,中性,6958.TW,日盛台駿,7017207296.0,nan,0.66533464,0.0,48693,Financial Services,0.5249017631272532,0,v1,phase6a,2026-07-12,0,0,0,0,0,0,v1,593,0.058823529411764705,593,0.058823529411764705,593,0.058823529411764705,^TWII,yfinance,2y,2026-10-07,scan_20261008_175914,False,False
False,0,0.7666670481363932,0.6083335876464844,False,True,強烈買入 (爆發),18.0,2026-10-07 00:00:00,17.482499980926512,0.03249998092651296,False,True,1.0624842363891007,False,0.00036139954798390737,39.66867087300287,0.00036715564623381606,0.0003819748640372767,-0.16475487357906493,-0.6259665630506062,-2.2489938005113452,-0.16475487357906493,False,False,False,False,False,False,0.41082257215107326,False,-0.03743319435188197,中性,6153.TW,嘉聯益,11005873152.0,nan,1.2910447,0.0,3134031,Technology,0.44216427589538393,3,v1,phase6a,2026-07-12,0,3,5,3,3,3,v1,75,0.8823529411764706,75,0.8823529411764706,82,0.8712241653418124,^TWII,yfinance,2y,2026-10-07,scan_20261008_175914,False,False
False,0,0.09500002861022949,0.006666660308837891,False,True,強烈買入 (爆發),3.380000114440918,2026-10-07 00:00:00,2.9795000195503234,0.019500005245208563,False,True,6.4528145270453585,True,6.786280630802794e-05,21.521352001546997,6.317020097119575e-05,6.666977671617791e-05,0.7881111513551531,0.23764781788291334,-6.001392056351795,0.7881111513551531,True,True,False,False,False,True,0.507571835072668,False,-0.014577245289547514,偏強 (RS上升),9110.TW,越南控-DR,3131495936.0,31.363636,1.059725,0.0,24807,Consumer Cyclical,0.40706632310733454,3,v1,phase6a,2026-07-12,1,4,5,4,3,4,v1,94,0.8521462639109698,94,0.8521462639109698,41,0.9364069952305246,^TWII,yfinance,2y,2026-10-07,scan_20261008_175914,False,False
True,0,-0.23333326975504556,-0.016666730244954436,True,False,賣出 (動能轉弱),30.100000381469727,2026-10-07 00:00:00,30.70999984741211,-0.04499998092651225,True,False,0.7838849967547161,False,0.000604340362898811,47.28365465858859,0.0006473799023900578,0.0007460797987418075,-0.6949540885630268,-3.073446018133086,-9.993175419603862,-0.6949540885630268,False,False,False,False,False,False,0.0,False,-0.3857142779291892,中性,2429.TW,銘旺科,2583000064.0,nan,3.6131518,0.0,449098,Technology,0.28060486152698083,0,v1,phase6a,2026-07-12,0,0,0,0,0,0,v1,474,0.2480127186009539,474,0.2480127186009539,475,0.246422893481717,^TWII,yfinance,2y,2026-10-07,scan_20261008_175914,False,False
True,0,-0.41666666666666663,-0.11666679382324222,True,False,賣出 (動能轉弱),49.5,2026-10-07 00:00:00,49.05500049591065,0.12749996185303303,False,True,0.7473028157297315,False,0.0009938487569557453,62.82141845277357,0.0010118558002499983,0.0009939463209990061,-0.18697665608085057,-1.277159093586533,4.486646504084968,-0.18697665608085057,False,False,True,False,False,False,0.3718907840701752,False,-0.009009024145467781,中性,5876.TW,上海商銀,243227869184.0,15.913463,1.1359737,3.69,9819040,Financial Services,0.686556908374537,0,v1,phase6a,2026-07-12,0,0,2,0,0,0,v1,550,0.1271860095389507,550,0.1271860095389507,551,0.12559618441971382,^TWII,yfinance,2y,2026-10-07,scan_20261008_175914,False,False
True,0,1.5666669209798176,1.3500003814697266,True,False,買入 (動能增強),63.099998474121094,2026-10-07 00:00:00,62.195000076293944,-0.015000152587894888,True,True,0.6958832375369841,False,0.0012669061625740338,99.4109912269684,0.0013159074930073522,0.001415920711539502,-0.3904450365216916,-1.8893035202939834,-8.417000562046406,-0.3904450365216916,False,False,False,False,False,False,0.020935243373130512,False,-0.16778570829866457,中性,3028.TW,增你強,16597386240.0,9.034091,2.0801988,4.68,1246144,Technology,0.7063670359161369,2,v1,phase6a,2026-07-12,0,2,3,2,2,2,v1,172,0.7281399046104928,172,0.7281399046104928,178,0.7186009538950715,^TWII,yfinance,2y,2026-10-07,scan_20261008_175914,False,False
False,0,2.3999996185302734,0.7666664123535154,False,True,強烈買入 (爆發),65.69999694824219,2026-10-07 00:00:00,59.14999961853027,0.24999980926513388,False,True,5.088419356120127,True,0.0013191082888688234,165.70484886826839,0.001243453501523442,0.001287785220282978,0.6445752583265962,-0.4411585635605175,-2.778509046746147,0.6445752583265962,True,True,False,False,False,True,0.7792538284760462,False,0.0,偏強 (RS上升),1802.TW,台玻,185825099776.0,74.30232,3.595139,0.0,27748571,Basic Materials,0.14933264102037305,3,v1,phase6a,2026-07-12,0,3,5,3,3,3,v1,42,0.9348171701112877,42,0.9348171701112877,54,0.9157392686804452,^TWII,yfinance,2y,2026-10-07,scan_20261008_175914,False,False
True,0,-0.14999993642171222,-0.14999993642171222,True,False,賣出 (動能轉弱),17.450000762939453,2026-10-07 00:00:00,17.532499980926513,-0.01249999999999929,True,False,1.5125401019316955,True,0.00035035679933584206,33.7520931923082,0.0003660629375107705,0.0003820011500453883,-0.4496069616251708,-2.2195582504943356,-4.813250953379333,-0.4496069616251708,False,False,False,False,False,False,0.08825386615390884,False,-0.046448005986782004,中性,4440.TW,宜新實業,1179585152.0,8.903062,0.8830079,5.73,51704,Consumer Cyclical,0.8760283362886567,0,v1,phase6a,2026-07-12,0,0,0,0,0,0,v1,528,0.16216216216216217,528,0.16216216216216217,529,0.16057233704292528,^TWII,yfinance,2y,2026-10-07,scan_20261008_175914,False,False
True,0,0.3166669209798177,0.2999998728434245,True,False,買入 (動能增強),39.0,2026-10-07 00:00:00,39.342499351501466,-0.029999923706050424,True,False,0.5249878978080534,False,0.0007830323539651326,20.49331668836007,0.0008234084994779207,0.0008621200497665937,-0.5135113049380857,-2.2828742431280524,-4.881525335225689,-0.5135113049380857,False,False,False,False,False,False,0.0,False,-0.15125137426645952,中性,6609.TWO,瀧澤科,2800424448.0,nan,1.1763453,0.0,243900,Technology,0.45782651627672544,2,v1,phase6a,2026-07-12,0,2,2,2,2,2,v1,258,0.5914149443561209,258,0.5914149443561209,260,0.5882352941176471,^TWII,yfinance,2y,2026-10-07,scan_20261008_175914,False,False
True,1,-0.008333206176757806,0.04166666666666667,True,False,賣出 (動能轉弱),22.600000381469727,2026-10-07 00:00:00,22.704999923706055,-0.009999942779540305,False,False,0.7408006034157643,False,0.0004537572179055163,43.581130811010624,0.00047518148026552524,0.0004993502095837532,-0.47235281100775905,-2.0287897050476733,-5.018216577285905,-0.47235281100775905,False,False,False,False,False,False,0.0,False,-0.025862084557694898,中性,8401.TWO,白紗科,1604187648.0,8.664123,1.3222275,5.3,28203,Industrials,0.8089779498454438,0,v1,phase6a,2026-07-12,0,0,0,0,0,0,v1,612,0.028616852146263912,612,0.028616852146263912,612,0.028616852146263912,^TWII,yfinance,2y,2026-10-07,scan_20261008_175914,False,False
True,0,0.9833329518636067,0.7333329518636067,True,False,買入 (動能增強),44.75,2026-10-07 00:00:00,43.71749973297119,0.02499999999999858,False,True,1.3673988422094263,False,0.0008984794317933253,25.872451760286996,0.0009234984300130834,0.0010166970019559445,-0.28436321550570076,-1.9318594698547686,-8.020444484321775,-0.28436321550570076,False,False,False,False,False,False,0.04886675195717027,False,-0.21960046226802443,中性,2497.TW,怡利電,5778691072.0,13.179106,1.973802,4.47,420286,Consumer Cyclical,0.645719985046131,2,v1,phase6a,2026-07-12,0,2,4,2,2,2,v1,155,0.7551669316375199,155,0.7551669316375199,162,0.7440381558028617,^TWII,yfinance,2y,2026-10-07,scan_20261008_175914,False,False
True,0,-0.3916676839192708,-0.758334477742513,True,False,觀察 (跌勢收斂),41.20000076293945,2026-10-07 00:00:00,41.96750030517578,-0.25499992370605185,True,False,1.1187577976382608,False,0.000827203425147942,75.7838294567508,0.0008871707885096263,0.0009991572206624994,-0.706488319418408,-3.6274566819077814,-13.906579519679818,-0.706488319418408,False,False,False,False,False,False,0.02894208065084984,False,-0.2957264826847956,中性,6465.TWO,威潤,2463372544.0,12.192983,3.3874898,0.46,199882,Technology,0.437689051900717,1,v1,phase6a,2026-07-12,0,1,1,1,1,1,v1,402,0.3624801271860095,402,0.3624801271860095,402,0.3624801271860095,^TWII,yfinance,2y,2026-10-07,scan_20261008_175914,False,False
True,0,0.9666671752929688,0.9166666666666666,True,False,買入 (動能增強),89.0999984741211,2026-10-07 00:00:00,89.19499931335449,0.024999999999991473,False,False,0.17500611909507324,False,0.0017889277318841222,26.923355488032726,0.001867532052163926,0.0019782188038336645,-0.44109775390973605,-2.05501741467371,-4.468586570970023,-0.44109775390973605,False,False,False,False,False,False,0.01495805697610109,False,-0.051118242532029456,中性,7757.TWO,金色三麥,2142489984.0,10.595947,2.149108,8.7,13728,Consumer Cyclical,0.7457290233056688,2,v1,phase6a,2026-07-12,0,2,3,2,2,2,v1,281,0.5548489666136724,281,0.5548489666136724,282,0.5532591414944356,^TWII,yfinance,2y,2026-10-07,scan_20261008_175914,False,False
True,1,-0.46666669845581055,-0.44166660308837885,True,False,賣出 (動能轉弱),12.199999809265137,2026-10-07 00:00:00,12.6875,-0.03000001907348704,False,False,5.577559883576865,True,0.0002449485786928987,30.942056502224936,0.0002650998859154849,0.0002890329689718497,-0.793796007606129,-3.4056063287569383,-9.232245541748597,-0.793796007606129,False,False,False,False,False,False,0.0,False,-0.2906977169703232,中性,8024.TWO,佑華,557726016.0,nan,1.4216646,0.0,83332,Technology,0.42428889285146165,0,v1,phase6a,2026-07-12,0,0,0,0,0,0,v1,603,0.04292527821939587,603,0.04292527821939587,603,0.04292527821939587,^TWII,yfinance,2y,2026-10-07,scan_20261008_175914,False,False
True,2,0.008333206176757812,0.09999974568684895,True,False,觀望 (動能減弱),40.79999923706055,2026-10-07 00:00:00,40.93999977111817,-0.02499999999999858,False,False,0.851461891278863,False,0.0008191722934454138,37.42023114178021,0.0008552525826053516,0.0008908490196535178,-0.442107319690066,-1.9192641834381963,-3.910533079580658,-0.442107319690066,False,False,False,False,False,False,0.0,False,-0.012106537753911795,中性,8916.TWO,光隆,6080160768.0,14.283216,1.2039138,7.44,90909,Consumer Cyclical,0.7820906718132917,0,v1,phase6a,2026-07-12,0,0,0,0,0,0,v1,622,0.012718600953895072,622,0.012718600953895072,622,0.012718600953895072,^TWII,yfinance,2y,2026-10-07,scan_20261008_175914,False,False
True,1,0.1416664123535156,0.10833326975504556,True,False,買入 (動能增強),21.75,2026-10-07 00:00:00,21.704999923706055,-0.035000038146971946,True,True,1.9787978955104146,True,0.00043669112048055474,7.188826371495791,0.00045882954717965126,0.000516452657466981,-0.5053259542566524,-2.3692989319865743,-10.083539291835486,-0.5053259542566524,False,False,False,False,False,False,0.012743176872570913,False,-0.2003676694879064,中性,2230.TWO,泰茂,1494768896.0,nan,1.4099646,2.8,136891,Consumer Cyclical,0.5779318943697224,2,v1,phase6a,2026-07-12,0,2,3,2,2,2,v1,139,0.78060413354531,139,0.78060413354531,147,0.7678855325914149,^TWII,yfinance,2y,2026-10-07,scan_20261008_175914,False,False
False,0,-1.8333346048990884,-1.4666684468587239,False,True,強烈賣出 (跌破),67.30000305175781,2026-10-07 00:00:00,68.50500030517578,-0.019999694824221592,True,False,0.29839039694448233,False,0.0013512328156789367,32.495445440850204,0.0014285453483519745,0.001497579338200926,-0.5664547048210067,-2.56424395061442,-5.431462517665297,-0.5664547048210067,False,False,False,False,False,False,0.0,False,-0.06520621817795691,中性,2754.TWO,亞洲藏壽司,3156841216.0,15.365297,1.7260394,1.48,29596,Consumer Cyclical,0.5333086457792032,0,v1,phase6a,2026-07-12,0,0,0,0,0,0,v1,490,0.22257551669316375,490,0.22257551669316375,491,0.22098569157392686,^TWII,yfinance,2y,2026-10-07,scan_20261008_175914,False,False
True,2,0.1250006357828776,0.07500044504801431,True,False,買入 (動能增強),20.850000381469727,2026-10-07 00:00:00,20.62249994277954,0.0025000572204589844,False,True,1.4538779923762273,False,0.00041862115074041417,22.91054414654245,0.0004325227344131269,0.0004542083968130229,-0.3371823971638377,-1.903768133238004,-5.602899571475827,-0.3371823971638377,False,False,False,False,False,False,0.04333517539202356,False,-0.030232540396756935,中性,8426.TWO,紅木-KY,1035005824.0,9.671361,0.89158195,3.84,33205,Consumer Cyclical,0.8120920468972193,4,v1,phase6a,2026-07-12,0,4,6,4,4,4,v1,31,0.9523052464228935,31,0.9523052464228935,34,0.9475357710651828,^TWII,yfinance,2y,2026-10-07,scan_20261008_175914,False,True
True,1,0.47500038146972656,0.3583335876464844,True,False,買入 (動能增強),37.95000076293945,2026-10-07 00:00:00,37.05572566986084,0.06223621368408061,False,True,2.8636729577419127,True,0.000761950728984181,25.71985603222973,0.0007764278150212884,0.0008062328247585984,-0.1958866799216863,-1.3840839199383392,-3.512035687369608,-0.1958866799216863,False,False,False,False,False,False,0.06650859729280265,False,-0.04814517109747385,中性,6504.TW,南六,3027420160.0,26.73077,0.87189245,2.64,49978,Consumer Defensive,0.596354922823055,4,v1,phase6a,2026-07-12,0,4,6,4,4,4,v1,26,0.9602543720190779,26,0.9602543720190779,30,0.9538950715421304,^TWII,yfinance,2y,2026-10-07,scan_20261008_175914,False,True
True,0,0.3833338419596354,0.3916670481363932,True,False,觀望 (動能減弱),35.04999923706055,2026-10-07 00:00:00,34.99749984741211,0.017499923706054688,False,True,1.7510479454847279,True,0.0007037252156172211,53.34646924882195,0.0007308271474233345,0.0007470916174753653,-0.3888391390781121,-1.7622452146944245,-2.6164079857714406,-0.3888391390781121,False,False,False,False,False,False,0.168088070165096,False,-0.018207325265765295,中性,1612.TW,宏泰,10857347072.0,8.875969,1.1595328,7.17,796755,Industrials,0.8687081901316388,0,v1,phase6a,2026-07-12,0,0,2,0,0,0,v1,454,0.27980922098569155,454,0.27980922098569155,455,0.27821939586645467,^TWII,yfinance,2y,2026-10-07,scan_20261008_175914,False,False
True,1,0.25,0.125,True,False,買入 (動能增強),21.5,2026-10-07 00:00:00,21.307499980926515,-0.017500019073484196,False,True,0.6578765131159802,False,0.0004316716823141116,24.46219258996769,0.0004474821123391256,0.00047469955677459586,-0.3705375152049495,-1.6775977066330605,-5.943598766684,-0.3705375152049495,False,False,False,False,False,False,0.0,False,-0.06318085902990345,中性,2722.TW,夏都,3078148352.0,nan,1.2410529,0.0,45091,Consumer Cyclical,0.4488037038831265,2,v1,phase6a,2026-07-12,0,2,3,2,2,2,v1,164,0.7408585055643879,164,0.7408585055643879,171,0.7297297297297297,^TWII,yfinance,2y,2026-10-07,scan_20261008_175914,False,False
True,1,0.03666663169860839,-0.015000104904174798,True,False,買入 (動能增強),6.28000020980835,2026-10-07 00:00:00,6.209000015258789,0.002000021934509988,False,True,1.6372537099782298,True,0.00012608829095353227,40.26880834338467,0.00013053884863160073,0.00014098359406302259,-0.3575981293211239,-1.9739465868990114,-7.547604982963618,-0.3575981293211239,False,False,False,False,False,False,0.02239289747659678,False,-0.08853405928850777,中性,1512.TW,瑞利,615607424.0,33.0,0.9170689,0.0,61049,Consumer Cyclical,0.41978386522127065,2,v1,phase6a,2026-07-12,0,2,4,2,2,2,v1,120,0.8108108108108109,120,0.8108108108108109,128,0.7980922098569158,^TWII,yfinance,2y,2026-10-07,scan_20261008_175914,False,False
True,0,3.833333333333333,3.583333333333333,True,False,買入 (動能增強),157.5,2026-10-07 00:00:00,159.325,-0.825000000000017,False,False,0.4990867632933588,False,0.0031622460448591893,52.10181271991885,0.003385222835795554,0.003872237049111086,-0.6885698927907358,-2.504617586481195,-12.29560648110024,-0.6885698927907358,False,False,False,False,False,False,0.0,False,-0.32978723404255317,中性,7689.TW,大鵬科CLMX,9127131136.0,13.120269,4.9175677,3.49,99721,Industrials,0.5097436177199778,2,v1,phase6a,2026-07-12,0,2,2,2,2,2,v1,279,0.5580286168521462,279,0.5580286168521462,280,0.5564387917329093,^TWII,yfinance,2y,2026-10-07,scan_20261008_175914,False,False
True,0,0.7583330472310383,0.6916662851969401,True,False,買入 (動能增強),16.350000381469727,2026-10-07 00:00:00,15.757499933242798,0.022500038146972656,False,True,1.0118400288769904,False,0.00032827126374443736,30.42644843613203,0.00033972805090456536,0.00038093087822472707,-0.353727552836991,-1.7582016628321928,-14.487642957552282,-0.353727552836991,False,False,False,False,False,False,0.037598367845599834,False,-0.36544241248442866,中性,6241.TWO,鑫永洋,596965632.0,22.702702,1.6188089,0.0,244491,Technology,0.3754637148454631,2,v1,phase6a,2026-07-12,0,2,4,2,2,2,v1,245,0.6120826709062003,245,0.6120826709062003,247,0.6089030206677265,^TWII,yfinance,2y,2026-10-07,scan_20261008_175914,False,False
True,0,11.333333333333332,5.75,True,False,買入 (動能增強),300.0,2026-10-07 00:00:00,285.35,0.05000000000001137,False,True,1.042935438127464,False,0.00602332579973179,145.93614628184667,0.006002400209871241,0.0057828263139185244,0.036710352677293834,-0.5484487379634806,-3.719824748417966,0.036710352677293834,True,True,True,False,False,False,0.6449376249979699,False,-0.055118110236220486,中性,2301.TW,光寶科,675257188352.0,35.0,7.0462565,3.34,25456723,Technology,0.3330974754069714,2,v1,phase6a,2026-07-12,1,3,4,3,2,3,v1,140,0.7790143084260731,140,0.7790143084260731,100,0.8426073131955485,^TWII,yfinance,2y,2026-10-07,scan_20261008_175914,False,False
False,0,0.29166730244954425,0.22500069936116535,False,True,強烈買入 (爆發),27.850000381469727,2026-10-07 00:00:00,28.155000019073487,-0.039999961853027344,True,False,0.8254096944205264,False,0.0005591654194008226,25.61359899293291,0.0005935077163797579,0.0006476438517612343,-0.6053996372230475,-2.697322645381739,-9.21919102790193,-0.6053996372230475,False,False,False,False,False,False,0.014299946159508622,False,-0.14043212747304812,中性,2365.TW,昆盈,6092033536.0,49.107143,1.9795566,1.08,1555597,Technology,0.3443526457313726,3,v1,phase6a,2026-07-12,0,3,3,3,3,3,v1,47,0.9268680445151033,47,0.9268680445151033,58,0.9093799682034976,^TWII,yfinance,2y,2026-10-07,scan_20261008_175914,False,False
True,1,0.15000009536743164,0.10000006357828775,True,False,買入 (動能增強),15.050000190734863,2026-10-07 00:00:00,14.640000057220458,0.04749999046325648,False,True,1.1946329260574684,False,0.0003021701814494055,50.98871792900119,0.0003039787446442858,0.00029978752902800276,-0.0625885603779075,-0.9407520818044857,2.5909682291107794,-0.0625885603779075,False,True,True,False,False,False,0.5784890494451144,False,-0.03833862251887754,中性,1312.TW,國喬,23101390848.0,nan,0.58575624,0.0,20033283,Basic Materials,0.5325626415746486,2,v1,phase6a,2026-07-12,0,2,4,2,2,2,v1,103,0.8378378378378378,103,0.8378378378378378,111,0.8251192368839427,^TWII,yfinance,2y,2026-10-07,scan_20261008_175914,False,False
True,0,-0.05000050862630208,-0.21666717529296875,True,False,觀察 (跌勢收斂),101.0,2026-10-07 00:00:00,100.56000061035157,-0.125,True,True,0.8956927269465016,False,0.0020278530192430356,51.87480678142858,0.0021089090071882014,0.0022286776479308323,-0.40294904959432554,-2.323510398016404,-6.693754155490184,-0.40294904959432554,False,False,False,False,False,False,0.03295648365762714,False,-0.1404255319148936,中性,1342.TW,八貫,7928591360.0,14.366998,3.5002599,5.94,262974,Consumer Cyclical,0.5855821659171484,2,v1,phase6a,2026-07-12,0,2,3,2,2,2,v1,106,0.8330683624801272,106,0.8330683624801272,114,0.8203497615262321,^TWII,yfinance,2y,2026-10-07,scan_20261008_175914,True,False
True,1,0.10166645050048827,0.1183331807454427,True,False,觀望 (動能減弱),10.0,2026-10-07 00:00:00,9.97849998474121,0.0005000114440907311,False,True,3.381120102589389,True,0.00020077752665772632,36.653965962497374,0.00020900983055329253,0.0002180285405526357,-0.4128898488826027,-1.9138237547709158,-4.596871530326164,-0.4128898488826027,False,False,False,False,False,False,0.009437567811536944,False,-0.033018926648573976,中性,1474.TW,弘裕,1305464832.0,38.653847,0.5982499,2.5,83418,Consumer Cyclical,0.5886570915697044,0,v1,phase6a,2026-07-12,0,0,2,0,0,0,v1,446,0.29252782193958665,446,0.29252782193958665,447,0.29093799682034976,^TWII,yfinance,2y,2026-10-07,scan_20261008_175914,False,False
True,0,-0.29999987284342444,-0.2000001271565755,True,False,賣出 (動能轉弱),57.70000076293945,2026-10-07 00:00:00,58.49000015258789,-0.01999988555908061,False,False,1.640988239584283,True,0.0011584863441331905,35.87420845003929,0.0012213726328141243,0.0013021556743486001,-0.5390595402501086,-2.1978666202087993,-4.502505322913352,-0.5390595402501086,False,False,False,False,False,False,0.0,False,-0.09702661369152721,中性,6846.TWO,綠茵,1577947776.0,14.4665,nan,6.84,10343,Healthcare,0.695077619331955,0,v1,phase6a,2026-07-12,0,0,0,0,0,0,v1,583,0.07472178060413355,583,0.07472178060413355,583,0.07472178060413355,^TWII,yfinance,2y,2026-10-07,scan_20261008_175914,False,False
True,0,-0.8833338419596354,-1.0,True,False,觀察 (跌勢收斂),71.5,2026-10-07 00:00:00,72.66500053405761,-0.140000152587902,True,False,0.6138469426811389,False,0.0014355593156027433,88.7360365486508,0.0015180726278868216,0.001583080092139598,-0.5688924148886776,-2.769803317361186,-6.528988228148657,-0.5688924148886776,False,False,False,False,False,False,0.0463243325931795,False,-0.15683965298491953,中性,2423.TW,固緯,10224745472.0,16.897375,3.434559,3.5,165797,Technology,0.4853173519972727,1,v1,phase6a,2026-07-12,0,1,1,1,1,1,v1,335,0.46899841017488075,335,0.46899841017488075,335,0.46899841017488075,^TWII,yfinance,2y,2026-10-07,scan_20261008_175914,False,False
False,0,-1.8000005086263018,-1.6333338419596353,False,True,強烈賣出 (跌破),73.4000015258789,2026-10-07 00:00:00,75.57000007629395,-0.15999984741210938,False,False,0.3259455068004456,False,0.0014737070763039305,40.497785790008756,0.0015733230250551606,0.001659173172464109,-0.6620678319785966,-2.9509748062738206,-5.658996137832051,-0.6620678319785966,False,False,False,False,False,False,0.0,False,-0.0847879760737612,中性,6923.TW,中台,6638195200.0,18.123457,2.6537476,4.13,78024,Industrials,0.52543171838485,0,v1,phase6a,2026-07-12,0,0,0,0,0,0,v1,591,0.06200317965023847,591,0.06200317965023847,591,0.06200317965023847,^TWII,yfinance,2y,2026-10-07,scan_20261008_175914,False,False
True,1,0.14999961853027344,0.10833326975504558,True,False,買入 (動能增強),24.649999618530273,2026-10-07 00:00:00,24.527499961853028,0.01750001907348775,False,True,0.6348526839964809,False,0.0004949165955522405,36.209575149146545,0.000513540116348264,0.000536985677478018,-0.3802849191616664,-1.72531830445819,-4.367659731654861,-0.3802849191616664,False,False,False,False,False,False,0.04695623965882856,False,-0.021517130473856727,中性,8049.TWO,晶采,2891941120.0,12.868422,1.1190957,5.68,136418,Technology,0.7883714427596958,2,v1,phase6a,2026-07-12,0,2,4,2,2,2,v1,287,0.5453100158982512,287,0.5453100158982512,287,0.5453100158982512,^TWII,yfinance,2y,2026-10-07,scan_20261008_175914,False,False
True,0,1.1666666666666665,1.1833330790201821,True,False,觀望 (動能減弱),70.30000305175781,2026-10-07 00:00:00,69.39000053405762,0.070000076293951,False,True,0.21548031218825187,False,0.0014114660736762547,38.4683586904624,0.001458460015156856,0.0015221324797896395,-0.33802841870409495,-1.5480074106672626,-4.803794408929507,-0.33802841870409495,False,False,False,False,False,False,0.03766547554534778,False,-0.03698625956496149,中性,6874.TWO,倍力,1670468736.0,19.971592,3.5444188,4.27,32934,Technology,0.4753689076924035,0,v1,phase6a,2026-07-12,0,0,2,0,0,0,v1,586,0.06995230524642289,586,0.06995230524642289,586,0.06995230524642289,^TWII,yfinance,2y,2026-10-07,scan_20261008_175914,False,False
True,0,0.00833304723103841,-0.04166698455810548,True,False,買入 (動能增強),10.949999809265137,2026-10-07 00:00:00,10.939999961853028,-0.005000019073486683,True,True,0.7260589695818981,False,0.0002198513878606829,29.79598129100065,0.00022887238978344868,0.00023950698593769784,-0.4131803213472396,-1.9336728324941377,-5.173572118080294,-0.4131803213472396,False,False,False,False,False,False,0.012091812733806702,False,-0.036025663317020395,中性,1453.TW,大將,1259722368.0,16.119402,0.83818394,0.0,40202,Consumer Cyclical,0.5348547464928314,2,v1,phase6a,2026-07-12,0,2,3,2,2,2,v1,114,0.8203497615262321,114,0.8203497615262321,122,0.8076311605723371,^TWII,yfinance,2y,2026-10-07,scan_20261008_175914,False,False
True,0,0.29166666666666663,0.05833307902018227,True,False,買入 (動能增強),47.400001525878906,2026-10-07 00:00:00,47.36250019073486,-0.15499992370605753,True,True,0.5516402214530791,False,0.0009516855069938421,41.024464222349934,0.00100481303515246,0.0010821211491903167,-0.5534779751705132,-2.7134367029387874,-12.454933443460492,-0.5534779751705132,False,False,False,False,False,False,0.0,False,-0.17993075862383934,中性,6570.TWO,維田,1752024704.0,18.804781,2.0769165,2.32,151767,Technology,0.49363221895968273,2,v1,phase6a,2026-07-12,0,2,3,2,2,2,v1,254,0.5977742448330684,254,0.5977742448330684,256,0.5945945945945946,^TWII,yfinance,2y,2026-10-07,scan_20261008_175914,False,False
True,0,-0.35833422342936194,-0.4166679382324219,True,False,觀察 (跌勢收斂),34.20000076293945,2026-10-07 00:00:00,34.69500026702881,-0.03750000000000142,False,False,0.6461162104657258,False,0.0006866591564875336,36.245458570038814,0.000721767756221244,0.0007547094696929664,-0.509418129970518,-2.564434201185528,-3.9469541784882933,-0.509418129970518,False,False,False,False,False,False,0.03983815127309804,False,-0.035260930129705104,中性,3206.TWO,志豐,2014961408.0,19.768785,1.296535,4.41,45685,Technology,0.639627073417785,1,v1,phase6a,2026-07-12,0,1,1,1,1,1,v1,357,0.43402225755166934,357,0.43402225755166934,357,0.43402225755166934,^TWII,yfinance,2y,2026-10-07,scan_20261008_175914,False,False
True,0,0.061666647593180336,0.028333346048990883,True,False,買入 (動能增強),6.619999885559082,2026-10-07 00:00:00,6.508999967575074,-0.0029999971389766955,True,True,1.5819384007331871,True,0.00013291472034969838,36.16590264598676,0.00013718323955681273,0.00014635335608910273,-0.3264618632882854,-2.5097835719431694,-9.222513240045615,-0.3264618632882854,False,False,False,False,False,False,0.07046285999356845,False,-0.2536640393494415,中性,1447.TW,力鵬,5567377920.0,nan,0.68635607,0.0,1714657,Consumer Cyclical,0.5226886204646723,2,v1,phase6a,2026-07-12,0,2,3,2,2,2,v1,112,0.8235294117647058,112,0.8235294117647058,120,0.8108108108108109,^TWII,yfinance,2y,2026-10-07,scan_20261008_175914,False,False
False,0,1.0250005722045896,0.9416672388712563,False,True,強烈買入 (爆發),30.200000762939453,2026-10-07 00:00:00,30.05500011444092,-0.014999961853025212,True,True,0.7873471764919747,False,0.0006063481458244431,21.831807239720405,0.0006342623518836068,0.0006854409464076342,-0.4611321878585817,-2.0858157892210016,-7.18970542333367,-0.4611321878585817,False,False,False,False,False,False,0.03477465850622542,False,-0.09985092549333252,中性,4562.TW,穎漢,2626380032.0,nan,2.8890603,0.0,220813,Industrials,0.30784354045105305,3,v1,phase6a,2026-07-12,0,3,4,3,3,3,v1,70,0.890302066772655,70,0.890302066772655,77,0.8791732909379968,^TWII,yfinance,2y,2026-10-07,scan_20261008_175914,False,False
True,0,-112.5,-119.99999999999999,True,False,觀察 (跌勢收斂),1800.0,2026-10-07 00:00:00,1944.75,-3.5,True,False,0.6010572887485289,False,0.03613995479839074,289.75681864565723,0.03938911058912376,0.0392353015272898,-0.8608273284736012,-3.366698648970312,3.9680519103535428,-0.8608273284736012,False,False,True,False,False,False,0.33284682202441157,False,-0.16666666666666663,中性,7828.TWO,創新服務,74578714624.0,174.24242,14.418029,0.25,261514,Industrials,0.11658921161626064,2,v1,phase6a,2026-07-12,0,2,2,2,2,2,v1,283,0.5516693163751988,283,0.5516693163751988,284,0.5500794912559619,^TWII,yfinance,2y,2026-10-07,scan_20261008_175914,True,False
False,0,-0.21166674296061194,-0.19166676203409827,False,True,強烈賣出 (跌破),9.930000305175781,2026-10-07 00:00:00,10.05799994468689,-0.0034999847412109375,True,False,0.6964224777318913,False,0.0001993720900983661,27.32169823598091,0.00021149143286546202,0.0002318381007668007,-0.5995851673277319,-2.974068783346462,-9.522016326159221,-0.5995851673277319,False,False,False,False,False,False,0.026443887347100875,False,-0.17933884362657904,中性,1781.TWO,合世,516742816.0,nan,1.7041901,0.0,20595,Healthcare,0.39228344511567675,0,v1,phase6a,2026-07-12,0,0,0,0,0,0,v1,458,0.27344992050874406,458,0.27344992050874406,459,0.2718600953895072,^TWII,yfinance,2y,2026-10-07,scan_20261008_175914,False,False
True,3,0.0,0.0,True,False,賣出 (動能轉弱),3.2699999809265137,2026-10-07 00:00:00,3.2699999809265137,0.0,False,False,1.0,False,6.565425083412377e-05,33.97102861965358,6.838043880550257e-05,7.25696470677725e-05,-0.4179088329731573,-1.9220968186572707,-4.389356108505915,-0.4179088329731573,False,False,False,False,False,False,0.0013117681517331827,False,0.0,中性,4804.TWO,大略-KY,235413584.0,nan,4.3892617,0.0,0,Consumer Cyclical,0.26613431334856746,0,v1,phase6a,2026-07-12,0,0,0,0,0,0,v1,535,0.151033386327504,535,0.151033386327504,536,0.1494435612082671,^TWII,yfinance,2y,2026-10-07,scan_20261008_175914,False,False
True,0,-0.05833323796590169,-0.07499996821085611,True,False,觀察 (跌勢收斂),10.300000190734863,2026-10-07 00:00:00,10.322500038146973,-0.0049999713897701525,False,False,0.5522051407855644,False,0.0002068008562869855,38.91884910295044,0.00021572618446273178,0.00022556190200208765,-0.43362113187089824,-2.121932780627933,-5.062871121114654,-0.43362113187089824,False,False,False,False,False,False,0.028787092137884256,False,-0.03835363739535069,中性,2701.TW,萬企,4634670592.0,17.457628,0.5466221,2.71,67477,Real Estate,0.7009876577064361,1,v1,phase6a,2026-07-12,0,1,1,1,1,1,v1,348,0.4483306836248013,348,0.4483306836248013,348,0.4483306836248013,^TWII,yfinance,2y,2026-10-07,scan_20261008_175914,False,False
True,3,-0.016666571299235024,0.01666673024495443,True,False,賣出 (動能轉弱),15.300000190734863,2026-10-07 00:00:00,15.317500162124634,-0.0049999713897701525,True,False,0.26765262804263507,False,0.0003071896196158487,34.21667362626413,0.000321852547369177,0.000349350489969894,-0.4772681217802277,-2.2475120434337192,-7.17469663015059,-0.4772681217802277,False,False,False,False,False,False,0.0009851719593929385,False,-0.12068962493303725,中性,3252.TWO,海灣,770505536.0,nan,0.3937311,0.0,36675,Consumer Cyclical,0.5417556957115229,0,v1,phase6a,2026-07-12,0,0,0,0,0,0,v1,506,0.1971383147853736,506,0.1971383147853736,507,0.19554848966613672,^TWII,yfinance,2y,2026-10-07,scan_20261008_175914,False,False
True,0,0.4249992370605469,0.12499936421712239,True,False,買入 (動能增強),44.70000076293945,2026-10-07 00:00:00,44.3875,-0.07999992370605469,True,True,0.49864911421784625,False,0.0008974755594781462,31.35920492467847,0.0009387390266894699,0.0010319615113434549,-0.4605665608386933,-2.0558176081714064,-10.575188237062537,-0.4605665608386933,False,False,False,False,False,False,0.00823423765296654,False,-0.12695312310825102,中性,6982.TWO,大井泵浦,1829079552.0,nan,2.0909176,3.57,26929,Industrials,0.5348610768967008,2,v1,phase6a,2026-07-12,0,2,3,2,2,2,v1,277,0.56120826709062,277,0.56120826709062,278,0.5596184419713831,^TWII,yfinance,2y,2026-10-07,scan_20261008_175914,False,False
True,0,-0.24999936421712238,-0.008333206176757812,True,False,賣出 (動能轉弱),38.150001525878906,2026-10-07 00:00:00,38.557499694824216,0.0025001525878849407,False,False,0.5113318054494526,False,0.0007659662948354452,36.82194271440075,0.0008066779959537253,0.0008525073598579728,-0.5284384007017362,-2.3194156218209194,-5.200901602403841,-0.5284384007017362,False,False,False,False,False,False,0.0,False,-0.05334982014601297,中性,6843.TWO,進典,1265552000.0,21.468927,1.522863,nan,10463,nan,0.5164611008614144,0,v1,phase6a,2026-07-12,0,0,1,0,0,0,v1,582,0.07631160572337042,582,0.07631160572337042,582,0.07631160572337042,^TWII,yfinance,2y,2026-10-07,scan_20261008_175914,False,False
True,0,-0.2000001271565755,-0.1333332061767578,True,False,賣出 (動能轉弱),31.299999237060547,2026-10-07 00:00:00,31.399999809265136,-0.00500001907348846,True,False,0.7437499225325054,False,0.0006284336431205737,49.1638516355861,0.0006565428259715682,0.000686802700781043,-0.44865106634386365,-2.0791552174759365,-5.094627623481651,-0.44865106634386365,False,False,False,False,False,False,0.0249961853109663,False,-0.03987727907694616,中性,3118.TWO,進階,1015775744.0,13.433476,1.8824801,7.07,15069,Healthcare,0.7083722134256641,0,v1,phase6a,2026-07-12,0,0,0,0,0,0,v1,503,0.20190779014308427,503,0.20190779014308427,504,0.20031796502384738,^TWII,yfinance,2y,2026-10-07,scan_20261008_175914,False,False
True,0,4.2666689554850254,3.9333356221516924,True,False,買入 (動能增強),91.4000015258789,2026-10-07 00:00:00,91.46999969482422,-0.18499984741210085,False,False,0.7969948078594711,False,0.0018351066242878378,42.34113542887491,0.0019319267942159062,0.0021573979476256183,-0.5247670214904465,-1.4943955555947186,-6.1469653779203774,-0.5247670214904465,False,False,False,False,False,False,0.0,False,-0.1537036895751953,中性,6854.TW,錼創科技-KY創,10875860992.0,nan,3.1896996,0.0,256133,Technology,0.29405395924574146,2,v1,phase6a,2026-07-12,0,2,2,2,2,2,v1,272,0.5691573926868044,272,0.5691573926868044,273,0.5675675675675675,^TWII,yfinance,2y,2026-10-07,scan_20261008_175914,False,False
True,0,-0.9083340962727864,-0.5416673024495442,True,False,賣出 (動能轉弱),45.75,2026-10-07 00:00:00,45.65499973297119,0.11000003814697124,False,True,0.3210888075687062,False,0.0009185571844590979,81.10874458445616,0.0009352758313568013,0.0008921965071937298,-0.1878111569259877,-1.055875382341287,7.798822113683368,-0.1878111569259877,False,True,True,False,False,False,0.6129467577208374,False,-0.03276954042413793,中性,2884.TW,玉山金,798839996416.0,21.531101,2.5859096,3.08,41664745,Financial Services,0.46564670685488113,0,v1,phase6a,2026-07-12,0,0,2,0,0,0,v1,496,0.21303656597774245,496,0.21303656597774245,497,0.21144674085850557,^TWII,yfinance,2y,2026-10-07,scan_20261008_175914,False,False
True,0,-0.016666412353515632,-0.1749998728434245,True,False,觀察 (跌勢收斂),43.0,2026-10-07 00:00:00,43.69250011444092,-0.10750007629394531,False,False,0.4069652379213553,False,0.0008633433646282232,42.878204091152526,0.0009118151571267664,0.0009532857939481599,-0.5564616467097272,-2.4273471516568,-5.799562367986488,-0.5564616467097272,False,False,False,False,False,False,0.023100804628833054,False,-0.11928080407855424,中性,1203.TW,味王,10161937408.0,20.357143,1.5642724,2.33,27265,Consumer Defensive,0.5338443548194912,2,v1,phase6a,2026-07-12,0,2,2,2,2,2,v1,98,0.8457869634340223,98,0.8457869634340223,106,0.8330683624801272,^TWII,yfinance,2y,2026-10-07,scan_20261008_175914,True,False
True,0,-3.9166666666666665,-3.333333333333333,True,False,賣出 (動能轉弱),335.0,2026-10-07 00:00:00,336.875,-0.625,False,False,0.7018959369606543,False,0.006726047143033832,62.5775676773275,0.007017778713442685,0.00723760496977557,-0.43567626715723673,-2.356590421838789,-3.4615718666752504,-0.43567626715723673,False,False,False,False,False,False,0.045504261350786404,False,-0.08319648167563054,中性,2382.TW,廣達,1334393307136.0,14.755214,5.149909,4.66,17836811,Technology,0.516916111789966,0,v1,phase6a,2026-07-12,0,0,0,0,0,0,v1,471,0.2527821939586645,471,0.2527821939586645,472,0.25119236883942764,^TWII,yfinance,2y,2026-10-07,scan_20261008_175914,False,False
True,2,-0.016666412353515625,-0.01999982198079427,True,False,觀察 (跌勢收斂),8.300000190734863,2026-10-07 00:00:00,8.346000051498413,-0.0034999847412109375,True,False,0.7911248971949678,False,0.00016664535095544026,9.014553098251815,0.00017487678674234296,0.000187927916103776,-0.4930299780255276,-2.281901949362519,-6.166585940716651,-0.4930299780255276,False,False,False,False,False,False,0.005285119974916186,False,-0.06950671303319966,中性,5364.TWO,力麗店,533147008.0,nan,0.7706507,0.0,49558,Consumer Cyclical,0.5117931488950435,1,v1,phase6a,2026-07-12,0,1,1,1,1,1,v1,381,0.3958664546899841,381,0.3958664546899841,381,0.3958664546899841,^TWII,yfinance,2y,2026-10-07,scan_20261008_175914,False,False
False,0,1.9500001271565754,1.9333337148030596,False,True,強烈買入 (爆發),58.5,2026-10-07 00:00:00,58.78499984741211,-0.02499999999999858,True,False,0.5236403612378028,False,0.0011745485309476989,33.659103135629636,0.0012532293071030448,0.0013287009540102197,-0.6565288546853565,-2.5466318368122742,-12.207941281515843,-0.6565288546853565,False,False,False,False,False,False,0.0,False,-0.1886268899021205,中性,3003.TW,健和興,9027984384.0,23.577236,1.3705105,1.71,832011,Industrials,0.5095128425162093,3,v1,phase6a,2026-07-12,0,3,3,3,3,3,v1,59,0.9077901430842608,59,0.9077901430842608,66,0.8966613672496025,^TWII,yfinance,2y,2026-10-07,scan_20261008_175914,False,False
True,0,0.258332888285319,0.2083330154418945,True,False,買入 (動能增強),19.0,2026-10-07 00:00:00,18.925,-0.017500019073484196,True,True,0.820594419368465,False,0.00038147730064968,35.83723954065219,0.0003981570714332729,0.00042594155286441906,-0.43903700610941065,-2.203969895825786,-7.16815852625855,-0.43903700610941065,False,False,False,False,False,False,0.05261498714849049,False,-0.08212563769480985,中性,2331.TW,精英,10479175680.0,18.8,0.9689223,0.0,1591948,Technology,0.487513904926748,2,v1,phase6a,2026-07-12,0,2,3,2,2,2,v1,143,0.7742448330683624,143,0.7742448330683624,150,0.7631160572337043,^TWII,yfinance,2y,2026-10-07,scan_20261008_175914,False,False
True,2,-0.5833333333333333,-0.5,True,False,賣出 (動能轉弱),120.0,2026-10-07 00:00:00,119.7,0.0,False,True,0.7225230736016408,False,0.002409330319892716,106.13318792382638,0.0025073721915677503,0.0026020261790911745,-0.4099069872558925,-2.099441258863677,-5.672737273610807,-0.4099069872558925,False,False,False,False,False,False,0.01141714792965057,False,-0.20177380891360297,中性,6574.TWO,霈方,2704770048.0,9.304085,2.5335228,2.5,76400,Consumer Defensive,0.6022927073741208,1,v1,phase6a,2026-07-12,0,1,2,1,1,1,v1,405,0.35771065182829886,405,0.35771065182829886,405,0.35771065182829886,^TWII,yfinance,2y,2026-10-07,scan_20261008_175914,True,False
True,0,-0.7166665395100911,-0.8166669209798176,True,False,觀察 (跌勢收斂),40.75,2026-10-07 00:00:00,42.03999977111816,-0.1799999237060561,True,False,0.6281668999562317,False,0.0008181684211302347,31.982039550641648,0.0008771986363831439,0.0008884775552301716,-0.7033755998760993,-2.9164322672276977,-6.865029026847824,-0.7033755998760993,False,False,False,False,False,False,0.1782814162585809,False,-0.12647376919389608,中性,2392.TW,正崴,18605522944.0,5.3174605,0.65277755,2.43,3328022,Technology,0.8256027829341427,2,v1,phase6a,2026-07-12,0,2,2,2,2,2,v1,148,0.766295707472178,148,0.766295707472178,155,0.7551669316375199,^TWII,yfinance,2y,2026-10-07,scan_20261008_175914,True,False
False,0,0.08333333333333326,1.583333333333333,False,True,強烈買入 (爆發),199.0,2026-10-07 00:00:00,206.4,-0.4749999999999943,False,False,1.5683115992057375,True,0.003995472780488753,43.202192051023445,0.00430660057989902,0.004411186949960097,-0.7547279678779439,-2.213744258202832,-3.7890439337777915,-0.7547279678779439,False,False,False,False,False,False,0.0,False,-0.0679156908665105,中性,2474.TW,可成,99055173632.0,14.353891,0.76121867,4.99,2805474,Industrials,0.7916683722268846,3,v1,phase6a,2026-07-12,0,3,3,3,3,3,v1,53,0.9173290937996821,53,0.9173290937996821,62,0.9030206677265501,^TWII,yfinance,2y,2026-10-07,scan_20261008_175914,False,False
False,0,0.4833335876464844,0.275000254313151,False,True,強烈買入 (爆發),14.350000381469727,2026-10-07 00:00:00,13.442500019073487,0.040000009536743875,False,True,3.7648507838264083,True,0.0002881157584128921,33.15367982271392,0.00028387407135020383,0.0003047947481483998,0.1575334969905251,-1.165572519943192,-5.436384705258779,0.1575334969905251,True,False,False,False,False,True,0.1865178272266905,False,-0.11419754903357471,中性,5344.TWO,立衛,1120202752.0,nan,2.2166326,0.0,54310,Technology,0.3449562404851014,3,v1,phase6a,2026-07-12,0,3,5,3,3,3,v1,73,0.8855325914149443,73,0.8855325914149443,80,0.8744038155802861,^TWII,yfinance,2y,2026-10-07,scan_20261008_175914,False,False
False,0,18.333333333333332,14.0,False,True,強烈買入 (爆發),252.5,2026-10-07 00:00:00,242.725,0.25,False,True,1.4678617749252363,False,0.00506963254810759,352.5032669393528,0.005153000141211229,0.0051721649946143864,-0.17001002493614026,-0.38990883362466366,-5.702532535343163,-0.17001002493614026,False,False,False,False,False,True,0.4775648674525971,False,-0.0982142857142857,中性,4931.TWO,新盛力,16030828544.0,40.886288,9.95197,0.99,5174952,Industrials,0.22044715962084904,3,v1,phase6a,2026-07-12,0,3,5,3,3,3,v1,71,0.8887122416534181,71,0.8887122416534181,78,0.8775834658187599,^TWII,yfinance,2y,2026-10-07,scan_20261008_175914,False,False
True,0,-1.0083332061767578,-1.3083333969116209,True,False,觀察 (跌勢收斂),24.350000381469727,2026-10-07 00:00:00,24.82250032424927,-0.17749996185302663,False,False,0.25026724967018354,False,0.0004888932850706184,38.08275099968214,0.0005223288765301538,0.000560230624831495,-0.6693061839923242,-3.426650528354147,-12.769785412509282,-0.6693061839923242,False,False,False,False,False,False,0.04418188825221059,False,-0.1937086170093305,中性,4530.TWO,天意能創,921720192.0,52.551018,2.0963933,0.0,16392,Industrials,0.23920730438602156,1,v1,phase6a,2026-07-12,0,1,1,1,1,1,v1,370,0.4133545310015898,370,0.4133545310015898,370,0.4133545310015898,^TWII,yfinance,2y,2026-10-07,scan_20261008_175914,False,False
True,0,3.7499999999999996,2.6666666666666665,True,False,買入 (動能增強),181.5,2026-10-07 00:00:00,180.025,0.025000000000005684,False,True,0.7013492881304726,False,0.003644112108837733,44.06615360214927,0.0037932658674348367,0.004011249485207923,-0.4121957128892739,-1.7622076574096202,-6.834773127691863,-0.4121957128892739,False,False,False,False,False,False,0.0035565294863503898,False,-0.04674366692114007,中性,6146.TWO,耕興,19507568640.0,16.827768,3.6522105,9.62,270643,Industrials,0.5848632347205737,2,v1,phase6a,2026-07-12,0,2,4,2,2,2,v1,233,0.6311605723370429,233,0.6311605723370429,235,0.6279809220985691,^TWII,yfinance,2y,2026-10-07,scan_20261008_175914,False,False
True,0,-1.2000001271565757,-1.616666793823242,True,False,觀察 (跌勢收斂),61.70000076293945,2026-10-07 00:00:00,62.770000267028806,-0.11499996185303019,False,False,0.6138557859826294,False,0.001238797354796281,67.41101166321208,0.0012973921527113061,0.0012949791348712686,-0.4731560757376574,-1.8352750668726547,-0.8581375070982,-0.4731560757376574,False,False,True,False,False,False,0.3014428563787889,False,-0.05076921903170073,中性,2612.TW,中航,12342788096.0,12.1595335,0.89093524,3.57,747026,Industrials,0.7670417812488188,1,v1,phase6a,2026-07-12,0,1,1,1,1,1,v1,342,0.4578696343402226,342,0.4578696343402226,342,0.4578696343402226,^TWII,yfinance,2y,2026-10-07,scan_20261008_175914,False,False
True,0,-3.1789143880092685e-07,-0.016667048136393227,True,False,觀察 (跌勢收斂),21.25,2026-10-07 00:00:00,21.28750009536743,-0.007499980926514382,True,False,0.6659407219109585,False,0.0004266522441476684,46.85009987795637,0.00044515016551666337,0.00045872167983857876,-0.4355091278513523,-1.9011873082277142,-4.643833770604589,-0.4355091278513523,False,False,False,False,False,False,0.0,False,-0.01847573328305807,中性,9905.TW,大華,6511750144.0,13.018293,0.760057,5.16,127792,Consumer Cyclical,0.817724037562856,1,v1,phase6a,2026-07-12,0,1,1,1,1,1,v1,427,0.32273449920508746,427,0.32273449920508746,427,0.32273449920508746,^TWII,yfinance,2y,2026-10-07,scan_20261008_175914,False,False
True,0,-0.09999974568684894,-0.14166641235351562,True,False,觀察 (跌勢收斂),21.649999618530273,2026-10-07 00:00:00,21.23499975204468,0.012500000000002842,False,True,6.9566089791823424,True,0.00043468333755492265,34.364051928529655,0.0004451590329689811,0.0004714046543456433,-0.24709821325672454,-1.9118983512953047,-5.856069256864693,-0.24709821325672454,False,False,False,False,False,False,0.07924107789195027,False,-0.06479481748238713,中性,3531.TWO,先益,1324438784.0,16.526718,0.7099757,2.35,5061,Technology,0.6840979564093548,1,v1,phase6a,2026-07-12,0,1,3,1,1,1,v1,362,0.4260731319554849,362,0.4260731319554849,362,0.4260731319554849,^TWII,yfinance,2y,2026-10-07,scan_20261008_175914,False,False
True,0,-0.9166666666666665,-0.08333333333333337,True,False,賣出 (動能轉弱),189.5,2026-10-07 00:00:00,189.4,0.22499999999999432,False,True,0.39993922943590854,False,0.0038047341301639137,75.48420104685813,0.00391832784804756,0.003730296140611274,-0.3042332353368593,-1.452669704543974,2.3735641646712047,-0.3042332353368593,False,True,True,False,False,False,0.6655119657206009,False,-0.02570694087403602,中性,6214.TW,精誠,52270669824.0,17.977528,2.84175,3.18,2380129,Technology,0.4866204528274209,0,v1,phase6a,2026-07-12,0,0,2,0,0,0,v1,560,0.11128775834658187,560,0.11128775834658187,560,0.11128775834658187,^TWII,yfinance,2y,2026-10-07,scan_20261008_175914,False,False
True,1,-0.025000254313151046,-0.024999936421712245,True,False,賣出 (動能轉弱),21.5,2026-10-07 00:00:00,21.402500057220458,0.01249999999999929,False,True,0.5490149573634985,False,0.0004316716823141116,39.66852250500306,0.00044720163673705565,0.0004567901988198075,-0.3642155935264735,-1.6984389929092236,-3.5627056516990163,-0.3642155935264735,False,False,False,False,False,False,0.0021408092593603843,False,-0.009216624696208542,中性,1323.TW,永裕,1966976128.0,17.103174,0.7425657,4.19,53603,Consumer Cyclical,0.7361133071766425,0,v1,phase6a,2026-07-12,0,0,2,0,0,0,v1,442,0.2988871224165342,442,0.2988871224165342,443,0.2972972972972973,^TWII,yfinance,2y,2026-10-07,scan_20261008_175914,False,False
False,0,0.6166674296061198,0.033334096272786495,False,True,強烈買入 (爆發),32.70000076293945,2026-10-07 00:00:00,31.15999984741211,0.05500001907348562,False,True,1.383419454364852,False,0.0006565425274888747,22.424985249746204,0.0006647779897453314,0.0007556152468185506,-0.13023322032830187,-2.2350548973753215,-13.153301428382512,-0.13023322032830187,False,False,False,False,False,False,0.13773080427148537,False,-0.19059407109197968,中性,6541.TW,泰福-KY,8996525056.0,nan,1.8118262,0.0,393489,Healthcare,0.37900458914019164,3,v1,phase6a,2026-07-12,0,3,5,3,3,3,v1,80,0.8744038155802861,80,0.8744038155802861,85,0.8664546899841018,^TWII,yfinance,2y,2026-10-07,scan_20261008_175914,False,False
True,1,-0.09166685740152994,-0.19166692097981772,True,False,觀察 (跌勢收斂),25.899999618530273,2026-10-07 00:00:00,25.87249994277954,-0.007499980926514382,True,True,1.0018459544607723,False,0.0005200137863844563,36.80611917069529,0.000540320678253788,0.0005579274035370181,-0.39405199970102833,-1.938845970981773,-4.370187078720944,-0.39405199970102833,False,False,False,False,False,False,0.02503437254982731,False,-0.013333347865513434,中性,5356.TWO,協益,2653280000.0,11.651584,0.6047156,7.72,79333,Technology,0.9049426286386074,1,v1,phase6a,2026-07-12,0,1,2,1,1,1,v1,380,0.397456279809221,380,0.397456279809221,380,0.397456279809221,^TWII,yfinance,2y,2026-10-07,scan_20261008_175914,False,False
True,0,-0.4333324432373047,-0.6249993642171223,True,False,觀察 (跌勢收斂),33.0,2026-10-07 00:00:00,34.33500003814697,-0.13500003814696981,False,False,2.3893827281631133,True,0.0006625658379704969,32.55880174326819,0.0007214773505764672,0.0007911250716744996,-0.8521910873056537,-3.535065662344239,-10.787249008114753,-0.8521910873056537,False,False,False,False,False,False,0.0,False,-0.1494845193584584,中性,3040.TW,遠見,2021553664.0,nan,1.4522634,0.0,197109,Technology,0.42037333275612626,1,v1,phase6a,2026-07-12,0,1,1,1,1,1,v1,355,0.43720190779014306,355,0.43720190779014306,355,0.43720190779014306,^TWII,yfinance,2y,2026-10-07,scan_20261008_175914,False,False
True,1,-0.05833307902018228,-0.10833295186360675,True,False,觀察 (跌勢收斂),17.25,2026-10-07 00:00:00,17.222500038146972,0.0024999618530259227,False,True,0.6645117587288498,False,0.0003463412334845779,39.46232596854535,0.00036028204292607726,0.00037697362233623166,-0.40565464206860913,-2.078188491741084,-5.212647819896821,-0.40565464206860913,False,False,False,False,False,False,0.02140636062061491,False,-0.06504068906869076,中性,9944.TW,新麗,1837505536.0,27.983871,0.5266513,1.74,35891,Consumer Cyclical,0.5941407967084179,1,v1,phase6a,2026-07-12,0,1,3,1,1,1,v1,436,0.30842607313195547,436,0.30842607313195547,436,0.30842607313195547,^TWII,yfinance,2y,2026-10-07,scan_20261008_175914,False,False
True,0,65.66666666666666,58.83333333333333,True,False,買入 (動能增強),839.0,2026-10-07 00:00:00,785.65,3.3999999999999773,False,True,1.4283500245084504,False,0.01684523448658324,446.97369593203814,0.01636244608572711,0.015423180212161956,0.3115558858297174,1.6340052536845562,10.266538776409174,0.3115558858297174,True,True,True,False,False,True,0.808380892457543,False,-0.015258215962441368,偏強 (RS上升),3026.TW,禾伸堂,145485807616.0,86.234024,14.081115,0.69,8687659,Technology,0.15408167706623602,2,v1,phase6a,2026-07-12,2,4,4,4,2,4,v1,171,0.7297297297297297,171,0.7297297297297297,42,0.9348171701112877,^TWII,yfinance,2y,2026-10-07,scan_20261008_175914,False,False
True,0,-0.13333352406819662,-0.15833346048990884,True,False,觀察 (跌勢收斂),31.350000381469727,2026-10-07 00:00:00,31.157500171661376,0.022500038146972656,False,True,0.7011270617517659,False,0.0006294375537310268,19.941729313079094,0.0006509272293618758,0.0006877180014645529,-0.3463117227075263,-2.5066059488222825,-4.2826969860116915,-0.3463117227075263,False,False,False,False,False,False,0.0710353636817678,False,-0.07658322011903873,中性,2941.TWO,米斯特,479398496.0,13.25532,1.3855529,7.27,1953,Consumer Cyclical,0.7718593515404875,1,v1,phase6a,2026-07-12,0,1,3,1,1,1,v1,354,0.43879173290937995,354,0.43879173290937995,354,0.43879173290937995,^TWII,yfinance,2y,2026-10-07,scan_20261008_175914,False,False
True,0,-0.04999987284342447,-0.04999955495198567,True,False,賣出 (動能轉弱),19.0,2026-10-07 00:00:00,19.16250009536743,-0.010000038146973367,True,False,1.193150370937715,False,0.00038147730064968,28.869055872274366,0.00040137552778349864,0.00042055559983957246,-0.5191339677413143,-2.3675241829805738,-6.125649553349877,-0.5191339677413143,False,False,False,False,False,False,0.0026955527098966024,False,-0.04282117708487376,中性,3512.TWO,皇龍,2148375040.0,9.84456,0.85856307,9.47,52890,Real Estate,0.9091316479986249,0,v1,phase6a,2026-07-12,0,0,0,0,0,0,v1,513,0.18600953895071543,513,0.18600953895071543,514,0.18441971383147854,^TWII,yfinance,2y,2026-10-07,scan_20261008_175914,False,False
True,0,7.833333333333333,6.25,True,False,買入 (動能增強),267.0,2026-10-07 00:00:00,256.175,0.375,False,True,1.9043368319382448,True,0.005360759961761293,74.48959819977881,0.005373622135666327,0.005474061098176156,-0.025189192107366587,-0.40126199955746733,-1.618726393223302,-0.025189192107366587,False,False,False,False,False,False,0.33260432428250947,False,-0.07321678262417053,中性,2428.TW,興勤,36127866880.0,20.099787,3.0591323,2.25,1338185,Technology,0.4224959030576982,2,v1,phase6a,2026-07-12,0,2,4,2,2,2,v1,152,0.7599364069952306,152,0.7599364069952306,159,0.7488076311605724,^TWII,yfinance,2y,2026-10-07,scan_20261008_175914,False,False
False,0,0.04166682561238606,-0.14999977747599283,False,True,強烈買入 (爆發),14.649999618530273,2026-10-07 00:00:00,13.987499904632568,0.034999990463255415,False,True,6.0052797100677555,True,0.00029413906889451424,34.682757117657395,0.0002925607249394968,0.0003054667602012122,0.056820980394789444,-1.4648160832742008,-3.8437207020529884,0.056820980394789444,True,False,False,False,False,True,0.23225723629910802,False,-0.003401373563511778,中性,9919.TW,康那香,3145340416.0,nan,1.6899338,0.0,485541,Consumer Defensive,0.3938156208051558,3,v1,phase6a,2026-07-12,0,3,5,3,3,3,v1,95,0.8505564387917329,95,0.8505564387917329,98,0.8457869634340223,^TWII,yfinance,2y,2026-10-07,scan_20261008_175914,False,False
True,1,0.8583335876464844,1.1000003814697263,True,False,觀望 (動能減弱),44.04999923706055,2026-10-07 00:00:00,44.8875,-0.037499999999994316,False,False,1.3477088948787062,False,0.0008844249896091747,33.53894819396712,0.0009362962692500547,0.0009471723316459119,-0.5797820621281535,-1.5235054992719488,-1.494180917129817,-0.5797820621281535,False,False,False,False,False,False,0.0016345254326250959,False,-0.04134932523029111,中性,6666.TW,羅麗芬-KY,2085072000.0,12.979351,1.1476864,4.54,32679,Consumer Defensive,0.7519664715354853,0,v1,phase6a,2026-07-12,0,0,0,0,0,0,v1,571,0.09379968203497616,571,0.09379968203497616,571,0.09379968203497616,^TWII,yfinance,2y,2026-10-07,scan_20261008_175914,False,False
True,1,-0.48333295186360675,-0.541666030883789,True,False,觀察 (跌勢收斂),26.5,2026-10-07 00:00:00,27.292500019073486,-0.06750001907348491,False,False,0.9265693768820941,False,0.0005320604456429748,42.555120451259505,0.0005690898237782732,0.0005973601257319441,-0.6802640958514794,-2.0248616976023093,-4.802531352677375,-0.6802640958514794,False,False,False,False,False,False,0.06038084752012833,False,-0.1166666666666667,中性,5543.TWO,桓鼎-KY,1242315520.0,22.166666,2.4876087,0.0,20313,Industrials,0.3048814660884038,1,v1,phase6a,2026-07-12,0,1,1,1,1,1,v1,385,0.38950715421303655,385,0.38950715421303655,385,0.38950715421303655,^TWII,yfinance,2y,2026-10-07,scan_20261008_175914,False,False
True,0,-0.6083329518636067,-0.48333295186360675,True,False,賣出 (動能轉弱),45.79999923706055,2026-10-07 00:00:00,46.15749969482422,-0.01000003814697692,False,False,0.8695679179127885,False,0.0009195610567742768,46.36992180382687,0.0009664351618072131,0.0010015344765265525,-0.5079547428937681,-2.242568993688987,-6.167543485496441,-0.5079547428937681,False,False,False,False,False,False,0.0,False,-0.07099391590596471,中性,4120.TWO,友華,3990366720.0,nan,0.7631688,8.73,41856,Healthcare,0.7927548137527842,1,v1,phase6a,2026-07-12,0,1,1,1,1,1,v1,366,0.41971383147853736,366,0.41971383147853736,366,0.41971383147853736,^TWII,yfinance,2y,2026-10-07,scan_20261008_175914,True,False
True,0,0.2833321889241536,0.09166590372721355,True,False,買入 (動能增強),33.0,2026-10-07 00:00:00,32.63750019073486,0.004999923706051845,False,True,2.139924740492973,True,0.0006625658379704969,28.040563226362494,0.0006840940546007883,0.000728826036278644,-0.3301660153915864,-1.6751049078012503,-4.942207500888629,-0.3301660153915864,False,False,False,False,False,False,0.0,False,-0.05308460703362339,中性,6722.TW,輝創,2930460160.0,14.932433,1.1492859,6.06,31510,Consumer Cyclical,0.7601877554108332,2,v1,phase6a,2026-07-12,0,2,4,2,2,2,v1,263,0.5834658187599364,263,0.5834658187599364,265,0.5802861685214626,^TWII,yfinance,2y,2026-10-07,scan_20261008_175914,False,False
True,0,0.016666889190673828,0.03333346048990886,True,False,觀望 (動能減弱),12.800000190734863,2026-10-07 00:00:00,12.972500038146972,-0.004999971389771929,True,False,0.7477175415146915,False,0.0002569952379514171,25.15592908277949,0.00027189063432733827,0.0002910198371384098,-0.573372579292486,-2.1435315381613584,-6.091300676787991,-0.573372579292486,False,False,False,False,False,False,0.0,False,-0.11111107431811951,中性,8929.TWO,富堡,644906496.0,36.428574,0.8001757,0.0,16712,Consumer Defensive,0.4264021779540333,0,v1,phase6a,2026-07-12,0,0,0,0,0,0,v1,625,0.00794912559618442,625,0.00794912559618442,625,0.00794912559618442,^TWII,yfinance,2y,2026-10-07,scan_20261008_175914,False,False
True,0,-0.051666895548502595,-0.04666694005330403,True,False,賣出 (動能轉弱),9.890000343322754,2026-10-07 00:00:00,9.94549994468689,-0.001999998092649946,True,False,1.091587834743004,False,0.00019856898075764067,38.4767906510868,0.00020774900251047291,0.0002164894934812228,-0.4629837793005409,-2.1185467346336417,-4.619142535423137,-0.4629837793005409,False,False,False,False,False,False,0.009108368206464905,False,-0.01592038252492911,中性,1217.TW,愛之味,4920408064.0,15.075757,0.64061296,2.53,412774,Consumer Defensive,0.7170946499090413,0,v1,phase6a,2026-07-12,0,0,0,0,0,0,v1,440,0.302066772655008,440,0.302066772655008,441,0.3004769475357711,^TWII,yfinance,2y,2026-10-07,scan_20261008_175914,False,False
True,1,0.03333346048990885,0.008333365122477213,True,False,買入 (動能增強),15.0,2026-10-07 00:00:00,14.989999961853027,-0.00250000953674423,False,True,0.5346120718024145,False,0.0003011662899865895,40.110012241342986,0.00031365936446884257,0.00032809526847024374,-0.41751341305373835,-1.96277498977514,-4.732767606644838,-0.41751341305373835,False,False,False,False,False,False,0.005703647036051627,False,-0.019607855359147774,中性,1432.TW,大魯閣,1617524992.0,2.9469547,1.2209018,13.33,102915,Consumer Cyclical,0.904763333632102,2,v1,phase6a,2026-07-12,0,2,3,2,2,2,v1,109,0.8282988871224165,109,0.8282988871224165,117,0.8155802861685215,^TWII,yfinance,2y,2026-10-07,scan_20261008_175914,False,False
True,1,-0.1333338419596354,-0.1333338419596354,True,False,賣出 (動能轉弱),51.099998474121094,2026-10-07 00:00:00,51.26000003814697,-0.0350000381469755,False,False,1.2503989996808003,False,0.001025973130584762,48.875817163155666,0.0010719862700457983,0.0011148957433921739,-0.4497914667097258,-2.0285634367134042,-4.847233069041501,-0.4497914667097258,False,False,False,False,False,False,0.0,False,-0.015414316536366712,中性,1730.TW,花仙子,3243904256.0,10.754717,1.599227,5.87,32760,Consumer Defensive,0.7641155017888578,0,v1,phase6a,2026-07-12,0,0,0,0,0,0,v1,455,0.27821939586645467,455,0.27821939586645467,456,0.2766295707472178,^TWII,yfinance,2y,2026-10-07,scan_20261008_175914,False,False
True,0,0.2749993006388346,0.2583325703938802,True,False,買入 (動能增強),17.850000381469727,2026-10-07 00:00:00,17.757500076293944,0.0025000572204589844,False,True,0.7151851216902441,False,0.0003583878927430963,40.72185323329796,0.0003732886028311738,0.0003914678246576404,-0.41842499567908975,-1.4711852551403615,-5.554647231998122,-0.41842499567908975,False,False,False,False,False,False,0.0,False,-0.04032257981818044,中性,9928.TW,中視,1258897536.0,nan,0.6039835,0.0,45555,Communication Services,0.5305197406553431,2,v1,phase6a,2026-07-12,0,2,4,2,2,2,v1,303,0.519872813990461,303,0.519872813990461,303,0.519872813990461,^TWII,yfinance,2y,2026-10-07,scan_20261008_175914,False,False
True,1,-0.06666564941406253,0.06666692097981763,True,False,賣出 (動能轉弱),97.0,2026-10-07 00:00:00,97.50499954223633,-0.040000152587879256,True,False,0.9415555133703419,False,0.0019475420085799452,72.1716952122308,0.0020427086206950156,0.002171625666034543,-0.4880114219994902,-2.000208714736762,-5.3769378745536,-0.4880114219994902,False,False,False,False,False,False,0.0,False,-0.09345794392523366,中性,6215.TW,和椿,7724278784.0,28.018019,4.6108227,1.02,848800,Industrials,0.29182805589877386,1,v1,phase6a,2026-07-12,0,1,1,1,1,1,v1,395,0.37360890302066774,395,0.37360890302066774,395,0.37360890302066774,^TWII,yfinance,2y,2026-10-07,scan_20261008_175914,True,False
True,0,0.24166742960611978,0.02500089009602864,True,False,買入 (動能增強),44.5,2026-10-07 00:00:00,44.16250038146973,-0.02499999999999858,False,True,0.7589171566278605,False,0.0008934599936268821,41.45963338208215,0.000926337463459177,0.000980314885437425,-0.37220830422508566,-2.0093004315826946,-6.144050893668629,-0.37220830422508566,False,False,False,False,False,False,0.03557683358201735,False,-0.05218318899098695,中性,5706.TW,鳳凰,3702542080.0,11.450778,2.1641207,10.2,123770,Consumer Cyclical,0.7368656890600134,2,v1,phase6a,2026-07-12,0,2,3,2,2,2,v1,227,0.6406995230524642,227,0.6406995230524642,230,0.6359300476947536,^TWII,yfinance,2y,2026-10-07,scan_20261008_175914,False,False
True,1,0.016666730244954426,-0.10000006357828775,True,False,買入 (動能增強),28.5,2026-10-07 00:00:00,28.530000114440917,0.0,False,False,0.0,False,0.00057221595097452,39.15490396400713,0.0005976716416642967,0.0006235647736856472,-0.44632982189790615,-2.0136003934625113,-5.665979056183423,-0.44632982189790615,False,False,False,False,False,False,0.001163805724616903,False,-0.04201680672268904,中性,6662.TWO,樂斯科,729942016.0,17.924528,1.7077117,5.44,5299,Healthcare,0.6360925094406226,4,v1,phase6a,2026-07-12,0,4,4,4,4,4,v1,28,0.9570747217806042,28,0.9570747217806042,31,0.9523052464228935,^TWII,yfinance,2y,2026-10-07,scan_20261008_175914,False,True
True,2,-0.07166671752929688,-0.07666667302449542,True,False,觀察 (跌勢收斂),8.0,2026-10-07 00:00:00,8.050500059127808,-0.001499986648559215,True,False,1.2442625670519274,False,0.00016062202132618105,12.29065096769403,0.00016901304045566925,0.0001854410516883938,-0.5198848605120432,-2.5083104701456915,-7.796218595674265,-0.5198848605120432,False,False,False,False,False,False,0.0008521307602817618,False,-0.12184409423810061,中性,2726.TWO,雅茗-KY,300761856.0,nan,0.86158496,0.0,33605,Consumer Cyclical,0.5000464686090373,1,v1,phase6a,2026-07-12,0,1,1,1,1,1,v1,350,0.4451510333863275,350,0.4451510333863275,350,0.4451510333863275,^TWII,yfinance,2y,2026-10-07,scan_20261008_175914,False,False
True,1,0.6916656494140625,0.7583325703938801,True,False,觀望 (動能減弱),42.29999923706055,2026-10-07 00:00:00,42.16750030517578,0.02499999999999858,False,True,0.35702346293285037,False,0.0008492889224440726,34.39186413431391,0.0008819292863424052,0.0008974791599507407,-0.3880690264357556,-1.348869234695682,-2.47810999542305,-0.3880690264357556,False,False,False,False,False,False,0.02709760996191622,False,-0.030927886406097338,中性,6771.TW,平和環保-創,1304079360.0,16.679688,1.6060481,7.56,35293,Industrials,0.7008639735733885,0,v1,phase6a,2026-07-12,0,0,2,0,0,0,v1,578,0.08267090620031796,578,0.08267090620031796,578,0.08267090620031796,^TWII,yfinance,2y,2026-10-07,scan_20261008_175914,False,False
True,0,6.017576853434244,3.139199574788411,True,False,買入 (動能增強),126.0,2026-10-07 00:00:00,114.34078330993653,0.22500000000000853,False,True,3.13470456404684,True,0.0025297968358873515,169.66409636048533,0.0024028245424264987,0.002533759745542244,0.5593527389715414,1.032182508062407,0.3880142697062938,0.5593527389715414,True,False,False,False,False,True,0.2987915001033717,False,-0.17105263157894735,偏強 (RS上升),8042.TWO,金山電,18337800192.0,37.73842,3.9366722,1.02,5411008,Technology,0.2774644036986963,2,v1,phase6a,2026-07-12,1,3,4,3,2,3,v1,285,0.548489666136725,285,0.548489666136725,104,0.8362480127186009,^TWII,yfinance,2y,2026-10-07,scan_20261008_175914,False,False
True,0,0.3500000635782877,0.3250001271565755,True,False,買入 (動能增強),13.25,2026-10-07 00:00:00,12.865000009536743,0.037499999999999645,False,True,0.8006274547015365,False,0.0002660302228214874,41.34235881387044,0.0002720173570456467,0.00029091784380832954,-0.23114991566887122,-1.6294889840954618,-7.3750494537325295,-0.23114991566887122,False,False,False,False,False,False,0.03644484058008225,False,-0.21364986943434827,中性,8421.TWO,旭源,940844800.0,31.309525,0.9642883,0.0,388898,Industrials,0.4185176097741947,2,v1,phase6a,2026-07-12,0,2,4,2,2,2,v1,292,0.5373608903020668,292,0.5373608903020668,292,0.5373608903020668,^TWII,yfinance,2y,2026-10-07,scan_20261008_175914,False,False
True,0,-3.5,-4.083333333333333,True,False,觀察 (跌勢收斂),265.0,2026-10-07 00:00:00,273.4,-0.625,False,False,0.5874349608234131,False,0.005320604456429748,126.01160979483875,0.005672830069410813,0.005729985012731723,-0.6493342866516594,-2.443399997030804,-3.324800364153113,-0.6493342866516594,False,False,False,False,False,False,0.4161021116536222,False,-0.05861456483126115,中性,4967.TW,十銓,26563643392.0,4.529412,2.3395112,3.25,3611831,Technology,0.6679075019533053,1,v1,phase6a,2026-07-12,0,1,1,1,1,1,v1,374,0.4069952305246423,374,0.4069952305246423,374,0.4069952305246423,^TWII,yfinance,2y,2026-10-07,scan_20261008_175914,False,False
True,1,-0.9166666666666667,-1.0,True,False,觀察 (跌勢收斂),131.0,2026-10-07 00:00:00,132.9,-0.32499999999998863,True,False,0.4387747406448174,False,0.0026301855992162146,52.396619579561936,0.0027902019362447197,0.0029462095342419115,-0.6000552318462193,-2.7032990642733012,-8.450502544763106,-0.6000552318462193,False,False,False,False,False,False,0.0009928383577888986,False,-0.1635526634356027,中性,6753.TW,龍德造船,15360405504.0,12.9064045,2.887625,0.95,2005951,Industrials,0.4714894749780185,2,v1,phase6a,2026-07-12,0,2,2,2,2,2,v1,267,0.5771065182829889,267,0.5771065182829889,268,0.575516693163752,^TWII,yfinance,2y,2026-10-07,scan_20261008_175914,True,False
True,0,0.3083332379659017,0.266666571299235,True,False,買入 (動能增強),10.850000381469727,2026-10-07 00:00:00,10.980000066757203,-0.017499971389769442,True,False,0.7752550072399036,False,0.00021784362408268788,7.103354094489938,0.00023193712043073167,0.00025939818331112267,-0.63555900238218,-2.1764536044579397,-8.302920798385072,-0.63555900238218,False,False,False,False,False,False,0.0,False,-0.19029845594430195,中性,2314.TW,台揚,1183696384.0,nan,40.520447,0.0,119647,Technology,0.2126784059600758,2,v1,phase6a,2026-07-12,0,2,2,2,2,2,v1,142,0.7758346581875993,142,0.7758346581875993,149,0.7647058823529411,^TWII,yfinance,2y,2026-10-07,scan_20261008_175914,False,False
True,0,3.0,3.083333333333333,True,False,觀望 (動能減弱),129.5,2026-10-08 00:00:00,128.8,-0.04999999999998295,True,True,1.362698600244431,False,0.0026000689702175557,60.85935402621082,0.0027393891047143184,0.0028891105140519983,-0.5324977390112395,-2.4013452184580397,-13.294331218475609,-0.5324977390112395,False,False,False,False,False,False,0.0008448520773940895,False,-0.21987951807228912,中性,6913.TWO,鴻呈,nan,nan,3.2413898,nan,446361,nan,0.41385767790262173,0,v1,phase6a,2026-07-12,0,0,1,0,0,0,v1,589,0.06518282988871224,589,0.06518282988871224,589,0.06518282988871224,^TWII,yfinance,2y,2026-10-07,scan_20261008_175914,False,False
True,0,-0.26666673024495446,0.05000019073486327,True,False,賣出 (動能轉弱),22.549999237060547,2026-10-07 00:00:00,24.32999982833862,-0.027500057220461116,False,False,0.2091540993494132,False,0.0004527533072950632,22.800404320941592,0.0004977747352044709,0.0005009584817375088,-0.9430780536969219,-1.8369913682549588,5.6348005900200615,-0.9430780536969219,False,False,False,False,False,False,0.13968955619744125,False,-0.1360153675296335,中性,6441.TWO,廣錠,1191657344.0,nan,1.3512696,0.0,217395,Technology,0.433481946988336,1,v1,phase6a,2026-07-12,0,1,1,1,1,1,v1,400,0.3656597774244833,400,0.3656597774244833,400,0.3656597774244833,^TWII,yfinance,2y,2026-10-07,scan_20261008_175914,True,False
True,1,-0.2583338419596354,-0.22500038146972653,True,False,賣出 (動能轉弱),41.099998474121094,2026-10-07 00:00:00,41.50249977111817,-0.03250007629394247,False,False,0.8937044401823627,False,0.0008251956039270359,26.35213766570575,0.0008671289385138458,0.0009069717911999741,-0.5064621427392613,-2.198627409456788,-4.925963900810093,-0.5064621427392613,False,False,False,False,False,False,0.0,False,-0.05623074038474429,中性,6968.TWO,萬達寵物,2083018368.0,16.454184,1.5802563,3.16,50831,Consumer Defensive,0.6018855890736524,0,v1,phase6a,2026-07-12,0,0,0,0,0,0,v1,594,0.057233704292527825,594,0.057233704292527825,594,0.057233704292527825,^TWII,yfinance,2y,2026-10-07,scan_20261008_175914,False,False
True,0,0.3999999364217122,0.2666667302449544,True,False,買入 (動能增強),24.299999237060547,2026-10-07 00:00:00,24.11000003814697,-0.010000038146973367,False,True,0.18925713420538814,False,0.0004878893744601653,55.40607762158683,0.0005046205678658878,0.0005132393219288302,-0.34779655205416926,-1.3521468177089213,-3.4520822321216893,-0.34779655205416926,False,False,False,False,False,False,0.0776891254282752,False,-0.022132842493608473,中性,1470.TW,大統新創,2075561472.0,18.759691,2.0586984,2.67,12986,Consumer Cyclical,0.5080896120519256,2,v1,phase6a,2026-07-12,0,2,3,2,2,2,v1,118,0.8139904610492846,118,0.8139904610492846,126,0.8012718600953895,^TWII,yfinance,2y,2026-10-07,scan_20261008_175914,False,False
False,0,0.24166647593180338,0.0666662851969401,False,True,強烈買入 (爆發),17.100000381469727,2026-10-07 00:00:00,16.002499914169313,0.055000019073487394,False,True,12.440183628368201,True,0.0003433295782437668,36.32589123600155,0.00033715070752712563,0.0003551334671556384,0.1932858436370033,-1.5753696117136506,-6.150609301430265,0.1932858436370033,True,False,False,False,False,True,0.270644025111268,False,-0.03622843471326653,中性,3373.TWO,熱映,880947520.0,nan,1.1193126,0.63,136654,Healthcare,0.5366606403494577,3,v1,phase6a,2026-07-12,0,3,5,3,3,3,v1,62,0.9030206677265501,62,0.9030206677265501,69,0.8918918918918919,^TWII,yfinance,2y,2026-10-07,scan_20261008_175914,False,False
True,0,3.333333333333333,2.833333333333333,True,False,買入 (動能增強),168.0,2026-10-07 00:00:00,165.85,0.04999999999998295,False,True,1.686325589373414,True,0.003373062447849802,49.397969400503925,0.003475190729387167,0.0035786818847301735,-0.30839148437312724,-1.5695113711994502,-3.692523835379191,-0.30839148437312724,False,False,False,False,False,False,0.05971435010012971,False,-0.01754385964912286,中性,1513.TW,中興電,82510356480.0,18.806307,3.9625103,3.57,2734837,Industrials,0.4555035701156247,4,v1,phase6a,2026-07-12,0,4,6,4,4,4,v1,11,0.9841017488076311,11,0.9841017488076311,15,0.9777424483306836,^TWII,yfinance,2y,2026-10-07,scan_20261008_175914,False,True
True,0,0.21666717529296875,0.18333371480305988,True,False,買入 (動能增強),19.200000762939453,2026-10-07 00:00:00,19.160000228881835,-0.02999992370605753,False,True,0.24762128800212957,False,0.00038549286650094416,26.464733350732804,0.0004037260054339963,0.0004307300947204384,-0.47314189560107023,-2.250430993314767,-8.112662957206684,-0.47314189560107023,False,False,False,False,False,False,0.028653832172597458,False,-0.07021786355335635,中性,6128.TW,上福,2443329280.0,nan,0.86682963,2.58,70380,Industrials,0.644585058512654,2,v1,phase6a,2026-07-12,0,2,3,2,2,2,v1,231,0.6343402225755167,231,0.6343402225755167,234,0.629570747217806,^TWII,yfinance,2y,2026-10-07,scan_20261008_175914,False,False
True,0,0.266667366027832,0.22500038146972656,True,False,買入 (動能增強),30.950000762939453,2026-10-07 00:00:00,30.705000114440917,-0.022499942779543147,False,True,0.42184210797427185,False,0.0006214064603237726,48.03453969435985,0.000643173038601843,0.0006622257329695952,-0.354972214178928,-1.6962331923746965,-4.4201928448441175,-0.354972214178928,False,False,False,False,False,False,0.04837146302158722,False,-0.015898250806696268,中性,2008.TW,高興昌,5830537216.0,47.734375,1.4146137,3.23,22431,Basic Materials,0.4874653566639607,2,v1,phase6a,2026-07-12,0,2,3,2,2,2,v1,135,0.7869634340222575,135,0.7869634340222575,143,0.7742448330683624,^TWII,yfinance,2y,2026-10-07,scan_20261008_175914,False,False
True,0,-0.22500038146972656,-0.09166717529296872,True,False,賣出 (動能轉弱),47.75,2026-10-07 00:00:00,46.75750026702881,0.13999996185302876,False,True,1.2281498672466957,False,0.0009587126897906431,96.37657647606167,0.000968010427214909,0.0009255706424398421,-0.10100311404653839,-1.790619028360274,2.2897887129346817,-0.10100311404653839,False,True,True,False,False,False,0.6778726900939969,False,-0.008307404220203818,中性,2851.TW,中再保,38378639360.0,13.136986,1.4589546,4.61,2936732,Financial Services,0.7069655940015039,0,v1,phase6a,2026-07-12,0,0,2,0,0,0,v1,493,0.2178060413354531,493,0.2178060413354531,494,0.21621621621621623,^TWII,yfinance,2y,2026-10-07,scan_20261008_175914,False,False
True,0,0.24166663487752277,0.16666666666666666,True,False,買入 (動能增強),12.800000190734863,2026-10-07 00:00:00,12.342500162124633,0.03250002861022949,False,True,4.451425230474483,True,0.0002569952379514171,34.795911628703536,0.0002591994939825973,0.0002737972661911351,-0.08943668441517838,-1.548928370312752,-4.31479456786017,-0.08943668441517838,False,False,False,False,False,False,0.14921808155276534,False,-0.07246376711439373,中性,1449.TW,佳和,1677912320.0,nan,0.6864631,0.0,358217,Consumer Cyclical,0.5223481369781214,2,v1,phase6a,2026-07-12,0,2,4,2,2,2,v1,113,0.821939586645469,113,0.821939586645469,121,0.809220985691574,^TWII,yfinance,2y,2026-10-07,scan_20261008_175914,False,False
True,2,-0.058333396911621094,-0.058333396911621094,True,False,賣出 (動能轉弱),30.350000381469727,2026-10-07 00:00:00,30.33250036239624,0.0,False,True,0.12723455690565558,False,0.0006093598010652541,45.18870038769922,0.0006340971779087126,0.0006609795208967354,-0.4089728059550435,-2.0099831420729575,-4.476758112249235,-0.4089728059550435,False,False,False,False,False,False,0.021128950965111172,False,-0.0016447117660511879,中性,5523.TWO,豐謙,4704280064.0,nan,1.6555749,1.65,22877,Real Estate,0.5080595121156805,0,v1,phase6a,2026-07-12,0,0,1,0,0,0,v1,548,0.13036565977742448,548,0.13036565977742448,549,0.1287758346581876,^TWII,yfinance,2y,2026-10-07,scan_20261008_175914,False,False
True,0,-0.425000508626302,-0.4666671752929687,True,False,觀察 (跌勢收斂),44.25,2026-10-07 00:00:00,44.685000038146974,-0.0274999618530245,True,False,0.2715140983695578,False,0.0008884405554604389,37.55030045440027,0.0009321785450411737,0.0009813898947442449,-0.49146933116939184,-2.3873031732386973,-4.8746411483093555,-0.49146933116939184,False,False,False,False,False,False,0.020139447281369762,False,-0.046336238258090856,中性,6201.TW,亞弘電,3938180096.0,13.753895,1.4630349,7.05,32673,Consumer Cyclical,0.7499858568008632,1,v1,phase6a,2026-07-12,0,1,1,1,1,1,v1,393,0.3767885532591415,393,0.3767885532591415,393,0.3767885532591415,^TWII,yfinance,2y,2026-10-07,scan_20261008_175914,False,False
True,0,5.249999999999999,3.0,True,False,買入 (動能增強),171.5,2026-10-07 00:00:00,165.35,0.0,False,True,0.8019597369100951,False,0.003443334582180006,88.22205666360695,0.003454230133420441,0.003407813743196536,-0.033191750695671374,-0.43033128261622533,-0.31653051549190847,-0.033191750695671374,False,True,True,False,False,False,0.5457721965949334,False,-0.04456824512534818,中性,2421.TW,建準,48054718464.0,17.536535,4.5668306,3.06,3229766,Industrials,0.4394669776326532,2,v1,phase6a,2026-07-12,0,2,3,2,2,2,v1,149,0.7647058823529411,149,0.7647058823529411,156,0.753577106518283,^TWII,yfinance,2y,2026-10-07,scan_20261008_175914,False,False
True,1,0.349999745686849,0.2999998728434245,True,False,買入 (動能增強),59.79999923706055,2026-10-07 00:00:00,59.85999984741211,-0.020000076293939628,True,False,1.493930141370814,False,0.0012006495940950937,42.516775537203735,0.0012536709907174496,0.0013221212598380717,-0.4432154009479605,-1.8597811982959511,-5.034055482814759,-0.4432154009479605,False,False,False,False,False,False,0.0012559417284792897,False,-0.0454067516650809,中性,6203.TWO,海韻電,4935842304.0,9.145039,1.6770257,6.69,81438,Technology,0.7892989365936245,2,v1,phase6a,2026-07-12,0,2,2,2,2,2,v1,239,0.6216216216216216,239,0.6216216216216216,241,0.6184419713831478,^TWII,yfinance,2y,2026-10-07,scan_20261008_175914,False,False
True,0,-0.04166666666666668,-0.15833346048990884,True,False,觀察 (跌勢收斂),34.54999923706055,2026-10-07 00:00:00,35.05499973297119,-0.05000000000000426,False,False,0.4178094588385983,False,0.0006936863392843348,38.70273910880663,0.0007329993909181482,0.0007768959329614018,-0.5613898847152354,-2.2767677613147685,-5.649931130216313,-0.5613898847152354,False,False,False,False,False,False,0.0,False,-0.06873313590132046,中性,1423.TW,利華,3462768128.0,10.56231,1.0137402,10.42,18079,Consumer Cyclical,0.8813702740724141,1,v1,phase6a,2026-07-12,0,1,1,1,1,1,v1,312,0.505564387917329,312,0.505564387917329,312,0.505564387917329,^TWII,yfinance,2y,2026-10-07,scan_20261008_175914,False,False
True,0,-0.04166793823242187,-0.06666755676269531,True,False,觀察 (跌勢收斂),38.75,2026-10-07 00:00:00,37.822500228881836,0.03250007629394247,False,True,2.8220533898457503,True,0.0007780129157986895,49.27718088085252,0.0007916773370113688,0.0008301734777719846,-0.18135564998132958,-1.8757075096015652,-4.052094865090572,-0.18135564998132958,False,False,False,False,False,False,0.1812807968314096,False,-0.03846152025817262,中性,6101.TWO,寬魚國際,4513577472.0,29.612404,3.2505107,0.0,294905,Technology,0.23090197076059385,1,v1,phase6a,2026-07-12,0,1,3,1,1,1,v1,390,0.3815580286168522,390,0.3815580286168522,390,0.3815580286168522,^TWII,yfinance,2y,2026-10-07,scan_20261008_175914,False,False
True,0,0.21666685740152994,0.04166682561238606,True,False,買入 (動能增強),14.75,2026-10-07 00:00:00,14.287499952316285,0.040000009536743875,False,True,1.7010144443197495,True,0.00029614685182014633,38.923715371287386,0.00029839841072885816,0.0003063950479738064,-0.07936305859287396,-1.2390074544321616,-2.1799926659568425,-0.07936305859287396,False,False,False,False,False,False,0.19283377460806883,False,-0.0063215351987711,中性,1308.TW,亞聚,8638960640.0,nan,0.80231595,1.39,1841796,Basic Materials,0.6075141029222141,4,v1,phase6a,2026-07-12,0,4,6,4,4,4,v1,8,0.9888712241653418,8,0.9888712241653418,12,0.9825119236883942,^TWII,yfinance,2y,2026-10-07,scan_20261008_175914,False,True
True,0,-0.5666667620340983,-0.4500002861022949,True,False,賣出 (動能轉弱),13.600000381469727,2026-10-07 00:00:00,14.050000047683715,-0.027499961853028054,True,False,0.09680198672140287,False,0.0002730574439135626,20.046132079004686,0.00029472668127589224,0.00032334133065131334,-0.7679843687706467,-3.519186145478881,-10.890744477982551,-0.7679843687706467,False,False,False,False,False,False,0.046564622544939746,False,-0.20234598298935802,中性,4402.TWO,郡都開發,907691008.0,nan,1.581941,0.0,24530,Consumer Cyclical,0.40777544375374286,0,v1,phase6a,2026-07-12,0,0,0,0,0,0,v1,524,0.1685214626391097,524,0.1685214626391097,525,0.1669316375198728,^TWII,yfinance,2y,2026-10-07,scan_20261008_175914,False,False
False,0,-0.18333371480305988,-0.11666679382324217,False,True,強烈賣出 (跌破),18.899999618530273,2026-10-07 00:00:00,19.325000095367432,-0.03000001907348704,True,False,0.9553871497836889,False,0.00037946951772404794,21.845070665153848,0.0004034705823867896,0.0004290101533116094,-0.6222774541381537,-2.668982632813355,-5.623078299542705,-0.6222774541381537,False,False,False,False,False,False,0.0011204627045109268,False,-0.14776990007561586,中性,1540.TW,喬福,1619732352.0,15.532787,1.1451535,5.29,198901,Industrials,0.732541425288891,0,v1,phase6a,2026-07-12,0,0,0,0,0,0,v1,449,0.287758346581876,449,0.287758346581876,450,0.2861685214626391,^TWII,yfinance,2y,2026-10-07,scan_20261008_175914,False,False
True,1,0.06333343187967935,0.05666677157084147,True,False,買入 (動能增強),4.539999961853027,2026-10-07 00:00:00,4.523499965667725,-0.004999995231628418,False,True,1.0568032565583105,False,9.115299633670227e-05,22.699295419896,9.496082804352486e-05,0.00010071413547720718,-0.42032030691839806,-1.5713557733569417,-5.349630828137519,-0.42032030691839806,False,False,False,False,False,False,0.009079994596983183,False,-0.056133052835441344,中性,8933.TWO,愛地雅,1453923200.0,nan,0.9478167,0.0,107720,Consumer Cyclical,0.48761882134992945,2,v1,phase6a,2026-07-12,0,2,3,2,2,2,v1,298,0.5278219395866455,298,0.5278219395866455,298,0.5278219395866455,^TWII,yfinance,2y,2026-10-07,scan_20261008_175914,False,False
True,0,0.7500012715657551,0.5500011444091796,True,False,買入 (動能增強),52.400001525878906,2026-10-07 00:00:00,52.25500049591064,-0.02999992370605753,True,True,0.8455666470933646,False,0.0010520742703227053,45.631048868050726,0.0010974006717081547,0.001159508358705534,-0.4328907557594408,-1.92324305510726,-5.913810648652507,-0.4328907557594408,False,False,False,False,False,False,0.017639549815469415,False,-0.05415162305724153,中性,6776.TW,展�眥篕�,4853815808.0,11.496746,1.7531092,5.73,119634,Technology,0.7313386909457581,2,v1,phase6a,2026-07-12,0,2,3,2,2,2,v1,268,0.575516693163752,268,0.575516693163752,269,0.5739268680445151,^TWII,yfinance,2y,2026-10-07,scan_20261008_175914,False,False
True,0,0.05000050862630209,0.18333371480305993,True,False,觀望 (動能減弱),42.650001525878906,2026-10-07 00:00:00,42.944999885559085,-0.04749984741210511,True,False,0.4905655482905866,False,0.000856316181831422,37.10993356792734,0.0008986285405116128,0.0009335214327789697,-0.4931922195140048,-2.1627189943087655,-5.101823705231845,-0.4931922195140048,False,False,False,False,False,False,0.0014392798597266706,False,-0.02514282226562503,中性,6123.TWO,上奇,2570952448.0,12.878788,1.6254256,24.38,40455,Technology,0.7708192015090368,2,v1,phase6a,2026-07-12,0,2,2,2,2,2,v1,230,0.6359300476947536,230,0.6359300476947536,233,0.6311605723370429,^TWII,yfinance,2y,2026-10-07,scan_20261008_175914,False,True
True,0,0.15833346048990887,0.12499999999999999,True,False,買入 (動能增強),10.300000190734863,2026-10-07 00:00:00,10.39500002861023,-0.02499999999999858,True,False,0.8326086629281008,False,0.0002068008562869855,29.501923221126876,0.00021928167824992605,0.00024113445174774037,-0.595556589675228,-2.5357065214988372,-9.386014190670554,-0.595556589675228,False,False,False,False,False,False,0.001112301621929195,False,-0.15226333217113264,中性,2349.TW,錸德,7179585024.0,nan,1.2795155,0.0,1772467,Technology,0.44420717681468935,2,v1,phase6a,2026-07-12,0,2,2,2,2,2,v1,145,0.7710651828298887,145,0.7710651828298887,152,0.7599364069952306,^TWII,yfinance,2y,2026-10-07,scan_20261008_175914,False,False
True,0,2.466665267944336,3.4499994913736978,True,False,觀望 (動能減弱),64.0,2026-10-07 00:00:00,63.10000019073486,-0.16500015258789347,True,True,0.6058671482487012,False,0.0012849761706094484,49.73635637005931,0.0013010885777440496,0.0012521941605269753,-0.1301859746772327,-0.7313002932708756,9.994804047013805,-0.1301859746772327,False,True,True,False,False,False,0.6003546965723109,False,-0.06976748312273762,中性,8431.TWO,匯鑽科,2907228416.0,nan,3.8070903,0.0,1286996,Basic Materials,0.2760083344585436,0,v1,phase6a,2026-07-12,0,0,1,0,0,0,v1,614,0.025437201907790145,614,0.025437201907790145,614,0.025437201907790145,^TWII,yfinance,2y,2026-10-07,scan_20261008_175914,False,False
True,1,0.21666653951009113,0.26666641235351557,True,False,觀望 (動能減弱),24.100000381469727,2026-10-07 00:00:00,24.112499809265138,0.00500001907348846,False,False,0.3433981001809261,False,0.0004838738469041752,47.71091624904907,0.0005045333193648625,0.0005297342369855672,-0.42917840427777465,-1.667088620383439,-3.9180118064141567,-0.42917840427777465,False,False,False,False,False,False,0.0016900932964845912,False,-0.06589143045976709,中性,9949.TWO,琉園,1081144448.0,3.957307,2.164541,9.13,51075,Consumer Defensive,0.7931982691751628,1,v1,phase6a,2026-07-12,0,1,2,1,1,1,v1,437,0.3068362480127186,437,0.3068362480127186,437,0.3068362480127186,^TWII,yfinance,2y,2026-10-07,scan_20261008_175914,True,False
True,0,2.233332316080729,1.783331553141276,True,False,買入 (動能增強),97.9000015258789,2026-10-07 00:00:00,97.26000022888184,-0.09999999999999432,True,True,0.7863333033840022,False,0.00196561201661536,26.36811751419125,0.002045136154900426,0.0021181204613031847,-0.407642216389581,-2.0242640044198956,-6.255151174647611,-0.407642216389581,False,False,False,False,False,False,0.05012953692521181,False,-0.05410626545044539,中性,6756.TW,威鋒電子,6831024128.0,55.454544,2.2510262,0.93,134795,Technology,0.3069302623932917,4,v1,phase6a,2026-07-12,0,4,5,4,4,4,v1,29,0.9554848966613673,29,0.9554848966613673,32,0.9507154213036566,^TWII,yfinance,2y,2026-10-07,scan_20261008_175914,False,True
True,0,-1.5,-1.1666666666666665,True,False,賣出 (動能轉弱),139.5,2026-10-07 00:00:00,140.775,-0.15000000000000568,False,False,0.8668305918732557,False,0.0028008464968752823,23.217742703481775,0.002944154098312666,0.0031256357439008527,-0.5097597768220274,-2.1707231437019803,-5.7413652594262565,-0.5097597768220274,False,False,False,False,False,False,0.0,False,-0.06568302292728478,中性,8478.TW,東哥遊艇,13156118528.0,9.957325,1.4372389,4.66,113236,Consumer Cyclical,0.7596546635826072,0,v1,phase6a,2026-07-12,0,0,0,0,0,0,v1,618,0.019077901430842606,618,0.019077901430842606,618,0.019077901430842606,^TWII,yfinance,2y,2026-10-07,scan_20261008_175914,False,False
True,0,1.2499999999999998,2.4166666666666665,True,False,觀望 (動能減弱),115.5,2026-10-07 00:00:00,117.65,0.30000000000001137,False,False,0.6728071308716495,False,0.002318980432896739,62.021199456611036,0.00244529159599183,0.002439425733649622,-0.5407947393388235,-1.701638025549146,1.4877172741902367,-0.5407947393388235,False,False,True,False,False,False,0.15751088433430174,False,-0.07599999999999996,中性,3029.TW,零壹,18915971072.0,16.522367,3.6541777,4.68,2000837,Technology,0.5199391299951555,0,v1,phase6a,2026-07-12,0,0,1,0,0,0,v1,500,0.2066772655007949,500,0.2066772655007949,501,0.20508744038155802,^TWII,yfinance,2y,2026-10-07,scan_20261008_175914,False,False
True,1,-0.10833358764648438,-0.00833352406819661,True,False,賣出 (動能轉弱),20.100000381469727,2026-10-07 00:00:00,20.23750009536743,0.010000038146969814,False,False,0.23080544003901224,False,0.00040356283624108473,37.03834777441914,0.0004236703344936174,0.00044957413637482864,-0.4970981252650053,-2.2852791560416974,-4.948610523014574,-0.4970981252650053,False,False,False,False,False,False,0.0033399887079492902,False,-0.06636404221149572,中性,3128.TWO,昇銳,1013151616.0,19.056606,1.2992861,1.99,129362,Industrials,0.5638817376543401,0,v1,phase6a,2026-07-12,0,0,1,0,0,0,v1,504,0.20031796502384738,504,0.20031796502384738,505,0.1987281399046105,^TWII,yfinance,2y,2026-10-07,scan_20261008_175914,False,False
True,1,-0.041666666666666664,-3.469446951953614e-18,True,False,賣出 (動能轉弱),13.050000190734863,2026-10-07 00:00:00,12.97000002861023,0.007500028610229137,False,True,0.5344811053069258,False,0.00026201467611786024,48.3633974790514,0.000271125035150279,0.0002798055874662945,-0.3524591999960358,-1.872137007271224,-3.7230722518143633,-0.3524591999960358,False,False,False,False,False,False,0.0367987232506623,False,-0.07446809661897436,中性,9912.TW,偉聯,696613760.0,nan,1.9749885,0.0,120737,Technology,0.3633423487588501,0,v1,phase6a,2026-07-12,0,0,2,0,0,0,v1,627,0.0047694753577106515,627,0.0047694753577106515,627,0.0047694753577106515,^TWII,yfinance,2y,2026-10-07,scan_20261008_175914,False,False
True,0,0.10000038146972656,-0.13333320617675776,True,False,買入 (動能增強),39.150001525878906,2026-10-07 00:00:00,38.447500228881836,0.02499999999999858,False,True,1.4555181376319535,False,0.0007860440475012178,29.919320256480095,0.0008035355572184597,0.0008570176437594075,-0.22861493161774327,-1.9907457515319416,-4.707644195732752,-0.22861493161774327,False,False,False,False,False,False,0.1630273294137056,False,-0.04512191400295351,中性,2543.TW,皇昌,20366555136.0,14.142857,2.2160044,4.02,964550,Industrials,0.5994050843937742,2,v1,phase6a,2026-07-12,0,2,4,2,2,2,v1,157,0.7519872813990461,157,0.7519872813990461,164,0.7408585055643879,^TWII,yfinance,2y,2026-10-07,scan_20261008_175914,False,False
True,1,0.1333332061767578,0.09166685740152994,True,False,買入 (動能增強),23.049999237060547,2026-10-07 00:00:00,22.930000019073486,-0.0025000572204589844,True,True,1.011173466808231,False,0.0004627921836279495,27.030218514500422,0.0004800484628719753,0.0005099989724412274,-0.37696258775705704,-1.6798424411954227,-4.565085625122245,-0.37696258775705704,False,False,False,False,False,False,0.0013007420132289762,False,-0.019148968635721464,中性,6671.TW,三能-KY,1400287488.0,10.622119,0.7863941,5.21,34754,Consumer Defensive,0.8529763441609856,2,v1,phase6a,2026-07-12,0,2,3,2,2,2,v1,261,0.5866454689984102,261,0.5866454689984102,263,0.5834658187599364,^TWII,yfinance,2y,2026-10-07,scan_20261008_175914,False,False
True,1,0.15000025431315103,0.11666647593180338,True,False,買入 (動能增強),28.850000381469727,2026-10-07 00:00:00,28.8125,0.0025000572204589844,False,True,0.43171004101245386,False,0.0005792431720665952,56.515672047693684,0.0006026873965997178,0.0006264884812640456,-0.4077983745589209,-1.78694440405609,-4.131692962381706,-0.4077983745589209,False,False,False,False,False,False,0.015831461102757488,False,-0.00517240063897495,中性,4111.TWO,濟生,1735132416.0,9.265176,1.2382051,4.52,66466,Healthcare,0.7919891562654215,4,v1,phase6a,2026-07-12,0,4,6,4,4,4,v1,24,0.9634340222575517,24,0.9634340222575517,28,0.9570747217806042,^TWII,yfinance,2y,2026-10-07,scan_20261008_175914,False,True
True,1,0.12500063578287762,-0.033332824707031194,True,False,買入 (動能增強),23.5,2026-10-07 00:00:00,23.567499923706055,-0.01249999999999929,False,False,0.2500614734455554,False,0.00047182718764565685,43.58361277774131,0.0004939395632248781,0.0005153309649526926,-0.46902526860984617,-2.1264336967106723,-6.207549625090547,-0.46902526860984617,False,False,False,False,False,False,0.010735963006635627,False,-0.16961128503405254,中性,2910.TW,統領,4139511040.0,12.826087,1.4956588,4.43,66351,Consumer Cyclical,0.7050635118309513,4,v1,phase6a,2026-07-12,0,4,4,4,4,4,v1,20,0.9697933227344993,20,0.9697933227344993,24,0.9634340222575517,^TWII,yfinance,2y,2026-10-07,scan_20261008_175914,False,True
False,0,0.7833334604899088,0.3333333333333333,False,True,強烈買入 (爆發),55.70000076293945,2026-10-07 00:00:00,53.50499992370605,0.13000011444091797,False,True,3.953865172447651,True,0.0011183308388016452,53.814460200733585,0.001116715180162044,0.0011183435362883312,0.015231747363775305,-1.2189164356601667,-1.162316221099735,0.015231747363775305,True,False,False,False,False,False,0.5742042482157046,False,0.0,中性,2607.TW,榮運,30146736128.0,15.870787,0.96112955,5.05,431596,Industrials,0.7456017522692854,3,v1,phase6a,2026-07-12,0,3,5,3,3,3,v1,57,0.9109697933227345,57,0.9109697933227345,65,0.8982511923688394,^TWII,yfinance,2y,2026-10-07,scan_20261008_175914,False,False
True,0,0.34166717529296875,0.18333371480305988,True,False,買入 (動能增強),41.95000076293945,2026-10-07 00:00:00,42.05499973297119,-0.007499885559084873,True,False,0.43436034975450355,False,0.0008422617396472716,58.40177249889754,0.0008798314287254891,0.0009018018910269144,-0.4474729763854768,-2.0750536652504814,-4.789093114106602,-0.4474729763854768,False,False,False,False,False,False,0.03924692442217202,False,-0.055180195467143145,中性,2618.TW,長榮航,223578406912.0,8.884121,1.604589,4.77,29987716,Industrials,0.7611965825719765,2,v1,phase6a,2026-07-12,0,2,2,2,2,2,v1,161,0.7456279809220986,161,0.7456279809220986,168,0.7344992050874404,^TWII,yfinance,2y,2026-10-07,scan_20261008_175914,False,False
True,0,1.4166666666666667,0.75,True,False,買入 (動能增強),89.0,2026-10-07 00:00:00,91.24999923706055,-0.6749999999999972,False,False,0.6562503030329678,False,0.0017869199872537643,42.17614254728722,0.0019099361337080348,0.0019180137028954893,-0.6734186750198878,-2.04674434823906,-6.492789893774031,-0.6734186750198878,False,False,False,False,False,False,0.1598335097406624,False,-0.1523809523809524,中性,2465.TW,麗臺,8051174400.0,31.623615,5.9054575,0.0,3207894,Technology,0.17650379511862413,5,v1,phase6a,2026-07-12,0,5,5,5,5,5,v1,3,0.9968203497615262,3,0.9968203497615262,4,0.9952305246422893,^TWII,yfinance,2y,2026-10-07,scan_20261008_175914,True,True
True,0,-0.11166675885518391,-0.09333340326944986,True,False,賣出 (動能轉弱),4.679999828338623,2026-10-07 00:00:00,4.810500049591065,-0.008500003814696733,True,False,0.3485084890625248,False,9.396387902924125e-05,15.34046147907006,0.0001004855180695882,0.00010691465192910624,-0.6785358366747984,-2.987657786448694,-6.971277373148499,-0.6785358366747984,False,False,False,False,False,False,0.027146918103600703,False,-0.09999999999999998,中性,5907.TW,大洋-KY,897942208.0,nan,0.25004008,0.0,306334,Consumer Cyclical,0.5437985966308283,0,v1,phase6a,2026-07-12,0,0,0,0,0,0,v1,552,0.12400635930047695,552,0.12400635930047695,553,0.12241653418124006,^TWII,yfinance,2y,2026-10-07,scan_20261008_175914,False,False
True,0,-0.5583333969116211,-0.5916665395100911,True,False,觀察 (跌勢收斂),21.049999237060547,2026-10-07 00:00:00,22.33749990463257,-0.08500003814697266,False,False,1.266102430117723,False,0.00042263667829640423,21.003083572335065,0.00046377857144900864,0.0004801218946379478,-0.9251526560908552,-3.296026433396082,-6.375563698473419,-0.9251526560908552,False,False,False,False,False,False,0.0,False,-0.2071563148040575,中性,1435.TW,中福,2865489920.0,nan,3.1221445,0.0,22175,Industrials,0.29711831062469957,2,v1,phase6a,2026-07-12,0,2,2,2,2,2,v1,110,0.8267090620031796,110,0.8267090620031796,118,0.8139904610492846,^TWII,yfinance,2y,2026-10-07,scan_20261008_175914,True,False
True,0,0.07500076293945312,0.15000025431315103,True,False,觀望 (動能減弱),37.0,2026-10-07 00:00:00,36.95500011444092,0.020000076293946734,False,True,0.394137523976931,False,0.0007428768486335874,43.51236081282522,0.0007690877393020987,0.0007721617089086311,-0.35745969186807836,-1.8780842512245544,-1.715976678295017,-0.35745969186807836,False,False,False,False,False,False,0.09997530166178019,False,-0.03520204766193369,中性,2520.TW,冠德,22502891520.0,11.216216,0.9335166,4.37,1500623,Industrials,0.8029792054715741,0,v1,phase6a,2026-07-12,0,0,2,0,0,0,v1,479,0.24006359300476948,479,0.24006359300476948,480,0.2384737678855326,^TWII,yfinance,2y,2026-10-07,scan_20261008_175914,False,False
True,0,0.42499987284342444,0.35833326975504554,True,False,買入 (動能增強),27.5,2026-10-07 00:00:00,27.577499866485596,-0.06750001907348491,True,False,0.4232809351848045,False,0.0005521381983087473,30.42281204762723,0.0005796008370226869,0.0006405918597798187,-0.49628249938543645,-2.245792547216685,-7.008680649767007,-0.49628249938543645,False,False,False,False,False,False,0.0123097331500823,False,-0.16666666666666663,中性,3447.TW,展達,2342832128.0,15.51282,1.8877933,4.0,154018,Technology,0.6050468423296965,2,v1,phase6a,2026-07-12,0,2,2,2,2,2,v1,188,0.7027027027027027,188,0.7027027027027027,192,0.6963434022257552,^TWII,yfinance,2y,2026-10-07,scan_20261008_175914,False,False
True,0,6.938893903907228e-18,0.00833352406819662,True,False,觀望 (動能減弱),24.0,2026-10-07 00:00:00,23.875000095367433,0.01750001907348775,False,True,0.9379211243727653,False,0.0004818660639785432,27.363142176129234,0.0005003326014409131,0.0005347191801817638,-0.3870072065664365,-1.988052732335066,-5.476590800089632,-0.3870072065664365,False,False,False,False,False,False,0.03087468824335457,False,-0.0697674143522814,中性,4523.TWO,永彰,1558776064.0,0.8961912,0.8550358,11.01,73212,Industrials,0.9523817867790022,0,v1,phase6a,2026-07-12,0,0,2,0,0,0,v1,529,0.16057233704292528,529,0.16057233704292528,530,0.1589825119236884,^TWII,yfinance,2y,2026-10-07,scan_20261008_175914,False,False
False,0,-1.9833335876464844,-2.0999997456868487,False,True,強烈賣出 (跌破),72.0,2026-10-07 00:00:00,74.96500015258789,-0.15000000000000568,False,False,1.327235187145513,False,0.0014455981919356295,43.58264720620032,0.0015599174609975744,0.0016517115797377233,-0.7655204740528498,-1.9289306383555194,-5.019487232999231,-0.7655204740528498,False,False,False,False,False,False,0.0,False,-0.09433962264150941,中性,6794.TW,向榮生技,4556409344.0,nan,5.5659204,0.0,41897,Healthcare,0.24808868856136967,0,v1,phase6a,2026-07-12,0,0,0,0,0,0,v1,579,0.08108108108108109,579,0.08108108108108109,579,0.08108108108108109,^TWII,yfinance,2y,2026-10-07,scan_20261008_175914,False,False
True,1,-0.7000020345052083,-0.4166679382324218,True,False,賣出 (動能轉弱),78.69999694824219,2026-10-07 00:00:00,80.26499977111817,-0.22499999999999432,False,False,0.4887491207979957,False,0.0015801190735238676,33.95256253283888,0.0016840766059771492,0.0018009571664291543,-0.6455912823606802,-2.696264623036382,-7.696707665632408,-0.6455912823606802,False,False,False,False,False,False,0.0,False,-0.07845438475321809,中性,7823.TW,奧義賽博-KY創,2590828544.0,nan,5.660645,0.0,32867,Technology,0.2468969963584415,0,v1,phase6a,2026-07-12,0,0,0,0,0,0,v1,602,0.04451510333863275,602,0.04451510333863275,602,0.04451510333863275,^TWII,yfinance,2y,2026-10-07,scan_20261008_175914,False,False
True,0,36.833333333333336,11.83333333333334,True,False,買入 (動能增強),1000.0,2026-10-07 00:00:00,969.4,2.0,False,True,0.7760155736737518,False,0.020077752665772632,154.08041925504727,0.02022739835528232,0.020018057255723726,-0.07781485306521674,0.7932727675858509,2.7286596331747015,-0.07781485306521674,False,True,True,False,False,True,0.7234005814265855,False,-0.05213270142180093,偏強 (RS上升),6531.TW,愛普*,159590072320.0,56.77868,12.720499,0.67,3202565,Technology,0.17491176379816684,4,v1,phase6a,2026-07-12,1,5,6,5,4,5,v1,27,0.958664546899841,27,0.958664546899841,7,0.9904610492845787,^TWII,yfinance,2y,2026-10-07,scan_20261008_175914,False,True
True,1,-0.17500050862630206,-0.12499999999999997,True,False,賣出 (動能轉弱),34.04999923706055,2026-10-07 00:00:00,34.29249992370605,0.0,False,False,0.09518787230356555,False,0.0006836474629514485,42.379855649838106,0.0007169858181302078,0.0007512136093006108,-0.4870679140178691,-2.200978354372407,-5.053827322073634,-0.4870679140178691,False,False,False,False,False,False,0.0013215448175244882,False,-0.025751116058150614,中性,5902.TWO,德記,3212999936.0,16.346155,2.5997858,4.85,47844,Consumer Defensive,0.5700161706684482,0,v1,phase6a,2026-07-12,0,0,0,0,0,0,v1,551,0.12559618441971382,551,0.12559618441971382,552,0.12400635930047695,^TWII,yfinance,2y,2026-10-07,scan_20261008_175914,False,False
True,1,0.5666662851969401,0.39999961853027344,True,False,買入 (動能增強),59.79999923706055,2026-10-07 00:00:00,59.08499984741211,-0.020000076293946734,False,True,0.628308865711273,False,0.0012006495940950937,44.570686414107456,0.0012359830756226693,0.0012832265553102977,-0.30001667146943856,-1.7941729292810904,-4.010583597187023,-0.30001667146943856,False,False,False,False,False,False,0.15524902514802366,False,-0.006644543535041847,中性,6792.TW,詠業,2873457408.0,22.05036,1.81077,4.18,46275,Technology,0.5563160440934856,2,v1,phase6a,2026-07-12,0,2,3,2,2,2,v1,270,0.5723370429252782,270,0.5723370429252782,271,0.5707472178060413,^TWII,yfinance,2y,2026-10-07,scan_20261008_175914,False,False
True,0,8.5,5.333333333333333,True,False,買入 (動能增強),718.0,2026-10-07 00:00:00,693.05,1.7999999999999545,False,True,0.8279799456462844,False,0.01441582641402475,102.44620274111782,0.014201424690755245,0.01323052498940316,0.15917082667928906,-0.6753199489581752,12.565592002961367,0.15917082667928906,True,True,True,False,False,False,0.8482026886747438,False,-0.01912568306010931,中性,3693.TWO,營邦,31641151488.0,47.94788,6.0258226,1.11,1284391,Technology,0.2282433695939808,2,v1,phase6a,2026-07-12,1,3,4,3,2,3,v1,198,0.6868044515103339,198,0.6868044515103339,102,0.8394276629570747,^TWII,yfinance,2y,2026-10-07,scan_20261008_175914,False,False
True,0,-0.516668955485026,-0.5666681925455729,True,False,觀察 (跌勢收斂),76.19999694824219,2026-10-07 00:00:00,76.67000007629395,-0.08000030517578693,False,False,1.1127119668335095,False,0.001529924691859436,48.42040410918132,0.001602352249324828,0.0016659313313836701,-0.4735444787583809,-2.1998741048811166,-5.278301686588671,-0.4735444787583809,False,False,False,False,False,False,0.0,False,-0.028061282331869886,中性,1726.TW,永記,12344399872.0,11.906249,1.1663681,4.86,35045,Basic Materials,0.7761598293550747,1,v1,phase6a,2026-07-12,0,1,1,1,1,1,v1,323,0.48807631160572335,323,0.48807631160572335,323,0.48807631160572335,^TWII,yfinance,2y,2026-10-07,scan_20261008_175914,False,False
True,0,0.4833348592122395,-0.5166657765706381,True,False,買入 (動能增強),65.30000305175781,2026-10-07 00:00:00,65.22500038146973,-0.125,True,True,0.34943301818955125,False,0.0013110773103473914,38.70141226419831,0.0013671126120297428,0.0014118467045254187,-0.42959980146720644,-2.040249739660127,-6.596708242538751,-0.42959980146720644,False,False,False,False,False,False,0.3523153000046272,False,-0.13164886034900014,中性,6269.TW,台郡,20385771520.0,nan,0.99283475,0.0,5611127,Technology,0.48353301951131855,3,v1,phase6a,2026-07-12,0,3,4,3,3,3,v1,76,0.8807631160572337,76,0.8807631160572337,83,0.8696343402225755,^TWII,yfinance,2y,2026-10-07,scan_20261008_175914,True,False
True,0,-0.20833333333333331,-0.3999999364217122,True,False,觀察 (跌勢收斂),25.799999237060547,2026-10-07 00:00:00,25.66249990463257,-0.020000076293946734,False,True,0.8140666402499347,False,0.0005180060034588243,53.64878340032238,0.0005350957494553644,0.000548886934053659,-0.33506025137568507,-1.8119913094615692,-4.276855275917713,-0.33506025137568507,False,False,False,False,False,False,0.11807144091852201,False,-0.017142886207217267,中性,1236.TW,宏亞,2227522048.0,nan,0.8527158,6.4,78957,Consumer Defensive,0.7578033764555153,1,v1,phase6a,2026-07-12,0,1,2,1,1,1,v1,306,0.5151033386327504,306,0.5151033386327504,306,0.5151033386327504,^TWII,yfinance,2y,2026-10-07,scan_20261008_175914,False,False
True,2,-0.08333333333333331,-0.3333333333333333,True,False,觀察 (跌勢收斂),105.0,2026-10-07 00:00:00,105.05,-0.2750000000000057,False,False,1.3053101284631146,False,0.0021081640299061262,32.672635289687804,0.002202205028363792,0.0023341216610405263,-0.44749487851857284,-2.043412175453496,-6.171849454538081,-0.44749487851857284,False,False,False,False,False,False,0.0,False,-0.04977375565610864,中性,2385.TW,群光,75686830080.0,11.73815,1.699763,6.86,3171960,Technology,0.7551882564764375,1,v1,phase6a,2026-07-12,0,1,1,1,1,1,v1,334,0.47058823529411764,334,0.47058823529411764,334,0.47058823529411764,^TWII,yfinance,2y,2026-10-07,scan_20261008_175914,False,False
True,1,9.166666666666664,6.166666666666666,True,False,買入 (動能增強),426.5,2026-10-07 00:00:00,421.8,-1.099999999999966,True,True,0.9031800307721392,False,0.008563161511952027,85.17699007755654,0.008895623263584593,0.009512736944034966,-0.39186503114300164,-2.064079867761226,-8.508947359331142,-0.39186503114300164,False,False,False,False,False,False,0.22410131282757864,False,-0.14700000000000002,中性,6451.TW,訊芯-KY,47501783040.0,356.35596,5.5761833,0.05,3598718,Technology,0.13239847264227123,2,v1,phase6a,2026-07-12,0,2,3,2,2,2,v1,253,0.5993640699523053,253,0.5993640699523053,255,0.5961844197138315,^TWII,yfinance,2y,2026-10-07,scan_20261008_175914,False,False
True,0,0.24999999999999997,0.5833346048990885,True,False,觀望 (動能減弱),70.0999984741211,2026-10-07 00:00:00,70.45499877929687,0.02999992370605753,False,False,0.4591741082805606,False,0.0014074504312344422,42.786464929005895,0.0014716124647784897,0.0014964888283684637,-0.45684875120381996,-1.9454654350526734,-2.915836152928719,-0.45684875120381996,False,False,False,False,False,False,0.009624972576841537,False,-0.06032171705152323,中性,2636.TW,台驊控股,9600982016.0,9.957386,0.9951308,7.13,573597,Industrials,0.8748804126960605,1,v1,phase6a,2026-07-12,0,1,2,1,1,1,v1,344,0.4546899841017488,344,0.4546899841017488,344,0.4546899841017488,^TWII,yfinance,2y,2026-10-07,scan_20261008_175914,True,False
False,0,-0.09166685740152994,-0.26666673024495446,False,True,強烈賣出 (跌破),23.899999618530273,2026-10-07 00:00:00,23.3625,0.0,False,True,1.5743362319879077,True,0.0004798582810529111,30.52113437520727,0.0004910698164873358,0.0005319649089932255,-0.2397484361914337,-1.9782965292473476,-7.618155581773367,-0.2397484361914337,False,False,False,False,False,False,0.1745331827653406,False,-0.05346536164236537,中性,9955.TW,佳龍,2516903680.0,12.552084,1.8716992,0.0,243011,Industrials,0.45893583699017476,0,v1,phase6a,2026-07-12,0,0,1,0,0,0,v1,629,0.001589825119236884,629,0.001589825119236884,629,0.001589825119236884,^TWII,yfinance,2y,2026-10-07,scan_20261008_175914,False,False
True,0,0.46666653951009107,0.23333326975504556,True,False,買入 (動能增強),21.899999618530273,2026-10-07 00:00:00,21.905000019073487,-0.05500001907348562,True,False,0.6748216022299465,False,0.0004397027757213658,48.263548721464765,0.00046364740135764935,0.000498575298916586,-0.5406822246924792,-2.433047785199316,-10.822420472209227,-0.5406822246924792,False,False,False,False,False,False,0.023798650500703976,False,-0.20795660323071063,中性,8071.TWO,能率網通,1306833152.0,nan,1.6761714,0.0,818291,Technology,0.39534779649463486,3,v1,phase6a,2026-07-12,0,3,3,3,3,3,v1,90,0.8585055643879174,90,0.8585055643879174,94,0.8521462639109698,^TWII,yfinance,2y,2026-10-07,scan_20261008_175914,True,False
True,0,0.12499984105428058,0.0666666030883789,True,False,買入 (動能增強),10.5,2026-10-07 00:00:00,10.394999980926514,0.0025000095367424535,False,True,0.4744651358002577,False,0.00021081640299061262,43.22908150591625,0.00021791393341900978,0.00022605923775070682,-0.34167424599551577,-1.6821133076903916,-5.02302909530592,-0.34167424599551577,False,False,False,False,False,False,0.027926817400821573,False,-0.01795072988419988,中性,3052.TW,夆典,2131640832.0,9.330357,0.6039415,5.74,298321,Industrials,0.9041684288125542,4,v1,phase6a,2026-07-12,0,4,6,4,4,4,v1,21,0.9682034976152624,21,0.9682034976152624,25,0.9618441971383148,^TWII,yfinance,2y,2026-10-07,scan_20261008_175914,False,True
False,0,-0.44166644414265943,-0.36666647593180335,False,True,強烈賣出 (跌破),12.0,2026-10-07 00:00:00,12.622499990463258,-0.04250001907348633,False,False,1.9357750778265341,True,0.0002409330319892716,21.448153474776586,0.0002631340262184291,0.0002864292868404897,-0.8803021794572596,-3.702968787225369,-7.960201191867899,-0.8803021794572596,False,False,False,False,False,False,0.0,False,-0.1428571428571429,中性,8092.TWO,建暐,728946816.0,98.07693,1.351638,0.0,50402,Industrials,0.2911928421959649,0,v1,phase6a,2026-07-12,0,0,0,0,0,0,v1,606,0.03815580286168521,606,0.03815580286168521,606,0.03815580286168521,^TWII,yfinance,2y,2026-10-07,scan_20261008_175914,False,False
True,0,-0.42500050862630206,0.36666615804036456,True,False,賣出 (動能轉弱),37.75,2026-10-07 00:00:00,36.59499988555908,0.38249998092651794,False,True,0.3440817579584415,False,0.0007579351631329168,56.10993360598475,0.0007432188472299079,0.0006826570957895956,0.2088646410118189,0.25118035151741047,20.065765878082686,0.2088646410118189,True,True,True,False,False,False,0.6041299711061203,False,-0.08926419046649647,偏強 (RS上升),6179.TWO,亞通,6702872064.0,65.17242,1.787065,1.32,5633319,Industrials,0.35295961571031403,0,v1,phase6a,2026-07-12,1,1,2,1,0,1,v1,558,0.11446740858505565,558,0.11446740858505565,439,0.3036565977742448,^TWII,yfinance,2y,2026-10-07,scan_20261008_175914,False,False
True,0,0.29166666666666663,0.5666669209798177,True,False,觀望 (動能減弱),37.900001525878906,2026-10-07 00:00:00,38.63000011444092,-0.09499988555908345,True,False,1.1919189223652513,False,0.000760946856669002,40.779311645064176,0.0008209604537958742,0.0008947846776688587,-0.7636155240939302,-3.1443959830984136,-12.61613708320053,-0.7636155240939302,False,False,False,False,False,False,0.0,False,-0.169769983372433,中性,2417.TW,圓剛,4767519744.0,27.372263,1.7353077,0.65,864780,Technology,0.40520340279223266,0,v1,phase6a,2026-07-12,0,0,0,0,0,0,v1,473,0.24960254372019078,473,0.24960254372019078,474,0.2480127186009539,^TWII,yfinance,2y,2026-10-07,scan_20261008_175914,False,False
True,0,-0.10166692733764647,-0.08500035603841145,True,False,賣出 (動能轉弱),10.0,2026-10-07 00:00:00,10.087500095367432,-0.005000019073486683,True,False,0.9732808112427086,False,0.00020077752665772632,21.826246396635796,0.00021066520088538611,0.0002210189566251235,-0.49162884881484015,-2.400593500669146,-4.913581194324168,-0.49162884881484015,False,False,False,False,False,False,0.021076559869672967,False,-0.033816460731378783,中性,1805.TW,寶徠,1348360320.0,76.84615,0.82493806,0.0,81545,Real Estate,0.3727247803388254,0,v1,phase6a,2026-07-12,0,0,0,0,0,0,v1,460,0.2702702702702703,460,0.2702702702702703,461,0.2686804451510334,^TWII,yfinance,2y,2026-10-07,scan_20261008_175914,False,False
True,1,0.03333314259847005,0.07499949137369791,True,False,觀望 (動能減弱),20.200000762939453,2026-10-07 00:00:00,20.2875,-0.009999942779540305,True,False,1.3190999007714221,False,0.0004055706191667168,27.633633303010022,0.0004247486588645249,0.0004468647294544507,-0.4730307472792572,-2.1508102731668144,-5.0534725042526984,-0.4730307472792572,False,False,False,False,False,False,0.002379855777197456,False,-0.03117504108575242,中性,2642.TW,宅配通,1947526784.0,nan,1.0657194,2.48,44442,Industrials,0.616616367188936,0,v1,phase6a,2026-07-12,0,0,0,0,0,0,v1,486,0.2289348171701113,486,0.2289348171701113,487,0.2273449920508744,^TWII,yfinance,2y,2026-10-07,scan_20261008_175914,False,False
False,0,-0.7333332697550454,-0.6249998410542805,False,True,強烈賣出 (跌破),14.800000190734863,2026-10-07 00:00:00,15.517500019073486,-0.019999980926513672,False,False,0.5302334213102207,False,0.00029715074328296235,20.94279019249281,0.0003197479898026317,0.00033343598202848786,-0.7384230854835083,-3.2340058018916484,-2.241955337255319,-0.7384230854835083,False,False,False,False,False,False,0.0,False,-0.07210029042522337,中性,4113.TWO,聯上,3455515136.0,nan,0.82660615,0.0,197513,Industrials,0.5046429956774745,0,v1,phase6a,2026-07-12,0,0,0,0,0,0,v1,519,0.17647058823529413,519,0.17647058823529413,520,0.17488076311605724,^TWII,yfinance,2y,2026-10-07,scan_20261008_175914,False,False
True,0,-7.134745279947918,-16.862670898437496,True,False,觀察 (跌勢收斂),530.0,2026-10-07 00:00:00,545.3271789550781,-2.467007446289017,True,False,0.6442519829559639,False,0.010641208912859496,126.58472190847358,0.011206829561568507,0.011136455079699365,-0.528466783644499,-1.8516001823663975,1.0025246187744141,-0.528466783644499,False,False,True,False,False,False,0.5483647165024127,False,-0.11371237458193983,中性,6830.TW,汎銓,28971919360.0,2120.0,8.494134,0.19,1906905,Technology,0.11238040946671563,1,v1,phase6a,2026-07-12,0,1,1,1,1,1,v1,413,0.3449920508744038,413,0.3449920508744038,413,0.3449920508744038,^TWII,yfinance,2y,2026-10-07,scan_20261008_175914,False,False
True,0,-0.2583332061767578,-0.21666653951009113,True,False,賣出 (動能轉弱),15.25,2026-10-07 00:00:00,15.494999980926513,-0.019999980926513672,True,False,2.1435350010035643,True,0.0003061857281530326,31.523096052794543,0.00032368996471755145,0.0003397352587509276,-0.5660114204033562,-2.5400532796233555,-5.992908156239551,-0.5660114204033562,False,False,False,False,False,False,0.015221858608503846,False,-0.05572753187545754,中性,4432.TWO,銘旺實,768952768.0,3.2,0.4875858,2.62,25515,Consumer Cyclical,0.8506700208032582,0,v1,phase6a,2026-07-12,0,0,0,0,0,0,v1,527,0.16375198728139906,527,0.16375198728139906,528,0.16216216216216217,^TWII,yfinance,2y,2026-10-07,scan_20261008_175914,False,False
True,0,1.25,1.0,True,False,買入 (動能增強),109.0,2026-10-07 00:00:00,108.075,0.025000000000005684,False,True,1.4396920038235466,False,0.002188475040569217,46.51930881913689,0.0022621835880438346,0.00233546478707127,-0.3418057890269721,-1.628214433120323,-3.573786854136929,-0.3418057890269721,False,False,False,False,False,False,0.02989138429820122,False,-0.009090909090909038,中性,6728.TWO,上洋,3268019968.0,12.082406,1.6593004,5.99,19004,Technology,0.7376020396317124,2,v1,phase6a,2026-07-12,0,2,4,2,2,2,v1,265,0.5802861685214626,265,0.5802861685214626,266,0.5786963434022258,^TWII,yfinance,2y,2026-10-07,scan_20261008_175914,False,False
True,0,-0.09166669845581055,-0.08333333333333333,True,False,賣出 (動能轉弱),15.800000190734863,2026-10-07 00:00:00,15.962500047683715,-0.020000028610230203,False,False,0.0647506845532571,False,0.000317228495948735,22.0974044401112,0.00033373839675056213,0.0003558378949840817,-0.5180349232181691,-2.3230422003044926,-5.699583220419003,-0.5180349232181691,False,False,False,False,False,False,0.0013117681517330194,False,-0.07058822407441978,中性,4930.TW,燦星網,1256000000.0,nan,0.39545602,3.8,58227,Consumer Cyclical,0.7299453164967513,0,v1,phase6a,2026-07-12,0,0,0,0,0,0,v1,537,0.1478537360890302,537,0.1478537360890302,538,0.14626391096979333,^TWII,yfinance,2y,2026-10-07,scan_20261008_175914,False,False
True,0,0.9666659037272134,0.7749989827473958,True,False,買入 (動能增強),46.5,2026-10-07 00:00:00,45.61999931335449,0.029999923706050424,False,True,1.7428286580669066,True,0.0009336154989584274,59.115492368483324,0.0009642934893348917,0.0010491321149666303,-0.3337660163496903,-1.719916225304896,-7.841817932862305,-0.3337660163496903,False,False,False,False,False,False,0.02111702991953355,False,-0.15615443548127494,中性,3209.TW,全科,11505333248.0,8.224381,2.0402348,4.26,1666383,Technology,0.7070205747642896,2,v1,phase6a,2026-07-12,0,2,4,2,2,2,v1,181,0.7138314785373608,181,0.7138314785373608,186,0.7058823529411765,^TWII,yfinance,2y,2026-10-07,scan_20261008_175914,False,False
True,0,2.200000762939453,2.666667302449544,True,False,觀望 (動能減弱),45.400001525878906,2026-10-07 00:00:00,45.02250022888184,0.05500011444092223,False,True,0.43330454537214685,False,0.0009115300016622967,55.55515305039744,0.0009396500604656047,0.0009338228667588425,-0.3140223401522424,-1.0587529303417442,3.0446406884272026,-0.3140223401522424,False,False,True,False,False,False,0.5765545603889665,False,-0.06391749431177518,中性,3339.TWO,泰谷,3032644096.0,nan,4.1305523,0.0,2056482,Technology,0.2705605986737292,0,v1,phase6a,2026-07-12,0,0,2,0,0,0,v1,509,0.19236883942766295,509,0.19236883942766295,510,0.1907790143084261,^TWII,yfinance,2y,2026-10-07,scan_20261008_175914,False,False
True,0,-1.2715657552175852e-06,0.01666514078776042,True,False,賣出 (動能轉弱),91.5,2026-10-07 00:00:00,91.8800006866455,-0.025000000000005684,False,False,0.3784295175023652,False,0.0018371143689181958,43.217281840639295,0.0019206454302924366,0.0019848276267110197,-0.45571521403916515,-1.9851418653593522,-4.453029691436128,-0.45571521403916515,False,False,False,False,False,False,0.0,False,-0.021390374331550777,中性,7708.TWO,全家餐飲,2333250048.0,12.216289,nan,6.01,13166,Consumer Cyclical,0.7162750716830457,0,v1,phase6a,2026-07-12,0,0,0,0,0,0,v1,598,0.05087440381558029,598,0.05087440381558029,598,0.05087440381558029,^TWII,yfinance,2y,2026-10-07,scan_20261008_175914,False,False
True,0,0.37499968210856116,0.058332761128743506,True,False,買入 (動能增強),30.0,2026-10-07 00:00:00,29.612499904632568,-0.0024999618530294754,True,True,1.5126141213332613,True,0.000602332579973179,27.969322570996784,0.0006208358953438974,0.0006689721688859058,-0.31274384353811024,-1.5991904881223484,-5.499129179134565,-0.31274384353811024,False,False,False,False,False,False,0.04841694024707185,False,-0.08675794844758655,中性,1796.TWO,金穎生技,1223063808.0,70.2381,1.560186,2.33,18829,Healthcare,0.4159677840424762,2,v1,phase6a,2026-07-12,0,2,3,2,2,2,v1,133,0.7901430842607313,133,0.7901430842607313,141,0.7774244833068362,^TWII,yfinance,2y,2026-10-07,scan_20261008_175914,False,False
True,0,2.333333333333333,1.9166666666666665,True,False,買入 (動能增強),108.5,2026-10-07 00:00:00,105.15,0.15000000000000568,False,True,1.1877558283036072,False,0.0021784361642363304,88.9760867933301,0.0022033281411885748,0.0021414383269182367,-0.11877921353331544,-1.3135869701201952,-2.5576405338962327,-0.11877921353331544,False,True,True,False,False,False,0.4961730441500821,False,-0.06866952789699576,中性,2546.TW,根基,15715111936.0,7.9335794,2.3920784,4.42,251102,Industrials,0.687585743269613,2,v1,phase6a,2026-07-12,0,2,4,2,2,2,v1,158,0.7503974562798092,158,0.7503974562798092,165,0.739268680445151,^TWII,yfinance,2y,2026-10-07,scan_20261008_175914,False,False
True,0,0.09166717529296872,0.29999987284342444,True,False,觀望 (動能減弱),39.650001525878906,2026-10-07 00:00:00,40.96750030517578,-0.15999984741210938,False,False,2.7526651001200344,True,0.0007960829238341041,25.770195282063092,0.0008582257531928501,0.000909594659895482,-0.7564291508306731,-2.081695228178926,-5.981942017769026,-0.7564291508306731,False,False,False,False,False,False,0.0,False,-0.11444527172250285,中性,6180.TWO,橘子,6635690496.0,nan,1.7290876,2.59,370483,Communication Services,0.5350272816258824,0,v1,phase6a,2026-07-12,0,0,0,0,0,0,v1,559,0.11287758346581876,559,0.11287758346581876,559,0.11287758346581876,^TWII,yfinance,2y,2026-10-07,scan_20261008_175914,False,False
True,0,-0.10833342870076496,-0.19500009218851722,True,False,觀察 (跌勢收斂),7.309999942779541,2026-10-07 00:00:00,7.306999969482422,-0.017000007629394354,True,True,0.35099573101442155,False,0.0001467683708379397,28.185594256835206,0.00015249001834839257,0.00016395072674897296,-0.39340887620115117,-2.9152313602593516,-6.65481570316574,-0.39340887620115117,False,False,False,False,False,False,0.06116067961270848,False,-0.05920206425690633,中性,1213.TW,大飲,424669696.0,nan,0.68312234,0.0,14919,Consumer Defensive,0.5230291039512233,1,v1,phase6a,2026-07-12,0,1,2,1,1,1,v1,305,0.5166931637519873,305,0.5166931637519873,305,0.5166931637519873,^TWII,yfinance,2y,2026-10-07,scan_20261008_175914,False,False
False,0,0.6249996821085612,0.375,False,True,強烈買入 (爆發),19.0,2026-10-07 00:00:00,18.517499923706055,0.022500038146972656,False,True,1.2785754344977087,False,0.00038147730064968,33.912645334836846,0.0003892215079981162,0.00040783355290004576,-0.20900078032538572,-0.8293097572896646,-4.312194351429522,-0.20900078032538572,False,False,False,False,False,True,0.06551171721820855,False,-0.08433734939759041,中性,6916.TW,華凌,1268999936.0,nan,1.1707559,0.0,37046,Technology,0.4588479667363781,3,v1,phase6a,2026-07-12,0,3,5,3,3,3,v1,85,0.8664546899841018,85,0.8664546899841018,89,0.8600953895071543,^TWII,yfinance,2y,2026-10-07,scan_20261008_175914,False,False
True,0,-0.41666666666666663,1.666666666666667,True,False,賣出 (動能轉弱),134.5,2026-10-07 00:00:00,138.1,-0.07500000000001705,True,False,0.8022362207315884,False,0.0027004577335464188,78.40433008218452,0.0028884624018367918,0.0029394514567993384,-0.6804761962303729,-2.628847969204906,-4.7490409846040915,-0.6804761962303729,False,False,False,False,False,False,0.10970885841451897,False,-0.1487341772151899,中性,6206.TW,飛捷,19098777600.0,14.833333,3.6378996,4.06,1870670,Technology,0.52474441967619,1,v1,phase6a,2026-07-12,0,1,1,1,1,1,v1,394,0.3751987281399046,394,0.3751987281399046,394,0.3751987281399046,^TWII,yfinance,2y,2026-10-07,scan_20261008_175914,True,False
False,0,1.150000254313151,0.4833323160807292,False,True,強烈買入 (爆發),71.80000305175781,2026-10-07 00:00:00,69.325,0.12000007629394815,False,True,1.747506866576753,True,0.0014415827026749135,28.75183778042099,0.001456200825058871,0.0015311343603389143,-0.10555724432848024,-0.9871646083091767,-4.416937869572635,-0.10555724432848024,False,False,False,False,False,True,0.06122772342300194,False,0.0,中性,7736.TW,虎山,5343152128.0,12.761732,1.5244626,5.31,33766,Consumer Cyclical,0.726943084175553,3,v1,phase6a,2026-07-12,0,3,5,3,3,3,v1,88,0.8616852146263911,88,0.8616852146263911,92,0.8553259141494436,^TWII,yfinance,2y,2026-10-07,scan_20261008_175914,False,False
