is_squeezed,energy_level,momentum,prev_momentum,squeeze_on,fired,Signal,Close,timestamp,ma20,ma20_slope,ma20_converging,close_above_ma20,volume_expansion_ratio,volume_expansion,rs_ratio,rs_index,rs_ema20,rs_ema60,rs_slope_1d,rs_slope_5d,rs_slope_20d,rs_slope,rs_above_ema20,rs_above_ema60,rs_ema20_above_ema60,rs_new_high_60,rs_new_high_120,rs_rising_10,rs_percentile_60,rs_high_price_not_high,price_dist_to_high_60,rs_signal,ticker,name,ranking_score,ranking_score_version,feature_schema_version,feature_schema_date,rs_component_score,experimental_score,shadow_score_ma20,shadow_score_rs,composite_score,composite_score_v2,score_version,rank_position_v1,ranking_percentile_v1,rank_position,ranking_percentile,rank_position_v2,ranking_percentile_v2,benchmark_symbol,benchmark_source,benchmark_period,benchmark_last_date,scan_id,has_houyi,has_whale
True,0,-0.9999987284342446,-1.2666651407877603,True,False,觀察 (跌勢收斂),61.0,2026-09-30 00:00:00,60.89499988555908,-0.18499984741210795,True,True,0.8546332866367894,False,0.0012724204417407683,122.8016801418465,0.0013049953715500715,0.0014785521898854073,-0.2620663610199303,-2.4390816627007705,-9.976864374187077,-0.2620663610199303,False,False,False,False,False,False,0.037045543055689086,False,-0.3893893987158943,中性,4989.TW,榮科,1,v1,phase6a,2026-07-12,0,1,2,1,1,1,v1,341,0.4603174603174603,341,0.4603174603174603,343,0.45714285714285713,^TWII,yfinance,2y,2026-09-30,scan_20261001_173958,False,False
True,2,0.516668955485026,0.23333613077799478,True,False,買入 (動能增強),68.80000305175781,2026-09-30 00:00:00,68.39500045776367,0.010000228881835938,False,True,0.773086289314659,False,0.001435123447129244,40.718851621504314,0.0014592637221553506,0.0015042275873606338,-0.17383179855473552,-1.2826101651965516,-3.63120916237909,-0.17383179855473552,False,False,False,False,False,False,0.07452471457655252,False,-0.02687403081325901,中性,3310.TWO,佳穎,4,v1,phase6a,2026-07-12,0,4,6,4,4,4,v1,8,0.9888888888888889,8,0.9888888888888889,20,0.9698412698412698,^TWII,yfinance,2y,2026-09-30,scan_20261001_173958,False,True
True,0,1.25,2.416666666666667,True,False,觀望 (動能減弱),226.5,2026-09-30 00:00:00,226.4,0.7249999999999943,False,True,0.5730711764248693,False,0.004724643115644,78.13609965951784,0.0047552305806340695,0.004715412377075104,-0.0676634816910382,-0.02711309595270217,7.334841842015916,-0.0676634816910382,False,True,True,False,False,False,0.5437031262426016,False,-0.11176470588235299,中性,6271.TW,同欣電,1,v1,phase6a,2026-07-12,0,1,3,1,1,1,v1,362,0.42698412698412697,362,0.42698412698412697,363,0.4253968253968254,^TWII,yfinance,2y,2026-09-30,scan_20261001_173958,True,False
False,0,1.6166674296061196,0.5916671752929688,False,True,強烈買入 (爆發),54.70000076293945,2026-09-30 00:00:00,49.26249980926514,0.24250011444091513,False,True,2.3739589083004944,True,0.0011410065431803243,175.83020873574762,0.0010563838332578244,0.0010782967191392953,0.8503920041035284,0.5108583978100434,-1.3980718112214685,0.8503920041035284,True,True,False,False,False,True,0.3112800918634683,False,-0.16232774568810715,偏強 (RS上升),3481.TW,群創,3,v1,phase6a,2026-07-12,1,4,5,4,3,4,v1,45,0.9301587301587302,45,0.9301587301587302,37,0.9428571428571428,^TWII,yfinance,2y,2026-09-30,scan_20261001_173958,False,False
True,0,0.49166679382324213,0.3833335240681966,True,False,買入 (動能增強),32.25,2026-09-30 00:00:00,31.85749979019165,-0.029999923706053977,False,True,0.253456192840361,False,0.0006727140860022915,18.341498048721146,0.0006829386189777827,0.0007218015838727061,-0.1573454981238176,-1.0553618048768199,-5.099708106071099,-0.1573454981238176,False,False,False,False,False,False,0.04874183198447945,False,-0.06521739130434778,中性,6593.TWO,台灣銘板,2,v1,phase6a,2026-07-12,0,2,3,2,2,2,v1,208,0.6714285714285714,208,0.6714285714285714,210,0.6682539682539682,^TWII,yfinance,2y,2026-09-30,scan_20261001_173958,False,False
True,1,-0.29999955495198566,-0.2416664759318034,True,False,賣出 (動能轉弱),23.850000381469727,2026-09-30 00:00:00,23.382500076293944,-0.022499942779543147,True,True,0.5351397346238732,False,0.0004974955413263476,26.525370266382055,0.00049976219008453,0.0005336862670511016,-0.047718846335831344,-2.0804854084794377,-5.934393075301381,-0.047718846335831344,False,False,False,False,False,False,0.3119750795094966,False,-0.06824920310344429,中性,6692.TWO,進能服,0,v1,phase6a,2026-07-12,0,0,1,0,0,0,v1,580,0.08095238095238096,580,0.08095238095238096,580,0.08095238095238096,^TWII,yfinance,2y,2026-09-30,scan_20261001_173958,False,False
True,1,0.16666793823242182,0.08333587646484374,True,False,買入 (動能增強),72.19999694824219,2026-09-30 00:00:00,72.35500030517578,0.03999977111816122,False,False,0.4059536259686275,False,0.001506045114927286,93.48740396740473,0.0015418559009898111,0.0015884444971793088,-0.24388550340860293,-1.5038426688929962,-3.7546804546445545,-0.24388550340860293,False,False,False,False,False,False,0.053926571371533755,False,-0.19148942350656528,中性,6548.TWO,長科*,3,v1,phase6a,2026-07-12,0,3,4,3,3,3,v1,69,0.8920634920634921,69,0.8920634920634921,79,0.8761904761904762,^TWII,yfinance,2y,2026-09-30,scan_20261001_173958,True,False
True,0,0.09166717529296874,-0.23333358764648438,True,False,買入 (動能增強),33.20000076293945,2026-09-30 00:00:00,32.59499969482422,0.0,False,True,1.3341124550070576,False,0.0006925304858454634,56.620479210652256,0.0006994221606944403,0.00075843622759875,-0.10361236082638836,-1.3194963107116098,-7.005273512523025,-0.10361236082638836,False,False,False,False,False,False,0.07888264354379947,False,-0.18024689474223576,中性,1570.TWO,力肯,2,v1,phase6a,2026-07-12,0,2,3,2,2,2,v1,97,0.8476190476190476,97,0.8476190476190476,114,0.8206349206349206,^TWII,yfinance,2y,2026-09-30,scan_20261001_173958,False,False
True,0,-5.666666666666666,-4.583333333333333,True,False,賣出 (動能轉弱),161.0,2026-09-30 00:00:00,165.575,-0.700000000000017,False,False,0.2773412421224098,False,0.0033583555921354704,130.87533178032092,0.003517928659721431,0.0038423755833567855,-0.4752041839151455,-2.058678089293353,-6.472471565838422,-0.4752041839151455,False,False,False,False,False,False,0.1300069328365627,False,-0.4738562091503268,中性,3090.TW,日電貿,0,v1,phase6a,2026-07-12,0,0,0,0,0,0,v1,488,0.22698412698412698,488,0.22698412698412698,494,0.21746031746031746,^TWII,yfinance,2y,2026-09-30,scan_20261001_173958,False,False
False,0,0.6750001907348633,0.6583334604899088,False,True,強烈買入 (爆發),17.350000381469727,2026-09-30 00:00:00,16.655000114440917,0.027500057220457563,False,True,1.8591545359372494,True,0.00036190975655069193,32.837356646173475,0.00035695035773028244,0.0003546444960387829,0.1464647891395554,-0.2444111159216611,-1.9374162653773896,0.1464647891395554,True,True,True,False,False,False,0.6302542152796659,False,-0.03611108991834855,中性,1336.TWO,台翰,3,v1,phase6a,2026-07-12,1,4,5,4,3,4,v1,25,0.9619047619047619,25,0.9619047619047619,33,0.9492063492063492,^TWII,yfinance,2y,2026-09-30,scan_20261001_173958,False,False
False,0,-0.0666662851969401,-0.0666662851969401,False,True,強烈賣出 (跌破),19.149999618530273,2026-09-30 00:00:00,19.112499904632568,-0.0025000572204589844,True,True,0.6069577591119534,False,0.0003994565733433743,30.81056701818487,0.00040958736644465386,0.0004407503621880089,-0.25968330570478315,-1.5517625491776155,-7.022193765530216,-0.25968330570478315,False,False,False,False,False,False,0.006668214263805858,False,-0.13016928236668868,中性,3492.TWO,長盛,0,v1,phase6a,2026-07-12,0,0,1,0,0,0,v1,500,0.20793650793650795,500,0.20793650793650795,506,0.1984126984126984,^TWII,yfinance,2y,2026-09-30,scan_20261001_173958,False,False
True,0,7.916666666666666,5.833333333333333,True,False,買入 (動能增強),358.5,2026-09-30 00:00:00,356.65,0.024999999999977263,False,True,0.793042743506148,False,0.007478077514165007,69.76767533699794,0.007602280006186482,0.007578878941944373,-0.17167877697812362,-0.33162738526227864,-1.3361175073088205,-0.17167877697812362,False,False,True,False,False,False,0.31227442375427533,False,-0.09811320754716979,中性,2376.TW,技嘉,5,v1,phase6a,2026-07-12,0,5,7,5,5,5,v1,1,1.0,1,1.0,4,0.9952380952380953,^TWII,yfinance,2y,2026-09-30,scan_20261001_173958,True,True
True,1,0.9000008900960286,0.48333422342936194,True,False,買入 (動能增強),64.5,2026-09-30 00:00:00,64.42500095367431,0.09999999999999432,False,True,0.38685280734246624,False,0.001345428172004583,32.34771904363517,0.0013725895093438184,0.001437213646819684,-0.20786586617634883,-1.0242639469920434,-2.3023865071675087,-0.20786586617634883,False,False,False,False,False,False,0.06759952729017311,False,-0.058394160583941646,中性,8272.TWO,全景軟體,2,v1,phase6a,2026-07-12,0,2,4,2,2,2,v1,228,0.6396825396825396,228,0.6396825396825396,228,0.6396825396825396,^TWII,yfinance,2y,2026-09-30,scan_20261001_173958,False,False
True,1,0.9249992370605468,0.9416669209798176,True,False,觀望 (動能減弱),38.099998474121094,2026-09-30 00:00:00,37.95249996185303,0.07749996185302876,False,True,2.135328491070941,True,0.0007947412604715371,22.07111248591208,0.0008099933556958769,0.0008210067369513291,-0.19781739818711674,-0.5872466543348831,-1.1429754283001747,-0.19781739818711674,False,False,False,False,False,False,0.41753587844027523,False,-0.03422058967579522,中性,6887.TW,寶綠特-KY,0,v1,phase6a,2026-07-12,0,0,2,0,0,0,v1,590,0.06507936507936508,590,0.06507936507936508,590,0.06507936507936508,^TWII,yfinance,2y,2026-09-30,scan_20261001_173958,False,False
True,0,-0.8083337148030598,-0.9416669209798176,True,False,觀察 (跌勢收斂),36.25,2026-09-30 00:00:00,36.13999977111816,-0.07250003814697692,True,True,1.273364827698553,False,0.0007561514920180795,56.69400270877536,0.0007656665022590444,0.0007658864234466769,-0.1306406316512243,-1.7451168324373434,-3.2431299745508957,-0.1306406316512243,False,False,False,False,False,False,0.5151881559689453,False,-0.05104713937155958,中性,1608.TW,華榮,1,v1,phase6a,2026-07-12,0,1,2,1,1,1,v1,269,0.5746031746031746,269,0.5746031746031746,272,0.5698412698412698,^TWII,yfinance,2y,2026-09-30,scan_20261001_173958,False,False
True,0,-0.5166664123535155,-0.5749998092651367,True,False,觀察 (跌勢收斂),22.649999618530273,2026-09-30 00:00:00,22.902499866485595,-0.040000057220460405,True,False,2.8044660296679513,True,0.0004724643036071889,25.338108536846843,0.00048511223425890356,0.0004951199075281863,-0.2736928050605103,-1.7556821306851433,-3.3862894011945643,-0.2736928050605103,False,False,False,False,False,False,0.04685744313224625,False,-0.04631580553556747,中性,5704.TWO,老爺知,1,v1,phase6a,2026-07-12,0,1,1,1,1,1,v1,352,0.44285714285714284,352,0.44285714285714284,354,0.4396825396825397,^TWII,yfinance,2y,2026-09-30,scan_20261001_173958,False,False
True,2,-0.133332888285319,-0.1916662851969401,True,False,觀察 (跌勢收斂),17.600000381469727,2026-09-30 00:00:00,17.619999885559082,-0.014999961853028765,False,False,1.1595834026099152,False,0.0003671245944266787,41.83238288466112,0.00037487401108226616,0.0003787540491970486,-0.21712812036125406,-1.391152492017489,-3.6186811359243842,-0.21712812036125406,False,False,False,False,False,False,0.3623049343482751,False,-0.04864862802866343,中性,1742.TWO,台蠟,1,v1,phase6a,2026-07-12,0,1,1,1,1,1,v1,272,0.5698412698412698,272,0.5698412698412698,275,0.5650793650793651,^TWII,yfinance,2y,2026-09-30,scan_20261001_173958,False,False
True,0,-0.8333333333333334,-1.0,True,False,觀察 (跌勢收斂),209.0,2026-09-30 00:00:00,209.175,-0.024999999999977263,False,False,1.3894300618296378,False,0.004359604464324927,48.92170547515308,0.004456317122227256,0.004593961028841565,-0.22792534872222436,-1.3999880093925055,-3.8463697925128937,-0.22792534872222436,False,False,False,False,False,False,0.038007294164850824,False,-0.02336448598130836,中性,3130.TW,一零四,1,v1,phase6a,2026-07-12,0,1,1,1,1,1,v1,310,0.5095238095238095,310,0.5095238095238095,313,0.5047619047619047,^TWII,yfinance,2y,2026-09-30,scan_20261001_173958,False,False
True,1,-0.5666681925455729,-0.3833351135253906,True,False,賣出 (動能轉弱),64.19999694824219,2026-09-30 00:00:00,64.4099988937378,0.019999885559087716,False,False,1.8067595902595281,True,0.0013391703028957098,39.76184218813545,0.0013708811644970941,0.001410695405636791,-0.24290051786118871,-1.6100885907903373,-3.6581380815132403,-0.24290051786118871,False,False,False,False,False,False,0.04237312308457537,False,-0.03458651205650842,中性,2015.TW,豐興,0,v1,phase6a,2026-07-12,0,0,1,0,0,0,v1,433,0.3142857142857143,433,0.3142857142857143,442,0.3,^TWII,yfinance,2y,2026-09-30,scan_20261001_173958,False,False
True,0,-0.16666666666666669,-0.150000254313151,True,False,賣出 (動能轉弱),68.80000305175781,2026-09-30 00:00:00,68.7450008392334,0.05500030517578125,False,True,0.5400422176449138,False,0.001435123447129244,23.021062127831044,0.0014682410423951184,0.0015384324871350556,-0.23686882218807437,-1.068802383463996,-4.107911667470631,-0.23686882218807437,False,False,False,False,False,False,0.005158069731463787,False,-0.04178272802909799,中性,9910.TW,豐泰,0,v1,phase6a,2026-07-12,0,0,2,0,0,0,v1,620,0.01746031746031746,620,0.01746031746031746,620,0.01746031746031746,^TWII,yfinance,2y,2026-09-30,scan_20261001_173958,False,False
True,2,-6.357828776018537e-07,-0.06666755676269531,True,False,觀察 (跌勢收斂),56.29999923706055,2026-09-30 00:00:00,56.09499988555908,-0.020000076293946734,False,True,0.515211114020688,False,0.001174381473757795,48.87695865084096,0.0011976773199285592,0.0012369534668145762,-0.20432747504521842,-1.3651854852697154,-4.452178564093678,-0.20432747504521842,False,False,False,False,False,False,0.033908874830013425,False,-0.02595155743597699,中性,1720.TW,生達,1,v1,phase6a,2026-07-12,0,1,2,1,1,1,v1,270,0.573015873015873,270,0.573015873015873,273,0.5682539682539682,^TWII,yfinance,2y,2026-09-30,scan_20261001_173958,False,False
True,0,0.09313106536865234,-0.005941073099772133,True,False,買入 (動能增強),23.950000762939453,2026-09-30 00:00:00,23.80149326324463,-0.008912467956541548,True,True,1.4334508865816666,False,0.0004995814844339534,50.40835834754725,0.0005084265288098234,0.0005273457138138446,-0.18279050476680547,-1.2025652463017011,-4.900324956041501,-0.18279050476680547,False,False,False,False,False,False,0.11372764855557348,False,-0.027319523422355996,中性,5278.TWO,尚凡*,4,v1,phase6a,2026-07-12,0,4,5,4,4,4,v1,11,0.9841269841269841,11,0.9841269841269841,22,0.9666666666666667,^TWII,yfinance,2y,2026-09-30,scan_20261001_173958,False,True
True,1,-0.04666670163472494,-0.0449999968210856,True,False,賣出 (動能轉弱),8.0,2026-09-30 00:00:00,8.00849997997284,-0.0005000114440925074,True,False,1.161328675600084,False,0.00016687481203157616,34.32667226415846,0.00017055760336860622,0.00017734426875920103,-0.22677565512527753,-1.5088255180973453,-3.9119857429535276,-0.22677565512527753,False,False,False,False,False,False,0.027719174906443975,False,-0.03599905629447109,中性,1806.TW,冠軍,0,v1,phase6a,2026-07-12,0,0,0,0,0,0,v1,429,0.32063492063492066,429,0.32063492063492066,438,0.30634920634920637,^TWII,yfinance,2y,2026-09-30,scan_20261001_173958,False,False
True,0,-0.18333371480305988,-0.02500057220458983,True,False,賣出 (動能轉弱),19.600000381469727,2026-09-30 00:00:00,19.75999994277954,0.0025000572204589844,False,False,0.8282536169113947,False,0.00040884329743457273,32.547711299873555,0.000421376915490884,0.00044080364715521253,-0.3121220583562234,-1.5849394116853932,-4.200592231893541,-0.3121220583562234,False,False,False,False,False,False,0.0,False,-0.05995203727242748,中性,3703.TW,欣陸,0,v1,phase6a,2026-07-12,0,0,1,0,0,0,v1,506,0.1984126984126984,506,0.1984126984126984,511,0.19047619047619047,^TWII,yfinance,2y,2026-09-30,scan_20261001_173958,False,False
True,1,0.008333841959635435,-0.09999910990397134,True,False,買入 (動能增強),50.20000076293945,2026-09-30 00:00:00,49.87250022888183,0.0,False,True,0.6444150201765914,False,0.0010471394614125628,43.52837324616909,0.0010625411144209239,0.0010947385527244576,-0.15234767947663874,-1.352169319666341,-3.426314646719375,-0.15234767947663874,False,False,False,False,False,False,0.09857716332092041,False,-0.09057970889299216,中性,8070.TW,長華*,3,v1,phase6a,2026-07-12,0,3,4,3,3,3,v1,74,0.8841269841269841,74,0.8841269841269841,83,0.8698412698412699,^TWII,yfinance,2y,2026-09-30,scan_20261001_173958,True,False
True,0,0.04166698455810547,0.3083337148030599,True,False,觀望 (動能減弱),23.899999618530273,2026-09-30 00:00:00,23.85250005722046,0.00500001907348846,False,True,0.814723504793481,False,0.0004985384929871227,29.485527008684013,0.0005104812376337486,0.0005436912734372225,-0.24565893285523055,-1.8277733494354131,-5.720729542349668,-0.24565893285523055,False,False,False,False,False,False,0.05956056521652836,False,-0.09125474099437703,中性,4523.TWO,永彰,0,v1,phase6a,2026-07-12,0,0,2,0,0,0,v1,524,0.16984126984126985,524,0.16984126984126985,527,0.16507936507936508,^TWII,yfinance,2y,2026-09-30,scan_20261001_173958,False,False
True,0,1.7833328247070312,0.5666669209798176,True,False,買入 (動能增強),82.19999694824219,2026-09-30 00:00:00,78.30999946594238,0.3699996948242159,False,True,0.8191527752363578,False,0.0017146386299667562,11.885891240145666,0.0016952045366742002,0.0019442915320159796,0.12082115270424243,-0.2704234066360889,-8.029120601649053,0.12082115270424243,True,False,False,False,False,True,0.19013041828051744,False,-0.19014781331781094,中性,6535.TWO,順藥,2,v1,phase6a,2026-07-12,0,2,4,2,2,2,v1,203,0.6793650793650794,203,0.6793650793650794,206,0.6746031746031746,^TWII,yfinance,2y,2026-09-30,scan_20261001_173958,False,False
True,0,-1.0166651407877603,-1.6333312988281248,True,False,觀察 (跌勢收斂),80.19999694824219,2026-09-30 00:00:00,81.24499969482422,-0.13500022888183594,True,False,0.975943004928512,False,0.0016729199269588622,35.94660641987692,0.0017307419899687114,0.0018347472132816639,-0.3504394859995985,-1.9912876452656936,-6.26935578619846,-0.3504394859995985,False,False,False,False,False,False,0.010963088688276121,False,-0.09684691225182773,中性,7823.TW,奧義賽博-KY創,1,v1,phase6a,2026-07-12,0,1,1,1,1,1,v1,377,0.4031746031746032,377,0.4031746031746032,378,0.4015873015873016,^TWII,yfinance,2y,2026-09-30,scan_20261001_173958,False,False
True,0,-0.20166667302449542,-0.12166674931844075,True,False,賣出 (動能轉弱),8.180000305175781,2026-09-30 00:00:00,8.321500015258788,0.001999998092649946,False,False,0.4303031793257764,False,0.00017062950166805554,30.56368955597482,0.00017738949194649075,0.00019052899585766473,-0.3995360188251862,-2.4977906405868167,-5.8237527610231705,-0.3995360188251862,False,False,False,False,False,False,0.06036694564836553,False,-0.12043009275149086,中性,6616.TWO,特昇-KY,0,v1,phase6a,2026-07-12,0,0,1,0,0,0,v1,576,0.0873015873015873,576,0.0873015873015873,576,0.0873015873015873,^TWII,yfinance,2y,2026-09-30,scan_20261001_173958,False,False
True,1,-0.1333335240681966,-0.18333339691162107,True,False,觀察 (跌勢收斂),17.75,2026-09-30 00:00:00,17.722500133514405,-0.007499980926514382,True,True,0.6710020856981497,False,0.00037025348919505964,41.55448589629591,0.0003788623701582168,0.00039622934023391933,-0.23861848296869992,-1.6568770734191052,-6.008311635205499,-0.23861848296869992,False,False,False,False,False,False,0.057288804813963354,False,-0.048257353187077356,中性,9928.TW,中視,1,v1,phase6a,2026-07-12,0,1,2,1,1,1,v1,395,0.3746031746031746,395,0.3746031746031746,396,0.373015873015873,^TWII,yfinance,2y,2026-09-30,scan_20261001_173958,False,False
True,0,-0.1833333969116211,-0.20833333333333331,True,False,觀察 (跌勢收斂),16.850000381469727,2026-09-30 00:00:00,16.95499963760376,-0.12249994277954102,False,False,0.8647839583985902,False,0.0003514800807987184,30.017401238393187,0.00036284571848732236,0.0003845456132411998,-0.3286386134962682,-1.70603731919321,-7.630849898145186,-0.3286386134962682,False,False,False,False,False,False,0.003212464252446505,False,-0.28902954265644243,中性,4716.TWO,大立,1,v1,phase6a,2026-07-12,0,1,1,1,1,1,v1,337,0.4666666666666667,337,0.4666666666666667,339,0.4634920634920635,^TWII,yfinance,2y,2026-09-30,scan_20261001_173958,False,False
True,2,0.3333333333333333,0.75,True,False,觀望 (動能減弱),118.5,2026-09-30 00:00:00,119.7,-0.14999999999999147,False,False,1.0376920291434975,False,0.002471833153217722,107.82225585007444,0.002561141860484797,0.002633857920768845,-0.3657171799824055,-1.7985912085779376,-5.800690622150306,-0.3657171799824055,False,False,False,False,False,False,0.0049488456116595254,False,-0.21175163630218286,中性,6574.TWO,霈方,3,v1,phase6a,2026-07-12,0,3,3,3,3,3,v1,70,0.8904761904761904,70,0.8904761904761904,80,0.8746031746031746,^TWII,yfinance,2y,2026-09-30,scan_20261001_173958,True,True
True,0,0.3666666348775227,0.25,True,False,買入 (動能增強),12.350000381469727,2026-09-30 00:00:00,12.040000057220459,-0.027499961853028054,False,True,0.3529958562208656,False,0.0002576129990309568,29.42885492917702,0.00025953209596829276,0.00027127301660246814,-0.07777577111730549,-0.6673287229145952,-7.044496504006547,-0.07777577111730549,False,False,False,False,False,False,0.12624430712374157,False,-0.1393728185946682,中性,3672.TWO,康聯訊,2,v1,phase6a,2026-07-12,0,2,3,2,2,2,v1,151,0.7619047619047619,151,0.7619047619047619,161,0.746031746031746,^TWII,yfinance,2y,2026-09-30,scan_20261001_173958,False,False
True,0,1.4166666666666667,1.4166666666666665,True,False,買入 (動能增強),108.0,2026-09-30 00:00:00,107.9,-0.024999999999991473,False,True,1.0580976770592998,False,0.002252809962426278,44.619217690242074,0.0023089082237667783,0.00240393830434691,-0.2550996286022844,-1.1887244612983072,-4.516349071352776,-0.2550996286022844,False,False,False,False,False,False,0.0,False,-0.060869565217391286,中性,3679.TW,新至陞,2,v1,phase6a,2026-07-12,0,2,3,2,2,2,v1,152,0.7603174603174603,152,0.7603174603174603,162,0.7444444444444445,^TWII,yfinance,2y,2026-09-30,scan_20261001_173958,False,False
True,0,7.583333333333332,6.5,True,False,買入 (動能增強),142.5,2026-09-30 00:00:00,137.7,0.674999999999983,False,True,1.9002687984232454,True,0.0029724575893124504,52.25013819517162,0.002951996584662084,0.0031971936999154603,0.07301372015711127,0.3800544018934593,0.5255285602855597,0.07301372015711127,True,False,False,False,False,True,0.2411652757235755,False,-0.11764705882352944,偏強 (RS上升),6568.TWO,宏觀,2,v1,phase6a,2026-07-12,1,3,4,3,2,3,v1,205,0.6761904761904762,205,0.6761904761904762,97,0.8476190476190476,^TWII,yfinance,2y,2026-09-30,scan_20261001_173958,False,False
True,0,-2.1166674296061196,-3.1333338419596353,True,False,觀察 (跌勢收斂),86.80000305175781,2026-09-30 00:00:00,84.98730850219727,0.1284618377685547,False,True,2.4045319059561083,True,0.0018105917742002903,32.59639360384848,0.0017959492307062298,0.001923455421475222,0.08589576310467084,-1.0102343320514962,-2.0805137099901505,0.08589576310467084,True,False,False,False,False,True,0.18900771135020747,False,-0.14088748945275442,中性,3013.TW,晟銘電,1,v1,phase6a,2026-07-12,0,1,3,1,1,1,v1,307,0.5142857142857142,307,0.5142857142857142,310,0.5095238095238095,^TWII,yfinance,2y,2026-09-30,scan_20261001_173958,False,False
True,0,-0.6333325703938801,-0.5499979654947916,True,False,賣出 (動能轉弱),72.0999984741211,2026-09-30 00:00:00,73.24500045776367,-0.07999992370605469,True,False,2.1430679620180353,True,0.0015039592116057358,91.70759052761242,0.0015613180675154233,0.0016065758774723776,-0.38522039125876706,-1.7742880457781052,-5.297156237750555,-0.38522039125876706,False,False,False,False,False,False,0.0,False,-0.14976419953529074,中性,2423.TW,固緯,0,v1,phase6a,2026-07-12,0,0,0,0,0,0,v1,446,0.29365079365079366,446,0.29365079365079366,454,0.28095238095238095,^TWII,yfinance,2y,2026-09-30,scan_20261001_173958,False,False
True,0,1.016667048136393,0.5,True,False,買入 (動能增強),51.79999923706055,2026-09-30 00:00:00,50.68499984741211,0.1600000381469684,False,True,1.3296522451353094,False,0.0010805143919900334,29.04537332991336,0.0010819273426909335,0.0011217513775579723,-0.013745027383271768,-0.27775510454857155,-1.6158197988547784,-0.013745027383271768,False,False,False,False,False,True,0.14604175371731384,False,-0.09524872723056965,中性,3545.TW,敦泰,2,v1,phase6a,2026-07-12,0,2,4,2,2,2,v1,145,0.7714285714285715,145,0.7714285714285715,155,0.7555555555555555,^TWII,yfinance,2y,2026-09-30,scan_20261001_173958,False,False
True,0,-0.8333333333333335,1.5833333333333335,True,False,賣出 (動能轉弱),108.0,2026-09-30 00:00:00,110.65,-0.125,True,False,0.4609202137319238,False,0.002252809962426278,136.8827602477099,0.0023325098263295187,0.0022886946431678636,-0.3583861727639803,-0.9253234744000527,4.634608606908008,-0.3583861727639803,False,False,True,False,False,False,0.6864123379893033,False,-0.08860759493670889,中性,6588.TWO,東典光電,1,v1,phase6a,2026-07-12,0,1,1,1,1,1,v1,369,0.4158730158730159,369,0.4158730158730159,370,0.4142857142857143,^TWII,yfinance,2y,2026-09-30,scan_20261001_173958,True,False
True,0,-0.18333355585734046,-0.17500019073486325,True,False,賣出 (動能轉弱),15.899999618530273,2026-09-30 00:00:00,16.03750009536743,-0.007499980926514382,True,False,0.19868202700504586,False,0.0003316636809555465,23.715725805022974,0.0003416756666756082,0.00036198036543454615,-0.30749995243177786,-1.8167229402546559,-4.687636777443549,-0.30749995243177786,False,False,False,False,False,False,0.03808587483075388,False,-0.07017548164734688,中性,4930.TW,燦星網,0,v1,phase6a,2026-07-12,0,0,0,0,0,0,v1,532,0.15714285714285714,532,0.15714285714285714,533,0.15555555555555556,^TWII,yfinance,2y,2026-09-30,scan_20261001_173958,False,False
True,0,0.29166698455810547,0.28333377838134766,True,False,買入 (動能增強),25.049999237060547,2026-09-30 00:00:00,24.722499942779542,0.027499961853028054,False,True,0.8469381909042877,False,0.0005225267392594507,55.72309591664095,0.0005289863010171942,0.0005432898247606671,-0.12837402099213913,-1.0622404602623203,-3.9848691881398723,-0.12837402099213913,False,False,False,False,False,False,0.1505510907831297,False,-0.013779542784496224,中性,6136.TW,富爾特,4,v1,phase6a,2026-07-12,0,4,6,4,4,4,v1,14,0.9793650793650793,14,0.9793650793650793,25,0.9619047619047619,^TWII,yfinance,2y,2026-09-30,scan_20261001_173958,False,True
True,0,-0.38333384195963544,-0.5000003178914387,True,False,觀察 (跌勢收斂),22.399999618530273,2026-09-30 00:00:00,22.355000019073486,-0.015000057220458274,True,True,0.7279750909215065,False,0.0004672494657312022,29.08803212887956,0.00047485918456766167,0.00048703662941460707,-0.16840236425351707,-1.4647783002797343,-3.7032580853899266,-0.16840236425351707,False,False,False,False,False,False,0.2312145369084064,False,-0.10040160796386244,中性,2613.TW,中櫃,2,v1,phase6a,2026-07-12,0,2,3,2,2,2,v1,120,0.8111111111111111,120,0.8111111111111111,134,0.7888888888888889,^TWII,yfinance,2y,2026-09-30,scan_20261001_173958,True,False
True,0,-0.09166669845581055,-0.15000009536743164,True,False,觀察 (跌勢收斂),12.75,2026-09-30 00:00:00,12.7625,-0.01750001907348775,True,False,2.183141660473622,True,0.0002659567316753245,32.451634810712065,0.0002725597421870238,0.0002898291725171357,-0.254361039015083,-1.663219880320388,-6.04975854613804,-0.254361039015083,False,False,False,False,False,False,0.07432416223823786,False,-0.06593403983019153,中性,4121.TWO,優盛,1,v1,phase6a,2026-07-12,0,1,1,1,1,1,v1,321,0.49206349206349204,321,0.49206349206349204,324,0.4873015873015873,^TWII,yfinance,2y,2026-09-30,scan_20261001_173958,False,False
True,0,-11.333333333333332,-7.583333333333332,True,False,賣出 (動能轉弱),495.0,2026-09-30 00:00:00,501.9,-2.25,False,False,0.7549462625620662,False,0.010325378994453776,389.6103762660282,0.010474457240624768,0.010296537093097762,-0.14959221205328443,-0.4085726405856249,7.647284375340013,-0.14959221205328443,False,True,True,False,False,False,0.7173410309084717,False,-0.08839779005524862,中性,8358.TWO,金居,0,v1,phase6a,2026-07-12,0,0,0,0,0,0,v1,610,0.03333333333333333,610,0.03333333333333333,610,0.03333333333333333,^TWII,yfinance,2y,2026-09-30,scan_20261001_173958,False,False
False,0,-0.26666704813639325,-0.13333384195963538,False,True,強烈賣出 (跌破),56.900001525878906,2026-09-30 00:00:00,57.86499996185303,-0.06999988555907777,True,False,0.5771905778035793,False,0.00118689713240343,81.8354216510575,0.0012356154864668026,0.0012604283267586866,-0.4133204669528934,-1.9447831706878027,-5.782284643126722,-0.4133204669528934,False,False,False,False,False,False,0.0,False,-0.07479672315644059,中性,2832.TW,台產,0,v1,phase6a,2026-07-12,0,0,0,0,0,0,v1,476,0.24603174603174602,476,0.24603174603174602,484,0.23333333333333334,^TWII,yfinance,2y,2026-09-30,scan_20261001_173958,False,False
True,2,-2.416666666666666,-1.1666666666666665,True,False,賣出 (動能轉弱),348.0,2026-09-30 00:00:00,349.75,0.0,False,False,1.1389909563000826,False,0.007259054323373563,154.2893098372941,0.007343245374848935,0.007472938740887228,-0.12053980216329974,-0.7547072087872086,5.259741953508734,-0.12053980216329974,False,False,False,False,False,False,0.5853295528481931,False,-0.027932960893854775,中性,6983.TWO,華洋精機,0,v1,phase6a,2026-07-12,0,0,0,0,0,0,v1,594,0.05873015873015873,594,0.05873015873015873,594,0.05873015873015873,^TWII,yfinance,2y,2026-09-30,scan_20261001_173958,False,False
True,0,-0.275000254313151,-0.28333409627278644,True,False,觀察 (跌勢收斂),40.0,2026-09-30 00:00:00,39.50250015258789,-0.042499923706053266,True,True,1.1429772990160483,False,0.0008343740601578809,42.452613156285054,0.0008427178445822647,0.000867369130306654,-0.10411298227601673,-1.3096307529546047,-4.878439475480356,-0.10411298227601673,False,False,False,False,False,False,0.1583996083571381,False,-0.07407409042651403,中性,2009.TW,第一銅,2,v1,phase6a,2026-07-12,0,2,3,2,2,2,v1,101,0.8412698412698413,101,0.8412698412698413,117,0.8158730158730159,^TWII,yfinance,2y,2026-09-30,scan_20261001_173958,True,False
True,0,-0.2416667938232422,-0.14166704813639322,True,False,賣出 (動能轉弱),40.95000076293945,2026-09-30 00:00:00,41.01750030517578,0.007500076293943891,False,False,0.8892226218234991,False,0.0008541904600010528,42.070231515032994,0.0008730465479882858,0.0008926195285083766,-0.2268320163755666,-1.3841173422746489,-3.1277155708010373,-0.2268320163755666,False,False,False,False,False,False,0.02408601191621904,False,-0.013252993664109591,中性,8481.TW,政伸,0,v1,phase6a,2026-07-12,0,0,1,0,0,0,v1,616,0.023809523809523808,616,0.023809523809523808,616,0.023809523809523808,^TWII,yfinance,2y,2026-09-30,scan_20261001_173958,False,False
True,0,-1.589457194056676e-07,0.17500003178914383,True,False,賣出 (動能轉弱),12.199999809265137,2026-09-30 00:00:00,12.390000104904175,-0.0025000095367424535,True,False,0.5813545301086396,False,0.0002544840843695481,32.185588816585636,0.0002644256887972009,0.00027642063388374626,-0.39419750209652715,-1.8860601471764604,-4.2217399141679435,-0.39419750209652715,False,False,False,False,False,False,0.0,False,-0.05390873255202788,中性,1454.TW,台富,0,v1,phase6a,2026-07-12,0,0,0,0,0,0,v1,410,0.35079365079365077,410,0.35079365079365077,419,0.33650793650793653,^TWII,yfinance,2y,2026-09-30,scan_20261001_173958,False,False
True,0,-0.3833332061767578,-0.400000254313151,True,False,觀察 (跌勢收斂),51.0,2026-09-30 00:00:00,51.21000003814697,-0.014999961853028765,False,False,1.153038567360139,False,0.001063826926701298,31.62585124257302,0.00109126359056024,0.001135849103739362,-0.263955170412733,-1.510370883753931,-4.306950679597943,-0.263955170412733,False,False,False,False,False,False,0.028430234579460045,False,-0.022988520026831494,中性,6281.TW,全國電,1,v1,phase6a,2026-07-12,0,1,1,1,1,1,v1,364,0.4238095238095238,364,0.4238095238095238,365,0.4222222222222222,^TWII,yfinance,2y,2026-09-30,scan_20261001_173958,False,False
True,2,-0.3416663805643717,-0.30833307902018225,True,False,賣出 (動能轉弱),12.550000190734863,2026-09-30 00:00:00,12.834999990463256,-0.029999971389770508,True,False,1.9598378020214087,True,0.0002617848653531407,32.20585246845436,0.0002744464516416415,0.00029591171122710303,-0.4832845675393549,-2.706149197002894,-8.921846940700917,-0.4832845675393549,False,False,False,False,False,False,0.010015158992864688,False,-0.27034885848516166,中性,8024.TWO,佑華,0,v1,phase6a,2026-07-12,0,0,0,0,0,0,v1,604,0.04285714285714286,604,0.04285714285714286,604,0.04285714285714286,^TWII,yfinance,2y,2026-09-30,scan_20261001_173958,False,False
False,0,4.75,3.4166666666666665,False,True,強烈買入 (爆發),291.0,2026-09-30 00:00:00,282.825,0.5999999999999659,False,True,1.1219957042229456,False,0.006070071287648584,41.93340285902639,0.006091690976034822,0.006535018464656126,-0.03734442231233537,-0.8154423084185569,-6.876891505374716,-0.03734442231233537,False,False,False,False,False,True,0.05392797900845453,False,-0.23821989528795806,中性,3413.TW,京鼎,3,v1,phase6a,2026-07-12,0,3,5,3,3,3,v1,44,0.9317460317460318,44,0.9317460317460318,61,0.9047619047619048,^TWII,yfinance,2y,2026-09-30,scan_20261001_173958,False,False
True,0,0.30000178019205725,0.4833348592122397,True,False,觀望 (動能減弱),83.4000015258789,2026-09-30 00:00:00,82.40000076293946,0.08500022888183878,False,True,0.7080886562701042,False,0.001739669947258026,43.90964021401474,0.0017682138880796886,0.001873362065086076,-0.16963606279337684,-1.4730049815960156,-6.204798690354529,-0.16963606279337684,False,False,False,False,False,False,0.06666370967918152,False,-0.06399250673744583,中性,4129.TWO,聯合,0,v1,phase6a,2026-07-12,0,0,2,0,0,0,v1,512,0.18888888888888888,512,0.18888888888888888,517,0.18095238095238095,^TWII,yfinance,2y,2026-09-30,scan_20261001_173958,False,False
True,0,1.5999997456868489,0.9833335876464843,True,False,買入 (動能增強),85.5999984741211,2026-09-30 00:00:00,83.29000053405761,0.1700000762939453,False,True,0.9277440118013648,False,0.0017855604569090207,80.5554663821503,0.001785190437567791,0.0018884885932080977,0.002181854290683738,-0.5471561906384537,-4.53231591241765,0.002181854290683738,True,False,False,False,False,True,0.1396207677835858,False,-0.12346190486532671,中性,3528.TW,安馳,2,v1,phase6a,2026-07-12,0,2,4,2,2,2,v1,142,0.7761904761904762,142,0.7761904761904762,152,0.7603174603174603,^TWII,yfinance,2y,2026-09-30,scan_20261001_173958,False,False
True,0,-4.166666666666666,14.83333333333333,True,False,賣出 (動能轉弱),927.0,2026-09-30 00:00:00,952.65,0.0,False,False,0.5836238189805519,False,0.01933661884415889,148.90496308458424,0.0200682027677816,0.01993937107250021,-0.3822686779745177,-0.6082788209023748,3.486277814282057,-0.3822686779745177,False,False,True,False,False,False,0.6134780949399828,False,-0.09999999999999998,中性,6531.TW,愛普*,0,v1,phase6a,2026-07-12,0,0,0,0,0,0,v1,571,0.09523809523809523,571,0.09523809523809523,571,0.09523809523809523,^TWII,yfinance,2y,2026-09-30,scan_20261001_173958,False,False
True,1,1.5833333333333333,3.0,True,False,觀望 (動能減弱),251.5,2026-09-30 00:00:00,253.925,-0.024999999999977263,True,False,0.419951556163428,False,0.005246126903242676,71.77058519537228,0.005395271309203186,0.005497817276386585,-0.29014038266136355,-1.2813034399961176,-1.2415879892923587,-0.29014038266136355,False,False,False,False,False,False,0.17805172999104238,False,-0.20760165318880364,中性,2428.TW,興勤,0,v1,phase6a,2026-07-12,0,0,0,0,0,0,v1,447,0.2920634920634921,447,0.2920634920634921,455,0.27936507936507937,^TWII,yfinance,2y,2026-09-30,scan_20261001_173958,False,False
False,0,0.5166667302449544,0.3333333333333333,False,True,強烈買入 (爆發),16.700000762939453,2026-09-30 00:00:00,15.647500133514404,0.0600000381469723,False,True,2.4999935596011076,True,0.00034835118603033746,69.6679115028009,0.0003331449148530151,0.0003262364470962932,0.48278928109812824,0.5396270576422113,2.815118748659118,0.48278928109812824,True,True,True,False,False,True,0.5613188601710581,False,0.0,偏強 (RS上升),1459.TW,聯發,3,v1,phase6a,2026-07-12,2,5,5,5,3,5,v1,28,0.9571428571428572,28,0.9571428571428572,7,0.9904761904761905,^TWII,yfinance,2y,2026-09-30,scan_20261001_173958,False,False
True,0,1.3683827718098958,1.627614974975586,True,False,觀望 (動能減弱),59.599998474121094,2026-09-30 00:00:00,59.306200408935545,0.010514640808104048,False,True,0.26126142468067903,False,0.001243217317806398,41.160939103003074,0.001264089034586372,0.0012873697568671584,-0.1735013037612143,-0.43935255320538547,-0.46266815829848484,-0.1735013037612143,False,False,False,False,False,False,0.20775892191379636,False,-0.018795503177026718,中性,8099.TWO,大世科,2,v1,phase6a,2026-07-12,0,2,4,2,2,2,v1,224,0.6460317460317461,224,0.6460317460317461,225,0.6444444444444445,^TWII,yfinance,2y,2026-09-30,scan_20261001_173958,False,True
True,0,-2.1666666666666665,-1.9999999999999998,True,False,賣出 (動能轉弱),204.5,2026-09-30 00:00:00,206.15,-0.549999999999983,True,False,0.3577528846896225,False,0.004265737382557166,77.86199547115272,0.004414796719372491,0.00477201110991031,-0.3541474308355719,-1.7446149053096605,-8.228361362392578,-0.3541474308355719,False,False,False,False,False,False,0.002161053162347047,False,-0.25636363636363635,中性,3357.TWO,臺慶科,0,v1,phase6a,2026-07-12,0,0,0,0,0,0,v1,498,0.2111111111111111,498,0.2111111111111111,504,0.2015873015873016,^TWII,yfinance,2y,2026-09-30,scan_20261001_173958,False,False
True,0,-89.16666666666667,78.33333333333334,True,False,賣出 (動能轉弱),5125.0,2026-09-30 00:00:00,5458.0,-0.25,False,False,0.9454498725619467,False,0.10690417645772848,319.17162411085883,0.11637785418954152,0.12293953654836225,-0.8496089679624452,-2.891638223765558,-5.595879700977379,-0.8496089679624452,False,False,False,False,False,False,0.0,False,-0.2761299435028248,中性,6223.TWO,旺矽,0,v1,phase6a,2026-07-12,0,0,0,0,0,0,v1,558,0.11587301587301588,558,0.11587301587301588,559,0.11428571428571428,^TWII,yfinance,2y,2026-09-30,scan_20261001_173958,False,False
True,0,1.958332061767578,1.608332316080729,True,False,買入 (動能增強),39.04999923706055,2026-09-30 00:00:00,37.747500038146974,0.0350000381469755,False,True,0.7663996285697473,False,0.000814557660314709,57.3949909360521,0.0008132612511413421,0.000860743556603254,0.016782679078430895,-0.10716665565541073,-4.193612083256992,0.016782679078430895,True,False,False,False,False,True,0.13371771544021643,False,-0.24053135012949223,中性,2495.TW,普安,2,v1,phase6a,2026-07-12,0,2,4,2,2,2,v1,116,0.8174603174603174,116,0.8174603174603174,130,0.7952380952380952,^TWII,yfinance,2y,2026-09-30,scan_20261001_173958,False,False
True,0,-0.383332888285319,-0.3916660944620768,True,False,觀察 (跌勢收斂),24.100000381469727,2026-09-30 00:00:00,24.409999942779542,-0.009999942779540305,True,False,0.471501930694846,False,0.0005027103792023343,31.238122843816353,0.0005210889358754984,0.0005575283234829548,-0.36988487822654514,-2.0948724815080033,-6.870287349762217,-0.36988487822654514,False,False,False,False,False,False,0.019719256134082947,False,-0.12681159245018903,中性,1410.TW,南染,1,v1,phase6a,2026-07-12,0,1,1,1,1,1,v1,254,0.5984126984126984,254,0.5984126984126984,257,0.5936507936507937,^TWII,yfinance,2y,2026-09-30,scan_20261001_173958,False,False
True,0,-0.1916669209798177,-0.17500019073486325,True,False,賣出 (動能轉弱),25.899999618530273,2026-09-30 00:00:00,25.72499990463257,-0.007499980926514382,True,True,1.3043912178676116,False,0.0005402571959950167,43.48532772049691,0.0005497802134457154,0.0005735553187880426,-0.1819997261019446,-1.4305516320807898,-5.231774394199595,-0.1819997261019446,False,False,False,False,False,False,0.046178764881863614,False,-0.08318585421131774,中性,1325.TW,恆大,1,v1,phase6a,2026-07-12,0,1,2,1,1,1,v1,252,0.6015873015873016,252,0.6015873015873016,256,0.5952380952380952,^TWII,yfinance,2y,2026-09-30,scan_20261001_173958,True,False
True,0,2.833333333333333,1.1666666666666667,True,False,買入 (動能增強),166.0,2026-09-30 00:00:00,158.875,0.32499999999998863,False,True,0.9833405675274376,False,0.0034626523496552055,159.59806819146056,0.0034008351162656786,0.003523673375456439,0.19170442938940546,-0.40674438016176095,-4.090039883460095,0.19170442938940546,True,False,False,False,False,True,0.14868611631729162,False,-0.23113924721588608,中性,2316.TW,楠梓電,2,v1,phase6a,2026-07-12,0,2,4,2,2,2,v1,103,0.8380952380952381,103,0.8380952380952381,119,0.8126984126984127,^TWII,yfinance,2y,2026-09-30,scan_20261001_173958,False,False
True,0,0.25,0.5416666666666665,True,False,觀望 (動能減弱),35.54999923706055,2026-09-30 00:00:00,36.15499973297119,0.010000038146969814,False,False,0.9363443919617727,False,0.0007415499300508944,61.63532392364336,0.0007670327722332347,0.0007569423539771999,-0.3484931207721642,-0.9122674559064126,0.9911277235631788,-0.3484931207721642,False,False,True,False,False,False,0.4747073965758623,False,-0.05952381072521329,中性,2605.TW,新興,0,v1,phase6a,2026-07-12,0,0,1,0,0,0,v1,459,0.273015873015873,459,0.273015873015873,467,0.26031746031746034,^TWII,yfinance,2y,2026-09-30,scan_20261001_173958,False,False
False,0,11.333333333333332,7.999999999999999,False,True,強烈買入 (爆發),207.5,2026-09-30 00:00:00,183.9,1.4749999999999943,False,True,2.3691486436718683,True,0.004328315437069007,59.41980586522324,0.003971741756677414,0.004005834617326779,0.9540439810213464,1.1320450855405895,-1.7385736654953465,0.9540439810213464,True,True,False,False,False,True,0.2880329420466582,False,-0.24553659602892974,偏強 (RS上升),5483.TWO,中美晶,3,v1,phase6a,2026-07-12,1,4,5,4,3,4,v1,60,0.9063492063492063,60,0.9063492063492063,41,0.9365079365079365,^TWII,yfinance,2y,2026-09-30,scan_20261001_173958,False,False
False,0,42.33333333333333,30.833333333333332,False,True,強烈買入 (爆發),726.0,2026-09-30 00:00:00,691.25,2.4500000000000455,False,True,0.7250995113831693,False,0.015143889191865538,111.34878033241783,0.01476733109748238,0.01387655431086584,0.2691371490434191,0.9705073167884049,2.2600164589931193,0.2691371490434191,True,True,True,False,False,True,0.9223637499910177,False,-0.005479452054794498,偏強 (RS上升),2395.TW,研華,3,v1,phase6a,2026-07-12,2,5,5,5,3,5,v1,35,0.946031746031746,35,0.946031746031746,8,0.9888888888888889,^TWII,yfinance,2y,2026-09-30,scan_20261001_173958,False,False
False,0,-5.433333079020183,-3.916666666666667,False,True,強烈賣出 (跌破),66.69999694824219,2026-09-30 00:00:00,76.84500007629394,-0.5800003051757869,False,False,1.9720536269754887,True,0.0013913186816555774,45.071859403207625,0.0015963647417627735,0.001692190582369408,-1.3340223931510353,-4.320102819956906,-1.5693249062977421,-1.3340223931510353,False,False,False,False,False,False,0.0,False,-0.21805399106761614,中性,7812.TW,稜研科技*-創,0,v1,phase6a,2026-07-12,0,0,0,0,0,0,v1,602,0.046031746031746035,602,0.046031746031746035,602,0.046031746031746035,^TWII,yfinance,2y,2026-09-30,scan_20261001_173958,False,False
True,0,-0.09166653951009113,-0.08333333333333333,True,False,賣出 (動能轉弱),10.300000190734863,2026-09-30 00:00:00,10.35499997138977,-0.0034999847412109375,True,False,0.7630460656280803,False,0.00021485132446925987,39.724682191661365,0.00022040298770839966,0.0002286149104526006,-0.2644429839407825,-1.693401149731133,-4.062318274172815,-0.2644429839407825,False,False,False,False,False,False,0.04131231418082845,False,-0.03835363739535069,中性,2701.TW,萬企,0,v1,phase6a,2026-07-12,0,0,0,0,0,0,v1,467,0.26031746031746034,467,0.26031746031746034,475,0.24761904761904763,^TWII,yfinance,2y,2026-09-30,scan_20261001_173958,False,False
True,0,-1.7499999999999998,-1.0999997456868489,True,False,賣出 (動能轉弱),61.79999923706055,2026-09-30 00:00:00,62.885000228881836,0.06499996185302592,False,False,0.48509713741074467,False,0.0012891079070295036,64.47089449087478,0.0013216480294679451,0.001301083778593114,-0.25849709837922896,-1.3847090535832995,2.933871953665701,-0.25849709837922896,False,False,True,False,False,False,0.5038182924122275,False,-0.04923078096829925,中性,2612.TW,中航,0,v1,phase6a,2026-07-12,0,0,1,0,0,0,v1,463,0.26666666666666666,463,0.26666666666666666,471,0.25396825396825395,^TWII,yfinance,2y,2026-09-30,scan_20261001_173958,False,False
True,0,0.7166665395100911,0.7499993642171222,True,False,觀望 (動能減弱),53.29999923706055,2026-09-30 00:00:00,52.66999969482422,0.07500000000000284,False,True,0.7295774196762851,False,0.001111803419245954,78.63924605348872,0.001127783918273298,0.0011691579360446536,-0.1489338925708572,-1.0909333707697866,-4.360590170650425,-0.1489338925708572,False,False,False,False,False,False,0.05032688137295957,False,-0.1293382134798,中性,2414.TW,精技,1,v1,phase6a,2026-07-12,0,1,3,1,1,1,v1,288,0.5444444444444444,288,0.5444444444444444,291,0.5396825396825397,^TWII,yfinance,2y,2026-09-30,scan_20261001_173958,True,False
True,2,-0.08333396911621091,-0.09166717529296872,True,False,觀察 (跌勢收斂),41.04999923706055,2026-09-30 00:00:00,40.96749992370606,0.002499961853033028,False,True,0.51909356621163,False,0.000856276363322603,38.33078971530935,0.0008719883425476245,0.0009017852634092741,-0.18931004976165955,-1.2193753219736259,-2.691224913651824,-0.18931004976165955,False,False,False,False,False,False,0.04850923126559096,False,-0.006053268876955897,中性,8916.TWO,光隆,1,v1,phase6a,2026-07-12,0,1,3,1,1,1,v1,390,0.3825396825396825,390,0.3825396825396825,391,0.38095238095238093,^TWII,yfinance,2y,2026-09-30,scan_20261001_173958,False,False
False,0,-0.7666667302449544,-0.5416666666666666,False,True,強烈賣出 (跌破),23.649999618530273,2026-09-30 00:00:00,24.284999942779542,-0.03249998092651296,True,False,11.049912852805578,True,0.000493323655111136,36.51474162806979,0.0005155078453377229,0.0005401148121749524,-0.45094320358010087,-2.6010374887320498,-5.095488773951152,-0.45094320358010087,False,False,False,False,False,False,0.033139415532459957,False,-0.07436397946244566,中性,6496.TWO,科懋,0,v1,phase6a,2026-07-12,0,0,0,0,0,0,v1,567,0.10158730158730159,567,0.10158730158730159,567,0.10158730158730159,^TWII,yfinance,2y,2026-09-30,scan_20261001_173958,False,False
True,0,1.0000000000000002,-3.083333333333333,True,False,買入 (動能增強),182.0,2026-09-30 00:00:00,171.85,0.5250000000000057,False,True,1.8126385792196862,True,0.0037964019737183577,37.281983842576764,0.003606606463876223,0.003633426613959003,0.5570266774426624,1.073790510437811,7.778056316050219,0.5570266774426624,True,True,False,False,False,True,0.8461734317887281,False,0.0,偏強 (RS上升),3228.TWO,金麗科,2,v1,phase6a,2026-07-12,1,3,4,3,2,3,v1,134,0.7888888888888889,134,0.7888888888888889,90,0.8587301587301587,^TWII,yfinance,2y,2026-09-30,scan_20261001_173958,False,False
False,0,-0.05833307902018228,-0.0833330154418945,False,True,強烈賣出 (跌破),32.0,2026-09-30 00:00:00,30.94749994277954,0.04499998092651225,False,True,2.1209033006351095,True,0.0006674992481263047,32.95605162141389,0.0006617205617741503,0.0006886643818711869,0.09200899654002725,-1.3246239951078986,-4.773123151643066,0.09200899654002725,True,False,False,False,False,True,0.19022190672097866,False,-0.01840486203081859,中性,2258.TW,鴻華先進-創,0,v1,phase6a,2026-07-12,0,0,2,0,0,0,v1,438,0.30634920634920637,438,0.30634920634920637,447,0.2920634920634921,^TWII,yfinance,2y,2026-09-30,scan_20261001_173958,False,False
True,0,-0.14166641235351562,-0.2583332061767578,True,False,觀察 (跌勢收斂),16.450000762939453,2026-09-30 00:00:00,16.295000123977662,-0.047499942779541726,True,True,1.1286161853932053,False,0.00034313634815435074,46.56337498673886,0.00035032942225698017,0.0003770517449454443,-0.21566352033849379,-2.509414031023205,-10.560979968177453,-0.21566352033849379,False,False,False,False,False,False,0.04227601329379262,False,-0.4114490048690276,中性,6573.TW,虹揚-KY,1,v1,phase6a,2026-07-12,0,1,2,1,1,1,v1,368,0.4174603174603175,368,0.4174603174603175,369,0.4158730158730159,^TWII,yfinance,2y,2026-09-30,scan_20261001_173958,False,False
True,0,0.21666653951009113,-0.09999974568684895,True,False,買入 (動能增強),57.0,2026-09-30 00:00:00,56.71999969482422,-0.08500003814697266,True,True,2.5027820180283045,True,0.0011889830357249803,30.74352154361884,0.001212141508969753,0.001274511476760989,-0.20070605024942179,-1.204947200218831,-5.4674469071473775,-0.20070605024942179,False,False,False,False,False,False,0.03488500213909418,False,-0.12959823438238338,中性,2250.TW,IKKA-KY,2,v1,phase6a,2026-07-12,0,2,3,2,2,2,v1,102,0.8396825396825397,102,0.8396825396825397,118,0.8142857142857143,^TWII,yfinance,2y,2026-09-30,scan_20261001_173958,False,False
True,0,1.8499997456868487,1.1333332061767578,True,False,買入 (動能增強),62.099998474121094,2026-09-30 00:00:00,59.36999988555908,0.14999999999999858,False,True,1.743258012180148,True,0.0012953656965662655,67.37222871626764,0.0012694756125224216,0.0012849532568522308,0.21513884128905314,0.19064045396512963,-0.7337855624995226,0.21513884128905314,True,True,False,False,False,True,0.7858255902342297,False,-0.007987220641973325,偏強 (RS上升),4540.TW,全球傳動,2,v1,phase6a,2026-07-12,1,3,4,3,2,3,v1,166,0.7380952380952381,166,0.7380952380952381,93,0.8539682539682539,^TWII,yfinance,2y,2026-09-30,scan_20261001_173958,False,False
True,0,-0.5916671752929688,-0.3166669209798177,True,False,賣出 (動能轉弱),45.599998474121094,2026-09-30 00:00:00,45.69000015258789,0.014999961853028765,False,False,1.702395476786806,True,0.0009511863967511397,21.347930118801273,0.0009663538492424055,0.0009765608932441364,-0.1649437727594849,-1.503328838018947,0.0026266835656540977,-0.1649437727594849,False,False,False,False,False,False,0.4875614148385699,False,-0.02250810326716335,中性,8442.TW,威宏-KY,0,v1,phase6a,2026-07-12,0,0,1,0,0,0,v1,614,0.026984126984126985,614,0.026984126984126985,614,0.026984126984126985,^TWII,yfinance,2y,2026-09-30,scan_20261001_173958,False,False
True,0,0.016666730244954433,0.03333346048990886,True,False,觀望 (動能減弱),12.0,2026-09-30 00:00:00,11.935000038146972,0.0,False,True,0.3238158459284205,False,0.0002503122180473643,28.815363087130525,0.00025463617092131555,0.0002585407767941798,-0.17842744599112503,-0.6872783811680105,-2.777221658809237,-0.17842744599112503,False,False,False,False,False,False,0.3516617985537617,False,-0.11111111111111116,中性,5516.TWO,雙喜,1,v1,phase6a,2026-07-12,0,1,2,1,1,1,v1,349,0.44761904761904764,349,0.44761904761904764,351,0.4444444444444444,^TWII,yfinance,2y,2026-09-30,scan_20261001_173958,True,False
True,0,0.7916666666666666,0.7249997456868489,True,False,買入 (動能增強),36.5,2026-09-30 00:00:00,35.822500228881836,0.07999992370605469,False,True,0.1037938377598522,False,0.0007613663298940662,52.56113803084414,0.0007670103290901544,0.0008064800947151695,-0.0773973093448177,-0.4328808064543166,-2.578875303270123,-0.0773973093448177,False,False,False,False,False,False,0.11992221713338748,False,-0.08176100628930816,中性,6649.TWO,台生材,2,v1,phase6a,2026-07-12,0,2,4,2,2,2,v1,210,0.6682539682539682,210,0.6682539682539682,212,0.665079365079365,^TWII,yfinance,2y,2026-09-30,scan_20261001_173958,False,False
True,0,-0.08333333333333334,-0.14166704813639322,True,False,觀察 (跌勢收斂),32.70000076293945,2026-09-30 00:00:00,32.552499771118164,0.0,False,True,0.6234550031440416,False,0.0006821008100934898,34.006070233755516,0.0006942947542895964,0.0007149494406875165,-0.18453321829917657,-1.176753800706487,-3.978274485805444,-0.18453321829917657,False,False,False,False,False,False,0.040173248001990305,False,-0.013574683023412693,中性,1527.TW,鑽全,1,v1,phase6a,2026-07-12,0,1,2,1,1,1,v1,264,0.5825396825396826,264,0.5825396825396826,267,0.5777777777777777,^TWII,yfinance,2y,2026-09-30,scan_20261001_173958,False,False
True,0,1.2250003814697266,0.06666628519694012,True,False,買入 (動能增強),45.900001525878906,2026-09-30 00:00:00,41.33499984741211,0.25,False,True,3.6283467647339163,True,0.0009574442658600127,53.66468342066744,0.0008851504879932347,0.0009408471756121353,0.8671816677323863,0.21147604126308117,-1.6610608482759637,0.8671816677323863,True,True,False,False,False,True,0.8457178929741541,False,0.0,偏強 (RS上升),3701.TW,大眾控,2,v1,phase6a,2026-07-12,1,3,4,3,2,3,v1,154,0.7571428571428571,154,0.7571428571428571,91,0.8571428571428571,^TWII,yfinance,2y,2026-09-30,scan_20261001_173958,False,False
True,2,-0.016666412353515625,-0.04999971389770508,True,False,觀察 (跌勢收斂),14.949999809265137,2026-09-30 00:00:00,14.914999961853027,-0.005000019073486683,True,True,0.23308664996212342,False,0.00031184730100540243,24.048398973490045,0.00031848454180434624,0.0003353451225056044,-0.2188890044912295,-1.4113760279439447,-4.925110748285489,-0.2188890044912295,False,False,False,False,False,False,0.0168503008293404,False,-0.06562501192092896,中性,4528.TWO,江興鍛,1,v1,phase6a,2026-07-12,0,1,2,1,1,1,v1,329,0.4793650793650794,329,0.4793650793650794,331,0.47619047619047616,^TWII,yfinance,2y,2026-09-30,scan_20261001_173958,False,False
True,0,0.1413345336914062,-0.3187853495279948,True,False,買入 (動能增強),91.5,2026-09-30 00:00:00,88.7520751953125,0.17085952758789347,False,True,1.8391362590173446,True,0.0019086306626111525,68.73839405364174,0.0018901998747821226,0.001982135883168873,0.10274449192544388,-0.952208593221715,-2.1684184964571696,0.10274449192544388,True,False,False,False,False,True,0.4453837186964811,False,-0.05249283884035072,中性,5243.TW,乙盛-KY,2,v1,phase6a,2026-07-12,0,2,4,2,2,2,v1,172,0.7285714285714285,172,0.7285714285714285,179,0.7174603174603175,^TWII,yfinance,2y,2026-09-30,scan_20261001_173958,False,False
True,0,0.29999955495198566,0.3333326975504557,True,False,觀望 (動能減弱),28.0,2026-09-30 00:00:00,28.22999963760376,0.0,False,False,0.23336950560670236,False,0.0005840618421105166,30.355014675325908,0.0006000257191475999,0.0006207848014792023,-0.27927389020082627,-1.078675025283371,-1.2808161636536308,-0.27927389020082627,False,False,False,False,False,False,0.14085956934412547,False,-0.04350956961897312,中性,2235.TWO,謚源,0,v1,phase6a,2026-07-12,0,0,0,0,0,0,v1,436,0.30952380952380953,436,0.30952380952380953,445,0.29523809523809524,^TWII,yfinance,2y,2026-09-30,scan_20261001_173958,False,False
True,0,-0.20000076293945312,-0.3166681925455729,True,False,觀察 (跌勢收斂),74.80000305175781,2026-09-30 00:00:00,74.91500053405761,-0.004999923706066056,False,False,0.36931702986401654,False,0.0015602795561529261,35.607461732087344,0.0016001447212126538,0.0016950414876225554,-0.261561165734292,-1.3999326496341058,-4.650216613193137,-0.261561165734292,False,False,False,False,False,False,0.024443738164377678,False,-0.0822085515121741,中性,2228.TW,劍麟,1,v1,phase6a,2026-07-12,0,1,1,1,1,1,v1,280,0.5571428571428572,280,0.5571428571428572,283,0.5523809523809524,^TWII,yfinance,2y,2026-09-30,scan_20261001_173958,False,False
False,0,-0.6083335876464844,-0.46666685740152986,False,True,強烈賣出 (跌破),27.799999237060547,2026-09-30 00:00:00,28.70999994277954,-0.06000003814697408,False,False,0.520950004428075,False,0.000579889955895305,39.950654252338154,0.0006065528720590362,0.000625387128846885,-0.46058570974392143,-2.28063503132121,-2.181743719726592,-0.46058570974392143,False,False,False,False,False,False,0.0,False,-0.057627144506422145,中性,8080.TWO,泰霖,0,v1,phase6a,2026-07-12,0,0,0,0,0,0,v1,606,0.03968253968253968,606,0.03968253968253968,606,0.03968253968253968,^TWII,yfinance,2y,2026-09-30,scan_20261001_173958,False,False
True,0,-0.9500001271565753,-1.333333969116211,True,False,觀察 (跌勢收斂),59.900001525878906,2026-09-30 00:00:00,59.01999969482422,-0.04499988555907919,True,True,1.1662535617356469,False,0.0012494751869152711,149.2066000601483,0.0012489634105648864,0.0012978378923714045,0.004313458507532175,-1.415268498870581,-1.8630797427944934,0.004313458507532175,True,False,False,False,False,False,0.4947772276474702,False,-0.09242421930486511,中性,1802.TW,台玻,1,v1,phase6a,2026-07-12,0,1,2,1,1,1,v1,274,0.5666666666666667,274,0.5666666666666667,277,0.5619047619047619,^TWII,yfinance,2y,2026-09-30,scan_20261001_173958,False,False
True,0,0.8333333333333333,0.5833333333333333,True,False,買入 (動能增強),109.0,2026-09-30 00:00:00,107.875,0.0,False,True,1.0320387318065232,False,0.0022736693139302254,48.059802019868805,0.0022996264376088323,0.002358769211736236,-0.11867519728587794,-1.0117896234151047,-2.8106289590957845,-0.11867519728587794,False,False,False,False,False,False,0.07553560779326779,False,-0.009090909090909038,中性,6728.TWO,上洋,2,v1,phase6a,2026-07-12,0,2,3,2,2,2,v1,213,0.6634920634920635,213,0.6634920634920635,215,0.6603174603174603,^TWII,yfinance,2y,2026-09-30,scan_20261001_173958,False,False
True,0,-0.2166662216186524,0.18333371480305982,True,False,賣出 (動能轉弱),22.399999618530273,2026-09-30 00:00:00,22.379999923706055,0.039999961853027344,False,True,0.6783081459638777,False,0.0004672494657312022,23.145791770919892,0.00047958584776207325,0.00048735447227629707,-0.2700371421848202,-2.004516219150221,-6.300695988450533,-0.2700371421848202,False,False,False,False,False,False,0.2012500883346286,False,-0.23287674543624393,中性,1435.TW,中福,1,v1,phase6a,2026-07-12,0,1,3,1,1,1,v1,258,0.5920634920634921,258,0.5920634920634921,261,0.5873015873015873,^TWII,yfinance,2y,2026-09-30,scan_20261001_173958,True,False
True,1,0.5249989827473959,0.4749991099039713,True,False,買入 (動能增強),41.29999923706055,2026-09-30 00:00:00,41.13499984741211,-0.012499999999995737,True,True,0.814209648316959,False,0.0008614912011985897,48.38905729970571,0.0008816747989547452,0.00093103719763867,-0.24039270290012738,-1.2197453003515712,-5.416064424848921,-0.24039270290012738,False,False,False,False,False,False,0.0,False,-0.06426876549353833,中性,6763.TWO,綠界科技*,2,v1,phase6a,2026-07-12,0,2,3,2,2,2,v1,215,0.6603174603174603,215,0.6603174603174603,217,0.6571428571428571,^TWII,yfinance,2y,2026-09-30,scan_20261001_173958,False,False
True,0,-2.749999999999999,-10.499999999999998,True,False,觀察 (跌勢收斂),507.0,2026-09-30 00:00:00,489.45,0.3499999999999659,False,True,1.0074193858185352,False,0.01057569121250114,220.89372885442097,0.010352348367279773,0.010609398222545318,0.22761293989654874,-0.7801760745619224,-0.9779655359234196,0.22761293989654874,True,False,False,False,False,False,0.24068781573232134,False,-0.21517027863777094,中性,4958.TW,臻鼎-KY,2,v1,phase6a,2026-07-12,0,2,4,2,2,2,v1,169,0.7333333333333333,169,0.7333333333333333,176,0.7222222222222222,^TWII,yfinance,2y,2026-09-30,scan_20261001_173958,True,False
True,0,68.33333333333333,64.16666666666667,True,False,買入 (動能增強),1500.0,2026-09-30 00:00:00,1471.25,6.0,False,True,0.5684636414832703,False,0.03128902725592053,222.03828384481133,0.03117950098245944,0.03098587458575507,0.03699015596383415,1.2211204104723539,7.436679025569659,0.03699015596383415,True,True,True,False,False,True,0.8241466303376891,False,-0.04153354632587858,偏強 (RS上升),3491.TWO,昇達科,2,v1,phase6a,2026-07-12,2,4,4,4,2,4,v1,141,0.7777777777777778,141,0.7777777777777778,47,0.926984126984127,^TWII,yfinance,2y,2026-09-30,scan_20261001_173958,False,False
True,0,0.38333320617675776,0.7833334604899088,True,False,觀望 (動能減弱),36.5,2026-09-30 00:00:00,36.88249969482422,0.0024999618530259227,False,False,1.1446191980668907,False,0.0007613663298940662,43.79262045546443,0.0007838083199182715,0.0007766897004532879,-0.30048371628873527,-0.9901108806146697,0.33716913109043123,-0.30048371628873527,False,False,True,False,False,False,0.3066636905532824,False,-0.048239857828664245,中性,2520.TW,冠德,0,v1,phase6a,2026-07-12,0,0,1,0,0,0,v1,456,0.2777777777777778,456,0.2777777777777778,464,0.2650793650793651,^TWII,yfinance,2y,2026-09-30,scan_20261001_173958,False,False
True,0,-0.016666571299235027,1.5894571940219815e-07,True,False,賣出 (動能轉弱),10.850000381469727,2026-09-30 00:00:00,10.787500095367431,0.005000019073484907,False,True,0.4505040848253085,False,0.0002263239717750363,32.899567967812715,0.0002306988380052654,0.00024382886146322538,-0.19921851929536327,-1.557922185537297,-5.202775309780893,-0.19921851929536327,False,False,False,False,False,False,0.053631710056068316,False,-0.06803800540202998,中性,1220.TW,台榮,0,v1,phase6a,2026-07-12,0,0,2,0,0,0,v1,402,0.3634920634920635,402,0.3634920634920635,411,0.3492063492063492,^TWII,yfinance,2y,2026-09-30,scan_20261001_173958,False,False
True,0,-0.4166653951009116,0.5333340962727864,True,False,賣出 (動能轉弱),81.0,2026-09-30 00:00:00,82.475,-0.10499992370606037,True,False,0.2955952470077282,False,0.0016896074718197086,79.78572480506071,0.0017405122839701664,0.0018079305177320694,-0.306918566436154,-1.4539910013183222,1.0776450660691328,-0.306918566436154,False,False,False,False,False,False,0.6278023781821572,False,-0.05704309009124631,中性,5340.TWO,建榮,0,v1,phase6a,2026-07-12,0,0,0,0,0,0,v1,538,0.14761904761904762,538,0.14761904761904762,539,0.14603174603174604,^TWII,yfinance,2y,2026-09-30,scan_20261001_173958,False,False
True,0,-4.5,-3.916666666666666,True,False,賣出 (動能轉弱),160.5,2026-09-30 00:00:00,166.1,-0.950000000000017,False,False,0.6957807986297792,False,0.0033479259163834967,85.84667535125791,0.0034691590098836697,0.0034039205817594535,-0.36650402193623144,-0.8693515872880031,4.451463268040867,-0.36650402193623144,False,False,True,False,False,False,0.4490311096428709,False,-0.1058495821727019,中性,2421.TW,建準,0,v1,phase6a,2026-07-12,0,0,0,0,0,0,v1,445,0.29523809523809524,445,0.29523809523809524,453,0.28253968253968254,^TWII,yfinance,2y,2026-09-30,scan_20261001_173958,False,False
True,1,-0.09166653951009116,-0.33333333333333326,True,False,觀察 (跌勢收斂),42.849998474121094,2026-09-30 00:00:00,42.15499973297119,0.042499923706053266,False,True,1.556909277918713,True,0.0008938231801152854,59.09824828882008,0.0008984752728052027,0.0009107581453883115,-0.05447308687877017,-1.0647763123491027,-3.7410782029038803,-0.05447308687877017,False,False,False,False,False,False,0.13094793717473865,False,-0.03490997744345525,中性,2618.TW,長榮航,1,v1,phase6a,2026-07-12,0,1,3,1,1,1,v1,297,0.5301587301587302,297,0.5301587301587302,300,0.5253968253968254,^TWII,yfinance,2y,2026-09-30,scan_20261001_173958,False,False
True,0,-0.7166671752929686,-0.5666669209798176,True,False,賣出 (動能轉弱),73.9000015258789,2026-09-30 00:00:00,74.32500076293945,-0.02999992370605753,True,False,0.08362516105586573,False,0.0015415061079705292,39.73734799324654,0.0015813076612196724,0.0016108171420445509,-0.2642475132778932,-1.3954654106358322,-3.385782834902329,-0.2642475132778932,False,False,False,False,False,False,0.010587504534560001,False,-0.018592316987246504,中性,1777.TWO,生泰,0,v1,phase6a,2026-07-12,0,0,0,0,0,0,v1,426,0.3253968253968254,426,0.3253968253968254,435,0.3111111111111111,^TWII,yfinance,2y,2026-09-30,scan_20261001_173958,False,False
True,0,-1.833333333333333,-1.9166666666666665,True,False,觀察 (跌勢收斂),138.5,2026-09-30 00:00:00,141.1,-0.2750000000000057,False,False,0.8670099613251627,False,0.0028890201832966625,45.13140822448723,0.0029956870574874123,0.0031129645231498283,-0.37340900763090934,-1.9314014013330216,-3.9216120653296382,-0.37340900763090934,False,False,False,False,False,False,0.0,False,-0.07046979865771807,中性,4572.TW,駐龍,1,v1,phase6a,2026-07-12,0,1,1,1,1,1,v1,333,0.473015873015873,333,0.473015873015873,335,0.46984126984126984,^TWII,yfinance,2y,2026-09-30,scan_20261001_173958,False,False
True,0,0.11666679382324217,0.08333365122477213,True,False,買入 (動能增強),17.299999237060547,2026-09-30 00:00:00,17.192500019073485,0.0,False,True,1.1683065396707473,False,0.00036086676510386123,42.527620840808424,0.00036752894418453795,0.0003872584132356618,-0.19044661698267573,-1.4236869908571315,-5.088820305950015,-0.19044661698267573,False,False,False,False,False,False,0.05753445054184403,False,-0.046831977924777335,中性,4173.TWO,久裕,2,v1,phase6a,2026-07-12,0,2,3,2,2,2,v1,164,0.7412698412698413,164,0.7412698412698413,172,0.7285714285714285,^TWII,yfinance,2y,2026-09-30,scan_20261001_173958,False,False
True,0,0.0750001271565755,0.05000019073486327,True,False,買入 (動能增強),27.200000762939453,2026-09-30 00:00:00,26.969999885559083,0.015000057220461827,False,True,1.0278577882604472,False,0.0005673743768217812,36.09015242133414,0.0005759171073932154,0.0006053028129763575,-0.15589620668142734,-0.9404147756280179,-3.411033333076252,-0.15589620668142734,False,False,False,False,False,False,0.09525179723934268,False,-0.08108106714865881,中性,6124.TWO,業強,2,v1,phase6a,2026-07-12,0,2,4,2,2,2,v1,180,0.7158730158730159,180,0.7158730158730159,186,0.7063492063492064,^TWII,yfinance,2y,2026-09-30,scan_20261001_173958,False,False
True,1,-0.6666666666666665,-1.1666666666666665,True,False,觀察 (跌勢收斂),258.0,2026-09-30 00:00:00,254.575,-0.10000000000002274,True,True,0.8094367876567117,False,0.005381712688018332,109.64467018278057,0.005462357274609609,0.00580777984804312,-0.15516619504188922,-1.5562454990069141,-7.347570767704781,-0.15516619504188922,False,False,False,False,False,False,0.09386949135224396,False,-0.14569536423841056,中性,8499.TW,鼎炫-KY,1,v1,phase6a,2026-07-12,0,1,2,1,1,1,v1,389,0.38412698412698415,389,0.38412698412698415,390,0.3825396825396825,^TWII,yfinance,2y,2026-09-30,scan_20261001_173958,False,False
True,0,0.525000254313151,0.45000076293945307,True,False,買入 (動能增強),37.400001525878906,2026-09-30 00:00:00,37.85000038146973,-0.04999999999999716,False,False,1.0720589651405323,False,0.0007801397780764631,44.56029090118566,0.0008068107467769362,0.0008413224614675167,-0.3467647256442996,-1.408393752714232,-2.9958178599134855,-0.3467647256442996,False,False,False,False,False,False,0.05981552428234158,False,-0.0998796098046627,中性,6101.TWO,寬魚國際,2,v1,phase6a,2026-07-12,0,2,2,2,2,2,v1,179,0.7174603174603175,179,0.7174603174603175,185,0.707936507936508,^TWII,yfinance,2y,2026-09-30,scan_20261001_173958,False,False
True,0,-0.8333333333333333,-0.7499999999999999,True,False,賣出 (動能轉弱),156.0,2026-09-30 00:00:00,151.65,0.07500000000001705,False,True,1.6942209624206732,True,0.0032540588346157352,71.92976718291034,0.0032375062149941833,0.0032551923560571864,0.05384759525699501,-1.264647012047515,-4.575820763369309,0.05384759525699501,True,False,False,False,False,True,0.38026385916748295,False,-0.1333333333333333,中性,6419.TWO,京晨科,0,v1,phase6a,2026-07-12,0,0,2,0,0,0,v1,565,0.10476190476190476,565,0.10476190476190476,565,0.10476190476190476,^TWII,yfinance,2y,2026-09-30,scan_20261001_173958,False,False
True,1,0.008333841959635414,-0.024999618530273438,True,False,買入 (動能增強),32.400001525878906,2026-09-30 00:00:00,32.444999885559085,0.007500076293950997,False,False,1.0328570865547828,False,0.000675843020556728,41.256815018282055,0.0006915652254054698,0.0007095461971420755,-0.23873639933837953,-1.3468287336604767,-3.7234180757117374,-0.23873639933837953,False,False,False,False,False,False,0.007457687442194479,False,-0.03999995478877316,中性,1321.TW,大洋,2,v1,phase6a,2026-07-12,0,2,3,2,2,2,v1,87,0.8634920634920635,87,0.8634920634920635,104,0.8365079365079365,^TWII,yfinance,2y,2026-09-30,scan_20261001_173958,False,False
True,0,-0.5583337148030597,-0.6583334604899087,True,False,觀察 (跌勢收斂),36.0,2026-09-30 00:00:00,35.21999969482422,0.029999923706050424,False,True,1.900057800430876,True,0.0007509366541420927,41.4874040793947,0.0007500768999615418,0.0007894496615811786,0.01206694416269194,-1.649787113447454,-4.613187413261832,0.01206694416269194,True,False,False,False,False,False,0.18168506529059902,False,-0.029649555777971015,中性,1423.TW,利華,1,v1,phase6a,2026-07-12,0,1,3,1,1,1,v1,256,0.5952380952380952,256,0.5952380952380952,259,0.5904761904761905,^TWII,yfinance,2y,2026-09-30,scan_20261001_173958,False,False
True,0,1.295693079630534,1.1444568634033203,True,False,買入 (動能增強),41.70000076293945,2026-09-30 00:00:00,40.76935577392578,0.01484241485595561,False,True,1.9200861422500817,True,0.000869834973629013,74.01920009616357,0.0008772461275745862,0.0009448994655471101,-0.0888494471327772,-0.8070626347845056,-5.297789639179207,-0.0888494471327772,False,False,False,False,False,True,0.1895214090224647,False,-0.09709432243614768,中性,6163.TWO,華電網,2,v1,phase6a,2026-07-12,0,2,4,2,2,2,v1,187,0.7047619047619048,187,0.7047619047619048,193,0.6952380952380952,^TWII,yfinance,2y,2026-09-30,scan_20261001_173958,False,False
True,0,-0.07666699091593424,-0.09000031153361002,True,False,觀察 (跌勢收斂),9.979999542236328,2026-09-30 00:00:00,9.996999979019165,-0.008500003814697621,True,False,0.9095868405282103,False,0.00020817631846073794,36.24803784907518,0.00021360633319936263,0.00022351858169749922,-0.26687182115709973,-1.6034050758545915,-5.906308779797975,-0.26687182115709973,False,False,False,False,False,False,0.01141274172085642,False,-0.06656960815733892,中性,1464.TW,得力,1,v1,phase6a,2026-07-12,0,1,1,1,1,1,v1,260,0.5888888888888889,260,0.5888888888888889,263,0.5841269841269842,^TWII,yfinance,2y,2026-09-30,scan_20261001_173958,False,False
True,0,-3.833333333333333,-4.166666666666666,True,False,觀察 (跌勢收斂),122.5,2026-09-30 00:00:00,120.225,-0.17500000000001137,True,True,0.922930163923925,False,0.0025552705592335103,215.08836523798303,0.00256792160643007,0.00277145529735655,-0.051831759089737695,-1.9857094301574785,-7.595592654225269,-0.051831759089737695,False,False,False,False,False,True,0.2683826262635652,False,-0.17508417508417506,中性,2337.TW,旺宏,1,v1,phase6a,2026-07-12,0,1,2,1,1,1,v1,283,0.5523809523809524,283,0.5523809523809524,286,0.5476190476190477,^TWII,yfinance,2y,2026-09-30,scan_20261001_173958,False,False
True,0,1.8833338419596353,2.2333335876464844,True,False,觀望 (動能減弱),59.400001525878906,2026-09-30 00:00:00,59.14499988555908,-0.004999923706058951,False,True,0.4793142832483163,False,0.0012390455111632975,45.74621948460597,0.0012604525508200359,0.001234620028784453,-0.17845585053968271,-0.9016591297580145,0.6882275344029853,-0.17845585053968271,False,True,True,False,False,False,0.47010747304333655,False,-0.07906974378482312,中性,2609.TW,陽明,0,v1,phase6a,2026-07-12,0,0,1,0,0,0,v1,462,0.26825396825396824,462,0.26825396825396824,470,0.25555555555555554,^TWII,yfinance,2y,2026-09-30,scan_20261001_173958,False,False
True,0,-149.16666666666666,-34.166666666666664,True,False,賣出 (動能轉弱),3065.0,2026-09-30 00:00:00,3393.25,11.0,False,False,0.8535119780743898,False,0.06393391235959762,278.3104660144004,0.06982699442190078,0.06891582007320157,-0.8805507970232052,-0.7502658007022323,15.342028176166767,-0.8805507970232052,False,False,True,False,False,False,0.3322095595392312,False,-0.17162162162162165,中性,6510.TWO,精測,0,v1,phase6a,2026-07-12,0,0,1,0,0,0,v1,568,0.1,568,0.1,568,0.1,^TWII,yfinance,2y,2026-09-30,scan_20261001_173958,False,False
True,0,-0.3333333333333334,-1.099999745686849,True,False,觀察 (跌勢收斂),81.69999694824219,2026-09-30 00:00:00,79.66499977111816,0.10999984741211222,False,True,0.6702944962121907,False,0.0017042089542147827,146.12479786868514,0.001674368191555451,0.0016710380043434606,0.18795368919273248,-0.25577028069938557,4.556908784144276,0.18795368919273248,True,True,True,False,False,True,0.6846647069321365,False,-0.03084230141627986,偏強 (RS上升),6209.TW,今國光,1,v1,phase6a,2026-07-12,1,2,3,2,1,2,v1,357,0.43492063492063493,357,0.43492063492063493,244,0.6142857142857143,^TWII,yfinance,2y,2026-09-30,scan_20261001_173958,False,False
True,0,-0.22500006357828775,-0.13333352406819662,True,False,賣出 (動能轉弱),22.700000762939453,2026-09-30 00:00:00,22.93000011444092,-0.014999961853025212,False,False,0.44371873130998607,False,0.0004735072950540196,27.166662589212656,0.0004882502986072432,0.0005176487726405374,-0.3168411923771042,-1.5800739423620258,-3.9561805034152075,-0.3168411923771042,False,False,False,False,False,False,0.01999062486648553,False,-0.034042520725980685,中性,6671.TW,三能-KY,0,v1,phase6a,2026-07-12,0,0,0,0,0,0,v1,579,0.08253968253968254,579,0.08253968253968254,579,0.08253968253968254,^TWII,yfinance,2y,2026-09-30,scan_20261001_173958,False,False
True,1,-0.12499984105428058,-0.05833323796590169,True,False,賣出 (動能轉弱),13.850000381469727,2026-09-30 00:00:00,13.952499914169312,-0.0049999713897701525,True,False,0.7834031940542812,False,0.00028890202628687736,32.80232979551879,0.00029690990903994877,0.00030905813441183005,-0.2830989001235462,-1.5966350615201241,-3.5389762594640106,-0.2830989001235462,False,False,False,False,False,False,0.023468292670598617,False,-0.057823091076482314,中性,9919.TW,康那香,0,v1,phase6a,2026-07-12,0,0,0,0,0,0,v1,624,0.011111111111111112,624,0.011111111111111112,624,0.011111111111111112,^TWII,yfinance,2y,2026-09-30,scan_20261001_173958,False,False
False,0,1.2333329518636067,0.9749997456868489,False,True,強烈買入 (爆發),25.049999237060547,2026-09-30 00:00:00,23.449999809265137,0.059999942779541016,False,True,0.977904541492633,False,0.0005225267392594507,72.85986589249944,0.00050165797549758,0.0004769160155324028,0.4398162851390275,0.883194841560786,1.7921033495671645,0.4398162851390275,True,True,True,False,False,True,0.7306715084310894,False,-0.03653849088228667,偏強 (RS上升),6108.TW,競國,3,v1,phase6a,2026-07-12,2,5,5,5,3,5,v1,63,0.9015873015873016,63,0.9015873015873016,11,0.9841269841269841,^TWII,yfinance,2y,2026-09-30,scan_20261001_173958,False,False
True,0,5.25,3.4166666666666665,True,False,買入 (動能增強),252.0,2026-09-30 00:00:00,244.85,0.4000000000000057,False,True,0.9933410899943415,False,0.005256556578994649,124.94012168607061,0.005289681578642324,0.005613898609741436,-0.06587438356454589,-0.6378553086407335,-7.8588847142417535,-0.06587438356454589,False,False,False,False,False,True,0.057483844997054064,False,-0.35182964956488194,中性,6435.TWO,大中,2,v1,phase6a,2026-07-12,0,2,4,2,2,2,v1,196,0.6904761904761905,196,0.6904761904761905,201,0.6825396825396826,^TWII,yfinance,2y,2026-09-30,scan_20261001_173958,False,False
True,1,-0.10833295186360677,-0.09999974568684895,True,False,賣出 (動能轉弱),29.0,2026-09-30 00:00:00,29.01499996185303,0.0,False,False,0.8003423462350223,False,0.0006049211936144636,48.191227369530985,0.000618442731955302,0.0006384799387668514,-0.2296173215588615,-1.4415533053356966,-3.8674172701073872,-0.2296173215588615,False,False,False,False,False,False,0.028142755227347074,False,-0.013605429378242606,中性,9908.TW,大台北,0,v1,phase6a,2026-07-12,0,0,0,0,0,0,v1,619,0.01904761904761905,619,0.01904761904761905,619,0.01904761904761905,^TWII,yfinance,2y,2026-09-30,scan_20261001_173958,False,False
True,2,0.050000031789143876,0.08333341280619304,True,False,觀望 (動能減弱),7.099999904632568,2026-09-30 00:00:00,7.108500075340271,-0.0015000104904174805,False,False,0.4167084733378114,False,0.00014810139368872107,19.155604574193653,0.00015183971313451256,0.0001608466194552489,-0.2584897757099913,-1.48699364535545,-4.036991036624316,-0.2584897757099913,False,False,False,False,False,False,0.014764989676256151,False,-0.09438778489195021,中性,3494.TW,誠研,0,v1,phase6a,2026-07-12,0,0,0,0,0,0,v1,501,0.20634920634920634,501,0.20634920634920634,507,0.19682539682539682,^TWII,yfinance,2y,2026-09-30,scan_20261001_173958,False,False
True,1,-0.13166666030883786,-0.1483333110809326,True,False,觀察 (跌勢收斂),2.990000009536743,2026-09-30 00:00:00,2.9595000028610228,-0.0004999995231629306,True,True,0.5485826283309861,False,6.236946119573187e-05,19.395508836627965,6.302043428429878e-05,6.730345763590461e-05,-0.10861406723468026,-3.218388213809764,-8.254011521367277,-0.10861406723468026,False,False,False,False,False,False,0.266931314615295,False,-0.12827989756759528,中性,9110.TW,越南控-DR,2,v1,phase6a,2026-07-12,0,2,3,2,2,2,v1,239,0.6222222222222222,239,0.6222222222222222,239,0.6222222222222222,^TWII,yfinance,2y,2026-09-30,scan_20261001_173958,True,False
True,0,-0.15833314259847003,-0.3916664123535156,True,False,觀察 (跌勢收斂),24.5,2026-09-30 00:00:00,24.78499984741211,-0.05000000000000071,False,False,0.43478260869565216,False,0.000511054111846702,33.556309990582854,0.000526813316194505,0.0005534639291705672,-0.31389800238008636,-1.56933835764127,-4.479579738861739,-0.31389800238008636,False,False,False,False,False,False,0.04100215707335759,False,-0.11552349006505502,中性,6767.TWO,台微醫,1,v1,phase6a,2026-07-12,0,1,1,1,1,1,v1,372,0.4111111111111111,372,0.4111111111111111,373,0.4095238095238095,^TWII,yfinance,2y,2026-09-30,scan_20261001_173958,False,False
True,0,-3.5333340962727866,-4.050000508626302,True,False,觀察 (跌勢收斂),69.69999694824219,2026-09-30 00:00:00,69.11000061035156,0.06999969482421875,False,True,0.938423091261479,False,0.0014538967361674184,77.64774484452674,0.0014329699339833786,0.0013927581646044082,0.15396085519272518,-1.1687395150241753,6.598753510444966,0.15396085519272518,True,True,True,False,False,False,0.5623668635404628,False,-0.061911250532671325,中性,1326.TW,台化,1,v1,phase6a,2026-07-12,1,2,3,2,1,2,v1,253,0.6,253,0.6,242,0.6174603174603175,^TWII,yfinance,2y,2026-09-30,scan_20261001_173958,False,False
True,2,-3.178914388113352e-07,-0.07500012715657553,True,False,觀察 (跌勢收斂),24.299999237060547,2026-09-30 00:00:00,24.064999866485596,0.004999923706055398,False,True,2.310128884685206,True,0.0005068822256314904,49.39211385104752,0.0005130869332416077,0.0005365631217847806,-0.12713182546028046,-1.2216699777412132,-3.3626870892519922,-0.12713182546028046,False,False,False,False,False,False,0.05599847415237235,False,-0.17627121230303233,中性,9949.TWO,琉園,1,v1,phase6a,2026-07-12,0,1,3,1,1,1,v1,397,0.37142857142857144,397,0.37142857142857144,398,0.36984126984126986,^TWII,yfinance,2y,2026-09-30,scan_20261001_173958,False,False
True,0,-0.00833336512247722,0.016666730244954416,True,False,賣出 (動能轉弱),14.0,2026-09-30 00:00:00,13.919999933242797,0.009999990463256836,False,True,1.121917569380747,False,0.0002920309210552583,35.54996741967073,0.0002966836123780462,0.00030240912173787673,-0.1648051379576132,-1.2875517396986336,-3.521181543481222,-0.1648051379576132,False,False,False,False,False,False,0.14540530555776676,False,-0.01060068004057324,中性,3266.TW,昇陽,0,v1,phase6a,2026-07-12,0,0,2,0,0,0,v1,494,0.21746031746031746,494,0.21746031746031746,500,0.20793650793650795,^TWII,yfinance,2y,2026-09-30,scan_20261001_173958,False,False
False,0,0.46666717529296875,1.1000010172526042,False,True,強烈買入 (爆發),70.5999984741211,2026-09-30 00:00:00,71.57499923706055,0.0,False,False,0.5261581574476752,False,0.0014726701843498153,23.72014419094178,0.0015247604967192712,0.0015422882202814686,-0.35832141119354066,-1.2750848718362406,-2.1519752578068374,-0.35832141119354066,False,False,False,False,False,False,0.0790146363448564,False,-0.04851750164669488,中性,2348.TW,海悅,3,v1,phase6a,2026-07-12,0,3,3,3,3,3,v1,33,0.9492063492063492,33,0.9492063492063492,56,0.9126984126984127,^TWII,yfinance,2y,2026-09-30,scan_20261001_173958,False,False
True,0,-3.109690348307291,-2.2391077677408853,True,False,賣出 (動能轉弱),116.0,2026-09-30 00:00:00,119.96568984985352,-0.20037269592285156,False,False,0.26215942389099167,False,0.0024196847744578543,259.2287827789023,0.0024745228531777613,0.002310287277954909,-0.23273153723375462,-0.4658642384927969,14.05489570333458,-0.23273153723375462,False,True,True,False,False,False,0.7432773051195299,False,-0.09425380370043923,中性,1815.TWO,富喬,0,v1,phase6a,2026-07-12,0,0,0,0,0,0,v1,430,0.319047619047619,430,0.319047619047619,439,0.3047619047619048,^TWII,yfinance,2y,2026-09-30,scan_20261001_173958,False,False
True,2,0.03333330154418945,0.03333346048990885,True,False,觀望 (動能減弱),15.899999618530273,2026-09-30 00:00:00,15.717499828338623,0.009999990463256836,False,True,1.8703404146098332,True,0.0003316636809555465,29.294198268132394,0.00033535303689162857,0.0003469380163335479,-0.11567035457215047,-1.2321254094043943,-3.4925929696362767,-0.11567035457215047,False,False,False,False,False,False,0.0871005642439127,False,0.0,中性,4502.TWO,健信,0,v1,phase6a,2026-07-12,0,0,2,0,0,0,v1,523,0.17142857142857143,523,0.17142857142857143,526,0.16666666666666666,^TWII,yfinance,2y,2026-09-30,scan_20261001_173958,False,False
True,0,-0.4416669209798177,-0.3083337148030599,True,False,賣出 (動能轉弱),43.150001525878906,2026-09-30 00:00:00,43.07500038146973,0.020000076293946734,False,True,0.644515874166219,False,0.0009000810492241584,52.699111252244094,0.0009163238738930175,0.0009435620458200609,-0.1862427403671929,-1.576886550602996,-3.2666898254017807,-0.1862427403671929,False,False,False,False,False,False,0.07157151586635829,False,-0.008045941933818246,中性,9918.TW,欣天然,0,v1,phase6a,2026-07-12,0,0,2,0,0,0,v1,623,0.012698412698412698,623,0.012698412698412698,623,0.012698412698412698,^TWII,yfinance,2y,2026-09-30,scan_20261001_173958,False,False
True,0,-0.29999987284342444,-0.17499923706054688,True,False,賣出 (動能轉弱),32.5,2026-09-30 00:00:00,32.650000190734865,-0.010000038146969814,True,False,0.5337811620415898,False,0.0006779289238782782,29.374252908590496,0.000695748573094654,0.0007401324340695233,-0.26887717072671125,-1.6146626491396199,-4.531484455585433,-0.26887717072671125,False,False,False,False,False,False,0.014434144208662115,False,-0.08321581662766775,中性,6722.TW,輝創,0,v1,phase6a,2026-07-12,0,0,0,0,0,0,v1,582,0.07777777777777778,582,0.07777777777777778,582,0.07777777777777778,^TWII,yfinance,2y,2026-09-30,scan_20261001_173958,False,False
True,0,-1.5166664123535156,-1.333333333333333,True,False,賣出 (動能轉弱),39.75,2026-09-30 00:00:00,40.27499942779541,-0.06499996185303303,True,False,0.42342330126972283,False,0.0008291592222818941,86.34976221959447,0.0008585642416878871,0.0009454581971437607,-0.35922138337544096,-2.328238215838363,-7.938877702274194,-0.35922138337544096,False,False,False,False,False,False,0.01305766750632691,False,-0.3110918635285129,中性,5228.TWO,鈺鎧,0,v1,phase6a,2026-07-12,0,0,0,0,0,0,v1,537,0.1492063492063492,537,0.1492063492063492,538,0.14761904761904762,^TWII,yfinance,2y,2026-09-30,scan_20261001_173958,False,False
False,0,-35.49999999999999,-32.5,False,True,強烈賣出 (跌破),488.0,2026-09-30 00:00:00,504.2,-1.0,True,False,0.4248525021170417,False,0.010179363533926147,139.47200528510848,0.010668488957408389,0.010755534596021587,-0.4802892042963247,-2.1888868502392134,-7.381839811726254,-0.4802892042963247,False,False,False,False,False,False,0.40495619164156565,False,-0.18666666666666665,中性,7795.TW,長廣,0,v1,phase6a,2026-07-12,0,0,0,0,0,0,v1,601,0.047619047619047616,601,0.047619047619047616,601,0.047619047619047616,^TWII,yfinance,2y,2026-09-30,scan_20261001_173958,False,False
True,1,-0.00833320617675782,-0.10833326975504555,True,False,觀察 (跌勢收斂),17.75,2026-09-30 00:00:00,17.457499980926514,-0.005000019073484907,True,True,1.251594590777651,False,0.00037025348919505964,40.43602935406878,0.00037246809877422674,0.0003819103783657078,-0.06254790380795239,-1.1430512406334303,-4.33412718265499,-0.06254790380795239,False,False,False,False,False,False,0.23323902227129267,False,-0.04054054054054057,中性,4430.TWO,耀億,1,v1,phase6a,2026-07-12,0,1,2,1,1,1,v1,326,0.48412698412698413,326,0.48412698412698413,328,0.48095238095238096,^TWII,yfinance,2y,2026-09-30,scan_20261001_173958,False,False
True,1,-0.14999993642171222,-0.1916669209798177,True,False,觀察 (跌勢收斂),23.600000381469727,2026-09-30 00:00:00,23.612499809265138,-0.0274999618530245,True,False,2.3197624360844125,True,0.0004922807034503608,43.87603077444621,0.00050467105867407,0.0005221405867343581,-0.2577690850308678,-1.7284135413670354,-6.246826403073824,-0.2577690850308678,False,False,False,False,False,False,0.06581935026528052,False,-0.16607770255470145,中性,2910.TW,統領,1,v1,phase6a,2026-07-12,0,1,1,1,1,1,v1,305,0.5174603174603175,305,0.5174603174603175,308,0.5126984126984127,^TWII,yfinance,2y,2026-09-30,scan_20261001_173958,False,False
True,0,0.4166666666666667,-0.4999999999999998,True,False,買入 (動能增強),126.5,2026-09-30 00:00:00,123.55,0.29999999999999716,False,True,0.6554147489943322,False,0.002638707965249298,82.66972668746628,0.0026108823008566357,0.002819242516359003,0.11231095752226583,0.22948349958740177,1.8447369309032569,0.11231095752226583,True,False,False,False,False,True,0.31711088135741755,False,-0.18649517684887462,偏強 (RS上升),3715.TW,定穎投控,2,v1,phase6a,2026-07-12,1,3,4,3,2,3,v1,157,0.7523809523809524,157,0.7523809523809524,92,0.8555555555555555,^TWII,yfinance,2y,2026-09-30,scan_20261001_173958,False,False
True,0,-0.9166679382324218,-1.1000022888183594,True,False,觀察 (跌勢收斂),70.4000015258789,2026-09-30 00:00:00,70.34500007629394,-0.15499992370605753,True,True,0.8484862456605553,False,0.0014684983777067148,93.61195338755323,0.0015119893380280067,0.0016722426619463742,-0.3018656488972593,-2.328955735794791,-10.49867330273403,-0.3018656488972593,False,False,False,False,False,False,0.027407279418505785,False,-0.34802990615061224,中性,6175.TWO,立敦,1,v1,phase6a,2026-07-12,0,1,2,1,1,1,v1,354,0.4396825396825397,354,0.4396825396825397,356,0.4365079365079365,^TWII,yfinance,2y,2026-09-30,scan_20261001_173958,False,False
True,0,0.4333324432373047,-0.016667683919270815,True,False,買入 (動能增強),53.900001525878906,2026-09-30 00:00:00,52.47999992370605,0.07000007629394389,False,True,1.3448967796357736,False,0.001124319077891589,28.71223970157324,0.001123874555277169,0.0011998754311944746,0.004163614360885859,-0.8730710703084066,-5.320525160300393,0.004163614360885859,True,False,False,False,False,True,0.10325650698462899,False,-0.20616799062249147,中性,3588.TW,通嘉,2,v1,phase6a,2026-07-12,0,2,4,2,2,2,v1,146,0.7698412698412699,146,0.7698412698412699,156,0.753968253968254,^TWII,yfinance,2y,2026-09-30,scan_20261001_173958,False,False
False,0,0.8166672388712565,0.4333333969116211,False,True,強烈買入 (爆發),33.29999923706055,2026-09-30 00:00:00,31.932500171661378,0.0625,False,True,3.299293261862786,True,0.0006946163891670136,34.08671546565481,0.0006852933469436119,0.0007304570301102019,0.1434101554256051,-0.653711507773036,-4.3893996933925035,0.1434101554256051,True,False,False,False,False,True,0.16084061502213332,False,-0.1835781209959354,中性,6698.TW,旭暉應材,3,v1,phase6a,2026-07-12,0,3,5,3,3,3,v1,72,0.8873015873015873,72,0.8873015873015873,82,0.8714285714285714,^TWII,yfinance,2y,2026-09-30,scan_20261001_173958,False,False
True,0,0.141665776570638,-0.21666781107584637,True,False,買入 (動能增強),39.95000076293945,2026-09-30 00:00:00,39.57499942779541,0.01750011444092081,False,True,0.7295602745675775,False,0.0008333311084971057,22.202069251843387,0.0008426450257313413,0.0008743001765704875,-0.11621417470372153,-0.9019064953108558,-3.0852507659822725,-0.11621417470372153,False,False,False,False,False,False,0.029231085628006723,False,-0.1305767116513139,中性,6609.TWO,瀧澤科,2,v1,phase6a,2026-07-12,0,2,4,2,2,2,v1,209,0.6698412698412698,209,0.6698412698412698,211,0.6666666666666666,^TWII,yfinance,2y,2026-09-30,scan_20261001_173958,False,False
True,0,-0.2666664123535156,-0.24999999999999997,True,False,賣出 (動能轉弱),51.20000076293945,2026-09-30 00:00:00,51.35000019073486,-0.014999961853028765,True,False,1.6103095396344698,True,0.0010679988129165096,49.26720418057964,0.0010941824552642213,0.0011286466229657047,-0.25126044502350453,-1.4655550131202344,-3.9854179483938434,-0.25126044502350453,False,False,False,False,False,False,0.022510393370428636,False,-0.013487490218866638,中性,1730.TW,花仙子,0,v1,phase6a,2026-07-12,0,0,0,0,0,0,v1,425,0.326984126984127,425,0.326984126984127,434,0.3126984126984127,^TWII,yfinance,2y,2026-09-30,scan_20261001_173958,False,False
True,0,0.1833330790201823,0.14999977747599283,True,False,買入 (動能增強),14.199999809265137,2026-09-30 00:00:00,14.055000019073486,0.007499980926512606,False,True,1.3962934755013963,False,0.00029620278737744213,44.62829840718492,0.00029975622890800516,0.0003052317487893428,-0.12462803908126485,-0.8749578584390294,-2.2787329921072685,-0.12462803908126485,False,False,False,False,False,False,0.052518603214892275,False,0.0,中性,6154.TWO,順發,2,v1,phase6a,2026-07-12,0,2,4,2,2,2,v1,185,0.707936507936508,185,0.707936507936508,191,0.6984126984126984,^TWII,yfinance,2y,2026-09-30,scan_20261001_173958,False,False
True,1,0.09166717529296875,-0.024999618530273438,True,False,買入 (動能增強),34.5,2026-09-30 00:00:00,34.36000022888184,-0.017499923706054688,True,True,0.8750449018484764,False,0.0007196476268861722,44.74041377165929,0.0007331216673395658,0.0007617558006651866,-0.19308956245805975,-1.4977646169653247,-4.329181189705366,-0.19308956245805975,False,False,False,False,False,False,0.07388682322383086,False,-0.012875558029075251,中性,5902.TWO,德記,4,v1,phase6a,2026-07-12,0,4,5,4,4,4,v1,13,0.9809523809523809,13,0.9809523809523809,24,0.9634920634920635,^TWII,yfinance,2y,2026-09-30,scan_20261001_173958,False,True
True,0,-0.9651959737141929,0.7368545532226562,True,False,賣出 (動能轉弱),111.5,2026-09-30 00:00:00,111.86578330993652,0.32499999999998863,False,False,0.2604518373044284,False,0.0023258176926900928,157.54422215548865,0.002378276389540286,0.002550782556424171,-0.23164577120458052,-1.0922668496201604,-1.098393915777185,-0.23164577120458052,False,False,False,False,False,False,0.09395023622296163,False,-0.3735955056179775,中性,8042.TWO,金山電,0,v1,phase6a,2026-07-12,0,0,1,0,0,0,v1,605,0.04126984126984127,605,0.04126984126984127,605,0.04126984126984127,^TWII,yfinance,2y,2026-09-30,scan_20261001_173958,False,False
False,0,0.933333396911621,0.6333333651224772,False,True,強烈買入 (爆發),16.350000381469727,2026-09-30 00:00:00,14.467499923706054,0.09250001907348526,False,True,3.223984902065896,True,0.0003410504050467449,82.19862027090824,0.0003121825483075909,0.00031669589459301526,0.9829475800863907,1.7791894850698764,-0.8404903524688812,0.9829475800863907,True,True,False,False,False,True,0.5809785428600388,False,-0.052173890929291256,偏強 (RS上升),6116.TW,彩晶,3,v1,phase6a,2026-07-12,1,4,5,4,3,4,v1,64,0.9,64,0.9,42,0.9349206349206349,^TWII,yfinance,2y,2026-09-30,scan_20261001_173958,False,False
True,0,3.083333333333333,2.6666666666666665,True,False,買入 (動能增強),113.0,2026-09-30 00:00:00,110.55,0.25,False,True,0.46438550362349507,False,0.0023571067199460133,23.80954351549146,0.002365519482171948,0.002532302114970442,-0.03742190812704438,-0.7069922619941327,-2.4506415930699688,-0.03742190812704438,False,False,False,False,False,False,0.13206354520892627,False,-0.08870967741935487,中性,6230.TW,尼得科超眾,2,v1,phase6a,2026-07-12,0,2,4,2,2,2,v1,193,0.6952380952380952,193,0.6952380952380952,199,0.6857142857142857,^TWII,yfinance,2y,2026-09-30,scan_20261001_173958,False,False
True,0,1.3500003814697266,1.516667048136393,True,False,觀望 (動能減弱),61.400001525878906,2026-09-30 00:00:00,61.22999992370605,-0.059999847412107954,True,True,1.9336442174104793,True,0.0012807642141711916,31.974343284823853,0.0013111251283502248,0.0013336585273723573,-0.24315868565475407,-1.1347118664230216,-4.318242700240815,-0.24315868565475407,False,False,False,False,False,False,0.3247812964208178,False,-0.06686932100015097,中性,7704.TWO,明遠精密,2,v1,phase6a,2026-07-12,0,2,3,2,2,2,v1,219,0.653968253968254,219,0.653968253968254,221,0.6507936507936508,^TWII,yfinance,2y,2026-09-30,scan_20261001_173958,False,True
True,0,1.6499989827473958,0.49999872843424475,True,False,買入 (動能增強),65.4000015258789,2026-09-30 00:00:00,63.400000190734865,0.1700000762939453,False,True,0.8760460676330536,False,0.0013642016201869797,93.26719745723469,0.0013283966110342361,0.0012586599568106195,0.2845288859647299,2.2531684815169983,10.260129741264734,0.2845288859647299,True,True,True,False,False,True,0.31545915449161505,False,-0.27973569022239353,偏強 (RS上升),2434.TW,統懋,3,v1,phase6a,2026-07-12,2,5,5,5,3,5,v1,37,0.9428571428571428,37,0.9428571428571428,10,0.9857142857142858,^TWII,yfinance,2y,2026-09-30,scan_20261001_173958,True,False
True,0,0.23333168029785156,-0.4666684468587239,True,False,買入 (動能增強),42.79999923706055,2026-09-30 00:00:00,41.027499961853025,0.0625,False,True,1.7508778908671916,True,0.0008927802284545103,55.290449118775825,0.0008787774260381079,0.0009749398397133315,0.16801247128821473,-1.3185832863691682,-6.327395389009993,0.16801247128821473,True,False,False,False,False,True,0.15441461409280502,False,-0.20000001426055047,中性,6821.TWO,聯寶,2,v1,phase6a,2026-07-12,0,2,4,2,2,2,v1,217,0.6571428571428571,217,0.6571428571428571,219,0.653968253968254,^TWII,yfinance,2y,2026-09-30,scan_20261001_173958,False,False
True,0,0.5166667302449544,0.3583335876464844,True,False,買入 (動能增強),31.5,2026-09-30 00:00:00,30.572500133514403,0.05749998092651154,False,True,1.60800979610106,True,0.0006570695723743311,43.27071880371465,0.0006598186085620273,0.0006928532793911731,-0.04383710524700213,-1.8166027031115028,-8.47594796242922,-0.04383710524700213,False,False,False,False,False,True,0.08247798744504554,False,-0.24278843376410686,中性,5227.TWO,立凱-KY,2,v1,phase6a,2026-07-12,0,2,4,2,2,2,v1,171,0.7301587301587301,171,0.7301587301587301,178,0.719047619047619,^TWII,yfinance,2y,2026-09-30,scan_20261001_173958,False,False
True,0,-1.3833338419596353,-1.6166674296061194,True,False,觀察 (跌勢收斂),81.30000305175781,2026-09-30 00:00:00,81.2449993133545,-0.11499977111816406,True,True,0.93652961915601,False,0.0016958653409285818,44.97996143926287,0.001724455785287558,0.0017727705805003762,-0.17421597115891974,-1.6373501300587678,-2.7061615320004284,-0.17421597115891974,False,False,False,False,False,False,0.43448711375690235,False,-0.09364542009216859,中性,3444.TWO,利機,2,v1,phase6a,2026-07-12,0,2,3,2,2,2,v1,139,0.780952380952381,139,0.780952380952381,150,0.7634920634920634,^TWII,yfinance,2y,2026-09-30,scan_20261001_173958,True,False
True,1,-0.03333409627278647,-0.05000178019205728,True,False,觀察 (跌勢收斂),70.80000305175781,2026-09-30 00:00:00,70.76500015258789,0.015000152587887783,False,True,1.4553633446895775,False,0.001476842150137138,58.24695195224873,0.001512981747668485,0.0015866717888873398,-0.2508045546502524,-1.51696935206731,-5.288490816073999,-0.2508045546502524,False,False,False,False,False,False,0.05233048846905954,False,-0.09923658490822251,中性,8487.TW,愛爾達-創,1,v1,phase6a,2026-07-12,0,1,3,1,1,1,v1,388,0.38571428571428573,388,0.38571428571428573,389,0.38412698412698415,^TWII,yfinance,2y,2026-09-30,scan_20261001_173958,False,False
False,0,0.2833334604899088,0.05833307902018228,False,True,強烈買入 (爆發),26.200000762939453,2026-09-30 00:00:00,25.454999923706055,0.047500038146971235,False,True,2.177369085516924,True,0.0005465150253178342,39.98953723854239,0.0005444794825275185,0.0005736074519730692,0.039368244797999274,-0.7451800532685682,-4.20791455873405,0.039368244797999274,True,False,False,False,False,False,0.13563086929564946,False,-0.1067636369878977,中性,3567.TWO,逸昌,3,v1,phase6a,2026-07-12,0,3,5,3,3,3,v1,49,0.9238095238095239,49,0.9238095238095239,64,0.9,^TWII,yfinance,2y,2026-09-30,scan_20261001_173958,False,False
True,0,-0.5833333333333325,-0.08333333333333304,True,False,賣出 (動能轉弱),519.0,2026-09-30 00:00:00,504.425,-1.1999999999999886,True,True,0.7380472787825122,False,0.010826003430548504,525.7892109598353,0.010744233105427424,0.010296056284145082,0.08017606875110328,-0.7526232928453558,-2.4599831684707474,0.08017606875110328,True,True,True,False,False,True,0.734252813483315,False,-0.04419889502762431,偏強 (RS上升),2408.TW,南亞科,0,v1,phase6a,2026-07-12,1,1,1,1,0,1,v1,444,0.2968253968253968,444,0.2968253968253968,399,0.3682539682539683,^TWII,yfinance,2y,2026-09-30,scan_20261001_173958,False,False
True,0,1.833333333333333,7.499999999999999,True,False,觀望 (動能減弱),548.0,2026-09-30 00:00:00,554.6,0.14999999999997726,False,False,0.6493860362244354,False,0.011430924624162968,173.42982356002153,0.011925777518756816,0.013113265800554476,-0.4348835822447161,-0.9894651102192009,-7.734732135425126,-0.4348835822447161,False,False,False,False,False,False,0.03286270564677444,False,-0.394475138121547,中性,2327.TW,國巨*,0,v1,phase6a,2026-07-12,0,0,1,0,0,0,v1,439,0.3047619047619048,439,0.3047619047619048,448,0.2904761904761905,^TWII,yfinance,2y,2026-09-30,scan_20261001_173958,False,False
True,0,-0.33333333333333326,-1.3333333333333333,True,False,觀察 (跌勢收斂),242.0,2026-09-30 00:00:00,243.825,-0.6000000000000227,False,False,0.634922395976832,False,0.005047963063955179,38.15421481512915,0.005184185760627144,0.005129236486491923,-0.2758326881392881,-1.5640883707823905,-3.5970982642229643,-0.2758326881392881,False,False,True,False,False,False,0.4550372648910928,False,-0.0692307692307692,中性,3617.TW,碩天,1,v1,phase6a,2026-07-12,0,1,1,1,1,1,v1,316,0.5,316,0.5,319,0.49523809523809526,^TWII,yfinance,2y,2026-09-30,scan_20261001_173958,False,False
True,0,0.29166666666666663,0.24999999999999997,True,False,買入 (動能增強),12.300000190734863,2026-09-30 00:00:00,12.037499952316285,0.007500028610230913,False,True,0.952865727377528,False,0.0002565700274771539,47.64960939439168,0.0002566773426955987,0.00026101765672549213,-0.004400794217518378,-0.6493136875179717,-0.9327921804817119,-0.004400794217518378,False,False,False,False,False,True,0.3403897011536607,False,-0.0681817902677968,中性,1313.TW,聯成,3,v1,phase6a,2026-07-12,0,3,5,3,3,3,v1,24,0.9634920634920635,24,0.9634920634920635,49,0.9238095238095239,^TWII,yfinance,2y,2026-09-30,scan_20261001_173958,True,False
True,0,-0.033333460489908845,-0.10833326975504556,True,False,觀察 (跌勢收斂),17.0,2026-09-30 00:00:00,17.092499923706054,-0.01249999999999929,True,False,0.7075563480186653,False,0.00035460897556709934,31.883579962075558,0.000364841068576634,0.0003769464789894445,-0.29434519112695456,-1.4532413323658955,-5.43750475547643,-0.29434519112695456,False,False,False,False,False,False,0.013051933821141518,False,-0.07899747710771043,中性,9946.TW,三發地產,1,v1,phase6a,2026-07-12,0,1,1,1,1,1,v1,396,0.373015873015873,396,0.373015873015873,397,0.37142857142857144,^TWII,yfinance,2y,2026-09-30,scan_20261001_173958,False,False
True,0,1.1666653951009114,1.4666659037272134,True,False,觀望 (動能減弱),92.5999984741211,2026-09-30 00:00:00,91.82999992370605,-0.1700000762939453,False,True,0.4761196995012439,False,0.0019315759174366497,132.1395331318901,0.0019576543885424023,0.001978149898213591,-0.1400276950994317,-0.49585201843825866,-1.9200495372697746,-0.1400276950994317,False,False,False,False,False,False,0.3387756015541351,False,-0.14050351633754488,中性,8932.TWO,智通*,2,v1,phase6a,2026-07-12,0,2,3,2,2,2,v1,237,0.6253968253968254,237,0.6253968253968254,237,0.6253968253968254,^TWII,yfinance,2y,2026-09-30,scan_20261001_173958,False,True
True,0,1.4666671752929685,1.6333338419596353,True,False,觀望 (動能減弱),71.69999694824219,2026-09-30 00:00:00,70.2299991607666,0.14499969482420738,False,True,0.7931191621075804,False,0.0014956154391753125,43.22339958396531,0.0015008102086331904,0.0015087716770707878,-0.036421572486111664,-0.6868860894587936,-2.022107031430387,-0.036421572486111664,False,False,False,False,False,False,0.34658513547361197,False,-0.03887401588734518,中性,2636.TW,台驊控股,1,v1,phase6a,2026-07-12,0,1,3,1,1,1,v1,298,0.5285714285714286,298,0.5285714285714286,301,0.5238095238095238,^TWII,yfinance,2y,2026-09-30,scan_20261001_173958,True,False
True,1,0.02500025431315101,0.05000050862630207,True,False,觀望 (動能減弱),49.79999923706055,2026-09-30 00:00:00,49.75499973297119,-0.010000038146969814,True,True,1.093983092988563,False,0.0010387956889821395,43.19251399265114,0.0010626223668611825,0.001123598273373347,-0.23547081800492364,-1.5993361831904807,-4.911463834754059,-0.23547081800492364,False,False,False,False,False,False,0.0741057324928908,False,-0.10108307102126057,中性,6899.TWO,創為精密,0,v1,phase6a,2026-07-12,0,0,1,0,0,0,v1,591,0.06349206349206349,591,0.06349206349206349,591,0.06349206349206349,^TWII,yfinance,2y,2026-09-30,scan_20261001_173958,False,False
True,2,-1.650000254313151,-1.8000005086263018,True,False,觀察 (跌勢收斂),98.30000305175781,2026-09-30 00:00:00,98.40499992370606,-0.0649997711181669,True,False,0.8490622107881844,False,0.0020504743164956813,19.604815674220767,0.002087580397758014,0.002198378329138775,-0.1867525160845318,-1.4308091423664404,-2.8308523519514073,-0.1867525160845318,False,False,False,False,False,False,0.5112653750698638,False,-0.08558136696039242,中性,7842.TWO,天能綠電,1,v1,phase6a,2026-07-12,0,1,1,1,1,1,v1,380,0.3984126984126984,380,0.3984126984126984,381,0.3968253968253968,^TWII,yfinance,2y,2026-09-30,scan_20261001_173958,False,False
True,0,-0.4250001907348633,-0.28333377838134766,True,False,賣出 (動能轉弱),31.450000762939453,2026-09-30 00:00:00,31.994999980926515,-0.04999999999999716,True,False,1.1826883985659904,False,0.0006560266207135561,34.18996248445667,0.0006827415603118101,0.000702488591208341,-0.41019384365793554,-1.9211484724571681,-5.99809260707368,-0.41019384365793554,False,False,False,False,False,False,0.0,False,-0.0625931005030057,中性,4153.TWO,鈺緯,0,v1,phase6a,2026-07-12,0,0,0,0,0,0,v1,514,0.18571428571428572,514,0.18571428571428572,519,0.17777777777777778,^TWII,yfinance,2y,2026-09-30,scan_20261001_173958,False,False
True,0,-7.083333333333333,-7.083333333333333,True,False,賣出 (動能轉弱),236.0,2026-09-30 00:00:00,235.1,0.9749999999999943,False,True,0.6189739536684138,False,0.004922806954931497,110.26784709613564,0.004916664291995255,0.004846470546983855,0.013152843186281515,-0.9509699384862458,6.084279637384515,0.013152843186281515,True,True,True,False,False,False,0.7156113822396789,False,-0.04453441295546556,中性,4576.TW,大銀微系統,0,v1,phase6a,2026-07-12,1,1,2,1,0,1,v1,526,0.16666666666666666,526,0.16666666666666666,405,0.35873015873015873,^TWII,yfinance,2y,2026-09-30,scan_20261001_173958,False,False
True,1,-0.08333365122477213,-0.0583335558573405,True,False,賣出 (動能轉弱),15.449999809265137,2026-09-30 00:00:00,15.592500019073487,-0.007500028610229137,True,False,0.9108412884356047,False,0.0003222769767573759,24.18130736738325,0.0003327888831184095,0.0003485916448859043,-0.3313961379690977,-1.7645567846972243,-5.194446190176039,-0.3313961379690977,False,False,False,False,False,False,0.0053379205279219565,False,-0.08849562750191808,中性,1539.TW,巨庭,0,v1,phase6a,2026-07-12,0,0,0,0,0,0,v1,416,0.3412698412698413,416,0.3412698412698413,425,0.326984126984127,^TWII,yfinance,2y,2026-09-30,scan_20261001_173958,False,False
True,0,0.2294794718424479,0.0006707509358724051,True,False,買入 (動能增強),38.75,2026-09-30 00:00:00,37.91396007537842,0.011292457580566406,False,True,1.3433545162515796,False,0.0008082998707779471,53.8530029980187,0.0008123443637736378,0.0008654604648886788,-0.05238087681538328,-1.3660835974986907,-5.765411806419419,-0.05238087681538328,False,False,False,False,False,False,0.08959792126840889,False,-0.15983392666114282,中性,3059.TW,華晶科,2,v1,phase6a,2026-07-12,0,2,4,2,2,2,v1,131,0.7936507936507936,131,0.7936507936507936,144,0.773015873015873,^TWII,yfinance,2y,2026-09-30,scan_20261001_173958,False,False
True,0,-0.35000038146972656,-0.35000101725260413,True,False,觀察 (跌勢收斂),33.0,2026-09-30 00:00:00,33.21249961853027,-0.010000038146969814,True,False,0.8730311191159935,False,0.0006883585996302517,39.86084275771192,0.0007074061911898068,0.000735930515189622,-0.2826301072648141,-1.664625692910915,-4.456705073625756,-0.2826301072648141,False,False,False,False,False,False,0.012232302262002955,False,-0.033675006573789856,中性,1234.TW,黑松,1,v1,phase6a,2026-07-12,0,1,1,1,1,1,v1,246,0.6111111111111112,246,0.6111111111111112,251,0.6031746031746031,^TWII,yfinance,2y,2026-09-30,scan_20261001_173958,False,False
False,0,0.4333333969116211,0.21666653951009116,False,True,強烈買入 (爆發),18.0,2026-09-30 00:00:00,16.98500003814697,0.03249998092651296,False,True,6.709980925043394,True,0.00037546832707104636,25.245894003143768,0.00036563250839746525,0.0003988065212456678,0.2839707628882415,-0.4886814950892715,-5.873553627726402,0.2839707628882415,True,False,False,False,False,True,0.2102148215920489,False,-0.13043481465824092,中性,5272.TWO,笙科,3,v1,phase6a,2026-07-12,0,3,5,3,3,3,v1,55,0.9142857142857143,55,0.9142857142857143,69,0.8920634920634921,^TWII,yfinance,2y,2026-09-30,scan_20261001_173958,False,False
True,1,0.49166552225748694,0.4499994913736979,True,False,買入 (動能增強),48.849998474121094,2026-09-30 00:00:00,48.57499961853027,0.017499923706054688,False,True,1.051584349482913,False,0.0010189792891389675,53.64889194681909,0.001038900905525251,0.0010785896667717051,-0.20144250198567137,-1.1178254922859066,-4.181448706743751,-0.20144250198567137,False,False,False,False,False,False,0.008857717195028137,False,-0.03838584236664422,中性,2488.TW,漢平,2,v1,phase6a,2026-07-12,0,2,4,2,2,2,v1,115,0.819047619047619,115,0.819047619047619,129,0.7968253968253968,^TWII,yfinance,2y,2026-09-30,scan_20261001_173958,False,False
True,0,-0.06333351135253906,-0.0366668701171875,True,False,賣出 (動能轉弱),8.34000015258789,2026-09-30 00:00:00,8.39650001525879,0.0019999980926517225,False,False,0.8362391740187652,False,0.0001739669947258026,39.14620654653364,0.00017860679558629104,0.00018230986370528835,-0.27270418323163126,-1.3993676212514239,-2.867317887739207,-0.27270418323163126,False,False,False,False,False,False,0.0,False,-0.03023258341267676,中性,2511.TW,太子,0,v1,phase6a,2026-07-12,0,0,1,0,0,0,v1,455,0.27936507936507937,455,0.27936507936507937,463,0.26666666666666666,^TWII,yfinance,2y,2026-09-30,scan_20261001_173958,False,False
True,0,-2.9166666666666665,-2.3333333333333335,True,False,賣出 (動能轉弱),120.0,2026-09-30 00:00:00,120.45,-0.17499999999999716,True,False,0.40739334928001636,False,0.0025031221804736425,113.3428077624953,0.002576211049488464,0.00279841940685162,-0.2977495808413666,-2.0879994553040127,-8.0650127493319,-0.2977495808413666,False,False,False,False,False,False,0.02084671371855283,False,-0.3729158513469162,中性,2478.TW,大毅,0,v1,phase6a,2026-07-12,0,0,0,0,0,0,v1,451,0.2857142857142857,451,0.2857142857142857,459,0.273015873015873,^TWII,yfinance,2y,2026-09-30,scan_20261001_173958,False,False
True,0,0.25833352406819665,0.06666692097981772,True,False,買入 (動能增強),28.450000762939453,2026-09-30 00:00:00,27.910000324249268,0.022500038146972656,False,True,0.9171972170196168,False,0.000593448566201715,44.56862294120596,0.0005969737797512989,0.0006188880358496456,-0.06212075109751636,-0.7722657051823179,-4.178951699577194,-0.06212075109751636,False,False,False,False,False,False,0.1400002698587059,False,-0.06721308973969009,中性,5353.TWO,台林,2,v1,phase6a,2026-07-12,0,2,4,2,2,2,v1,173,0.726984126984127,173,0.726984126984127,180,0.7158730158730159,^TWII,yfinance,2y,2026-09-30,scan_20261001_173958,False,False
True,0,0.05000019073486328,1.5894571940393287e-07,True,False,買入 (動能增強),11.300000190734863,2026-09-30 00:00:00,11.010000038146973,-0.009999990463256836,False,True,1.2193025345641786,False,0.00023571067597320688,26.126999555394637,0.00023617521676445844,0.00025775236174813593,-0.020700270373941176,-0.88257770652439,-6.466462026078689,-0.020700270373941176,False,False,False,False,False,True,0.08163694256838432,False,-0.16911765633982334,中性,3322.TWO,建舜電,2,v1,phase6a,2026-07-12,0,2,3,2,2,2,v1,136,0.7857142857142857,136,0.7857142857142857,148,0.7666666666666667,^TWII,yfinance,2y,2026-09-30,scan_20261001_173958,False,False
True,0,-0.19166628519694012,-0.18333276112874347,True,False,賣出 (動能轉弱),17.0,2026-09-30 00:00:00,17.019999980926514,-0.019999980926513672,True,False,0.9716559851984405,False,0.00035460897556709934,20.682864211369616,0.0003646217926104046,0.00038647976979957105,-0.28822821149449007,-1.9708044277378822,-7.7191503397437184,-0.28822821149449007,False,False,False,False,False,False,0.08191100153031197,False,-0.09333333333333338,中性,6641.TW,基士德-KY,0,v1,phase6a,2026-07-12,0,0,0,0,0,0,v1,577,0.08571428571428572,577,0.08571428571428572,577,0.08571428571428572,^TWII,yfinance,2y,2026-09-30,scan_20261001_173958,False,False
True,0,-0.17500019073486328,-0.15833346048990884,True,False,賣出 (動能轉弱),17.0,2026-09-30 00:00:00,17.14000005722046,0.0,False,False,0.6573060863781596,False,0.00035460897556709934,37.2569947418503,0.0003650375311113459,0.00037803145028585003,-0.2998188831888071,-1.5263550250704805,-4.011629970493957,-0.2998188831888071,False,False,False,False,False,False,0.009498677125136879,False,-0.02857142857142858,中性,2505.TW,國揚,0,v1,phase6a,2026-07-12,0,0,0,0,0,0,v1,454,0.28095238095238095,454,0.28095238095238095,462,0.26825396825396824,^TWII,yfinance,2y,2026-09-30,scan_20261001_173958,False,False
True,0,-0.09166669845581055,-0.03333346048990886,True,False,賣出 (動能轉弱),12.100000381469727,2026-09-30 00:00:00,12.22999997138977,0.01249999999999929,False,False,0.34019847944583753,False,0.0002523981611549701,52.24786886974212,0.0002598251095336007,0.0002662832172243788,-0.2999859401783267,-1.6302673156200598,-2.169765610865737,-0.2999859401783267,False,False,False,False,False,False,0.008914937288914791,False,-0.03472768564235629,中性,2836.TW,高雄銀,0,v1,phase6a,2026-07-12,0,0,1,0,0,0,v1,477,0.24444444444444444,477,0.24444444444444444,485,0.23174603174603176,^TWII,yfinance,2y,2026-09-30,scan_20261001_173958,False,False
True,0,-0.23333326975504556,-0.23333326975504556,True,False,賣出 (動能轉弱),20.149999618530273,2026-09-30 00:00:00,20.330000019073488,-0.022500038146972656,False,False,2.558098640431656,True,0.0004203159248473214,35.45651698558699,0.00043318774867633585,0.0004519004632170623,-0.3118056969456995,-1.5770957262805863,-4.84720854830184,-0.3118056969456995,False,False,False,False,False,False,0.0,False,-0.044878337385032,中性,5548.TWO,安倉,0,v1,phase6a,2026-07-12,0,0,0,0,0,0,v1,546,0.1349206349206349,546,0.1349206349206349,547,0.13333333333333333,^TWII,yfinance,2y,2026-09-30,scan_20261001_173958,False,False
True,0,0.5833333333333334,0.24999999999999994,True,False,買入 (動能增強),102.5,2026-09-30 00:00:00,101.87000007629395,0.025000000000005684,False,True,0.6168926909045163,False,0.00213808352915457,41.68945937194047,0.0021743548390975444,0.0022924774261028564,-0.17528602413250383,-0.9307203879323045,-3.8705222806759365,-0.17528602413250383,False,False,False,False,False,False,0.030196007415708954,False,-0.12851821345092096,中性,1514.TW,亞力,2,v1,phase6a,2026-07-12,0,2,4,2,2,2,v1,96,0.8492063492063492,96,0.8492063492063492,113,0.8222222222222222,^TWII,yfinance,2y,2026-09-30,scan_20261001_173958,False,False
True,1,-3.178914388113352e-07,-0.16666666666666666,True,False,觀察 (跌勢收斂),24.149999618530273,2026-09-30 00:00:00,23.45250015258789,0.03750000000000142,False,True,0.36444108787860163,False,0.0005037533308631095,41.37526044391296,0.000500633713691844,0.0005174836504875524,0.06563606926639487,-0.648698490488564,-3.763872534109558,0.06563606926639487,True,False,False,False,False,False,0.2229520900118691,False,-0.010245901799528778,中性,2901.TW,欣欣,1,v1,phase6a,2026-07-12,0,1,3,1,1,1,v1,303,0.5206349206349207,303,0.5206349206349207,306,0.5158730158730159,^TWII,yfinance,2y,2026-09-30,scan_20261001_173958,False,False
True,1,0.22500038146972656,0.08333333333333333,True,False,買入 (動能增強),50.70000076293945,2026-09-30 00:00:00,50.36249961853027,0.014999961853028765,False,True,1.3878702687700921,False,0.0010575691371645362,44.35191903004082,0.001074706577589425,0.0011090661385336942,-0.16757301169311178,-1.1481223268638208,-3.7287468429822557,-0.16757301169311178,False,False,False,False,False,False,0.06943266781849625,False,-0.005882337981579333,中性,8432.TWO,東生華,2,v1,phase6a,2026-07-12,0,2,4,2,2,2,v1,231,0.6349206349206349,231,0.6349206349206349,231,0.6349206349206349,^TWII,yfinance,2y,2026-09-30,scan_20261001_173958,False,False
True,1,-0.133332888285319,-0.22499942779541013,True,False,觀察 (跌勢收斂),20.649999618530273,2026-09-30 00:00:00,20.67249975204468,-0.019999980926513672,False,False,2.596006822305929,True,0.00043074560059929486,23.29380889268675,0.0004409167673235355,0.0004604263385446391,-0.2422352060293842,-1.564151530263369,-5.164822805077607,-0.2422352060293842,False,False,False,False,False,False,0.0585217351869813,False,-0.039534901463708194,中性,8426.TWO,紅木-KY,1,v1,phase6a,2026-07-12,0,1,1,1,1,1,v1,385,0.3904761904761905,385,0.3904761904761905,386,0.3888888888888889,^TWII,yfinance,2y,2026-09-30,scan_20261001_173958,False,False
True,0,0.10833358764648438,0.05000019073486328,True,False,買入 (動能增強),20.649999618530273,2026-09-30 00:00:00,20.44749994277954,-0.00500001907348846,True,True,0.7200399597925229,False,0.00043074560059929486,32.74831576426009,0.00043737062647268235,0.00045885278600170154,-0.15919244235148566,-1.3195870602531135,-5.289567088778735,-0.15919244235148566,False,False,False,False,False,False,0.06471346968698909,False,-0.0903084174233183,中性,4133.TW,亞諾法,2,v1,phase6a,2026-07-12,0,2,3,2,2,2,v1,163,0.7428571428571429,163,0.7428571428571429,171,0.7301587301587301,^TWII,yfinance,2y,2026-09-30,scan_20261001_173958,False,False
True,0,0.3666648864746093,0.28333155314127606,True,False,買入 (動能增強),89.9000015258789,2026-09-30 00:00:00,89.39499969482422,0.02999992370605753,False,True,0.749885642439528,False,0.0018752557320336817,48.85770424925066,0.0019054509820262786,0.0019545753374399203,-0.1665303551696362,-1.0135470966565086,-2.797225783281543,-0.1665303551696362,False,False,False,False,False,False,0.020481556196726217,False,-0.002219721993664936,中性,2114.TW,鑫永銓,4,v1,phase6a,2026-07-12,0,4,6,4,4,4,v1,6,0.9920634920634921,6,0.9920634920634921,18,0.973015873015873,^TWII,yfinance,2y,2026-09-30,scan_20261001_173958,False,True
True,0,0.12499999999999997,-0.01666704813639326,True,False,買入 (動能增強),37.5,2026-09-30 00:00:00,37.079999923706055,0.004999923706051845,False,True,0.6804535691999594,False,0.0007822256813980133,40.30423565007995,0.0008009141147764683,0.0008548655183414747,-0.24501797073960274,-1.8399045389584368,-10.536630093737976,-0.24501797073960274,False,False,False,False,False,False,0.0300616709840567,False,-0.2911153323567516,中性,2425.TW,承啟,2,v1,phase6a,2026-07-12,0,2,4,2,2,2,v1,110,0.8269841269841269,110,0.8269841269841269,126,0.8015873015873016,^TWII,yfinance,2y,2026-09-30,scan_20261001_173958,False,False
True,0,0.3333333333333333,0.19166692097981772,True,False,買入 (動能增強),18.850000381469727,2026-09-30 00:00:00,18.062500095367433,0.04250001907348633,False,True,4.448938535964418,True,0.0003931987838066125,24.19515918074611,0.00038652296261181376,0.0004068816583885961,0.1821361191788995,-0.9237272633146998,-3.550891889678298,0.1821361191788995,True,False,False,False,False,True,0.2117693281254641,False,-0.10023867804265796,中性,1584.TWO,精剛,2,v1,phase6a,2026-07-12,0,2,4,2,2,2,v1,98,0.846031746031746,98,0.846031746031746,115,0.819047619047619,^TWII,yfinance,2y,2026-09-30,scan_20261001_173958,False,False
True,0,-5.166666666666667,-4.583333333333333,True,False,賣出 (動能轉弱),192.0,2026-09-30 00:00:00,193.975,-0.125,True,False,1.0541591320652186,False,0.004004995488757828,27.852861637571078,0.00414543568195281,0.00448565954199472,-0.3553461663408086,-2.356246070519563,-8.037520530251175,-0.3553461663408086,False,False,False,False,False,False,0.019837407508909055,False,-0.14715354149628934,中性,1477.TW,聚陽,0,v1,phase6a,2026-07-12,0,0,0,0,0,0,v1,413,0.346031746031746,413,0.346031746031746,422,0.33174603174603173,^TWII,yfinance,2y,2026-09-30,scan_20261001_173958,False,False
True,0,-0.7166665395100911,-0.874999682108561,True,False,觀察 (跌勢收斂),19.299999237060547,2026-09-30 00:00:00,19.892500114440917,-0.040000057220460405,False,False,0.4817345948940512,False,0.00040258546811175526,21.309801545039164,0.00042146132052690193,0.0004658758331265094,-0.4692265990234312,-2.0958625081536675,-4.923185433232802,-0.4692265990234312,False,False,False,False,False,False,0.0,False,-0.13839287652957233,中性,6276.TWO,安鈦克,1,v1,phase6a,2026-07-12,0,1,1,1,1,1,v1,363,0.4253968253968254,363,0.4253968253968254,364,0.4238095238095238,^TWII,yfinance,2y,2026-09-30,scan_20261001_173958,False,False
True,3,0.0,0.0,True,False,賣出 (動能轉弱),30.350000381469727,2026-09-30 00:00:00,30.350000381469727,0.0,False,False,1.6499267844989378,True,0.0006330813261020032,46.63942297925119,0.000647103856332704,0.0006693591436828471,-0.22758272128302615,-1.3423281713697888,-3.6849439751070467,-0.22758272128302615,False,False,False,False,False,False,0.022341443041731874,False,-0.0016447117660511879,中性,5523.TWO,豐謙,0,v1,phase6a,2026-07-12,0,0,0,0,0,0,v1,542,0.14126984126984127,542,0.14126984126984127,543,0.13968253968253969,^TWII,yfinance,2y,2026-09-30,scan_20261001_173958,False,False
False,0,1.0166638692220051,-0.8166694641113281,False,True,強烈買入 (爆發),106.0,2026-09-30 00:00:00,99.44999961853027,0.304999923706049,False,True,2.293938605881458,True,0.0022110912594183844,23.801537022067713,0.0021287250108514176,0.0022612045297305686,0.40895787709327447,-0.24937594192193657,-3.6910129787609214,0.40895787709327447,True,False,False,False,False,True,0.3524848204772068,False,-0.07017543859649122,中性,6462.TWO,神盾,3,v1,phase6a,2026-07-12,0,3,5,3,3,3,v1,67,0.8952380952380953,67,0.8952380952380953,77,0.8793650793650793,^TWII,yfinance,2y,2026-09-30,scan_20261001_173958,False,False
True,0,0.10500009854634604,0.1333333651224772,True,False,觀望 (動能減弱),7.610000133514404,2026-09-30 00:00:00,7.6080000638961796,0.0009999990463258612,False,True,0.5362737384922055,False,0.00015873966773006072,25.66240483945459,0.00016331244537700167,0.0001730208993142521,-0.2938725664227593,-0.9949030662492531,-5.843756360076835,-0.2938725664227593,False,False,False,False,False,False,0.0,False,-0.10153484136973745,中性,4426.TW,利勤,0,v1,phase6a,2026-07-12,0,0,2,0,0,0,v1,521,0.1746031746031746,521,0.1746031746031746,524,0.16984126984126985,^TWII,yfinance,2y,2026-09-30,scan_20261001_173958,False,False
False,0,-1.5500030517578125,-1.6166687011718748,False,True,強烈賣出 (跌破),77.9000015258789,2026-09-30 00:00:00,80.30500030517578,-0.14580383300781818,False,False,0.7603373304933673,False,0.0016249435139863175,28.65250491171424,0.0017003665956037434,0.0017306681164740273,-0.46474533050131495,-2.029208193032117,-2.952716870734484,-0.46474533050131495,False,False,False,False,False,False,0.0,False,-0.056900690497164064,中性,9941.TW,裕融,0,v1,phase6a,2026-07-12,0,0,0,0,0,0,v1,628,0.004761904761904762,628,0.004761904761904762,628,0.004761904761904762,^TWII,yfinance,2y,2026-09-30,scan_20261001_173958,False,False
False,0,3.566664377848307,2.716665903727213,False,True,強烈買入 (爆發),88.5999984741211,2026-09-30 00:00:00,83.5099998474121,0.2849998474121094,False,True,1.2172712124366372,False,0.0018481385114208616,29.34790297859512,0.001796768299521077,0.0019414182555332125,0.30185936846927053,0.21995284734483977,-2.872616612920287,0.30185936846927053,True,False,False,False,False,True,0.222327598618455,False,-0.13560977098418447,偏強 (RS上升),8054.TWO,安國,3,v1,phase6a,2026-07-12,1,4,5,4,3,4,v1,73,0.8857142857142857,73,0.8857142857142857,43,0.9333333333333333,^TWII,yfinance,2y,2026-09-30,scan_20261001_173958,False,False
True,1,-0.016666730244954426,-0.02500025431315104,True,False,觀察 (跌勢收斂),20.899999618530273,2026-09-30 00:00:00,20.905000019073487,0.0,False,False,2.404894180685209,True,0.00043596043847528163,45.33880757486599,0.0004455219551233334,0.00045884782516425455,-0.22540007931294292,-1.2848761197874037,-3.5930986586634517,-0.22540007931294292,False,False,False,False,False,False,0.009810735264828382,False,-0.014150996868529497,中性,1731.TW,美吾華,1,v1,phase6a,2026-07-12,0,1,1,1,1,1,v1,271,0.5714285714285714,271,0.5714285714285714,274,0.5666666666666667,^TWII,yfinance,2y,2026-09-30,scan_20261001_173958,False,False
True,1,0.05833339691162107,0.03333330154418945,True,False,買入 (動能增強),13.949999809265137,2026-09-30 00:00:00,13.792500019073486,0.025000000000000355,False,True,0.618550269422699,False,0.00029098794950145536,30.86181558881492,0.0002924934460660112,0.0003073317063306874,-0.054150788730833455,-0.9541518956129202,0.1285734034110808,-0.054150788730833455,False,False,False,False,False,False,0.2114254988877114,False,-0.09415583410277517,中性,1309.TW,台達化,2,v1,phase6a,2026-07-12,0,2,4,2,2,2,v1,85,0.8666666666666667,85,0.8666666666666667,103,0.8380952380952381,^TWII,yfinance,2y,2026-09-30,scan_20261001_173958,False,False
True,0,0.09166701634724934,0.11666695276896158,True,False,觀望 (動能減弱),13.949999809265137,2026-09-30 00:00:00,13.947499847412109,0.0,False,True,0.4192139737991266,False,0.00029098794950145536,33.385031535887954,0.0002976187273815131,0.0003064498666231191,-0.23397168498896503,-1.3352262680954796,-3.63677736281498,-0.23397168498896503,False,False,False,False,False,False,0.022617542503193182,False,-0.024475550825271752,中性,5533.TW,皇鼎,0,v1,phase6a,2026-07-12,0,0,1,0,0,0,v1,544,0.1380952380952381,544,0.1380952380952381,545,0.1365079365079365,^TWII,yfinance,2y,2026-09-30,scan_20261001_173958,False,False
True,1,-0.049999872843424484,-0.1749998728434245,True,False,觀察 (跌勢收斂),30.600000381469727,2026-09-30 00:00:00,30.230000019073486,0.0025000572204589844,False,True,2.026365663806581,True,0.0006382961639779899,41.7280061776616,0.00064463815162842,0.0006648587692749195,-0.1034513746163257,-1.2770816770921178,-4.083945719953319,-0.1034513746163257,False,False,False,False,False,False,0.12219036633714485,False,-0.016077170220805348,中性,1603.TW,華電,1,v1,phase6a,2026-07-12,0,1,3,1,1,1,v1,267,0.5777777777777777,267,0.5777777777777777,270,0.573015873015873,^TWII,yfinance,2y,2026-09-30,scan_20261001_173958,False,False
True,0,0.3352626164754231,0.1884644826253255,True,False,買入 (動能增強),20.350000381469727,2026-09-30 00:00:00,19.78119878768921,0.016998863220216265,False,True,1.411506928076632,False,0.000424487811062533,23.967398161799014,0.000423783900087306,0.00044384761772776025,0.01748741506464313,-0.4668517363288882,-3.8570657214537007,0.01748741506464313,True,False,False,False,False,False,0.2133664341145815,False,-0.02836832800477418,中性,8440.TWO,綠電,2,v1,phase6a,2026-07-12,0,2,4,2,2,2,v1,232,0.6333333333333333,232,0.6333333333333333,232,0.6333333333333333,^TWII,yfinance,2y,2026-09-30,scan_20261001_173958,False,False
True,0,-14.333333333333332,-8.416666666666666,True,False,賣出 (動能轉弱),286.0,2026-09-30 00:00:00,284.425,-0.32499999999998863,False,True,0.5210272909647969,False,0.005965774530128848,189.65143706304664,0.00596230330831824,0.005671732164533449,0.006128741604705112,-1.2070118557190646,4.009576373728452,0.006128741604705112,True,True,True,False,False,True,0.7318994451014488,False,-0.08333333333333337,偏強 (RS上升),3006.TW,晶豪科,0,v1,phase6a,2026-07-12,1,1,1,1,0,1,v1,486,0.23015873015873015,486,0.23015873015873015,400,0.36666666666666664,^TWII,yfinance,2y,2026-09-30,scan_20261001_173958,False,False
True,0,-7.257827758789061,-7.96747843424479,True,False,觀察 (跌勢收斂),377.5,2026-09-30 00:00:00,383.97545471191404,-0.8610092163086165,False,False,0.64190015719329,False,0.00787440519274,227.2475186782422,0.008166786193202765,0.00845326975952001,-0.375440199595789,-1.9058565217682233,-5.423571146102701,-0.375440199595789,False,False,False,False,False,False,0.024121396983031777,False,-0.09815162903156893,中性,3260.TWO,威剛,1,v1,phase6a,2026-07-12,0,1,1,1,1,1,v1,313,0.5047619047619047,313,0.5047619047619047,316,0.5,^TWII,yfinance,2y,2026-09-30,scan_20261001_173958,False,False
True,0,-0.21666622161865232,-0.0666662851969401,True,False,賣出 (動能轉弱),16.950000762939453,2026-09-30 00:00:00,17.295000076293945,-0.022499942779539595,True,False,1.0542406831479627,False,0.0003535660239063242,28.679373343264427,0.00036798044174302536,0.0003872861812059262,-0.41064042887655194,-2.1347657950531285,-4.528665644427088,-0.41064042887655194,False,False,False,False,False,False,0.0,False,-0.09115275551543367,中性,4558.TWO,寶緯,1,v1,phase6a,2026-07-12,0,1,1,1,1,1,v1,332,0.4746031746031746,332,0.4746031746031746,334,0.4714285714285714,^TWII,yfinance,2y,2026-09-30,scan_20261001_173958,True,False
True,0,-0.7333335876464844,-0.7583338419596354,True,False,觀察 (跌勢收斂),43.20000076293945,2026-09-30 00:00:00,43.535000038146975,-0.06499996185302592,True,False,0.9563785133627332,False,0.0009011240008849335,25.352112889567994,0.0009300362403545221,0.0010066982197601065,-0.3261665475846831,-1.9446462866783198,-6.958916922019998,-0.3261665475846831,False,False,False,False,False,False,0.03333405811818931,False,-0.07096772552818376,中性,7839.TWO,達人網,1,v1,phase6a,2026-07-12,0,1,1,1,1,1,v1,379,0.4,379,0.4,380,0.3984126984126984,^TWII,yfinance,2y,2026-09-30,scan_20261001_173958,False,False
True,0,-0.016666730244954436,0.09999990463256836,True,False,賣出 (動能轉弱),14.25,2026-09-30 00:00:00,14.172499990463256,-0.03000001907348704,True,True,0.5310625048939154,False,0.00029724575893124507,28.201053163206268,0.0002956317306085813,0.00027815404004296023,0.05750242476771916,-0.06435218751882354,9.881577008872844,0.05750242476771916,True,True,True,False,False,False,0.6104471010463497,False,-0.11764703798198495,中性,4188.TWO,安克,0,v1,phase6a,2026-07-12,1,1,1,1,0,1,v1,518,0.17936507936507937,518,0.17936507936507937,403,0.3619047619047619,^TWII,yfinance,2y,2026-09-30,scan_20261001_173958,False,False
True,0,-0.08333333333333333,-0.15000025431315103,True,False,觀察 (跌勢收斂),78.0999984741211,2026-09-30 00:00:00,77.775,0.009999847412117902,False,True,0.8351978599912484,False,0.001629115320629418,46.03935817835399,0.0016570439246005129,0.0017026975415339845,-0.17710131202310908,-1.1998928711699386,-3.1437126980389363,-0.17710131202310908,False,False,False,False,False,False,0.04173362975052099,False,-0.0012787529159020705,中性,4126.TWO,太醫,1,v1,phase6a,2026-07-12,0,1,3,1,1,1,v1,322,0.49047619047619045,322,0.49047619047619045,325,0.4857142857142857,^TWII,yfinance,2y,2026-09-30,scan_20261001_173958,False,False
True,1,0.20000076293945307,0.5166664123535155,True,False,觀望 (動能減弱),68.4000015258789,2026-09-30 00:00:00,68.54500007629395,-0.02999992370605753,True,False,0.6784958971023278,False,0.0014267796746988207,14.709777151589185,0.0014674997420613001,0.001606438481126919,-0.2912327397549541,-1.6351870825341064,-5.934267760270506,-0.2912327397549541,False,False,False,False,False,False,0.026050046543284067,False,-0.21080517752894756,中性,6873.TW,泓德能源,0,v1,phase6a,2026-07-12,0,0,0,0,0,0,v1,589,0.06666666666666667,589,0.06666666666666667,589,0.06666666666666667,^TWII,yfinance,2y,2026-09-30,scan_20261001_173958,False,False
True,0,1.0833333333333333,0.9999999999999999,True,False,買入 (動能增強),168.0,2026-09-30 00:00:00,165.375,0.19999999999998863,False,True,1.6011263676355627,True,0.0035043710526630996,49.32026300429938,0.0035306039600115665,0.00361236375840597,-0.07815095296433983,-0.9579269582798533,-3.2312624769682996,-0.07815095296433983,False,False,False,False,False,False,0.21791179615574788,False,-0.01754385964912286,中性,1513.TW,中興電,2,v1,phase6a,2026-07-12,0,2,4,2,2,2,v1,95,0.8507936507936508,95,0.8507936507936508,112,0.8238095238095238,^TWII,yfinance,2y,2026-09-30,scan_20261001_173958,False,False
True,1,-0.07499996821085612,-0.08333333333333334,True,False,觀察 (跌勢收斂),11.899999618530273,2026-09-30 00:00:00,11.957499933242797,-0.007500028610230913,False,False,0.6576092460832416,False,0.00024822627493975845,50.2450884788106,0.00025465152429772264,0.00026727458106710206,-0.26489158719242845,-1.5837491994266317,-4.196738197859384,-0.26489158719242845,False,False,False,False,False,False,0.010292632554880159,False,-0.11998660591276455,中性,2515.TW,中工,1,v1,phase6a,2026-07-12,0,1,1,1,1,1,v1,291,0.5396825396825397,291,0.5396825396825397,294,0.5349206349206349,^TWII,yfinance,2y,2026-09-30,scan_20261001_173958,False,False
True,2,-0.10000101725260416,-0.14166768391927084,True,False,觀察 (跌勢收斂),32.54999923706055,2026-09-30 00:00:00,32.92750015258789,-0.022500038146972656,False,False,0.9345045790724374,False,0.0006789718755390533,29.457302390388925,0.000702396398074223,0.0007322709085820849,-0.34981865017092995,-1.388883722649259,-4.489346069890354,-0.34981865017092995,False,False,False,False,False,False,0.0,False,-0.09583335452609587,中性,7760.TW,享溫馨,1,v1,phase6a,2026-07-12,0,1,1,1,1,1,v1,376,0.40476190476190477,376,0.40476190476190477,377,0.4031746031746032,^TWII,yfinance,2y,2026-09-30,scan_20261001_173958,False,False
False,0,-0.3499991099039713,-0.3999989827473958,False,True,強烈賣出 (跌破),51.0,2026-09-30 00:00:00,51.275,-0.004999923706058951,True,False,1.2372237145691451,False,0.001063826926701298,36.56325222634977,0.0010897860708881312,0.0011231800778110754,-0.25011395342680043,-1.5034723348122392,-2.9527471339059086,-0.25011395342680043,False,False,False,False,False,False,0.019874973242014565,False,-0.015444000942922531,中性,4175.TWO,杏一,0,v1,phase6a,2026-07-12,0,0,0,0,0,0,v1,516,0.18253968253968253,516,0.18253968253968253,521,0.1746031746031746,^TWII,yfinance,2y,2026-09-30,scan_20261001_173958,False,False
True,0,0.6249993642171223,-0.24166742960611975,True,False,買入 (動能增強),44.349998474121094,2026-09-30 00:00:00,44.364999771118164,-0.057500076293948155,True,False,0.5298472966229819,False,0.0009251122073712059,66.54638581190828,0.0009441791399593419,0.0008842366483660785,-0.21211951372377413,-0.6084009957323167,-2.2339808740342026,-0.21211951372377413,False,True,True,False,False,True,0.5255314800322897,False,-0.18772894297530462,中性,3490.TWO,單井,3,v1,phase6a,2026-07-12,0,3,3,3,3,3,v1,46,0.9285714285714286,46,0.9285714285714286,62,0.9031746031746032,^TWII,yfinance,2y,2026-09-30,scan_20261001_173958,True,False
True,0,-0.16666666666666666,0.25,True,False,賣出 (動能轉弱),105.5,2026-09-30 00:00:00,106.175,-0.025000000000005684,False,False,1.0010354787377262,False,0.002200661583666411,41.99869993394941,0.0022579702027348205,0.0023114378026051637,-0.2664522549890691,-1.3677420703735121,-2.3210770888948407,-0.2664522549890691,False,False,False,False,False,False,0.008243219094447387,False,-0.027649769585253448,中性,9917.TW,中保科,0,v1,phase6a,2026-07-12,0,0,0,0,0,0,v1,622,0.014285714285714285,622,0.014285714285714285,622,0.014285714285714285,^TWII,yfinance,2y,2026-09-30,scan_20261001_173958,False,False
True,1,0.3916664123535156,0.266666571299235,True,False,買入 (動能增強),14.649999618530273,2026-09-30 00:00:00,14.194999980926514,0.03750000000000142,False,True,0.3509455154831779,False,0.0003055894915756127,37.49187993026365,0.0003029147695182839,0.0003093821023590899,0.09303330625933803,-0.2682265192650468,-1.0136830953915266,0.09303330625933803,True,False,False,False,False,False,0.2925422502850527,False,-0.003401373563511778,中性,1456.TW,怡華,2,v1,phase6a,2026-07-12,0,2,4,2,2,2,v1,92,0.8555555555555555,92,0.8555555555555555,109,0.8285714285714286,^TWII,yfinance,2y,2026-09-30,scan_20261001_173958,False,False
True,0,1.4916674296061196,1.7833340962727862,True,False,觀望 (動能減弱),49.5,2026-09-30 00:00:00,48.65500049591064,0.2749999999999986,False,True,0.21793457459981538,False,0.0010325378994453776,66.05407686771137,0.001026458993295184,0.0009834443634018806,0.06237794291918952,0.5855202284853478,10.849570587757661,0.06237794291918952,True,True,True,False,False,False,0.7177972996561612,False,-0.009009024145467781,偏強 (RS上升),4198.TWO,欣大健康,0,v1,phase6a,2026-07-12,1,1,2,1,0,1,v1,519,0.17777777777777778,519,0.17777777777777778,404,0.3603174603174603,^TWII,yfinance,2y,2026-09-30,scan_20261001_173958,False,False
True,0,-0.08693408966064452,-0.0958418846130371,True,False,觀察 (跌勢收斂),10.0,2026-09-30 00:00:00,10.154607629776,-0.02811989784240687,False,False,2.896116335128294,True,0.00020859351503947022,24.888073078546835,0.00021685964206801414,0.00023005487651627752,-0.39963238455587025,-1.7464172209364581,-6.3649847516536795,-0.39963238455587025,False,False,False,False,False,False,0.0,False,-0.09884812175230695,中性,1441.TW,大東,1,v1,phase6a,2026-07-12,0,1,1,1,1,1,v1,259,0.5904761904761905,259,0.5904761904761905,262,0.5857142857142857,^TWII,yfinance,2y,2026-09-30,scan_20261001_173958,False,False
True,0,-0.16666666666666666,-0.23333485921223956,True,False,觀察 (跌勢收斂),92.80000305175781,2026-09-30 00:00:00,93.16000061035156,-0.014999771118169747,False,False,1.0500892575868948,False,0.0019357478832239725,41.35747400713291,0.001983358284655182,0.0020557840085413436,-0.25204672372676207,-1.3821684087942265,-3.3981669067306486,-0.25204672372676207,False,False,False,False,False,False,0.011154784471978128,False,-0.030302967491762756,中性,5403.TWO,中菲,1,v1,phase6a,2026-07-12,0,1,1,1,1,1,v1,344,0.45555555555555555,344,0.45555555555555555,346,0.4523809523809524,^TWII,yfinance,2y,2026-09-30,scan_20261001_173958,False,False
True,0,-0.12499999999999999,-0.11666647593180338,True,False,賣出 (動能轉弱),19.299999237060547,2026-09-30 00:00:00,19.467500114440917,-0.010000038146973367,False,False,1.5444628278296841,True,0.00040258546811175526,21.751923825423113,0.0004145344344492717,0.00043658490963428874,-0.30250347856839443,-1.4713524812918766,-3.8680354378173742,-0.30250347856839443,False,False,False,False,False,False,0.0,False,-0.1297333010412144,中性,1540.TW,喬福,0,v1,phase6a,2026-07-12,0,0,0,0,0,0,v1,417,0.3396825396825397,417,0.3396825396825397,426,0.3253968253968254,^TWII,yfinance,2y,2026-09-30,scan_20261001_173958,False,False
True,0,3.450000762939453,2.891667048136393,True,False,買入 (動能增強),45.650001525878906,2026-09-30 00:00:00,44.8375,-0.05499992370605611,False,True,0.5150168048332929,False,0.000952229427984026,56.10733909784908,0.000949705090945596,0.0009352974733167102,0.027987009629049098,1.2814979157914186,7.763663857484948,0.027987009629049098,True,True,True,False,False,True,0.7409381666226363,False,-0.058762855136517356,偏強 (RS上升),3339.TWO,泰谷,2,v1,phase6a,2026-07-12,2,4,3,4,2,4,v1,137,0.7841269841269841,137,0.7841269841269841,46,0.9285714285714286,^TWII,yfinance,2y,2026-09-30,scan_20261001_173958,False,False
True,0,0.40833314259847003,0.4750000635782877,True,False,觀望 (動能減弱),31.149999618530273,2026-09-30 00:00:00,30.94000005722046,0.027499961853028054,False,True,1.4411153562571217,False,0.0006497687913907386,37.54203184460075,0.000660840672592681,0.0006830531065645909,-0.17604990644294327,-1.0909255165236331,-3.1017653454439964,-0.17604990644294327,False,False,False,False,False,False,0.021720976194413995,False,-0.00897901221884756,中性,1614.TW,三洋電,0,v1,phase6a,2026-07-12,0,0,2,0,0,0,v1,422,0.33174603174603173,422,0.33174603174603173,431,0.31746031746031744,^TWII,yfinance,2y,2026-09-30,scan_20261001_173958,False,False
True,0,-0.0833333333333333,0.16666666666666666,True,False,賣出 (動能轉弱),169.0,2026-09-30 00:00:00,169.325,0.0,False,False,0.31561173444428664,False,0.0035252304041670465,56.634761826059055,0.0036072402537030797,0.003726627286266375,-0.23874223603339573,-1.4718364469364253,-3.3571298628842006,-0.23874223603339573,False,False,False,False,False,False,0.03770673292686353,False,-0.014577259475218707,中性,8416.TWO,實威,0,v1,phase6a,2026-07-12,0,0,0,0,0,0,v1,613,0.02857142857142857,613,0.02857142857142857,613,0.02857142857142857,^TWII,yfinance,2y,2026-09-30,scan_20261001_173958,False,False
True,1,0.42500082651774085,0.37500095367431635,True,False,買入 (動能增強),20.350000381469727,2026-09-30 00:00:00,20.22500009536743,0.0,False,True,0.38248488935280556,False,0.000424487811062533,38.578031332886134,0.00043357882091295247,0.0004569506340003424,-0.22022316064075342,-1.302686435738143,-4.7747121738578535,-0.22022316064075342,False,False,False,False,False,False,0.05228322926271112,False,-0.10662495619688939,中性,3128.TWO,昇銳,2,v1,phase6a,2026-07-12,0,2,3,2,2,2,v1,133,0.7904761904761904,133,0.7904761904761904,146,0.7698412698412699,^TWII,yfinance,2y,2026-09-30,scan_20261001_173958,False,False
True,1,0.5083332061767577,0.4499994913736978,True,False,買入 (動能增強),34.650001525878906,2026-09-30 00:00:00,34.71499938964844,0.015000152587894888,False,False,0.8399433214795106,False,0.0007227765614406087,79.03632208506984,0.000736160709504921,0.0007371214137361947,-0.19101353331814064,-0.9805527215175913,0.03373270925450811,-0.19101353331814064,False,False,False,False,False,False,0.367070372089068,False,-0.08454417641337819,中性,6418.TWO,詠昇,5,v1,phase6a,2026-07-12,0,5,6,5,5,5,v1,2,0.9984126984126984,2,0.9984126984126984,5,0.9936507936507937,^TWII,yfinance,2y,2026-09-30,scan_20261001_173958,True,True
True,0,-0.6833333969116211,-0.8249998092651367,True,False,觀察 (跌勢收斂),21.799999237060547,2026-09-30 00:00:00,21.85999994277954,-0.035000038146971946,True,False,0.6026581861842929,False,0.0004547338468716228,7.545445167504417,0.00046996440890044656,0.0005299187456841489,-0.33997606439057915,-2.1655256991211513,-11.196306154991188,-0.33997606439057915,False,False,False,False,False,False,0.08397513650307288,False,-0.19852946229459367,中性,2230.TWO,泰茂,1,v1,phase6a,2026-07-12,0,1,1,1,1,1,v1,281,0.5555555555555556,281,0.5555555555555556,284,0.5507936507936508,^TWII,yfinance,2y,2026-09-30,scan_20261001_173958,False,False
True,0,-0.0666672388712565,-0.12500031789143878,True,False,觀察 (跌勢收斂),17.149999618530273,2026-09-30 00:00:00,16.88749990463257,0.00500001907348846,False,True,1.2655651788171036,False,0.0003577378703354803,30.02251428504782,0.00035984635157801685,0.00037395044689632096,-0.0616398043975841,-1.3077048608953423,-3.8322409887621256,-0.0616398043975841,False,False,False,False,False,False,0.17861406825149026,False,0.0,中性,6248.TWO,沛波,1,v1,phase6a,2026-07-12,0,1,3,1,1,1,v1,361,0.42857142857142855,361,0.42857142857142855,362,0.42698412698412697,^TWII,yfinance,2y,2026-09-30,scan_20261001_173958,False,False
True,1,11.0,13.333333333333334,True,False,觀望 (動能減弱),546.0,2026-09-30 00:00:00,544.1,0.3000000000000682,False,True,1.443539168285679,False,0.011389205921155074,54.360972685044494,0.011593266620941753,0.011533783302936904,-0.1849379433452203,-1.1191571825717395,-1.6803450367968487,-0.1849379433452203,False,False,True,False,False,False,0.47057138523585856,False,-0.021505376344086002,中性,3034.TW,聯詠,2,v1,phase6a,2026-07-12,0,2,4,2,2,2,v1,128,0.7984126984126985,128,0.7984126984126985,142,0.7761904761904762,^TWII,yfinance,2y,2026-09-30,scan_20261001_173958,False,True
True,1,0.2416669527689616,0.17500019073486328,True,False,買入 (動能增強),12.850000381469727,2026-09-30 00:00:00,12.52999997138977,0.02750000953674281,False,True,0.27843863985818196,False,0.00026804267478293034,20.413538334799714,0.00026953791894712643,0.0002895182167619888,-0.05835997695156081,-1.5417959853634144,-6.812932984418751,-0.05835997695156081,False,False,False,False,False,False,0.1117081935892659,False,-0.19182385598965668,中性,6645.TW,金萬林-創,3,v1,phase6a,2026-07-12,0,3,5,3,3,3,v1,71,0.8888888888888888,71,0.8888888888888888,81,0.873015873015873,^TWII,yfinance,2y,2026-09-30,scan_20261001_173958,True,False
True,0,2.329671223958333,1.99267578125,True,False,買入 (動能增強),175.0,2026-09-30 00:00:00,173.2260986328125,0.07390136718748863,False,True,0.45038500653784685,False,0.003650386513190729,59.33012183076128,0.0036953571575812625,0.003733442789896604,-0.12793610094277152,-0.7951558196414465,-2.4571811366062124,-0.12793610094277152,False,False,False,False,False,False,0.29913012388566596,False,-0.01056229580467305,中性,1268.TWO,漢來美食,2,v1,phase6a,2026-07-12,0,2,4,2,2,2,v1,81,0.873015873015873,81,0.873015873015873,100,0.8428571428571429,^TWII,yfinance,2y,2026-09-30,scan_20261001_173958,False,False
True,0,0.13333257039388022,-0.3833351135253906,True,False,買入 (動能增強),80.0,2026-09-30 00:00:00,79.51000061035157,-0.034999847412109375,True,True,0.8282364933741081,False,0.0016687481203157618,45.02636765438903,0.0016976858976586356,0.0017418529547197185,-0.17910416587153533,-1.2486538226198274,-4.588868690772607,-0.17910416587153533,False,False,False,False,False,False,0.023108913298862204,False,-0.1525423865796366,中性,6577.TWO,勁豐,2,v1,phase6a,2026-07-12,0,2,3,2,2,2,v1,207,0.6730158730158731,207,0.6730158730158731,209,0.6698412698412698,^TWII,yfinance,2y,2026-09-30,scan_20261001_173958,False,False
True,1,0.4243189493815104,0.5890070597330729,True,False,觀望 (動能減弱),36.95000076293945,2026-09-30 00:00:00,36.828297996520995,0.026840400695796518,False,True,0.9047027030182049,False,0.0007707530539852646,25.436586248579825,0.0007873250544982444,0.0008145970054719884,-0.221073195778132,-1.305494069231894,-3.798893219217303,-0.221073195778132,False,False,False,False,False,False,0.032792094590981126,False,-0.07322698426655472,中性,6504.TW,南六,2,v1,phase6a,2026-07-12,0,2,4,2,2,2,v1,200,0.6841269841269841,200,0.6841269841269841,204,0.6777777777777778,^TWII,yfinance,2y,2026-09-30,scan_20261001_173958,False,True
True,0,-0.07499949137369791,-0.12499968210856119,True,False,觀察 (跌勢收斂),16.950000762939453,2026-09-30 00:00:00,16.929999923706056,-0.022499942779539595,True,True,1.2239460064662286,False,0.0003535660239063242,35.22301110144335,0.00036138250019573736,0.00037551424722092437,-0.22716039963235346,-1.530241230636653,-5.146273890480679,-0.22716039963235346,False,False,False,False,False,False,0.07022878056865484,False,-0.04237287952949487,中性,2534.TW,宏盛,1,v1,phase6a,2026-07-12,0,1,2,1,1,1,v1,292,0.5380952380952381,292,0.5380952380952381,295,0.5333333333333333,^TWII,yfinance,2y,2026-09-30,scan_20261001_173958,False,False
True,1,-0.013333479563395183,-0.006666819254557291,True,False,賣出 (動能轉弱),9.949999809265137,2026-09-30 00:00:00,9.958999967575073,-0.0019999980926517225,True,False,1.043247449158365,False,0.0002075505434856673,39.346188463570975,0.00021224552310971997,0.0002192797693595689,-0.23230657386614784,-1.4632338627178498,-3.729768245221765,-0.23230657386614784,False,False,False,False,False,False,0.04063637124224674,False,-0.009950286524563201,中性,1217.TW,愛之味,0,v1,phase6a,2026-07-12,0,0,0,0,0,0,v1,400,0.36666666666666664,400,0.36666666666666664,409,0.3523809523809524,^TWII,yfinance,2y,2026-09-30,scan_20261001_173958,False,False
True,0,-0.2999992370605469,0.10000101725260416,True,False,賣出 (動能轉弱),75.0,2026-09-30 00:00:00,74.97999954223633,0.025000000000005684,False,True,1.475091052543494,False,0.0015644513627960266,40.52492942431799,0.0015957185879866523,0.0016139683069625313,-0.2058328040333346,-1.343684411383561,-2.58701221898634,-0.2058328040333346,False,False,False,False,False,False,0.3074752240511505,False,-0.03100777104088892,中性,6527.TWO,明達醫,0,v1,phase6a,2026-07-12,0,0,2,0,0,0,v1,570,0.09682539682539683,570,0.09682539682539683,570,0.09682539682539683,^TWII,yfinance,2y,2026-09-30,scan_20261001_173958,False,False
True,2,0.08333460489908853,0.16666666666666669,True,False,觀望 (動能減弱),81.80000305175781,2026-09-30 00:00:00,82.23000030517578,-0.004999923706051845,True,False,0.9262827265240458,False,0.0017062950166805552,36.21068957377802,0.0017634091971978224,0.001886727449553596,-0.3397731951428895,-1.5826067536440669,-6.9678605965821205,-0.3397731951428895,False,False,False,False,False,False,0.0,False,-0.1241969837752841,中性,4994.TW,傳奇,0,v1,phase6a,2026-07-12,0,0,0,0,0,0,v1,536,0.15079365079365079,536,0.15079365079365079,537,0.1492063492063492,^TWII,yfinance,2y,2026-09-30,scan_20261001_173958,False,False
True,0,-0.33333349227905273,-0.3000001907348633,True,False,賣出 (動能轉弱),11.100000381469727,2026-09-30 00:00:00,11.112500047683715,0.005000019073486683,False,False,0.6984834848952947,False,0.00023153880965102306,32.20027496956289,0.0002366408265702612,0.0002481574359821682,-0.22643528575512217,-2.0848131327135366,-5.3102839303805,-0.22643528575512217,False,False,False,False,False,False,0.08365561016924644,False,-0.05531911647066157,中性,9929.TW,秋雨,0,v1,phase6a,2026-07-12,0,0,1,0,0,0,v1,626,0.007936507936507936,626,0.007936507936507936,626,0.007936507936507936,^TWII,yfinance,2y,2026-09-30,scan_20261001_173958,False,False
True,0,-0.09999990463256835,-0.09166653951009114,True,False,賣出 (動能轉弱),13.199999809265137,2026-09-30 00:00:00,13.144999980926514,0.0,False,True,1.6040650192979975,True,0.0002753434358734951,36.70852153141299,0.0002799657456169819,0.00028935644774264586,-0.17349079058903705,-1.4814331360347044,-3.996125659094474,-0.17349079058903705,False,False,False,False,False,False,0.062264779783496545,False,-0.018587360858383528,中性,1103.TW,嘉泥,0,v1,phase6a,2026-07-12,0,0,1,0,0,0,v1,398,0.36984126984126986,398,0.36984126984126986,407,0.35555555555555557,^TWII,yfinance,2y,2026-09-30,scan_20261001_173958,False,False
True,0,0.27499961853027344,0.3916667302449544,True,False,觀望 (動能減弱),18.299999237060547,2026-09-30 00:00:00,18.30749979019165,0.039999961853027344,False,False,0.4844815485431711,False,0.00038172611660780825,49.18569029742337,0.00038727728550019315,0.00037524678289445194,-0.1506551664028688,-0.748842089061752,3.98076094884654,-0.1506551664028688,False,True,True,False,False,False,0.6213287171318235,False,-0.029177778953779376,中性,2905.TW,三商,0,v1,phase6a,2026-07-12,0,0,1,0,0,0,v1,482,0.2365079365079365,482,0.2365079365079365,490,0.22380952380952382,^TWII,yfinance,2y,2026-09-30,scan_20261001_173958,False,False
True,0,-9.333333333333334,-10.333333333333332,True,False,觀察 (跌勢收斂),179.5,2026-09-30 00:00:00,182.8,-1.25,False,False,0.7759880242008356,False,0.0037442535949584904,555.2006521341638,0.003823229768708025,0.00407644090384753,-0.21696954304043503,-1.1694170300714068,0.5844316316412801,-0.21696954304043503,False,False,False,False,False,False,0.5680287274796822,False,-0.15925058548009363,中性,5475.TWO,德宏,1,v1,phase6a,2026-07-12,0,1,1,1,1,1,v1,345,0.45396825396825397,345,0.45396825396825397,347,0.4507936507936508,^TWII,yfinance,2y,2026-09-30,scan_20261001_173958,False,False
True,0,0.7249997456868489,0.5916663805643717,True,False,買入 (動能增強),16.75,2026-09-30 00:00:00,16.242500019073486,0.019999980926513672,False,True,0.7533901067039146,False,0.00034939413769111263,41.50170327147275,0.0003461751932037901,0.00034354057652554815,0.09797589380697858,0.1742964211252529,1.8760336859726223,0.09797589380697858,True,True,True,False,False,False,0.5438861855387599,False,-0.04558400409335506,偏強 (RS上升),1710.TW,東聯,2,v1,phase6a,2026-07-12,1,3,4,3,2,3,v1,100,0.8428571428571429,100,0.8428571428571429,87,0.8634920634920635,^TWII,yfinance,2y,2026-09-30,scan_20261001_173958,False,False
True,0,-0.4666665395100911,-0.4583333333333333,True,False,賣出 (動能轉弱),23.450000762939453,2026-09-30 00:00:00,23.479999828338624,-0.04499998092651225,True,False,0.8576171719461172,False,0.0004891518086819798,32.88979075748944,0.0005039176124854454,0.0005428981748691385,-0.30749387132452677,-2.461041386690177,-9.754894179308515,-0.30749387132452677,False,False,False,False,False,False,0.05269299523648276,False,-0.13308682349938195,中性,1443.TW,立益物流,0,v1,phase6a,2026-07-12,0,0,0,0,0,0,v1,408,0.353968253968254,408,0.353968253968254,417,0.3396825396825397,^TWII,yfinance,2y,2026-09-30,scan_20261001_173958,False,False
False,0,6.75,4.916666666666666,False,True,強烈買入 (爆發),214.5,2026-09-30 00:00:00,211.05,-0.024999999999977263,False,True,0.5985606092844699,False,0.004474330897596636,45.91627475179959,0.004491284003952034,0.004464366338378782,-0.03971756706192542,-0.28335080183170547,0.5543251998811227,-0.03971756706192542,False,True,True,False,False,True,0.6111204565035506,False,-0.020547945205479423,中性,4771.TW,望隼,3,v1,phase6a,2026-07-12,0,3,4,3,3,3,v1,53,0.9174603174603174,53,0.9174603174603174,67,0.8952380952380953,^TWII,yfinance,2y,2026-09-30,scan_20261001_173958,False,False
True,1,-0.4500001271565755,-0.4499994913736979,True,False,賣出 (動能轉弱),60.099998474121094,2026-09-30 00:00:00,60.24500007629395,-0.005000114440917969,True,False,1.1043884429559268,False,0.0012536469935583716,16.777506531830024,0.0012854423683185353,0.001399633332632085,-0.25969192046202405,-1.602976126955158,-5.120577741920728,-0.25969192046202405,False,False,False,False,False,False,0.0186047207221122,False,-0.11653590940503489,中性,7818.TW,溢泰實業,0,v1,phase6a,2026-07-12,0,0,0,0,0,0,v1,603,0.044444444444444446,603,0.044444444444444446,603,0.044444444444444446,^TWII,yfinance,2y,2026-09-30,scan_20261001_173958,False,False
True,0,16.083333333333332,15.75,True,False,買入 (動能增強),308.0,2026-09-30 00:00:00,292.85,1.3000000000000114,False,True,1.2208011744892486,False,0.006424680263215682,52.64676535899732,0.00625345448619011,0.006229689899931367,0.2890540655730245,0.9775111261527414,3.6245988512020544,0.2890540655730245,True,True,True,False,False,True,0.7979584440704293,False,0.0,偏強 (RS上升),6937.TW,天虹,4,v1,phase6a,2026-07-12,2,6,6,6,4,6,v1,19,0.9714285714285714,19,0.9714285714285714,2,0.9984126984126984,^TWII,yfinance,2y,2026-09-30,scan_20261001_173958,False,True
True,0,1.216668446858724,1.316668192545573,True,False,觀望 (動能減弱),68.0,2026-09-30 00:00:00,66.60999984741211,0.195000076293951,False,True,0.8564338537967372,False,0.0014184359022683974,48.28405863148526,0.00141525404253948,0.001452580015768444,0.02367150183297806,-0.2597085439359659,1.500981533589707,0.02367150183297806,True,False,False,False,False,False,0.3734379362278402,False,-0.021582733812949617,中性,3338.TW,泰碩,0,v1,phase6a,2026-07-12,0,0,2,0,0,0,v1,497,0.2126984126984127,497,0.2126984126984127,503,0.20317460317460317,^TWII,yfinance,2y,2026-09-30,scan_20261001_173958,False,False
True,0,-0.5000006357828776,-0.8583342234293618,True,False,觀察 (跌勢收斂),43.70000076293945,2026-09-30 00:00:00,43.242499923706056,-0.06000003814697408,True,True,1.7039546484080383,True,0.000911553676636907,61.560855307742635,0.0009268186268915878,0.0010169608649494906,-0.1730711760538517,-1.871116840900322,-8.679150449048901,-0.1730711760538517,False,False,False,False,False,False,0.05130731504699187,False,-0.24671580066471743,中性,6282.TW,康舒,1,v1,phase6a,2026-07-12,0,1,2,1,1,1,v1,365,0.4222222222222222,365,0.4222222222222222,366,0.42063492063492064,^TWII,yfinance,2y,2026-09-30,scan_20261001_173958,False,False
True,0,-0.4749997456868489,-0.2833334604899088,True,False,賣出 (動能轉弱),45.45000076293945,2026-09-30 00:00:00,45.45749988555908,0.05249996185302308,False,False,0.6762207663359983,False,0.0009480575417688144,34.52926691551439,0.0009692502730368055,0.0009976227125164,-0.22963018507199395,-1.744545201093639,-4.377249496910773,-0.22963018507199395,False,False,False,False,False,False,0.037874315684184895,False,-0.0531249841054281,中性,2704.TW,國賓,0,v1,phase6a,2026-07-12,0,0,1,0,0,0,v1,469,0.2571428571428571,469,0.2571428571428571,477,0.24444444444444444,^TWII,yfinance,2y,2026-09-30,scan_20261001_173958,False,False
True,2,-0.11666647593180338,-0.10000006357828775,True,False,賣出 (動能轉弱),24.350000381469727,2026-09-30 00:00:00,24.407499980926513,0.0,False,False,0.7961923475138482,False,0.000507925217078321,47.734718207864475,0.0005199096379231342,0.000529438728745009,-0.24205445166465278,-1.5602728521358356,-3.7724875781969036,-0.24205445166465278,False,False,False,False,False,False,0.16012689942824843,False,-0.02794406694253304,中性,4106.TW,雃博,0,v1,phase6a,2026-07-12,0,0,0,0,0,0,v1,509,0.19365079365079366,509,0.19365079365079366,514,0.18571428571428572,^TWII,yfinance,2y,2026-09-30,scan_20261001_173958,False,False
True,0,1.4333343505859373,0.7166671752929688,True,False,買入 (動能增強),59.20000076293945,2026-09-30 00:00:00,57.82499980926514,0.014999961853028765,False,True,1.1464941668749895,False,0.001234873624948086,28.81767037600492,0.001235739019623373,0.0012971328942901015,-0.0073710921370873095,-0.5820795453595595,-3.14840683892349,-0.0073710921370873095,False,False,False,False,False,True,0.12121963701243639,False,-0.11773469285887517,中性,3530.TW,晶相光,2,v1,phase6a,2026-07-12,0,2,4,2,2,2,v1,143,0.7746031746031746,143,0.7746031746031746,153,0.7587301587301587,^TWII,yfinance,2y,2026-09-30,scan_20261001_173958,False,False
True,1,-0.10833231608072916,-0.09166590372721356,True,False,賣出 (動能轉弱),46.79999923706055,2026-09-30 00:00:00,46.757499885559085,-0.010000038146969814,True,True,0.22152535396621192,False,0.0009762176344702984,58.36553731778301,0.0010010074721409433,0.0010705272641696763,-0.260005239269101,-1.6016549014503112,-6.383509969896728,-0.260005239269101,False,False,False,False,False,False,0.03310778292554734,False,-0.10687026957532952,中性,3205.TWO,佰研,0,v1,phase6a,2026-07-12,0,0,1,0,0,0,v1,490,0.22380952380952382,490,0.22380952380952382,496,0.21428571428571427,^TWII,yfinance,2y,2026-09-30,scan_20261001_173958,False,False
True,0,-0.15000025431315106,-0.08333333333333334,True,False,賣出 (動能轉弱),56.5,2026-09-30 00:00:00,57.329999923706055,-0.07000007629394389,True,False,0.7773697905600813,False,0.0011785533599730066,41.610614679022966,0.0012229608256012527,0.0012727634247356404,-0.3807702566575255,-1.8628884316110428,-5.376724927114507,-0.3807702566575255,False,False,False,False,False,False,0.0,False,-0.10317460317460314,中性,6516.TWO,勤崴國際,0,v1,phase6a,2026-07-12,0,0,0,0,0,0,v1,569,0.09841269841269841,569,0.09841269841269841,569,0.09841269841269841,^TWII,yfinance,2y,2026-09-30,scan_20261001_173958,False,False
True,0,0.3500000635782877,0.2999998728434245,True,False,買入 (動能增強),17.5,2026-09-30 00:00:00,17.432499980926515,0.010000038146973367,False,True,0.44378632577918103,False,0.0003650386513190729,38.17234876407972,0.00037331092259865266,0.0003881018806133551,-0.2327119219844409,-1.0096300634033661,-4.172434050689855,-0.2327119219844409,False,False,False,False,False,False,0.021321541947249348,False,-0.033149191647752096,中性,1463.TW,強盛新,2,v1,phase6a,2026-07-12,0,2,4,2,2,2,v1,93,0.8539682539682539,93,0.8539682539682539,110,0.8269841269841269,^TWII,yfinance,2y,2026-09-30,scan_20261001_173958,False,False
True,1,0.016667048136393234,0.05000114440917969,True,False,觀望 (動能減弱),62.599998474121094,2026-09-30 00:00:00,62.78000011444092,0.029999923706050424,False,False,0.7535422928295405,False,0.001305795372318239,44.31314742131676,0.0013359669211329996,0.0013741817943670224,-0.23716308164972721,-1.257910582853472,-2.7201513882358475,-0.23716308164972721,False,False,False,False,False,False,0.09770777279266757,False,-0.018808789612686838,中性,2643.TWO,捷迅,2,v1,phase6a,2026-07-12,0,2,3,2,2,2,v1,122,0.807936507936508,122,0.807936507936508,136,0.7857142857142857,^TWII,yfinance,2y,2026-09-30,scan_20261001_173958,False,True
True,0,-0.11166667938232422,-0.10833326975504556,True,False,賣出 (動能轉弱),8.029999732971191,2026-09-30 00:00:00,8.105499935150146,-0.01750001907348775,False,False,1.1044032037854834,False,0.0001675005870066468,36.061574139996246,0.00017398835265859035,0.00018380683805852536,-0.3909759625913334,-2.092704191344741,-9.38276022596517,-0.3909759625913334,False,False,False,False,False,False,0.0,False,-0.2352381206694103,中性,1467.TW,南緯,1,v1,phase6a,2026-07-12,0,1,1,1,1,1,v1,261,0.5873015873015873,261,0.5873015873015873,264,0.5825396825396826,^TWII,yfinance,2y,2026-09-30,scan_20261001_173958,True,False
True,1,6.25,7.499999999999999,True,False,觀望 (動能減弱),409.0,2026-09-30 00:00:00,417.45,-0.17500000000001137,True,False,0.6524776441556582,False,0.008531474765114332,40.367166138939176,0.009013296660485164,0.009757227421412685,-0.5595544096292149,-1.9295209116821477,-9.91675163793272,-0.5595544096292149,False,False,False,False,False,False,0.0,False,-0.2696428571428572,中性,6415.TW,矽力*-KY,0,v1,phase6a,2026-07-12,0,0,0,0,0,0,v1,564,0.10634920634920635,564,0.10634920634920635,564,0.10634920634920635,^TWII,yfinance,2y,2026-09-30,scan_20261001_173958,False,False
True,1,-0.008333365122477213,-0.016666730244954426,True,False,觀察 (跌勢收斂),15.0,2026-09-30 00:00:00,15.0,0.0,False,False,1.026618023861268,False,0.0003128902725592053,41.81141694615203,0.00031993904808722326,0.0003324036249156719,-0.23137520301458325,-1.3331317259952402,-4.086157501029774,-0.23137520301458325,False,False,False,False,False,False,0.005790428982574849,False,-0.019607855359147774,中性,1432.TW,大魯閣,1,v1,phase6a,2026-07-12,0,1,1,1,1,1,v1,257,0.5936507936507937,257,0.5936507936507937,260,0.5888888888888889,^TWII,yfinance,2y,2026-09-30,scan_20261001_173958,False,False
True,0,1.1000003814697266,0.6250006357828776,True,False,買入 (動能增強),47.54999923706055,2026-09-30 00:00:00,46.51499977111816,0.03750000000000142,False,True,0.9901746293226813,False,0.0009918621480982585,65.5712417221744,0.0009917909970022264,0.0010292114519237525,0.0007551637025482449,-0.4909167153831717,-1.7421299335095952,0.0007551637025482449,True,False,False,False,False,True,0.2614336220385128,False,-0.0508981899146711,中性,2328.TW,廣宇,2,v1,phase6a,2026-07-12,0,2,4,2,2,2,v1,105,0.834920634920635,105,0.834920634920635,121,0.8095238095238095,^TWII,yfinance,2y,2026-09-30,scan_20261001_173958,False,False
True,0,1.2499993642171223,0.9083334604899088,True,False,買入 (動能增強),40.5,2026-09-30 00:00:00,40.47000026702881,-0.057500076293948155,True,True,0.3728033358300705,False,0.0008448037359098543,51.428306936826175,0.0008715507786382629,0.0009260886321315031,-0.32200215412896416,-1.8507418573297407,-8.431709442188684,-0.32200215412896416,False,False,False,False,False,False,0.06420386156802971,False,-0.19642859575699712,中性,3704.TW,合勤控,2,v1,phase6a,2026-07-12,0,2,3,2,2,2,v1,155,0.7555555555555555,155,0.7555555555555555,164,0.7412698412698413,^TWII,yfinance,2y,2026-09-30,scan_20261001_173958,False,False
True,0,-0.03333282470703125,-0.0666656494140625,True,False,觀察 (跌勢收斂),39.54999923706055,2026-09-30 00:00:00,39.63000011444092,0.012500000000002842,False,False,0.790435146403731,False,0.0008249873360666824,48.76452021989259,0.0008451250602359313,0.0008726608356106226,-0.2501945585433041,-1.4013399775998137,-4.276924241233148,-0.2501945585433041,False,False,False,False,False,False,0.0,False,-0.025862051145884357,中性,9925.TW,新保,1,v1,phase6a,2026-07-12,0,1,2,1,1,1,v1,394,0.3761904761904762,394,0.3761904761904762,395,0.3746031746031746,^TWII,yfinance,2y,2026-09-30,scan_20261001_173958,False,False
True,2,0.016666412353515625,0.03333282470703125,True,False,觀望 (動能減弱),28.200000762939453,2026-09-30 00:00:00,28.252499866485596,0.00500001907348846,False,False,0.9692768607178524,False,0.0005882337283257282,41.003118094953024,0.0006025936863442582,0.0006256386031911109,-0.2502170774151491,-1.3827640948969044,-3.8332574900547645,-0.2502170774151491,False,False,False,False,False,False,0.004376251473071385,False,-0.027586180588294762,中性,2450.TW,神腦,0,v1,phase6a,2026-07-12,0,0,1,0,0,0,v1,449,0.28888888888888886,449,0.28888888888888886,457,0.2761904761904762,^TWII,yfinance,2y,2026-09-30,scan_20261001_173958,False,False
True,0,0.448858896891276,0.4333813985188802,True,False,買入 (動能增強),65.0999984741211,2026-09-30 00:00:00,64.8724754333496,0.013929748535147723,False,True,5.958152880358929,True,0.0013579437510781065,39.934463934865754,0.0013831281696532118,0.001423011942429622,-0.19129970369076155,-1.098307075512317,-2.845955018650115,-0.19129970369076155,False,False,False,False,False,False,0.00900608698792174,False,-0.005673732583998392,中性,9927.TW,泰銘,4,v1,phase6a,2026-07-12,0,4,6,4,4,4,v1,21,0.9682539682539683,21,0.9682539682539683,30,0.953968253968254,^TWII,yfinance,2y,2026-09-30,scan_20261001_173958,False,True
True,0,-0.28333409627278644,-0.14166704813639322,True,False,賣出 (動能轉弱),49.099998474121094,2026-09-30 00:00:00,49.19999980926514,0.012500000000002842,False,False,1.6801572056258418,True,0.0010241941270149543,45.55676270781931,0.0010479267132294428,0.0010777530889702067,-0.23782442867043008,-1.5070789540424845,-3.493333711359259,-0.23782442867043008,False,False,False,False,False,False,0.026450349853597233,False,-0.014056240435010303,中性,9926.TW,新海,0,v1,phase6a,2026-07-12,0,0,1,0,0,0,v1,625,0.009523809523809525,625,0.009523809523809525,625,0.009523809523809525,^TWII,yfinance,2y,2026-09-30,scan_20261001_173958,False,False
True,0,-4.583333333333333,-4.583333333333333,True,False,賣出 (動能轉弱),114.0,2026-09-30 00:00:00,118.725,-0.5,True,False,0.2954046503826195,False,0.0023779660714499606,57.42019051562399,0.0025015541243134168,0.002420012192223085,-0.5173569598005856,-2.2542344776728895,-3.79042768453407,-0.5173569598005856,False,False,True,False,False,False,0.4749359302139488,False,-0.1709090909090909,中性,6716.TWO,應廣,0,v1,phase6a,2026-07-12,0,0,0,0,0,0,v1,581,0.07936507936507936,581,0.07936507936507936,581,0.07936507936507936,^TWII,yfinance,2y,2026-09-30,scan_20261001_173958,False,False
True,0,-0.0666659673055013,-0.0666662851969401,True,False,觀察 (跌勢收斂),27.850000381469727,2026-09-30 00:00:00,28.0625,-0.014999961853028765,True,False,0.5775445593157665,False,0.0005809329473421357,66.25458846844144,0.0005973588405474961,0.0006063771052059757,-0.2886123125118156,-1.4980869581018963,-3.6130641958611043,-0.2886123125118156,False,False,False,False,False,False,0.0,False,-0.07321127825113449,中性,2852.TW,第一保,1,v1,phase6a,2026-07-12,0,1,1,1,1,1,v1,302,0.5222222222222223,302,0.5222222222222223,305,0.5174603174603175,^TWII,yfinance,2y,2026-09-30,scan_20261001_173958,False,False
True,0,4.583333333333332,3.9166666666666665,True,False,買入 (動能增強),139.5,2026-09-30 00:00:00,138.225,0.07499999999998863,False,True,1.007597346970391,False,0.0029098795348006094,84.35028112545318,0.002966445750711948,0.002969397650591561,-0.20032089685906307,-0.8439386266328341,-4.027532974950454,-0.20032089685906307,False,False,False,False,False,False,0.33813532694733456,False,-0.11708860759493667,中性,6206.TW,飛捷,4,v1,phase6a,2026-07-12,0,4,6,4,4,4,v1,16,0.9761904761904762,16,0.9761904761904762,27,0.9587301587301588,^TWII,yfinance,2y,2026-09-30,scan_20261001_173958,False,True
True,0,-0.21666622161865234,-0.15833282470703125,True,False,賣出 (動能轉弱),25.700000762939453,2026-09-30 00:00:00,25.927499961853027,-0.027499961853028054,False,False,0.6400606256705437,False,0.0005360853495658607,37.322976746022825,0.0005510037930961903,0.0005640013030353574,-0.2841903590746431,-1.5182373863794063,-3.1440653662388907,-0.2841903590746431,False,False,False,False,False,False,0.010525779897385167,False,-0.020952351888020804,中性,5356.TWO,協益,0,v1,phase6a,2026-07-12,0,0,0,0,0,0,v1,540,0.14444444444444443,540,0.14444444444444443,541,0.14285714285714285,^TWII,yfinance,2y,2026-09-30,scan_20261001_173958,False,False
True,0,-0.27500025431315106,-0.2666670481363932,True,False,賣出 (動能轉弱),16.350000381469727,2026-09-30 00:00:00,16.470000076293946,-0.027499961853028054,True,False,0.47954137079941767,False,0.0003410504050467449,44.20134511343641,0.0003504271083085881,0.000362289657857313,-0.2808712890438603,-1.8500155339795543,-4.78666647963959,-0.2808712890438603,False,False,False,False,False,False,0.053204628520448986,False,-0.04105565319142512,中性,4711.TWO,永純,0,v1,phase6a,2026-07-12,0,0,0,0,0,0,v1,528,0.1634920634920635,528,0.1634920634920635,530,0.16031746031746033,^TWII,yfinance,2y,2026-09-30,scan_20261001_173958,False,False
False,0,6.5666669209798165,5.483332316080729,False,True,強烈買入 (爆發),79.30000305175781,2026-09-30 00:00:00,74.11999969482422,0.5350002288818274,False,True,0.5101348312913397,False,0.0016541466379206876,96.79655499725703,0.0015644206587462478,0.0014658602591503809,0.6073946487596293,2.352671955926011,15.389042698119937,0.6073946487596293,True,True,True,False,False,True,0.9460084003358159,False,-0.016128975768910037,偏強 (RS上升),8111.TWO,立��,3,v1,phase6a,2026-07-12,2,5,5,5,3,5,v1,75,0.8825396825396825,75,0.8825396825396825,12,0.9825396825396825,^TWII,yfinance,2y,2026-09-30,scan_20261001_173958,False,False
True,1,0.4666674931844075,0.4833342234293619,True,False,觀望 (動能減弱),25.299999237060547,2026-09-30 00:00:00,24.79499979019165,0.039999961853027344,False,True,1.5423281017645083,True,0.0005277415771354374,75.9858570477687,0.0005294327541131856,0.000549786802747089,-0.03361310577481014,-0.7608137560467298,-1.6487635328170436,-0.03361310577481014,False,False,False,False,False,False,0.3067978034852006,False,0.0,中性,1780.TWO,立弘,0,v1,phase6a,2026-07-12,0,0,2,0,0,0,v1,427,0.3238095238095238,427,0.3238095238095238,436,0.30952380952380953,^TWII,yfinance,2y,2026-09-30,scan_20261001_173958,False,False
True,0,-0.9999993642171223,-1.2833334604899087,True,False,觀察 (跌勢收斂),38.400001525878906,2026-09-30 00:00:00,37.45,-0.039999961853027344,True,True,2.6861424539637264,True,0.00080099912958041,53.271944473386824,0.0007943264270942129,0.000805909544033512,0.08850409039105056,-1.6587567620918842,-3.986354187949448,0.08850409039105056,True,False,False,False,False,False,0.5216270060561758,False,-0.039999961853027344,中性,1605.TW,華新,1,v1,phase6a,2026-07-12,0,1,2,1,1,1,v1,268,0.5761904761904761,268,0.5761904761904761,271,0.5714285714285714,^TWII,yfinance,2y,2026-09-30,scan_20261001_173958,False,False
True,0,-2.916666666666666,-3.2499999999999996,True,False,觀察 (跌勢收斂),151.0,2026-09-30 00:00:00,152.875,-0.19999999999998863,False,False,0.3946729169623922,False,0.003149762077096,43.03720950328476,0.003228217357141921,0.003190552675400493,-0.2551679982149113,-1.3025257720574945,-0.17490198702549975,-0.2551679982149113,False,False,True,False,False,False,0.32887298132975595,False,-0.0801374114047897,中性,2377.TW,微星,2,v1,phase6a,2026-07-12,0,2,2,2,2,2,v1,107,0.8317460317460318,107,0.8317460317460318,123,0.8063492063492064,^TWII,yfinance,2y,2026-09-30,scan_20261001_173958,True,False
True,0,0.10000038146972656,0.07500012715657552,True,False,買入 (動能增強),48.650001525878906,2026-09-30 00:00:00,48.179999923706056,0.02499999999999858,False,True,0.8750080498164642,False,0.001014807482495867,58.65219701464563,0.0010269266022172837,0.0010536115834047705,-0.12407060497570122,-1.0361638844129883,-2.726650980957923,-0.12407060497570122,False,False,False,False,False,False,0.12682661093879455,False,-0.00916490758099242,中性,6170.TWO,統振,4,v1,phase6a,2026-07-12,0,4,6,4,4,4,v1,15,0.9777777777777777,15,0.9777777777777777,26,0.9603174603174603,^TWII,yfinance,2y,2026-09-30,scan_20261001_173958,False,True
True,2,-0.025000254313151032,-0.10000038146972656,True,False,觀察 (跌勢收斂),50.29999923706055,2026-09-30 00:00:00,49.975,-0.030000114440916548,True,True,1.4712605024354617,False,0.001049225364734113,19.70509704322608,0.00106867232445151,0.0011088039242187137,-0.1911843983797401,-1.53993546672746,-5.586695091809968,-0.1911843983797401,False,False,False,False,False,False,0.07291596800220697,False,-0.054511306095678225,中性,4557.TW,永新-KY,1,v1,phase6a,2026-07-12,0,1,2,1,1,1,v1,331,0.47619047619047616,331,0.47619047619047616,333,0.473015873015873,^TWII,yfinance,2y,2026-09-30,scan_20261001_173958,False,False
False,0,0.4250001907348633,-0.01666641235351561,False,True,強烈買入 (爆發),34.04999923706055,2026-09-30 00:00:00,31.494999885559082,0.17749996185302663,False,True,2.3438080263765615,True,0.0007102609027949739,47.283674737860984,0.0006721949731105346,0.0007036557887796933,0.5996725125307689,0.2567625253828476,0.045879006551796664,0.5996725125307689,True,True,False,False,False,True,0.42661086077002264,False,-0.09403885684915425,偏強 (RS上升),4526.TW,東台,3,v1,phase6a,2026-07-12,1,4,5,4,3,4,v1,52,0.919047619047619,52,0.919047619047619,39,0.9396825396825397,^TWII,yfinance,2y,2026-09-30,scan_20261001_173958,False,False
True,1,-0.7166671752929686,-0.7833340962727864,True,False,觀察 (跌勢收斂),91.80000305175781,2026-09-30 00:00:00,91.47000007629394,0.04000015258789347,False,True,1.5504968637677075,True,0.0019148885317200254,59.83333790409683,0.0019436147901721445,0.0019866829728386473,-0.15533528763520543,-1.3175871705171094,-2.3246423661638205,-0.15533528763520543,False,False,False,False,False,False,0.06260183921719675,False,-0.008639259563128943,中性,6183.TW,關貿,1,v1,phase6a,2026-07-12,0,1,3,1,1,1,v1,355,0.4380952380952381,355,0.4380952380952381,357,0.43492063492063493,^TWII,yfinance,2y,2026-09-30,scan_20261001_173958,False,False
True,0,-0.05833244323730468,-0.2999992370605469,True,False,觀察 (跌勢收斂),34.25,2026-09-30 00:00:00,34.0125,-0.0274999618530245,True,True,0.7156190241344769,False,0.0007144327890101855,42.04329048035513,0.0007268225358815528,0.0007505771865163777,-0.17911495977259717,-1.5120369071827455,-5.798477085972542,-0.17911495977259717,False,False,False,False,False,False,0.07686580903130748,False,-0.06675751258876061,中性,3716.TW,中化控股,1,v1,phase6a,2026-07-12,0,1,2,1,1,1,v1,319,0.49523809523809526,319,0.49523809523809526,322,0.49047619047619045,^TWII,yfinance,2y,2026-09-30,scan_20261001_173958,False,False
True,0,0.25000031789143884,0.2500003178914388,True,False,買入 (動能增強),20.100000381469727,2026-09-30 00:00:00,19.57749996185303,0.0350000381469755,False,True,0.7135594880611786,False,0.00041927297318654626,18.127675342499966,0.000420646248910537,0.000441570245543049,-0.03435325532483713,-1.3635964098160036,-5.939467921838403,-0.03435325532483713,False,False,False,False,False,False,0.11963235133775288,False,-0.18126268814188495,中性,8476.TW,台境*,3,v1,phase6a,2026-07-12,0,3,5,3,3,3,v1,79,0.8761904761904762,79,0.8761904761904762,85,0.8666666666666667,^TWII,yfinance,2y,2026-09-30,scan_20261001_173958,True,False
False,0,0.1333338419596354,-0.275000254313151,False,True,強烈買入 (爆發),47.150001525878906,2026-09-30 00:00:00,45.750000190734866,0.04250011444091939,False,True,0.9565544907244107,False,0.0009835184552399465,49.713646543143135,0.0009732397720324175,0.0010008740961114705,0.11129537277154711,-0.5355141852755874,-1.4096673275769134,0.11129537277154711,True,False,False,False,False,False,0.4492748097990074,False,-0.020768431325231318,中性,6275.TWO,元山,3,v1,phase6a,2026-07-12,0,3,5,3,3,3,v1,66,0.8968253968253969,66,0.8968253968253969,76,0.8809523809523809,^TWII,yfinance,2y,2026-09-30,scan_20261001_173958,False,False
True,0,-0.01666673024495441,0.01666673024495441,True,False,賣出 (動能轉弱),20.5,2026-09-30 00:00:00,20.39749994277954,0.01249999999999929,False,True,0.5827728388251187,False,0.0004276167058309139,34.29977252651475,0.00043485447644681465,0.00044552647241414097,-0.1748948579014198,-1.2454195131035517,-3.262004822291642,-0.1748948579014198,False,False,False,False,False,False,0.11842957579129738,False,-0.028436036522381025,中性,1598.TW,岱宇,0,v1,phase6a,2026-07-12,0,0,2,0,0,0,v1,420,0.3349206349206349,420,0.3349206349206349,429,0.32063492063492066,^TWII,yfinance,2y,2026-09-30,scan_20261001_173958,False,False
True,0,-0.1999998092651367,-0.24999984105428055,True,False,觀察 (跌勢收斂),12.350000381469727,2026-09-30 00:00:00,12.012500095367432,0.01750001907348775,False,True,0.7573139965826207,False,0.0002576129990309568,31.263173115782042,0.00025757491536195474,0.0002771822138599754,0.0015563897790338288,-2.236889015539223,-8.46915794441,0.0015563897790338288,True,False,False,False,False,False,0.2829647601474428,False,-0.12411347181946586,中性,8067.TWO,志旭,1,v1,phase6a,2026-07-12,0,1,3,1,1,1,v1,381,0.3968253968253968,381,0.3968253968253968,382,0.3952380952380952,^TWII,yfinance,2y,2026-09-30,scan_20261001_173958,False,False
True,1,0.3166662851969401,0.1833330790201823,True,False,買入 (動能增強),53.79999923706055,2026-09-30 00:00:00,53.364999771118164,0.05499992370605611,False,True,1.0567942737304177,False,0.0011222330949979275,51.84358879540655,0.001130494969145267,0.0011224667360825759,-0.07686920132087272,-0.6720048634489384,0.9598346647345934,-0.07686920132087272,False,False,True,False,False,False,0.6471227147148827,False,0.0,中性,2607.TW,榮運,2,v1,phase6a,2026-07-12,0,2,4,2,2,2,v1,119,0.8126984126984127,119,0.8126984126984127,133,0.7904761904761904,^TWII,yfinance,2y,2026-09-30,scan_20261001_173958,False,False
True,0,2.583333333333333,1.25,True,False,買入 (動能增強),176.0,2026-09-30 00:00:00,173.725,-0.125,True,True,0.45940147303993,False,0.0036712458646946757,105.61139361506174,0.0037549329188319115,0.004087228168458032,-0.23405332779116161,-1.031393726012153,-10.006603624315137,-0.23405332779116161,False,False,False,False,False,True,0.04098068014438114,False,-0.4868804664723032,中性,8261.TW,富鼎,2,v1,phase6a,2026-07-12,0,2,3,2,2,2,v1,227,0.6412698412698413,227,0.6412698412698413,227,0.6412698412698413,^TWII,yfinance,2y,2026-09-30,scan_20261001_173958,False,False
True,0,-2.9999999999999996,-2.916666666666666,True,False,賣出 (動能轉弱),171.5,2026-09-30 00:00:00,172.35,0.0,False,False,1.4834130295494088,False,0.0035773787829269143,35.854084273065276,0.003682501128367748,0.003897380168603271,-0.2995887479413373,-2.0452021742400794,-6.768170030548082,-0.2995887479413373,False,False,False,False,False,False,0.04023361197915669,False,-0.11259580844256767,中性,4441.TW,振大環球,1,v1,phase6a,2026-07-12,0,1,1,1,1,1,v1,328,0.48095238095238096,328,0.48095238095238096,330,0.4777777777777778,^TWII,yfinance,2y,2026-09-30,scan_20261001_173958,True,False
True,0,-1.7166659037272134,-0.8833325703938801,True,False,賣出 (動能轉弱),71.80000305175781,2026-09-30 00:00:00,75.06000022888183,-0.3049999237060632,True,False,0.9309139370065238,False,0.001497701501641085,43.15845943176915,0.001590599012686668,0.0016762026130886212,-0.6110235968092903,-2.6711224704718872,-4.36633295447264,-0.6110235968092903,False,False,False,False,False,False,0.0,False,-0.15727692930112058,中性,6794.TW,向榮生技,0,v1,phase6a,2026-07-12,0,0,0,0,0,0,v1,586,0.07142857142857142,586,0.07142857142857142,586,0.07142857142857142,^TWII,yfinance,2y,2026-09-30,scan_20261001_173958,False,False
True,0,0.3666667938232422,0.0750001271565755,True,False,買入 (動能增強),24.299999237060547,2026-09-30 00:00:00,23.802499961853027,0.007499980926514382,False,True,0.3753541900401727,False,0.0005068822256314904,37.7680243624147,0.0005137208534093931,0.0005559829761955746,-0.1399297417611134,-1.5630426541608178,-9.237330190626714,-0.1399297417611134,False,False,False,False,False,False,0.0810794861133489,False,-0.13214288439069477,中性,8044.TWO,網家,2,v1,phase6a,2026-07-12,0,2,4,2,2,2,v1,222,0.6492063492063492,222,0.6492063492063492,223,0.6476190476190476,^TWII,yfinance,2y,2026-09-30,scan_20261001_173958,False,False
False,0,3.583333333333333,3.75,False,True,強烈買入 (爆發),116.5,2026-09-30 00:00:00,116.075,-0.024999999999991473,False,True,0.6947636532246464,False,0.002430114450209828,54.00805096604902,0.002482716495868519,0.0025116698305679788,-0.22252786217864529,-0.9846511464271179,-2.9345744590400957,-0.22252786217864529,False,False,False,False,False,False,0.19696486737323524,False,-0.04115226337448563,中性,3005.TW,神基,3,v1,phase6a,2026-07-12,0,3,4,3,3,3,v1,39,0.9396825396825397,39,0.9396825396825397,59,0.9079365079365079,^TWII,yfinance,2y,2026-09-30,scan_20261001_173958,False,False
True,0,-0.38333320617675776,-0.4250001907348632,True,False,觀察 (跌勢收斂),18.450000762939453,2026-09-30 00:00:00,18.84000015258789,-0.05000000000000071,True,False,1.7253075411395282,True,0.00038485505116224477,23.00619478592819,0.00040079253477399665,0.00041909519173525427,-0.4168333459996454,-2.212054075627623,-5.826850844322562,-0.4168333459996454,False,False,False,False,False,False,0.0,False,-0.09999996278344137,中性,4102.TWO,永日,2,v1,phase6a,2026-07-12,0,2,2,2,2,2,v1,158,0.7507936507936508,158,0.7507936507936508,166,0.7380952380952381,^TWII,yfinance,2y,2026-09-30,scan_20261001_173958,True,False
True,0,-0.3083332379659017,-0.3166667620340983,True,False,觀察 (跌勢收斂),13.850000381469727,2026-09-30 00:00:00,14.127499866485596,-0.02499999999999858,True,False,0.37846992014171155,False,0.00028890202628687736,34.13524517406834,0.0003006176649587687,0.0003292288768333428,-0.40855441010011484,-2.153246972454037,-5.661439979557925,-0.40855441010011484,False,False,False,False,False,False,0.0,False,-0.13707158630331095,中性,5398.TWO,慕康生醫,1,v1,phase6a,2026-07-12,0,1,1,1,1,1,v1,343,0.45714285714285713,343,0.45714285714285713,345,0.45396825396825397,^TWII,yfinance,2y,2026-09-30,scan_20261001_173958,False,False
True,0,-0.3916670481363932,-0.3000001907348633,True,False,賣出 (動能轉弱),23.899999618530273,2026-09-30 00:00:00,24.322500133514403,-0.05000000000000071,False,False,2.4464554487846084,True,0.0004985384929871227,18.329181149260084,0.0005192573132595671,0.0005865489039891408,-0.4182524938297294,-2.2330677178953096,-7.378473273432151,-0.4182524938297294,False,False,False,False,False,False,0.0036199930471912368,False,-0.2897474432460363,中性,3466.TWO,德晉,0,v1,phase6a,2026-07-12,0,0,0,0,0,0,v1,499,0.20952380952380953,499,0.20952380952380953,505,0.2,^TWII,yfinance,2y,2026-09-30,scan_20261001_173958,False,False
False,0,-3.4166666666666665,-2.5,False,True,強烈賣出 (跌破),224.5,2026-09-30 00:00:00,230.2,-0.30000000000001137,True,False,2.4418598478615148,True,0.0046829244126361065,40.701442115517935,0.004880264786711385,0.005016908032609616,-0.4238423218495879,-1.7820037580405401,-2.7014017374251353,-0.4238423218495879,False,False,False,False,False,False,0.001095019124060669,False,-0.040598290598290565,中性,2247.TW,汎德永業,0,v1,phase6a,2026-07-12,0,0,0,0,0,0,v1,437,0.30793650793650795,437,0.30793650793650795,446,0.29365079365079366,^TWII,yfinance,2y,2026-09-30,scan_20261001_173958,False,False
True,0,-0.04833332697550455,-0.08666666348775226,True,False,觀察 (跌勢收斂),7.710000038146973,2026-09-30 00:00:00,7.710499930381775,-0.0009999990463258612,True,False,0.9019424781858179,False,0.00016082560089115264,34.83920376145795,0.000164360517311079,0.000170682090326054,-0.22587905134596742,-1.4304132222442423,-4.463717461810946,-0.22587905134596742,False,False,False,False,False,False,0.06274535335489562,False,-0.04460962457137829,中性,5512.TWO,力麒,1,v1,phase6a,2026-07-12,0,1,1,1,1,1,v1,347,0.4507936507936508,347,0.4507936507936508,349,0.44761904761904764,^TWII,yfinance,2y,2026-09-30,scan_20261001_173958,False,False
True,0,0.25,2.7755575615628914e-17,True,False,買入 (動能增強),183.0,2026-09-30 00:00:00,182.425,-0.04999999999998295,True,True,0.9634050604222165,False,0.003817261325222305,42.489715224992906,0.0039015016525663134,0.004058400613162864,-0.22676639346790317,-1.3648643665133742,-5.389944531139812,-0.22676639346790317,False,False,False,False,False,False,0.023104450345042958,False,-0.03966468825004377,中性,3611.TWO,鼎翰,2,v1,phase6a,2026-07-12,0,2,3,2,2,2,v1,148,0.7666666666666667,148,0.7666666666666667,158,0.7507936507936508,^TWII,yfinance,2y,2026-09-30,scan_20261001_173958,False,False
True,0,0.050000031789143876,0.016666571299235024,True,False,買入 (動能增強),15.100000381469727,2026-09-30 00:00:00,14.947499990463257,-0.009999990463256836,False,True,1.2219210259391293,False,0.00031497621566681114,31.205488439489624,0.0003200261183921269,0.0003425497605803978,-0.1658262238965036,-1.3860913686232657,-6.229306262574774,-0.1658262238965036,False,False,False,False,False,False,0.05086108036192768,False,-0.08484846172910743,中性,8940.TW,新天地,2,v1,phase6a,2026-07-12,0,2,3,2,2,2,v1,238,0.6238095238095238,238,0.6238095238095238,238,0.6238095238095238,^TWII,yfinance,2y,2026-09-30,scan_20261001_173958,False,False
True,0,0.08350165685017903,-0.03340053558349609,True,False,買入 (動能增強),11.022221565246582,2026-09-30 00:00:00,10.766706466674805,0.002505064010620117,False,True,2.9463238673145926,True,0.00022991639398386359,43.426298438388706,0.00022969319371627997,0.00023709747015549773,0.010229806159056665,-0.8606896135720743,-3.592252249043404,0.010229806159056665,True,False,False,False,False,True,0.1801520336492774,False,-0.05982906052432735,中性,2323.TW,中環,2,v1,phase6a,2026-07-12,0,2,4,2,2,2,v1,104,0.8365079365079365,104,0.8365079365079365,120,0.8111111111111111,^TWII,yfinance,2y,2026-09-30,scan_20261001_173958,False,False
False,0,0.5000003178914387,0.25000015894571936,False,True,強烈買入 (爆發),15.600000381469727,2026-09-30 00:00:00,14.537500047683716,0.055000019073487394,False,True,4.1607575626375715,True,0.0003254058914187846,23.100739317280954,0.00031281644332539484,0.00033263906230808867,0.4254389529067648,-0.0913035537736695,-4.509694802624908,0.4254389529067648,True,False,False,False,False,True,0.29700233609655,False,-0.08967624372286886,中性,1338.TW,廣華-KY,3,v1,phase6a,2026-07-12,0,3,5,3,3,3,v1,26,0.9603174603174603,26,0.9603174603174603,50,0.9222222222222223,^TWII,yfinance,2y,2026-09-30,scan_20261001_173958,False,False
True,1,0.18333355585734049,0.15833361943562824,True,False,買入 (動能增強),12.5,2026-09-30 00:00:00,12.292500066757203,0.00250000953674423,False,True,0.9881476657646928,False,0.00026074189379933775,33.811972867860426,0.000263277473461688,0.00027758831463361224,-0.10127445169277882,-1.0959031831423105,-4.680546670158192,-0.10127445169277882,False,False,False,False,False,False,0.09200725642189819,False,-0.1228070175438597,中性,1449.TW,佳和,2,v1,phase6a,2026-07-12,0,2,4,2,2,2,v1,91,0.8571428571428571,91,0.8571428571428571,108,0.8301587301587302,^TWII,yfinance,2y,2026-09-30,scan_20261001_173958,False,False
True,0,0.02499977747599284,-0.033333460489908845,True,False,買入 (動能增強),11.149999618530273,2026-09-30 00:00:00,11.039999961853027,0.0,False,True,0.8183002355168449,False,0.00023258176131179818,23.888058120518778,0.00023568585508953896,0.0002454304267041909,-0.13844460463139363,-1.1908343595574133,-4.3473272569876205,-0.13844460463139363,False,False,False,False,False,False,0.05343841715347471,False,-0.05106386225274273,中性,2913.TW,農林,2,v1,phase6a,2026-07-12,0,2,3,2,2,2,v1,126,0.8015873015873016,126,0.8015873015873016,140,0.7793650793650794,^TWII,yfinance,2y,2026-09-30,scan_20261001_173958,False,False
True,0,0.0583337148030599,0.0583337148030599,True,False,觀望 (動能減弱),10.300000190734863,2026-09-30 00:00:00,10.241499996185302,-0.009999990463256836,True,True,0.9268282874320529,False,0.00021485132446925987,31.334320190132406,0.00021968878063966527,0.00023623797591822683,-0.23124912295835465,-1.3350434134197564,-6.837364773226184,-0.23124912295835465,False,False,False,False,False,False,0.013960462134480319,False,-0.1452282134688727,中性,6167.TWO,久正,0,v1,phase6a,2026-07-12,0,0,1,0,0,0,v1,552,0.1253968253968254,552,0.1253968253968254,553,0.12380952380952381,^TWII,yfinance,2y,2026-09-30,scan_20261001_173958,False,False
True,0,-0.38333336512247723,-0.3000000317891438,True,False,賣出 (動能轉弱),9.949999809265137,2026-09-30 00:00:00,10.041499948501587,0.001499986648559215,False,False,0.1655045777259584,False,0.0002075505434856673,28.68603410011153,0.00021284003330323577,0.00022123839359778477,-0.2609169140385781,-1.8608734122792514,-3.541335793886302,-0.2609169140385781,False,False,False,False,False,False,0.04929425667533937,False,-0.07441862239394081,中性,8488.TW,吉源-KY,0,v1,phase6a,2026-07-12,0,0,1,0,0,0,v1,617,0.022222222222222223,617,0.022222222222222223,617,0.022222222222222223,^TWII,yfinance,2y,2026-09-30,scan_20261001_173958,False,False
True,1,-0.07523250579833984,-0.06713167826334634,True,False,賣出 (動能轉弱),12.199999809265137,2026-09-30 00:00:00,12.155209302902222,-0.0024303436279300428,True,True,0.4060479885942031,False,0.0002544840843695481,40.097084829779035,0.0002590293672878075,0.0002681728216048141,-0.1843685623672764,-1.4263852130666832,-3.899586642161146,-0.1843685623672764,False,False,False,False,False,False,0.0564802722205246,False,-0.02713182067553832,中性,2706.TW,第一店,0,v1,phase6a,2026-07-12,0,0,1,0,0,0,v1,470,0.25555555555555554,470,0.25555555555555554,478,0.24285714285714285,^TWII,yfinance,2y,2026-09-30,scan_20261001_173958,False,False
True,0,0.2083330154418945,0.3166666030883789,True,False,觀望 (動能減弱),28.600000381469727,2026-09-30 00:00:00,28.677499961853027,0.0025000572204589844,False,False,0.4402990262921175,False,0.0005965774609700959,37.22907947433954,0.0006121619249339623,0.0006346609904004678,-0.26726352076245075,-1.4162058881668105,-3.6797385551537443,-0.26726352076245075,False,False,False,False,False,False,0.0,False,-0.03865544936236209,中性,2608.TW,嘉里大榮,0,v1,phase6a,2026-07-12,0,0,1,0,0,0,v1,461,0.2698412698412698,461,0.2698412698412698,469,0.2571428571428571,^TWII,yfinance,2y,2026-09-30,scan_20261001_173958,False,False
True,0,-0.35000101725260413,-0.28333536783854163,True,False,賣出 (動能轉弱),52.900001525878906,2026-09-30 00:00:00,53.0,-0.009999847412110796,True,False,1.015262570443037,False,0.0011034597263876419,40.75060928518594,0.001129977038848639,0.001175029927028519,-0.24641367193402042,-1.5020846025770918,-4.380008834508531,-0.24641367193402042,False,False,False,False,False,False,0.016141867434903798,False,-0.032906749761511644,中性,2373.TW,震旦行,0,v1,phase6a,2026-07-12,0,0,0,0,0,0,v1,442,0.3,442,0.3,451,0.2857142857142857,^TWII,yfinance,2y,2026-09-30,scan_20261001_173958,False,False
True,0,1.4833335876464844,1.0999997456868489,True,False,買入 (動能增強),72.5,2026-09-30 00:00:00,71.05,0.04999999999999716,False,True,1.463042094735885,False,0.001512302984036159,27.35977623355884,0.0015091921655663494,0.001508979001221915,0.02170205011651216,-0.33604631747922165,0.9711538816082665,0.02170205011651216,True,True,True,False,False,False,0.5545840099819274,False,0.0,中性,6612.TWO,奈米醫材,4,v1,phase6a,2026-07-12,1,5,6,5,4,5,v1,18,0.973015873015873,18,0.973015873015873,6,0.9920634920634921,^TWII,yfinance,2y,2026-09-30,scan_20261001_173958,False,True
True,0,-4.416666666666667,-4.25,True,False,賣出 (動能轉弱),272.0,2026-09-30 00:00:00,274.425,-0.7749999999999773,False,False,1.066328480594837,False,0.0056737436090735895,49.36703740515672,0.005814853113111828,0.005909540469414112,-0.2547920959569572,-1.4082413634521895,-2.0149038372718864,-0.2547920959569572,False,False,False,False,False,False,0.02119943859681208,False,-0.05391304347826087,中性,6670.TW,復盛應用,0,v1,phase6a,2026-07-12,0,0,0,0,0,0,v1,578,0.08412698412698413,578,0.08412698412698413,578,0.08412698412698413,^TWII,yfinance,2y,2026-09-30,scan_20261001_173958,False,False
True,1,0.125,0.10000006357828777,True,False,買入 (動能增強),11.5,2026-09-30 00:00:00,11.37000002861023,-0.0025000095367424535,True,True,0.8917482461061885,False,0.00023988254229539074,29.592638782362762,0.00024283652052236874,0.00025439012282276206,-0.1278833302901572,-0.8707677999010954,-3.4435721956877163,-0.1278833302901572,False,False,False,False,False,False,0.06425214133767898,False,-0.07258061663045012,中性,4108.TW,懷特,2,v1,phase6a,2026-07-12,0,2,3,2,2,2,v1,159,0.7492063492063492,159,0.7492063492063492,167,0.7365079365079366,^TWII,yfinance,2y,2026-09-30,scan_20261001_173958,False,False
True,0,-0.5666662851969401,-0.35833295186360675,True,False,賣出 (動能轉弱),41.5,2026-09-30 00:00:00,41.87999973297119,-0.029999923706050424,False,False,1.1650990110101855,False,0.0008656630874138014,30.378677486520573,0.0008915529762341272,0.0009248605073075777,-0.3047431291952729,-1.6361822750898147,-4.222353624833708,-0.3047431291952729,False,False,False,False,False,False,0.007300835830226782,False,-0.04707231396036449,中性,6754.TW,匯僑設計,0,v1,phase6a,2026-07-12,0,0,0,0,0,0,v1,583,0.0761904761904762,583,0.0761904761904762,583,0.0761904761904762,^TWII,yfinance,2y,2026-09-30,scan_20261001_173958,False,False
True,0,0.02500009536743164,0.11666679382324217,True,False,觀望 (動能減弱),12.25,2026-09-30 00:00:00,12.712499856948853,-0.025000000000000355,False,False,7.744787440626509,True,0.000255527055923351,32.1424204640857,0.00027039762250798035,0.0002810254941466124,-0.5755647324008684,-1.4487558618451302,-2.785361771930739,-0.5755647324008684,False,False,False,False,False,False,0.0,False,-0.07547169811320753,中性,2702.TW,華園,0,v1,phase6a,2026-07-12,0,0,0,0,0,0,v1,468,0.25873015873015875,468,0.25873015873015875,476,0.24603174603174602,^TWII,yfinance,2y,2026-09-30,scan_20261001_173958,False,False
True,0,31.166666666666664,30.166666666666668,True,False,買入 (動能增強),552.0,2026-09-30 00:00:00,534.7,3.75,False,True,0.11637876845808076,False,0.011514362030178756,162.59309981668028,0.011108222666799575,0.009802251369461903,0.3863505795309585,2.1775478423394334,25.51263613656518,0.3863505795309585,True,True,True,False,False,False,0.9134821964065388,False,-0.034965034965035,偏強 (RS上升),2455.TW,全新,2,v1,phase6a,2026-07-12,1,3,4,3,2,3,v1,113,0.8222222222222222,113,0.8222222222222222,88,0.861904761904762,^TWII,yfinance,2y,2026-09-30,scan_20261001_173958,False,False
True,0,-0.11666647593180339,-0.17499987284342447,True,False,觀察 (跌勢收斂),31.649999618530273,2026-09-30 00:00:00,31.707500076293947,0.007499980926514382,False,False,0.623326466564191,False,0.0006601984671427121,38.03374156256823,0.0006732200777957685,0.0006884189060798836,-0.20318923883170248,-1.3787563975017347,-1.7113489508258417,-0.20318923883170248,False,False,False,False,False,False,0.0822656698547564,False,-0.03211012599116503,中性,2353.TW,宏��,1,v1,phase6a,2026-07-12,0,1,2,1,1,1,v1,284,0.5507936507936508,284,0.5507936507936508,287,0.546031746031746,^TWII,yfinance,2y,2026-09-30,scan_20261001_173958,False,False
True,1,0.24166679382324216,0.08333396911621094,True,False,買入 (動能增強),34.349998474121094,2026-09-30 00:00:00,34.007499885559085,-0.007500076293943891,True,True,1.0291180668081705,False,0.0007165186923317358,29.599876726185638,0.0007349567529354204,0.0008282280973032611,-0.26338102890528514,-1.7459846558757874,-10.304053545908086,-0.26338102890528514,False,False,False,False,False,False,0.014543028394159116,False,-0.23496665241040426,中性,6492.TWO,生華科,2,v1,phase6a,2026-07-12,0,2,3,2,2,2,v1,198,0.6873015873015873,198,0.6873015873015873,203,0.6793650793650794,^TWII,yfinance,2y,2026-09-30,scan_20261001_173958,False,False
True,0,-0.10166692733764647,-0.11166699727376299,True,False,觀察 (跌勢收斂),9.989999771118164,2026-09-30 00:00:00,10.03449993133545,-0.0055000305175774145,True,False,1.3896661883962615,False,0.00020838491675010407,35.47038359301137,0.0002137544800652244,0.0002237955235095828,-0.2637261988987394,-1.5655537884662118,-4.505633427185607,-0.2637261988987394,False,False,False,False,False,False,0.04562930989258573,False,-0.053080607534822466,中性,1324.TW,地球,1,v1,phase6a,2026-07-12,0,1,1,1,1,1,v1,251,0.6031746031746031,251,0.6031746031746031,255,0.5968253968253968,^TWII,yfinance,2y,2026-09-30,scan_20261001_173958,False,False
True,0,41.66666666666667,65.83333333333333,True,False,觀望 (動能減弱),3435.0,2026-09-30 00:00:00,3369.25,0.5,False,True,1.2302842031937018,False,0.07165187241605801,278.28297537317155,0.070918949506117,0.06601761896905309,0.10890431961363412,1.0148277515641624,7.506908853461458,0.10890431961363412,True,True,True,False,False,False,0.8296953650428621,False,-0.037815126050420145,偏強 (RS上升),3017.TW,奇鋐,0,v1,phase6a,2026-07-12,1,1,2,1,0,1,v1,487,0.22857142857142856,487,0.22857142857142856,401,0.36507936507936506,^TWII,yfinance,2y,2026-09-30,scan_20261001_173958,False,False
False,0,0.5833346048990885,0.05000050862630209,False,True,強烈買入 (爆發),79.0999984741211,2026-09-30 00:00:00,78.02500038146972,0.054999923706049,False,True,0.743887515197837,False,0.0016499746721333648,57.65524505585255,0.0016616839848371083,0.001768798917765568,-0.0741203301133142,-0.6419322192527721,-3.005033032962312,-0.0741203301133142,False,False,False,False,False,True,0.11704479750835774,False,-0.1171540496164466,中性,6261.TWO,久元,3,v1,phase6a,2026-07-12,0,3,5,3,3,3,v1,65,0.8984126984126984,65,0.8984126984126984,75,0.8825396825396825,^TWII,yfinance,2y,2026-09-30,scan_20261001_173958,False,False
True,0,1.2416667938232422,1.275000254313151,True,False,觀望 (動能減弱),44.5,2026-09-30 00:00:00,42.59249992370606,0.20750007629394673,False,True,0.8276616641769341,False,0.0009282411419256425,35.83393407226069,0.0008960463708972612,0.0008971529891658776,0.3796443165448027,1.4671487607719857,12.316983808672543,0.3796443165448027,True,True,False,False,False,True,0.9635155147045967,False,0.0,偏強 (RS上升),4927.TW,泰鼎-KY,0,v1,phase6a,2026-07-12,1,1,2,1,0,1,v1,531,0.15873015873015872,531,0.15873015873015872,406,0.35714285714285715,^TWII,yfinance,2y,2026-09-30,scan_20261001_173958,False,False
True,0,-0.06333335240681964,-0.0016667048136393137,True,False,賣出 (動能轉弱),9.220000267028809,2026-09-30 00:00:00,9.243499994277954,-0.003999996185303445,True,False,1.7293475075779048,True,0.0001923232264364393,43.14822007704488,0.00019738032756618136,0.00020648710284080365,-0.26897038867828016,-1.4978403411932684,-4.9387520068617246,-0.26897038867828016,False,False,False,False,False,False,0.02757425286439884,False,-0.16181815754283557,中性,1413.TW,宏洲,0,v1,phase6a,2026-07-12,0,0,0,0,0,0,v1,407,0.35555555555555557,407,0.35555555555555557,416,0.3412698412698413,^TWII,yfinance,2y,2026-09-30,scan_20261001_173958,False,False
True,1,0.7250003814697266,0.4333337148030599,True,False,買入 (動能增強),21.200000762939453,2026-09-30 00:00:00,20.80250015258789,0.015000057220458274,False,True,0.50658744061306,False,0.0004422182677980991,37.01472806545905,0.0004488397063936251,0.0004669787277932177,-0.15504708213583962,-0.936800285749606,-7.875098934710545,-0.15504708213583962,False,False,False,False,False,False,0.13907318280971429,False,-0.27645046706607723,中性,3288.TWO,點晶,3,v1,phase6a,2026-07-12,0,3,5,3,3,3,v1,42,0.9349206349206349,42,0.9349206349206349,60,0.9063492063492063,^TWII,yfinance,2y,2026-09-30,scan_20261001_173958,True,False
True,0,-0.5666681925455729,0.11666488647460938,True,False,賣出 (動能轉弱),89.0999984741211,2026-09-30 00:00:00,89.66999969482421,0.02999992370604332,False,False,0.4644005244153614,False,0.001858568187172835,43.69238998096454,0.0019032921434637114,0.0019072833560454005,-0.24673925836193877,-1.2129049821906102,-1.1369560586841243,-0.24673925836193877,False,False,False,False,False,False,0.18625613080695944,False,-0.06210527921977793,中性,4590.TW,富田-創,1,v1,phase6a,2026-07-12,0,1,2,1,1,1,v1,335,0.46984126984126984,335,0.46984126984126984,337,0.4666666666666667,^TWII,yfinance,2y,2026-09-30,scan_20261001_173958,True,False
True,0,0.21666653951009113,0.22499974568684897,True,False,觀望 (動能減弱),31.700000762939453,2026-09-30 00:00:00,31.642500019073488,0.00500001907348846,False,True,0.7337388389632156,False,0.0006612414585895428,36.798022972308196,0.0006748583320636375,0.0006878837047294273,-0.21194332707863417,-1.079502111702424,-3.1295638038002282,-0.21194332707863417,False,False,False,False,False,False,0.03645009667203859,False,-0.00937497615814209,中性,1593.TWO,祺驊,0,v1,phase6a,2026-07-12,0,0,2,0,0,0,v1,419,0.33650793650793653,419,0.33650793650793653,428,0.32222222222222224,^TWII,yfinance,2y,2026-09-30,scan_20261001_173958,False,False
True,0,-0.07000001271565755,-0.12000004450480144,True,False,觀察 (跌勢收斂),9.3100004196167,2026-09-30 00:00:00,9.37649998664856,-0.016499996185302734,False,False,0.9016730610340538,False,0.00019420057125467898,35.43575896016011,0.00020004816334612496,0.0002090484560794056,-0.3067500557410785,-1.7525133255097303,-6.070923268249073,-0.3067500557410785,False,False,False,False,False,False,0.013141747851590647,False,-0.06526100562658266,中性,4702.TWO,中美實,1,v1,phase6a,2026-07-12,0,1,1,1,1,1,v1,336,0.46825396825396826,336,0.46825396825396826,338,0.4650793650793651,^TWII,yfinance,2y,2026-09-30,scan_20261001_173958,False,False
True,1,-0.14166704813639322,0.01666641235351564,True,False,賣出 (動能轉弱),35.29999923706055,2026-09-30 00:00:00,35.55249996185303,-0.030000114440916548,True,False,1.3095238095238095,False,0.0007363350921749076,27.510863570433543,0.0007596243235740626,0.0008060316039519665,-0.3216868942013562,-1.645956402180826,-5.2585925476124284,-0.3216868942013562,False,False,False,False,False,False,0.0,False,-0.10063696211310713,中性,6614.TW,資拓宏宇,0,v1,phase6a,2026-07-12,0,0,0,0,0,0,v1,575,0.08888888888888889,575,0.08888888888888889,575,0.08888888888888889,^TWII,yfinance,2y,2026-09-30,scan_20261001_173958,False,False
True,0,-0.1333330472310384,-0.1333332061767578,True,False,觀察 (跌勢收斂),13.350000381469727,2026-09-30 00:00:00,13.412499952316285,-0.0049999713897701525,True,False,3.4845662752060664,True,0.0002784723505349038,37.35549929598536,0.00028595713385067966,0.00029950897972136684,-0.2747639582551531,-1.7221667049078238,-4.959107780889038,-0.2747639582551531,False,False,False,False,False,False,0.022197465966604397,False,-0.03956829152191743,中性,1109.TW,信大,1,v1,phase6a,2026-07-12,0,1,1,1,1,1,v1,241,0.6190476190476191,241,0.6190476190476191,246,0.6111111111111112,^TWII,yfinance,2y,2026-09-30,scan_20261001_173958,False,False
True,0,1.25,0.6666666666666667,True,False,買入 (動能增強),183.5,2026-09-30 00:00:00,186.675,-0.14999999999997726,False,False,3.1296766863622576,True,0.003827691000974278,44.87365804379325,0.003983748746521669,0.00403671684704886,-0.41066022126947654,-1.3485868893807207,-4.486943518318343,-0.41066022126947654,False,False,False,False,False,False,0.0,False,-0.07088607594936713,中性,5288.TW,豐祥-KY,3,v1,phase6a,2026-07-12,0,3,3,3,3,3,v1,56,0.9126984126984127,56,0.9126984126984127,70,0.8904761904761904,^TWII,yfinance,2y,2026-09-30,scan_20261001_173958,True,False
False,0,-0.11666647593180338,-0.00833320617675782,False,True,強烈賣出 (跌破),20.100000381469727,2026-09-30 00:00:00,20.22499990463257,-0.0024999618530259227,True,False,0.6274226978086271,False,0.00041927297318654626,34.173411871366014,0.0004319198560339256,0.0004458039702388235,-0.3072700346199442,-1.7537450096055673,-5.348101805356132,-0.3072700346199442,False,False,False,False,False,False,0.016999886537562115,False,-0.07373273388092694,中性,9940.TW,信義,0,v1,phase6a,2026-07-12,0,0,0,0,0,0,v1,627,0.006349206349206349,627,0.006349206349206349,627,0.006349206349206349,^TWII,yfinance,2y,2026-09-30,scan_20261001_173958,False,False
True,0,-0.11666631698608398,-0.15833314259847003,True,False,觀察 (跌勢收斂),12.600000381469727,2026-09-30 00:00:00,12.637500047683716,-0.014999961853026988,True,False,0.8713025973830877,False,0.0002628278369069436,35.144899244927196,0.000269927712736698,0.0002886952349193462,-0.27610793848945603,-1.7257421116060656,-6.288148129583693,-0.27610793848945603,False,False,False,False,False,False,0.028574011430692922,False,-0.10954058507752396,中性,2904.TW,匯僑,1,v1,phase6a,2026-07-12,0,1,1,1,1,1,v1,304,0.5190476190476191,304,0.5190476190476191,307,0.5142857142857142,^TWII,yfinance,2y,2026-09-30,scan_20261001_173958,False,False
True,0,1.75,1.6666666666666665,True,False,買入 (動能增強),240.5,2026-09-30 00:00:00,242.175,-0.32499999999998863,True,False,1.1749635847692623,False,0.005016674036699259,32.312805963687396,0.005202372766562532,0.005507680778270298,-0.3743304132893588,-2.344190245743638,-8.284052093304705,-0.3743304132893588,False,False,False,False,False,False,0.042605855673675065,False,-0.15167548500881833,中性,8454.TW,富邦媒,2,v1,phase6a,2026-07-12,0,2,2,2,2,2,v1,234,0.6301587301587301,234,0.6301587301587301,234,0.6301587301587301,^TWII,yfinance,2y,2026-09-30,scan_20261001_173958,False,False
True,0,1.616668701171875,1.6333351135253904,True,False,觀望 (動能減弱),68.4000015258789,2026-09-30 00:00:00,66.0899995803833,0.12000007629394815,False,True,0.6770170003164848,False,0.0014267796746988207,78.11826338708097,0.0014246162414430818,0.0014694348272947155,0.015987900389169418,-0.8077723687863636,-6.1231016382574,0.015987900389169418,True,False,False,False,False,True,0.1387170774188919,False,-0.24336282775063933,中性,8383.TWO,千附,0,v1,phase6a,2026-07-12,0,0,2,0,0,0,v1,612,0.03015873015873016,612,0.03015873015873016,612,0.03015873015873016,^TWII,yfinance,2y,2026-09-30,scan_20261001_173958,False,False
True,0,-2.650001525878906,-0.25000254313151016,True,False,賣出 (動能轉弱),78.80000305175781,2026-09-30 00:00:00,84.575,0.02000007629395384,False,False,0.40207057704656285,False,0.0016437169621687142,57.00814422162086,0.001750196331690942,0.0016566109704944717,-0.6363304681334392,-2.0855842037090233,13.631583266581826,-0.6363304681334392,False,False,True,False,False,False,0.6093208538436353,False,-0.11659186381496078,中性,6224.TW,聚鼎,0,v1,phase6a,2026-07-12,0,0,1,0,0,0,v1,559,0.11428571428571428,559,0.11428571428571428,560,0.1126984126984127,^TWII,yfinance,2y,2026-09-30,scan_20261001_173958,False,False
True,0,0.5,1.9166666666666665,True,False,觀望 (動能減弱),333.5,2026-09-30 00:00:00,338.925,-0.25,False,False,0.833324941405753,False,0.006956593726566332,63.49208097533275,0.007187150411646698,0.0073236021068523996,-0.336537412957727,-1.182744326455465,-0.5653071110339303,-0.336537412957727,False,False,False,False,False,False,0.15515847117150472,False,-0.08730157205618738,中性,2382.TW,廣達,1,v1,phase6a,2026-07-12,0,1,1,1,1,1,v1,287,0.546031746031746,287,0.546031746031746,290,0.5412698412698412,^TWII,yfinance,2y,2026-09-30,scan_20261001_173958,True,False
False,0,-0.29166666666666663,-0.30000003178914386,False,True,強烈賣出 (跌破),11.850000381469727,2026-09-30 00:00:00,12.035000085830688,-0.01249999999999929,True,False,0.5428970070088004,False,0.00024718332327898333,30.662223812389445,0.0002559802257447588,0.0002709191345276536,-0.3604388206476905,-2.222190149516823,-5.617069820307707,-0.3604388206476905,False,False,False,False,False,False,0.03533868725298686,False,-0.12867646697895763,中性,3521.TWO,台鋼建設,0,v1,phase6a,2026-07-12,0,0,0,0,0,0,v1,503,0.20317460317460317,503,0.20317460317460317,509,0.19365079365079366,^TWII,yfinance,2y,2026-09-30,scan_20261001_173958,False,False
True,1,-0.10833326975504556,-0.09166653951009114,True,False,賣出 (動能轉弱),17.549999237060547,2026-09-30 00:00:00,17.57749996185303,0.0024999618530294754,False,False,0.8722895419752996,False,0.000366081602979848,35.389682500844025,0.0003743723498903309,0.0003871119163261351,-0.23257073681151041,-1.5220800874051088,-3.688980750333193,-0.23257073681151041,False,False,False,False,False,False,0.03833223931532369,False,-0.04098360826601155,中性,4440.TW,宜新實業,0,v1,phase6a,2026-07-12,0,0,1,0,0,0,v1,522,0.173015873015873,522,0.173015873015873,525,0.16825396825396827,^TWII,yfinance,2y,2026-09-30,scan_20261001_173958,False,False
True,0,-0.3500002225240071,-0.3500000635782877,True,False,賣出 (動能轉弱),13.899999618530273,2026-09-30 00:00:00,14.235000038146973,-0.04250001907348633,False,False,1.5531127216359055,True,0.0002899449779476525,27.163102174158837,0.0003029878484388908,0.00032173562895948006,-0.45108759614478355,-2.3371115591275693,-6.987712003442692,-0.45108759614478355,False,False,False,False,False,False,0.0,False,-0.07333335876464842,中性,3713.TWO,新晶投控,0,v1,phase6a,2026-07-12,0,0,0,0,0,0,v1,508,0.19523809523809524,508,0.19523809523809524,513,0.1873015873015873,^TWII,yfinance,2y,2026-09-30,scan_20261001_173958,False,False
True,0,0.6666673024495442,0.550000508626302,True,False,買入 (動能增強),41.29999923706055,2026-09-30 00:00:00,41.014999580383304,0.044999885559086295,False,True,1.286690165008266,False,0.0008614912011985897,48.58949754730738,0.0008759560523822385,0.0009052535406888977,-0.17352170133373424,-1.0537625516086169,-3.0145696741593397,-0.17352170133373424,False,False,False,False,False,False,0.04755818970859539,False,-0.009592362555408074,中性,6697.TWO,東捷資訊,2,v1,phase6a,2026-07-12,0,2,4,2,2,2,v1,212,0.665079365079365,212,0.665079365079365,214,0.6619047619047619,^TWII,yfinance,2y,2026-09-30,scan_20261001_173958,False,False
True,0,1.6333332061767576,0.8666667938232422,True,False,買入 (動能增強),63.599998474121094,2026-09-30 00:00:00,61.0649995803833,0.15499992370605753,False,True,1.4977654901689712,False,0.001326654723822186,43.46837239142498,0.0013040178236618718,0.0013362963486076435,0.18306450044340838,-0.5916377113825533,-1.716404474121458,0.18306450044340838,True,False,False,False,False,True,0.595851252424515,False,0.0,中性,6150.TWO,撼訊,2,v1,phase6a,2026-07-12,0,2,4,2,2,2,v1,183,0.7111111111111111,183,0.7111111111111111,189,0.7015873015873015,^TWII,yfinance,2y,2026-09-30,scan_20261001_173958,False,False
True,0,0.09999974568684895,-0.13333384195963544,True,False,買入 (動能增強),45.900001525878906,2026-09-30 00:00:00,46.267499923706055,-0.07500000000000284,False,False,0.5034794022980238,False,0.0009574442658600127,45.78568530465735,0.000988605318141822,0.001013876133811325,-0.33069452084968365,-1.8088459096967102,-6.1138768751963335,-0.33069452084968365,False,False,False,False,False,False,0.023962699239275072,False,-0.06896547188231483,中性,4120.TWO,友華,2,v1,phase6a,2026-07-12,0,2,2,2,2,2,v1,161,0.746031746031746,161,0.746031746031746,169,0.7333333333333333,^TWII,yfinance,2y,2026-09-30,scan_20261001_173958,False,False
True,1,-0.40833314259847003,-0.3833332061767578,True,False,賣出 (動能轉弱),14.350000381469727,2026-09-30 00:00:00,14.557500076293945,-0.01749997138977122,True,False,0.28694404591104733,False,0.0002993317020388509,26.042032799946767,0.000308100219290756,0.000323963933870796,-0.2986836434764828,-2.0332893551970543,-2.395055081633657,-0.2986836434764828,False,False,False,False,False,False,0.10591408408177354,False,-0.1043082542331919,中性,5546.TW,永固-KY,0,v1,phase6a,2026-07-12,0,0,0,0,0,0,v1,545,0.1365079365079365,545,0.1365079365079365,546,0.1349206349206349,^TWII,yfinance,2y,2026-09-30,scan_20261001_173958,False,False
True,0,0.30833307902018225,0.0499998728434245,True,False,買入 (動能增強),50.599998474121094,2026-09-30 00:00:00,48.73500003814697,0.3299999237060547,False,True,0.39500771570929755,False,0.0010554831542708748,25.646955859857975,0.0010353284048464618,0.0010451518230347983,0.205336672547074,0.03409447851900893,2.4792811373485657,0.205336672547074,True,True,False,False,False,True,0.38514026118805744,False,-0.09351520134480673,偏強 (RS上升),3564.TWO,其陽,3,v1,phase6a,2026-07-12,1,4,5,4,3,4,v1,48,0.9253968253968254,48,0.9253968253968254,38,0.9412698412698413,^TWII,yfinance,2y,2026-09-30,scan_20261001_173958,True,False
True,0,0.035000006357828774,0.028333346048990887,True,False,買入 (動能增強),5.239999771118164,2026-09-30 00:00:00,5.194999933242798,-0.0005000114440916192,True,True,2.0298563494670536,True,0.00010930299710635573,22.765923736693484,0.0001109217712680877,0.00011683775845066893,-0.1533837014877193,-1.0215369146036268,-3.764297462534083,-0.1533837014877193,False,False,False,False,False,False,0.06359523915077961,False,-0.08391609032863334,中性,1340.TW,勝悅-KY,2,v1,phase6a,2026-07-12,0,2,3,2,2,2,v1,88,0.861904761904762,88,0.861904761904762,105,0.834920634920635,^TWII,yfinance,2y,2026-09-30,scan_20261001_173958,False,False
True,0,0.01666673024495443,-3.469446951953614e-18,True,False,買入 (動能增強),11.149999618530273,2026-09-30 00:00:00,11.21499981880188,-0.01000003814697159,False,False,1.617087211069814,True,0.00023258176131179818,44.31371190851582,0.0002394608978143301,0.0002500171452480239,-0.3014840973616262,-1.5462309226195181,-5.107820803809682,-0.3014840973616262,False,False,False,False,False,False,0.0,False,-0.03463208360164882,中性,8443.TW,阿瘦,2,v1,phase6a,2026-07-12,0,2,2,2,2,2,v1,233,0.6317460317460317,233,0.6317460317460317,233,0.6317460317460317,^TWII,yfinance,2y,2026-09-30,scan_20261001_173958,False,False
True,2,0.08333333333333333,0.08333333333333333,True,False,觀望 (動能減弱),14.800000190734863,2026-09-30 00:00:00,14.642500019073486,0.007500028610229137,False,True,1.3309671694764862,False,0.0003087184062370215,38.06662641436896,0.00031358824960942016,0.0003233003690929753,-0.16320078975872176,-1.0360311862070426,-5.13709331450799,-0.16320078975872176,False,False,False,False,False,False,0.03473858485618457,False,-0.19657143135226496,中性,5450.TWO,南良,3,v1,phase6a,2026-07-12,0,3,5,3,3,3,v1,59,0.9079365079365079,59,0.9079365079365079,72,0.8873015873015873,^TWII,yfinance,2y,2026-09-30,scan_20261001_173958,True,True
True,0,-0.08333460489908853,-0.16666666666666666,True,False,觀察 (跌勢收斂),69.5999984741211,2026-09-30 00:00:00,69.7900001525879,-0.06500015258788494,True,False,1.0820064373591942,False,0.0014518108328458682,77.7107971392203,0.0014905307442845783,0.001509546847144381,-0.27269920777184264,-1.5034458527855343,-5.261364969862081,-0.27269920777184264,False,False,False,False,False,False,0.16427746963015577,False,-0.07200002034505204,中性,5511.TWO,德昌,1,v1,phase6a,2026-07-12,0,1,1,1,1,1,v1,346,0.4523809523809524,346,0.4523809523809524,348,0.4492063492063492,^TWII,yfinance,2y,2026-09-30,scan_20261001_173958,False,False
True,0,-0.04999987284342447,-0.0666664441426595,True,False,觀察 (跌勢收斂),11.300000190734863,2026-09-30 00:00:00,11.367500114440919,-0.015000009536741743,True,False,0.3543326605049754,False,0.00023571067597320688,26.995674247997716,0.00024261446767515456,0.00025599667204349467,-0.29864033216912,-1.5460127138474,-5.403406824052725,-0.29864033216912,False,False,False,False,False,False,0.00718641791732567,False,-0.058333317438761356,中性,1813.TWO,寶利徠,1,v1,phase6a,2026-07-12,0,1,1,1,1,1,v1,276,0.5634920634920635,276,0.5634920634920635,279,0.5587301587301587,^TWII,yfinance,2y,2026-09-30,scan_20261001_173958,False,False
True,1,0.011666456858317058,-0.0033335685729980464,True,False,買入 (動能增強),9.760000228881836,2026-09-30 00:00:00,9.822499990463257,-0.005999994277953391,False,False,1.3880199682938004,False,0.0002035872754528496,30.288362564108365,0.00020952015471666384,0.00021970813354341262,-0.2971827035631702,-1.6763672798147944,-4.615342708769454,-0.2971827035631702,False,False,False,False,False,False,0.012751352086310407,False,-0.06153840510802655,中性,8176.TWO,智捷,2,v1,phase6a,2026-07-12,0,2,2,2,2,2,v1,225,0.6444444444444445,225,0.6444444444444445,226,0.6428571428571429,^TWII,yfinance,2y,2026-09-30,scan_20261001_173958,False,False
True,0,0.10833326975504556,-0.049999872843424484,True,False,買入 (動能增強),29.899999618530273,2026-09-30 00:00:00,29.22500009536743,0.019999980926513672,False,True,1.3505057312776945,False,0.0006236946020108049,47.872044585523675,0.0006310035223518356,0.0006732564685348643,-0.1217779454208534,-1.7936275046213646,-10.174412890654349,-0.1217779454208534,False,False,False,False,False,False,0.12091469603213656,False,-0.10612858186665164,中性,4560.TW,強信-KY,2,v1,phase6a,2026-07-12,0,2,4,2,2,2,v1,167,0.7365079365079366,167,0.7365079365079366,174,0.7253968253968254,^TWII,yfinance,2y,2026-09-30,scan_20261001_173958,False,False
True,0,0.4666659037272135,0.36666615804036456,True,False,買入 (動能增強),62.099998474121094,2026-09-30 00:00:00,61.275000190734865,0.07999992370605469,False,True,0.6884681583476764,False,0.0012953656965662655,32.08767038375124,0.0013096589765258914,0.0013825751122900345,-0.114749666852898,-1.0106197783231519,-3.75870138248412,-0.114749666852898,False,False,False,False,False,False,0.07024499745876622,False,-0.09912962924020752,中性,6556.TWO,勝品,2,v1,phase6a,2026-07-12,0,2,4,2,2,2,v1,204,0.6777777777777778,204,0.6777777777777778,207,0.6730158730158731,^TWII,yfinance,2y,2026-09-30,scan_20261001_173958,False,False
True,0,0.34999974568684894,0.26666577657063795,True,False,買入 (動能增強),35.70000076293945,2026-09-30 00:00:00,34.91999988555908,0.030000114440916548,False,True,2.8702178769340283,True,0.0007446788646053309,55.087939616030724,0.0007439371441463886,0.0007535320292619837,0.010496052425756908,-0.6929778668854247,-1.277178528166234,0.010496052425756908,True,False,False,False,False,False,0.6447200297931966,False,0.0,中性,1612.TW,宏泰,2,v1,phase6a,2026-07-12,0,2,4,2,2,2,v1,99,0.8444444444444444,99,0.8444444444444444,116,0.8174603174603174,^TWII,yfinance,2y,2026-09-30,scan_20261001_173958,False,False
True,0,-0.09166653951009114,-0.11666647593180338,True,False,觀察 (跌勢收斂),28.100000381469727,2026-09-30 00:00:00,28.082500171661376,-0.01249999999999929,True,True,0.9240745451888258,False,0.0005861477852181224,41.05494300040544,0.0005987591503704172,0.0006232649203520032,-0.2212200677452092,-1.5655753493437063,-4.527925351854711,-0.2212200677452092,False,False,False,False,False,False,0.04607679150585691,False,-0.03767124495646734,中性,1233.TW,天仁,1,v1,phase6a,2026-07-12,0,1,2,1,1,1,v1,245,0.6126984126984127,245,0.6126984126984127,250,0.6047619047619047,^TWII,yfinance,2y,2026-09-30,scan_20261001_173958,False,False
True,0,-0.34166590372721356,-0.3249991734822591,True,False,賣出 (動能轉弱),28.100000381469727,2026-09-30 00:00:00,28.325,-0.03750000000000142,False,False,0.8942050444034427,False,0.0005861477852181224,36.568866941375205,0.0006042169303483708,0.0006281782188675476,-0.31380231398413505,-1.7938361732843022,-5.61049444074293,-0.31380231398413505,False,False,False,False,False,False,0.0,False,-0.06176962719009149,中性,1227.TW,佳格,0,v1,phase6a,2026-07-12,0,0,0,0,0,0,v1,403,0.3619047619047619,403,0.3619047619047619,412,0.3476190476190476,^TWII,yfinance,2y,2026-09-30,scan_20261001_173958,False,False
True,0,-0.09166685740152994,-0.1333335240681966,True,False,觀察 (跌勢收斂),13.199999809265137,2026-09-30 00:00:00,12.994999980926513,-0.00250000953674423,True,True,2.7161562601450058,True,0.0002753434358734951,25.26658680992448,0.00027784635865269163,0.0002960570455592717,-0.0947343577145543,-1.6967640376703619,-6.01495469701635,-0.0947343577145543,False,False,False,False,False,False,0.14383686285116146,False,-0.12000001271565752,中性,8929.TWO,富堡,1,v1,phase6a,2026-07-12,0,1,2,1,1,1,v1,391,0.38095238095238093,391,0.38095238095238093,392,0.37936507936507935,^TWII,yfinance,2y,2026-09-30,scan_20261001_173958,False,False
True,1,-0.5666681925455729,-0.3166681925455729,True,False,賣出 (動能轉弱),97.69999694824219,2026-09-30 00:00:00,97.79999961853028,-0.015000152587887783,True,False,0.4662889814818873,False,0.002037958578277935,72.35688734299232,0.0020844009909663846,0.0022062434295911228,-0.23398742163064368,-1.6280505386445987,-4.621103593422394,-0.23398742163064368,False,False,False,False,False,False,0.0630543996759721,False,-0.14966019234706163,中性,6215.TW,和椿,0,v1,phase6a,2026-07-12,0,0,0,0,0,0,v1,556,0.11904761904761904,556,0.11904761904761904,557,0.11746031746031746,^TWII,yfinance,2y,2026-09-30,scan_20261001_173958,False,False
True,1,-0.20833333333333334,-0.17500019073486328,True,False,賣出 (動能轉弱),16.700000762939453,2026-09-30 00:00:00,16.72500009536743,-0.02500000000000213,True,False,1.0284897504568304,False,0.00034835118603033746,19.958784631285486,0.00035833009546657206,0.0003904852436331635,-0.29228394394913426,-2.1194758878839592,-7.9293740219341435,-0.29228394394913426,False,False,False,False,False,False,0.038179889058790606,False,-0.16499996185302734,中性,4178.TW,永笙-KY,0,v1,phase6a,2026-07-12,0,0,0,0,0,0,v1,517,0.18095238095238095,517,0.18095238095238095,522,0.173015873015873,^TWII,yfinance,2y,2026-09-30,scan_20261001_173958,False,False
True,1,1.0833333333333333,0.41666666666666663,True,False,買入 (動能增強),128.5,2026-09-30 00:00:00,125.8,0.125,False,True,0.6661341119741978,False,0.0026804266682571923,42.118254193932586,0.002701356786216403,0.0027887606536003886,-0.08149145374698463,-1.1465548727989217,-5.846363218507711,-0.08149145374698463,False,False,False,False,False,False,0.15455224437028456,False,-0.11379310344827587,中性,1736.TW,喬山,3,v1,phase6a,2026-07-12,0,3,5,3,3,3,v1,30,0.953968253968254,30,0.953968253968254,53,0.9174603174603174,^TWII,yfinance,2y,2026-09-30,scan_20261001_173958,True,False
True,1,0.008333206176757812,-0.00833352406819661,True,False,買入 (動能增強),18.950000762939453,2026-09-30 00:00:00,18.967500114440917,-0.007499980926514382,False,False,2.4281411487300764,True,0.0003952847269142183,32.25952904611976,0.00040406610515890775,0.0004191843536407335,-0.2282413276997297,-1.2452362939348927,-3.2488178705325277,-0.2282413276997297,False,False,False,False,False,False,0.011373491921501918,False,-0.013020832815931915,中性,8403.TWO,盛弘,4,v1,phase6a,2026-07-12,0,4,4,4,4,4,v1,20,0.9698412698412698,20,0.9698412698412698,29,0.9555555555555556,^TWII,yfinance,2y,2026-09-30,scan_20261001_173958,False,True
True,0,-0.48333390553792316,-0.5250005722045898,True,False,觀察 (跌勢收斂),19.899999618530273,2026-09-30 00:00:00,19.947500038146973,-0.03000001907348704,True,False,1.5485311461831408,True,0.0004151010869713346,30.125938042512452,0.0004268212569039901,0.0004582645281849324,-0.28821114490767963,-2.264515561696523,-9.0043853038421,-0.28821114490767963,False,False,False,False,False,False,0.03586818476342287,False,-0.30175439934981496,中性,3284.TWO,太普高,2,v1,phase6a,2026-07-12,0,2,2,2,2,2,v1,135,0.7873015873015873,135,0.7873015873015873,147,0.7682539682539683,^TWII,yfinance,2y,2026-09-30,scan_20261001_173958,True,False
True,0,-0.6999994913736979,-0.633332888285319,True,False,賣出 (動能轉弱),31.100000381469727,2026-09-30 00:00:00,31.27249984741211,-0.14499998092651367,True,False,1.0211721851134605,False,0.0006487258397299635,21.11224464504426,0.0006799758226709057,0.000776628661760453,-0.4814340659057281,-3.506878871587771,-16.90989728148331,-0.4814340659057281,False,False,False,False,False,False,0.06326230254832611,False,-0.2469733424701338,中性,6541.TW,泰福-KY,0,v1,phase6a,2026-07-12,0,0,0,0,0,0,v1,572,0.09365079365079365,572,0.09365079365079365,572,0.09365079365079365,^TWII,yfinance,2y,2026-09-30,scan_20261001_173958,False,False
True,0,-4.083333333333333,-4.0,True,False,賣出 (動能轉弱),275.0,2026-09-30 00:00:00,275.075,-0.05000000000001137,True,False,0.437143465955345,False,0.0057363216635854305,131.50143527344093,0.005814911619755257,0.005777923694491831,-0.14206363073440142,-1.3202920176765276,-0.2813886329338655,-0.14206363073440142,False,False,True,False,False,False,0.6888469372885216,False,-0.023090586145648295,中性,4967.TW,十銓,0,v1,phase6a,2026-07-12,0,0,0,0,0,0,v1,533,0.15555555555555556,533,0.15555555555555556,534,0.15396825396825398,^TWII,yfinance,2y,2026-09-30,scan_20261001_173958,False,False
True,0,1.9166666666666665,0.6666666666666667,True,False,買入 (動能增強),163.0,2026-09-30 00:00:00,158.7,0.19999999999998863,False,True,5.253392601047713,True,0.0034000742951433645,91.81859321110836,0.0033951630331529423,0.0034052314947752233,0.0152291266157345,-1.0366215799855083,-4.438677698539095,0.0152291266157345,True,False,False,False,False,False,0.3076057618495369,False,-0.03264094955489616,中性,2850.TW,新產,2,v1,phase6a,2026-07-12,0,2,4,2,2,2,v1,124,0.8047619047619048,124,0.8047619047619048,138,0.7825396825396825,^TWII,yfinance,2y,2026-09-30,scan_20261001_173958,False,False
True,0,-0.09999990463256836,-0.14999993642171222,True,False,觀察 (跌勢收斂),12.850000381469727,2026-09-30 00:00:00,12.837499952316284,0.03250002861022949,False,True,0.6483903709042302,False,0.00026804267478293034,21.32000097296269,0.00027279194959055916,0.00029192759160816224,-0.18292664835128924,-0.9760411625490573,-1.7796901848042612,-0.18292664835128924,False,False,False,False,False,False,0.0641655394429745,False,-0.17096771732453375,中性,6246.TWO,臺龍,1,v1,phase6a,2026-07-12,0,1,3,1,1,1,v1,360,0.4301587301587302,360,0.4301587301587302,361,0.42857142857142855,^TWII,yfinance,2y,2026-09-30,scan_20261001_173958,False,False
True,0,1.1666666666666667,2.3333333333333335,True,False,觀望 (動能減弱),292.0,2026-09-30 00:00:00,295.225,-0.07499999999998863,True,False,0.35002822731053346,False,0.00609093063915253,31.733096056177878,0.006308953211059894,0.006652868806861729,-0.362446243612613,-1.9064044505742395,-5.110748500207962,-0.362446243612613,False,False,False,False,False,False,0.0023110653141482983,False,-0.09876543209876543,中性,4585.TW,達明,0,v1,phase6a,2026-07-12,0,0,0,0,0,0,v1,527,0.16507936507936508,527,0.16507936507936508,529,0.1619047619047619,^TWII,yfinance,2y,2026-09-30,scan_20261001_173958,False,False
True,1,0.08333333333333333,0.0,True,False,買入 (動能增強),114.5,2026-09-30 00:00:00,114.075,-0.07500000000000284,True,True,0.8133787969271405,False,0.0023883957472019338,52.985748865455356,0.0024345809422956386,0.002512234784074258,-0.1992914118814082,-1.452223282610754,-4.413169338377543,-0.1992914118814082,False,False,False,False,False,False,0.04649054247237229,False,-0.03375527426160341,中性,9942.TW,茂順,4,v1,phase6a,2026-07-12,0,4,5,4,4,4,v1,22,0.9666666666666667,22,0.9666666666666667,31,0.9523809523809523,^TWII,yfinance,2y,2026-09-30,scan_20261001_173958,False,True
True,0,12.333333333333332,-11.166666666666664,True,False,買入 (動能增強),1035.0,2026-09-30 00:00:00,947.8,6.149999999999977,False,True,1.7839205904446387,True,0.021589428806585167,111.39903088536404,0.02034532802339536,0.021040792454642188,0.6478459476028986,-0.14507216002259682,-5.581708978974953,0.6478459476028986,True,True,False,False,False,True,0.1859081354672429,False,-0.3141903705071576,偏強 (RS上升),6488.TWO,環球晶,3,v1,phase6a,2026-07-12,0,3,5,3,3,3,v1,68,0.8936507936507937,68,0.8936507936507937,78,0.8777777777777778,^TWII,yfinance,2y,2026-09-30,scan_20261001_173958,True,False
True,1,-1.0666694641113281,-0.9500020345052083,True,False,賣出 (動能轉弱),68.5,2026-09-30 00:00:00,69.01499977111817,-0.04999999999999716,True,False,0.8932185175363917,False,0.001428865578020371,28.21966270047547,0.001470719244932436,0.0015488683269819239,-0.29866278891474973,-1.6940927724794497,-4.880875319324773,-0.29866278891474973,False,False,False,False,False,False,0.006271394980205916,False,-0.045961043335596696,中性,7736.TW,虎山,0,v1,phase6a,2026-07-12,0,0,0,0,0,0,v1,597,0.05396825396825397,597,0.05396825396825397,597,0.05396825396825397,^TWII,yfinance,2y,2026-09-30,scan_20261001_173958,False,False
True,0,-1.1500015258789062,-0.9333343505859375,True,False,賣出 (動能轉弱),71.0,2026-09-30 00:00:00,71.18000106811523,0.09999999999999432,False,False,0.47373395635212784,False,0.0014810139567802386,37.37404920480234,0.00150839276314007,0.0015458668452151534,-0.19069858942836193,-1.3569634670558828,-0.9687991258892747,-0.19069858942836193,False,False,False,False,False,False,0.07990148873160213,False,-0.046979865771812124,中性,4974.TWO,亞泰,0,v1,phase6a,2026-07-12,0,0,1,0,0,0,v1,534,0.15396825396825398,534,0.15396825396825398,535,0.1523809523809524,^TWII,yfinance,2y,2026-09-30,scan_20261001_173958,False,False
True,0,-0.15833298365275064,-0.2666664123535156,True,False,觀察 (跌勢收斂),12.350000381469727,2026-09-30 00:00:00,12.165000009536744,-0.009999990463256836,False,True,1.0193932035999027,False,0.0002576129990309568,33.46589721280361,0.0002581223708170324,0.00027008780974777146,-0.02076803616528622,-1.1521828645931098,-2.7642675845750198,-0.02076803616528622,False,False,False,False,False,False,0.15543294547380718,False,-0.08805740924473682,中性,1305.TW,華夏,1,v1,phase6a,2026-07-12,0,1,2,1,1,1,v1,248,0.6079365079365079,248,0.6079365079365079,252,0.6015873015873016,^TWII,yfinance,2y,2026-09-30,scan_20261001_173958,False,False
True,1,0.4166692097981771,0.7000033060709635,True,False,觀望 (動能減弱),89.19999694824219,2026-09-30 00:00:00,89.41499977111816,-0.05500030517578125,True,False,0.6872982278383147,False,0.0018606540904943854,94.90370253323096,0.0019096627993228758,0.0019453911140986549,-0.2694147291106286,-1.374733824437313,-4.234050435797554,-0.2694147291106286,False,False,False,False,False,False,0.0,False,-0.04086024786836362,中性,2535.TW,達欣工,0,v1,phase6a,2026-07-12,0,0,0,0,0,0,v1,457,0.2761904761904762,457,0.2761904761904762,465,0.2634920634920635,^TWII,yfinance,2y,2026-09-30,scan_20261001_173958,False,False
True,0,-0.9166666666666666,-0.5,True,False,賣出 (動能轉弱),111.5,2026-09-30 00:00:00,113.0,-0.09999999999999432,True,False,0.32650928918927746,False,0.0023258176926900928,43.69458225103068,0.0024092886232441476,0.0025048440816334526,-0.363363982016085,-1.7500002352107247,-4.9562238159355125,-0.363363982016085,False,False,False,False,False,False,0.0,False,-0.047008547008547064,中性,7747.TWO,昕奇雲端,0,v1,phase6a,2026-07-12,0,0,0,0,0,0,v1,598,0.05238095238095238,598,0.05238095238095238,598,0.05238095238095238,^TWII,yfinance,2y,2026-09-30,scan_20261001_173958,False,False
True,0,1.0333340962727864,0.650000254313151,True,False,買入 (動能增強),84.0,2026-09-30 00:00:00,82.72000007629394,0.015000152587887783,False,True,1.032314181856886,False,0.0017521855263315498,67.50893524916022,0.001771035064419073,0.0019019534115225735,-0.11190865132718608,-1.1653009065028752,-5.141132706923413,-0.11190865132718608,False,False,False,False,False,False,0.07175950373727427,False,-0.18367348149286122,中性,6191.TW,精成科,2,v1,phase6a,2026-07-12,0,2,4,2,2,2,v1,191,0.6984126984126984,191,0.6984126984126984,197,0.6888888888888889,^TWII,yfinance,2y,2026-09-30,scan_20261001_173958,False,False
True,0,-0.24166679382324216,-0.20833333333333331,True,False,賣出 (動能轉弱),18.850000381469727,2026-09-30 00:00:00,19.245000076293945,-0.009999942779540305,False,False,0.7198556424181018,False,0.0003931987838066125,57.33365448774595,0.00040791583943613943,0.0004175248538963545,-0.3783384998523154,-1.8082098540589064,-2.287808923236334,-0.3783384998523154,False,False,False,False,False,False,0.0,False,-0.0333333137707833,中性,2812.TW,台中銀,0,v1,phase6a,2026-07-12,0,0,0,0,0,0,v1,475,0.24761904761904763,475,0.24761904761904763,483,0.23492063492063492,^TWII,yfinance,2y,2026-09-30,scan_20261001_173958,False,False
True,1,-0.29166666666666663,-0.15000025431315106,True,False,賣出 (動能轉弱),42.349998474121094,2026-09-30 00:00:00,42.874999809265134,-0.022500038146972656,True,False,0.9038429599980639,False,0.0008833935043633119,38.039569674317946,0.0009123727947220417,0.0009358590928236469,-0.3332285507178012,-1.7017873769733072,-3.8829846721293637,-0.3332285507178012,False,False,False,False,False,False,0.0034179452934421507,False,-0.03414803816776757,中性,1339.TW,昭輝,0,v1,phase6a,2026-07-12,0,0,0,0,0,0,v1,406,0.35714285714285715,406,0.35714285714285715,415,0.34285714285714286,^TWII,yfinance,2y,2026-09-30,scan_20261001_173958,False,False
True,1,0.07499917348225911,0.033332506815592446,True,False,買入 (動能增強),20.399999618530273,2026-09-30 00:00:00,20.335000038146973,-0.005000019073484907,True,True,1.182556281232156,False,0.0004255307627233081,28.504582455695232,0.0004340850037187851,0.0004533859282273873,-0.20700610107488027,-1.2355503903338616,-4.209310552760471,-0.20700610107488027,False,False,False,False,False,False,0.023695939585486443,False,-0.026253036963231557,中性,2642.TW,宅配通,2,v1,phase6a,2026-07-12,0,2,3,2,2,2,v1,121,0.8095238095238095,121,0.8095238095238095,135,0.7873015873015873,^TWII,yfinance,2y,2026-09-30,scan_20261001_173958,False,False
True,0,-0.04999955495198566,-0.27499961853027344,True,False,觀察 (跌勢收斂),24.450000762939453,2026-09-30 00:00:00,23.955000114440917,-0.022499942779543147,True,True,1.5903194225465294,True,0.0005100111601859269,60.35756779553061,0.0005145909045050791,0.0005300937076603894,-0.09359418285014298,-1.7336147768134746,-8.760219733007514,-0.09359418285014298,False,False,False,False,False,False,0.055363024886927556,False,-0.28404100525702125,中性,1810.TW,和成,1,v1,phase6a,2026-07-12,0,1,2,1,1,1,v1,275,0.5650793650793651,275,0.5650793650793651,278,0.5603174603174603,^TWII,yfinance,2y,2026-09-30,scan_20261001_173958,False,False
True,0,0.4333333969116211,0.3333331743876139,True,False,買入 (動能增強),16.450000762939453,2026-09-30 00:00:00,15.987499952316284,0.022500038146972656,False,True,1.4695749932597377,False,0.00034313634815435074,26.0895152205242,0.0003432849744264342,0.000360417412992848,-0.004557192695331391,-0.39463002249396917,-4.139885409007549,-0.004557192695331391,False,False,False,False,False,False,0.1443359070604255,False,-0.1727040444133524,中性,2482.TW,連宇,2,v1,phase6a,2026-07-12,0,2,4,2,2,2,v1,114,0.8206349206349206,114,0.8206349206349206,128,0.7984126984126985,^TWII,yfinance,2y,2026-09-30,scan_20261001_173958,False,False
True,1,-0.05333336194356282,-0.06166664759318033,True,False,觀察 (跌勢收斂),4.809999942779541,2026-09-30 00:00:00,4.860500025749206,-0.00699999332428014,False,False,0.32320805166982236,False,0.00010033347954040351,19.20090458374273,0.00010358013813169408,0.00010890901443187789,-0.32885615382981515,-1.8499550733225734,-5.459524557444995,-0.32885615382981515,False,False,False,False,False,False,0.0022728930633546616,False,-0.07499997707513584,中性,5907.TW,大洋-KY,1,v1,phase6a,2026-07-12,0,1,1,1,1,1,v1,353,0.44126984126984126,353,0.44126984126984126,355,0.4380952380952381,^TWII,yfinance,2y,2026-09-30,scan_20261001_173958,False,False
True,0,0.008333365122477218,-0.09999990463256836,True,False,買入 (動能增強),12.100000381469727,2026-09-30 00:00:00,11.857500123977662,0.012500000000001066,False,True,0.6264281608370365,False,0.0002523981611549701,42.34846576256643,0.000255083557654295,0.00027297048169871063,-0.11069330296518132,-1.6348445990116534,-8.919845517580905,-0.11069330296518132,False,False,False,False,False,False,0.037654868916770286,False,-0.3212232326901564,中性,5488.TWO,松普,2,v1,phase6a,2026-07-12,0,2,4,2,2,2,v1,177,0.7206349206349206,177,0.7206349206349206,183,0.7111111111111111,^TWII,yfinance,2y,2026-09-30,scan_20261001_173958,False,False
True,1,-1.1666666666666667,-1.0,True,False,賣出 (動能轉弱),111.0,2026-09-30 00:00:00,111.7,0.025000000000005684,False,False,1.007103162011649,False,0.0023153880169381196,84.8757324686141,0.0023476478607450226,0.0022796931369562976,-0.1444368357744863,-0.6887848522082352,4.752887204872369,-0.1444368357744863,False,True,True,False,False,False,0.5614229835453635,False,-0.034782608695652195,中性,2882.TW,國泰金,0,v1,phase6a,2026-07-12,0,0,1,0,0,0,v1,479,0.24126984126984127,479,0.24126984126984127,487,0.22857142857142856,^TWII,yfinance,2y,2026-09-30,scan_20261001_173958,False,False
False,0,2.350001017252604,1.400001525878906,False,True,強烈買入 (爆發),94.69999694824219,2026-09-30 00:00:00,90.88500022888184,0.16999969482421307,False,True,1.743839176355337,True,0.001975380523766094,44.03113071165799,0.0019590901110255483,0.0021079270861213174,0.08760610505051947,-1.0672383896120463,-7.192493083630858,0.08760610505051947,True,False,False,False,False,True,0.10826740598896867,False,-0.24769567929754244,中性,2231.TW,為升,3,v1,phase6a,2026-07-12,0,3,5,3,3,3,v1,32,0.9507936507936507,32,0.9507936507936507,55,0.9142857142857143,^TWII,yfinance,2y,2026-09-30,scan_20261001_173958,False,False
True,0,-0.5,-0.0499998728434245,True,False,賣出 (動能轉弱),62.099998474121094,2026-09-30 00:00:00,63.41999969482422,-0.04999999999999716,False,False,1.2469149842025313,False,0.0012953656965662655,43.92078279155861,0.0013481556330521482,0.0013705751905748068,-0.41048860441094126,-1.6573191432685097,-2.9492291299181073,-0.41048860441094126,False,False,False,False,False,False,0.0,False,-0.041666735346912565,中性,2206.TW,三陽工業,0,v1,phase6a,2026-07-12,0,0,0,0,0,0,v1,435,0.3111111111111111,435,0.3111111111111111,444,0.2968253968253968,^TWII,yfinance,2y,2026-09-30,scan_20261001_173958,False,False
True,1,0.10000006357828775,0.08333349227905273,True,False,買入 (動能增強),14.399999618530273,2026-09-30 00:00:00,14.217499923706054,0.007499980926512606,False,True,1.019278545782004,False,0.000300374653699626,45.59664969616087,0.00030441549064063125,0.0003278113783866934,-0.13953224059484182,-1.130747071367011,-5.1870496658736105,-0.13953224059484182,False,False,False,False,False,False,0.041937829107189815,False,-0.1504425386212762,中性,2440.TW,太空梭,2,v1,phase6a,2026-07-12,0,2,4,2,2,2,v1,112,0.8238095238095238,112,0.8238095238095238,127,0.8,^TWII,yfinance,2y,2026-09-30,scan_20261001_173958,False,False
True,0,-0.15833377838134763,-0.21666717529296872,True,False,觀察 (跌勢收斂),17.350000381469727,2026-09-30 00:00:00,17.497500133514404,-0.019999980926513672,False,False,0.5431210997116027,False,0.00036190975655069193,41.01283094753033,0.00037259545838138274,0.00038885685770268755,-0.30097664269793656,-1.3439443026920794,-4.371897585223894,-0.30097664269793656,False,False,False,False,False,False,0.0,False,-0.07219253082305865,中性,4538.TWO,大詠城,1,v1,phase6a,2026-07-12,0,1,1,1,1,1,v1,330,0.4777777777777778,330,0.4777777777777778,332,0.4746031746031746,^TWII,yfinance,2y,2026-09-30,scan_20261001_173958,False,False
True,3,0.0,0.0,True,False,賣出 (動能轉弱),3.2699999809265137,2026-09-30 00:00:00,3.2699999809265137,0.0,False,False,1.0,False,6.82100790200462e-05,34.948520682296554,6.972053499050592e-05,7.369020351112834e-05,-0.22752781036443626,-1.3419966880597989,-3.6817820635401843,-0.22752781036443626,False,False,False,False,False,False,0.021995491680118676,False,0.0,中性,4804.TWO,大略-KY,0,v1,phase6a,2026-07-12,0,0,0,0,0,0,v1,529,0.1619047619047619,529,0.1619047619047619,531,0.15873015873015872,^TWII,yfinance,2y,2026-09-30,scan_20261001_173958,False,False
True,0,0.08333396911621094,0.008333841959635428,True,False,買入 (動能增強),17.200000762939453,2026-09-30 00:00:00,17.152500057220458,0.030000019073483486,False,True,1.6731518989026113,True,0.000358780861782311,27.60720407288066,0.00036490336568138423,0.00038202393681108606,-0.17630362554849066,-0.7919913191058114,-1.647405259195256,-0.17630362554849066,False,False,False,False,False,False,0.0367207855484126,False,-0.1156812293954872,中性,6158.TWO,禾昌,2,v1,phase6a,2026-07-12,0,2,4,2,2,2,v1,186,0.7063492063492064,186,0.7063492063492064,192,0.6968253968253968,^TWII,yfinance,2y,2026-09-30,scan_20261001_173958,False,False
True,0,-0.30000050862630206,-0.1333338419596354,True,False,賣出 (動能轉弱),62.79999923706055,2026-09-30 00:00:00,62.59199237823486,0.09800777435302876,False,True,0.039893325248286086,False,0.0013099672585334507,38.12640908776276,0.0013255052205458544,0.0013427545044382076,-0.12324049974401508,-0.7669432180241298,1.1707837423950318,-0.12324049974401508,False,False,False,False,False,False,0.5970525901993734,False,-0.018750011920928955,中性,2756.TWO,聯發國際,0,v1,phase6a,2026-07-12,0,0,2,0,0,0,v1,474,0.2492063492063492,474,0.2492063492063492,482,0.2365079365079365,^TWII,yfinance,2y,2026-09-30,scan_20261001_173958,False,False
True,0,3.416666666666666,2.25,True,False,買入 (動能增強),125.0,2026-09-30 00:00:00,121.625,0.125,False,True,0.6304167042391817,False,0.0026074189379933777,37.446194190175746,0.0026142818302967888,0.002728516254278522,-0.027625565767530613,-0.796123251254921,-5.300829216372904,-0.027625565767530613,False,False,False,False,False,True,0.1671479259562693,False,-0.1175671567802663,中性,3558.TWO,神準,3,v1,phase6a,2026-07-12,0,3,5,3,3,3,v1,47,0.926984126984127,47,0.926984126984127,63,0.9015873015873016,^TWII,yfinance,2y,2026-09-30,scan_20261001_173958,True,False
True,1,0.06166672706604004,0.0883333683013916,True,False,觀望 (動能減弱),5.829999923706055,2026-09-30 00:00:00,5.752999973297119,0.011500000953674316,False,True,0.5369941570186625,False,0.0001216100176765689,24.09642259939163,0.00012297386359731688,0.00012765246571625207,-0.11660634305322715,-0.7848874935081795,-2.516942972846603,-0.11660634305322715,False,False,False,False,False,False,0.14994416112222284,False,-0.02833334604899085,中性,2929.TW,淘帝-KY,0,v1,phase6a,2026-07-12,0,0,2,0,0,0,v1,485,0.23174603174603176,485,0.23174603174603176,493,0.21904761904761905,^TWII,yfinance,2y,2026-09-30,scan_20261001_173958,False,False
True,0,-0.1833333969116211,-0.14999993642171222,True,False,賣出 (動能轉弱),22.149999618530273,2026-09-30 00:00:00,22.20499982833862,-0.010000038146973367,False,False,1.6134615095019282,True,0.0004620346278552154,42.582496808856334,0.00047290384432816744,0.000487994184414622,-0.24135279896783102,-1.4886255897023193,-4.096738448585113,-0.24135279896783102,False,False,False,False,False,False,0.021534479961989657,False,-0.028508756152663572,中性,2903.TW,遠百,0,v1,phase6a,2026-07-12,0,0,0,0,0,0,v1,481,0.23809523809523808,481,0.23809523809523808,489,0.2253968253968254,^TWII,yfinance,2y,2026-09-30,scan_20261001_173958,False,False
True,1,-0.12499999999999997,0.0666666030883789,True,False,賣出 (動能轉弱),24.600000381469727,2026-09-30 00:00:00,24.729999828338624,-0.03000001907348704,True,False,0.7147808835633663,False,0.0005131400549543079,49.18992063810107,0.0005259834623305668,0.0005209147544392828,-0.25637148931856313,-1.2859768577545228,-2.7993693393821406,-0.25637148931856313,False,False,True,False,False,False,0.37205733357401277,False,-0.04466017936039901,中性,1904.TW,正隆,0,v1,phase6a,2026-07-12,0,0,0,0,0,0,v1,431,0.31746031746031744,431,0.31746031746031744,440,0.30317460317460315,^TWII,yfinance,2y,2026-09-30,scan_20261001_173958,False,False
True,0,0.625,0.7583332061767578,True,False,觀望 (動能減弱),38.54999923706055,2026-09-30 00:00:00,38.547499656677246,-0.02499999999999858,True,True,0.3703475094129992,False,0.0008041279845627355,35.028675393693476,0.0008259968743648279,0.0008738391123968809,-0.27791760965791834,-1.5668464090371481,-5.2214544239518546,-0.27791760965791834,False,False,False,False,False,False,0.01197161522819962,False,-0.04814816698615931,中性,6843.TWO,進典,0,v1,phase6a,2026-07-12,0,0,1,0,0,0,v1,587,0.06984126984126984,587,0.06984126984126984,587,0.06984126984126984,^TWII,yfinance,2y,2026-09-30,scan_20261001_173958,False,False
False,0,0.37499968210856116,0.2499996821085612,False,True,強烈買入 (爆發),18.350000381469727,2026-09-30 00:00:00,17.742499828338623,0.03000001907348704,False,True,1.535288679032858,True,0.00038276910805463895,25.77548826624421,0.00038094932744643347,0.0003972525518414463,0.050309111930646466,-0.35638222689310384,-4.0673537218382405,0.050309111930646466,True,False,False,False,False,True,0.20239031423696,False,-0.046753226936637526,中性,1418.TW,東華,3,v1,phase6a,2026-07-12,0,3,5,3,3,3,v1,27,0.9587301587301588,27,0.9587301587301588,51,0.9206349206349206,^TWII,yfinance,2y,2026-09-30,scan_20261001_173958,False,False
True,0,0.18666648864746094,0.061666488647460944,True,False,買入 (動能增強),9.25,2026-09-30 00:00:00,8.776999950408936,0.025000000000000355,False,True,2.1874724030252666,True,0.00019294900141150995,33.489950698150444,0.0001866953893375135,0.0001941358380040799,0.3538406609578937,0.01930353478365454,0.9359561462573662,0.3538406609578937,True,False,False,False,False,True,0.3174171971656881,False,-0.16666669530553402,偏強 (RS上升),1310.TW,台苯,3,v1,phase6a,2026-07-12,1,4,5,4,3,4,v1,23,0.9650793650793651,23,0.9650793650793651,32,0.9507936507936507,^TWII,yfinance,2y,2026-09-30,scan_20261001_173958,True,False
True,0,0.04166666666666667,0.10833326975504559,True,False,觀望 (動能減弱),22.0,2026-09-30 00:00:00,22.070000171661377,0.0024999618530259227,False,False,0.7647868938701751,False,0.00045890573308683447,35.7736959897456,0.00047054087412881553,0.00048377241279103783,-0.2596102008295742,-1.215943954173948,-3.326303524335661,-0.2596102008295742,False,False,False,False,False,False,0.07286407361848016,False,-0.02439021089440363,中性,5525.TW,順天,0,v1,phase6a,2026-07-12,0,0,1,0,0,0,v1,543,0.13968253968253969,543,0.13968253968253969,544,0.1380952380952381,^TWII,yfinance,2y,2026-09-30,scan_20261001_173958,False,False
True,0,-2.220446049250313e-16,0.833333333333333,True,False,賣出 (動能轉弱),161.0,2026-09-30 00:00:00,163.85,-0.05000000000001137,True,False,1.6453234840162028,True,0.0033583555921354704,38.43483064178536,0.0035035812817512907,0.0036094246564071053,-0.4344270328690891,-1.7065063122068902,-5.671944979750387,-0.4344270328690891,False,False,False,False,False,False,0.0,False,-0.06395348837209303,中性,4536.TW,拓凱,0,v1,phase6a,2026-07-12,0,0,0,0,0,0,v1,525,0.16825396825396827,525,0.16825396825396827,528,0.1634920634920635,^TWII,yfinance,2y,2026-09-30,scan_20261001_173958,False,False
True,0,1.5166664123535156,0.9833335876464843,True,False,買入 (動能增強),74.0,2026-09-30 00:00:00,72.69999961853027,0.0,False,True,1.3104487013434,False,0.0015435920112920796,65.52729396100047,0.0015545382551902837,0.0016379989288269315,-0.07406590232362786,-1.049545752755976,-3.5450282614561845,-0.07406590232362786,False,False,False,False,False,False,0.1336764034760848,False,-0.08618081532639366,中性,5469.TW,瀚宇博,2,v1,phase6a,2026-07-12,0,2,3,2,2,2,v1,175,0.7238095238095238,175,0.7238095238095238,181,0.7142857142857143,^TWII,yfinance,2y,2026-09-30,scan_20261001_173958,False,False
True,0,1.8166669209798174,2.1666666666666665,True,False,觀望 (動能減弱),93.0,2026-09-30 00:00:00,91.05999946594238,0.1349998474121037,False,True,0.46450358130672104,False,0.001939919689867073,20.114061247965164,0.0019771623291372008,0.0021770629243684655,-0.19788563102542955,-1.735988069324823,-10.698085546495516,-0.19788563102542955,False,False,False,False,False,False,0.06720970762083454,False,-0.19827586206896552,中性,9958.TW,世紀鋼,0,v1,phase6a,2026-07-12,0,0,2,0,0,0,v1,631,0.0,631,0.0,631,0.0,^TWII,yfinance,2y,2026-09-30,scan_20261001_173958,False,False
True,2,-0.11666647593180338,-0.10833326975504556,True,False,賣出 (動能轉弱),26.0,2026-09-30 00:00:00,26.14499979019165,-0.010000038146973367,True,False,0.3692616086618223,False,0.0005423431391026226,22.783709752466766,0.0005577816839333136,0.0005840826053520158,-0.2905059430550083,-1.4978739841186806,-4.657205483753756,-0.2905059430550083,False,False,False,False,False,False,0.005011859653270811,False,-0.05282334144402334,中性,1475.TW,業旺,0,v1,phase6a,2026-07-12,0,0,0,0,0,0,v1,412,0.3476190476190476,412,0.3476190476190476,421,0.3333333333333333,^TWII,yfinance,2y,2026-09-30,scan_20261001_173958,False,False
True,0,-2.75,-1.5666656494140625,True,False,賣出 (動能轉弱),73.5999984741211,2026-09-30 00:00:00,76.65499916076661,-0.125,False,False,0.45887723246513706,False,0.0015352482388616563,67.05392955270048,0.0016063525615480382,0.0015630455062564806,-0.4637806973515346,-1.4372469062764015,3.6097906497433163,-0.4637806973515346,False,False,True,False,False,False,0.4665967136344058,False,-0.07653699758712018,中性,2606.TW,裕民,0,v1,phase6a,2026-07-12,0,0,0,0,0,0,v1,460,0.2714285714285714,460,0.2714285714285714,468,0.25873015873015875,^TWII,yfinance,2y,2026-09-30,scan_20261001_173958,False,False
True,1,-0.16666793823242188,-0.28333409627278644,True,False,觀察 (跌勢收斂),92.19999694824219,2026-09-30 00:00:00,91.93000068664551,0.009999847412117902,False,True,0.9935814637442123,False,0.0019232321450062264,46.315969947598276,0.0019595451820723876,0.002006875629869334,-0.1946871762910085,-1.298268799553215,-3.636427112083407,-0.1946871762910085,False,False,False,False,False,False,0.03847664221177777,False,-0.013903775954628994,中性,7708.TWO,全家餐飲,1,v1,phase6a,2026-07-12,0,1,3,1,1,1,v1,375,0.40634920634920635,375,0.40634920634920635,376,0.40476190476190477,^TWII,yfinance,2y,2026-09-30,scan_20261001_173958,False,False
True,0,-0.20833269755045575,-0.1999994913736979,True,False,賣出 (動能轉弱),21.350000381469727,2026-09-30 00:00:00,21.31750020980835,-0.00749998092651083,True,True,0.8409660403106035,False,0.00044534716256648004,47.90204429437981,0.00045377732237731645,0.00046349032590989434,-0.1951735484132855,-1.4772965249627013,-3.7322108780664665,-0.1951735484132855,False,False,False,False,False,False,0.06887280101072916,False,-0.013856777937482079,中性,9905.TW,大華,0,v1,phase6a,2026-07-12,0,0,1,0,0,0,v1,618,0.020634920634920634,618,0.020634920634920634,618,0.020634920634920634,^TWII,yfinance,2y,2026-09-30,scan_20261001_173958,False,False
False,0,-0.31666676203409827,-0.23333342870076496,False,True,強烈賣出 (跌破),13.399999618530273,2026-09-30 00:00:00,13.700000047683716,-0.020000028610230203,True,False,0.7878258682623844,False,0.00027951530219567895,36.17402246108747,0.0002905896339448861,0.0002965284182660997,-0.3995536394461041,-2.197065733574999,-4.148303843576451,-0.3995536394461041,False,False,False,False,False,False,0.005669895337910356,False,-0.05633804235778117,中性,2906.TW,高林,0,v1,phase6a,2026-07-12,0,0,0,0,0,0,v1,483,0.23492063492063492,483,0.23492063492063492,491,0.2222222222222222,^TWII,yfinance,2y,2026-09-30,scan_20261001_173958,False,False
True,0,-2.583333333333333,-1.5,True,False,賣出 (動能轉弱),168.0,2026-09-30 00:00:00,169.775,-0.15000000000000568,True,False,0.7981561423545933,False,0.0035043710526630996,73.58044898316385,0.003606452025521792,0.0036895410197795675,-0.29706328967706863,-1.814133234147497,-3.09304202968127,-0.29706328967706863,False,False,False,False,False,False,0.028420528314126413,False,-0.040000000000000036,中性,2597.TW,潤弘,0,v1,phase6a,2026-07-12,0,0,0,0,0,0,v1,458,0.2746031746031746,458,0.2746031746031746,466,0.2619047619047619,^TWII,yfinance,2y,2026-09-30,scan_20261001_173958,False,False
True,0,-1.5333302815755208,-1.566663106282552,True,False,觀察 (跌勢收斂),89.80000305175781,2026-09-30 00:00:00,90.9550006866455,-0.0649997711181669,False,False,1.3474209747910728,False,0.0018731698287121315,44.347035188802245,0.0019280999028928165,0.0019438566513102348,-0.2989899602932722,-1.2149863092563273,-2.1357004168459093,-0.2989899602932722,False,False,False,False,False,False,0.24465002067457828,False,-0.05870019271018567,中性,4938.TW,和碩,2,v1,phase6a,2026-07-12,0,2,2,2,2,2,v1,168,0.734920634920635,168,0.734920634920635,175,0.7238095238095238,^TWII,yfinance,2y,2026-09-30,scan_20261001_173958,True,False
True,1,0.03333282470703125,0.1333332061767578,True,False,觀望 (動能減弱),55.0,2026-09-30 00:00:00,54.89999980926514,0.025000000000005684,False,True,1.3675204686357922,False,0.0011472643327170861,41.944684234823065,0.0011717671784482256,0.0012307191272129619,-0.21963254311951896,-1.2995990451288963,-3.7803502053282534,-0.21963254311951896,False,False,False,False,False,False,0.05352482787091917,False,-0.05836577552707933,中性,2496.TW,卓越,0,v1,phase6a,2026-07-12,0,0,2,0,0,0,v1,453,0.28253968253968254,453,0.28253968253968254,461,0.2698412698412698,^TWII,yfinance,2y,2026-09-30,scan_20261001_173958,False,False
True,0,2.083333333333333,2.0,True,False,買入 (動能增強),137.5,2026-09-30 00:00:00,137.5,-0.05000000000001137,False,False,0.6056868318910381,False,0.0028681608317927152,26.765390705839053,0.0029385581839940856,0.002997739854145892,-0.25153859493782793,-1.0858317535106354,-3.832188207175058,-0.25153859493782793,False,False,False,False,False,False,0.1748997136517667,False,-0.03169014084507038,中性,6605.TW,帝寶,4,v1,phase6a,2026-07-12,0,4,4,4,4,4,v1,17,0.9746031746031746,17,0.9746031746031746,28,0.9571428571428572,^TWII,yfinance,2y,2026-09-30,scan_20261001_173958,False,True
True,0,-0.07499980926513672,-0.15833314259847003,True,False,觀察 (跌勢收斂),14.449999809265137,2026-09-30 00:00:00,14.264999914169312,0.00250000953674423,False,True,0.8509496500360979,False,0.0003014176252534289,37.24165291588771,0.0003021419722884808,0.0003088818157334298,-0.025229139555704716,-0.9952348324184901,-0.5983711897919353,-0.025229139555704716,False,False,False,False,False,False,0.26662644537527114,False,-0.0297553865914868,中性,1308.TW,亞聚,1,v1,phase6a,2026-07-12,0,1,3,1,1,1,v1,249,0.6063492063492063,249,0.6063492063492063,253,0.6,^TWII,yfinance,2y,2026-09-30,scan_20261001_173958,False,False
True,0,0.14999993642171225,0.19999996821085608,True,False,觀望 (動能減弱),13.100000381469727,2026-09-30 00:00:00,12.922499990463256,0.01000003814697159,False,True,0.28165054039565285,False,0.0002732575126589171,47.986999605090475,0.0002762977067689421,0.0002827883147838958,-0.11569050034201389,-1.2616698316725405,-3.4628915114972902,-0.11569050034201389,False,False,False,False,False,False,0.11011530912430847,False,-0.07092198389683757,中性,9912.TW,偉聯,2,v1,phase6a,2026-07-12,0,2,4,2,2,2,v1,240,0.6206349206349207,240,0.6206349206349207,240,0.6206349206349207,^TWII,yfinance,2y,2026-09-30,scan_20261001_173958,False,True
True,0,0.3750003178914388,0.15833377838134766,True,False,買入 (動能增強),26.75,2026-09-30 00:00:00,26.105000019073486,0.014999961853028765,False,True,2.704039705906362,True,0.0005579876527305828,35.17587213413629,0.0005529722024360233,0.0005535652803232547,0.09556477896666138,0.11640412456137561,2.1902812630161694,0.09556477896666138,True,True,False,False,False,False,0.726080353492426,False,0.0,偏強 (RS上升),6171.TWO,大城地產,2,v1,phase6a,2026-07-12,0,2,4,2,2,2,v1,188,0.7031746031746032,188,0.7031746031746032,194,0.6936507936507936,^TWII,yfinance,2y,2026-09-30,scan_20261001_173958,False,False
True,0,1.1666666666666665,0.8833338419596353,True,False,買入 (動能增強),92.19999694824219,2026-09-30 00:00:00,91.20499992370605,0.034999847412109375,False,True,0.44242498910487094,False,0.0019232321450062264,26.188205049468326,0.001957391456687015,0.00209017317766287,-0.18336259753474193,-1.1923117215959067,-6.116777030367892,-0.18336259753474193,False,False,False,False,False,False,0.030191271753717566,False,-0.15412846836475058,中性,6569.TWO,醫揚,2,v1,phase6a,2026-07-12,0,2,4,2,2,2,v1,206,0.6746031746031746,206,0.6746031746031746,208,0.6714285714285714,^TWII,yfinance,2y,2026-09-30,scan_20261001_173958,False,False
True,0,-0.04166666666666666,-0.3416668574015299,True,False,觀察 (跌勢收斂),18.200000762939453,2026-09-30 00:00:00,17.410000038146972,0.022500038146972656,False,True,1.6266088319381824,True,0.000379640213286258,39.8140164897387,0.00036946839484659554,0.00038525625418885963,0.2906418245827824,-0.734183059672,-1.2664106352817894,0.2906418245827824,True,False,False,False,False,True,0.47798102661035974,False,-0.09226925409062081,中性,6153.TW,嘉聯益,2,v1,phase6a,2026-07-12,0,2,4,2,2,2,v1,184,0.7095238095238096,184,0.7095238095238096,190,0.7,^TWII,yfinance,2y,2026-09-30,scan_20261001_173958,True,False
True,0,-0.24166679382324216,-0.22500022252400714,True,False,賣出 (動能轉弱),12.0,2026-09-30 00:00:00,12.250000095367431,-0.02750000953674281,False,False,2.1481025016957886,True,0.0002503122180473643,22.014326841886966,0.0002598538698309103,0.00026940042158365567,-0.38503071380122655,-1.8221612080060123,-3.8367446091473245,-0.38503071380122655,False,False,False,False,False,False,0.0,False,-0.0625000139698384,中性,8107.TWO,大億金茂,0,v1,phase6a,2026-07-12,0,0,0,0,0,0,v1,608,0.03650793650793651,608,0.03650793650793651,608,0.03650793650793651,^TWII,yfinance,2y,2026-09-30,scan_20261001_173958,False,False
True,1,0.016667683919270843,-0.09999974568684894,True,False,買入 (動能增強),96.0,2026-09-30 00:00:00,96.50999946594239,-0.04999999999999716,False,False,0.37055837563451777,False,0.002002497744378914,42.22468267207841,0.0020569726630999055,0.002139465670721052,-0.2779940314221352,-1.4943708816317236,-3.8636889123586315,-0.2779940314221352,False,False,False,False,False,False,0.02399265442638452,False,-0.030303030303030276,中性,6752.TWO,叡揚,2,v1,phase6a,2026-07-12,0,2,2,2,2,2,v1,214,0.6619047619047619,214,0.6619047619047619,216,0.6587301587301587,^TWII,yfinance,2y,2026-09-30,scan_20261001_173958,False,False
True,0,0.07500012715657552,0.29166730244954425,True,False,觀望 (動能減弱),44.0,2026-09-30 00:00:00,44.119999694824216,0.017499923706054688,False,False,1.0080546365613017,False,0.0009178114661736689,43.72787354876263,0.0009425459519906143,0.0009836841614669434,-0.27547280720093825,-1.5118048630613279,-4.552948319041217,-0.27547280720093825,False,False,False,False,False,False,0.0045338869217699355,False,-0.04555311374467741,中性,6115.TW,鎰勝,0,v1,phase6a,2026-07-12,0,0,1,0,0,0,v1,550,0.12857142857142856,550,0.12857142857142856,551,0.12698412698412698,^TWII,yfinance,2y,2026-09-30,scan_20261001_173958,False,False
True,0,8.5,5.666666666666666,True,False,買入 (動能增強),235.0,2026-09-30 00:00:00,221.65,0.45000000000001705,False,True,1.8334187724562494,True,0.00490194760342755,103.76308922450248,0.004715638455953877,0.0046724080653787374,0.41761875190728937,1.0187008319161972,3.3925260783256084,0.41761875190728937,True,True,True,True,False,True,1.0,False,0.0,強勢 (RS強勁),7810.TWO,捷創科技,2,v1,phase6a,2026-07-12,3,5,4,5,2,5,v1,221,0.6507936507936508,221,0.6507936507936508,14,0.9793650793650793,^TWII,yfinance,2y,2026-09-30,scan_20261001_173958,False,False
True,0,-0.2000001271565755,-0.5333334604899088,True,False,觀察 (跌勢收斂),55.0,2026-09-30 00:00:00,54.0100004196167,0.025000000000005684,False,True,1.2674556444548788,False,0.0011472643327170861,37.02836911014224,0.0011509322393354756,0.001196218066511084,-0.03353507208690987,-1.2073722471659276,-3.97772953536234,-0.03353507208690987,False,False,False,False,False,False,0.19460128402102797,False,-0.044669154065678174,中性,2420.TW,新巨,1,v1,phase6a,2026-07-12,0,1,3,1,1,1,v1,289,0.5428571428571428,289,0.5428571428571428,292,0.5380952380952381,^TWII,yfinance,2y,2026-09-30,scan_20261001_173958,False,False
True,0,0.4666668574015299,0.3083337148030599,True,False,買入 (動能增強),29.200000762939453,2026-09-30 00:00:00,28.822500228881836,0.027500057220457563,False,True,1.16949939372943,False,0.0006090930798296752,46.3524696391071,0.0006137466368229766,0.0006382696785296528,-0.07974910585386574,-0.5376837203215579,-1.0453774476141486,-0.07974910585386574,False,False,False,False,False,False,0.3135968318691719,False,-0.08194212302874226,中性,6134.TWO,萬旭,2,v1,phase6a,2026-07-12,0,2,4,2,2,2,v1,182,0.7126984126984127,182,0.7126984126984127,188,0.7031746031746032,^TWII,yfinance,2y,2026-09-30,scan_20261001_173958,False,False
True,0,-0.6000010172526041,-0.5833333333333334,True,False,賣出 (動能轉弱),78.0,2026-09-30 00:00:00,78.77999877929688,-0.09999999999999432,False,False,0.2687402665634704,False,0.0016270294173078676,30.150909690611467,0.00169414651030325,0.0018532255151613394,-0.41528976805889073,-2.2910899011927444,-9.637715845629701,-0.41528976805889073,False,False,False,False,False,False,0.009238777071958727,False,-0.1428571428571429,中性,8279.TWO,生展,0,v1,phase6a,2026-07-12,0,0,0,0,0,0,v1,609,0.03492063492063492,609,0.03492063492063492,609,0.03492063492063492,^TWII,yfinance,2y,2026-09-30,scan_20261001_173958,False,False
True,0,-3.0,-6.416666666666666,True,False,觀察 (跌勢收斂),252.0,2026-09-30 00:00:00,242.075,-0.35000000000002274,True,True,2.2647844396029417,True,0.005256556578994649,353.4990069136142,0.0051731707911042354,0.005180910790191188,0.16996093789625188,-0.9060250597612618,-6.619161493110759,0.16996093789625188,True,True,False,False,False,True,0.5646229137446098,False,-0.09999999999999998,偏強 (RS上升),4931.TWO,新盛力,1,v1,phase6a,2026-07-12,0,1,2,1,1,1,v1,340,0.46190476190476193,340,0.46190476190476193,342,0.4587301587301587,^TWII,yfinance,2y,2026-09-30,scan_20261001_173958,False,False
True,1,-0.058333396911621094,-0.016667048136393227,True,False,賣出 (動能轉弱),17.200000762939453,2026-09-30 00:00:00,17.23000020980835,0.0,False,False,0.9535560088808055,False,0.000358780861782311,40.57888153267872,0.0003679282862283347,0.0003820778759405906,-0.2610219095050881,-1.6189573103351784,-4.946301849560408,-0.2610219095050881,False,False,False,False,False,False,0.030490613803877412,False,-0.06775067470516738,中性,9944.TW,新麗,0,v1,phase6a,2026-07-12,0,0,0,0,0,0,v1,629,0.0031746031746031746,629,0.0031746031746031746,629,0.0031746031746031746,^TWII,yfinance,2y,2026-09-30,scan_20261001_173958,False,False
True,1,0.02499961853027344,0.04166634877522787,True,False,觀望 (動能減弱),28.899999618530273,2026-09-30 00:00:00,28.77249994277954,0.005000019073484907,False,True,0.7906070146263517,False,0.0006028352505068578,57.91171334911831,0.000613653035172045,0.0006337351664362777,-0.1852194952992936,-1.2747061666473436,-3.5817927960292373,-0.1852194952992936,False,False,False,False,False,False,0.044240798870751975,False,-0.006430496863341739,中性,4111.TWO,濟生,0,v1,phase6a,2026-07-12,0,0,2,0,0,0,v1,510,0.19206349206349208,510,0.19206349206349208,515,0.18412698412698414,^TWII,yfinance,2y,2026-09-30,scan_20261001_173958,False,False
True,0,9.166666666666668,12.666666666666668,True,False,觀望 (動能減弱),280.0,2026-09-30 00:00:00,267.7,1.3249999999999886,False,True,0.9081188297310376,False,0.005840618421105166,168.82211186694747,0.0056549044467157856,0.005628548776291262,0.3468962878591553,0.9405205872909939,10.249358995261204,0.3468962878591553,True,True,True,False,False,True,0.6746894959521835,False,-0.0492994377679824,偏強 (RS上升),6290.TWO,良維,0,v1,phase6a,2026-07-12,2,2,2,2,0,2,v1,563,0.10793650793650794,563,0.10793650793650794,245,0.6126984126984127,^TWII,yfinance,2y,2026-09-30,scan_20261001_173958,False,False
True,0,-0.2999998728434245,-0.3333333333333333,True,False,觀察 (跌勢收斂),21.399999618530273,2026-09-30 00:00:00,21.322500038146973,-0.010000038146973367,True,True,1.0577649062783818,False,0.00044639011422725516,24.21220125431564,0.0004551171471624161,0.00048169397194712234,-0.20143924701658822,-1.7059823487376113,-6.0414426345499646,-0.20143924701658822,False,False,False,False,False,False,0.0776380266969439,False,-0.06753817398177087,中性,2722.TW,夏都,1,v1,phase6a,2026-07-12,0,1,2,1,1,1,v1,300,0.5253968253968254,300,0.5253968253968254,303,0.5206349206349207,^TWII,yfinance,2y,2026-09-30,scan_20261001_173958,False,False
True,0,0.37490717569986975,0.16300201416015625,True,False,買入 (動能增強),89.0,2026-09-30 00:00:00,87.80192260742187,0.06357154846190838,False,True,4.8107260693599905,True,0.001856482283851285,32.49135535679816,0.0018750528268672926,0.001971056806067916,-0.10414416968536067,-1.1961273408729323,-3.8812020937854075,-0.10414416968536067,False,False,False,False,False,False,0.09820971703666345,False,-0.01515153050145901,中性,6523.TWO,達爾膚,2,v1,phase6a,2026-07-12,0,2,4,2,2,2,v1,201,0.6825396825396826,201,0.6825396825396826,205,0.6761904761904762,^TWII,yfinance,2y,2026-09-30,scan_20261001_173958,False,False
True,1,0.0666672388712565,0.05833371480305989,True,False,買入 (動能增強),24.600000381469727,2026-09-30 00:00:00,24.482500076293945,0.0025000572204589844,False,True,1.0228025823777462,False,0.0005131400549543079,37.28229050648605,0.0005225558683967333,0.000543619002888273,-0.18931218104599745,-1.3458664625760952,-4.090885581231307,-0.18931218104599745,False,False,False,False,False,False,0.058809242311824904,False,-0.028977571482692532,中性,8049.TWO,晶采,2,v1,phase6a,2026-07-12,0,2,4,2,2,2,v1,223,0.6476190476190476,223,0.6476190476190476,224,0.6460317460317461,^TWII,yfinance,2y,2026-09-30,scan_20261001_173958,False,False
True,1,0.1416664123535156,0.15833314259847003,True,False,觀望 (動能減弱),25.0,2026-09-30 00:00:00,24.855000019073486,0.007499980926514382,False,True,1.504885019356768,True,0.0005214837875986755,43.61784978354718,0.0005309744664733048,0.0005522327865982088,-0.18779485378688232,-1.3180121251644694,-3.95864888754629,-0.18779485378688232,False,False,False,False,False,False,0.053547899785566275,False,-0.04580155450365042,中性,6266.TWO,泰詠,0,v1,phase6a,2026-07-12,0,0,2,0,0,0,v1,561,0.1111111111111111,561,0.1111111111111111,562,0.10952380952380952,^TWII,yfinance,2y,2026-09-30,scan_20261001_173958,False,False
True,0,0.3250001271565755,0.3333333333333333,True,False,觀望 (動能減弱),36.45000076293945,2026-09-30 00:00:00,36.58499984741211,-0.007499885559084873,True,False,0.8500622080375875,False,0.0007603233782332912,36.08053773008258,0.0007814142842543301,0.0008245144830779363,-0.28330755111817263,-1.2603777062069166,-4.401544673676372,-0.28330755111817263,False,False,False,False,False,False,0.0,False,-0.09777229241957364,中性,2387.TW,精元,0,v1,phase6a,2026-07-12,0,0,0,0,0,0,v1,443,0.2984126984126984,443,0.2984126984126984,452,0.2841269841269841,^TWII,yfinance,2y,2026-09-30,scan_20261001_173958,False,False
True,0,-0.08333365122477213,-0.05000050862630208,True,False,賣出 (動能轉弱),23.450000762939453,2026-09-30 00:00:00,23.47499990463257,0.010000038146973367,False,False,0.6769237755899478,False,0.0004891518086819798,43.100061043884885,0.0004997149361519367,0.0005152654961285215,-0.22201448811545177,-1.3059332462325268,-2.8971952265387624,-0.22201448811545177,False,False,False,False,False,False,0.008587608915798817,False,-0.008456611366459255,中性,1604.TW,聲寶,0,v1,phase6a,2026-07-12,0,0,1,0,0,0,v1,421,0.3333333333333333,421,0.3333333333333333,430,0.319047619047619,^TWII,yfinance,2y,2026-09-30,scan_20261001_173958,False,False
True,0,-0.2833334604899088,-0.23333342870076496,True,False,賣出 (動能轉弱),10.699999809265137,2026-09-30 00:00:00,10.712499952316284,-0.012500000000001066,True,False,0.6159520172624464,False,0.00022319505711362758,29.48332914102275,0.00022753462467892336,0.000235866686422757,-0.20035691838168335,-2.0233850549236765,-4.546464991206189,-0.20035691838168335,False,False,False,False,False,False,0.1542532521754518,False,-0.08936171836041384,中性,1316.TW,上曜,1,v1,phase6a,2026-07-12,0,1,1,1,1,1,v1,250,0.6047619047619047,250,0.6047619047619047,254,0.5984126984126984,^TWII,yfinance,2y,2026-09-30,scan_20261001_173958,True,False
True,1,0.05666653315226237,0.07333326339721678,True,False,觀望 (動能減弱),10.050000190734863,2026-09-30 00:00:00,10.120500087738037,-0.0025000095367424535,True,False,1.6699803250187888,True,0.00020963648659327313,23.469214120379803,0.0002158468052639546,0.00022429240690165775,-0.30194742520409656,-1.4235964757417507,-3.755544027380908,-0.30194742520409656,False,False,False,False,False,False,0.0,False,-0.02898552460654713,中性,1805.TW,寶徠,0,v1,phase6a,2026-07-12,0,0,0,0,0,0,v1,428,0.32222222222222224,428,0.32222222222222224,437,0.30793650793650795,^TWII,yfinance,2y,2026-09-30,scan_20261001_173958,False,False
True,0,-0.20833301544189453,-0.1916664441426595,True,False,賣出 (動能轉弱),10.100000381469727,2026-09-30 00:00:00,10.19249997138977,-0.002499961853027699,True,False,0.8045119626712999,False,0.00021067945814707602,26.16518555491601,0.00021715929085274702,0.00023366213993533108,-0.3131120716856062,-2.149667529778565,-6.044935733868395,-0.3131120716856062,False,False,False,False,False,False,0.034575450847371535,False,-0.14767932014049034,中性,1445.TW,大宇,0,v1,phase6a,2026-07-12,0,0,0,0,0,0,v1,409,0.3523809523809524,409,0.3523809523809524,418,0.3380952380952381,^TWII,yfinance,2y,2026-09-30,scan_20261001_173958,False,False
True,0,-0.5333337783813477,-0.5583337148030598,True,False,觀察 (跌勢收斂),30.299999237060547,2026-09-30 00:00:00,30.65,-0.04500007629394531,True,False,1.5688322553216387,True,0.0006320383346551725,32.495029737821326,0.0006554499349960203,0.0007071949167127311,-0.37457445914830245,-1.9815368025518643,-7.726256342653615,-0.37457445914830245,False,False,False,False,False,False,0.005583035654499511,False,-0.19735101358780005,中性,1533.TW,車王電,1,v1,phase6a,2026-07-12,0,1,1,1,1,1,v1,265,0.580952380952381,265,0.580952380952381,268,0.5761904761904761,^TWII,yfinance,2y,2026-09-30,scan_20261001_173958,False,False
True,0,-0.2000004450480143,-0.10000006357828775,True,False,賣出 (動能轉弱),22.049999237060547,2026-09-30 00:00:00,22.067500019073485,0.00749998092651083,False,False,1.0685640356825254,False,0.0004599486847476096,53.61355226188253,0.00046958162236075977,0.00047997158424120434,-0.21547022516410497,-1.3800930322790728,-3.000769983850793,-0.21547022516410497,False,False,False,False,False,False,0.04478272783927761,False,-0.008988798334357395,中性,2908.TW,特力,0,v1,phase6a,2026-07-12,0,0,1,0,0,0,v1,484,0.23333333333333334,484,0.23333333333333334,492,0.22063492063492063,^TWII,yfinance,2y,2026-09-30,scan_20261001_173958,False,False
True,0,-0.06666819254557291,0.01666514078776042,True,False,賣出 (動能轉弱),99.5,2026-09-30 00:00:00,99.85999984741211,-0.024999999999991473,True,False,0.6327998228160495,False,0.0020755054746427284,55.114536157274756,0.0021313050285630907,0.002249888178891735,-0.2748313628953114,-1.7234801771418895,-4.93405890039681,-0.2748313628953114,False,False,False,False,False,False,0.04138871810803641,False,-0.11946902654867253,中性,6791.TWO,虎門科技,0,v1,phase6a,2026-07-12,0,0,0,0,0,0,v1,585,0.07301587301587302,585,0.07301587301587302,585,0.07301587301587302,^TWII,yfinance,2y,2026-09-30,scan_20261001_173958,False,False
True,1,-2.75,-3.0,True,False,觀察 (跌勢收斂),262.5,2026-09-30 00:00:00,264.05,0.330031585693348,False,False,0.322812720044839,False,0.005475579769786093,97.39966939571251,0.005576284875830546,0.005827968445848462,-0.1897396616209801,-0.8365283292587233,0.5927592991484154,-0.1897396616209801,False,False,False,False,False,False,0.27938017777177665,False,-0.19236138522942248,中性,4760.TWO,勤凱,1,v1,phase6a,2026-07-12,0,1,2,1,1,1,v1,339,0.4634920634920635,339,0.4634920634920635,341,0.4603174603174603,^TWII,yfinance,2y,2026-09-30,scan_20261001_173958,False,False
True,1,0.2500006357828776,0.3666674296061198,True,False,觀望 (動能減弱),58.5,2026-09-30 00:00:00,58.49499988555908,0.039999961853027344,False,True,1.037254732474717,False,0.0012202720629809008,37.51078534649911,0.001248820031431437,0.0013241267451777135,-0.24005345130179156,-1.4512030791822284,-3.8223570012290375,-0.24005345130179156,False,False,False,False,False,False,0.032964823566567734,False,-0.12556055806111655,中性,6846.TWO,綠茵,0,v1,phase6a,2026-07-12,0,0,2,0,0,0,v1,588,0.06825396825396825,588,0.06825396825396825,588,0.06825396825396825,^TWII,yfinance,2y,2026-09-30,scan_20261001_173958,False,False
True,0,-7.083333333333332,-6.833333333333332,True,False,賣出 (動能轉弱),184.5,2026-09-30 00:00:00,185.9,0.32500000000001705,False,False,0.39374283889420586,False,0.0038485503524782255,91.01730470265824,0.003926573026613,0.0038788623959433504,-0.2087257907474993,-1.6414808041607443,-1.2237514971697117,-0.2087257907474993,False,False,True,False,False,False,0.514152253272231,False,-0.06818181818181823,中性,3231.TW,緯創,0,v1,phase6a,2026-07-12,0,0,1,0,0,0,v1,492,0.22063492063492063,492,0.22063492063492063,498,0.2111111111111111,^TWII,yfinance,2y,2026-09-30,scan_20261001_173958,False,False
True,0,-0.6833330790201823,-0.9166666666666665,True,False,觀察 (跌勢收斂),53.29999923706055,2026-09-30 00:00:00,53.33500003814697,-0.0899999618530245,True,False,0.5259807785276248,False,0.001111803419245954,41.651454462039275,0.001138568860653404,0.001218803150193277,-0.24684148963204366,-1.8156882290439436,-6.686758514046865,-0.24684148963204366,False,False,False,False,False,False,0.03749834829619564,False,-0.19379849836674135,中性,3537.TWO,堡達,1,v1,phase6a,2026-07-12,0,1,1,1,1,1,v1,315,0.5015873015873016,315,0.5015873015873016,318,0.49682539682539684,^TWII,yfinance,2y,2026-09-30,scan_20261001_173958,False,False
True,1,-0.13333257039388022,-0.133332888285319,True,False,觀察 (跌勢收斂),23.899999618530273,2026-09-30 00:00:00,23.832499980926514,0.0,False,True,1.6103582656142563,True,0.0004985384929871227,40.292187018931386,0.0005060055430610474,0.0005059393547573508,-0.15509439206837783,-1.2560254531060133,-1.775813234108492,-0.15509439206837783,False,False,True,False,False,False,0.41411049189633586,False,-0.014433005421432,中性,2115.TW,六暉-KY,1,v1,phase6a,2026-07-12,0,1,2,1,1,1,v1,279,0.5587301587301587,279,0.5587301587301587,282,0.553968253968254,^TWII,yfinance,2y,2026-09-30,scan_20261001_173958,False,False
True,0,-0.49166742960611975,-0.4416675567626953,True,False,賣出 (動能轉弱),40.45000076293945,2026-09-30 00:00:00,40.660000228881835,-0.012500000000002842,True,False,0.7844863012590481,False,0.0008437607842490792,41.07502287423273,0.0008647610658908407,0.0008966547024940253,-0.254974431292887,-1.637966383372691,-3.652443960838936,-0.254974431292887,False,False,False,False,False,False,0.04465628005705091,False,-0.018203883158047107,中性,8367.TW,建新國際,0,v1,phase6a,2026-07-12,0,0,0,0,0,0,v1,611,0.031746031746031744,611,0.031746031746031744,611,0.031746031746031744,^TWII,yfinance,2y,2026-09-30,scan_20261001_173958,False,False
True,1,0.6666666666666666,1.4999999999999998,True,False,觀望 (動能減弱),114.0,2026-09-30 00:00:00,114.525,0.0,False,False,0.3091412249330299,False,0.0023779660714499606,57.76876668480187,0.002416165017157566,0.0022539351792516377,-0.16614184702596901,-0.996133270825228,4.0710011335293395,-0.16614184702596901,False,True,True,False,False,False,0.6184140656900242,False,-0.09881422924901184,中性,2615.TW,萬海,0,v1,phase6a,2026-07-12,0,0,0,0,0,0,v1,464,0.2650793650793651,464,0.2650793650793651,472,0.2523809523809524,^TWII,yfinance,2y,2026-09-30,scan_20261001_173958,False,False
True,0,-0.9166666666666666,-1.4999999999999998,True,False,觀察 (跌勢收斂),80.5999984741211,2026-09-30 00:00:00,81.08499870300292,0.13999977111815554,False,False,0.17627789691985013,False,0.0016812636993892855,53.61441233442236,0.0017094699693342432,0.0017273814339394545,-0.1733831663192298,-0.8322863155541982,2.4574300367875557,-0.1733831663192298,False,False,False,False,False,False,0.26508621914762276,False,-0.04275532784560565,中性,6486.TWO,互動,2,v1,phase6a,2026-07-12,0,2,3,2,2,2,v1,197,0.6888888888888889,197,0.6888888888888889,202,0.680952380952381,^TWII,yfinance,2y,2026-09-30,scan_20261001_173958,True,False
True,0,0.15833409627278647,-0.03333282470703125,True,False,買入 (動能增強),24.200000762939453,2026-09-30 00:00:00,23.637500190734862,0.01249999999999929,False,True,2.627402408026344,True,0.0005047963223099402,34.94501468919371,0.0005049746707625417,0.0005282611696324232,-0.0037175772357067594,-0.8521037334011106,-3.9732544388549673,-0.0037175772357067594,False,False,False,False,False,False,0.15316051238137113,False,-0.07424732345515139,中性,6229.TWO,研通,2,v1,phase6a,2026-07-12,0,2,4,2,2,2,v1,192,0.6968253968253968,192,0.6968253968253968,198,0.6873015873015873,^TWII,yfinance,2y,2026-09-30,scan_20261001_173958,False,False
True,0,-0.4833332697550456,-0.5750001271565754,True,False,觀察 (跌勢收斂),25.200000762939453,2026-09-30 00:00:00,25.45249996185303,-0.03749999999999787,False,False,0.5693304113051378,False,0.0005256556738138872,50.25242633885109,0.0005428259874322022,0.0005981675078171276,-0.33185652412370814,-1.980609918325471,-6.593712164149801,-0.33185652412370814,False,False,False,False,False,False,0.01606713339991299,False,-0.2941176407732786,中性,6220.TWO,岳豐,1,v1,phase6a,2026-07-12,0,1,1,1,1,1,v1,359,0.43174603174603177,359,0.43174603174603177,360,0.4301587301587302,^TWII,yfinance,2y,2026-09-30,scan_20261001_173958,False,False
True,0,0.2583335240681966,0.2583338419596354,True,False,觀望 (動能減弱),18.25,2026-09-30 00:00:00,17.989999961853027,0.022500038146972656,False,True,1.3924245622643017,False,0.0003806831649470331,27.343623442250152,0.00038331889974391924,0.000396929889269894,-0.07232753161997563,-0.6634966407184639,-0.9911821229488305,-0.07232753161997563,False,False,False,False,False,False,0.13540168523061252,False,0.0,中性,2430.TW,燦坤,0,v1,phase6a,2026-07-12,0,0,2,0,0,0,v1,448,0.2904761904761905,448,0.2904761904761905,456,0.2777777777777778,^TWII,yfinance,2y,2026-09-30,scan_20261001_173958,False,False
True,1,0.04999923706054688,0.037125905354817725,True,False,買入 (動能增強),40.349998474121094,2026-09-30 00:00:00,40.16603660583496,0.04988250732422017,False,True,0.3021875461950326,False,0.0008416748013554178,43.47522770865303,0.0008530961158636705,0.0008718262139189214,-0.14072877690608498,-1.0017769430220813,-0.7927832270543056,-0.14072877690608498,False,False,False,False,False,False,0.10282878038574551,False,-0.0037037413797260665,中性,8908.TWO,欣雄,2,v1,phase6a,2026-07-12,0,2,4,2,2,2,v1,236,0.626984126984127,236,0.626984126984127,236,0.626984126984127,^TWII,yfinance,2y,2026-09-30,scan_20261001_173958,False,False
True,1,-0.45833460489908856,-0.5000012715657551,True,False,觀察 (跌勢收斂),41.599998474121094,2026-09-30 00:00:00,41.5024995803833,0.007499885559084873,False,True,1.2220318484176578,False,0.0008677489907353516,39.072117605591586,0.0008829961692982241,0.000910382429324193,-0.18143388021690798,-1.4833849795946819,-3.7146723098702816,-0.18143388021690798,False,False,False,False,False,False,0.07150997240777747,False,-0.011876484991023228,中性,2013.TW,中鋼構,1,v1,phase6a,2026-07-12,0,1,3,1,1,1,v1,278,0.5603174603174603,278,0.5603174603174603,281,0.5555555555555556,^TWII,yfinance,2y,2026-09-30,scan_20261001_173958,False,False
True,1,0.9333330790201823,0.9833335876464845,True,False,觀望 (動能減弱),90.19999694824219,2026-09-30 00:00:00,89.15999908447266,0.08999977111817259,False,True,1.2736681643132222,False,0.0018815134419983325,27.4792061089535,0.0019067153853817847,0.00200884463285593,-0.1389379018523984,-0.9543038156472727,-3.952485425877983,-0.1389379018523984,False,False,False,False,False,False,0.07874603262944754,False,-0.04449157319648267,中性,7757.TWO,金色三麥,0,v1,phase6a,2026-07-12,0,0,2,0,0,0,v1,599,0.050793650793650794,599,0.050793650793650794,599,0.050793650793650794,^TWII,yfinance,2y,2026-09-30,scan_20261001_173958,False,False
True,0,-0.4166666666666667,-0.5833333333333334,True,False,觀察 (跌勢收斂),251.5,2026-09-30 00:00:00,251.225,0.07499999999998863,False,True,0.8967190889538509,False,0.005246126903242676,67.03416587955971,0.005351518334833976,0.0054893826953081835,-0.20687371290712964,-1.0617022527883213,-3.450081679614614,-0.20687371290712964,False,False,False,False,False,False,0.0694465642220334,False,-0.06851851851851853,中性,2317.TW,鴻海,1,v1,phase6a,2026-07-12,0,1,3,1,1,1,v1,282,0.553968253968254,282,0.553968253968254,285,0.5492063492063493,^TWII,yfinance,2y,2026-09-30,scan_20261001_173958,False,False
True,0,-4.416666666666666,4.083333333333336,True,False,賣出 (動能轉弱),299.5,2026-09-30 00:00:00,306.5,0.22500000000002274,False,False,0.6668632931385278,False,0.006247375775432133,135.48171825696133,0.0064777410280777055,0.00677700211179135,-0.37294695862469807,-1.0086451668590901,1.8790049081057525,-0.37294695862469807,False,False,False,False,False,False,0.2124473852329977,False,-0.40021912073146504,中性,2492.TW,華新科,0,v1,phase6a,2026-07-12,0,0,1,0,0,0,v1,452,0.2841269841269841,452,0.2841269841269841,460,0.2714285714285714,^TWII,yfinance,2y,2026-09-30,scan_20261001_173958,False,False
True,2,0.11666711171468097,3.178914387974574e-07,True,False,買入 (動能增強),22.350000381469727,2026-09-30 00:00:00,21.817500019073485,0.04250001907348633,False,True,2.4706786716060285,True,0.00046620651407042706,43.313468036218474,0.0004628789188313322,0.00046772527371640197,0.07573005182666126,-0.760908160633289,0.4941698281325291,0.07573005182666126,True,False,False,False,False,False,0.5516929786791768,False,-0.02614380660233484,中性,3308.TW,聯德,4,v1,phase6a,2026-07-12,0,4,6,4,4,4,v1,7,0.9904761904761905,7,0.9904761904761905,19,0.9714285714285714,^TWII,yfinance,2y,2026-09-30,scan_20261001_173958,False,True
True,1,-0.05833371480305988,-0.26666704813639325,True,False,觀察 (跌勢收斂),41.79999923706055,2026-09-30 00:00:00,41.44000034332275,-0.005000114440917969,False,True,1.1881868634060382,False,0.0008719208769505633,60.44163928838632,0.0008706827609016888,0.0008176217302511156,0.014970724360741094,-0.27301300162800857,5.104708341576147,0.014970724360741094,True,True,True,False,False,False,0.7880607828649042,False,-0.02677535519094132,中性,4139.TWO,馬光-KY,1,v1,phase6a,2026-07-12,1,2,2,2,1,2,v1,323,0.4888888888888889,323,0.4888888888888889,243,0.6158730158730159,^TWII,yfinance,2y,2026-09-30,scan_20261001_173958,False,False
True,0,-0.16666698455810547,-0.17500019073486328,True,False,觀察 (跌勢收斂),20.649999618530273,2026-09-30 00:00:00,20.825000095367432,-0.017500019073484196,False,False,1.0999514224882416,False,0.00043074560059929486,18.899068797897378,0.00044188505604739664,0.0004452404579509736,-0.26465501945819314,-1.4879946853464388,-2.963551456802138,-0.26465501945819314,False,False,False,False,False,False,0.5226896262612509,False,-0.09429823203833843,中性,3712.TW,永崴投控,2,v1,phase6a,2026-07-12,0,2,2,2,2,2,v1,156,0.753968253968254,156,0.753968253968254,165,0.7396825396825397,^TWII,yfinance,2y,2026-09-30,scan_20261001_173958,True,False
True,0,-0.21666685740152994,-0.16666698455810547,True,False,賣出 (動能轉弱),29.549999237060547,2026-09-30 00:00:00,29.6,-0.01249999999999929,True,False,0.9275041121151979,False,0.0006163938210272123,46.1409705785826,0.0006310638742815281,0.0006487962092682604,-0.24410312726536043,-1.582873209147817,-4.544842966377416,-0.24410312726536043,False,False,False,False,False,False,0.03555266251299371,False,-0.05440002441406255,中性,4114.TWO,健喬,0,v1,phase6a,2026-07-12,0,0,0,0,0,0,v1,511,0.19047619047619047,511,0.19047619047619047,516,0.18253968253968253,^TWII,yfinance,2y,2026-09-30,scan_20261001_173958,False,False
True,0,1.6166661580403645,1.9166653951009114,True,False,觀望 (動能減弱),75.30000305175781,2026-09-30 00:00:00,71.46500053405762,0.11500015258789631,False,True,1.1059583904058383,False,0.0015707092319048996,168.82487060219592,0.001525886843373548,0.0015303362712940712,0.3101658724532941,-0.06241187125818337,0.18023529529873628,0.3101658724532941,True,True,False,False,False,True,0.7120311247982365,False,-0.03638364414822848,偏強 (RS上升),6770.TW,力積電,0,v1,phase6a,2026-07-12,0,0,2,0,0,0,v1,584,0.0746031746031746,584,0.0746031746031746,584,0.0746031746031746,^TWII,yfinance,2y,2026-09-30,scan_20261001_173958,False,False
False,0,1.0833333333333333,0.8333333333333333,False,True,強烈買入 (爆發),186.0,2026-09-30 00:00:00,185.025,0.05000000000001137,False,True,0.9211488550165617,False,0.003879839379734146,50.478046647304595,0.0039489113465443,0.004065642602001508,-0.18378156519618383,-1.028541879341438,-3.478814358318949,-0.18378156519618383,False,False,False,False,False,False,0.024306084013604106,False,-0.005347593582887722,中性,5903.TWO,全家,3,v1,phase6a,2026-07-12,0,3,5,3,3,3,v1,62,0.9031746031746032,62,0.9031746031746032,74,0.8841269841269841,^TWII,yfinance,2y,2026-09-30,scan_20261001_173958,False,False
True,0,-0.07499996821085611,-0.08333333333333333,True,False,觀察 (跌勢收斂),11.699999809265137,2026-09-30 00:00:00,11.642500019073486,0.0,False,True,0.9617877229299961,False,0.0002440544086175746,27.11897591142206,0.0002491612688734259,0.00026820922679373456,-0.21528504188856878,-1.88463318312736,-7.010179903768354,-0.21528504188856878,False,False,False,False,False,False,0.07042039888794144,False,-0.10000001467191255,中性,2514.TW,龍邦,1,v1,phase6a,2026-07-12,0,1,2,1,1,1,v1,290,0.5412698412698412,290,0.5412698412698412,293,0.5365079365079365,^TWII,yfinance,2y,2026-09-30,scan_20261001_173958,False,False
True,0,-0.3333333333333333,-0.3166666030883789,True,False,賣出 (動能轉弱),20.149999618530273,2026-09-30 00:00:00,20.364999961853027,-0.03750000000000142,True,False,0.7146585501801731,False,0.0004203159248473214,31.008361202478284,0.0004347780366001036,0.00045743312066622694,-0.34891732347730464,-1.9269081427338297,-6.642644916637752,-0.34891732347730464,False,False,False,False,False,False,0.0,False,-0.08409092643044214,中性,2646.TW,星宇航空,0,v1,phase6a,2026-07-12,0,0,0,0,0,0,v1,466,0.2619047619047619,466,0.2619047619047619,474,0.2492063492063492,^TWII,yfinance,2y,2026-09-30,scan_20261001_173958,False,False
True,0,-0.5666656494140625,-0.3499991099039713,True,False,賣出 (動能轉弱),52.900001525878906,2026-09-30 00:00:00,53.920000076293945,-0.05499992370605611,False,False,2.7968220306839577,True,0.0011034597263876419,59.574578625607266,0.0011453244832841868,0.0011813941703322647,-0.3832909929645356,-1.6560103196402998,-2.763234465958564,-0.3832909929645356,False,False,False,False,False,False,0.0,False,-0.02935777016735952,中性,3684.TWO,榮昌,0,v1,phase6a,2026-07-12,0,0,0,0,0,0,v1,504,0.2015873015873016,504,0.2015873015873016,510,0.19206349206349208,^TWII,yfinance,2y,2026-09-30,scan_20261001_173958,False,False
True,0,0.29999955495198566,0.1999994913736979,True,False,買入 (動能增強),20.799999237060547,2026-09-30 00:00:00,20.189999866485596,0.029999923706053977,False,True,2.76171055650236,True,0.0004338744953676758,41.22088558296006,0.00043283183540839833,0.00045680253835299274,0.025363549621859605,-0.9985908634682072,-4.7242582506726745,0.025363549621859605,True,False,False,False,False,False,0.16333832423766503,False,-0.0651685736152563,中性,3038.TW,全台,2,v1,phase6a,2026-07-12,0,2,4,2,2,2,v1,129,0.7968253968253968,129,0.7968253968253968,143,0.7746031746031746,^TWII,yfinance,2y,2026-09-30,scan_20261001_173958,False,False
True,0,-1.2083339691162107,-0.5750001271565754,True,False,賣出 (動能轉弱),43.70000076293945,2026-09-30 00:00:00,43.86505641937256,0.02971820831298544,False,False,1.2659079621252982,False,0.000911553676636907,43.340274194633,0.0009344986843229498,0.0009669321170301882,-0.2577893061961878,-1.8757254226253406,-4.908801518387984,-0.2577893061961878,False,False,False,False,False,False,0.03125602457421921,False,-0.1049434992162186,中性,1203.TW,味王,1,v1,phase6a,2026-07-12,0,1,2,1,1,1,v1,242,0.6174603174603175,242,0.6174603174603175,247,0.6095238095238096,^TWII,yfinance,2y,2026-09-30,scan_20261001_173958,True,False
True,0,0.13333129882812506,0.4333305358886719,True,False,觀望 (動能減弱),78.0999984741211,2026-09-30 00:00:00,78.46000022888184,0.004999923706051845,False,False,1.2887634469711053,False,0.001629115320629418,47.542158837380875,0.0016733235558906365,0.001721159704404468,-0.2773278953079661,-1.386353285488684,-3.499184258311838,-0.2773278953079661,False,False,False,False,False,False,0.0,False,-0.017610082086527146,中性,5609.TWO,中菲行,2,v1,phase6a,2026-07-12,0,2,3,2,2,2,v1,178,0.719047619047619,178,0.719047619047619,184,0.7095238095238096,^TWII,yfinance,2y,2026-09-30,scan_20261001_173958,False,True
True,0,1.3333326975504556,0.9833329518636067,True,False,買入 (動能增強),45.5,2026-09-30 00:00:00,43.73750038146973,0.012500000000002842,False,True,0.8365871067003801,False,0.0009491004934295894,104.75502144713947,0.0009417993732609294,0.0009749593342920988,0.08166990252738149,-0.36391856184846416,-4.956624637359308,0.08166990252738149,True,False,False,False,False,True,0.16629261246119675,False,-0.2565359569806871,中性,6174.TWO,安��,2,v1,phase6a,2026-07-12,0,2,4,2,2,2,v1,189,0.7015873015873015,189,0.7015873015873015,195,0.692063492063492,^TWII,yfinance,2y,2026-09-30,scan_20261001_173958,False,False
True,1,0.3416665395100911,0.3083337148030599,True,False,買入 (動能增強),35.79999923706055,2026-09-30 00:00:00,35.29500026702881,0.0625,False,True,0.849607904997801,False,0.0007467647679268812,39.92761249764028,0.0007503556694933447,0.00075576820571448,-0.0503493661136889,-0.5492197216444672,-0.26195552905672326,-0.0503493661136889,False,False,False,False,False,False,0.4064873594986425,False,-0.004172504108359898,中性,1102.TW,亞泥,2,v1,phase6a,2026-07-12,0,2,4,2,2,2,v1,80,0.8746031746031746,80,0.8746031746031746,99,0.8444444444444444,^TWII,yfinance,2y,2026-09-30,scan_20261001_173958,False,False
True,0,1.6250012715657551,1.1166674296061196,True,False,買入 (動能增強),41.400001525878906,2026-09-30 00:00:00,39.27999992370606,0.0625,False,True,1.1446447527725412,False,0.0008635771840922511,58.50514135584056,0.0008479882182103256,0.000891393422379091,0.1938853974739363,0.1601895823518884,-5.489085850938114,0.1938853974739363,True,False,False,False,False,True,0.16741870480434337,False,-0.22189287152060433,偏強 (RS上升),8182.TWO,加高,2,v1,phase6a,2026-07-12,1,3,4,3,2,3,v1,226,0.6428571428571429,226,0.6428571428571429,98,0.846031746031746,^TWII,yfinance,2y,2026-09-30,scan_20261001_173958,False,False
True,0,-0.550000508626302,-0.31666692097981763,True,False,賣出 (動能轉弱),79.5999984741211,2026-09-30 00:00:00,79.99999961853027,-0.04500007629394531,True,False,1.038277497764731,False,0.0016604043478853385,42.538923757141205,0.0017066549678355746,0.0017674899295971678,-0.28445337975109286,-1.6460020270398612,-4.868904199538704,-0.28445337975109286,False,False,False,False,False,False,0.01358058053813291,False,-0.05125152531053867,中性,1231.TW,聯華食,0,v1,phase6a,2026-07-12,0,0,0,0,0,0,v1,404,0.3603174603174603,404,0.3603174603174603,413,0.346031746031746,^TWII,yfinance,2y,2026-09-30,scan_20261001_173958,False,False
True,0,-1.7499999999999998,-2.25,True,False,觀察 (跌勢收斂),141.0,2026-09-30 00:00:00,141.3,0.0,False,False,0.9170694450158071,False,0.00294116856205653,23.978417780001937,0.0030094816121735736,0.0031759772360892093,-0.23837017366492574,-1.9506263921428846,-4.987238944437333,-0.23837017366492574,False,False,False,False,False,False,0.06230971152599296,False,-0.06165163591956424,中性,8478.TW,東哥遊艇,1,v1,phase6a,2026-07-12,0,1,1,1,1,1,v1,387,0.3873015873015873,387,0.3873015873015873,388,0.38571428571428573,^TWII,yfinance,2y,2026-09-30,scan_20261001_173958,False,False
True,0,0.1833333969116211,0.10833342870076498,True,False,買入 (動能增強),14.0,2026-09-30 00:00:00,13.705000019073486,0.0,False,True,1.5167025237052942,True,0.0002920309210552583,34.97699931215717,0.0002942630811893103,0.000312037538081036,-0.07978464655232775,-1.2414514778000707,-6.3206860565730105,-0.07978464655232775,False,False,False,False,False,False,0.087533822672301,False,-0.13580250983520747,中性,3607.TW,谷崧,2,v1,phase6a,2026-07-12,0,2,3,2,2,2,v1,147,0.7682539682539683,147,0.7682539682539683,157,0.7523809523809524,^TWII,yfinance,2y,2026-09-30,scan_20261001_173958,False,False
True,1,-0.10833342870076496,-0.10833342870076497,True,False,觀察 (跌勢收斂),15.050000190734863,2026-09-30 00:00:00,15.002500009536742,0.015000009536741743,False,True,0.35709326085662707,False,0.0003139332441130082,33.38014492771041,0.00031768460514589286,0.00032222891384446915,-0.1241451042995112,-1.1558178111762407,0.16377841733030696,-0.1241451042995112,False,False,False,False,False,False,0.38437235408532255,False,-0.013114741591156553,中性,5514.TWO,三豐,1,v1,phase6a,2026-07-12,0,1,3,1,1,1,v1,348,0.4492063492063492,348,0.4492063492063492,350,0.44603174603174606,^TWII,yfinance,2y,2026-09-30,scan_20261001_173958,False,False
False,0,0.21666653951009113,0.20833333333333334,False,True,強烈買入 (爆發),20.149999618530273,2026-09-30 00:00:00,19.895000171661376,0.02499999999999858,False,True,1.031470447100253,False,0.0004203159248473214,63.12360516577197,0.0004249904787454306,0.000436727924155747,-0.11564712114277009,-1.0304037064398752,-3.2442290481672353,-0.11564712114277009,False,False,False,False,False,False,0.07116955854294386,False,-0.01946470235429021,中性,5547.TWO,久舜,3,v1,phase6a,2026-07-12,0,3,5,3,3,3,v1,61,0.9047619047619048,61,0.9047619047619048,73,0.8857142857142857,^TWII,yfinance,2y,2026-09-30,scan_20261001_173958,False,False
True,1,-0.008333365122477213,0.016666730244954422,True,False,賣出 (動能轉弱),14.399999618530273,2026-09-30 00:00:00,14.419999980926514,0.002499961853027699,False,False,0.6191842110863864,False,0.000300374653699626,37.87595308217519,0.0003071686048570611,0.0003174190083132461,-0.23228011732887577,-1.4377847811153033,-3.385497797314363,-0.23228011732887577,False,False,False,False,False,False,0.02689965222931324,False,-0.010309317542147367,中性,1457.TW,宜進,0,v1,phase6a,2026-07-12,0,0,1,0,0,0,v1,411,0.3492063492063492,411,0.3492063492063492,420,0.3349206349206349,^TWII,yfinance,2y,2026-09-30,scan_20261001_173958,False,False
True,0,-2.3666661580403643,-3.4499994913736973,True,False,觀察 (跌勢收斂),92.4000015258789,2026-09-30 00:00:00,86.58500061035156,0.3200000762939368,False,True,1.8661285740560285,True,0.0019274041107935492,208.98465728867575,0.0018169123135832778,0.001887701365130548,0.6442604582099332,-0.4817939820773054,4.347478169981822,0.6442604582099332,True,True,False,False,False,True,0.989812004930625,False,0.0,偏強 (RS上升),4577.TWO,達航科技,1,v1,phase6a,2026-07-12,0,1,3,1,1,1,v1,334,0.4714285714285714,334,0.4714285714285714,336,0.46825396825396826,^TWII,yfinance,2y,2026-09-30,scan_20261001_173958,False,False
True,1,0.12499936421712243,0.3249994913736979,True,False,觀望 (動能減弱),34.95000076293945,2026-09-30 00:00:00,34.73250045776367,0.03250007629394247,False,True,0.480656254862091,False,0.0007290343509773706,38.026737043773636,0.0007407641658401762,0.0007658138536906438,-0.16640420652175303,-1.1225037538377558,-2.6134792892441583,-0.16640420652175303,False,False,False,False,False,False,0.09179207802891579,False,-0.05571906354515055,中性,3206.TWO,志豐,0,v1,phase6a,2026-07-12,0,0,2,0,0,0,v1,491,0.2222222222222222,491,0.2222222222222222,497,0.2126984126984127,^TWII,yfinance,2y,2026-09-30,scan_20261001_173958,False,False
True,0,-0.2666660944620768,-0.23333295186360675,True,False,賣出 (動能轉弱),31.200000762939453,2026-09-30 00:00:00,31.11750011444092,0.01750001907348775,False,True,0.7969012921865575,False,0.0006508117828375692,37.70828981210146,0.00066169447731388,0.0006847702210254327,-0.17282402168367073,-1.2574626228394448,-2.4611322574020322,-0.17282402168367073,False,False,False,False,False,False,0.06369087641354124,False,-0.014217973491770786,中性,5604.TWO,中連,0,v1,phase6a,2026-07-12,0,0,2,0,0,0,v1,547,0.13333333333333333,547,0.13333333333333333,548,0.13174603174603175,^TWII,yfinance,2y,2026-09-30,scan_20261001_173958,False,False
True,0,-0.07499949137369791,-0.15833282470703125,True,False,觀察 (跌勢收斂),35.099998474121094,2026-09-30 00:00:00,35.31499977111817,0.017499923706054688,False,False,0.5121857526996457,False,0.000732163205959696,49.66022821474042,0.0007454391385637462,0.0007311258793684045,-0.18711811663443267,-1.0631162813589445,1.5330126036082525,-0.18711811663443267,False,True,True,False,False,False,0.5325375376020961,False,-0.0370370990551796,中性,2596.TWO,綠意,1,v1,phase6a,2026-07-12,0,1,2,1,1,1,v1,295,0.5333333333333333,295,0.5333333333333333,298,0.5285714285714286,^TWII,yfinance,2y,2026-09-30,scan_20261001_173958,False,False
True,0,-0.5583324432373047,-0.266665776570638,True,False,賣出 (動能轉弱),38.5,2026-09-30 00:00:00,38.48000030517578,-0.06499996185303303,False,True,1.0875391772085523,False,0.0008030850329019603,31.210893337166652,0.000819856822072513,0.0008712003546364829,-0.2148738597334554,-1.6487723885072914,-4.047102643104738,-0.2148738597334554,False,False,False,False,False,False,0.07805127485600759,False,-0.060975609756097615,中性,2543.TW,皇昌,1,v1,phase6a,2026-07-12,0,1,2,1,1,1,v1,294,0.5349206349206349,294,0.5349206349206349,297,0.5301587301587302,^TWII,yfinance,2y,2026-09-30,scan_20261001_173958,True,False
True,0,-0.02499993642171224,0.016666571299235027,True,False,賣出 (動能轉弱),10.600000381469727,2026-09-30 00:00:00,10.555000066757202,-0.002499961853027699,True,True,0.7072247795099508,False,0.00022110913389904955,41.342960110011695,0.00022524325537218423,0.00023570875229916806,-0.19282777223876835,-1.37722825220582,-4.051563978329542,-0.19282777223876835,False,False,False,False,False,False,0.08756427768806162,False,-0.04072396393643951,中性,5521.TW,工信,0,v1,phase6a,2026-07-12,0,0,1,0,0,0,v1,541,0.14285714285714285,541,0.14285714285714285,542,0.14126984126984127,^TWII,yfinance,2y,2026-09-30,scan_20261001_173958,False,False
True,0,-0.7499996821085613,-0.9999996821085612,True,False,觀察 (跌勢收斂),26.700000762939453,2026-09-30 00:00:00,27.669999980926512,-0.16499996185302734,False,False,0.8244740542595537,False,0.0005569447010698076,34.81115852046799,0.0005808512584302687,0.0006056023115349936,-0.43137108166517724,-1.7175192761333724,-1.0967726415657686,-0.43137108166517724,False,False,False,False,False,False,0.1946681837760479,False,-0.10999997456868493,中性,5543.TWO,桓鼎-KY,1,v1,phase6a,2026-07-12,0,1,1,1,1,1,v1,351,0.4444444444444444,351,0.4444444444444444,353,0.44126984126984126,^TWII,yfinance,2y,2026-09-30,scan_20261001_173958,False,False
True,0,-0.46666653951009107,-0.6666673024495442,True,False,觀察 (跌勢收斂),60.0,2026-09-30 00:00:00,59.97000007629394,0.010000038146969814,False,True,1.7162369827370232,True,0.0012515610902368213,42.474262523906944,0.001277428363238662,0.001340849907945526,-0.212699153803797,-1.4590017493544605,-4.278283609820566,-0.212699153803797,False,False,False,False,False,False,0.03904842003730539,False,-0.050740353770715285,中性,6203.TWO,海韻電,1,v1,phase6a,2026-07-12,0,1,3,1,1,1,v1,356,0.4365079365079365,356,0.4365079365079365,358,0.43333333333333335,^TWII,yfinance,2y,2026-09-30,scan_20261001_173958,False,False
False,0,0.15833314259847003,-0.03333346048990887,False,True,強烈買入 (爆發),17.350000381469727,2026-09-30 00:00:00,16.67750005722046,0.022500038146972656,False,True,3.9446443329521075,True,0.00036190975655069193,33.655646967991636,0.0003575807091835832,0.00037953702881408984,0.12759934785702143,-0.5399080072412965,-5.10168913113006,0.12759934785702143,True,False,False,False,False,True,0.22007133780453772,False,-0.0963541827061104,中性,5438.TWO,東友,3,v1,phase6a,2026-07-12,0,3,5,3,3,3,v1,58,0.9095238095238095,58,0.9095238095238095,71,0.8888888888888888,^TWII,yfinance,2y,2026-09-30,scan_20261001_173958,False,False
True,0,-0.14166641235351562,-0.14999977747599283,True,False,觀察 (跌勢收斂),11.25,2026-09-30 00:00:00,11.379999923706055,-0.01249999999999929,False,False,0.55424453902082,False,0.000234667704419404,30.907656288367612,0.0002417325931634183,0.00024685247908264203,-0.3066990896354982,-1.4239413093441455,-3.681978532140484,-0.3066990896354982,False,False,False,False,False,False,0.0,False,-0.0384615227864179,中性,2537.TW,聯上發,1,v1,phase6a,2026-07-12,0,1,1,1,1,1,v1,293,0.5365079365079365,293,0.5365079365079365,296,0.5317460317460317,^TWII,yfinance,2y,2026-09-30,scan_20261001_173958,False,False
True,0,0.15833346048990882,0.23333326975504554,True,False,觀望 (動能減弱),27.0,2026-09-30 00:00:00,26.857499885559083,0.00500001907348846,False,True,1.3376235921652542,False,0.0005632024906065695,54.62815612452369,0.0005714686914203357,0.0005782224368516448,-0.1520299470094577,-1.0513187932536971,-1.749834111649251,-0.1520299470094577,False,False,False,False,False,False,0.08227189091704022,False,-0.010988983349614512,中性,2107.TW,厚生,0,v1,phase6a,2026-07-12,0,0,2,0,0,0,v1,434,0.3126984126984127,434,0.3126984126984127,443,0.2984126984126984,^TWII,yfinance,2y,2026-09-30,scan_20261001_173958,False,False
True,0,-0.12499968210856119,-0.2999995549519857,True,False,觀察 (跌勢收斂),22.350000381469727,2026-09-30 00:00:00,21.882500076293944,-0.009999942779543858,True,True,2.034806049327027,True,0.00046620651407042706,40.93547436061341,0.0004684700340958938,0.0005021250241027507,-0.0508344456804144,-1.6963590032829656,-7.076281669512352,-0.0508344456804144,False,False,False,False,False,False,0.17058917100143714,False,-0.13372088982991326,中性,4168.TWO,醣聯,1,v1,phase6a,2026-07-12,0,1,2,1,1,1,v1,324,0.4873015873015873,324,0.4873015873015873,326,0.48412698412698413,^TWII,yfinance,2y,2026-09-30,scan_20261001_173958,False,False
False,0,9.0,0.9166666666666665,False,True,強烈買入 (爆發),398.5,2026-09-30 00:00:00,377.95,0.5999999999999659,False,True,2.042623964652398,True,0.008312451574322888,198.76039742462245,0.00805042990072139,0.008283681104627239,0.34378348549297666,0.11006014263277297,-1.7471773294117643,0.34378348549297666,True,True,False,False,False,True,0.4655010482779838,False,-0.12896174863387977,偏強 (RS上升),3211.TWO,順達,3,v1,phase6a,2026-07-12,1,4,5,4,3,4,v1,40,0.9380952380952381,40,0.9380952380952381,34,0.9476190476190476,^TWII,yfinance,2y,2026-09-30,scan_20261001_173958,False,False
True,0,-0.6083342234293619,-0.7333335876464844,True,False,觀察 (跌勢收斂),48.849998474121094,2026-09-30 00:00:00,49.41750011444092,-0.08250007629394673,True,False,1.0689443877495064,False,0.0010189792891389675,48.13363626190991,0.0010512757234454346,0.0010838452890921037,-0.3223384968590648,-1.8956447005468835,-4.653791589356294,-0.3223384968590648,False,False,False,False,False,False,0.011044687585588334,False,-0.0458984815195429,中性,5530.TWO,龍巖,1,v1,phase6a,2026-07-12,0,1,1,1,1,1,v1,350,0.44603174603174606,350,0.44603174603174606,352,0.44285714285714284,^TWII,yfinance,2y,2026-09-30,scan_20261001_173958,False,False
False,0,3.9000002543131504,2.800000508626302,False,True,強烈買入 (爆發),96.0,2026-09-30 00:00:00,92.375,0.05999984741211506,False,True,0.6593468708715834,False,0.002002497744378914,75.76265048377697,0.0019784226864700775,0.0020161557653295592,0.12825706818249127,0.2912935061681221,-1.1893057384874894,0.12825706818249127,True,False,False,False,False,True,0.2620076921380993,False,-0.2769206846033886,偏強 (RS上升),5425.TWO,台半,3,v1,phase6a,2026-07-12,1,4,5,4,3,4,v1,57,0.9111111111111111,57,0.9111111111111111,40,0.9380952380952381,^TWII,yfinance,2y,2026-09-30,scan_20261001_173958,False,False
True,0,0.050000031789143876,0.03833341598510742,True,False,買入 (動能增強),8.140000343322754,2026-09-30 00:00:00,8.21400008201599,-0.011499977111816051,True,False,2.030598876075804,True,0.00016979512840361875,31.897972053843418,0.0001757071070486186,0.0001866195760027587,-0.3529266639089146,-1.6429432027246782,-5.9112389497331,-0.3529266639089146,False,False,False,False,False,False,0.0,False,-0.0760499482840088,中性,4414.TW,如興,3,v1,phase6a,2026-07-12,0,3,3,3,3,3,v1,51,0.9206349206349206,51,0.9206349206349206,66,0.8968253968253969,^TWII,yfinance,2y,2026-09-30,scan_20261001_173958,True,False
True,0,-0.1500000953674316,-0.1333333651224772,True,False,賣出 (動能轉弱),11.649999618530273,2026-09-30 00:00:00,11.750000047683717,-0.022500038146972656,True,False,0.2660371956072299,False,0.00024301143706377168,41.37884167682269,0.0002510888601067056,0.0002621242749536892,-0.33748433886415796,-1.7896323359332778,-6.627712807711939,-0.33748433886415796,False,False,False,False,False,False,0.007621587007363952,False,-0.08267718161451054,中性,1531.TW,高林股,0,v1,phase6a,2026-07-12,0,0,0,0,0,0,v1,415,0.34285714285714286,415,0.34285714285714286,424,0.32857142857142857,^TWII,yfinance,2y,2026-09-30,scan_20261001_173958,False,False
True,0,-0.6249999999999999,-0.7250000635782877,True,False,觀察 (跌勢收斂),24.899999618530273,2026-09-30 00:00:00,24.655000114440917,0.014999961853025212,False,True,0.7046876154964468,False,0.0005193978444910697,77.42499188546523,0.0005201888627393388,0.0005212291829917494,-0.016004139817049623,-1.366730304459618,-0.5175142916877817,-0.016004139817049623,False,False,False,False,False,False,0.2673609864531572,False,-0.18499369459358217,中性,1409.TW,新纖,2,v1,phase6a,2026-07-12,0,2,4,2,2,2,v1,89,0.8603174603174604,89,0.8603174603174604,106,0.8333333333333334,^TWII,yfinance,2y,2026-09-30,scan_20261001_173958,True,False
True,0,13.0,11.833333333333334,True,False,買入 (動能增強),555.0,2026-09-30 00:00:00,528.925,3.099999999999909,False,True,0.7977441423817969,False,0.011576940084690597,45.61726670098113,0.011175203899514376,0.011023808384419837,0.37984675306959037,0.9763202089551282,7.351351869937628,0.37984675306959037,True,True,True,False,False,True,0.8473054493439801,False,-0.019434628975265045,偏強 (RS上升),3680.TWO,家登,4,v1,phase6a,2026-07-12,2,6,6,6,4,6,v1,9,0.9873015873015873,9,0.9873015873015873,1,1.0,^TWII,yfinance,2y,2026-09-30,scan_20261001_173958,False,True
False,0,0.18333371480305988,0.2000007629394531,False,True,強烈買入 (爆發),39.849998474121094,2026-09-30 00:00:00,39.90999965667724,-0.007500076293950997,True,False,0.8601207179427633,False,0.0008312451256034443,48.597177873760266,0.0008524375660727628,0.000887557701371818,-0.2610115618737696,-1.3159732552459613,-4.52546765676467,-0.2610115618737696,False,False,False,False,False,False,0.003092700321253785,False,-0.04436456246932574,中性,2945.TW,三商家購,3,v1,phase6a,2026-07-12,0,3,3,3,3,3,v1,38,0.9412698412698413,38,0.9412698412698413,58,0.9095238095238095,^TWII,yfinance,2y,2026-09-30,scan_20261001_173958,False,False
True,1,0.03833341598510742,0.035000006357828774,True,False,買入 (動能增強),10.050000190734863,2026-09-30 00:00:00,9.975000047683716,0.00250000953674423,False,True,0.9627213573639958,False,0.00020963648659327313,38.78541804648492,0.0002130879585220438,0.0002207575121508922,-0.17020879393141453,-1.1846199253745526,-4.088127705573264,-0.17020879393141453,False,False,False,False,False,False,0.05642147984175332,False,-0.04618057746041493,中性,1474.TW,弘裕,2,v1,phase6a,2026-07-12,0,2,4,2,2,2,v1,94,0.8523809523809524,94,0.8523809523809524,111,0.8253968253968254,^TWII,yfinance,2y,2026-09-30,scan_20261001_173958,False,False
True,0,-0.3583329518636067,-0.2833328247070312,True,False,賣出 (動能轉弱),42.79999923706055,2026-09-30 00:00:00,42.59249992370606,0.04750003814697834,False,True,0.9120998970173019,False,0.0008927802284545103,41.01086607954824,0.000906082842919986,0.0009385461522928215,-0.15430316872258043,-1.5572836012917812,-2.6171915202377383,-0.15430316872258043,False,False,False,False,False,False,0.10364829361866489,False,-0.0446428579031205,中性,3168.TW,眾福科,0,v1,phase6a,2026-07-12,0,0,2,0,0,0,v1,489,0.2253968253968254,489,0.2253968253968254,495,0.21587301587301588,^TWII,yfinance,2y,2026-09-30,scan_20261001_173958,False,False
True,0,-0.0416666666666667,-0.125,True,False,觀察 (跌勢收斂),17.899999618530273,2026-09-30 00:00:00,17.567499828338622,-0.00500001907348846,True,True,2.054271907342555,True,0.0003733823839634406,34.54618663582101,0.00037518267248072323,0.0004015957784243882,-0.050484310318354986,-1.030185096609748,-5.107956770323707,-0.050484310318354986,False,False,False,False,False,False,0.10100504169539505,False,-0.10050251448938019,中性,6210.TWO,慶生,1,v1,phase6a,2026-07-12,0,1,2,1,1,1,v1,358,0.43333333333333335,358,0.43333333333333335,359,0.43174603174603177,^TWII,yfinance,2y,2026-09-30,scan_20261001_173958,False,False
True,0,-1.4333330790201821,-1.5499992370605467,True,False,觀察 (跌勢收斂),90.5999984741211,2026-09-30 00:00:00,90.81499977111817,-0.019575119018554688,True,False,0.71450539140916,False,0.0018898572144287556,61.96745733908899,0.0019332904573774402,0.002009878674694384,-0.23592595444485998,-1.533842919541395,-4.595852223513552,-0.23592595444485998,False,False,False,False,False,False,0.012323173219160946,False,-0.0387811952743331,中性,6534.TW,正瀚-創,1,v1,phase6a,2026-07-12,0,1,1,1,1,1,v1,367,0.41904761904761906,367,0.41904761904761906,368,0.4174603174603175,^TWII,yfinance,2y,2026-09-30,scan_20261001_173958,False,False
True,0,-0.09166653951009114,-0.11666647593180339,True,False,觀察 (跌勢收斂),31.299999237060547,2026-09-30 00:00:00,31.472499752044676,-0.00500001907348846,True,False,2.5634838224027887,True,0.0006528976861591195,50.57850631916372,0.0006704832126700989,0.0006960127920515039,-0.2753255332546889,-1.7154771542288616,-4.312651395507572,-0.2753255332546889,False,False,False,False,False,False,0.06984721810166432,False,-0.03987727907694616,中性,3118.TWO,進階,1,v1,phase6a,2026-07-12,0,1,1,1,1,1,v1,309,0.5111111111111111,309,0.5111111111111111,312,0.5063492063492063,^TWII,yfinance,2y,2026-09-30,scan_20261001_173958,False,False
True,0,0.16666666666666669,0.08333333333333331,True,False,買入 (動能增強),105.0,2026-09-30 00:00:00,105.05,-0.07500000000000284,False,False,0.664113565727831,False,0.002190231907914437,86.9030748402462,0.0022326560197516365,0.0021382750853773903,-0.1996179265282727,-0.6624032026960491,-0.8631236093100569,-0.1996179265282727,False,True,True,False,False,False,0.5489015463854586,False,-0.09871244635193133,中性,2546.TW,根基,2,v1,phase6a,2026-07-12,0,2,2,2,2,2,v1,117,0.8158730158730159,117,0.8158730158730159,131,0.7936507936507936,^TWII,yfinance,2y,2026-09-30,scan_20261001_173958,False,False
True,2,0.1499998569488525,0.14333319664001465,True,False,買入 (動能增強),8.300000190734863,2026-09-30 00:00:00,8.091000151634216,0.014499998092651012,False,True,0.5532627352519255,False,0.00017313262146136584,5.9003153797771315,0.0001740145899643853,0.00021170001212065436,-0.05332270452549359,-1.0735072142680213,-5.959461485306095,-0.05332270452549359,False,False,False,False,False,False,0.08544533736699406,False,-0.20952379135858445,中性,2424.TW,隴華,2,v1,phase6a,2026-07-12,0,2,4,2,2,2,v1,109,0.8285714285714286,109,0.8285714285714286,125,0.8031746031746032,^TWII,yfinance,2y,2026-09-30,scan_20261001_173958,False,False
True,0,-0.25,0.4999999999999998,True,False,賣出 (動能轉弱),68.5,2026-09-30 00:00:00,69.31999931335449,0.15499992370604332,False,False,0.7736853638873463,False,0.001428865578020371,117.32636156863246,0.0014629097082114481,0.0014326052892873796,-0.24436474749547354,-0.7916860419934779,3.5597854393700112,-0.24436474749547354,False,False,True,False,False,False,0.4560639659729328,False,-0.03248591740986806,中性,2885.TW,元大金,0,v1,phase6a,2026-07-12,0,0,1,0,0,0,v1,480,0.2396825396825397,480,0.2396825396825397,488,0.22698412698412698,^TWII,yfinance,2y,2026-09-30,scan_20261001_173958,False,False
True,0,-2.63333257039388,-2.4333318074544272,True,False,賣出 (動能轉弱),75.5999984741211,2026-09-30 00:00:00,76.625,-0.09999999999999432,True,False,1.7700228931305795,True,0.0015769669418695504,44.4519151371853,0.0016279156277657306,0.0017637470335094504,-0.3283591306831757,-2.0632433945964257,-5.981393242095834,-0.3283591306831757,False,False,False,False,False,False,0.04630877789406584,False,-0.240201020360592,中性,6284.TWO,佳邦,0,v1,phase6a,2026-07-12,0,0,0,0,0,0,v1,562,0.10952380952380952,562,0.10952380952380952,563,0.10793650793650794,^TWII,yfinance,2y,2026-09-30,scan_20261001_173958,False,False
True,0,-0.3666648864746093,-0.38333129882812494,True,False,觀察 (跌勢收斂),74.4000015258789,2026-09-30 00:00:00,74.72499961853028,-0.07500000000000284,True,False,1.0802835527457204,False,0.0015519357837225029,42.032521645008494,0.0015957794772508322,0.0016584892924045506,-0.2883742313452009,-1.6407306833553847,-5.5285271412300325,-0.2883742313452009,False,False,False,False,False,False,0.00803652601168572,False,-0.038759689158364474,中性,8341.TW,日友,1,v1,phase6a,2026-07-12,0,1,1,1,1,1,v1,383,0.39365079365079364,383,0.39365079365079364,384,0.39206349206349206,^TWII,yfinance,2y,2026-09-30,scan_20261001_173958,False,False
True,0,-0.12500000000000003,0.08333333333333331,True,False,賣出 (動能轉弱),21.5,2026-09-30 00:00:00,21.699999809265137,-0.04499998092651225,False,False,1.2146546441390178,False,0.00044847605733486093,37.053704680216846,0.0004645315768014671,0.0004976141008999327,-0.36250027166746523,-1.6840167700320707,-6.327498847284874,-0.36250027166746523,False,False,False,False,False,True,0.060029014902538945,False,-0.22382673617953808,中性,5345.TWO,馥鴻,0,v1,phase6a,2026-07-12,0,0,0,0,0,0,v1,539,0.14603174603174604,539,0.14603174603174604,540,0.14444444444444443,^TWII,yfinance,2y,2026-09-30,scan_20261001_173958,False,False
True,0,-0.9333343505859375,-0.7000007629394531,True,False,賣出 (動能轉弱),79.5,2026-09-30 00:00:00,81.17000007629395,-0.08499984741210653,False,False,0.4596161548512485,False,0.0016583184445637881,44.89770148076751,0.0017232041017516031,0.0017765009433655425,-0.39479388860834685,-1.8460856895891276,-2.6800421189309254,-0.39479388860834685,False,False,False,False,False,False,0.0,False,-0.06360425711220863,中性,6576.TWO,逸達,0,v1,phase6a,2026-07-12,0,0,0,0,0,0,v1,573,0.09206349206349207,573,0.09206349206349207,573,0.09206349206349207,^TWII,yfinance,2y,2026-09-30,scan_20261001_173958,False,False
True,0,0.17500019073486328,0.016666889190673828,True,False,買入 (動能增強),15.350000381469727,2026-09-30 00:00:00,14.737499952316284,0.01500000953674352,False,True,1.890016612751186,True,0.0003201910535427979,17.069530389175085,0.0003160998028571997,0.000332147749939002,0.13642700716116618,-0.7295332853272218,-5.244005415593056,0.13642700716116618,True,False,False,False,False,True,0.15738219686934438,False,-0.1472222010294596,中性,4128.TWO,中天,2,v1,phase6a,2026-07-12,0,2,4,2,2,2,v1,162,0.7444444444444445,162,0.7444444444444445,170,0.7317460317460317,^TWII,yfinance,2y,2026-09-30,scan_20261001_173958,False,False
True,0,-6.083333333333333,-5.666666666666666,True,False,賣出 (動能轉弱),169.0,2026-09-30 00:00:00,172.625,-0.0398406982421875,False,False,0.5792407545537308,False,0.0035252304041670465,77.88659804403434,0.003591617582359222,0.0036085310060761126,-0.19418976654876907,-1.291658735502621,6.7241415641124735,-0.19418976654876907,False,False,False,False,False,False,0.656592636040221,False,-0.08648648648648649,中性,4977.TW,眾達-KY,0,v1,phase6a,2026-07-12,0,0,0,0,0,0,v1,535,0.1523809523809524,535,0.1523809523809524,536,0.15079365079365079,^TWII,yfinance,2y,2026-09-30,scan_20261001_173958,False,False
True,0,-0.7833340962727864,-0.6666666666666666,True,False,賣出 (動能轉弱),76.5,2026-09-30 00:00:00,76.90500068664551,-0.04999999999999716,True,False,0.5625248732545464,False,0.0015957403900519471,49.13352389399766,0.0016383948738912615,0.0016871955014916011,-0.2732964364782875,-1.6073076597720393,-4.373785610149062,-0.2732964364782875,False,False,False,False,False,False,0.018876369948983247,False,-0.024234712868618224,中性,1726.TW,永記,0,v1,phase6a,2026-07-12,0,0,0,0,0,0,v1,424,0.32857142857142857,424,0.32857142857142857,433,0.3142857142857143,^TWII,yfinance,2y,2026-09-30,scan_20261001_173958,False,False
True,1,0.20833396911621094,0.20833333333333334,True,False,買入 (動能增強),50.5,2026-09-30 00:00:00,50.41749992370605,0.02499999999999858,False,True,2.2705988499817757,True,0.0010533972509493247,33.863030583543704,0.001071334468517644,0.0010735619865039417,-0.17593071287562712,-1.4957304512586589,-1.5185761800882158,-0.17593071287562712,False,False,False,False,False,False,0.3824538016530987,False,-0.026974980437733165,中性,4995.TWO,晶達,4,v1,phase6a,2026-07-12,0,4,6,4,4,4,v1,10,0.9857142857142858,10,0.9857142857142858,21,0.9682539682539683,^TWII,yfinance,2y,2026-09-30,scan_20261001_173958,False,True
True,0,0.6666666666666666,0.5833333333333334,True,False,買入 (動能增強),38.75,2026-09-30 00:00:00,37.702499580383304,0.057500076293948155,False,True,1.72575595410265,True,0.0008082998707779471,37.6546384012904,0.0008058442000209727,0.000822314355170532,0.03208741862543718,-0.5898277370581906,-2.1862681337806444,0.03208741862543718,True,False,False,False,False,False,0.16943558060537586,False,-0.07628130404627975,中性,1609.TW,大亞,4,v1,phase6a,2026-07-12,0,4,6,4,4,4,v1,3,0.9968253968253968,3,0.9968253968253968,15,0.9777777777777777,^TWII,yfinance,2y,2026-09-30,scan_20261001_173958,False,True
True,0,0.025000254313151005,-0.008332888285319084,True,False,買入 (動能增強),31.0,2026-09-30 00:00:00,31.467500114440917,0.05749998092651154,False,False,1.29960061839732,False,0.0006466398966223577,20.67413821114501,0.0006676629075198481,0.0006990080212109098,-0.33035203397575597,-0.5990031479463864,-1.0881554808487737,-0.33035203397575597,False,False,False,False,False,False,0.01630154799699073,False,-0.11554919615456738,中性,2941.TWO,米斯特,2,v1,phase6a,2026-07-12,0,2,3,2,2,2,v1,127,0.8,127,0.8,141,0.7777777777777778,^TWII,yfinance,2y,2026-09-30,scan_20261001_173958,False,False
True,1,-0.13333320617675778,-0.09166653951009114,True,False,賣出 (動能轉弱),13.5,2026-09-30 00:00:00,13.164999961853027,0.017500019073485973,False,True,1.0624820117760665,False,0.00028160124530328477,43.93840916526316,0.00028120305771694635,0.00028814263804830226,0.014907637054806244,-1.320773024802424,-4.266614577932626,0.014907637054806244,True,False,False,False,False,False,0.17376485181673634,False,-0.09698995503441488,中性,1468.TW,昶和,1,v1,phase6a,2026-07-12,0,1,3,1,1,1,v1,262,0.5857142857142857,262,0.5857142857142857,265,0.580952380952381,^TWII,yfinance,2y,2026-09-30,scan_20261001_173958,True,False
True,1,0.5416673024495442,0.49999999999999994,True,False,買入 (動能增強),45.54999923706055,2026-09-30 00:00:00,44.7,0.05749988555908203,False,True,0.8488964346349746,False,0.0009501434450903646,34.87415430534505,0.0009507814773434412,0.0009527845772957808,-0.007063299779663801,-0.3891766023271126,0.2206740248295036,-0.007063299779663801,False,False,False,False,False,False,0.36879530862695986,False,-0.0021906305690191363,中性,6666.TW,羅麗芬-KY,2,v1,phase6a,2026-07-12,0,2,4,2,2,2,v1,211,0.6666666666666666,211,0.6666666666666666,213,0.6634920634920635,^TWII,yfinance,2y,2026-09-30,scan_20261001_173958,False,False
True,2,-0.09166653951009113,-0.09999990463256836,True,False,觀察 (跌勢收斂),15.300000190734863,2026-09-30 00:00:00,15.357500076293945,-0.03249998092651296,False,False,1.058528986313564,False,0.00031914808198899497,34.772995076642445,0.0003292525378097626,0.0003563367230327212,-0.3220026877415072,-1.810858686941319,-7.592830170996024,-0.3220026877415072,False,False,False,False,False,False,0.015877609212456616,False,-0.135593246822325,中性,3252.TWO,海灣,1,v1,phase6a,2026-07-12,0,1,1,1,1,1,v1,312,0.5063492063492063,312,0.5063492063492063,315,0.5015873015873016,^TWII,yfinance,2y,2026-09-30,scan_20261001_173958,False,False
True,0,-1.3250001271565752,-1.3166669209798176,True,False,賣出 (動能轉弱),35.0,2026-09-30 00:00:00,36.22500038146973,-0.1524999618530245,False,False,0.5826699974637891,False,0.0007300773026381458,87.18248529341027,0.000766789487319685,0.0007820804771268541,-0.5014495292021581,-2.627095704307847,-5.768743653247121,-0.5014495292021581,False,False,False,False,False,False,0.27291320218797055,False,-0.14634146341463417,中性,3685.TWO,元創精密,1,v1,phase6a,2026-07-12,0,1,1,1,1,1,v1,318,0.49682539682539684,318,0.49682539682539684,321,0.49206349206349204,^TWII,yfinance,2y,2026-09-30,scan_20261001_173958,True,False
True,0,-0.3083330790201823,-0.23333231608072919,True,False,賣出 (動能轉弱),38.79999923706055,2026-09-30 00:00:00,38.875000190734866,0.0,False,False,0.837336850148104,False,0.0008093428224387222,32.37520305430529,0.0008268745271329481,0.000851021776138871,-0.22268590920865305,-1.416414417490286,-2.945481101173253,-0.22268590920865305,False,False,False,False,False,False,0.04464577316154023,False,-0.015228483898008571,中性,2748.TW,雲品,0,v1,phase6a,2026-07-12,0,0,0,0,0,0,v1,472,0.2523809523809524,472,0.2523809523809524,480,0.2396825396825397,^TWII,yfinance,2y,2026-09-30,scan_20261001_173958,False,False
True,0,-1.5333340962727864,-2.650000254313151,True,False,觀察 (跌勢收斂),79.0999984741211,2026-09-30 00:00:00,76.97999954223633,0.25,False,True,0.9335622292006202,False,0.0016499746721333648,27.060106433646265,0.0016280735374718692,0.0017077607395441015,0.14180266657535245,-0.16745867121509272,0.06852601898901245,0.14180266657535245,True,False,False,False,False,False,0.27443862629312155,False,-0.09024344015520924,中性,3483.TWO,力致,1,v1,phase6a,2026-07-12,0,1,3,1,1,1,v1,314,0.5031746031746032,314,0.5031746031746032,317,0.4984126984126984,^TWII,yfinance,2y,2026-09-30,scan_20261001_173958,False,False
True,0,9.5,9.5,True,False,觀望 (動能減弱),289.5,2026-09-30 00:00:00,280.375,0.625,False,True,1.1939609312522812,False,0.006038782260392663,109.16163670051061,0.005995997698633712,0.0061367714864942954,0.07516719593432253,-0.05224570248059113,-1.317333320980818,0.07516719593432253,True,False,False,False,False,True,0.4159552186256533,False,-0.08747659372830241,中性,6239.TW,力成,0,v1,phase6a,2026-07-12,0,0,2,0,0,0,v1,560,0.1126984126984127,560,0.1126984126984127,561,0.1111111111111111,^TWII,yfinance,2y,2026-09-30,scan_20261001_173958,False,False
True,0,-0.24999872843424475,-0.21666463216145831,True,False,賣出 (動能轉弱),81.5,2026-09-30 00:00:00,81.69500007629395,-0.07499999999998863,False,False,0.854450609192427,False,0.0017000371475716823,49.272861284121454,0.0017431138732440074,0.0018143980873429708,-0.2594567949257387,-1.5327266538998185,-4.780908058096367,-0.2594567949257387,False,False,False,False,False,False,0.021086466535596152,False,-0.035502958579881616,中性,9911.TW,櫻花,0,v1,phase6a,2026-07-12,0,0,0,0,0,0,v1,621,0.015873015873015872,621,0.015873015873015872,621,0.015873015873015872,^TWII,yfinance,2y,2026-09-30,scan_20261001_173958,False,False
True,0,-0.10833358764648438,-0.2000004450480143,True,False,觀察 (跌勢收斂),20.450000762939453,2026-09-30 00:00:00,20.325000286102295,0.010000038146973367,False,True,1.0753817359467501,False,0.0004265737541701388,47.05191304780501,0.0004338610824174458,0.0004502241226731874,-0.1764927442762354,-1.3337633184155928,-5.023325629040398,-0.1764927442762354,False,False,False,False,False,False,0.037787504195574875,False,-0.09513272487787694,中性,2610.TW,華航,1,v1,phase6a,2026-07-12,0,1,3,1,1,1,v1,296,0.5317460317460317,296,0.5317460317460317,299,0.526984126984127,^TWII,yfinance,2y,2026-09-30,scan_20261001_173958,False,False
True,0,-5.0,-5.25,True,False,觀察 (跌勢收斂),118.0,2026-09-30 00:00:00,120.55,-0.45000000000000284,True,False,0.4640229138611898,False,0.0024614034774657484,85.19331546696749,0.0025706951526235865,0.002829235484250593,-0.44552664047899926,-2.7072180602261575,-9.524444202723071,-0.44552664047899926,False,False,False,False,False,False,0.007998667933638659,False,-0.39513802933013276,中性,2375.TW,凱美,1,v1,phase6a,2026-07-12,0,1,1,1,1,1,v1,286,0.5476190476190477,286,0.5476190476190477,289,0.5428571428571428,^TWII,yfinance,2y,2026-09-30,scan_20261001_173958,False,False
True,0,0.2833334604899088,0.2416667938232422,True,False,買入 (動能增強),29.700000762939453,2026-09-30 00:00:00,29.25,0.02499999999999858,False,True,0.5897933578544391,False,0.0006195227555816487,22.448117466770782,0.0006265945510114299,0.0006697974159254955,-0.11865985976082793,-0.970859994682427,-4.742147306481459,-0.11865985976082793,False,False,False,False,False,False,0.08101776910217873,False,-0.13123406703544815,中性,3465.TWO,進泰電子,2,v1,phase6a,2026-07-12,0,2,4,2,2,2,v1,140,0.7793650793650794,140,0.7793650793650794,151,0.7619047619047619,^TWII,yfinance,2y,2026-09-30,scan_20261001_173958,False,False
True,0,0.05000050862630207,0.05000050862630207,True,False,觀望 (動能減弱),29.850000381469727,2026-09-30 00:00:00,29.937500095367433,-0.01249999999999929,True,False,0.7574247558301774,False,0.0006226516503500297,17.7216845774635,0.000640074896734058,0.000670477186607826,-0.2857143545434204,-1.629044408116187,-5.6242435818553815,-0.2857143545434204,False,False,False,False,False,False,0.00040319519976580727,False,-0.05388269086212527,中性,7705.TW,三商餐飲,0,v1,phase6a,2026-07-12,0,0,0,0,0,0,v1,596,0.05555555555555555,596,0.05555555555555555,596,0.05555555555555555,^TWII,yfinance,2y,2026-09-30,scan_20261001_173958,False,False
True,1,0.650000254313151,0.43333307902018225,True,False,買入 (動能增強),63.099998474121094,2026-09-30 00:00:00,63.065152931213376,0.038468360900878906,False,True,0.7838780408134524,False,0.0013162250480702126,31.01240567464873,0.0013446535274899481,0.001384382203582007,-0.22205174950024054,-0.7204356408089918,-2.4526608768707936,-0.22205174950024054,False,False,False,False,False,False,0.012150222948796655,False,-0.02923079270582929,中性,2732.TWO,六角,2,v1,phase6a,2026-07-12,0,2,4,2,2,2,v1,123,0.8063492063492064,123,0.8063492063492064,137,0.7841269841269841,^TWII,yfinance,2y,2026-09-30,scan_20261001_173958,False,False
True,1,0.7833331425984701,0.9916664759318032,True,False,觀望 (動能減弱),30.649999618530273,2026-09-30 00:00:00,31.262500190734862,0.0024999618530259227,False,False,2.0424510275946792,True,0.0006393391156387651,46.55301639347642,0.0006722499935301826,0.0007147178563968228,-0.5126875299304001,-1.2307132434151047,-5.681794288969055,-0.5126875299304001,False,False,False,False,False,False,0.0,False,-0.13172803736631133,中性,4131.TWO,浩泰,0,v1,phase6a,2026-07-12,0,0,1,0,0,0,v1,513,0.1873015873015873,513,0.1873015873015873,518,0.17936507936507937,^TWII,yfinance,2y,2026-09-30,scan_20261001_173958,False,False
True,0,0.14166688919067383,0.07500012715657552,True,False,買入 (動能增強),12.949999809265137,2026-09-30 00:00:00,12.817500066757201,-0.03499999046325719,True,True,0.4021278306926939,False,0.00027012859799750835,41.285221744972205,0.00027652327332290357,0.0002955786042179724,-0.2428327805293229,-1.9212113462818592,-9.452670159592557,-0.2428327805293229,False,False,False,False,False,True,0.04941341247748304,False,-0.2314540346535242,中性,8421.TWO,旭源,2,v1,phase6a,2026-07-12,0,2,3,2,2,2,v1,230,0.6365079365079365,230,0.6365079365079365,230,0.6365079365079365,^TWII,yfinance,2y,2026-09-30,scan_20261001_173958,False,False
True,0,-0.16666666666666666,0.033333460489908845,True,False,賣出 (動能轉弱),52.0,2026-09-30 00:00:00,52.04999961853027,0.029999923706050424,False,False,1.1235165969370204,False,0.0010846862782052452,52.08689387631313,0.0011114284587646528,0.001154353310036849,-0.25263477541477286,-1.5384241522225728,-4.63887210836006,-0.25263477541477286,False,False,False,False,False,False,0.014323062700991932,False,-0.0632282167468402,中性,1210.TW,大成,0,v1,phase6a,2026-07-12,0,0,1,0,0,0,v1,399,0.3682539682539683,399,0.3682539682539683,408,0.353968253968254,^TWII,yfinance,2y,2026-09-30,scan_20261001_173958,False,False
True,0,0.19166660308837888,0.04166666666666666,True,False,買入 (動能增強),22.600000381469727,2026-09-30 00:00:00,21.919999885559083,0.015000057220458274,False,True,1.4284803825690229,False,0.00047142135194641377,35.809637864288135,0.00046923253513457986,0.0005051719185161558,0.04912595343942172,-0.993779400479089,-4.970970748839343,0.04912595343942172,True,False,False,False,False,True,0.12457473590832421,False,-0.15560678125151883,中性,3390.TWO,旭軟,2,v1,phase6a,2026-07-12,0,2,4,2,2,2,v1,138,0.7825396825396825,138,0.7825396825396825,149,0.765079365079365,^TWII,yfinance,2y,2026-09-30,scan_20261001_173958,False,False
True,0,-0.0666666030883789,-0.16666666666666666,True,False,觀察 (跌勢收斂),18.149999618530273,2026-09-30 00:00:00,17.95,0.0,False,True,1.1105229165582495,False,0.0003785972218394273,44.10803449288812,0.00038183258765244274,0.0003890681066194226,-0.08911270198267429,-1.0233833312308205,-3.0499840669998557,-0.08911270198267429,False,False,False,False,False,False,0.08815740795058578,False,-0.06923078879331934,中性,1434.TW,福懋,2,v1,phase6a,2026-07-12,0,2,3,2,2,2,v1,90,0.8587301587301587,90,0.8587301587301587,107,0.8317460317460318,^TWII,yfinance,2y,2026-09-30,scan_20261001_173958,True,False
True,0,0.9000027974446614,-0.8333307902018229,True,False,買入 (動能增強),104.0,2026-09-30 00:00:00,98.99000091552735,0.30999984741211506,False,True,1.4332397032743915,False,0.0021693725564104903,219.86208144361277,0.0020508196650089326,0.0018379040990635386,0.6122260857490236,0.987369216772116,16.516093661341145,0.6122260857490236,True,True,True,False,False,True,0.8928433582681602,False,-0.032558139534883734,偏強 (RS上升),2426.TW,鼎元,2,v1,phase6a,2026-07-12,2,4,4,4,2,4,v1,111,0.8253968253968254,111,0.8253968253968254,45,0.9301587301587302,^TWII,yfinance,2y,2026-09-30,scan_20261001_173958,False,False
True,0,4.216667175292969,2.75,True,False,買入 (動能增強),104.5,2026-09-30 00:00:00,97.41999969482421,0.8200000762939368,False,True,1.203148204574091,False,0.0021798022321624635,72.48298732677274,0.002051830150048385,0.0019920464525569745,0.6608621352809152,1.7029537000433637,12.171825528013546,0.6608621352809152,True,True,True,False,False,True,0.9876253004412224,False,0.0,偏強 (RS上升),6530.TWO,創威,2,v1,phase6a,2026-07-12,2,4,4,4,2,4,v1,202,0.680952380952381,202,0.680952380952381,48,0.9253968253968254,^TWII,yfinance,2y,2026-09-30,scan_20261001_173958,False,False
True,0,-0.9999999999999999,-1.7166671752929688,True,False,觀察 (跌勢收斂),68.0999984741211,2026-09-30 00:00:00,65.07499923706055,0.09500007629395668,False,True,1.7893944078469222,True,0.0014205218055899477,61.441287015292254,0.0013671436433368735,0.0013320255950600263,0.41268095537998484,-0.40787712845763435,3.8766166831705196,0.41268095537998484,True,True,True,False,False,True,0.792780104429896,False,0.0,偏強 (RS上升),1301.TW,台塑,1,v1,phase6a,2026-07-12,1,2,3,2,1,2,v1,247,0.6095238095238096,247,0.6095238095238096,241,0.6190476190476191,^TWII,yfinance,2y,2026-09-30,scan_20261001_173958,False,False
True,0,0.40833346048990893,0.3833335240681966,True,False,買入 (動能增強),29.649999618530273,2026-09-30 00:00:00,28.95249996185303,0.06499996185302948,False,True,1.2554605074476493,False,0.000618479764134818,34.74329297319444,0.000618393133460962,0.0006341740638783169,0.001474652980615332,-0.8735509424349641,-2.329621970711593,0.001474652980615332,True,False,False,False,False,False,0.12491501738489552,False,-0.11005796679632773,中性,2352.TW,佳世達,3,v1,phase6a,2026-07-12,0,3,5,3,3,3,v1,34,0.9476190476190476,34,0.9476190476190476,57,0.9111111111111111,^TWII,yfinance,2y,2026-09-30,scan_20261001_173958,True,False
True,1,-0.050000031789143876,-0.1416667302449544,True,False,觀察 (跌勢收斂),12.649999618530273,2026-09-30 00:00:00,12.397500038146973,0.0,False,True,1.2645979091435975,False,0.0002638707885677187,37.46492359513848,0.0002633042888319714,0.0002744009823095861,0.02265252094657555,-1.0520208542252552,-1.8380157401704844,0.02265252094657555,True,False,False,False,False,False,0.17275871755255365,False,-0.09903169833230518,中性,1304.TW,台聚,2,v1,phase6a,2026-07-12,0,2,3,2,2,2,v1,83,0.8698412698412699,83,0.8698412698412699,101,0.8412698412698413,^TWII,yfinance,2y,2026-09-30,scan_20261001_173958,True,False
True,1,-0.4333337148030598,-0.5666669209798176,True,False,觀察 (跌勢收斂),59.599998474121094,2026-09-30 00:00:00,59.204999923706055,-0.020000076293946734,True,True,0.8355231001249107,False,0.001243217317806398,44.100988768412186,0.0012585638882025062,0.0012979897447641252,-0.12819036476674484,-1.2997597248531445,-2.5640388380295254,-0.12819036476674484,False,False,False,False,False,False,0.29637671884854316,False,-0.04180067937181631,中性,6792.TW,詠業,1,v1,phase6a,2026-07-12,0,1,2,1,1,1,v1,373,0.4095238095238095,373,0.4095238095238095,374,0.40793650793650793,^TWII,yfinance,2y,2026-09-30,scan_20261001_173958,False,False
True,1,8.333333333333332,4.5,True,False,買入 (動能增強),555.0,2026-09-30 00:00:00,536.75,2.0,False,True,1.8063268241594006,True,0.011576940084690597,98.14488583546435,0.011441094384687853,0.011398881945010925,0.12514049278287143,-0.5517592414251982,-1.241366241053543,0.12514049278287143,True,True,True,False,False,False,0.3100384659978034,False,-0.06879194630872487,中性,5434.TW,崇越,2,v1,phase6a,2026-07-12,1,3,4,3,2,3,v1,174,0.7253968253968254,174,0.7253968253968254,94,0.8523809523809524,^TWII,yfinance,2y,2026-09-30,scan_20261001_173958,False,False
True,1,-0.41666730244954436,-0.3500010172526042,True,False,賣出 (動能轉弱),44.150001525878906,2026-09-30 00:00:00,43.722500038146975,-0.037499999999994316,True,True,0.47373022283162036,False,0.0009209404007281054,100.86939357138779,0.0009334675558138302,0.0009941862009015777,-0.14106411696239718,-1.2742211864339992,-5.124207922030044,-0.14106411696239718,False,False,False,False,False,False,0.09007117470958863,False,-0.31082349914788254,中性,3236.TWO,千如,0,v1,phase6a,2026-07-12,0,0,1,0,0,0,v1,493,0.21904761904761905,493,0.21904761904761905,499,0.20952380952380953,^TWII,yfinance,2y,2026-09-30,scan_20261001_173958,False,False
True,0,-1.0833346048990884,-1.5,True,False,觀察 (跌勢收斂),67.19999694824219,2026-09-30 00:00:00,67.25499992370605,-0.07500000000000284,True,False,0.7036516642324762,False,0.001401748357407551,76.65842038781273,0.0014300434204452478,0.0015070724681455054,-0.20784244790533757,-1.8732189269550115,-5.01281276136355,-0.20784244790533757,False,False,False,False,False,False,0.11985904942549952,False,-0.0835965848929967,中性,2374.TW,佳能,1,v1,phase6a,2026-07-12,0,1,1,1,1,1,v1,285,0.5492063492063493,285,0.5492063492063493,288,0.5444444444444444,^TWII,yfinance,2y,2026-09-30,scan_20261001_173958,False,False
True,1,2.333333333333333,2.25,True,False,買入 (動能增強),366.5,2026-09-30 00:00:00,372.0,-0.375,False,False,0.9839315615905995,False,0.007644952326196584,36.36498637555764,0.00793269036502506,0.008127022846674497,-0.3803628794251668,-1.382412881855366,-3.6156650931020384,-0.3803628794251668,False,False,False,False,False,False,0.008742770136950592,False,-0.07914572864321612,中性,8464.TW,億豐,2,v1,phase6a,2026-07-12,0,2,2,2,2,2,v1,235,0.6285714285714286,235,0.6285714285714286,235,0.6285714285714286,^TWII,yfinance,2y,2026-09-30,scan_20261001_173958,False,False
True,0,7.75,5.916666666666666,True,False,買入 (動能增強),255.5,2026-09-30 00:00:00,234.575,0.6499999999999773,False,True,1.6081152629861892,True,0.005329564309258464,266.35904992891784,0.0049355002292602815,0.004423918559841869,0.847573797623391,1.3498228622132569,12.360143804777035,0.847573797623391,True,True,True,True,True,True,1.0,False,0.0,強勢 (RS強勁),1303.TW,南亞,2,v1,phase6a,2026-07-12,3,5,4,5,2,5,v1,82,0.8714285714285714,82,0.8714285714285714,13,0.9809523809523809,^TWII,yfinance,2y,2026-09-30,scan_20261001_173958,False,False
True,0,2.916666666666666,2.6666666666666665,True,False,買入 (動能增強),119.5,2026-09-30 00:00:00,117.225,0.125,False,True,0.6381723312456381,False,0.002492692504721669,48.46127512012179,0.002525626506048932,0.0026643839762733354,-0.1370743048469958,-1.42621677217315,-6.707431292466525,-0.1370743048469958,False,False,False,False,False,True,0.09462259850427145,False,-0.09469696969696972,中性,7786.TW,東方風能,2,v1,phase6a,2026-07-12,0,2,4,2,2,2,v1,220,0.6523809523809524,220,0.6523809523809524,222,0.6492063492063492,^TWII,yfinance,2y,2026-09-30,scan_20261001_173958,False,False
True,1,0.48333358764648443,0.4500007629394532,True,False,買入 (動能增強),42.599998474121094,2026-09-30 00:00:00,41.95500030517578,0.042499923706053266,False,True,1.8475567711306058,True,0.0008886083422392987,35.30246536905055,0.0008939880156473386,0.0009034135932047302,-0.06330319056478961,-0.991582196762486,-1.7198510167989567,-0.06330319056478961,False,False,False,False,False,False,0.331034214888776,False,-0.02405505189124202,中性,6771.TW,平和環保-創,2,v1,phase6a,2026-07-12,0,2,4,2,2,2,v1,216,0.6587301587301587,216,0.6587301587301587,218,0.6555555555555556,^TWII,yfinance,2y,2026-09-30,scan_20261001_173958,False,False
True,2,-0.19166755676269528,-0.18333435058593747,True,False,賣出 (動能轉弱),41.45000076293945,2026-09-30 00:00:00,41.607500076293945,-0.02499999999999858,False,False,0.4316330946042626,False,0.0008646201357530263,26.991188714279158,0.0008866224630038493,0.0009194370490364852,-0.26053933473411117,-1.4284225084993607,-3.932442442543016,-0.26053933473411117,False,False,False,False,False,False,0.011659158137408103,False,-0.048193723030844904,中性,6968.TWO,萬達寵物,0,v1,phase6a,2026-07-12,0,0,0,0,0,0,v1,593,0.06031746031746032,593,0.06031746031746032,593,0.06031746031746032,^TWII,yfinance,2y,2026-09-30,scan_20261001_173958,False,False
True,0,-3.666666666666667,-2.166666666666667,True,False,賣出 (動能轉弱),756.0,2026-09-30 00:00:00,728.5501892089844,1.1774108886719432,False,True,1.4054117168954547,False,0.01576966973698395,166.5770554342397,0.01564529929947078,0.016391417235076214,0.0837477679033638,-0.8238412354471092,-6.746478394815602,0.0837477679033638,True,False,False,False,False,True,0.199414555515428,False,-0.12930372860586714,中性,6139.TW,亞翔,0,v1,phase6a,2026-07-12,0,0,2,0,0,0,v1,551,0.12698412698412698,551,0.12698412698412698,552,0.1253968253968254,^TWII,yfinance,2y,2026-09-30,scan_20261001_173958,False,False
True,1,-0.07000001271565755,-0.09499994913736978,True,False,觀察 (跌勢收斂),8.0,2026-09-30 00:00:00,8.091500043869019,-0.011000013351440074,False,False,0.6438333077693638,False,0.00016687481203157616,12.496295232541884,0.00017336148472830946,0.00018960102205721807,-0.3923183248058293,-2.0455885380657346,-8.087818761087584,-0.3923183248058293,False,False,False,False,False,False,0.0,False,-0.12184409423810061,中性,2726.TWO,雅茗-KY,1,v1,phase6a,2026-07-12,0,1,1,1,1,1,v1,301,0.5238095238095238,301,0.5238095238095238,304,0.5190476190476191,^TWII,yfinance,2y,2026-09-30,scan_20261001_173958,False,False
False,0,3.0000006357828775,1.75,False,True,強烈買入 (爆發),66.80000305175781,2026-09-30 00:00:00,61.46000022888184,0.21500015258789062,False,True,2.191914900697144,True,0.0013934047441213498,94.58238347928521,0.0013209920322652866,0.0013497789203044265,0.5803690355391744,1.0994127214680516,-1.407065917020267,0.5803690355391744,True,True,False,False,False,True,0.44259243338894355,False,-0.16080396567500832,偏強 (RS上升),8162.TW,微矽電子-創,3,v1,phase6a,2026-07-12,1,4,5,4,3,4,v1,76,0.8809523809523809,76,0.8809523809523809,44,0.9317460317460318,^TWII,yfinance,2y,2026-09-30,scan_20261001_173958,False,False
True,0,0.14166704813639325,0.08333365122477213,True,False,買入 (動能增強),31.200000762939453,2026-09-30 00:00:00,30.957500076293947,0.010000038146973367,False,True,0.40196460199223705,False,0.0006508117828375692,30.038891723939233,0.0006614497764403098,0.0007038012942820775,-0.1690069781400072,-0.9010604910740461,-4.094026260463057,-0.1690069781400072,False,False,False,False,False,False,0.022488221128699793,False,-0.11864408423454653,中性,6835.TW,圓裕,2,v1,phase6a,2026-07-12,0,2,4,2,2,2,v1,218,0.6555555555555556,218,0.6555555555555556,220,0.6523809523809524,^TWII,yfinance,2y,2026-09-30,scan_20261001_173958,False,False
True,0,-0.08333333333333331,0.04999987284342444,True,False,賣出 (動能轉弱),55.29999923706055,2026-09-30 00:00:00,55.68499984741211,-0.05500011444092223,True,False,0.5627501600320768,False,0.001153522122253848,41.36627453721768,0.001193226081038608,0.0012785929445578395,-0.34903499893331746,-1.8096502680067905,-6.813408124237375,-0.34903499893331746,False,False,False,False,False,False,0.0,False,-0.1305031357891907,中性,7791.TW,皇家可口,0,v1,phase6a,2026-07-12,0,0,0,0,0,0,v1,600,0.049206349206349205,600,0.049206349206349205,600,0.049206349206349205,^TWII,yfinance,2y,2026-09-30,scan_20261001_173958,False,False
True,2,-0.1833343505859375,0.28333282470703114,True,False,賣出 (動能轉弱),75.19999694824219,2026-09-30 00:00:00,76.00000038146973,-0.08500022888182457,True,False,0.8074519222509697,False,0.0015686231694391271,42.30662689083549,0.0016211631409120731,0.001687598033124535,-0.33998554457862484,-1.6432752185050026,-4.339997802791062,-0.33998554457862484,False,False,False,False,False,False,0.0,False,-0.06467667262373067,中性,6923.TW,中台,0,v1,phase6a,2026-07-12,0,0,0,0,0,0,v1,592,0.06190476190476191,592,0.06190476190476191,592,0.06190476190476191,^TWII,yfinance,2y,2026-09-30,scan_20261001_173958,False,False
True,0,-0.24000008900960282,-0.30166665712992347,True,False,觀察 (跌勢收斂),7.46999979019165,2026-09-30 00:00:00,7.415499973297119,0.007999992370605113,False,True,0.419060550058878,False,0.00015581935135801814,29.87821294365362,0.00015706894138487173,0.00016731475416419285,-0.0836739141396814,-1.5055545617551402,-3.9588171069200095,-0.0836739141396814,False,False,False,False,False,False,0.2330460665307579,False,-0.03861006325241856,中性,1213.TW,大飲,1,v1,phase6a,2026-07-12,0,1,3,1,1,1,v1,243,0.6158730158730159,243,0.6158730158730159,248,0.6079365079365079,^TWII,yfinance,2y,2026-09-30,scan_20261001_173958,False,False
True,0,0.2333332697550456,0.34166669845581055,True,False,觀望 (動能減弱),14.199999809265137,2026-09-30 00:00:00,14.472500038146972,-0.03750000000000142,False,False,0.39631528109896585,False,0.00029620278737744213,35.968659154087725,0.00030671159613682034,0.00030455351872540215,-0.35936532719075265,-1.5090338475378218,-0.012493249557454789,-0.35936532719075265,False,False,True,False,False,False,0.45495076264222784,False,-0.05960268539522984,中性,3024.TW,憶聲,1,v1,phase6a,2026-07-12,0,1,1,1,1,1,v1,308,0.5126984126984127,308,0.5126984126984127,311,0.5079365079365079,^TWII,yfinance,2y,2026-09-30,scan_20261001_173958,True,False
True,0,-1.0333321889241536,-1.1083329518636067,True,False,觀察 (跌勢收斂),37.400001525878906,2026-09-30 00:00:00,37.48750019073486,-0.04499988555907919,True,False,0.25771867429513945,False,0.0007801397780764631,35.47544431224923,0.0007945078329690285,0.0008082156996488355,-0.18999853485848206,-1.9031984783354883,-3.6642889364982945,-0.18999853485848206,False,False,False,False,False,False,0.22108284151595228,False,-0.03608241594614281,中性,2948.TWO,寶陞,1,v1,phase6a,2026-07-12,0,1,1,1,1,1,v1,306,0.5158730158730159,306,0.5158730158730159,309,0.5111111111111111,^TWII,yfinance,2y,2026-09-30,scan_20261001_173958,False,False
True,0,-2.25,-1.8333333333333333,True,False,賣出 (動能轉弱),213.5,2026-09-30 00:00:00,215.275,-0.5250000000000057,True,False,0.45833884054348695,False,0.004453471546092689,140.51000516874782,0.004635238746265066,0.005235437184016551,-0.41108422218407714,-1.8624029532040676,-10.69081166714183,-0.41108422218407714,False,False,False,False,False,False,0.0,False,-0.4235588679191492,中性,2472.TW,立隆電,0,v1,phase6a,2026-07-12,0,0,0,0,0,0,v1,450,0.2873015873015873,450,0.2873015873015873,458,0.2746031746031746,^TWII,yfinance,2y,2026-09-30,scan_20261001_173958,False,False
True,0,-0.17499987284342444,-0.1749998728434245,True,False,觀察 (跌勢收斂),15.399999618530273,2026-09-30 00:00:00,15.602499961853027,-0.017500019073485973,False,False,1.3089404999280083,False,0.000321234005203573,32.140162230049626,0.00033212614577581674,0.00034491082705122056,-0.34402492552614294,-1.7628028903911797,-4.651449041892953,-0.34402492552614294,False,False,False,False,False,False,0.0,False,-0.05216664796208492,中性,4432.TWO,銘旺實,1,v1,phase6a,2026-07-12,0,1,1,1,1,1,v1,327,0.48253968253968255,327,0.48253968253968255,329,0.4793650793650794,^TWII,yfinance,2y,2026-09-30,scan_20261001_173958,False,False
True,0,-0.20833301544189448,-0.19166628519694007,True,False,賣出 (動能轉弱),31.100000381469727,2026-09-30 00:00:00,30.714999961853028,0.027500057220461116,False,True,1.0961635421918687,False,0.0006487258397299635,48.099580174827295,0.0006542710004800679,0.0006687110590806051,-0.08913444923788205,-1.4251857094518594,-3.668390004369615,-0.08913444923788205,False,False,False,False,False,False,0.15972828243414822,False,-0.009554115946023956,中性,2008.TW,高興昌,0,v1,phase6a,2026-07-12,0,0,2,0,0,0,v1,432,0.31587301587301586,432,0.31587301587301586,441,0.30158730158730157,^TWII,yfinance,2y,2026-09-30,scan_20261001_173958,False,False
True,2,0.07407315572102864,0.046296437581380204,True,False,買入 (動能增強),45.44443893432617,2026-09-30 00:00:00,45.34722118377685,-0.0361112594604549,False,True,0.0,False,0.0009479415256307651,38.01703541743063,0.0009668258592904141,0.0009926860879514029,-0.20518130872995144,-1.2466385777044953,-3.420556559915955,-0.20518130872995144,False,False,False,False,False,False,0.031469659462250416,False,-0.015643867776030218,中性,4527.TWO,方土霖,2,v1,phase6a,2026-07-12,0,2,3,2,2,2,v1,165,0.7396825396825397,165,0.7396825396825397,173,0.726984126984127,^TWII,yfinance,2y,2026-09-30,scan_20261001_173958,False,False
True,0,0.749999682108561,0.4749997456868489,True,False,買入 (動能增強),28.100000381469727,2026-09-30 00:00:00,26.552500247955322,0.08000001907348775,False,True,2.697791646276258,True,0.0005861477852181224,52.04504295400758,0.0005735918084003256,0.0006220795265931199,0.23095417859351208,-0.8792247004772324,-7.274242623317062,0.23095417859351208,True,False,False,False,False,True,0.1466100745761485,False,-0.243607019453415,中性,3060.TW,銘異,2,v1,phase6a,2026-07-12,0,2,4,2,2,2,v1,132,0.792063492063492,132,0.792063492063492,145,0.7714285714285715,^TWII,yfinance,2y,2026-09-30,scan_20261001_173958,False,False
False,0,2.366666793823242,2.158333460489909,False,True,強烈買入 (爆發),48.95000076293945,2026-09-30 00:00:00,46.910000038146975,0.1675001144409194,False,True,0.7551221198356495,False,0.0010210652720326289,71.4439071701014,0.0010040617543301145,0.000992896934921655,0.1785786821103752,0.019382948018664692,1.37398989228259,0.1785786821103752,True,True,True,False,False,True,0.7941369304167659,False,-0.011111095698192908,偏強 (RS上升),2399.TW,映泰,3,v1,phase6a,2026-07-12,2,5,5,5,3,5,v1,36,0.9444444444444444,36,0.9444444444444444,9,0.9873015873015873,^TWII,yfinance,2y,2026-09-30,scan_20261001_173958,False,False
True,0,-50.83333333333334,-55.0,True,False,觀察 (跌勢收斂),2525.0,2026-09-30 00:00:00,2430.5,5.75,False,True,1.849761655910945,True,0.05266986254746623,69.44504680654053,0.05192655115603274,0.05653058298686556,0.15090811562310513,-1.1217133937925228,-5.077621615813377,0.15090811562310513,True,False,False,False,False,True,0.15861949161378502,False,-0.22194473343083598,中性,3131.TWO,弘塑,1,v1,phase6a,2026-07-12,0,1,3,1,1,1,v1,311,0.5079365079365079,311,0.5079365079365079,314,0.5031746031746032,^TWII,yfinance,2y,2026-09-30,scan_20261001_173958,False,False
True,0,-0.39166688919067383,-0.3500000635782877,True,False,賣出 (動能轉弱),13.949999809265137,2026-09-30 00:00:00,14.105000019073486,-0.025000000000000355,False,False,0.42074241657488165,False,0.00029098794950145536,21.974144824047453,0.00029934412216578655,0.0003216911453639679,-0.2929805561819543,-1.8662498983665565,-4.305408919497388,-0.2929805561819543,False,False,False,False,False,False,0.05080980633287014,False,-0.12539185102925376,中性,3272.TWO,東碩,0,v1,phase6a,2026-07-12,0,0,0,0,0,0,v1,495,0.21587301587301588,495,0.21587301587301588,501,0.20634920634920634,^TWII,yfinance,2y,2026-09-30,scan_20261001_173958,False,False
True,0,-0.2083330154418945,-0.14999993642171222,True,False,賣出 (動能轉弱),16.950000762939453,2026-09-30 00:00:00,16.942500019073485,0.0,False,True,0.3757914973119583,False,0.0003535660239063242,41.339329215079445,0.0003581989968813962,0.000352506112053904,-0.1359630550485491,-0.667695643111732,1.2359112512669856,-0.1359630550485491,False,True,True,False,False,False,0.4809676671161452,False,-0.0959999593098958,中性,5608.TW,四維航,0,v1,phase6a,2026-07-12,0,0,1,0,0,0,v1,548,0.13174603174603175,548,0.13174603174603175,549,0.13015873015873017,^TWII,yfinance,2y,2026-09-30,scan_20261001_173958,False,False
True,0,1.591666539510091,1.4749997456868489,True,False,買入 (動能增強),47.20000076293945,2026-09-30 00:00:00,46.7225004196167,0.05000000000000426,False,True,0.3760941187695917,False,0.0009845614069007216,97.25524497129729,0.0009856598398623904,0.0009227971014126882,-0.011729296017026769,0.2404432890488195,7.424623582806178,-0.011729296017026769,False,True,True,False,False,False,0.7784801580010341,False,-0.01973002560402537,中性,2851.TW,中再保,2,v1,phase6a,2026-07-12,0,2,4,2,2,2,v1,125,0.8031746031746032,125,0.8031746031746032,139,0.780952380952381,^TWII,yfinance,2y,2026-09-30,scan_20261001_173958,False,False
True,0,0.7166684468587239,-0.3666648864746094,True,False,買入 (動能增強),92.0,2026-09-30 00:00:00,87.21500015258789,0.20999984741210653,False,True,1.717642037188533,True,0.001919060338363126,71.79137786776373,0.0018701133612843515,0.002047200823665451,0.27626922194936565,-0.5609507900740995,-4.637350971161592,0.27626922194936565,True,False,False,False,False,True,0.295727044750199,False,-0.12380952380952381,中性,3535.TW,晶彩科,2,v1,phase6a,2026-07-12,0,2,4,2,2,2,v1,144,0.773015873015873,144,0.773015873015873,154,0.7571428571428571,^TWII,yfinance,2y,2026-09-30,scan_20261001_173958,False,False
True,1,0.006666978200276695,-0.024999777475992836,True,False,買入 (動能增強),14.399999618530273,2026-09-30 00:00:00,14.313499593734742,0.004666662216186168,False,True,1.2555414097893427,False,0.000300374653699626,40.097281431735915,0.00030508485331406845,0.00031324621806396705,-0.16225191724028587,-1.0095118253883095,-3.028511367711073,-0.16225191724028587,False,False,False,False,False,False,0.04617256913675621,False,-0.006896578032394962,中性,2109.TW,華豐,4,v1,phase6a,2026-07-12,0,4,6,4,4,4,v1,5,0.9936507936507937,5,0.9936507936507937,17,0.9746031746031746,^TWII,yfinance,2y,2026-09-30,scan_20261001_173958,False,True
False,0,1.5499998728434243,1.025000254313151,False,True,強烈買入 (爆發),48.04999923706055,2026-09-30 00:00:00,45.28499965667724,0.1875,False,True,1.9071534364839418,True,0.0010022918238502322,42.35987756896005,0.0009700815586881734,0.000991414869415522,0.3507381585160285,0.19998803762584227,-1.085809045269337,0.3507381585160285,True,True,False,False,False,True,0.5690528869501011,False,0.0,偏強 (RS上升),3306.TWO,鼎天,3,v1,phase6a,2026-07-12,1,4,5,4,3,4,v1,43,0.9333333333333333,43,0.9333333333333333,36,0.9444444444444444,^TWII,yfinance,2y,2026-09-30,scan_20261001_173958,False,False
True,0,33.16666666666667,44.166666666666664,True,False,觀望 (動能減弱),687.0,2026-09-30 00:00:00,683.5,4.149999999999977,False,True,0.6010867468169558,False,0.014330374483211604,99.36494479191579,0.014297981814245256,0.013086432503563361,0.023853492177416946,2.307103292919521,22.33929864463955,0.023853492177416946,True,True,True,False,False,False,0.8316652636579472,False,-0.061475409836065587,偏強 (RS上升),3693.TWO,營邦,0,v1,phase6a,2026-07-12,1,1,2,1,0,1,v1,505,0.2,505,0.2,402,0.3634920634920635,^TWII,yfinance,2y,2026-09-30,scan_20261001_173958,False,False
True,0,-0.4333333969116211,-0.016666730244954464,True,False,賣出 (動能轉弱),27.399999618530273,2026-09-30 00:00:00,27.754999923706055,-0.05749998092651154,True,False,1.2342541326957461,False,0.0005715462232509373,56.005002123368996,0.0005917567673270571,0.0006015358987766986,-0.35822231290706386,-2.1874202524093,-5.49761954376311,-0.35822231290706386,False,False,False,False,False,False,0.26894373792517184,False,-0.13015874226888025,中性,6598.TW,ABC-KY,1,v1,phase6a,2026-07-12,0,1,1,1,1,1,v1,370,0.4142857142857143,370,0.4142857142857143,371,0.4126984126984127,^TWII,yfinance,2y,2026-09-30,scan_20261001_173958,True,False
True,0,0.1416667302449544,0.21666653951009113,True,False,觀望 (動能減弱),15.550000190734863,2026-09-30 00:00:00,15.542500019073486,0.02750000953674281,False,True,1.3458711859604384,False,0.00032436291986498173,21.51019895186324,0.00033043425270660044,0.0003387997093031853,-0.19303507398589215,-0.9966087028180359,0.32435253037379486,-0.19303507398589215,False,False,False,False,False,False,0.12506953553108688,False,-0.025078346289253206,中性,4113.TWO,聯上,1,v1,phase6a,2026-07-12,0,1,3,1,1,1,v1,320,0.4936507936507937,320,0.4936507936507937,323,0.4888888888888889,^TWII,yfinance,2y,2026-09-30,scan_20261001_173958,True,False
True,0,0.05833339691162109,-0.01666657129923503,True,False,買入 (動能增強),10.850000381469727,2026-09-30 00:00:00,10.642500019073486,-0.002499961853027699,True,True,1.109859030332031,False,0.0002263239717750363,59.97020414471744,0.00022697794811907197,0.0002320617869818461,-0.030319572387971228,-1.340239197019688,-4.18261646978385,-0.030319572387971228,False,False,False,False,False,False,0.1890067970665795,False,-0.2742474568631412,中性,1718.TW,中纖,3,v1,phase6a,2026-07-12,0,3,4,3,3,3,v1,29,0.9555555555555556,29,0.9555555555555556,52,0.919047619047619,^TWII,yfinance,2y,2026-09-30,scan_20261001_173958,True,False
False,0,0.6083335876464844,0.17499987284342447,False,True,強烈買入 (爆發),34.5,2026-09-30 00:00:00,32.93499984741211,0.07999992370605469,False,True,3.2505663868409815,True,0.0007196476268861722,44.921984487544286,0.0007028822378363747,0.0007264118480012642,0.25170929199378467,-0.510201257205023,-2.241944158811937,0.25170929199378467,True,False,False,False,False,True,0.6568538865567772,False,0.0,中性,8213.TW,志超,3,v1,phase6a,2026-07-12,0,3,5,3,3,3,v1,77,0.8793650793650793,77,0.8793650793650793,84,0.8682539682539683,^TWII,yfinance,2y,2026-09-30,scan_20261001_173958,False,False
True,0,0.1416668891906738,0.04166682561238606,True,False,買入 (動能增強),15.0,2026-09-30 00:00:00,14.677500009536743,-0.02750000953674281,False,True,0.5971758471325127,False,0.0003128902725592053,52.08725297183551,0.0003068655890617256,0.0002998234526331307,0.20709084232306552,-0.09033137644550715,8.80084167332531,0.20709084232306552,True,True,True,False,False,False,0.7078448300938264,False,-0.041533522963198455,中性,1312.TW,國喬,2,v1,phase6a,2026-07-12,1,3,3,3,2,3,v1,86,0.8650793650793651,86,0.8650793650793651,86,0.8650793650793651,^TWII,yfinance,2y,2026-09-30,scan_20261001_173958,False,False
True,1,-0.14166657129923502,-0.1333330472310384,True,False,賣出 (動能轉弱),13.899999618530273,2026-09-30 00:00:00,13.90750002861023,-0.0025000095367424535,False,False,0.5193441152935633,False,0.0002899449779476525,28.579522136391724,0.00029625735013765543,0.0003073951502703615,-0.22378289749167557,-1.6631455434588327,-4.354243078429221,-0.22378289749167557,False,False,False,False,False,False,0.09713453344561554,False,-0.04488304717254321,中性,4401.TWO,東隆興,0,v1,phase6a,2026-07-12,0,0,0,0,0,0,v1,520,0.1761904761904762,520,0.1761904761904762,523,0.17142857142857143,^TWII,yfinance,2y,2026-09-30,scan_20261001_173958,False,False
True,0,2.400000254313151,1.2500012715657551,True,False,買入 (動能增強),77.69999694824219,2026-09-30 00:00:00,73.07999954223632,0.00999984741210369,False,True,1.6996372292893145,True,0.0016207715481989947,78.71954290504642,0.001547326766331308,0.0015676648761328933,0.5021467315211803,0.43648638000755025,5.290970382280191,0.5021467315211803,True,True,False,False,False,True,0.8449976196106193,False,0.0,偏強 (RS上升),6499.TWO,益安,2,v1,phase6a,2026-07-12,1,3,4,3,2,3,v1,199,0.6857142857142857,199,0.6857142857142857,96,0.8492063492063492,^TWII,yfinance,2y,2026-09-30,scan_20261001_173958,False,False
True,1,0.08333365122477213,0.025000254313151032,True,False,買入 (動能增強),26.149999618530273,2026-09-30 00:00:00,26.035000133514405,0.014999961853028765,False,True,2.4781703920736318,True,0.0005454720338710035,43.09881452715137,0.0005548246819545602,0.0005727885938007134,-0.17712720892691936,-1.125087141523795,-3.1370662453553577,-0.17712720892691936,False,False,False,False,False,False,0.02137295784102218,False,-0.044394125178015664,中性,1732.TW,毛寶,4,v1,phase6a,2026-07-12,0,4,6,4,4,4,v1,4,0.9952380952380953,4,0.9952380952380953,16,0.9761904761904762,^TWII,yfinance,2y,2026-09-30,scan_20261001_173958,False,True
True,0,-0.06833314895629883,-0.04333321253458658,True,False,賣出 (動能轉弱),8.890000343322754,2026-09-30 00:00:00,8.883000040054322,-0.004499959945677645,True,True,0.8820592033774985,False,0.00018543964203157902,27.497125281814665,0.00018918059905434343,0.00019693215673325594,-0.20772054823405828,-1.6352608392882106,-3.578520071722835,-0.20772054823405828,False,False,False,False,False,False,0.16309696337249802,False,-0.03053432177116766,中性,4157.TWO,太景*-KY,0,v1,phase6a,2026-07-12,0,0,1,0,0,0,v1,515,0.18412698412698414,515,0.18412698412698414,520,0.1761904761904762,^TWII,yfinance,2y,2026-09-30,scan_20261001_173958,False,False
True,1,-0.01166661580403645,0.0066666603088378976,True,False,賣出 (動能轉弱),9.600000381469727,2026-09-30 00:00:00,9.672999954223632,-0.006999969482421875,False,False,0.62306780260479,False,0.0002002497823951025,26.60932195187588,0.00020622689090545504,0.00021703305002661368,-0.30415802959941063,-1.419354600320788,-3.915367662117253,-0.30415802959941063,False,False,False,False,False,False,0.0,False,-0.12328762112426095,中性,1626.TW,艾美特-KY,0,v1,phase6a,2026-07-12,0,0,0,0,0,0,v1,423,0.33015873015873015,423,0.33015873015873015,432,0.31587301587301586,^TWII,yfinance,2y,2026-09-30,scan_20261001_173958,False,False
True,2,-0.058333396911621094,-0.07500012715657552,True,False,觀察 (跌勢收斂),22.75,2026-09-30 00:00:00,22.724999809265135,0.0,False,True,0.37503898886613596,False,0.0004745502467147947,44.56755996395565,0.00048502154748822937,0.0005063702360130339,-0.22674105034325986,-1.5222680505600383,-4.479282374199411,-0.22674105034325986,False,False,False,False,False,False,0.06611532013066597,False,-0.01939658397159627,中性,8401.TWO,白紗科,1,v1,phase6a,2026-07-12,0,1,2,1,1,1,v1,384,0.39206349206349206,384,0.39206349206349206,385,0.3904761904761905,^TWII,yfinance,2y,2026-09-30,scan_20261001_173958,False,False
True,0,-0.6333325703938801,-0.6333325703938801,True,False,賣出 (動能轉弱),67.0,2026-09-30 00:00:00,67.65499992370606,-0.04999999999999716,False,False,0.2496754219514631,False,0.0013975765507644505,24.174044048626122,0.0014419523161169079,0.0015121244349665668,-0.32289903756346217,-1.7998046940552404,-4.955985707485744,-0.32289903756346217,False,False,False,False,False,False,0.045496550553767896,False,-0.0821917808219178,中性,6997.TWO,博弘,0,v1,phase6a,2026-07-12,0,0,0,0,0,0,v1,595,0.05714285714285714,595,0.05714285714285714,595,0.05714285714285714,^TWII,yfinance,2y,2026-09-30,scan_20261001_173958,False,False
True,2,6.357828776087926e-07,6.357828776087926e-07,True,False,觀望 (動能減弱),48.5,2026-09-30 00:00:00,48.7100004196167,-0.0350000381469755,True,False,0.7103658730584385,False,0.0010116785479414305,32.40611928592744,0.001042708903941914,0.0011238767165480798,-0.3122782533055757,-1.8372408483550706,-6.557158577949551,-0.3122782533055757,False,False,False,False,False,False,0.03273158272829142,False,-0.15798608880535991,中性,8097.TWO,常珵,0,v1,phase6a,2026-07-12,0,0,0,0,0,0,v1,607,0.0380952380952381,607,0.0380952380952381,607,0.0380952380952381,^TWII,yfinance,2y,2026-09-30,scan_20261001_173958,False,False
True,0,-0.35833342870076496,-0.3500000635782877,True,False,賣出 (動能轉弱),10.449999809265137,2026-09-30 00:00:00,10.664999866485596,-0.022499990463256125,True,False,0.33099327980206605,False,0.00021798021923764082,27.57436184676967,0.00022619521426817154,0.00024060013428614418,-0.38084052989838524,-2.1406075827535176,-5.196071746517427,-0.38084052989838524,False,False,False,False,False,False,0.01530554006955801,False,-0.12916668256123864,中性,3313.TWO,斐成,0,v1,phase6a,2026-07-12,0,0,0,0,0,0,v1,496,0.21428571428571427,496,0.21428571428571427,502,0.20476190476190476,^TWII,yfinance,2y,2026-09-30,scan_20261001_173958,False,False
True,0,0.008333206176757812,0.03333314259847005,True,False,觀望 (動能減弱),14.600000381469727,2026-09-30 00:00:00,14.434999942779541,0.005000019073486683,False,True,0.8863661736192703,False,0.0003045465399148376,38.001358322683075,0.0003096670172641179,0.00033668478972914484,-0.17375472745829734,-1.5816779954008098,-6.691964543458518,-0.17375472745829734,False,False,False,False,False,False,0.051213748949506664,False,-0.1536231662916101,中性,1218.TW,泰山,0,v1,phase6a,2026-07-12,0,0,2,0,0,0,v1,401,0.36507936507936506,401,0.36507936507936506,410,0.35079365079365077,^TWII,yfinance,2y,2026-09-30,scan_20261001_173958,False,False
True,0,0.09999974568684894,0.03333298365275065,True,False,買入 (動能增強),10.300000190734863,2026-09-30 00:00:00,10.128999996185303,-0.0049999713897701525,True,True,0.7788889387778105,False,0.00021485132446925987,35.50262002545738,0.0002172704431727514,0.00023156239353872352,-0.11706423257876741,-1.35978911321063,-6.2849581353493615,-0.11706423257876741,False,False,False,False,False,False,0.06102376238744227,False,-0.20463317819003513,中性,2390.TW,云辰,2,v1,phase6a,2026-07-12,0,2,3,2,2,2,v1,108,0.8301587301587302,108,0.8301587301587302,124,0.8047619047619048,^TWII,yfinance,2y,2026-09-30,scan_20261001_173958,False,False
False,0,-1.6666666666666665,-1.6666666666666665,False,True,強烈賣出 (跌破),175.5,2026-09-30 00:00:00,177.575,-0.07500000000001705,True,False,0.9276406592626156,False,0.003660816188942702,45.678538766907714,0.0037822725989469907,0.003926880088194086,-0.33688251935051206,-1.7049966821008122,-4.738788364598234,-0.33688251935051206,False,False,False,False,False,False,0.0,False,-0.040983606557377095,中性,2707.TW,晶華,0,v1,phase6a,2026-07-12,0,0,0,0,0,0,v1,471,0.25396825396825395,471,0.25396825396825395,479,0.24126984126984127,^TWII,yfinance,2y,2026-09-30,scan_20261001_173958,False,False
True,1,0.6833337148030599,0.4666665395100911,True,False,買入 (動能增強),65.69999694824219,2026-09-30 00:00:00,65.3249994277954,0.04999999999999716,False,True,0.7367476865989033,False,0.0013704593301516303,48.92237144575316,0.001381495570718689,0.0013605884322659347,-0.0840200641161748,-0.5403339249797745,2.261513346588395,-0.0840200641161748,False,True,True,False,False,False,0.6717765111697049,False,-0.009049865398154222,中性,2354.TW,鴻準,2,v1,phase6a,2026-07-12,0,2,4,2,2,2,v1,106,0.8333333333333334,106,0.8333333333333334,122,0.807936507936508,^TWII,yfinance,2y,2026-09-30,scan_20261001_173958,False,False
True,0,-1.3500022888183592,-1.3833351135253906,True,False,觀察 (跌勢收斂),66.0999984741211,2026-09-30 00:00:00,66.53499984741211,0.020000076293939628,False,False,0.5499825937560486,False,0.0013788031025820536,67.06106561085922,0.0014102157419429234,0.0014455713625508289,-0.2339258131088484,-1.5985050662490563,-2.6882372747073613,-0.2339258131088484,False,False,False,False,False,False,0.04291042645051681,False,-0.03221090013670358,中性,1419.TW,新紡,1,v1,phase6a,2026-07-12,0,1,2,1,1,1,v1,255,0.5968253968253968,255,0.5968253968253968,258,0.5920634920634921,^TWII,yfinance,2y,2026-09-30,scan_20261001_173958,False,False
True,0,1.6833330790201821,1.3499997456868489,True,False,買入 (動能增強),70.4000015258789,2026-09-30 00:00:00,68.36000022888183,-0.009999847412117902,True,True,0.9570281668543684,False,0.0014684983777067148,98.94769998186116,0.0014610716573273254,0.0015224564895092252,0.053534578400360466,-0.7619539168663314,-2.899073872002622,0.053534578400360466,True,False,False,False,False,True,0.18169194972375804,False,-0.13132752710168372,中性,6190.TWO,萬泰科,2,v1,phase6a,2026-07-12,0,2,3,2,2,2,v1,190,0.7,190,0.7,196,0.6904761904761905,^TWII,yfinance,2y,2026-09-30,scan_20261001_173958,False,False
True,0,-0.6166648864746094,-0.2666664123535156,True,False,賣出 (動能轉弱),76.80000305175781,2026-09-30 00:00:00,77.27500076293946,-0.034999847412109375,True,False,1.3999869007073618,False,0.00160199825916082,50.603458296211585,0.0016481297769527401,0.001695368568152926,-0.29376837103339826,-1.7137334790490288,-4.635335176472443,-0.29376837103339826,False,False,False,False,False,False,0.026966265785811558,False,-0.035175822563283,中性,6464.TW,台數科,0,v1,phase6a,2026-07-12,0,0,0,0,0,0,v1,566,0.10317460317460317,566,0.10317460317460317,566,0.10317460317460317,^TWII,yfinance,2y,2026-09-30,scan_20261001_173958,False,False
False,0,0.8083330790201823,-0.4000002543131509,False,True,強烈買入 (爆發),51.20000076293945,2026-09-30 00:00:00,48.64499969482422,0.1675001144409194,False,True,1.3508979996746548,False,0.0010679988129165096,94.19776201204938,0.0010392413596226416,0.0010771083968433223,0.292130736440388,0.25698315000850513,-3.1030077027836223,0.292130736440388,True,False,False,False,False,True,0.29456347425262985,False,-0.11111107431811951,偏強 (RS上升),3221.TWO,台嘉碩,3,v1,phase6a,2026-07-12,1,4,5,4,3,4,v1,41,0.9365079365079365,41,0.9365079365079365,35,0.946031746031746,^TWII,yfinance,2y,2026-09-30,scan_20261001_173958,False,False
True,0,1.4166673024495442,-0.11666615804036456,True,False,買入 (動能增強),67.80000305175781,2026-09-30 00:00:00,61.31500015258789,0.30500011444092223,False,True,4.638052061061003,True,0.0014142640956252969,34.461276929778926,0.0013200080994817615,0.0014245634526764972,0.7573304849095797,-0.3100015322827887,-5.361908664682202,0.7573304849095797,True,False,False,False,False,True,0.2778546439902366,False,-0.1781817811908144,中性,3663.TWO,鑫科,2,v1,phase6a,2026-07-12,0,2,4,2,2,2,v1,149,0.765079365079365,149,0.765079365079365,159,0.7492063492063492,^TWII,yfinance,2y,2026-09-30,scan_20261001_173958,False,False
True,0,-5.666666666666666,-8.416666666666666,True,False,觀察 (跌勢收斂),190.5,2026-09-30 00:00:00,191.5,-0.875,True,False,0.8240193265033536,False,0.0039737064615019075,193.12958583829163,0.004103407823137528,0.004544311875892059,-0.3316146212540838,-2.542628259222679,-11.744845896854905,-0.3316146212540838,False,False,False,False,False,False,0.06516657748764171,False,-0.30601092896174864,中性,4722.TW,國精化,1,v1,phase6a,2026-07-12,0,1,1,1,1,1,v1,338,0.4650793650793651,338,0.4650793650793651,340,0.46190476190476193,^TWII,yfinance,2y,2026-09-30,scan_20261001_173958,False,False
False,0,-0.4749991099039713,-0.41666666666666663,False,True,強烈賣出 (跌破),46.900001525878906,2026-09-30 00:00:00,47.607500076293945,-0.042499923706053266,True,False,0.6426457726573953,False,0.0009783036173639597,39.722280348286596,0.0010119743697174794,0.0010168465033335349,-0.34901276194978514,-1.5436576187029538,-3.5664541338397693,-0.34901276194978514,False,False,False,False,False,False,0.2438794206483546,False,-0.08219172355492765,中性,2362.TW,藍天,0,v1,phase6a,2026-07-12,0,0,0,0,0,0,v1,441,0.30158730158730157,441,0.30158730158730157,450,0.2873015873015873,^TWII,yfinance,2y,2026-09-30,scan_20261001_173958,False,False
False,0,-1.4833335876464844,-1.1166674296061196,False,True,強烈賣出 (跌破),46.45000076293945,2026-09-30 00:00:00,47.39250011444092,-0.03249988555907635,True,False,0.45383280827897154,False,0.0009689168932727613,54.94244644219343,0.001002106539697638,0.0010152931512542869,-0.34741908745987704,-2.0339544164264756,-2.3809386788452236,-0.34741908745987704,False,False,False,False,False,False,0.22322961533690105,False,-0.05589430807634199,中性,6177.TW,達麗,0,v1,phase6a,2026-07-12,0,0,0,0,0,0,v1,553,0.12380952380952381,553,0.12380952380952381,554,0.12222222222222222,^TWII,yfinance,2y,2026-09-30,scan_20261001_173958,False,False
True,1,-0.1749995549519857,-0.1416660944620768,True,False,賣出 (動能轉弱),17.350000381469727,2026-09-30 00:00:00,17.35999994277954,-0.005000019073484907,True,False,1.5727463604430159,True,0.00036190975655069193,40.50317397947833,0.0003710947706752685,0.00038110607838714463,-0.2598611506765214,-1.958306385952624,-6.307120286835333,-0.2598611506765214,False,False,False,False,False,False,0.08468804260048514,False,-0.0672042996969674,中性,3520.TWO,華盈,0,v1,phase6a,2026-07-12,0,0,0,0,0,0,v1,502,0.20476190476190476,502,0.20476190476190476,508,0.19523809523809524,^TWII,yfinance,2y,2026-09-30,scan_20261001_173958,False,False
True,0,0.1583340962727865,-0.24999936421712232,True,False,買入 (動能增強),51.70000076293945,2026-09-30 00:00:00,48.81750011444092,0.16499996185302734,False,True,1.4975365298020662,False,0.0010784284886684833,90.52320259767342,0.001049683542700893,0.0011610685943080025,0.2890900831996168,-0.9648947728582602,-6.56457353528962,0.2890900831996168,True,False,False,False,False,True,0.11798725008381099,False,-0.3311772481002019,中性,6127.TWO,九豪,2,v1,phase6a,2026-07-12,0,2,4,2,2,2,v1,181,0.7142857142857143,181,0.7142857142857143,187,0.7047619047619048,^TWII,yfinance,2y,2026-09-30,scan_20261001_173958,False,False
True,0,-6.666666666666661,82.49999999999999,True,False,賣出 (動能轉弱),1885.0,2026-09-30 00:00:00,1940.75,6.0,False,False,0.6637662015834233,False,0.039319877584940134,315.2522658677001,0.04076142493159688,0.03957514569070016,-0.3708875112578003,-0.8817773337175039,10.241161370498553,-0.3708875112578003,False,False,True,False,False,False,0.522223271936919,False,-0.12731481481481477,中性,7828.TWO,創新服務,1,v1,phase6a,2026-07-12,0,1,2,1,1,1,v1,378,0.4015873015873016,378,0.4015873015873016,379,0.4,^TWII,yfinance,2y,2026-09-30,scan_20261001_173958,True,False
False,0,-13.916666666666666,-2.6666666666666674,False,True,強烈賣出 (跌破),207.0,2026-09-30 00:00:00,225.7,-0.10000000000002274,False,False,0.23558101859016609,False,0.004317885761317033,97.8132714845976,0.004580351893142772,0.004258131619269016,-0.5995688877529437,-2.6244869301194296,24.627816142770655,-0.5995688877529437,False,True,True,False,False,False,0.5745654353612901,False,-0.1686746987951807,中性,4908.TWO,前鼎,0,v1,phase6a,2026-07-12,0,0,0,0,0,0,v1,530,0.16031746031746033,530,0.16031746031746033,532,0.15714285714285714,^TWII,yfinance,2y,2026-09-30,scan_20261001_173958,False,False
True,0,-0.10833263397216794,-0.29166603088378906,True,False,觀察 (跌勢收斂),24.450000762939453,2026-09-30 00:00:00,23.795000076293945,0.010000038146973367,False,True,1.6282726122411766,True,0.0005100111601859269,26.39831357034158,0.0005087644861606024,0.0005554718064017371,0.025800287905575203,-1.4028207037140472,-5.6190877097599845,0.025800287905575203,True,False,False,False,False,False,0.18552492013054223,False,-0.12050354554165477,中性,1587.TW,吉茂,1,v1,phase6a,2026-07-12,0,1,3,1,1,1,v1,266,0.5793650793650794,266,0.5793650793650794,269,0.5746031746031746,^TWII,yfinance,2y,2026-09-30,scan_20261001_173958,False,False
True,1,0.07500012715657552,0.08333333333333331,True,False,觀望 (動能減弱),21.450000762939453,2026-09-30 00:00:00,21.35500011444092,0.00500001907348846,False,True,1.407967945350077,False,0.0004474331056740858,40.117399610746226,0.0004549283166569427,0.00046061107728035457,-0.17312698047129427,-1.3525112176936527,-2.8740812330479426,-0.17312698047129427,False,False,False,False,False,False,0.13960238106145154,False,-0.011520736922137065,中性,1323.TW,永裕,0,v1,phase6a,2026-07-12,0,0,2,0,0,0,v1,405,0.35873015873015873,405,0.35873015873015873,414,0.34444444444444444,^TWII,yfinance,2y,2026-09-30,scan_20261001_173958,False,False
True,1,-0.11666679382324219,-0.09166669845581053,True,False,賣出 (動能轉弱),10.199999809265137,2026-09-30 00:00:00,10.275,-0.007500028610229137,False,False,0.7870531956392305,False,0.00021276538136165405,33.43087719413705,0.0002189178306959458,0.00022898256477473468,-0.2949581663417078,-1.665548603177025,-4.3961494952550195,-0.2949581663417078,False,False,False,False,False,False,0.04473331337913255,False,-0.04672897279559296,中性,9950.TWO,萬國通,0,v1,phase6a,2026-07-12,0,0,0,0,0,0,v1,630,0.0015873015873015873,630,0.0015873015873015873,630,0.0015873015873015873,^TWII,yfinance,2y,2026-09-30,scan_20261001_173958,False,False
True,0,-0.30833307902018225,-0.29999987284342444,True,False,賣出 (動能轉弱),21.25,2026-09-30 00:00:00,21.26249990463257,-0.00749998092651083,True,False,0.7826195842724768,False,0.0004432612194588742,37.17370545561093,0.000452301726025922,0.00047038508616123025,-0.20995592261972007,-1.6080315482083662,-4.0041076245352025,-0.20995592261972007,False,False,False,False,False,False,0.06659925900591833,False,-0.020737361618345718,中性,8463.TW,潤泰材,0,v1,phase6a,2026-07-12,0,0,0,0,0,0,v1,615,0.025396825396825397,615,0.025396825396825397,615,0.025396825396825397,^TWII,yfinance,2y,2026-09-30,scan_20261001_173958,False,False
True,0,0.1916669209798177,0.3250001271565755,True,False,觀望 (動能減弱),40.29999923706055,2026-09-30 00:00:00,40.14499988555908,-0.032500076293949576,True,True,0.17027509036234023,False,0.0008406318496946428,40.561151726702626,0.0008613316778497714,0.0009140378332534123,-0.25233381750005,-1.5067566055688153,-6.9360224463137605,-0.25233381750005,False,False,False,False,False,False,0.007451741189768984,False,-0.06496518181414268,中性,6184.TW,大豐電,0,v1,phase6a,2026-07-12,0,0,1,0,0,0,v1,554,0.12222222222222222,554,0.12222222222222222,555,0.12063492063492064,^TWII,yfinance,2y,2026-09-30,scan_20261001_173958,False,False
True,0,0.02499961853027341,0.14166609446207679,True,False,觀望 (動能減弱),28.600000381469727,2026-09-30 00:00:00,29.225,-0.00749998092651083,True,False,2.1763669953693707,True,0.0005965774609700959,34.695071140756205,0.0006214613422200801,0.0006384287665926933,-0.419714297983087,-2.0517322321357834,-3.481767048711726,-0.419714297983087,False,False,False,False,False,False,0.04509997248154267,False,-0.08333334352216126,中性,5487.TWO,通泰,2,v1,phase6a,2026-07-12,0,2,2,2,2,2,v1,176,0.7222222222222222,176,0.7222222222222222,182,0.7126984126984127,^TWII,yfinance,2y,2026-09-30,scan_20261001_173958,False,True
True,1,0.19001531600952148,0.17319838205973306,True,False,買入 (動能增強),11.050000190734863,2026-09-30 00:00:00,10.922635316848755,0.0025900840759280896,False,True,0.4108170820305627,False,0.00023049583809722014,19.17103852481328,0.0002340585877329403,0.0002462854691746541,-0.15997120507966756,-1.0710727690190658,-4.594224411479953,-0.15997120507966756,False,False,False,False,False,False,0.05279746891143403,False,-0.07764320840838368,中性,4109.TWO,加捷生醫,2,v1,phase6a,2026-07-12,0,2,4,2,2,2,v1,160,0.7476190476190476,160,0.7476190476190476,168,0.734920634920635,^TWII,yfinance,2y,2026-09-30,scan_20261001_173958,False,False
True,0,-0.22499990463256836,-0.29166666666666663,True,False,觀察 (跌勢收斂),14.300000190734863,2026-09-30 00:00:00,14.374999904632569,-0.01249999999999929,False,False,0.9335809956646166,False,0.00029828873048504795,25.108274807575572,0.00030663336439759327,0.00032636572543603867,-0.28564193918539926,-1.6248994941876038,-6.063941847377086,-0.28564193918539926,False,False,False,False,False,False,0.024165555709040016,False,-0.07443363318623708,中性,8450.TWO,霹靂,1,v1,phase6a,2026-07-12,0,1,1,1,1,1,v1,386,0.3888888888888889,386,0.3888888888888889,387,0.3873015873015873,^TWII,yfinance,2y,2026-09-30,scan_20261001_173958,False,False
True,1,-0.10999997456868488,-0.08166654904683432,True,False,賣出 (動能轉弱),4.059999942779541,2026-09-30 00:00:00,4.213499999046325,-0.016499996185302734,False,False,0.8395534584664843,False,8.468896591244324e-05,38.153301981000546,8.93675685070089e-05,9.455604736355795e-05,-0.5480571925433275,-2.583985589842841,-5.152393486843887,-0.5480571925433275,False,False,False,False,False,False,0.0,False,-0.184738970435809,中性,5701.TWO,劍湖山,0,v1,phase6a,2026-07-12,0,0,0,0,0,0,v1,549,0.13015873015873017,549,0.13015873015873017,550,0.12857142857142856,^TWII,yfinance,2y,2026-09-30,scan_20261001_173958,False,False
True,1,-0.25833352406819665,-0.3833332061767578,True,False,觀察 (跌勢收斂),24.549999237060547,2026-09-30 00:00:00,24.742499923706056,-0.0575000762939446,False,False,0.43465672635261404,False,0.0005120970635074771,9.137896202419586,0.00052740037271183,0.0005700076582180852,-0.3045066926485429,-1.9115030859490734,-5.667613174734109,-0.3045066926485429,False,False,False,False,False,False,0.017524237614966718,False,-0.12943267472090825,中性,1225.TW,福懋油,1,v1,phase6a,2026-07-12,0,1,1,1,1,1,v1,244,0.6142857142857143,244,0.6142857142857143,249,0.6063492063492063,^TWII,yfinance,2y,2026-09-30,scan_20261001_173958,False,False
True,0,-0.0666656494140625,0.06666819254557292,True,False,賣出 (動能轉弱),68.0,2026-09-30 00:00:00,68.8,-0.02999992370605753,True,False,0.921230215533107,False,0.0014184359022683974,33.259593519604785,0.0014661407744687815,0.0015202241777841918,-0.34133320017569746,-1.7904717103255807,-4.410277571981824,-0.34133320017569746,False,False,False,False,False,False,0.0,False,-0.05548329448049494,中性,2754.TWO,亞洲藏壽司,0,v1,phase6a,2026-07-12,0,0,0,0,0,0,v1,473,0.2507936507936508,473,0.2507936507936508,481,0.23809523809523808,^TWII,yfinance,2y,2026-09-30,scan_20261001_173958,False,False
True,2,-14.200000762939453,-16.166667302449543,True,False,觀察 (跌勢收斂),50.599998474121094,2026-09-30 00:00:00,58.319999885559085,-71.97000007629394,True,False,0.3548351931060083,False,0.0010554831542708748,28.820341612478078,0.0045907471117792335,0.012196107279396802,-7.498328312715541,-33.383848383899284,-82.73129898586295,-7.498328312715541,False,False,False,False,False,False,0.0007168242609193601,False,-0.9660402694804556,中性,6949.TW,沛爾生醫*-創,1,v1,phase6a,2026-07-12,0,1,1,1,1,1,v1,374,0.40793650793650793,374,0.40793650793650793,375,0.40634920634920635,^TWII,yfinance,2y,2026-09-30,scan_20261001_173958,False,False
True,1,0.20833333333333331,0.15833346048990884,True,False,買入 (動能增強),25.299999237060547,2026-09-30 00:00:00,25.0625,0.0,False,True,0.9740602544257994,False,0.0005277415771354374,37.393480754655705,0.0005355876635352467,0.0005575152478748756,-0.15396773717210044,-1.0499920140319863,-3.8352858355962582,-0.15396773717210044,False,False,False,False,False,False,0.04336659096490917,False,-0.003937022951637115,中性,3666.TWO,光耀,2,v1,phase6a,2026-07-12,0,2,3,2,2,2,v1,150,0.7634920634920634,150,0.7634920634920634,160,0.7476190476190476,^TWII,yfinance,2y,2026-09-30,scan_20261001_173958,False,False
True,0,-0.5249999364217122,-0.38333352406819665,True,False,賣出 (動能轉弱),24.799999237060547,2026-09-30 00:00:00,25.314999866485596,-0.04500007629394531,True,False,0.8114459523110678,False,0.0005173119013834639,45.07265158324328,0.0005397021919788447,0.000561367101371484,-0.43479997805626613,-2.200637474442324,-6.5866662578537465,-0.43479997805626613,False,False,False,False,False,False,0.0,False,-0.08823534774120145,中性,6606.TW,建德工業,0,v1,phase6a,2026-07-12,0,0,0,0,0,0,v1,574,0.09047619047619047,574,0.09047619047619047,574,0.09047619047619047,^TWII,yfinance,2y,2026-09-30,scan_20261001_173958,False,False
True,1,-0.01666704813639324,-0.1333338419596354,True,False,觀察 (跌勢收斂),18.799999237060547,2026-09-30 00:00:00,18.267499923706055,0.039999961853027344,False,True,1.6164180817251457,True,0.0003921557923597818,36.20391615104132,0.00039016442279127896,0.000407307975281287,0.0537543958067932,-0.8737781046697202,-3.9689908819839803,0.0537543958067932,True,False,False,False,False,False,0.11374412065728311,False,-0.21991705645300752,中性,5011.TWO,久陽,2,v1,phase6a,2026-07-12,0,2,4,2,2,2,v1,170,0.7317460317460317,170,0.7317460317460317,177,0.7206349206349206,^TWII,yfinance,2y,2026-09-30,scan_20261001_173958,True,False
True,0,-0.07499949137369794,-0.08333269755045572,True,False,觀察 (跌勢收斂),24.149999618530273,2026-09-30 00:00:00,24.1125,0.00500001907348846,False,True,3.797119884567555,True,0.0005037533308631095,55.61617253379131,0.0005115373032329461,0.0005166240368486934,-0.15992092278617198,-1.5038244715472326,-2.1353971613539136,-0.15992092278617198,False,False,False,False,False,False,0.31880556069466354,False,-0.028169044353875905,中性,1470.TW,大統新創,1,v1,phase6a,2026-07-12,0,1,3,1,1,1,v1,263,0.5841269841269842,263,0.5841269841269842,266,0.5793650793650794,^TWII,yfinance,2y,2026-09-30,scan_20261001_173958,False,False
True,0,-0.41666666666666674,1.2166659037272134,True,False,賣出 (動能轉弱),96.4000015258789,2026-09-30 00:00:00,99.53000030517578,0.1150001525878821,False,False,0.4201252348617358,False,0.0020108415168093373,64.49200753902424,0.002094599227972478,0.0020067515626902266,-0.4191563576204871,-1.305155642430389,4.58679611042061,-0.4191563576204871,False,True,True,False,False,False,0.5281622422476135,False,-0.05951218023532778,中性,2637.TW,慧洋-KY,0,v1,phase6a,2026-07-12,0,0,1,0,0,0,v1,465,0.2634920634920635,465,0.2634920634920635,473,0.2507936507936508,^TWII,yfinance,2y,2026-09-30,scan_20261001_173958,False,False
True,0,2.1499996185302734,1.916666030883789,True,False,買入 (動能增強),59.400001525878906,2026-09-30 00:00:00,57.125000190734866,0.07500000000000284,False,True,1.711871602827649,True,0.0012390455111632975,122.10962915900792,0.0012145047120724745,0.0012471363653113736,0.21315259060690206,0.6550450832596866,3.4487772990667187,0.21315259060690206,True,False,False,False,False,True,0.5353801730167402,False,-0.06309148113138863,偏強 (RS上升),3054.TW,立萬利,2,v1,phase6a,2026-07-12,1,3,4,3,2,3,v1,130,0.7952380952380952,130,0.7952380952380952,89,0.8603174603174604,^TWII,yfinance,2y,2026-09-30,scan_20261001_173958,False,False
True,0,-0.12166659037272134,-0.12666654586791992,True,False,觀察 (跌勢收斂),4.5,2026-09-30 00:00:00,4.547499942779541,-0.008999991416930975,False,False,1.474355479717169,False,9.386708176776159e-05,22.869648787528433,9.647682215846318e-05,0.00010215479899271604,-0.28393298799481714,-1.5854249082620675,-3.9881792948386896,-0.28393298799481714,False,False,False,False,False,False,0.1743182983840326,False,-0.06444905331961448,中性,8933.TWO,愛地雅,1,v1,phase6a,2026-07-12,0,1,1,1,1,1,v1,392,0.37936507936507935,392,0.37936507936507935,393,0.37777777777777777,^TWII,yfinance,2y,2026-09-30,scan_20261001_173958,False,False
False,0,2.3333333333333335,1.3333333333333335,False,True,強烈買入 (爆發),167.5,2026-09-30 00:00:00,162.775,0.17500000000001137,False,True,1.748916148455786,True,0.003493941376911126,56.15354281051852,0.003469954839959846,0.0035868213650330134,0.07281758158550478,-0.25700655301719166,-1.773598365788176,0.07281758158550478,True,False,False,False,False,True,0.15536827048657711,False,-0.09214092140921404,中性,1773.TW,勝一,3,v1,phase6a,2026-07-12,0,3,5,3,3,3,v1,31,0.9523809523809523,31,0.9523809523809523,54,0.9158730158730158,^TWII,yfinance,2y,2026-09-30,scan_20261001_173958,False,False
False,0,0.16666666666666666,0.03333314259847005,False,True,強烈買入 (爆發),25.549999237060547,2026-09-30 00:00:00,24.639999771118163,0.042499923706053266,False,True,10.221084061147579,True,0.0005329564150114241,46.63048166811302,0.0005264551992779549,0.0005414997290509823,0.13015907675923977,-0.8113733370316845,-3.131674330764689,0.13015907675923977,True,False,False,False,False,False,0.2453256086268763,False,0.0,中性,5016.TWO,松和,3,v1,phase6a,2026-07-12,0,3,5,3,3,3,v1,54,0.9158730158730158,54,0.9158730158730158,68,0.8936507936507937,^TWII,yfinance,2y,2026-09-30,scan_20261001_173958,False,False
True,0,111.66666666666666,84.16666666666667,True,False,買入 (動能增強),1520.0,2026-09-30 00:00:00,1405.5,4.25,False,True,0.807646662911871,False,0.03170621428599947,428.90728141966366,0.030565878268346072,0.03104664683900666,0.394258653574453,0.8684551780170802,-6.28863589186035,0.394258653574453,True,True,False,False,False,True,0.5690702170560399,False,-0.09253731343283578,偏強 (RS上升),6274.TWO,台燿,2,v1,phase6a,2026-07-12,1,3,4,3,2,3,v1,195,0.692063492063492,195,0.692063492063492,95,0.8507936507936508,^TWII,yfinance,2y,2026-09-30,scan_20261001_173958,False,False
True,2,-0.023333390553792317,-0.03833341598510742,True,False,觀察 (跌勢收斂),8.390000343322754,2026-09-30 00:00:00,8.37050004005432,-0.0034999847412109375,True,True,0.23754349103314817,False,0.00017500996627960552,9.374501387057931,0.00017896048964412086,0.00019139284109270536,-0.23182799811358734,-1.647214681632636,-5.898452741399085,-0.23182799811358734,False,False,False,False,False,False,0.053602711047799616,False,-0.05941700991457777,中性,5364.TWO,力麗店,1,v1,phase6a,2026-07-12,0,1,2,1,1,1,v1,342,0.4587301587301587,342,0.4587301587301587,344,0.45555555555555555,^TWII,yfinance,2y,2026-09-30,scan_20261001_173958,False,False
True,0,-0.10166660944620767,-0.09833327929178873,True,False,賣出 (動能轉弱),6.110000133514404,2026-09-30 00:00:00,6.22350001335144,-0.012999987602233531,True,False,0.892434575487435,False,0.0001274506404741402,39.634301405817574,0.00013316750403230502,0.00014360025012476367,-0.44986047262718376,-2.301872000354055,-8.366894731013064,-0.44986047262718376,False,False,False,False,False,False,0.0,False,-0.1513888478647033,中性,1512.TW,瑞利,0,v1,phase6a,2026-07-12,0,0,0,0,0,0,v1,414,0.34444444444444444,414,0.34444444444444444,423,0.33015873015873015,^TWII,yfinance,2y,2026-09-30,scan_20261001_173958,False,False
True,0,-0.15000009536743164,-0.1333333651224772,True,False,賣出 (動能轉弱),12.199999809265137,2026-09-30 00:00:00,12.152500009536743,0.0049999713897701525,False,True,1.1347714023767925,False,0.0002544840843695481,15.75826171700268,0.000259275979407894,0.0002746572840703988,-0.19416785276911153,-1.5245020943517207,-4.936063382099343,-0.19416785276911153,False,False,False,False,False,False,0.06298206165296047,False,-0.14385966250770965,中性,6219.TWO,富旺,0,v1,phase6a,2026-07-12,0,0,2,0,0,0,v1,557,0.11746031746031746,557,0.11746031746031746,558,0.11587301587301588,^TWII,yfinance,2y,2026-09-30,scan_20261001_173958,False,False
True,0,8.166666666666666,7.75,True,False,買入 (動能增強),239.5,2026-09-30 00:00:00,237.325,0.29999999999998295,False,True,0.5531699062983917,False,0.004995814685195311,67.93492665692834,0.005059210549304467,0.004941784854527403,-0.1317292128971026,-0.3708005126474512,0.21795403453432893,-0.1317292128971026,False,True,True,False,False,False,0.5894516427909837,False,-0.04771371769383703,中性,2603.TW,長榮,2,v1,phase6a,2026-07-12,0,2,4,2,2,2,v1,118,0.8142857142857143,118,0.8142857142857143,132,0.792063492063492,^TWII,yfinance,2y,2026-09-30,scan_20261001_173958,False,False
True,1,-0.3333333333333333,-0.75,True,False,觀察 (跌勢收斂),173.0,2026-09-30 00:00:00,173.0,0.0,False,False,0.6925508270468785,False,0.0036086678101828347,88.71600751076885,0.0037098292166591208,0.00393592353059948,-0.2862150969834887,-1.933727942729102,-7.828669013762335,-0.2862150969834887,False,False,False,False,False,False,0.018797333972279943,False,-0.3121272365805169,中性,2645.TW,長榮航太,1,v1,phase6a,2026-07-12,0,1,1,1,1,1,v1,299,0.526984126984127,299,0.526984126984127,302,0.5222222222222223,^TWII,yfinance,2y,2026-09-30,scan_20261001_173958,False,False
True,0,0.766665776570638,0.2916653951009115,True,False,買入 (動能增強),51.5,2026-09-30 00:00:00,50.1600004196167,0.05499992370605611,False,True,0.6834671925935487,False,0.0010742566024532715,59.276749580388405,0.001078971513442641,0.0011755002770292686,-0.04597695371749699,-1.3159204444158856,-7.423220079008752,-0.04597695371749699,False,False,False,False,False,True,0.0790694991499042,False,-0.21329667136848252,中性,3694.TW,海華,2,v1,phase6a,2026-07-12,0,2,4,2,2,2,v1,153,0.7587301587301587,153,0.7587301587301587,163,0.7428571428571429,^TWII,yfinance,2y,2026-09-30,scan_20261001_173958,False,False
True,2,-0.1166666348775228,-0.1416667302449544,True,False,觀察 (跌勢收斂),12.600000381469727,2026-09-30 00:00:00,12.809999990463258,-0.019999980926513672,True,False,0.6608162476092412,False,0.0002628278369069436,23.032556208198496,0.00027325248027326737,0.0002933670646839248,-0.39997508146633054,-1.6925065706305142,-6.026276386984774,-0.39997508146633054,False,False,False,False,False,False,0.0,False,-0.11267601755539824,中性,8092.TWO,建暐,1,v1,phase6a,2026-07-12,0,1,1,1,1,1,v1,382,0.3952380952380952,382,0.3952380952380952,383,0.39365079365079364,^TWII,yfinance,2y,2026-09-30,scan_20261001_173958,False,False
False,0,-8.583333333333332,-2.083333333333334,False,True,強烈賣出 (跌破),209.0,2026-09-30 00:00:00,232.725,-1.1750000000000114,True,False,1.040679330948762,False,0.004359604464324927,71.46388384270742,0.00480503170391486,0.004510701937199117,-0.9663615563346717,-2.7060311729082187,10.971074641180145,-0.9663615563346717,False,False,True,False,False,False,0.4741366631692897,False,-0.1867704280155642,中性,2351.TW,順德,0,v1,phase6a,2026-07-12,0,0,0,0,0,0,v1,440,0.30317460317460315,440,0.30317460317460315,449,0.28888888888888886,^TWII,yfinance,2y,2026-09-30,scan_20261001_173958,False,False
True,0,-0.29166634877522785,-0.30833307902018225,True,False,觀察 (跌勢收斂),28.25,2026-09-30 00:00:00,28.592499923706054,-0.02500000000000213,True,False,2.7606515137572467,True,0.0005892766799865033,16.564514260325403,0.0006072897276987539,0.0006326895786719083,-0.3112531787958339,-1.5726289885886646,-3.0792829647563136,-0.3112531787958339,False,False,False,False,False,False,0.022622266538817683,False,-0.025862068965517238,中性,6294.TWO,智基,1,v1,phase6a,2026-07-12,0,1,1,1,1,1,v1,366,0.42063492063492064,366,0.42063492063492064,367,0.41904761904761906,^TWII,yfinance,2y,2026-09-30,scan_20261001_173958,False,False
True,0,0.2749999364217123,0.16666634877522787,True,False,買入 (動能增強),31.5,2026-09-30 00:00:00,30.61500005722046,0.04750003814697479,False,True,1.9780385528380735,True,0.0006570695723743311,42.37636872761407,0.0006554126745812734,0.0006839708571375928,0.026617843235365868,-0.9995835785446161,-4.359737174216249,0.026617843235365868,True,False,False,False,False,False,0.1572663380124598,False,-0.045454545454545414,中性,1307.TW,三芳,2,v1,phase6a,2026-07-12,0,2,4,2,2,2,v1,84,0.8682539682539683,84,0.8682539682539683,102,0.8396825396825397,^TWII,yfinance,2y,2026-09-30,scan_20261001_173958,False,False
True,0,-0.3999996185302734,-0.6916656494140625,True,False,觀察 (跌勢收斂),47.79999923706055,2026-09-30 00:00:00,47.37999992370605,0.0,False,True,1.168995008396705,False,0.0009970769859742453,40.08068742077131,0.0010103992639525568,0.00105546112301339,-0.13859881600014612,-1.423779940592551,-4.947139185917604,-0.13859881600014612,False,False,False,False,False,False,0.08575505388672812,False,-0.03042596395969921,中性,1903.TW,士紙,1,v1,phase6a,2026-07-12,0,1,2,1,1,1,v1,277,0.5619047619047619,277,0.5619047619047619,280,0.5571428571428572,^TWII,yfinance,2y,2026-09-30,scan_20261001_173958,False,False
False,0,5.916666666666666,2.916666666666667,False,True,強烈買入 (爆發),237.5,2026-09-30 00:00:00,223.75,0.9250000000000114,False,True,5.250363465255485,True,0.004954095982187418,36.19897610741089,0.00481235796857713,0.005099584979055688,0.3109949592636774,-0.6717976664624037,-5.350954885781678,0.3109949592636774,True,False,False,False,False,True,0.2347911759567695,False,-0.13321167883211682,中性,3592.TW,瑞鼎,3,v1,phase6a,2026-07-12,0,3,5,3,3,3,v1,50,0.9222222222222223,50,0.9222222222222223,65,0.8984126984126984,^TWII,yfinance,2y,2026-09-30,scan_20261001_173958,False,False
True,0,-0.43333339691162104,-0.7166668574015299,True,False,觀察 (跌勢收斂),26.950000762939453,2026-09-30 00:00:00,26.54750003814697,0.022500038146972656,False,True,0.2919904307163607,False,0.0005621595389457945,45.77080607478632,0.0005638026603484004,0.0005906258421701866,-0.030668018502388872,-0.6013071965836447,-2.258301038036603,-0.030668018502388872,False,False,False,False,False,False,0.13462309326586705,False,-0.05272407591475303,中性,3630.TWO,新鉅科,1,v1,phase6a,2026-07-12,0,1,3,1,1,1,v1,317,0.4984126984126984,317,0.4984126984126984,320,0.4936507936507937,^TWII,yfinance,2y,2026-09-30,scan_20261001_173958,False,False
True,0,-0.2600000699361165,-0.26166661580403644,True,False,觀察 (跌勢收斂),8.529999732971191,2026-09-30 00:00:00,8.533500051498413,-0.009000015258790128,False,False,1.504467050927669,True,0.0001779302627586203,81.92898028831458,0.00018069411875551705,0.0001842014842640533,-0.16074930423659595,-1.3482171450437397,-2.192622391102006,-0.16074930423659595,False,False,False,False,False,False,0.20632724481198553,False,-0.0404950052248263,中性,9105.TW,泰金寶-DR,1,v1,phase6a,2026-07-12,0,1,1,1,1,1,v1,393,0.37777777777777777,393,0.37777777777777777,394,0.3761904761904762,^TWII,yfinance,2y,2026-09-30,scan_20261001_173958,False,False
True,0,-0.5000001589457194,-0.5666667620340983,True,False,觀察 (跌勢收斂),13.800000190734863,2026-09-30 00:00:00,14.295000076293945,-0.05749998092651332,False,False,1.198628956061766,False,0.0002878590547330745,22.263476720414317,0.0003054769850099904,0.00033138428920856123,-0.6034262522591427,-2.962138814062487,-10.317224702772808,-0.6034262522591427,False,False,False,False,False,False,0.001838646975728124,False,-0.19061578837266802,中性,4402.TWO,郡都開發,1,v1,phase6a,2026-07-12,0,1,1,1,1,1,v1,325,0.4857142857142857,325,0.4857142857142857,327,0.48253968253968255,^TWII,yfinance,2y,2026-09-30,scan_20261001_173958,False,False
True,0,0.24999984105428058,0.21666653951009113,True,False,買入 (動能增強),12.449999809265137,2026-09-30 00:00:00,12.347500038146972,0.007499980926512606,False,True,1.085100057076263,False,0.00025969892224553487,49.27762898287635,0.0002637356318594036,0.00026904202139037546,-0.1608555113978838,-0.8667091977103247,-2.668748420309519,-0.1608555113978838,False,False,False,False,False,False,0.01757095517534706,False,-0.023529426724303026,中性,5324.TWO,士開,4,v1,phase6a,2026-07-12,0,4,6,4,4,4,v1,12,0.9825396825396825,12,0.9825396825396825,23,0.9650793650793651,^TWII,yfinance,2y,2026-09-30,scan_20261001_173958,False,True
True,0,-1.6583347320556638,-1.9583346048990884,True,False,觀察 (跌勢收斂),38.25,2026-09-30 00:00:00,39.28999977111816,-0.1700000762939453,False,False,1.546061023028579,True,0.0007978701950259736,47.89968051976215,0.0008366152405852507,0.0009042198080285082,-0.4851262726465633,-2.4557524975870826,-8.567834025024744,-0.4851262726465633,False,False,False,False,False,False,0.045852742892106585,False,-0.13354964474872488,中性,6624.TWO,萬年清,1,v1,phase6a,2026-07-12,0,1,1,1,1,1,v1,371,0.4126984126984127,371,0.4126984126984127,372,0.4111111111111111,^TWII,yfinance,2y,2026-09-30,scan_20261001_173958,False,False
True,0,-0.43333339691162104,-0.49166679382324213,True,False,觀察 (跌勢收斂),16.899999618530273,2026-09-30 00:00:00,17.207500076293947,-0.015000057220458274,True,False,0.2552492721850614,False,0.0003525230324594935,45.63067634085238,0.0003645823150175307,0.00037159737487782777,-0.3469706764428815,-1.462732335738126,-3.508284715508536,-0.3469706764428815,False,False,False,False,False,False,0.17394110204685584,False,-0.0714286313139263,中性,8354.TWO,冠好,2,v1,phase6a,2026-07-12,0,2,2,2,2,2,v1,229,0.638095238095238,229,0.638095238095238,229,0.638095238095238,^TWII,yfinance,2y,2026-09-30,scan_20261001_173958,True,False
True,0,-0.2250003814697266,-0.2833334604899088,True,False,觀察 (跌勢收斂),31.5,2026-09-30 00:00:00,31.437500095367433,-0.019999980926513672,True,True,0.7905302526133805,False,0.0006570695723743311,36.320346390213786,0.0006705944876845113,0.0006987667351596166,-0.21185071687565005,-1.4550645932787765,-4.765998168737228,-0.21185071687565005,False,False,False,False,False,False,0.04280678138716266,False,-0.018691542138383865,中性,1752.TW,南光,1,v1,phase6a,2026-07-12,0,1,2,1,1,1,v1,273,0.5682539682539682,273,0.5682539682539682,276,0.5634920634920635,^TWII,yfinance,2y,2026-09-30,scan_20261001_173958,False,False
True,2,0.00666673978169759,-0.008333285649617514,True,False,買入 (動能增強),6.03000020980835,2026-09-30 00:00:00,6.0175001382827755,-0.0024999856948859644,False,True,0.7917977870266978,False,0.00012578189394526665,26.444186289797255,0.0001283492532108625,0.00013362272744231801,-0.21011459419486567,-1.39277874443553,-4.095959916255265,-0.21011459419486567,False,False,False,False,False,False,0.03714180113197552,False,-0.024271783607896613,中性,6264.TWO,富裔,2,v1,phase6a,2026-07-12,0,2,3,2,2,2,v1,194,0.6936507936507936,194,0.6936507936507936,200,0.6841269841269841,^TWII,yfinance,2y,2026-09-30,scan_20261001_173958,False,False
True,0,-0.008333206176757806,0.3083337148030599,True,False,賣出 (動能轉弱),44.599998474121094,2026-09-30 00:00:00,44.732500076293945,0.0024999618530259227,False,False,0.44823116775424976,False,0.0009303270452471927,38.46478906641324,0.0009549767349380409,0.0009964540232776755,-0.27096716464092285,-1.7452030053744738,-4.165147079777798,-0.27096716464092285,False,False,False,False,False,False,0.032692644159327836,False,-0.03879316794319254,中性,6201.TW,亞弘電,0,v1,phase6a,2026-07-12,0,0,1,0,0,0,v1,555,0.12063492063492064,555,0.12063492063492064,556,0.11904761904761904,^TWII,yfinance,2y,2026-09-30,scan_20261001_173958,False,False
True,0,3.833333333333333,4.583333333333332,True,False,觀望 (動能減弱),151.0,2026-09-30 00:00:00,150.15,0.3499999999999943,False,True,0.7044112257856251,False,0.003149762077096,86.62090115649875,0.003169846098350163,0.003010549085124048,-0.06664987462764449,-0.005897115850839185,7.090861529659698,-0.06664987462764449,False,True,True,False,False,False,0.6814752027168581,False,-0.02265372168284785,中性,2881.TW,富邦金,0,v1,phase6a,2026-07-12,0,0,2,0,0,0,v1,478,0.24285714285714285,478,0.24285714285714285,486,0.23015873015873015,^TWII,yfinance,2y,2026-09-30,scan_20261001_173958,False,False
True,2,-0.0666666030883789,-0.05833307902018228,True,False,賣出 (動能轉弱),17.899999618530273,2026-09-30 00:00:00,18.00250005722046,-0.010000038146973367,False,False,5.238169160204844,True,0.0003733823839634406,25.91958164857739,0.0003843849894477236,0.00041147429257997343,-0.3003993127549065,-1.5798217483954269,-5.139564237195804,-0.3003993127549065,False,False,False,False,False,False,0.007774224890730606,False,-0.06770839024748843,中性,1586.TWO,和勤,0,v1,phase6a,2026-07-12,0,0,0,0,0,0,v1,418,0.3380952380952381,418,0.3380952380952381,427,0.3238095238095238,^TWII,yfinance,2y,2026-09-30,scan_20261001_173958,False,False
False,0,1.1500002543131511,0.3166669209798177,False,True,強烈買入 (爆發),57.29999923706055,2026-09-30 00:00:00,51.537499809265135,0.4899999618530231,False,True,1.6281904249341679,True,0.0011952408252617422,81.86330305689027,0.0010860298290435728,0.00107978412032073,1.0698493521205332,2.2839779668651916,12.695373158652856,1.0698493521205332,True,True,True,True,False,True,1.0,False,0.0,強勢 (RS強勁),8240.TWO,華宏,3,v1,phase6a,2026-07-12,3,6,5,6,3,6,v1,78,0.8777777777777778,78,0.8777777777777778,3,0.9968253968253968,^TWII,yfinance,2y,2026-09-30,scan_20261001_173958,False,False
True,0,0.21666717529296875,0.33333396911621094,True,False,觀望 (動能減弱),56.70000076293945,2026-09-30 00:00:00,56.21500015258789,0.04500007629394531,False,True,0.9028082231306522,False,0.0011827252461882184,48.632809772803284,0.0011963883230748323,0.0012172656325197366,-0.12006902248210549,-1.1385387398699987,-1.7702022461073663,-0.12006902248210549,False,False,False,False,False,False,0.08537376573708465,False,-0.012195134918661199,中性,3705.TW,永信,0,v1,phase6a,2026-07-12,0,0,2,0,0,0,v1,507,0.19682539682539682,507,0.19682539682539682,512,0.18888888888888888,^TWII,yfinance,2y,2026-09-30,scan_20261001_173958,False,False
