is_squeezed,energy_level,momentum,prev_momentum,squeeze_on,fired,Signal,Close,timestamp,ma20,ma20_slope,ma20_converging,close_above_ma20,volume_expansion_ratio,volume_expansion,rs_ratio,rs_index,rs_ema20,rs_ema60,rs_slope_1d,rs_slope_5d,rs_slope_20d,rs_slope,rs_above_ema20,rs_above_ema60,rs_ema20_above_ema60,rs_new_high_60,rs_new_high_120,rs_rising_10,rs_percentile_60,rs_high_price_not_high,price_dist_to_high_60,rs_signal,ticker,name,ranking_score,ranking_score_version,feature_schema_version,feature_schema_date,rs_component_score,experimental_score,shadow_score_ma20,shadow_score_rs,composite_score,composite_score_v2,score_version,rank_position_v1,ranking_percentile_v1,rank_position,ranking_percentile,rank_position_v2,ranking_percentile_v2,benchmark_symbol,benchmark_source,benchmark_period,benchmark_last_date,scan_id,has_houyi,has_whale
True,0,-15.333333333333332,-17.666666666666668,True,False,觀察 (跌勢收斂),177.0,2026-09-23 00:00:00,185.975,-0.20000000000001705,False,False,0.3546007989785825,False,0.0036754560617040547,530.2059046959436,0.00384358764804074,0.004109165086638905,-0.4583463397933696,-1.6841764931269765,6.71630930061744,-0.4583463397933696,False,False,False,False,False,False,0.446172613069773,False,-0.25786163522012584,中性,5475.TWO,德宏,1,v1,phase6a,2026-07-12,0,1,1,1,1,1,v1,373,0.41784037558685444,373,0.41784037558685444,376,0.4131455399061033,^TWII,yfinance,2y,2026-09-23,scan_20260924_160449,False,False
True,0,0.058333079020182296,0.05833307902018229,True,False,買入 (動能增強),22.149999618530273,2026-09-23 00:00:00,22.06500005722046,0.005000019073484907,False,True,1.2470802459096657,False,0.000459951132003783,53.97495363811315,0.0004733974465331117,0.0004822126217967937,-0.2980967206718699,-1.0646864842311254,-2.813684823573115,-0.2980967206718699,False,False,False,False,False,False,0.04387347442179723,False,-0.004494399167178753,中性,2908.TW,特力,2,v1,phase6a,2026-07-12,0,2,4,2,2,2,v1,128,0.8012519561815337,128,0.8012519561815337,146,0.7730829420970265,^TWII,yfinance,2y,2026-09-23,scan_20260924_160449,False,False
True,0,-0.5333328247070312,-0.3166656494140625,True,False,賣出 (動能轉弱),74.5,2026-09-23 00:00:00,74.62500038146973,-0.00999984741210369,True,False,1.8126032570214774,True,0.0015470139920731756,45.067891479692214,0.001597254522844236,0.0016613719566376329,-0.33000530556975827,-1.1615936267147187,-2.651992440561024,-0.33000530556975827,False,False,False,False,False,False,0.2801547392549999,False,-0.08588957055214719,中性,6934.TW,心誠鎂,0,v1,phase6a,2026-07-12,0,0,0,0,0,0,v1,601,0.06103286384976526,601,0.06103286384976526,601,0.06103286384976526,^TWII,yfinance,2y,2026-09-23,scan_20260924_160449,False,False
True,0,0.5249999364217123,0.5416663487752279,True,False,觀望 (動能減弱),29.0,2026-09-23 00:00:00,28.79750003814697,0.04499998092651225,False,True,0.6604630438727908,False,0.0006021933660419073,33.981546184914734,0.0006211144642118742,0.0006366917600282341,-0.31963968197380455,-0.5568838876851001,-3.0896459524341835,-0.31963968197380455,False,False,False,False,False,False,0.0,False,-0.15292672528964402,中性,2352.TW,佳世達,1,v1,phase6a,2026-07-12,0,1,3,1,1,1,v1,292,0.5446009389671361,292,0.5446009389671361,300,0.5320813771517997,^TWII,yfinance,2y,2026-09-23,scan_20260924_160449,True,False
True,0,0.16666539510091144,0.0666656494140625,True,False,買入 (動能增強),70.0999984741211,2026-09-23 00:00:00,70.84000015258789,-0.07500000000000284,False,False,0.7285405771082143,False,0.0014556466910573636,57.2053734839043,0.0015253386755543165,0.0015981403976904143,-0.4786402811319479,-1.3403524823489832,-5.629894311514327,-0.4786402811319479,False,False,False,False,False,False,0.0,False,-0.10814249573807067,中性,8487.TW,愛爾達-創,2,v1,phase6a,2026-07-12,0,2,2,2,2,2,v1,247,0.6150234741784038,247,0.6150234741784038,251,0.6087636932707355,^TWII,yfinance,2y,2026-09-23,scan_20260924_160449,False,False
True,0,-0.9000008900960286,-1.133334477742513,True,False,觀察 (跌勢收斂),40.5,2026-09-23 00:00:00,41.15,-0.07999992370605469,False,False,0.633332277779537,False,0.0008409941836102498,52.388027905852915,0.0008828332967723165,0.0009863925655479748,-0.4963854212775787,-1.5596383540449676,-6.713081363496798,-0.4963854212775787,False,False,False,False,False,False,0.0,False,-0.3305785123966942,中性,6821.TWO,聯寶,1,v1,phase6a,2026-07-12,0,1,1,1,1,1,v1,417,0.3489827856025039,417,0.3489827856025039,418,0.3474178403755869,^TWII,yfinance,2y,2026-09-23,scan_20260924_160449,False,False
True,0,-2.3666648864746094,-3.033331553141276,True,False,觀察 (跌勢收斂),97.80000305175781,2026-09-23 00:00:00,98.48000068664551,-0.09999999999999432,False,False,0.4913363605632206,False,0.002030845277125753,197.3340926545122,0.0020341960240942317,0.001810890928677197,-0.0173360412194401,1.5490588579612163,23.93188567693354,-0.0173360412194401,False,True,True,False,False,False,0.769512153632848,False,-0.09023252975109008,中性,2426.TW,鼎元,1,v1,phase6a,2026-07-12,0,1,1,1,1,1,v1,300,0.5320813771517997,300,0.5320813771517997,308,0.5195618153364632,^TWII,yfinance,2y,2026-09-23,scan_20260924_160449,False,False
True,0,15.333333333333332,10.0,True,False,買入 (動能增強),646.0,2026-09-23 00:00:00,620.95,1.0500000000000682,False,True,0.9989235715469161,False,0.01341437636079559,129.20396163630522,0.013396139399794362,0.013654350704371498,0.014332153313656448,-0.05935728648173155,-3.0258683436632183,0.014332153313656448,True,False,False,False,False,True,0.2301546547138528,False,-0.0409438563193254,中性,6691.TW,洋基工程,2,v1,phase6a,2026-07-12,0,2,4,2,2,2,v1,226,0.647887323943662,226,0.647887323943662,231,0.6400625978090767,^TWII,yfinance,2y,2026-09-23,scan_20260924_160449,False,False
True,1,0.033333460489908845,-0.032388369242350265,True,False,買入 (動能增強),26.200000762939453,2026-09-23 00:00:00,26.017159843444823,0.01017017364501882,False,True,0.7317864564276394,False,0.0005440505741287948,45.78183454669611,0.0005584689567272891,0.0005757826874609513,-0.2710286753193736,-1.0155937442378193,-3.127737127047603,-0.2710286753193736,False,False,False,False,False,False,0.0,False,-0.04256692104638049,中性,1732.TW,毛寶,4,v1,phase6a,2026-07-12,0,4,6,4,4,4,v1,9,0.9874804381846636,9,0.9874804381846636,14,0.9796557120500783,^TWII,yfinance,2y,2026-09-23,scan_20260924_160449,False,True
True,0,-2.999999999999999,-7.250000000000002,True,False,觀察 (跌勢收斂),199.0,2026-09-23 00:00:00,193.975,-0.22499999999999432,False,True,0.7761983611334731,False,0.004132292408356536,157.1096123633998,0.004047345518503002,0.003553294878703021,0.22141862115891975,1.5403677256491388,15.272836352200292,0.22141862115891975,True,True,True,False,False,True,0.8443998184799903,False,-0.043269230769230727,偏強 (RS上升),3498.TWO,陽程,1,v1,phase6a,2026-07-12,2,3,2,3,1,3,v1,334,0.4788732394366197,334,0.4788732394366197,96,0.8513302034428795,^TWII,yfinance,2y,2026-09-23,scan_20260924_160449,False,False
True,0,0.08333333333333333,0.01666673024495443,True,False,買入 (動能增強),14.350000381469727,2026-09-23 00:00:00,14.53250002861023,-0.014999961853026988,False,False,0.4036813322095002,False,0.000297981897669652,36.630197460188704,0.0003093912858614687,0.0003051163522895264,-0.38667678847706943,-0.01007928693087523,2.3518954043273865,-0.38667678847706943,False,False,True,False,False,True,0.5507123659841462,False,-0.04966887291740585,中性,3024.TW,憶聲,2,v1,phase6a,2026-07-12,0,2,2,2,2,2,v1,133,0.7934272300469484,133,0.7934272300469484,150,0.7668231611893583,^TWII,yfinance,2y,2026-09-23,scan_20260924_160449,False,False
True,0,0.025000572204589844,-0.19999949137369794,True,False,買入 (動能增強),17.100000381469727,2026-09-23 00:00:00,17.42250003814697,0.010000038146969814,False,False,0.060224335650297355,False,0.0003550864410012122,29.010528351699428,0.0003726738525413757,0.00039072417799027194,-0.49430764084306134,-1.3187144564486553,-3.2326462933452538,-0.49430764084306134,False,False,False,False,False,False,0.0,False,-0.08310988036270506,中性,4558.TWO,寶緯,2,v1,phase6a,2026-07-12,0,2,3,2,2,2,v1,170,0.7355242566510172,170,0.7355242566510172,183,0.7151799687010955,^TWII,yfinance,2y,2026-09-23,scan_20260924_160449,False,False
True,0,-0.20833460489908853,-0.19166819254557288,True,False,賣出 (動能轉弱),33.04999923706055,2026-09-23 00:00:00,33.249999618530275,-0.014999961853028765,False,False,1.0249345066080324,False,0.0006862927685602744,40.43306489409911,0.0007139221149237956,0.000740894797500129,-0.40572386107738945,-1.4800862009784588,-4.4943642476726104,-0.40572386107738945,False,False,False,False,False,False,0.0,False,-0.03221090013670358,中性,1234.TW,黑松,0,v1,phase6a,2026-07-12,0,0,0,0,0,0,v1,463,0.27699530516431925,463,0.27699530516431925,465,0.27386541471048514,^TWII,yfinance,2y,2026-09-23,scan_20260924_160449,False,False
True,0,5.583333333333333,1.3333333333333335,True,False,買入 (動能增強),286.5,2026-09-23 00:00:00,279.55,0.025000000000034106,False,True,0.6392787670684008,False,0.00594925515072436,104.97944361931474,0.006004725777888316,0.006154417974347164,-0.0971458355154331,0.2920683409806779,-1.185581577569239,-0.0971458355154331,False,False,False,False,False,False,0.3064819963149441,False,-0.15198188781123545,中性,6239.TW,力成,2,v1,phase6a,2026-07-12,0,2,4,2,2,2,v1,205,0.6807511737089202,205,0.6807511737089202,213,0.6682316118935837,^TWII,yfinance,2y,2026-09-23,scan_20260924_160449,False,False
True,0,0.19999996821085614,0.19166660308837888,True,False,買入 (動能增強),12.5,2026-09-23 00:00:00,12.517499923706055,-0.022499990463256125,True,False,0.059313212314609134,False,0.0002595661060525462,20.57431010915016,0.0002715701757349266,0.00029225106235271505,-0.4631341345048723,-1.8120379342499437,-8.12137361542331,-0.4631341345048723,False,False,False,False,False,False,0.019397103134163766,False,-0.2260061736684078,中性,6645.TW,金萬林-創,2,v1,phase6a,2026-07-12,0,2,2,2,2,2,v1,224,0.651017214397496,224,0.651017214397496,229,0.6431924882629108,^TWII,yfinance,2y,2026-09-23,scan_20260924_160449,False,False
True,0,-0.08333269755045575,-0.18333244323730466,True,False,觀察 (跌勢收斂),39.75,2026-09-23 00:00:00,39.64499988555908,-0.01000003814697692,True,True,0.2698065789672924,False,0.000825420217247097,49.23365153726878,0.0008518558780704694,0.0008775851384008311,-0.3255997572535807,-1.2902940518910389,-4.427802715463658,-0.3255997572535807,False,False,False,False,False,False,0.0,False,-0.02093592379474818,中性,9925.TW,新保,1,v1,phase6a,2026-07-12,0,1,2,1,1,1,v1,456,0.28794992175273865,456,0.28794992175273865,457,0.2863849765258216,^TWII,yfinance,2y,2026-09-23,scan_20260924_160449,False,False
True,1,-0.5666669209798176,-0.6666666666666667,True,False,觀察 (跌勢收斂),69.4000015258789,2026-09-23 00:00:00,69.15499992370606,0.025000000000005684,False,True,2.606783066771662,True,0.0014411110524890523,28.98542647849218,0.0014850692435635846,0.0015614082376615081,-0.3106121449203858,-1.5499418509679064,-4.860107007396408,-0.3106121449203858,False,False,False,False,False,False,0.03594536910422306,False,-0.03342620367507276,中性,7736.TW,虎山,1,v1,phase6a,2026-07-12,0,1,3,1,1,1,v1,426,0.3348982785602504,426,0.3348982785602504,427,0.3333333333333333,^TWII,yfinance,2y,2026-09-23,scan_20260924_160449,False,False
True,0,-0.12532869974772134,-0.3716538747151692,True,False,觀察 (跌勢收斂),37.95000076293945,2026-09-23 00:00:00,38.00661010742188,-0.036013031005857954,False,False,0.8654699484328915,False,0.0007880427138181882,52.82585224207543,0.000817589239564175,0.0008726778800187069,-0.37896464944414676,-1.2619980012961718,-6.008976002645483,-0.37896464944414676,False,False,False,False,False,False,0.0,False,-0.2254361394437857,中性,3059.TW,華晶科,1,v1,phase6a,2026-07-12,0,1,1,1,1,1,v1,323,0.49608763693270735,323,0.49608763693270735,330,0.48513302034428796,^TWII,yfinance,2y,2026-09-23,scan_20260924_160449,False,False
True,1,0.5500011444091796,0.633334477742513,True,False,觀望 (動能減弱),42.0,2026-09-23 00:00:00,41.860000419616696,-0.025000000000005684,True,True,0.45146290103610737,False,0.0008721421163365553,35.09142221689233,0.0008987670418403599,0.0009058824061335455,-0.3108604741539289,-0.5695507782233489,-1.5862250886736984,-0.3108604741539289,False,False,False,False,False,False,0.29528329045192914,False,-0.03780072092095266,中性,6771.TW,平和環保-創,0,v1,phase6a,2026-07-12,0,0,1,0,0,0,v1,592,0.07511737089201878,592,0.07511737089201878,592,0.07511737089201878,^TWII,yfinance,2y,2026-09-23,scan_20260924_160449,False,False
True,0,-0.025000572204589847,-0.07500108083089192,True,False,觀察 (跌勢收斂),17.200000762939453,2026-09-23 00:00:00,16.9375,0.007500076293943891,False,True,0.3352100434592504,False,0.0003571629777709615,44.02088326659447,0.00036017451728253186,0.0003525035846606234,-0.08793664767619003,-0.10945016160136545,2.9497001073858,-0.08793664767619003,False,True,True,False,False,False,0.5115560193315561,False,-0.08266662597656249,中性,5608.TW,四維航,1,v1,phase6a,2026-07-12,0,1,3,1,1,1,v1,378,0.41001564945226915,378,0.41001564945226915,381,0.405320813771518,^TWII,yfinance,2y,2026-09-23,scan_20260924_160449,False,False
True,0,-0.2333332697550456,-0.1833333969116211,True,False,賣出 (動能轉弱),20.899999618530273,2026-09-23 00:00:00,21.312499809265137,-0.05500001907348562,False,False,1.6242806757007608,True,0.0004339945213985284,34.378002763382874,0.0004582915048511397,0.0004824837171446332,-0.5549706628738549,-1.7861312226582937,-6.019694013631128,-0.5549706628738549,False,False,False,False,False,False,0.0,False,-0.10492508449309246,中性,3531.TWO,先益,0,v1,phase6a,2026-07-12,0,0,0,0,0,0,v1,530,0.17214397496087636,530,0.17214397496087636,531,0.1705790297339593,^TWII,yfinance,2y,2026-09-23,scan_20260924_160449,False,False
True,0,-0.23333342870076496,-0.3083333969116211,True,False,觀察 (跌勢收斂),14.949999809265137,2026-09-23 00:00:00,14.974999952316285,-0.020000028610228426,True,False,0.5630336491695789,False,0.0003104410588781808,32.389513104388506,0.0003221250317083854,0.0003455583461513102,-0.38035353327143806,-1.4825051044337068,-6.713511632009938,-0.38035353327143806,False,False,False,False,False,False,0.0,False,-0.11011901856009254,中性,8940.TW,新天地,1,v1,phase6a,2026-07-12,0,1,1,1,1,1,v1,454,0.29107981220657275,454,0.29107981220657275,455,0.2895148669796557,^TWII,yfinance,2y,2026-09-23,scan_20260924_160449,False,False
True,0,-0.35833326975504554,-0.3250001271565755,True,False,賣出 (動能轉弱),18.100000381469727,2026-09-23 00:00:00,18.4125,-0.019999980926513672,False,False,0.5962098588560837,False,0.0003758517294854159,33.340975693196924,0.0003946408490401687,0.00041484714679547376,-0.4986659232784074,-1.8663782660515937,-5.372320049284395,-0.4986659232784074,False,False,False,False,False,False,0.0,False,-0.1401424685278403,中性,6916.TW,華凌,0,v1,phase6a,2026-07-12,0,0,0,0,0,0,v1,599,0.06416275430359937,599,0.06416275430359937,599,0.06416275430359937,^TWII,yfinance,2y,2026-09-23,scan_20260924_160449,False,False
True,0,0.3000001907348633,0.31666692097981763,True,False,觀望 (動能減弱),12.350000381469727,2026-09-23 00:00:00,12.420000123977662,-0.007499980926512606,False,False,0.9118493247598535,False,0.00025645132070124463,32.584112607439685,0.0002677042718536405,0.00027866580998668877,-0.44052456058104594,-1.0760687054929607,-3.9169987898693526,-0.44052456058104594,False,False,False,False,False,False,0.0,False,-0.049587286960273036,中性,1454.TW,台富,0,v1,phase6a,2026-07-12,0,0,0,0,0,0,v1,471,0.2644757433489828,471,0.2644757433489828,473,0.26134585289514867,^TWII,yfinance,2y,2026-09-23,scan_20260924_160449,False,False
True,0,0.17499987284342444,0.01666641235351561,True,False,買入 (動能增強),34.95000076293945,2026-09-23 00:00:00,34.90499992370606,-0.0024999618530259227,False,True,0.551034160055636,False,0.0007257468483655771,54.57882442600734,0.0007456420433605594,0.0007550947280641176,-0.2800761610433411,-0.7458300751097102,-0.5729773491585433,-0.2800761610433411,False,False,False,False,False,False,0.4243830336274889,False,-0.01549293625522663,中性,1612.TW,宏泰,2,v1,phase6a,2026-07-12,0,2,3,2,2,2,v1,91,0.8591549295774648,91,0.8591549295774648,118,0.8169014084507042,^TWII,yfinance,2y,2026-09-23,scan_20260924_160449,False,False
True,0,-0.41666666666666663,-4.083333333333333,True,False,觀察 (跌勢收斂),249.0,2026-09-23 00:00:00,245.325,-0.700000000000017,True,True,1.2201206335790684,False,0.005170556832566721,123.73576807179955,0.005294545179951701,0.005649457245478399,-0.2459004707502932,-1.4862866372057915,-8.948622611092294,-0.2459004707502932,False,False,False,False,False,False,0.030735751295092706,False,-0.39156867464920186,中性,6435.TWO,大中,1,v1,phase6a,2026-07-12,0,1,2,1,1,1,v1,400,0.3755868544600939,400,0.3755868544600939,402,0.37245696400625977,^TWII,yfinance,2y,2026-09-23,scan_20260924_160449,False,False
True,0,0.34999974568684894,0.2499993642171224,True,False,買入 (動能增強),52.29999923706055,2026-09-23 00:00:00,52.06499977111817,-0.020000076293939628,True,True,0.5970689236313719,False,0.0010860245718811957,52.654950899521175,0.0011215341389434088,0.0011619235054643575,-0.33217295053514784,-1.1353566747483113,-4.939450638813325,-0.33217295053514784,False,False,False,False,False,False,0.0,False,-0.05942607289920254,中性,1210.TW,大成,2,v1,phase6a,2026-07-12,0,2,3,2,2,2,v1,71,0.8904538341158059,71,0.8904538341158059,100,0.8450704225352113,^TWII,yfinance,2y,2026-09-23,scan_20260924_160449,False,False
True,0,-0.12499968210856119,-0.20833301544189453,True,False,觀察 (跌勢收斂),29.600000381469727,2026-09-23 00:00:00,29.66500005722046,-0.014999961853025212,True,False,0.6346829767424063,False,0.0006146525470537584,46.34317150543476,0.0006368817982772312,0.0006524246114780215,-0.3660578341111109,-1.2722519378560504,-4.390942476983861,-0.3660578341111109,False,False,False,False,False,False,0.11147060600647793,False,-0.052799987792968794,中性,4114.TWO,健喬,1,v1,phase6a,2026-07-12,0,1,1,1,1,1,v1,346,0.460093896713615,346,0.460093896713615,352,0.4507042253521127,^TWII,yfinance,2y,2026-09-23,scan_20260924_160449,False,False
False,0,0.26666641235351557,0.2666676839192708,False,True,強烈買入 (爆發),70.0,2026-09-23 00:00:00,68.59000053405762,0.10499992370606037,False,True,1.4890962158613328,False,0.0014535701938942589,23.514262824023184,0.0014771870999573673,0.0015484921260563002,-0.1680094156331302,-1.105684089410952,-4.757805304293328,-0.1680094156331302,False,False,False,False,False,False,0.08949613217181318,False,-0.025069679321047644,中性,9910.TW,豐泰,3,v1,phase6a,2026-07-12,0,3,5,3,3,3,v1,69,0.8935837245696401,69,0.8935837245696401,79,0.8779342723004695,^TWII,yfinance,2y,2026-09-23,scan_20260924_160449,False,False
True,0,-0.14166657129923502,-0.22499990463256833,True,False,觀察 (跌勢收斂),10.800000190734863,2026-09-23 00:00:00,10.757499980926514,-0.0025000095367424535,False,True,0.9593804523482431,False,0.0002242651195900644,43.40881849025468,0.00023022635377962592,0.00023770908676748058,-0.2718162725002915,-0.8746503513004211,-3.3418241058546627,-0.2718162725002915,False,False,False,False,False,False,0.013959397287339897,False,-0.0999999841054281,中性,2323.TW,中環,2,v1,phase6a,2026-07-12,0,2,3,2,2,2,v1,104,0.838810641627543,104,0.838810641627543,129,0.7996870109546166,^TWII,yfinance,2y,2026-09-23,scan_20260924_160449,True,False
True,0,0.07500012715657552,0.09999974568684895,True,False,觀望 (動能減弱),40.95000076293945,2026-09-23 00:00:00,41.04750022888184,-0.0024999618530259227,False,False,0.6419302471166191,False,0.0008503385792707994,42.61868833835153,0.0008799019986261682,0.0008967492055408686,-0.3524223964463169,-1.1769633281471181,-2.80762699434034,-0.3524223964463169,False,False,False,False,False,False,0.09721439131774781,False,-0.013252993664109591,中性,8481.TW,政伸,0,v1,phase6a,2026-07-12,0,0,0,0,0,0,v1,626,0.02190923317683881,626,0.02190923317683881,626,0.02190923317683881,^TWII,yfinance,2y,2026-09-23,scan_20260924_160449,False,False
True,0,13.5,8.166666666666666,True,False,買入 (動能增強),987.0,2026-09-23 00:00:00,947.15,3.5499999999999545,False,True,1.094151274649873,False,0.02049533973390905,164.14844314729274,0.02016674825273776,0.019952535828484774,0.17180758310308963,-0.3031351365198387,4.7510386632240165,0.17180758310308963,True,True,True,False,False,False,0.7853356969422396,False,-0.041747572815533984,中性,6531.TW,愛普*,2,v1,phase6a,2026-07-12,1,3,4,3,2,3,v1,212,0.6697965571205008,212,0.6697965571205008,93,0.8560250391236307,^TWII,yfinance,2y,2026-09-23,scan_20260924_160449,False,False
True,0,0.3500022888183594,-0.16666539510091144,True,False,買入 (動能增強),89.9000015258789,2026-09-23 00:00:00,89.65,-0.024999999999991473,False,True,1.7213565455350948,True,0.0018667994664152282,95.01386677172843,0.0019249744836225104,0.001953744496507874,-0.31710899622193756,-1.065968570394471,-3.880444307726172,-0.31710899622193756,False,False,False,False,False,False,0.0,False,-0.03333331692603325,中性,2535.TW,達欣工,2,v1,phase6a,2026-07-12,0,2,3,2,2,2,v1,117,0.8184663536776213,117,0.8184663536776213,138,0.7856025039123631,^TWII,yfinance,2y,2026-09-23,scan_20260924_160449,False,False
True,0,-0.7166668574015299,-0.5833336512247721,True,False,賣出 (動能轉弱),18.049999237060547,2026-09-23 00:00:00,19.029999828338624,-0.07750005722045827,False,False,1.219605793968629,False,0.0003748134412972189,65.36096246710761,0.000407971194659718,0.00044249024170164234,-0.8482664743165613,-2.4578328089652546,-7.886538426554679,-0.8482664743165613,False,False,False,False,False,False,0.0,False,-0.2463466111871131,中性,7803.TW,雲象科技-創,0,v1,phase6a,2026-07-12,0,0,0,0,0,0,v1,608,0.050078247261345854,608,0.050078247261345854,608,0.050078247261345854,^TWII,yfinance,2y,2026-09-23,scan_20260924_160449,False,False
True,0,-1.0,-1.1666666666666667,True,False,觀察 (跌勢收斂),213.0,2026-09-23 00:00:00,216.425,-0.5,False,False,1.6177503651061516,True,0.004423006447135388,35.22241130325675,0.004652736057821054,0.00486394926950382,-0.517051264344659,-1.7215457571216564,-5.883270722426904,-0.517051264344659,False,False,False,False,False,False,0.0,False,-0.09872534994429005,中性,2912.TW,統一超,1,v1,phase6a,2026-07-12,0,1,1,1,1,1,v1,319,0.5023474178403756,319,0.5023474178403756,327,0.48982785602503914,^TWII,yfinance,2y,2026-09-23,scan_20260924_160449,False,False
True,0,0.11666615804036459,-0.0499998728434245,True,False,買入 (動能增強),55.599998474121094,2026-09-23 00:00:00,55.864999771118164,-0.06000003814697408,False,False,0.23427425666559828,False,0.00115455000803641,41.40313538683127,0.0012053065300415805,0.0012911917320064536,-0.4413162171465701,-1.4780618591473726,-7.198412189279302,-0.4413162171465701,False,False,False,False,False,False,0.0,False,-0.12578616653984998,中性,7791.TW,皇家可口,2,v1,phase6a,2026-07-12,0,2,2,2,2,2,v1,240,0.6259780907668232,240,0.6259780907668232,245,0.6181533646322379,^TWII,yfinance,2y,2026-09-23,scan_20260924_160449,False,False
True,0,-0.06666660308837892,-0.058333079020182296,True,False,賣出 (動能轉弱),26.899999618530273,2026-09-23 00:00:00,26.912499713897706,-0.007499980926514382,False,False,1.011562155436641,False,0.0005585862523037506,37.912507773663386,0.0005775104629597729,0.0006088672290597327,-0.3437469597489695,-1.1637363383532273,-3.7977319021399114,-0.3437469597489695,False,False,False,False,False,False,0.0,False,-0.10631231635828975,中性,6124.TWO,業強,0,v1,phase6a,2026-07-12,0,0,0,0,0,0,v1,559,0.1267605633802817,559,0.1267605633802817,559,0.1267605633802817,^TWII,yfinance,2y,2026-09-23,scan_20260924_160449,False,False
True,0,-0.30833276112874347,-0.383332888285319,True,False,觀察 (跌勢收斂),20.5,2026-09-23 00:00:00,20.73249969482422,-0.030000019073483486,False,False,0.936148435695964,False,0.00042568841392617585,23.13703546425658,0.0004444070860843677,0.0004635347891550747,-0.44141711080759594,-1.5741575049341594,-5.066894912436803,-0.44141711080759594,False,False,False,False,False,False,0.08543457124310613,False,-0.046511627906976716,中性,8426.TWO,紅木-KY,1,v1,phase6a,2026-07-12,0,1,1,1,1,1,v1,449,0.29890453834115804,449,0.29890453834115804,450,0.297339593114241,^TWII,yfinance,2y,2026-09-23,scan_20260924_160449,False,False
True,0,-0.17500003178914386,-0.20833333333333331,True,False,觀察 (跌勢收斂),13.449999809265137,2026-09-23 00:00:00,13.790000104904175,-0.03250002861022949,False,False,1.2516413240250133,False,0.0002792931261518753,36.2120797054319,0.0002943760394702572,0.0002982895354564716,-0.5364424786075905,-1.4521317417089619,-2.9020977024797667,-0.5364424786075905,False,False,False,False,False,False,0.0,False,-0.05281690211788903,中性,2906.TW,高林,1,v1,phase6a,2026-07-12,0,1,1,1,1,1,v1,318,0.5039123630672926,318,0.5039123630672926,326,0.49139280125195617,^TWII,yfinance,2y,2026-09-23,scan_20260924_160449,False,False
False,0,0.25833447774251295,-0.22499847412109372,False,True,強烈買入 (爆發),54.0,2026-09-23 00:00:00,50.417499732971194,0.14500007629394673,False,True,4.239606478211171,True,0.0011213255781469997,33.45614493060541,0.001089088613460419,0.0011610671103564026,0.31255222934216675,-0.36772388477920304,-4.591050778522343,0.31255222934216675,True,False,False,False,False,True,0.46495044440289063,False,-0.04898528833010707,中性,7547.TWO,碩網,3,v1,phase6a,2026-07-12,0,3,5,3,3,3,v1,61,0.9061032863849765,61,0.9061032863849765,73,0.8873239436619719,^TWII,yfinance,2y,2026-09-23,scan_20260924_160449,False,False
True,0,-0.16666730244954425,-0.3083337148030599,True,False,觀察 (跌勢收斂),20.350000381469727,2026-09-23 00:00:00,20.09999990463257,-0.009999942779540305,True,True,0.9654905283042707,False,0.0004225736285748742,23.134906484305564,0.0004309060291360859,0.0004535377011615916,-0.20313318129013824,-1.180117589987284,-4.167935784850152,-0.20313318129013824,False,False,False,False,False,True,0.05855561076733937,False,-0.07499998266046692,中性,8440.TWO,綠電,1,v1,phase6a,2026-07-12,0,1,2,1,1,1,v1,451,0.29577464788732394,451,0.29577464788732394,452,0.2942097026604069,^TWII,yfinance,2y,2026-09-23,scan_20260924_160449,False,False
True,0,0.01666688919067383,-0.07666651407877605,True,False,買入 (動能增強),8.34000015258789,2026-09-23 00:00:00,8.24950008392334,-0.0039999961853016686,True,True,0.677189833697888,False,0.00017318250912679042,32.388173686790616,0.00017762629020795232,0.00018834280773636402,-0.2626513418962584,-1.1009601843853578,-5.762494659211126,-0.2626513418962584,False,False,False,False,False,False,0.061213040942212395,False,-0.10897430998960633,中性,4414.TW,如興,3,v1,phase6a,2026-07-12,0,3,4,3,3,3,v1,46,0.9295774647887324,46,0.9295774647887324,63,0.9029733959311425,^TWII,yfinance,2y,2026-09-23,scan_20260924_160449,True,False
True,1,0.5083338419596355,0.7666670481363932,True,False,觀望 (動能減弱),49.650001525878906,2026-09-23 00:00:00,50.42250003814697,-0.027499961853031607,False,False,1.4552990930514242,False,0.0010309966049260294,33.37556927019011,0.0010796846416687611,0.001076352407257801,-0.47243830027423606,-1.0374782499678048,-0.7775491788152955,-0.47243830027423606,False,False,True,False,False,False,0.3552833254948803,False,-0.0433525998814871,中性,4995.TWO,晶達,0,v1,phase6a,2026-07-12,0,0,0,0,0,0,v1,549,0.14241001564945227,549,0.14241001564945227,549,0.14241001564945227,^TWII,yfinance,2y,2026-09-23,scan_20260924_160449,False,False
True,1,0.11666663487752278,0.1033332347869873,True,False,買入 (動能增強),5.820000171661377,2026-09-23 00:00:00,5.728999948501587,0.010500001907348455,False,True,0.6600612929456522,False,0.00012085398254266354,32.158597454391,0.00012342717812633054,0.00012828188453716346,-0.2189708836319859,-0.833382161421703,-3.081274113535881,-0.2189708836319859,False,False,False,False,False,False,0.11656207673847253,False,-0.029999971389770508,中性,2929.TW,淘帝-KY,2,v1,phase6a,2026-07-12,0,2,4,2,2,2,v1,131,0.7965571205007824,131,0.7965571205007824,148,0.7699530516431925,^TWII,yfinance,2y,2026-09-23,scan_20260924_160449,False,False
True,0,0.03333218892415365,0.09166590372721353,True,False,觀望 (動能減弱),33.900001525878906,2026-09-23 00:00:00,34.00750045776367,-0.022499847412113638,False,False,0.17231327702518356,False,0.000703943311299821,50.9310046669083,0.0007300146686742797,0.0007507403259831671,-0.3745233187357755,-1.2166804610681647,-3.411370528493518,-0.3745233187357755,False,False,False,False,False,False,0.0,False,-0.013100348420137742,中性,9931.TW,欣高,0,v1,phase6a,2026-07-12,0,0,0,0,0,0,v1,637,0.004694835680751174,637,0.004694835680751174,637,0.004694835680751174,^TWII,yfinance,2y,2026-09-23,scan_20260924_160449,False,False
True,0,-0.7499993642171223,-0.5666656494140625,True,False,賣出 (動能轉弱),49.5,2026-09-23 00:00:00,50.24499988555908,-0.0350000381469755,False,False,0.6909925774023137,False,0.0010278817799680832,31.63986326430565,0.0010810506397364668,0.0011712172229553055,-0.5150449241898003,-1.8809482158191226,-6.550122326912044,-0.5150449241898003,False,False,False,False,False,False,0.0,False,-0.18181818181818177,中性,8924.TWO,大田,0,v1,phase6a,2026-07-12,0,0,0,0,0,0,v1,630,0.01564945226917058,630,0.01564945226917058,630,0.01564945226917058,^TWII,yfinance,2y,2026-09-23,scan_20260924_160449,False,False
True,1,-0.28333314259847003,-0.2583332061767578,True,False,賣出 (動能轉弱),17.5,2026-09-23 00:00:00,17.64249982833862,-0.01750001907348775,False,False,0.9824896974516304,False,0.0003633925484735647,45.53933865478628,0.000377408164432766,0.00037993267848760104,-0.3893883014668198,-1.4469669104019922,-3.325331170156387,-0.3893883014668198,False,False,False,False,False,False,0.3500812453035307,False,-0.05405405405405406,中性,1742.TWO,台蠟,0,v1,phase6a,2026-07-12,0,0,0,0,0,0,v1,477,0.25508607198748046,477,0.25508607198748046,479,0.2519561815336463,^TWII,yfinance,2y,2026-09-23,scan_20260924_160449,False,False
True,0,0.21666717529296872,0.2000004450480143,True,False,買入 (動能增強),17.600000381469727,2026-09-23 00:00:00,17.39749994277954,0.0,False,True,0.06812924530615247,False,0.00036546908524331403,39.453291618781435,0.0003753848015869288,0.0003902733930078893,-0.2772796016817347,-0.9330267407214876,-4.780652313142841,-0.2772796016817347,False,False,False,False,False,True,0.026384185506650074,False,-0.02762430881006428,中性,1463.TW,強盛新,2,v1,phase6a,2026-07-12,0,2,3,2,2,2,v1,88,0.863849765258216,88,0.863849765258216,115,0.8215962441314554,^TWII,yfinance,2y,2026-09-23,scan_20260924_160449,False,False
True,0,-0.9999987284342448,-1.6833324432373047,True,False,觀察 (跌勢收斂),60.20000076293945,2026-09-23 00:00:00,60.204999923706055,-0.07999992370605469,True,False,0.6091003397637833,False,0.0012500703825917205,44.29905729199456,0.0012957058304850263,0.0014063872710953738,-0.36937301332757855,-1.8506197779994515,-8.182135553830783,-0.36937301332757855,False,False,False,False,False,False,0.0,False,-0.15449433506716337,中性,6823.TWO,濾能,1,v1,phase6a,2026-07-12,0,1,1,1,1,1,v1,418,0.3474178403755869,418,0.3474178403755869,419,0.3458528951486698,^TWII,yfinance,2y,2026-09-23,scan_20260924_160449,False,False
True,0,0.05833307902018229,-0.04166698455810547,True,False,買入 (動能增強),18.25,2026-09-23 00:00:00,17.667499923706053,0.014999961853025212,False,True,4.387731901603117,True,0.00037896651483671753,25.956925867856956,0.0003803798332857977,0.0003988036669843996,-0.039095710975334264,-1.291336337515514,-5.145383590508301,-0.039095710975334264,False,False,False,False,False,True,0.15819729121074286,False,-0.051948051948051965,中性,1418.TW,東華,2,v1,phase6a,2026-07-12,0,2,4,2,2,2,v1,83,0.8716744913928013,83,0.8716744913928013,111,0.8278560250391236,^TWII,yfinance,2y,2026-09-23,scan_20260924_160449,False,False
True,0,-0.25000015894571936,-0.24166679382324216,True,False,賣出 (動能轉弱),13.949999809265137,2026-09-23 00:00:00,14.227499866485596,-0.030000019073485262,False,False,0.04222212214015492,False,0.00028967577039397716,31.467036654562477,0.00030436777163466355,0.00033336597515273343,-0.5055423875540144,-2.020465176205566,-4.860906629373407,-0.5055423875540144,False,False,False,False,False,False,0.0,False,-0.15963858501851225,中性,5398.TWO,慕康生醫,0,v1,phase6a,2026-07-12,0,0,0,0,0,0,v1,553,0.13615023474178403,553,0.13615023474178403,553,0.13615023474178403,^TWII,yfinance,2y,2026-09-23,scan_20260924_160449,False,False
True,0,-0.6333332061767578,-0.6999998092651367,True,False,觀察 (跌勢收斂),19.850000381469727,2026-09-23 00:00:00,20.000000190734863,-0.019999980926513672,True,False,0.7641549976721699,False,0.00041219098433277235,22.830067132628173,0.00042676931273331154,0.00047213007098001616,-0.3582878836247638,-1.6333647209892055,-4.180986327875235,-0.3582878836247638,False,False,False,False,False,False,0.10627250860142673,False,-0.12938591904844043,中性,6276.TWO,安鈦克,1,v1,phase6a,2026-07-12,0,1,1,1,1,1,v1,398,0.37871674491392804,398,0.37871674491392804,400,0.3755868544600939,^TWII,yfinance,2y,2026-09-23,scan_20260924_160449,False,False
True,0,-0.18333435058593747,-0.18333435058593747,True,False,賣出 (動能轉弱),53.099998474121094,2026-09-23 00:00:00,53.069999885559085,-0.02499999999999858,False,True,0.3480430885168191,False,0.0011026367868259008,41.274033455926,0.0011399963966331607,0.0011827982943458943,-0.343779251180798,-1.2866351229758655,-4.356987498278153,-0.343779251180798,False,False,False,False,False,False,0.0,False,-0.02925049847352834,中性,2373.TW,震旦行,0,v1,phase6a,2026-07-12,0,0,1,0,0,0,v1,492,0.23161189358372458,492,0.23161189358372458,494,0.22848200312989045,^TWII,yfinance,2y,2026-09-23,scan_20260924_160449,False,False
True,0,-0.35833326975504554,-0.2749999364217122,True,False,賣出 (動能轉弱),14.0,2026-09-23 00:00:00,14.15250005722046,0.0,False,False,0.20227048620768123,False,0.0002907140387788518,21.88333329982197,0.00030275907894763293,0.00032507174828636166,-0.41703501901027007,-1.550326438177363,-3.768558262546051,-0.41703501901027007,False,False,False,False,False,False,0.0,False,-0.12225704279522365,中性,3272.TWO,東碩,0,v1,phase6a,2026-07-12,0,0,0,0,0,0,v1,528,0.1752738654147105,528,0.1752738654147105,529,0.17370892018779344,^TWII,yfinance,2y,2026-09-23,scan_20260924_160449,False,False
True,0,-1.8999977111816404,-1.5499979654947915,True,False,賣出 (動能轉弱),91.30000305175781,2026-09-23 00:00:00,90.81000022888183,0.09999999999999432,False,True,1.0665630552638443,False,0.001895870901978429,45.62231444811086,0.0019408192794579796,0.0019492857061488063,-0.24319120472493516,-1.0997471472143583,-1.9417349694796582,-0.24319120472493516,False,False,False,False,False,False,0.4006268083564482,False,-0.04297692252142049,中性,4938.TW,和碩,1,v1,phase6a,2026-07-12,0,1,3,1,1,1,v1,359,0.4397496087636933,359,0.4397496087636933,363,0.433489827856025,^TWII,yfinance,2y,2026-09-23,scan_20260924_160449,True,False
True,0,-0.16666793823242188,-0.20000076293945312,True,False,觀察 (跌勢收斂),99.0999984741211,2026-09-23 00:00:00,100.125,-0.12000007629394815,False,False,0.7534610286708229,False,0.002057840057099271,53.784931135863744,0.0021518288910324997,0.0022685728285333816,-0.4576702922809428,-1.3920626118345103,-4.833239509467557,-0.4576702922809428,False,False,False,False,False,False,0.0,False,-0.16016950445660094,中性,6791.TWO,虎門科技,1,v1,phase6a,2026-07-12,0,1,1,1,1,1,v1,414,0.3536776212832551,414,0.3536776212832551,415,0.352112676056338,^TWII,yfinance,2y,2026-09-23,scan_20260924_160449,False,False
True,1,0.050000031789143876,0.016666889190673828,True,False,買入 (動能增強),14.399999618530273,2026-09-23 00:00:00,14.427499961853027,-0.005000019073486683,False,False,1.2460825213882385,False,0.00029902014625120434,37.49434291709178,0.00030977573893269344,0.0003192868209980776,-0.3641488771143342,-1.0221021977977474,-3.1989921249370834,-0.3641488771143342,False,False,False,False,False,False,0.0,False,-0.020408176505266273,中性,1457.TW,宜進,2,v1,phase6a,2026-07-12,0,2,2,2,2,2,v1,86,0.86697965571205,86,0.86697965571205,114,0.8231611893583725,^TWII,yfinance,2y,2026-09-23,scan_20260924_160449,False,False
True,0,0.5666681925455728,1.2166684468587239,True,False,觀望 (動能減弱),80.9000015258789,2026-09-23 00:00:00,81.26500015258789,0.03500022888182741,False,False,0.29865034260037276,False,0.001679911870057395,45.843568985842744,0.0017432114163926978,0.0017881045927807284,-0.3807764522270496,-1.1740285011665352,-2.070894065701301,-0.3807764522270496,False,False,False,False,False,False,0.0,False,-0.047114251214480096,中性,6576.TWO,逸達,2,v1,phase6a,2026-07-12,0,2,3,2,2,2,v1,217,0.6619718309859155,217,0.6619718309859155,222,0.6541471048513302,^TWII,yfinance,2y,2026-09-23,scan_20260924_160449,False,True
True,0,0.266665776570638,-0.04999987284342448,True,False,買入 (動能增強),41.849998474121094,2026-09-23 00:00:00,41.22249965667724,0.0,False,True,0.8322710637772934,False,0.0008690272913786091,46.601905070796775,0.0008885290802861323,0.0009382949783503205,-0.23050321195703383,-1.034935621677846,-5.582557677519928,-0.23050321195703383,False,False,False,False,False,True,0.03296049958058952,False,-0.06893735865248762,中性,6763.TWO,綠界科技*,2,v1,phase6a,2026-07-12,0,2,3,2,2,2,v1,227,0.6463223787167449,227,0.6463223787167449,232,0.6384976525821596,^TWII,yfinance,2y,2026-09-23,scan_20260924_160449,False,False
True,0,0.11666615804036458,0.0666662851969401,True,False,買入 (動能增強),20.299999237060547,2026-09-23 00:00:00,20.164999961853027,-0.0025000572204589844,True,True,0.9324822377291343,False,0.00042153534038667724,40.19933481795976,0.0004345998702044627,0.00045988534724078126,-0.3154340043528103,-1.0968297382881964,-5.403743888067747,-0.3154340043528103,False,False,False,False,False,False,0.0,False,-0.10964912647612479,中性,3038.TW,全台,2,v1,phase6a,2026-07-12,0,2,3,2,2,2,v1,135,0.7902973395931142,135,0.7902973395931142,152,0.7636932707355243,^TWII,yfinance,2y,2026-09-23,scan_20260924_160449,False,False
True,1,-0.09166669845581053,-0.1333333651224772,True,False,觀察 (跌勢收斂),11.949999809265137,2026-09-23 00:00:00,11.977499961853027,-0.0025000095367424535,True,False,1.1185683822760326,False,0.00024814519342556974,50.94793718049257,0.00025693196463901673,0.0002692883609431076,-0.3586963656740827,-1.2390115364465326,-4.0235592191038005,-0.3586963656740827,False,False,False,False,False,False,0.0,False,-0.12246886145108782,中性,2515.TW,中工,1,v1,phase6a,2026-07-12,0,1,1,1,1,1,v1,305,0.5242566510172144,305,0.5242566510172144,313,0.5117370892018779,^TWII,yfinance,2y,2026-09-23,scan_20260924_160449,False,False
True,1,0.625,0.6416670481363932,True,False,觀望 (動能減弱),34.95000076293945,2026-09-23 00:00:00,34.69250049591064,0.02499999999999858,False,True,0.22370085727139635,False,0.0007257468483655771,38.16375857038449,0.000746311081353868,0.0007701419216130567,-0.2892085869587002,-0.6343879882692471,-2.539356637935919,-0.2892085869587002,False,False,False,False,False,False,0.0,False,-0.0641933148472199,中性,3206.TWO,志豐,0,v1,phase6a,2026-07-12,0,0,2,0,0,0,v1,525,0.17996870109546165,525,0.17996870109546165,526,0.1784037558685446,^TWII,yfinance,2y,2026-09-23,scan_20260924_160449,False,False
True,0,-1.4916667938232422,-1.575000762939453,True,False,觀察 (跌勢收斂),39.650001525878906,2026-09-23 00:00:00,40.64249954223633,-0.04749984741210511,False,False,0.35562638913402855,False,0.0008233437200839924,86.50615589881663,0.0008694898790700924,0.0009578911814424338,-0.5555561312461599,-2.2263998605948965,-7.528691665939736,-0.5555561312461599,False,False,False,False,False,False,0.0,False,-0.4143278683425641,中性,5228.TWO,鈺鎧,1,v1,phase6a,2026-07-12,0,1,1,1,1,1,v1,363,0.433489827856025,363,0.433489827856025,367,0.4272300469483568,^TWII,yfinance,2y,2026-09-23,scan_20260924_160449,False,False
True,0,0.17500003178914386,0.20833317438761392,True,False,觀望 (動能減弱),13.850000381469727,2026-09-23 00:00:00,13.72000002861023,0.020000028610230203,False,True,0.49462515920348343,False,0.00028759925342755014,35.08602592352404,0.00029395930214505317,0.0003093442824785649,-0.22722790699306605,-0.5863268432037883,0.20874626237210592,-0.22722790699306605,False,False,False,False,False,False,0.13939846140182993,False,-0.1621671765969518,中性,1309.TW,台達化,0,v1,phase6a,2026-07-12,0,0,2,0,0,0,v1,467,0.27073552425665104,467,0.27073552425665104,469,0.2676056338028169,^TWII,yfinance,2y,2026-09-23,scan_20260924_160449,False,False
False,0,0.0,-0.5833333333333333,False,True,觀察 (跌勢收斂),99.19999694824219,2026-09-23 00:00:00,95.9549991607666,0.2599998474121179,False,True,3.3752945205129383,True,0.0020599165542623758,48.29850319613776,0.002050359044133352,0.0020110171067091813,0.04909128405341523,-0.18477865161115048,0.6945749481214847,0.04909128405341523,True,True,True,False,False,True,0.6950780234635087,False,-0.0030151060478171843,偏強 (RS上升),6028.TWO,公勝保經,1,v1,phase6a,2026-07-12,1,2,3,2,1,2,v1,384,0.40062597809076683,384,0.40062597809076683,258,0.5978090766823161,^TWII,yfinance,2y,2026-09-23,scan_20260924_160449,False,False
True,0,0.18333403269449866,-0.024999618530273424,True,False,買入 (動能增強),19.600000381469727,2026-09-23 00:00:00,19.04749994277954,0.019999980926513672,False,True,2.015486440928276,True,0.0004069996622117214,52.62090141730952,0.0004103291431050272,0.0004261595377658024,-0.08533943745150374,-0.7339984826392643,-4.466873728853383,-0.08533943745150374,False,False,False,False,False,True,0.11421346334852947,False,-0.09677420772520118,中性,2208.TW,台船,5,v1,phase6a,2026-07-12,0,5,7,5,5,5,v1,2,0.9984350547730829,2,0.9984350547730829,2,0.9984350547730829,^TWII,yfinance,2y,2026-09-23,scan_20260924_160449,True,True
True,1,-0.058333396911621094,-0.10833326975504556,True,False,觀察 (跌勢收斂),19.0,2026-09-23 00:00:00,18.982500076293945,-0.010000038146973367,True,True,1.510181272370396,True,0.0003945404811998703,32.41880011417367,0.00040673093850331527,0.00042157993080543923,-0.31450037924621865,-1.1213668847663505,-2.946002285441718,-0.31450037924621865,False,False,False,False,False,False,0.0,False,-0.010416705989173769,中性,8403.TWO,盛弘,1,v1,phase6a,2026-07-12,0,1,2,1,1,1,v1,447,0.30203442879499215,447,0.30203442879499215,448,0.3004694835680751,^TWII,yfinance,2y,2026-09-23,scan_20260924_160449,False,False
True,0,6.0,5.25,True,False,買入 (動能增強),140.0,2026-09-23 00:00:00,135.95,0.42499999999998295,False,True,1.4333937521183415,False,0.0029071403877885178,54.086571327262085,0.0029388176085310596,0.0032190377184811454,-0.11333351332039054,0.9051172988884248,-0.9975866595041682,-0.11333351332039054,False,False,False,False,False,True,0.1566322127101826,False,-0.1384615384615384,中性,6568.TWO,宏觀,2,v1,phase6a,2026-07-12,1,3,4,3,2,3,v1,216,0.6635367762128326,216,0.6635367762128326,94,0.8544600938967136,^TWII,yfinance,2y,2026-09-23,scan_20260924_160449,False,False
True,2,-0.10833295186360677,-0.09166622161865234,True,False,賣出 (動能轉弱),17.950000762939453,2026-09-23 00:00:00,18.017500019073488,-0.00749998092651083,False,False,0.7766180521700313,False,0.00037273694413411424,26.822130589770964,0.0003876178566206276,0.00041529456890097946,-0.4024859090216104,-1.5234659027944852,-5.4604398196192445,-0.4024859090216104,False,False,False,False,False,False,0.0,False,-0.09571786307389452,中性,1586.TWO,和勤,0,v1,phase6a,2026-07-12,0,0,0,0,0,0,v1,474,0.2597809076682316,474,0.2597809076682316,476,0.2566510172143975,^TWII,yfinance,2y,2026-09-23,scan_20260924_160449,False,False
True,2,-0.14999898274739581,-0.2999992370605469,True,False,觀察 (跌勢收斂),68.5,2026-09-23 00:00:00,68.39000015258789,-0.015000152587887783,False,True,0.5755896361941489,False,0.0014224222611679534,39.694579869544775,0.0014679630370917848,0.0015116122157235084,-0.32549609528362833,-1.250671594627506,-3.662325951900147,-0.32549609528362833,False,False,False,False,False,False,0.011184968306578443,False,-0.0311173556323171,中性,3310.TWO,佳穎,1,v1,phase6a,2026-07-12,0,1,2,1,1,1,v1,329,0.486697965571205,329,0.486697965571205,336,0.4757433489827856,^TWII,yfinance,2y,2026-09-23,scan_20260924_160449,False,False
False,0,-0.5250005722045898,-0.36666711171468097,False,True,強烈賣出 (跌破),25.25,2026-09-23 00:00:00,25.805000019073486,-0.01750001907348775,False,False,0.45062603221525505,False,0.0005243235342261434,55.374589152467834,0.0005500387996386623,0.0005565701688343105,-0.48971347798706377,-1.6976697987868383,-1.7563869774194885,-0.48971347798706377,False,False,False,False,False,False,0.18838463753718884,False,-0.03809523809523807,中性,1236.TW,宏亞,0,v1,phase6a,2026-07-12,0,0,0,0,0,0,v1,464,0.27543035993740217,464,0.27543035993740217,466,0.27230046948356806,^TWII,yfinance,2y,2026-09-23,scan_20260924_160449,False,False
False,0,0.6749998728434244,0.27499961853027344,False,True,強烈買入 (爆發),38.70000076293945,2026-09-23 00:00:00,38.69999980926514,-0.010000038146969814,False,True,1.0062260235205334,False,0.000803616680181341,38.17590166292157,0.0008334753759848952,0.0008724862098612415,-0.37568150828255487,-0.8991190985197073,-4.772855817325549,-0.37568150828255487,False,False,False,False,False,True,0.0088138182555791,False,-0.03970219613924231,中性,6843.TWO,進典,3,v1,phase6a,2026-07-12,0,3,4,3,3,3,v1,60,0.9076682316118936,60,0.9076682316118936,72,0.8888888888888888,^TWII,yfinance,2y,2026-09-23,scan_20260924_160449,False,False
True,1,0.12499968210856119,0.008332888285319015,True,False,買入 (動能增強),30.649999618530273,2026-09-23 00:00:00,30.572500038146973,-0.010000038146973367,False,True,0.9372627816024071,False,0.0006364560841195145,44.04441333548814,0.000657894819206338,0.0006877681484259207,-0.3418471154324143,-1.1899043297391554,-4.950437956838583,-0.3418471154324143,False,False,False,False,False,False,0.0,False,-0.08779758897497947,中性,1307.TW,三芳,2,v1,phase6a,2026-07-12,0,2,3,2,2,2,v1,75,0.8841940532081377,75,0.8841940532081377,104,0.838810641627543,^TWII,yfinance,2y,2026-09-23,scan_20260924_160449,False,False
True,0,-1.1583334604899087,-1.0333334604899087,True,False,賣出 (動能轉弱),27.200000762939453,2026-09-23 00:00:00,28.80500030517578,-0.06999998092651438,False,False,0.1755009022521104,False,0.0005648158626129985,72.64942632311819,0.0006044556968955569,0.0006127968696671944,-0.6855767402506929,-1.3253304957885903,7.268776844205083,-0.6855767402506929,False,False,False,False,False,False,0.3957254341077415,False,-0.10819669629706707,中性,8937.TWO,合騏*,1,v1,phase6a,2026-07-12,0,1,1,1,1,1,v1,453,0.29264475743348983,453,0.29264475743348983,454,0.29107981220657275,^TWII,yfinance,2y,2026-09-23,scan_20260924_160449,True,False
True,0,-2.4833335876464844,-2.266666412353515,True,False,賣出 (動能轉弱),84.5999984741211,2026-09-23 00:00:00,86.29500007629395,0.22999992370606037,False,False,0.1849317113892159,False,0.0017567433740783172,185.88150108683502,0.0018167555463441927,0.0018955513105969296,-0.3465068097422419,-0.6264692622413581,6.4834052226343974,-0.3465068097422419,False,False,False,False,False,False,0.5268397261120216,False,-0.08639308997651618,中性,4577.TWO,達航科技,0,v1,phase6a,2026-07-12,0,0,1,0,0,0,v1,544,0.15023474178403756,544,0.15023474178403756,544,0.15023474178403756,^TWII,yfinance,2y,2026-09-23,scan_20260924_160449,False,False
True,0,0.4833335876464844,0.5666669209798176,True,False,觀望 (動能減弱),74.0999984741211,2026-09-23 00:00:00,74.94499969482422,-0.070000076293951,False,False,0.7931576929686571,False,0.0015387078449941784,40.50096121123321,0.0016060107799690778,0.0016189998991444092,-0.4391879062260573,-1.320711652110551,-2.3458447527665793,-0.4391879062260573,False,False,False,False,False,False,0.24058242350429043,False,-0.04263569750259566,中性,6527.TWO,明達醫,0,v1,phase6a,2026-07-12,0,0,0,0,0,0,v1,579,0.09546165884194054,579,0.09546165884194054,579,0.09546165884194054,^TWII,yfinance,2y,2026-09-23,scan_20260924_160449,False,False
True,0,14.333333333333332,11.75,True,False,買入 (動能增強),173.0,2026-09-23 00:00:00,158.0,1.125,False,True,0.9224993140422294,False,0.00359239490776724,141.4386670381858,0.003406963615648037,0.0033390647830805094,0.5762185386370078,3.024239299453879,9.06465774875167,0.5762185386370078,True,True,True,False,False,True,0.4136357830572724,False,-0.2395604395604396,偏強 (RS上升),2481.TW,強茂,3,v1,phase6a,2026-07-12,2,5,5,5,3,5,v1,37,0.9436619718309859,37,0.9436619718309859,9,0.9874804381846636,^TWII,yfinance,2y,2026-09-23,scan_20260924_160449,True,False
True,1,-0.2583338419596354,-0.4833335876464843,True,False,觀察 (跌勢收斂),42.849998474121094,2026-09-23 00:00:00,42.16499977111816,-0.007500076293950997,False,True,2.122589033800454,True,0.0008897925798628129,58.86263700601011,0.0009048882159422119,0.0009140313591307695,-0.17529555857463963,-1.0567285538442106,-3.7702290679179518,-0.17529555857463963,False,False,False,False,False,False,0.10785307479134446,False,-0.03490997744345525,中性,2618.TW,長榮航,1,v1,phase6a,2026-07-12,0,1,2,1,1,1,v1,309,0.5179968701095462,309,0.5179968701095462,317,0.5054773082942097,^TWII,yfinance,2y,2026-09-23,scan_20260924_160449,False,False
True,0,-0.8499997456868489,-0.9500001271565754,True,False,觀察 (跌勢收斂),38.45000076293945,2026-09-23 00:00:00,38.59500007629394,-0.0350000381469755,True,False,1.0876469755675535,False,0.00079842535806029,30.52210738215362,0.0008274204500685499,0.0008696352606112452,-0.36751544563981,-1.8752216276902045,-5.911512733821844,-0.36751544563981,False,False,False,False,False,False,0.016418983034289625,False,-0.04944375679301383,中性,8349.TWO,�矬�,1,v1,phase6a,2026-07-12,0,1,1,1,1,1,v1,444,0.30672926447574334,444,0.30672926447574334,445,0.3051643192488263,^TWII,yfinance,2y,2026-09-23,scan_20260924_160449,False,False
True,0,4.440892098500626e-16,-1.916666666666666,True,False,買入 (動能增強),125.5,2026-09-23 00:00:00,122.95,0.5750000000000028,False,True,1.2307222169341085,False,0.0026060437047675643,78.12218038130234,0.002612591627122769,0.002841877750742202,-0.0263750823525144,-0.8923901754421371,2.66325132572236,-0.0263750823525144,False,False,False,False,False,False,0.22307641919294652,False,-0.28490028490028485,中性,3715.TW,定穎投控,2,v1,phase6a,2026-07-12,0,2,4,2,2,2,v1,160,0.7511737089201878,160,0.7511737089201878,173,0.730829420970266,^TWII,yfinance,2y,2026-09-23,scan_20260924_160449,False,False
True,0,-0.09666657447814941,-0.12999987602233887,True,False,觀察 (跌勢收斂),6.159999847412109,2026-09-23 00:00:00,6.2650000095367435,-0.02000000476837105,False,False,1.1494920281179464,False,0.00012791417389416322,40.29975511032822,0.00013493835931552452,0.000145227816298703,-0.5449588853381315,-1.9744654536250184,-8.563287261837282,-0.5449588853381315,False,False,False,False,False,False,0.0,False,-0.14563109364486515,中性,1512.TW,瑞利,1,v1,phase6a,2026-07-12,0,1,1,1,1,1,v1,270,0.5790297339593115,270,0.5790297339593115,278,0.5665101721439749,^TWII,yfinance,2y,2026-09-23,scan_20260924_160449,False,False
True,0,-6.583333333333332,-6.25,True,False,賣出 (動能轉弱),170.5,2026-09-23 00:00:00,174.30952377319335,0.04956817626953125,False,False,0.5280102081973584,False,0.0035404816865567306,79.32977696787022,0.0036737417963296584,0.0036958991061144045,-0.3803757584998735,-0.7355680660774189,3.8311184213181138,-0.3803757584998735,False,False,False,False,False,False,0.3335207809529336,False,-0.09308510638297873,中性,7730.TW,暉盛-創,0,v1,phase6a,2026-07-12,0,0,1,0,0,0,v1,605,0.054773082942097026,605,0.054773082942097026,605,0.054773082942097026,^TWII,yfinance,2y,2026-09-23,scan_20260924_160449,False,False
True,1,-0.058333396911621094,-0.1416667302449544,True,False,觀察 (跌勢收斂),28.100000381469727,2026-09-23 00:00:00,28.12249994277954,-0.09749994277954244,False,False,0.3820479246010592,False,0.0005835046143274528,66.67089734999789,0.0006030154118008357,0.0006090279904064421,-0.33942699828845013,-0.9649817080948697,-3.147610211407581,-0.33942699828845013,False,False,False,False,False,False,0.13939451138667416,False,-0.06489181048583503,中性,2852.TW,第一保,1,v1,phase6a,2026-07-12,0,1,1,1,1,1,v1,315,0.5086071987480438,315,0.5086071987480438,323,0.49608763693270735,^TWII,yfinance,2y,2026-09-23,scan_20260924_160449,False,False
True,0,0.07499980926513672,-3.1789143882174353e-07,True,False,買入 (動能增強),31.950000762939453,2026-09-23 00:00:00,31.647500038146973,-0.0024999618530259227,True,True,0.6143042203586282,False,0.0006634509829129661,40.51839450579925,0.0006792525806512254,0.0006905777179696341,-0.2442777531372453,-0.7851553453336657,-2.9357118626112455,-0.2442777531372453,False,False,False,False,False,False,0.13614361610055842,False,-0.0015624761581420898,中性,1593.TWO,祺驊,2,v1,phase6a,2026-07-12,0,2,3,2,2,2,v1,90,0.8607198748043818,90,0.8607198748043818,117,0.8184663536776213,^TWII,yfinance,2y,2026-09-23,scan_20260924_160449,False,False
True,0,1.0643793741861978,0.45343144734700525,True,False,買入 (動能增強),60.5,2026-09-23 00:00:00,59.32105350494385,0.05551471710204936,False,True,0.08913772324118337,False,0.0012562999532943237,42.576865006436414,0.0012684176412983846,0.0012910920780030415,-0.10046097107115903,-0.07699667518383801,0.7287521488621884,-0.10046097107115903,False,False,False,False,False,True,0.29540412246618913,False,-0.0039786312483577335,中性,8099.TWO,大世科,2,v1,phase6a,2026-07-12,0,2,4,2,2,2,v1,244,0.6197183098591549,244,0.6197183098591549,248,0.6134585289514867,^TWII,yfinance,2y,2026-09-23,scan_20260924_160449,False,False
True,1,0.05833339691162109,0.05833323796590169,True,False,買入 (動能增強),14.0,2026-09-23 00:00:00,13.964999914169312,0.0,False,True,0.9264382743655372,False,0.0002907140387788518,33.7456897717682,0.0002999596723774116,0.0003112560929204258,-0.3234025256566353,-1.183865452173305,-3.3066531875367344,-0.3234025256566353,False,False,False,False,False,False,0.0,False,-0.047619035261751486,中性,9919.TW,康那香,2,v1,phase6a,2026-07-12,0,2,3,2,2,2,v1,249,0.6118935837245696,249,0.6118935837245696,253,0.6056338028169014,^TWII,yfinance,2y,2026-09-23,scan_20260924_160449,False,False
True,0,0.2666664123535156,0.5333328247070312,True,False,觀望 (動能減弱),77.0,2026-09-23 00:00:00,77.43500061035157,-0.09500007629394247,False,False,0.1798610377981881,False,0.0015989272132836848,50.22591843252903,0.0016656191826657887,0.0017056043472654854,-0.4197083570720461,-1.1925683171007728,-4.532808027747748,-0.4197083570720461,False,False,False,False,False,False,0.11498797216940655,False,-0.03266329803971524,中性,6464.TW,台數科,0,v1,phase6a,2026-07-12,0,0,0,0,0,0,v1,576,0.10015649452269171,576,0.10015649452269171,576,0.10015649452269171,^TWII,yfinance,2y,2026-09-23,scan_20260924_160449,False,False
True,1,0.2833334604899088,0.36666552225748694,True,False,觀望 (動能減弱),65.9000015258789,2026-09-23 00:00:00,65.1399995803833,0.22000007629394247,False,True,0.46265890632305146,False,0.0013684325427943394,49.390001880030795,0.001385811302826553,0.0013596956403847385,-0.1318311889014656,-0.13990640861513137,3.746181251952696,-0.1318311889014656,False,True,True,False,False,True,0.7411788844125773,False,-0.006033205240829953,中性,2354.TW,鴻準,0,v1,phase6a,2026-07-12,0,0,2,0,0,0,v1,491,0.23317683881064163,491,0.23317683881064163,493,0.2300469483568075,^TWII,yfinance,2y,2026-09-23,scan_20260924_160449,False,False
True,0,-0.17499955495198566,-0.03333282470703125,True,False,賣出 (動能轉弱),30.5,2026-09-23 00:00:00,30.689999866485596,-0.03000001907348704,False,False,2.444640140901449,True,0.0006333412987682128,47.193644444284374,0.0006587190628624566,0.0006716041872518355,-0.40389814590761075,-1.2589983252363601,-3.88238838385887,-0.40389814590761075,False,False,False,False,False,False,0.05839305554397043,False,-0.028662408581659693,中性,2008.TW,高興昌,0,v1,phase6a,2026-07-12,0,0,0,0,0,0,v1,481,0.24882629107981222,481,0.24882629107981222,483,0.24569640062597808,^TWII,yfinance,2y,2026-09-23,scan_20260924_160449,False,False
True,0,0.933331807454427,-0.2166678110758463,True,False,買入 (動能增強),67.5999984741211,2026-09-23 00:00:00,64.58999977111816,0.03999977111816122,False,True,1.6780908793484688,True,0.0014037334698468545,36.680696578275004,0.0014036327549100775,0.0014657252891906248,0.0007553010093808155,-0.9637819265293834,-9.062779280784971,0.0007553010093808155,True,False,False,False,False,True,0.1773935219762961,False,-0.1140236465224661,中性,4566.TW,時碩工業,2,v1,phase6a,2026-07-12,0,2,4,2,2,2,v1,171,0.7339593114241002,171,0.7339593114241002,184,0.7136150234741784,^TWII,yfinance,2y,2026-09-23,scan_20260924_160449,False,False
True,1,-0.16666650772094727,-0.08333317438761392,True,False,賣出 (動能轉弱),14.300000190734863,2026-09-23 00:00:00,14.630000019073487,-0.029999971389770508,False,False,0.41501901954350506,False,0.00029694362928477737,26.059297303043007,0.0003115460190609786,0.0003266695804271755,-0.49095387077597863,-1.4236037720907868,-0.8473561996429457,-0.49095387077597863,False,False,False,False,False,False,0.0785695357145077,False,-0.10742914321838071,中性,5546.TW,永固-KY,0,v1,phase6a,2026-07-12,0,0,0,0,0,0,v1,557,0.1298904538341158,557,0.1298904538341158,557,0.1298904538341158,^TWII,yfinance,2y,2026-09-23,scan_20260924_160449,False,False
True,0,-4.382802327473958,-3.280469258626302,True,False,賣出 (動能轉弱),166.5,2026-09-23 00:00:00,172.47918472290038,0.05346984863280113,False,False,0.35049592102825894,False,0.0034574205326199157,71.76776498043978,0.0036157064286891326,0.0036176171547119412,-0.4587000216595749,-0.0912796590309517,10.556310339882046,-0.4587000216595749,False,False,False,False,False,False,0.6047176185866378,False,-0.09999999999999998,中性,4977.TW,眾達-KY,0,v1,phase6a,2026-07-12,0,0,1,0,0,0,v1,548,0.14397496087636932,548,0.14397496087636932,548,0.14397496087636932,^TWII,yfinance,2y,2026-09-23,scan_20260924_160449,False,False
True,0,-0.3500000635782877,-0.8666667938232422,True,False,觀察 (跌勢收斂),14.850000381469727,2026-09-23 00:00:00,14.407499980926513,0.01249999999999929,False,True,1.6104660959594705,True,0.00030836454191175385,30.606925798187024,0.00029590376252463374,0.00027640435581373796,0.4452464887132468,-0.23299826335960727,20.991307054163478,0.4452464887132468,True,True,True,False,False,True,0.6939747458241798,False,-0.08049531069765148,偏強 (RS上升),4188.TWO,安克,1,v1,phase6a,2026-07-12,1,2,3,2,1,2,v1,347,0.458528951486698,347,0.458528951486698,256,0.6009389671361502,^TWII,yfinance,2y,2026-09-23,scan_20260924_160449,False,False
True,1,0.41666539510091144,0.2499987284342448,True,False,買入 (動能增強),76.69999694824219,2026-09-23 00:00:00,76.26500053405762,-0.010000228881835938,False,True,1.670744908578927,True,0.0015926975633677924,37.01038621295781,0.0016383486870632318,0.0016997361120962777,-0.2924486226661416,-1.0685141540435095,-3.8251059142858646,-0.2924486226661416,False,False,False,False,False,False,0.0034413722659815513,False,-0.046019956559898434,中性,6923.TW,中台,4,v1,phase6a,2026-07-12,0,4,5,4,4,4,v1,21,0.9687010954616588,21,0.9687010954616588,24,0.9640062597809077,^TWII,yfinance,2y,2026-09-23,scan_20260924_160449,False,True
True,0,0.6166667938232421,1.0999997456868489,True,False,觀望 (動能減弱),62.400001525878906,2026-09-23 00:00:00,62.78000030517578,0.04500007629394531,False,False,0.28615401936792356,False,0.0012957540330996264,72.76763535048012,0.0013340708881065457,0.0013026525291612437,-0.30142294107143863,-0.43710927686640977,4.892338384466544,-0.30142294107143863,False,False,True,False,False,False,0.6217978506844828,False,-0.03999997652493992,中性,2612.TW,中航,0,v1,phase6a,2026-07-12,0,0,1,0,0,0,v1,507,0.2081377151799687,507,0.2081377151799687,508,0.20657276995305165,^TWII,yfinance,2y,2026-09-23,scan_20260924_160449,False,False
True,0,4.833333333333333,3.416666666666666,True,False,買入 (動能增強),115.5,2026-09-23 00:00:00,110.375,0.42499999999999716,False,True,2.313798512447292,True,0.002398390819925527,172.16055532870558,0.002391111561671885,0.002400296930865148,0.032055523661322916,1.082361556390632,-2.7081213917438673,0.032055523661322916,True,False,False,False,False,True,0.1714521893898345,False,-0.3905013192612137,偏強 (RS上升),6182.TWO,合晶,3,v1,phase6a,2026-07-12,1,4,5,4,3,4,v1,54,0.917057902973396,54,0.917057902973396,39,0.9405320813771518,^TWII,yfinance,2y,2026-09-23,scan_20260924_160449,True,False
True,0,-0.17500003178914386,-0.2583333651224772,True,False,觀察 (跌勢收斂),12.0,2026-09-23 00:00:00,11.88250012397766,-0.01500000953674352,True,True,0.8694473546787072,False,0.00024918346181044437,38.84272591596722,0.0002573198365504254,0.00027553945980023174,-0.33173475207971537,-1.7222022898268907,-10.240644746577065,-0.33173475207971537,False,False,False,False,False,True,0.012579181763188261,False,-0.3268329792623733,中性,5488.TWO,松普,1,v1,phase6a,2026-07-12,0,1,2,1,1,1,v1,374,0.4162754303599374,374,0.4162754303599374,377,0.41158059467918623,^TWII,yfinance,2y,2026-09-23,scan_20260924_160449,False,False
True,1,-1.333333333333333,-1.6666666666666665,True,False,觀察 (跌勢收斂),348.0,2026-09-23 00:00:00,349.55,1.4250000000000114,False,False,0.5473842130338263,False,0.0072263203925028874,139.65350714619265,0.0073734672280268655,0.007495734405988053,-0.20962555209117495,0.005831127885902454,8.590841151920925,-0.20962555209117495,False,False,False,False,False,False,0.49302886450601957,False,-0.07446808510638303,中性,6983.TWO,華洋精機,1,v1,phase6a,2026-07-12,0,1,2,1,1,1,v1,424,0.3380281690140845,424,0.3380281690140845,425,0.3364632237871675,^TWII,yfinance,2y,2026-09-23,scan_20260924_160449,False,False
True,0,-0.43333307902018225,-0.5583330790201823,True,False,觀察 (跌勢收斂),49.75,2026-09-23 00:00:00,50.15500030517578,-0.1524999618530245,False,False,0.9582092984630323,False,0.001033073102089134,20.526119171136862,0.0010766242288123692,0.0011154513680983603,-0.424000447933115,-1.714258588839146,-5.518898531140415,-0.424000447933115,False,False,False,False,False,False,0.0,False,-0.06484963747111105,中性,4557.TW,永新-KY,1,v1,phase6a,2026-07-12,0,1,1,1,1,1,v1,356,0.4444444444444444,356,0.4444444444444444,360,0.4381846635367762,^TWII,yfinance,2y,2026-09-23,scan_20260924_160449,False,False
True,1,2.5,2.833333333333333,True,False,觀望 (動能減弱),374.5,2026-09-23 00:00:00,371.875,0.05000000000001137,False,True,0.6793970498955263,False,0.007776600537334285,36.91481613548443,0.008002462028900292,0.008168224065149086,-0.2962147028287454,-1.2565040303854635,-3.652985948690246,-0.2962147028287454,False,False,False,False,False,False,0.07623484099848578,False,-0.05904522613065322,中性,8464.TW,億豐,0,v1,phase6a,2026-07-12,0,0,2,0,0,0,v1,624,0.025039123630672927,624,0.025039123630672927,624,0.025039123630672927,^TWII,yfinance,2y,2026-09-23,scan_20260924_160449,False,False
True,0,0.11666742960611978,-0.1333325703938802,True,False,買入 (動能增強),68.5999984741211,2026-09-23 00:00:00,68.96999969482422,-0.04500007629394531,False,False,1.0572793684517907,False,0.001424498758331058,33.566567122304804,0.001481595023077378,0.0015305591406409662,-0.40401400237880525,-1.4325359918364144,-4.148180169708294,-0.40401400237880525,False,False,False,False,False,False,0.0,False,-0.047149344743824484,中性,2754.TWO,亞洲藏壽司,4,v1,phase6a,2026-07-12,0,4,4,4,4,4,v1,13,0.9812206572769953,13,0.9812206572769953,17,0.974960876369327,^TWII,yfinance,2y,2026-09-23,scan_20260924_160449,False,True
True,0,0.10833390553792317,0.02500025431315104,True,False,買入 (動能增強),18.100000381469727,2026-09-23 00:00:00,18.05500011444092,-0.0024999618530259227,False,True,1.017426133912964,False,0.0003758517294854159,21.682989227678537,0.0003878346820839306,0.00040946421602494913,-0.32417791081683633,-0.8857502442334741,-3.702030067554607,-0.32417791081683633,False,False,False,False,False,False,0.0011833989436573333,False,-0.13603819941197215,中性,1584.TWO,精剛,2,v1,phase6a,2026-07-12,0,2,3,2,2,2,v1,89,0.8622848200312989,89,0.8622848200312989,116,0.8200312989045383,^TWII,yfinance,2y,2026-09-23,scan_20260924_160449,False,False
True,1,-0.25,-0.45000012715657556,True,False,觀察 (跌勢收斂),26.450000762939453,2026-09-23 00:00:00,26.085000038146973,0.06500005722045898,False,True,0.9861634003762038,False,0.0005492418962498457,35.05561621208767,0.000552113760443412,0.0005533941455750272,-0.05472351636542916,-0.550589580332117,4.188432255418473,-0.05472351636542916,False,False,False,False,False,True,0.6086091503672159,False,-0.0018867636626621609,中性,6171.TWO,大城地產,1,v1,phase6a,2026-07-12,0,1,3,1,1,1,v1,390,0.39123630672926446,390,0.39123630672926446,392,0.38810641627543035,^TWII,yfinance,2y,2026-09-23,scan_20260924_160449,False,False
True,0,-0.09999974568684897,-0.2249994277954101,True,False,觀察 (跌勢收斂),17.549999237060547,2026-09-23 00:00:00,17.069999980926514,0.01249999999999929,False,True,2.0151335235869117,True,0.00036443079705511706,58.06605974084477,0.0003659546501310837,0.0003734024501204054,-0.04381289008430489,-0.5807899994755061,-2.6117137587137518,-0.04381289008430489,False,False,False,False,False,True,0.2930778842166729,False,-0.016806786442459365,中性,2032.TW,新鋼,1,v1,phase6a,2026-07-12,0,1,3,1,1,1,v1,285,0.5555555555555556,285,0.5555555555555556,293,0.543035993740219,^TWII,yfinance,2y,2026-09-23,scan_20260924_160449,False,False
True,1,0.09166669845581053,0.0666666030883789,True,False,買入 (動能增強),12.800000190734863,2026-09-23 00:00:00,12.729999828338624,0.0,False,True,0.7751297921135598,False,0.0002657956965584718,33.68514206927434,0.0002732077188755725,0.00028296150054537905,-0.2847617668770952,-0.7420400727399912,-2.130027003795587,-0.2847617668770952,False,False,False,False,False,False,0.0,False,-0.0447760779758305,中性,2702.TW,華園,2,v1,phase6a,2026-07-12,0,2,3,2,2,2,v1,123,0.809076682316119,123,0.809076682316119,143,0.7777777777777778,^TWII,yfinance,2y,2026-09-23,scan_20260924_160449,False,False
True,0,-0.05833307902018229,-0.13333320617675778,True,False,觀察 (跌勢收斂),17.200000762939453,2026-09-23 00:00:00,17.439999866485596,-0.03249998092651296,False,False,1.063363151808382,False,0.0003571629777709615,38.70135976133097,0.00037509849599053627,0.00038337407756639717,-0.5008003099116087,-1.5950277369449872,-6.278263956115204,-0.5008003099116087,False,False,False,False,False,False,0.03436489876315475,False,-0.09234828124241967,中性,3520.TWO,華盈,1,v1,phase6a,2026-07-12,0,1,1,1,1,1,v1,335,0.47730829420970267,335,0.47730829420970267,341,0.4679186228482003,^TWII,yfinance,2y,2026-09-23,scan_20260924_160449,False,False
True,0,1.6666679382324217,1.050000508626302,True,False,買入 (動能增強),73.0,2026-09-23 00:00:00,71.6399990081787,0.09500007629394247,False,True,0.4217886589277709,False,0.0015158660593468701,23.244733122456765,0.001539564923496665,0.0015485320017756365,-0.16177178720810925,0.1294891457778169,-1.4352469942568225,-0.16177178720810925,False,False,False,False,False,True,0.47103492575737965,False,-0.01617246627488733,中性,2348.TW,海悅,2,v1,phase6a,2026-07-12,1,3,4,3,2,3,v1,106,0.8356807511737089,106,0.8356807511737089,82,0.8732394366197183,^TWII,yfinance,2y,2026-09-23,scan_20260924_160449,False,False
True,0,0.3333320617675781,-0.1333351135253906,True,False,買入 (動能增強),71.69999694824219,2026-09-23 00:00:00,70.90499992370606,0.054999923706063214,False,True,0.4257476709667181,False,0.0014888711209467738,26.12072460291018,0.001510489010102761,0.0015093960707914702,-0.1504244159071466,-0.39247042846956015,2.167442416064369,-0.1504244159071466,False,False,True,False,False,True,0.530207422984038,False,-0.0055478714888250735,中性,6612.TWO,奈米醫材,2,v1,phase6a,2026-07-12,0,2,4,2,2,2,v1,221,0.6557120500782473,221,0.6557120500782473,226,0.647887323943662,^TWII,yfinance,2y,2026-09-23,scan_20260924_160449,False,False
True,1,0.28333282470703125,0.36666615804036456,True,False,觀望 (動能減弱),35.45000076293945,2026-09-23 00:00:00,35.525000381469724,0.02499999999999858,False,False,0.2316311659733817,False,0.000736129492607679,45.62231118221625,0.000765082070655506,0.0008099999514276974,-0.396761087749431,-1.195285785664435,-4.019428191107011,-0.396761087749431,False,False,False,False,False,False,0.0,False,-0.1081760814354854,中性,6649.TWO,台生材,0,v1,phase6a,2026-07-12,0,0,1,0,0,0,v1,585,0.08607198748043818,585,0.08607198748043818,585,0.08607198748043818,^TWII,yfinance,2y,2026-09-23,scan_20260924_160449,False,False
True,1,0.3749993642171223,0.27499961853027344,True,False,買入 (動能增強),49.099998474121094,2026-09-23 00:00:00,48.52999973297119,0.03249988555908345,False,True,0.43743671554593994,False,0.001019575632889086,53.66805786212599,0.0010458162917041736,0.0010848551468916551,-0.2634208789179415,-0.9982436577860132,-4.570134608278575,-0.2634208789179415,False,False,False,False,False,False,0.0,False,-0.04401977131525292,中性,2488.TW,漢平,2,v1,phase6a,2026-07-12,0,2,4,2,2,2,v1,114,0.8231611893583725,114,0.8231611893583725,136,0.7887323943661971,^TWII,yfinance,2y,2026-09-23,scan_20260924_160449,False,False
True,0,-0.30833435058593756,-0.7250010172526041,True,False,觀察 (跌勢收斂),37.099998474121094,2026-09-23 00:00:00,37.16749992370605,-0.04500007629394531,False,False,0.4774373235253793,False,0.0007703921710786415,37.74067571057205,0.0008084567240507892,0.0008628422129496631,-0.49316614906425027,-1.9483093226631776,-12.260724879170649,-0.49316614906425027,False,False,False,False,False,False,0.0,False,-0.2986767976562039,中性,2425.TW,承啟,1,v1,phase6a,2026-07-12,0,1,1,1,1,1,v1,299,0.5336463223787168,299,0.5336463223787168,307,0.5211267605633803,^TWII,yfinance,2y,2026-09-23,scan_20260924_160449,False,False
True,0,-0.2083339691162109,-0.2666670481363932,True,False,觀察 (跌勢收斂),32.599998474121094,2026-09-23 00:00:00,32.562499809265134,-0.01000003814697692,False,True,0.9794631733079212,False,0.0006769483728997249,33.9198362909737,0.0006986322207145697,0.000718436350049568,-0.32564735699127656,-1.2971530618206661,-4.036747197233447,-0.32564735699127656,False,False,False,False,False,False,0.0,False,-0.01659134318073696,中性,1527.TW,鑽全,1,v1,phase6a,2026-07-12,0,1,2,1,1,1,v1,272,0.5758998435054773,272,0.5758998435054773,280,0.5633802816901409,^TWII,yfinance,2y,2026-09-23,scan_20260924_160449,False,False
True,1,0.008333365122477218,-0.08333333333333334,True,False,買入 (動能增強),14.350000381469727,2026-09-23 00:00:00,14.219999933242798,0.017500019073485973,False,True,0.6194447695300427,False,0.000297981897669652,45.011878729178,0.0003064245696565604,0.0003308825290394371,-0.2891844887504158,-0.9102194990472934,-5.678120846652135,-0.2891844887504158,False,False,False,False,False,False,0.0,False,-0.20277775658501518,中性,2440.TW,太空梭,2,v1,phase6a,2026-07-12,0,2,4,2,2,2,v1,112,0.8262910798122066,112,0.8262910798122066,134,0.7918622848200313,^TWII,yfinance,2y,2026-09-23,scan_20260924_160449,False,False
True,0,0.08333333333333315,-3.9999999999999996,True,False,買入 (動能增強),269.0,2026-09-23 00:00:00,264.675,0.42500000000001137,False,True,0.3891661912030588,False,0.005585862602250795,83.63193158398352,0.005690894210117792,0.006062098801474108,-0.19389784890192496,-0.7705414999497839,-5.2107711860436945,-0.19389784890192496,False,False,False,False,False,False,0.04102057070230489,False,-0.2826666666666666,中性,6613.TWO,朋億*,2,v1,phase6a,2026-07-12,0,2,4,2,2,2,v1,222,0.6541471048513302,222,0.6541471048513302,227,0.6463223787167449,^TWII,yfinance,2y,2026-09-23,scan_20260924_160449,False,False
True,0,-6.916666666666667,-7.666666666666666,True,False,觀察 (跌勢收斂),163.5,2026-09-23 00:00:00,161.65,0.17500000000001137,False,True,1.3245529295246707,False,0.0033951246671673047,58.85398483589826,0.003455017704333044,0.003680972540747013,-0.18214225087229696,-1.82967732046182,-6.359359942663756,-0.18214225087229696,False,False,False,False,False,False,0.040259575320507134,False,-0.4046331014015587,中性,4551.TW,智伸科,1,v1,phase6a,2026-07-12,0,1,3,1,1,1,v1,355,0.4460093896713615,355,0.4460093896713615,359,0.4397496087636933,^TWII,yfinance,2y,2026-09-23,scan_20260924_160449,False,False
True,0,-0.15333350499471027,-0.038333574930826814,True,False,賣出 (動能轉弱),9.920000076293945,2026-09-23 00:00:00,10.05049991607666,0.003000020980834961,False,False,3.6645962732919255,True,0.00020599166334756648,29.245313122960624,0.00021519085795826463,0.00022283565907000154,-0.44797366970483754,-1.5758512720832951,-3.322713066230476,-0.44797366970483754,False,False,False,False,False,False,0.0,False,-0.0772092952284702,中性,8488.TW,吉源-KY,0,v1,phase6a,2026-07-12,0,0,1,0,0,0,v1,627,0.02034428794992175,627,0.02034428794992175,627,0.02034428794992175,^TWII,yfinance,2y,2026-09-23,scan_20260924_160449,False,False
True,0,0.9999999999999987,5.833333333333334,True,False,觀望 (動能減弱),520.0,2026-09-23 00:00:00,526.9,-0.14999999999997726,False,False,0.7543833737573743,False,0.010797950011785924,38.34171122432713,0.011278357125547018,0.011349535539944307,-0.4463721322827241,-1.165042379917658,-1.4661174115934483,-0.4463721322827241,False,False,False,False,False,False,0.2229716954559758,False,-0.06810035842293904,中性,2207.TW,和泰車,0,v1,phase6a,2026-07-12,0,0,0,0,0,0,v1,486,0.24100156494522693,486,0.24100156494522693,488,0.2378716744913928,^TWII,yfinance,2y,2026-09-23,scan_20260924_160449,False,False
True,0,0.02499993642171223,0.125,True,False,觀望 (動能減弱),19.149999618530273,2026-09-23 00:00:00,19.250000095367433,0.007499980926514382,False,False,0.6016098671468859,False,0.00039765526655117194,57.93237019240607,0.00041269903746375507,0.0004199704650616219,-0.38224025395918737,-1.0574580539545742,-1.753448400112978,-0.38224025395918737,False,False,False,False,False,False,0.022714136101047493,False,-0.01794873751126802,中性,2812.TW,台中銀,0,v1,phase6a,2026-07-12,0,0,1,0,0,0,v1,515,0.19561815336463223,515,0.19561815336463223,516,0.19405320813771518,^TWII,yfinance,2y,2026-09-23,scan_20260924_160449,False,False
False,0,26.570597330729164,16.810053507486977,False,True,強烈買入 (爆發),332.0,2026-09-23 00:00:00,280.03330078125,2.6489456176757358,False,True,2.6284662002924355,True,0.006894075776755628,57.456718962614936,0.006106328150669261,0.0062268905696719785,1.3766427863213027,3.060952854432153,2.045352576999959,1.3766427863213027,True,True,False,False,False,True,0.43511325424513475,False,-0.2517013016670473,偏強 (RS上升),3675.TWO,德微,3,v1,phase6a,2026-07-12,1,4,5,4,3,4,v1,45,0.9311424100156495,45,0.9311424100156495,36,0.945226917057903,^TWII,yfinance,2y,2026-09-23,scan_20260924_160449,False,False
True,0,-0.1333338419596354,-0.23333358764648438,True,False,觀察 (跌勢收斂),92.0,2026-09-23 00:00:00,91.9550006866455,-0.015000152587887783,True,True,0.9284721060253754,False,0.0019104065405467403,46.769971600494635,0.0019730621793982734,0.0020159589112182137,-0.33315512267971803,-1.2797682754329465,-3.590800124997773,-0.33315512267971803,False,False,False,False,False,False,0.08426457446985275,False,-0.016042780748663055,中性,7708.TWO,全家餐飲,1,v1,phase6a,2026-07-12,0,1,2,1,1,1,v1,425,0.3364632237871675,425,0.3364632237871675,426,0.3348982785602504,^TWII,yfinance,2y,2026-09-23,scan_20260924_160449,False,False
True,0,-0.6666666666666666,-0.6166667938232422,True,False,賣出 (動能轉弱),50.5,2026-09-23 00:00:00,50.929999923706056,-0.06000003814697408,False,False,0.6857598842936049,False,0.0010486470684522868,32.2058185581692,0.0010925761807573896,0.0011460950009344602,-0.4214469403482579,-1.66765257581718,-5.004156747414323,-0.4214469403482579,False,False,False,False,False,False,0.0,False,-0.06307980388917933,中性,9943.TW,好樂迪,0,v1,phase6a,2026-07-12,0,0,0,0,0,0,v1,639,0.001564945226917058,639,0.001564945226917058,639,0.001564945226917058,^TWII,yfinance,2y,2026-09-23,scan_20260924_160449,False,False
True,0,1.4166673024495442,1.0083332061767578,True,False,買入 (動能增強),41.45000076293945,2026-09-23 00:00:00,41.20000019073486,0.04500007629394531,False,True,0.5190733660116831,False,0.0008607212235129012,55.256906382332765,0.0008890951154783912,0.0009578516079469739,-0.3348039757065546,-0.35261802539756637,-2.933561281050534,-0.3348039757065546,False,False,False,False,False,True,0.03127293262010751,False,-0.30569513847191154,中性,6909.TW,創控,2,v1,phase6a,2026-07-12,0,2,4,2,2,2,v1,234,0.6353677621283255,234,0.6353677621283255,239,0.6275430359937402,^TWII,yfinance,2y,2026-09-23,scan_20260924_160449,False,False
True,0,0.41666666666666663,-0.18333307902018234,True,False,買入 (動能增強),72.5999984741211,2026-09-23 00:00:00,72.7599998474121,0.024999999999991473,False,False,0.4107075073112638,False,0.001507559912267873,62.580984804379646,0.001560887759593238,0.0016487531692493092,-0.35834364835073407,-1.0596408505496813,-3.33979502624846,-0.35834364835073407,False,False,False,False,False,False,0.0,False,-0.14931462530498862,中性,5469.TW,瀚宇博,2,v1,phase6a,2026-07-12,0,2,3,2,2,2,v1,187,0.7089201877934272,187,0.7089201877934272,197,0.6932707355242567,^TWII,yfinance,2y,2026-09-23,scan_20260924_160449,False,False
True,0,5.666666666666666,4.25,True,False,買入 (動能增強),114.0,2026-09-23 00:00:00,111.1,0.17499999999999716,False,True,0.43215363257325407,False,0.0023672428871992215,80.48326940533083,0.0023917914440672156,0.002443890380931467,-0.10792202872048628,0.8782617137061965,0.5810583385708723,-0.10792202872048628,False,False,False,False,False,False,0.1753449316833042,False,-0.2565507899796662,中性,6207.TWO,雷科,2,v1,phase6a,2026-07-12,0,2,4,2,2,2,v1,203,0.6838810641627543,203,0.6838810641627543,212,0.6697965571205008,^TWII,yfinance,2y,2026-09-23,scan_20260924_160449,False,False
True,0,-1.25,-1.1666666666666667,True,False,賣出 (動能轉弱),208.5,2026-09-23 00:00:00,209.3,-0.17499999999998295,False,False,1.1788032499501078,False,0.004329562648956471,48.781608473534675,0.004489449309189046,0.004618471577196769,-0.3734827105435157,-1.3202862711562235,-3.800398914452896,-0.3734827105435157,False,False,False,False,False,False,0.0,False,-0.025700934579439227,中性,3130.TW,一零四,0,v1,phase6a,2026-07-12,0,0,0,0,0,0,v1,522,0.18466353677621283,522,0.18466353677621283,523,0.18309859154929578,^TWII,yfinance,2y,2026-09-23,scan_20260924_160449,False,False
True,0,-0.48333311080932617,-0.49166647593180335,True,False,觀察 (跌勢收斂),15.75,2026-09-23 00:00:00,15.902499914169312,0.01500000953674352,False,False,1.3166168493302335,False,0.00032705329362620826,52.40276643527971,0.00033982021470528074,0.00035458006094550234,-0.39391202793801483,-1.8928055901103247,-4.059853302532357,-0.39391202793801483,False,False,False,False,False,False,0.03090252477897571,False,-0.05970149253731338,中性,4950.TWO,金耘國際,1,v1,phase6a,2026-07-12,0,1,2,1,1,1,v1,360,0.4381846635367762,360,0.4381846635367762,364,0.431924882629108,^TWII,yfinance,2y,2026-09-23,scan_20260924_160449,False,False
True,0,-1.916666666666667,4.416666666666667,True,False,賣出 (動能轉弱),223.5,2026-09-23 00:00:00,232.4,1.0250000000000057,False,False,0.6080653389169401,False,0.0046410419762195265,103.12256553058498,0.004924329651378061,0.00484196641748382,-0.6019147351464804,-0.6130897402456315,6.624175256166831,-0.6019147351464804,False,False,True,False,False,False,0.46464711494588506,False,-0.09514170040485825,中性,4576.TW,大銀微系統,0,v1,phase6a,2026-07-12,0,0,1,0,0,0,v1,543,0.15179968701095461,543,0.15179968701095461,543,0.15179968701095461,^TWII,yfinance,2y,2026-09-23,scan_20260924_160449,False,False
True,0,0.7166668574015299,0.7416667938232421,True,False,觀望 (動能減弱),22.350000381469727,2026-09-23 00:00:00,22.38999996185303,-0.059999942779541016,False,False,0.9309069513322686,False,0.0004641042055432816,22.24504974191168,0.00048562668861614475,0.0004900007589065932,-0.46434939376425177,-1.0694797739793094,-7.13889517848687,-0.46434939376425177,False,False,False,False,False,False,0.14542708814430544,False,-0.3237518639211464,中性,1435.TW,中福,1,v1,phase6a,2026-07-12,0,1,1,1,1,1,v1,265,0.5868544600938967,265,0.5868544600938967,273,0.5743348982785602,^TWII,yfinance,2y,2026-09-23,scan_20260924_160449,True,False
True,1,-1.4166666666666665,-2.9166666666666665,True,False,觀察 (跌勢收斂),159.0,2026-09-23 00:00:00,158.65,-0.09999999999999432,False,True,0.71483100492505,False,0.003301680868988388,161.6010605311065,0.0033995402010232535,0.0035365197927569895,-0.3020956626889393,-1.4806867876558605,-4.606013975908607,-0.3020956626889393,False,False,False,False,False,False,0.03976787459138993,False,-0.27519779475670436,中性,2316.TW,楠梓電,2,v1,phase6a,2026-07-12,0,2,3,2,2,2,v1,103,0.8403755868544601,103,0.8403755868544601,128,0.8012519561815337,^TWII,yfinance,2y,2026-09-23,scan_20260924_160449,True,False
True,0,-2.916665395100911,-3.083332061767578,True,False,觀察 (跌勢收斂),74.5,2026-09-23 00:00:00,77.12000007629395,-0.18499984741210085,False,False,0.4104841821598616,False,0.0015470139920731756,43.17543188951133,0.0016445247765365727,0.0017831022086850492,-0.6202780336019287,-2.219695836048763,-5.432056606304114,-0.6202780336019287,False,False,False,False,False,False,0.0,False,-0.2968994236799076,中性,6284.TWO,佳邦,1,v1,phase6a,2026-07-12,0,1,1,1,1,1,v1,399,0.37715179968701096,399,0.37715179968701096,401,0.37402190923317685,^TWII,yfinance,2y,2026-09-23,scan_20260924_160449,False,False
True,0,-0.08333349227905273,-0.05833355585734049,True,False,賣出 (動能轉弱),10.149999618530273,2026-09-23 00:00:00,10.290000057220459,-0.007500028610229137,False,False,0.4904288072137569,False,0.00021076767019333862,32.718989087197436,0.00022064151175939863,0.000230556851027373,-0.46885045798317204,-1.6131474599661133,-4.332907433566946,-0.46885045798317204,False,False,False,False,False,False,0.0,False,-0.05140188790084066,中性,9950.TWO,萬國通,0,v1,phase6a,2026-07-12,0,0,0,0,0,0,v1,640,0.0,640,0.0,640,0.0,^TWII,yfinance,2y,2026-09-23,scan_20260924_160449,False,False
True,0,0.5416666666666666,0.650000254313151,True,False,觀望 (動能減弱),44.45000076293945,2026-09-23 00:00:00,44.75,-0.0274999618530245,False,False,0.44415791214008227,False,0.0009230170889655123,38.4995319348023,0.000963975660249957,0.0010035279574386134,-0.445263456065792,-1.0093460287464384,-4.264667466979821,-0.445263456065792,False,False,False,False,False,False,0.0,False,-0.042025877129591716,中性,6201.TW,亞弘電,0,v1,phase6a,2026-07-12,0,0,0,0,0,0,v1,564,0.1189358372456964,564,0.1189358372456964,564,0.1189358372456964,^TWII,yfinance,2y,2026-09-23,scan_20260924_160449,False,False
True,0,-0.9666659037272134,-1.6166661580403647,True,False,觀察 (跌勢收斂),80.19999694824219,2026-09-23 00:00:00,81.7049991607666,-0.4749999999999943,False,False,0.392515906685916,False,0.0016653760730625054,42.6385614101306,0.001737652087787597,0.0017818871906434336,-0.4359236538146627,-0.4783730903829442,-1.1288319854552809,-0.4359236538146627,False,False,False,False,False,False,0.36902042741588637,False,-0.10590858777265733,中性,3444.TWO,利機,2,v1,phase6a,2026-07-12,0,2,2,2,2,2,v1,149,0.7683881064162754,149,0.7683881064162754,163,0.7464788732394366,^TWII,yfinance,2y,2026-09-23,scan_20260924_160449,True,False
True,0,-2.4666671752929683,-2.4666671752929688,True,False,觀察 (跌勢收斂),78.0,2026-09-23 00:00:00,79.14499969482422,0.16500015258789347,False,False,0.5252075998999219,False,0.0016196925017678886,141.0113499234502,0.001667621530240162,0.0016687690996808103,-0.30162380338930594,-0.6025639042709585,6.027155768275905,-0.30162380338930594,False,False,False,False,False,False,0.46596443713765195,False,-0.07473312958114353,中性,6209.TW,今國光,1,v1,phase6a,2026-07-12,0,1,2,1,1,1,v1,392,0.38810641627543035,392,0.38810641627543035,394,0.38497652582159625,^TWII,yfinance,2y,2026-09-23,scan_20260924_160449,False,False
True,1,-0.10833311080932616,-0.14166641235351562,True,False,觀察 (跌勢收斂),13.850000381469727,2026-09-23 00:00:00,13.927500009536743,-0.002499961853027699,True,False,0.955204252658189,False,0.00028759925342755014,26.883112526718648,0.00029901600466470654,0.00030941104172072876,-0.40029718970882033,-1.0804746922608688,-4.310052090268279,-0.40029718970882033,False,False,False,False,False,False,0.0,False,-0.06371804581952711,中性,4401.TWO,東隆興,1,v1,phase6a,2026-07-12,0,1,1,1,1,1,v1,348,0.4569640062597809,348,0.4569640062597809,353,0.4491392801251956,^TWII,yfinance,2y,2026-09-23,scan_20260924_160449,False,False
True,2,-0.00833336512247721,-0.07499996821085611,True,False,觀察 (跌勢收斂),14.649999618530273,2026-09-23 00:00:00,14.634999990463257,-0.022500038146972656,False,True,2.89085117574276,True,0.0003042114683722553,37.288163003136546,0.00031517659667271175,0.00032480081177317156,-0.3648787775585638,-1.2117610052525762,-5.761407799727403,-0.3648787775585638,False,False,False,False,False,False,0.0,False,-0.20471431942453133,中性,5450.TWO,南良,2,v1,phase6a,2026-07-12,0,2,3,2,2,2,v1,186,0.7104851330203443,186,0.7104851330203443,196,0.6948356807511737,^TWII,yfinance,2y,2026-09-23,scan_20260924_160449,True,False
True,1,-0.38333447774251295,-0.35833422342936194,True,False,賣出 (動能轉弱),41.29999923706055,2026-09-23 00:00:00,41.552499771118164,-0.039999961853027344,False,False,0.7822458354497491,False,0.0008576063985549549,40.372029051817755,0.0008900431706884271,0.0009154156317308731,-0.38215548112264797,-1.4741168638376156,-3.504060496070416,-0.38215548112264797,False,False,False,False,False,False,0.0,False,-0.019002357863559194,中性,2013.TW,中鋼構,0,v1,phase6a,2026-07-12,0,0,0,0,0,0,v1,482,0.24726134585289514,482,0.24726134585289514,484,0.24413145539906103,^TWII,yfinance,2y,2026-09-23,scan_20260924_160449,False,False
True,1,6.357828776087926e-07,-0.12499968210856113,True,False,買入 (動能增強),31.200000762939453,2026-09-23 00:00:00,30.945000171661377,0.005000019073484907,False,True,0.9837969467078768,False,0.0006478770165498132,31.188248026872976,0.0006654169271337563,0.0007094520733775041,-0.2766983529936651,-0.8546530935536922,-4.337145792884556,-0.2766983529936651,False,False,False,False,False,False,0.0,False,-0.11864408423454653,中性,6835.TW,圓裕,2,v1,phase6a,2026-07-12,0,2,4,2,2,2,v1,230,0.6416275430359938,230,0.6416275430359938,235,0.6338028169014085,^TWII,yfinance,2y,2026-09-23,scan_20260924_160449,False,False
True,0,-0.0666666030883789,-0.1333332061767578,True,False,觀察 (跌勢收斂),11.149999618530273,2026-09-23 00:00:00,11.057499933242799,-0.005000019073484907,True,True,1.0776448238011933,False,0.00023153295867754233,24.044889524458956,0.0002372604110009404,0.0002469364420875156,-0.2534605869966233,-1.2072239153753883,-4.271183986984706,-0.2534605869966233,False,False,False,False,False,False,0.011087705034378845,False,-0.05106386225274273,中性,2913.TW,農林,1,v1,phase6a,2026-07-12,0,1,2,1,1,1,v1,320,0.5007824726134585,320,0.5007824726134585,328,0.48826291079812206,^TWII,yfinance,2y,2026-09-23,scan_20260924_160449,False,False
True,0,-0.033331553141276046,-0.024998346964518227,True,False,賣出 (動能轉弱),33.95000076293945,2026-09-23 00:00:00,33.964999961853025,-0.002499961853033028,False,False,0.3041501285034293,False,0.0007049815598813734,39.328115130161414,0.0007302863114990389,0.0007671205418859679,-0.36341608235574974,-1.363995117974226,-4.717439380910138,-0.36341608235574974,False,False,False,False,False,False,0.0,False,-0.05955672581878091,中性,6242.TWO,立康,0,v1,phase6a,2026-07-12,0,0,0,0,0,0,v1,571,0.107981220657277,571,0.107981220657277,571,0.107981220657277,^TWII,yfinance,2y,2026-09-23,scan_20260924_160449,False,False
True,1,-0.02499961853027343,0.025000413258870445,True,False,賣出 (動能轉弱),13.0,2026-09-23 00:00:00,13.159999990463257,-0.01249999999999929,False,False,0.903522050320784,False,0.0002699487502946481,42.794565027032334,0.0002824561809846912,0.0002892675905817429,-0.4639528070797594,-1.5819114763289566,-4.605999218265677,-0.4639528070797594,False,False,False,False,False,False,0.11886203968818213,False,-0.1304347715146218,中性,1468.TW,昶和,1,v1,phase6a,2026-07-12,0,1,1,1,1,1,v1,267,0.5837245696400626,267,0.5837245696400626,275,0.5712050078247262,^TWII,yfinance,2y,2026-09-23,scan_20260924_160449,True,False
True,0,0.42499987284342444,0.21666638056437176,True,False,買入 (動能增強),16.700000762939453,2026-09-23 00:00:00,16.16000008583069,0.04500002861022878,False,True,1.512972092949033,True,0.0003467803335288596,42.507651532916526,0.00034615675299506753,0.00034327964594587355,0.018966120115382346,1.0383283427144008,2.681325697628245,0.018966120115382346,True,True,True,False,False,True,0.4588022829607219,False,-0.1140583328923328,偏強 (RS上升),1710.TW,東聯,2,v1,phase6a,2026-07-12,2,4,4,4,2,4,v1,94,0.8544600938967136,94,0.8544600938967136,44,0.9327073552425665,^TWII,yfinance,2y,2026-09-23,scan_20260924_160449,False,False
True,1,0.8333346048990886,0.7833340962727865,True,False,買入 (動能增強),82.9000015258789,2026-09-23 00:00:00,82.29000053405761,0.010000228881835938,False,True,0.17830421455191367,False,0.0017214424470258023,44.075147398955025,0.0017811067711592647,0.0018883702655127584,-0.3513763038821005,-1.5410821684564424,-7.343761713850161,-0.3513763038821005,False,False,False,False,False,False,0.007909597232524207,False,-0.08233580698585141,中性,4129.TWO,聯合,2,v1,phase6a,2026-07-12,0,2,4,2,2,2,v1,163,0.7464788732394366,163,0.7464788732394366,176,0.7261345852895149,^TWII,yfinance,2y,2026-09-23,scan_20260924_160449,False,False
True,0,3.3999989827473955,1.9166666666666665,True,False,買入 (動能增強),74.69999694824219,2026-09-23 00:00:00,72.42499923706055,0.0649997711181669,False,True,0.31999397417963626,False,0.001551166986399385,102.914170273591,0.0015451373004395379,0.0015729092260538776,0.04109438123458542,1.55604699863241,6.536086798065788,0.04109438123458542,True,False,False,False,False,False,0.409599131719367,False,-0.11303066338454693,中性,3162.TWO,精確,2,v1,phase6a,2026-07-12,0,2,4,2,2,2,v1,142,0.7793427230046949,142,0.7793427230046949,157,0.755868544600939,^TWII,yfinance,2y,2026-09-23,scan_20260924_160449,False,False
True,0,-0.41666603088378906,-0.4916661580403646,True,False,觀察 (跌勢收斂),23.450000762939453,2026-09-23 00:00:00,23.839999961853028,-0.039999961853027344,False,False,0.6575274443913786,False,0.0004869460307972346,24.99512203562973,0.0005116592113726794,0.0005613070706746628,-0.5058500369376717,-1.52663952890858,-5.9304730069182465,-0.5058500369376717,False,False,False,False,False,False,0.0,False,-0.18576384082804365,中性,1587.TW,吉茂,1,v1,phase6a,2026-07-12,0,1,1,1,1,1,v1,274,0.5727699530516432,274,0.5727699530516432,282,0.5602503912363067,^TWII,yfinance,2y,2026-09-23,scan_20260924_160449,False,False
True,1,-0.22500101725260413,-0.23333422342936194,True,False,觀察 (跌勢收斂),41.54999923706055,2026-09-23 00:00:00,41.67500019073486,-0.0024999618530259227,False,False,1.0979172509749007,False,0.0008627977206760059,27.950361790214497,0.0008935011080800933,0.000924961064670656,-0.3604122251654962,-1.3562356839322387,-3.687045031193603,-0.3604122251654962,False,False,False,False,False,False,0.03341234237417795,False,-0.04589748241313918,中性,6968.TWO,萬達寵物,1,v1,phase6a,2026-07-12,0,1,1,1,1,1,v1,423,0.3395931142410016,423,0.3395931142410016,424,0.3380281690140845,^TWII,yfinance,2y,2026-09-23,scan_20260924_160449,False,False
True,0,-27.58333333333333,-36.33333333333333,True,False,觀察 (跌勢收斂),490.5,2026-09-23 00:00:00,511.325,-4.474999999999966,False,False,0.8823464320399392,False,0.010185374001501914,139.5543573852864,0.010810533228877121,0.010807355749158273,-0.6050402774055552,-2.8124592297927298,-5.76939764366553,-0.6050402774055552,False,False,True,False,False,False,0.33300078045123926,False,-0.2635135135135135,中性,7795.TW,長廣,1,v1,phase6a,2026-07-12,0,1,1,1,1,1,v1,429,0.3302034428794992,429,0.3302034428794992,430,0.3286384976525822,^TWII,yfinance,2y,2026-09-23,scan_20260924_160449,False,False
True,0,5.499999999999999,8.75,True,False,觀望 (動能減弱),226.0,2026-09-23 00:00:00,236.125,0.3499999999999943,False,False,0.8226659007132632,False,0.004692955197430036,66.32730886908759,0.0049203862362044,0.004513941602313143,-0.4841935517913676,0.5366291933038836,21.572156026999913,-0.4841935517913676,False,True,True,False,False,False,0.6150392799737064,False,-0.12062256809338523,中性,2351.TW,順德,0,v1,phase6a,2026-07-12,0,0,1,0,0,0,v1,489,0.23630672926447574,489,0.23630672926447574,491,0.23317683881064163,^TWII,yfinance,2y,2026-09-23,scan_20260924_160449,False,False
True,0,-0.0750001271565755,-0.0666667620340983,True,False,賣出 (動能轉弱),10.899999618530273,2026-09-23 00:00:00,11.142500066757203,-0.022500038146972656,False,False,0.24884356957152987,False,0.0002263416365564914,31.535686438693247,0.00023925680630719178,0.0002501674755775941,-0.5650039356423386,-1.5681343247773705,-5.337553175681597,-0.5650039356423386,False,False,False,False,False,False,0.0,False,-0.0723404579974235,中性,9929.TW,秋雨,0,v1,phase6a,2026-07-12,0,0,0,0,0,0,v1,636,0.006259780907668232,636,0.006259780907668232,636,0.006259780907668232,^TWII,yfinance,2y,2026-09-23,scan_20260924_160449,False,False
True,0,0.6666666666666666,-0.5,True,False,買入 (動能增強),132.0,2026-09-23 00:00:00,130.275,-0.09999999999999432,False,True,0.5307949308052089,False,0.002741018079914888,74.14799250952926,0.002801273283599387,0.0028518585855572148,-0.22590885514987002,-0.40798180019242514,-3.5810074125403935,-0.22590885514987002,False,False,False,False,False,False,0.029720404879453165,False,-0.1826625386996904,中性,8109.TWO,博大,5,v1,phase6a,2026-07-12,0,5,6,5,5,5,v1,5,0.9937402190923318,5,0.9937402190923318,5,0.9937402190923318,^TWII,yfinance,2y,2026-09-23,scan_20260924_160449,True,True
True,0,-0.011666933695475251,-0.04833364486694335,True,False,觀察 (跌勢收斂),8.84000015258789,2026-09-23 00:00:00,8.717999982833863,0.03200001716613876,False,True,0.6604889675871398,False,0.00018356515336889227,33.4771783993118,0.00018604475129798,0.00019474287073540327,-0.14009781880852668,-0.08409675121016091,0.9570249042972101,-0.14009781880852668,False,False,False,False,False,False,0.17071638977237313,False,-0.2508474568052218,中性,1310.TW,台苯,1,v1,phase6a,2026-07-12,0,1,3,1,1,1,v1,258,0.5978090766823161,258,0.5978090766823161,266,0.5852895148669797,^TWII,yfinance,2y,2026-09-23,scan_20260924_160449,False,False
True,0,-1.4999999999999998,-1.783332824707031,True,False,觀察 (跌勢收斂),57.599998474121094,2026-09-23 00:00:00,59.264999580383304,-0.10500011444091228,False,False,0.6533421685677124,False,0.0011960805850048173,168.2145205325952,0.0012571613554813437,0.001305533507753928,-0.5088319910149686,-1.0554217902308372,-0.27703194921796515,-0.5088319910149686,False,False,False,False,False,False,0.30531562600951856,False,-0.1818182212262106,中性,1802.TW,台玻,1,v1,phase6a,2026-07-12,0,1,1,1,1,1,v1,281,0.5618153364632238,281,0.5618153364632238,289,0.5492957746478874,^TWII,yfinance,2y,2026-09-23,scan_20260924_160449,False,False
True,0,-0.3500003814697265,-0.5666669209798176,True,False,觀察 (跌勢收斂),47.75,2026-09-23 00:00:00,47.75,-0.07250003814696981,False,False,0.3152308660539827,False,0.0009915425251207266,45.817299405898694,0.0010223118990499627,0.0010204441892201664,-0.31581873153126994,-0.8402301247426247,-2.8888247820268775,-0.31581873153126994,False,False,True,False,False,False,0.39574129024492904,False,-0.06555770203824285,中性,2362.TW,藍天,1,v1,phase6a,2026-07-12,0,1,1,1,1,1,v1,293,0.543035993740219,293,0.543035993740219,301,0.5305164319248826,^TWII,yfinance,2y,2026-09-23,scan_20260924_160449,False,False
True,1,3.178914387835796e-07,-0.05833307902018231,True,False,買入 (動能增強),28.850000381469727,2026-09-23 00:00:00,28.755000114440918,0.010000038146973367,False,True,0.698345050367336,False,0.0005990785806906056,45.59850557285618,0.0006149983424984347,0.0006412329975869499,-0.27174229987539933,-0.3258654017957219,-0.675645775086664,-0.27174229987539933,False,False,False,False,False,False,0.18999398696402583,False,-0.1561372031485625,中性,6134.TWO,萬旭,2,v1,phase6a,2026-07-12,0,2,4,2,2,2,v1,199,0.6901408450704225,199,0.6901408450704225,208,0.676056338028169,^TWII,yfinance,2y,2026-09-23,scan_20260924_160449,False,False
True,0,-0.8499991099039713,-0.8333326975504557,True,False,賣出 (動能轉弱),37.150001525878906,2026-09-23 00:00:00,37.687500190734866,-0.05749988555908203,True,False,3.438971482990318,True,0.0007714304988734831,35.450385167866564,0.0008026475196077468,0.0008121565650279748,-0.40772620739916166,-1.8859775241051535,-2.5128998742236286,-0.40772620739916166,False,False,False,False,False,False,0.372288905535998,False,-0.04252571504191205,中性,2948.TWO,寶陞,0,v1,phase6a,2026-07-12,0,0,0,0,0,0,v1,517,0.19248826291079812,517,0.19248826291079812,518,0.19092331768388107,^TWII,yfinance,2y,2026-09-23,scan_20260924_160449,False,False
True,0,0.5166676839192708,1.0166676839192708,True,False,觀望 (動能減弱),64.80000305175781,2026-09-23 00:00:00,64.07500095367432,0.10000019073486754,False,True,0.7703006312185728,False,0.001345590757147031,35.69540753294594,0.0013812876472909705,0.0014466867541718304,-0.27129564751829927,-0.7372222110544335,-3.0723417419973975,-0.27129564751829927,False,False,False,False,False,True,0.03143139561270004,False,-0.054014553988937064,中性,8272.TWO,全景軟體,0,v1,phase6a,2026-07-12,0,0,2,0,0,0,v1,616,0.03755868544600939,616,0.03755868544600939,616,0.03755868544600939,^TWII,yfinance,2y,2026-09-23,scan_20260924_160449,False,False
True,0,-0.3916667302449544,-0.4666668574015299,True,False,觀察 (跌勢收斂),18.700000762939453,2026-09-23 00:00:00,18.98750009536743,-0.022499942779543147,True,False,0.9312845692264807,False,0.000388310910497267,23.109060803591735,0.000406347634593601,0.00042269178089988896,-0.4650630829577951,-1.6443152247407555,-4.8863795308444535,-0.4650630829577951,False,False,False,False,False,False,0.0,False,-0.08780484083222184,中性,4102.TWO,永日,2,v1,phase6a,2026-07-12,0,2,2,2,2,2,v1,161,0.7496087636932708,161,0.7496087636932708,174,0.729264475743349,^TWII,yfinance,2y,2026-09-23,scan_20260924_160449,True,False
True,1,-0.4833335876464843,-0.5333334604899088,True,False,觀察 (跌勢收斂),60.20000076293945,2026-09-23 00:00:00,60.35,-0.04499988555907919,False,False,0.406476966576212,False,0.0012500703825917205,16.729640893286533,0.0012969770059944854,0.0014151351133963699,-0.3792521808269944,-1.5221011346571278,-5.268856896000463,-0.3792521808269944,False,False,False,False,False,False,0.0,False,-0.11757633090726127,中性,7818.TW,溢泰實業,1,v1,phase6a,2026-07-12,0,1,1,1,1,1,v1,430,0.3286384976525822,430,0.3286384976525822,431,0.3270735524256651,^TWII,yfinance,2y,2026-09-23,scan_20260924_160449,False,False
True,1,0.4500001271565755,0.16666666666666666,True,False,買入 (動能增強),60.79999923706055,2026-09-23 00:00:00,60.89999961853027,-0.02499999999999858,False,False,1.356604266728771,False,0.001262529523996927,41.38377543311139,0.0013051082878780343,0.001340167785483581,-0.3422425526463768,-0.6641952357102077,-1.7297562796824484,-0.3422425526463768,False,False,False,False,False,False,0.09492844365617448,False,-0.03320870507686968,中性,6150.TWO,撼訊,3,v1,phase6a,2026-07-12,0,3,3,3,3,3,v1,53,0.918622848200313,53,0.918622848200313,68,0.8951486697965572,^TWII,yfinance,2y,2026-09-23,scan_20260924_160449,True,False
True,0,-0.541675567626953,-0.7468363444010415,True,False,觀察 (跌勢收斂),120.0,2026-09-23 00:00:00,120.04503707885742,0.4028141021728544,False,False,0.4360502265455013,False,0.002491834618104444,275.35388056184775,0.002492728489595443,0.0022985142843998502,-0.003774505919473814,0.4609149485019781,22.023933471541966,-0.003774505919473814,False,True,True,False,False,False,0.7976017595420636,False,-0.06302117624183368,中性,1815.TWO,富喬,1,v1,phase6a,2026-07-12,0,1,2,1,1,1,v1,283,0.5586854460093896,283,0.5586854460093896,291,0.5461658841940532,^TWII,yfinance,2y,2026-09-23,scan_20260924_160449,False,False
True,1,-2.4832280476888022,-1.2131983439127603,True,False,賣出 (動能轉弱),265.0,2026-09-23 00:00:00,262.90941696166993,0.724657440185581,False,True,0.463465357001289,False,0.00550280144831398,105.04323293532242,0.005602207024943929,0.005862019715119099,-0.186430762420986,-0.6311530843005952,1.0949951685963244,-0.186430762420986,False,False,False,False,False,False,0.27268053878633397,False,-0.21996532049348994,中性,4760.TWO,勤凱,0,v1,phase6a,2026-07-12,0,0,2,0,0,0,v1,545,0.1486697965571205,545,0.1486697965571205,545,0.1486697965571205,^TWII,yfinance,2y,2026-09-23,scan_20260924_160449,False,False
True,0,-0.40833346048990876,-0.39166673024495435,True,False,賣出 (動能轉弱),14.300000190734863,2026-09-23 00:00:00,14.404999923706054,-0.01500000953674352,False,False,0.8930256724584794,False,0.00029694362928477737,27.754058148871643,0.00030907611275773314,0.0003291762167980825,-0.41150001239615985,-2.0833209302209554,-6.434570864511779,-0.41150001239615985,False,False,False,False,False,False,0.005698361553536567,False,-0.07741934253323468,中性,8450.TWO,霹靂,0,v1,phase6a,2026-07-12,0,0,0,0,0,0,v1,622,0.028169014084507043,622,0.028169014084507043,622,0.028169014084507043,^TWII,yfinance,2y,2026-09-23,scan_20260924_160449,False,False
True,1,12.500000000000002,11.0,True,False,買入 (動能增強),545.0,2026-09-23 00:00:00,544.3,-0.6000000000000227,False,True,0.8818347303961199,False,0.011317082223891016,53.90803422372907,0.011681206175539628,0.011554248874399271,-0.3270508341378875,-0.48621487307213274,-0.9407860886806563,-0.3270508341378875,False,False,True,False,False,False,0.43936074449655144,False,-0.023297491039426577,中性,3034.TW,聯詠,2,v1,phase6a,2026-07-12,0,2,3,2,2,2,v1,134,0.7918622848200313,134,0.7918622848200313,151,0.7652582159624414,^TWII,yfinance,2y,2026-09-23,scan_20260924_160449,False,False
False,0,-0.05000050862630209,-0.6666666666666667,False,True,強烈賣出 (跌破),92.0,2026-09-23 00:00:00,91.2599998474121,0.00999984741210369,False,True,0.4812724844488829,False,0.0019104065405467403,26.671276466705226,0.0019688128163423764,0.002107590823096998,-0.31129878070857986,-1.4037531051113161,-6.840606361211831,-0.31129878070857986,False,False,False,False,False,True,0.00565253382925665,False,-0.15596330275229353,中性,6569.TWO,醫揚,0,v1,phase6a,2026-07-12,0,0,2,0,0,0,v1,582,0.09076682316118936,582,0.09076682316118936,582,0.09076682316118936,^TWII,yfinance,2y,2026-09-23,scan_20260924_160449,False,False
True,0,-0.6083329518636067,-0.53333314259847,True,False,賣出 (動能轉弱),25.0,2026-09-23 00:00:00,25.73250017166138,-0.047500038146971235,False,False,2.562360477530816,True,0.0005191322121050924,25.46761164684212,0.000547995902989034,0.0005639545931655629,-0.5513783585140541,-1.8853023689180848,-2.4239331189920166,-0.5513783585140541,False,False,False,False,False,False,0.0,False,-0.05904237719297678,中性,4190.TW,佐登-KY,0,v1,phase6a,2026-07-12,0,0,0,0,0,0,v1,537,0.16118935837245696,537,0.16118935837245696,537,0.16118935837245696,^TWII,yfinance,2y,2026-09-23,scan_20260924_160449,False,False
True,0,0.375,0.09999990463256839,True,False,買入 (動能增強),15.0,2026-09-23 00:00:00,14.352499961853027,0.03000001907348704,False,True,1.968275632978407,True,0.0003114793272630555,76.52831804079136,0.000308646916397307,0.00031618512263927235,0.09669197455497436,0.20646287403538466,-1.782542515667218,0.09669197455497436,True,False,False,False,False,True,0.2170730939389901,False,-0.18918918918918914,偏強 (RS上升),6116.TW,彩晶,3,v1,phase6a,2026-07-12,1,4,5,4,3,4,v1,50,0.9233176838810642,50,0.9233176838810642,38,0.9420970266040689,^TWII,yfinance,2y,2026-09-23,scan_20260924_160449,True,False
True,0,-4.416666666666667,-6.416666666666666,True,False,觀察 (跌勢收斂),176.5,2026-09-23 00:00:00,177.25,-0.07499999999998863,False,False,0.5211712143141896,False,0.003665073417461953,73.07921600653329,0.0037936584410423655,0.004114134525044851,-0.35551817645333994,-0.7280878191251783,-5.043407322879723,-0.35551817645333994,False,False,False,False,False,False,0.03532035948095399,False,-0.2911646586345381,中性,8027.TWO,鈦昇,1,v1,phase6a,2026-07-12,0,1,1,1,1,1,v1,433,0.323943661971831,433,0.323943661971831,434,0.3223787167449139,^TWII,yfinance,2y,2026-09-23,scan_20260924_160449,False,False
True,0,0.3749999999999999,0.6749998728434244,True,False,觀望 (動能減弱),42.20000076293945,2026-09-23 00:00:00,42.52999973297119,0.005000114440917969,False,False,0.46127234287910823,False,0.0008762951898760539,40.03840559615206,0.0009133771413600733,0.0009441956171311574,-0.4255364955667251,-1.1421962280697695,-2.620400761053987,-0.4255364955667251,False,False,False,False,False,False,0.0,False,-0.07354552206875686,中性,3168.TW,眾福科,0,v1,phase6a,2026-07-12,0,0,1,0,0,0,v1,524,0.18153364632237873,524,0.18153364632237873,525,0.17996870109546165,^TWII,yfinance,2y,2026-09-23,scan_20260924_160449,False,False
True,0,0.1999998092651367,-0.049999872843424435,True,False,買入 (動能增強),26.299999237060547,2026-09-23 00:00:00,26.485000228881837,-0.05250005722045614,False,False,0.5974679917835142,False,0.0005461270712918995,47.93094958307682,0.0005739291450610882,0.0006273634418001202,-0.5073251745254082,-1.3629363921806248,-9.069915522979954,-0.5073251745254082,False,False,False,False,False,False,0.0,False,-0.3003239904665107,中性,3060.TW,銘異,2,v1,phase6a,2026-07-12,0,2,2,2,2,2,v1,138,0.7856025039123631,138,0.7856025039123631,154,0.7605633802816901,^TWII,yfinance,2y,2026-09-23,scan_20260924_160449,False,False
True,1,-17.833333333333332,-23.999999999999996,True,False,觀察 (跌勢收斂),950.0,2026-09-23 00:00:00,943.5,0.049999999999954525,False,True,2.911756981060833,True,0.019727024059993513,101.19467328939855,0.020310899192202393,0.021108206948438585,-0.3016859167996322,-1.4010421737973622,-7.330664599224457,-0.3016859167996322,False,False,False,False,False,False,0.06105911552760381,False,-0.3705129004655069,中性,6488.TWO,環球晶,2,v1,phase6a,2026-07-12,0,2,4,2,2,2,v1,210,0.672926447574335,210,0.672926447574335,217,0.6619718309859155,^TWII,yfinance,2y,2026-09-23,scan_20260924_160449,True,False
True,0,-0.10000006357828775,-0.07500012715657553,True,False,賣出 (動能轉弱),22.700000762939453,2026-09-23 00:00:00,22.972500038146972,-0.03499994277954244,False,False,0.425531914893617,False,0.00047137206443408184,27.825566256733637,0.0004925200130155832,0.0005220222449678985,-0.4499479213262658,-1.2340855521818295,-3.670129081952278,-0.4499479213262658,False,False,False,False,False,False,0.0,False,-0.03650249246593229,中性,6671.TW,三能-KY,0,v1,phase6a,2026-07-12,0,0,0,0,0,0,v1,587,0.08294209702660407,587,0.08294209702660407,587,0.08294209702660407,^TWII,yfinance,2y,2026-09-23,scan_20260924_160449,False,False
True,0,1.7000007629394531,0.7333348592122395,True,False,買入 (動能增強),84.5,2026-09-23 00:00:00,83.06500015258788,0.040000152587879256,False,True,1.2035087317893505,False,0.0017546668769152125,28.418989258122004,0.0017901812287610553,0.0019548715323302107,-0.2083902123734549,-0.2058026109371336,-3.850958232949153,-0.2083902123734549,False,False,False,False,False,False,0.03241442483086098,False,-0.2555066079295154,中性,8054.TWO,安國,2,v1,phase6a,2026-07-12,0,2,4,2,2,2,v1,243,0.621283255086072,243,0.621283255086072,247,0.6150234741784038,^TWII,yfinance,2y,2026-09-23,scan_20260924_160449,False,False
True,0,-0.0677947998046875,-0.056266784667968694,True,False,賣出 (動能轉弱),43.54999923706055,2026-09-23 00:00:00,43.962519836425784,-0.11462535858154155,False,False,1.2082560362932757,False,0.0009043282976444133,42.77468728497961,0.0009440035507433196,0.0009732302237309335,-0.44045886877859264,-1.2085750311683685,-4.918850214149861,-0.44045886877859264,False,False,False,False,False,False,0.011427607643605014,False,-0.10801580673387112,中性,1203.TW,味王,0,v1,phase6a,2026-07-12,0,0,0,0,0,0,v1,461,0.28012519561815336,461,0.28012519561815336,463,0.27699530516431925,^TWII,yfinance,2y,2026-09-23,scan_20260924_160449,False,False
True,1,0.3333333333333333,-0.21666717529296875,True,False,買入 (動能增強),82.5,2026-09-23 00:00:00,82.46000022888184,-0.15499992370605753,False,True,1.4427001271854059,False,0.0017131362999468051,35.95410998648104,0.001779941722330491,0.0019046523555623772,-0.3935228060447993,-1.7277381292104654,-7.524859694654462,-0.3935228060447993,False,False,False,False,False,False,0.0042851256201787095,False,-0.11670236989084815,中性,4994.TW,傳奇,2,v1,phase6a,2026-07-12,0,2,3,2,2,2,v1,179,0.7214397496087637,179,0.7214397496087637,189,0.7057902973395931,^TWII,yfinance,2y,2026-09-23,scan_20260924_160449,False,False
True,0,-0.20000012715657553,-0.22500038146972656,True,False,觀察 (跌勢收斂),16.75,2026-09-23 00:00:00,16.91249990463257,-0.01249999999999929,False,False,1.0120743537291874,False,0.00034781858211041197,27.60584725193484,0.0003619332283137017,0.00037608270834746914,-0.4088262615492888,-1.448569589571902,-3.610246043438181,-0.4088262615492888,False,False,False,False,False,False,0.0,False,-0.030119255091920705,中性,6248.TWO,沛波,1,v1,phase6a,2026-07-12,0,1,1,1,1,1,v1,395,0.38341158059467917,395,0.38341158059467917,397,0.38028169014084506,^TWII,yfinance,2y,2026-09-23,scan_20260924_160449,False,False
True,1,-0.09166653951009116,-0.1750000317891439,True,False,觀察 (跌勢收斂),10.600000381469727,2026-09-23 00:00:00,10.664999961853027,-0.0049999713897701525,False,False,0.3886771265424002,False,0.00022011206585388813,58.99050596562618,0.00022861130791359022,0.00023310735915152973,-0.3898186520002511,-0.9196694673009986,-3.9304964828996702,-0.3898186520002511,False,False,False,False,False,False,0.13980862167661742,False,-0.302631545099855,中性,1718.TW,中纖,1,v1,phase6a,2026-07-12,0,1,1,1,1,1,v1,275,0.5712050078247262,275,0.5712050078247262,283,0.5586854460093896,^TWII,yfinance,2y,2026-09-23,scan_20260924_160449,False,False
True,0,0.3166669209798177,0.27499961853027344,True,False,買入 (動能增強),44.150001525878906,2026-09-23 00:00:00,44.10249977111816,0.005000114440917969,False,True,0.431735418351757,False,0.000916787518262909,44.00846421524058,0.0009507134927710953,0.00099047413766525,-0.3742232696437142,-0.9792237024003336,-4.957451026553783,-0.3742232696437142,False,False,False,False,False,False,0.0,False,-0.04229928444220765,中性,6115.TW,鎰勝,2,v1,phase6a,2026-07-12,0,2,4,2,2,2,v1,198,0.6917057902973396,198,0.6917057902973396,207,0.6776212832550861,^TWII,yfinance,2y,2026-09-23,scan_20260924_160449,False,False
True,0,0.09999974568684897,0.07499949137369791,True,False,買入 (動能增強),35.54999923706055,2026-09-23 00:00:00,35.65250015258789,-0.02499999999999858,False,False,0.9596910562551704,False,0.0007382059897707837,26.321799300794527,0.0007671810365822292,0.0008131784099757902,-0.3959857189788418,-1.3315132871012936,-5.209985584016996,-0.3959857189788418,False,False,False,False,False,False,0.0,False,-0.09426753536151478,中性,6614.TW,資拓宏宇,2,v1,phase6a,2026-07-12,0,2,2,2,2,2,v1,223,0.6525821596244131,223,0.6525821596244131,228,0.6447574334898278,^TWII,yfinance,2y,2026-09-23,scan_20260924_160449,False,False
False,0,0.7500012715657551,0.7166678110758463,False,True,強烈買入 (爆發),38.95000076293945,2026-09-23 00:00:00,38.06749973297119,0.07000007629394389,False,True,0.24899313401432957,False,0.0008088080023023919,46.106742832850536,0.0008232026029568256,0.0008565989206453003,-0.18372600631163527,0.17250857063553227,-4.04577781023815,-0.18372600631163527,False,False,False,False,False,True,0.06237935716196444,False,-0.029887938165232386,中性,6708.TWO,天擎,3,v1,phase6a,2026-07-12,1,4,5,4,3,4,v1,58,0.9107981220657277,58,0.9107981220657277,41,0.9374021909233177,^TWII,yfinance,2y,2026-09-23,scan_20260924_160449,False,False
True,0,-2.366667429606119,-1.9000008900960283,True,False,賣出 (動能轉弱),63.099998474121094,2026-09-23 00:00:00,64.83499927520752,0.15000000000000568,False,False,0.6032221512346222,False,0.0013102896716679377,62.04629882734499,0.001365159389675566,0.0013279517824334984,-0.42130072983591615,-0.3958574924491143,5.780081689550398,-0.42130072983591615,False,False,True,False,False,False,0.3810791855695455,False,-0.06932159831982287,中性,1301.TW,台塑,1,v1,phase6a,2026-07-12,0,1,2,1,1,1,v1,256,0.6009389671361502,256,0.6009389671361502,264,0.5884194053208138,^TWII,yfinance,2y,2026-09-23,scan_20260924_160449,True,False
False,0,34.908548990885414,26.36854044596354,False,True,強烈買入 (爆發),761.0,2026-09-23 00:00:00,712.0877227783203,2.6085723876952898,False,True,1.7523137896788599,True,0.015802384536479017,80.09483114362422,0.015439632762869167,0.01548274956138703,0.24792731381848565,0.7648901375371109,-1.9310599540412587,0.24792731381848565,True,True,False,False,False,True,0.3480315432908546,False,-0.06187602012942539,偏強 (RS上升),2379.TW,瑞昱,3,v1,phase6a,2026-07-12,1,4,5,4,3,4,v1,34,0.9483568075117371,34,0.9483568075117371,33,0.9499217527386542,^TWII,yfinance,2y,2026-09-23,scan_20260924_160449,False,False
True,0,0.00833352406819661,-0.2666664123535156,True,False,買入 (動能增強),23.600000381469727,2026-09-23 00:00:00,22.92000017166138,0.03000001907348704,False,True,1.0180577485164004,False,0.0004900608161485362,33.82441867658584,0.0004931112248685973,0.0005206101767040661,-0.0650738999834366,-0.1804404476078436,-3.3718445970491007,-0.0650738999834366,False,False,False,False,False,True,0.08995097727828004,False,-0.18055552060221358,中性,3041.TW,揚智,2,v1,phase6a,2026-07-12,0,2,4,2,2,2,v1,136,0.7887323943661971,136,0.7887323943661971,153,0.7621283255086072,^TWII,yfinance,2y,2026-09-23,scan_20260924_160449,False,False
True,0,-0.22499990463256833,-0.3083330790201823,True,False,觀察 (跌勢收斂),11.399999618530273,2026-09-23 00:00:00,11.41499991416931,-0.012500000000001066,False,False,0.26251172757997154,False,0.00023672428079859326,31.702369081107513,0.00024377960033730757,0.0002480018242704281,-0.30372089548788006,-1.144984214098932,-3.0233929694164607,-0.30372089548788006,False,False,False,False,False,False,0.12787228304149253,False,-0.025641042361154165,中性,2537.TW,聯上發,1,v1,phase6a,2026-07-12,0,1,1,1,1,1,v1,306,0.5226917057902973,306,0.5226917057902973,314,0.5101721439749609,^TWII,yfinance,2y,2026-09-23,scan_20260924_160449,False,False
True,1,0.008333206176757809,-0.06666660308837892,True,False,買入 (動能增強),19.799999237060547,2026-09-23 00:00:00,19.76999979019165,-0.005000019073484907,False,True,2.311925898493609,True,0.0004111526961445754,36.9425721748191,0.0004254903179117311,0.0004463463324059629,-0.35344846963373255,-1.3062779235902822,-5.336133050056935,-0.35344846963373255,False,False,False,False,False,False,0.0,False,-0.05938242495511614,中性,5220.TWO,萬達光電,2,v1,phase6a,2026-07-12,0,2,3,2,2,2,v1,182,0.7167449139280125,182,0.7167449139280125,192,0.701095461658842,^TWII,yfinance,2y,2026-09-23,scan_20260924_160449,False,False
True,1,-0.29166666666666663,-0.34999974568684894,True,False,觀察 (跌勢收斂),16.75,2026-09-23 00:00:00,16.63999996185303,-0.0024999618530259227,True,True,4.492156926986068,True,0.00034781858211041197,32.9153483717171,0.0003573129915319021,0.0003817833061246586,-0.2789218317715503,-1.7367218003650597,-6.103468577416793,-0.2789218317715503,False,False,False,False,False,False,0.04996355464294214,False,-0.14974622582193653,中性,5438.TWO,東友,1,v1,phase6a,2026-07-12,0,1,2,1,1,1,v1,372,0.4194053208137715,372,0.4194053208137715,375,0.41471048513302033,^TWII,yfinance,2y,2026-09-23,scan_20260924_160449,False,False
True,2,0.44166628519694007,0.36666615804036456,True,False,買入 (動能增強),45.150001525878906,2026-09-23 00:00:00,44.53999996185303,0.04250011444091939,False,True,0.5818786367414797,False,0.0009375528067471127,39.87182482900739,0.0009518939505500682,0.0009533749440986343,-0.1583373685798639,-0.35311546972891517,0.7442842753965451,-0.1583373685798639,False,False,False,False,False,False,0.3156013177992957,False,0.0,中性,6666.TW,羅麗芬-KY,2,v1,phase6a,2026-07-12,0,2,4,2,2,2,v1,225,0.6494522691705791,225,0.6494522691705791,230,0.6416275430359938,^TWII,yfinance,2y,2026-09-23,scan_20260924_160449,False,False
True,0,-0.09166653951009114,-0.09166653951009116,True,False,觀察 (跌勢收斂),15.850000381469727,2026-09-23 00:00:00,16.072500133514403,-0.014999961853028765,True,False,0.16481211830543477,False,0.00032912983039595756,24.036210148999263,0.0003448356382249666,0.00036506251105922384,-0.47714169755218583,-1.3828526082456438,-4.578130453858831,-0.47714169755218583,False,False,False,False,False,False,0.0,False,-0.08645532951123391,中性,4930.TW,燦星網,1,v1,phase6a,2026-07-12,0,1,1,1,1,1,v1,358,0.4413145539906103,358,0.4413145539906103,362,0.4350547730829421,^TWII,yfinance,2y,2026-09-23,scan_20260924_160449,False,False
True,0,-1.0333328247070312,-1.7333323160807292,True,False,觀察 (跌勢收斂),86.0,2026-09-23 00:00:00,87.07999992370605,-0.11500015258789631,False,False,0.47388503753338995,False,0.001785814809641518,66.81957520679782,0.001865412544095291,0.0020646154695922393,-0.44715273787955256,-0.9698956643021783,-5.387537531745357,-0.44715273787955256,False,False,False,False,False,False,0.04134830104047706,False,-0.2618025751072961,中性,3535.TW,晶彩科,1,v1,phase6a,2026-07-12,0,1,1,1,1,1,v1,337,0.47417840375586856,337,0.47417840375586856,343,0.4647887323943662,^TWII,yfinance,2y,2026-09-23,scan_20260924_160449,False,False
True,2,-0.3166681925455729,0.24999872843424475,True,False,賣出 (動能轉弱),96.0999984741211,2026-09-23 00:00:00,96.59999923706054,-0.02000007629395384,False,False,0.5683637376357206,False,0.0019955441916466596,44.90513796285174,0.002074578595008525,0.0021534383388322354,-0.39941518291706224,-1.2660835285976835,-3.7326934373887455,-0.39941518291706224,False,False,False,False,False,False,0.0,False,-0.04364251386795981,中性,6752.TWO,叡揚,0,v1,phase6a,2026-07-12,0,0,0,0,0,0,v1,589,0.07981220657276995,589,0.07981220657276995,589,0.07981220657276995,^TWII,yfinance,2y,2026-09-23,scan_20260924_160449,False,False
True,1,-0.17499987284342444,-0.16666666666666666,True,False,賣出 (動能轉弱),25.850000381469727,2026-09-23 00:00:00,25.992499923706056,-0.01249999999999929,False,False,1.3069063442339783,False,0.0005367827152379946,37.341296970468115,0.0005561636937677684,0.0005669186806488817,-0.3654763752836576,-1.164922483887898,-2.4087842810783133,-0.3654763752836576,False,False,False,False,False,False,0.0,False,-0.015238080705915147,中性,5356.TWO,協益,0,v1,phase6a,2026-07-12,0,0,0,0,0,0,v1,552,0.13771517996870108,552,0.13771517996870108,552,0.13771517996870108,^TWII,yfinance,2y,2026-09-23,scan_20260924_160449,False,False
True,0,1.8333333333333333,0.33333333333333326,True,False,買入 (動能增強),223.0,2026-09-23 00:00:00,223.1,-0.20000000000001705,False,False,0.5637942673944508,False,0.004630659331977425,35.17642129237398,0.004819638114284641,0.005132691591062705,-0.4110419991572023,-1.0758669315642733,-6.640180832625875,-0.4110419991572023,False,False,False,False,False,False,0.0,False,-0.19056261343012704,中性,3592.TW,瑞鼎,2,v1,phase6a,2026-07-12,0,2,2,2,2,2,v1,154,0.7605633802816901,154,0.7605633802816901,167,0.7402190923317684,^TWII,yfinance,2y,2026-09-23,scan_20260924_160449,False,False
True,0,-1.1666666666666665,-0.6666666666666666,True,False,賣出 (動能轉弱),139.5,2026-09-23 00:00:00,141.675,-0.22499999999999432,False,False,0.7295511717012713,False,0.002896757743546416,23.500143089113244,0.0030403368240448023,0.0032028712598014767,-0.4946435184864484,-1.6615798290324224,-4.913922504353541,-0.4946435184864484,False,False,False,False,False,False,0.0,False,-0.10028732476200941,中性,8478.TW,東哥遊艇,0,v1,phase6a,2026-07-12,0,0,0,0,0,0,v1,625,0.023474178403755867,625,0.023474178403755867,625,0.023474178403755867,^TWII,yfinance,2y,2026-09-23,scan_20260924_160449,False,False
True,0,-0.1999988555908203,-0.1999988555908203,True,False,賣出 (動能轉弱),51.5,2026-09-23 00:00:00,51.35499992370605,0.029999923706050424,False,True,1.0102339588968516,False,0.0010694123569364904,36.61629520665214,0.0010996510623256428,0.001129670686849695,-0.2886219845983695,-1.1110098321859607,-2.382447357083206,-0.2886219845983695,False,False,False,False,False,False,0.003762547418976405,False,-0.005791491148245287,中性,4175.TWO,杏一,0,v1,phase6a,2026-07-12,0,0,2,0,0,0,v1,536,0.162754303599374,536,0.162754303599374,536,0.162754303599374,^TWII,yfinance,2y,2026-09-23,scan_20260924_160449,False,False
True,0,-0.1999994913736979,-0.17499923706054688,True,False,賣出 (動能轉弱),42.0,2026-09-23 00:00:00,41.95499954223633,-0.022500038146972656,False,True,0.704668871693011,False,0.0008721421163365553,31.299657261379462,0.000900500894483764,0.0009310631250195815,-0.3304018486075422,-1.226980208173456,-4.033978193191645,-0.3304018486075422,False,False,False,False,False,False,0.0,False,-0.03559125750205561,中性,6754.TW,匯僑設計,0,v1,phase6a,2026-07-12,0,0,1,0,0,0,v1,590,0.0782472613458529,590,0.0782472613458529,590,0.0782472613458529,^TWII,yfinance,2y,2026-09-23,scan_20260924_160449,False,False
True,2,-0.07499980926513672,-0.09999974568684895,True,False,觀察 (跌勢收斂),23.75,2026-09-23 00:00:00,23.84999990463257,-0.014999961853028765,False,False,0.48800293582566195,False,0.0004931756014998379,40.18923382900143,0.0005093373756574767,0.0005069496505466305,-0.3328984023786896,-0.9985423683608774,-0.9673007763088881,-0.3328984023786896,False,False,True,False,False,False,0.5005418228720809,False,-0.020618556701030966,中性,2115.TW,六暉-KY,1,v1,phase6a,2026-07-12,0,1,1,1,1,1,v1,288,0.5508607198748043,288,0.5508607198748043,296,0.5383411580594679,^TWII,yfinance,2y,2026-09-23,scan_20260924_160449,False,False
True,0,-0.04999987284342449,-0.33333396911621094,True,False,觀察 (跌勢收斂),34.400001525878906,2026-09-23 00:00:00,34.09499988555908,-0.06499996185302592,True,True,0.8086699913931286,False,0.000714325955541923,30.00674479939919,0.0007419290807931433,0.0008401496613933227,-0.39009893568698883,-1.9382352011204529,-11.912247418160604,-0.39009893568698883,False,False,False,False,False,False,0.00017234091728617163,False,-0.23385299873426824,中性,6492.TWO,生華科,1,v1,phase6a,2026-07-12,0,1,2,1,1,1,v1,402,0.37245696400625977,402,0.37245696400625977,404,0.36932707355242567,^TWII,yfinance,2y,2026-09-23,scan_20260924_160449,False,False
True,0,-0.25000031789143884,-0.27500025431315106,True,False,觀察 (跌勢收斂),20.700000762939453,2026-09-23 00:00:00,20.69000005722046,0.005000019073484907,False,True,1.6544573839352188,True,0.0004298414874656744,52.341008911769336,0.0004438874557372506,0.00046486318957165567,-0.33197932635700145,-1.2824004016622204,-4.395054225598738,-0.33197932635700145,False,False,False,False,False,False,0.0,False,-0.09803921242710312,中性,6020.TWO,大展證,1,v1,phase6a,2026-07-12,0,1,3,1,1,1,v1,383,0.40219092331768386,383,0.40219092331768386,386,0.3974960876369327,^TWII,yfinance,2y,2026-09-23,scan_20260924_160449,False,False
True,0,-0.3083333969116211,-0.4250001907348633,True,False,觀察 (跌勢收斂),23.700000762939453,2026-09-23 00:00:00,23.63000020980835,0.00500001907348846,False,True,0.8286919901113509,False,0.0004921373529182855,35.04590794684647,0.0005064075755148523,0.0005311716337780488,-0.29574719323667287,-1.2608563879334622,-4.176875166682004,-0.29574719323667287,False,False,False,False,False,False,0.0,False,-0.12288481181268163,中性,6229.TWO,研通,1,v1,phase6a,2026-07-12,0,1,3,1,1,1,v1,394,0.38497652582159625,394,0.38497652582159625,396,0.38184663536776214,^TWII,yfinance,2y,2026-09-23,scan_20260924_160449,False,False
True,0,-0.49166679382324213,-0.5666669209798176,True,False,觀察 (跌勢收斂),24.649999618530273,2026-09-23 00:00:00,24.92250003814697,-0.06750001907348846,False,False,0.5709472839266169,False,0.0005118643532142922,8.481069513433626,0.000533129734921858,0.0005762218787913357,-0.41811621393558207,-1.5690001096678285,-4.822421695189227,-0.41811621393558207,False,False,False,False,False,False,0.0,False,-0.13961605770538565,中性,1225.TW,福懋油,1,v1,phase6a,2026-07-12,0,1,1,1,1,1,v1,254,0.6040688575899843,254,0.6040688575899843,262,0.5915492957746479,^TWII,yfinance,2y,2026-09-23,scan_20260924_160449,False,False
True,0,2.1666666666666665,1.8333333333333333,True,False,買入 (動能增強),117.0,2026-09-23 00:00:00,117.225,-0.15000000000000568,False,False,0.43315372503086613,False,0.002429538752651833,47.23348174082329,0.002541838017278606,0.002683954098965554,-0.4629034361508966,-0.9464471947311703,-7.748008852850696,-0.4629034361508966,False,False,False,False,False,False,0.0,False,-0.11363636363636365,中性,7786.TW,東方風能,2,v1,phase6a,2026-07-12,0,2,2,2,2,2,v1,239,0.6275430359937402,239,0.6275430359937402,244,0.6197183098591549,^TWII,yfinance,2y,2026-09-23,scan_20260924_160449,False,False
True,0,-0.7000013987223306,-1.033334732055664,True,False,觀察 (跌勢收斂),52.099998474121094,2026-09-23 00:00:00,52.51499977111816,-0.07500000000000284,False,False,0.8744747673011304,False,0.001081871498341697,32.221553118601086,0.0011270202107127234,0.0012089005616479063,-0.41991612014528057,-1.2988670549624826,-5.826243992504676,-0.41991612014528057,False,False,False,False,False,False,0.0,False,-0.291702899963739,中性,3588.TW,通嘉,1,v1,phase6a,2026-07-12,0,1,1,1,1,1,v1,339,0.47104851330203446,339,0.47104851330203446,345,0.4616588419405321,^TWII,yfinance,2y,2026-09-23,scan_20260924_160449,False,False
True,0,0.6499999364217122,0.400000254313151,True,False,買入 (動能增強),19.049999237060547,2026-09-23 00:00:00,17.5125,0.15749998092651296,False,True,0.11904761904761904,False,0.00039557872978142263,23.726027804718107,0.00037895400530737317,0.00039018721800248733,0.46393220593969886,1.1777665245110702,-0.19848984840477035,0.46393220593969886,True,True,False,False,False,True,0.4686594163545527,False,0.0,偏強 (RS上升),2924.TWO,宏太-KY,2,v1,phase6a,2026-07-12,1,3,4,3,2,3,v1,130,0.7981220657276995,130,0.7981220657276995,88,0.863849765258216,^TWII,yfinance,2y,2026-09-23,scan_20260924_160449,False,False
True,0,1.583333333333333,0.3333333333333333,True,False,買入 (動能增強),165.5,2026-09-23 00:00:00,164.35,-0.20000000000001705,True,True,1.3230630527896494,False,0.0034366552441357123,38.177745759813604,0.0035430510210576215,0.0036322664176419326,-0.31510314831039166,-1.0530557248246808,-5.722603371136659,-0.31510314831039166,False,False,False,False,False,False,0.040706526666427635,False,-0.03779069767441856,中性,4536.TW,拓凱,2,v1,phase6a,2026-07-12,0,2,3,2,2,2,v1,169,0.7370892018779343,169,0.7370892018779343,182,0.7167449139280125,^TWII,yfinance,2y,2026-09-23,scan_20260924_160449,False,False
True,1,-0.4166666666666667,-0.21666717529296872,True,False,賣出 (動能轉弱),34.650001525878906,2026-09-23 00:00:00,35.267499923706055,-0.042499923706053266,False,False,1.2249549149264265,False,0.0007195172776629738,40.00283255987178,0.0007566666340985386,0.0007956525270692585,-0.5141436167152347,-1.5992766950147619,-4.702569959151848,-0.5141436167152347,False,False,False,False,False,False,0.0,False,-0.06603765630748393,中性,1423.TW,利華,0,v1,phase6a,2026-07-12,0,0,0,0,0,0,v1,470,0.26604068857589985,470,0.26604068857589985,472,0.26291079812206575,^TWII,yfinance,2y,2026-09-23,scan_20260924_160449,False,False
True,0,0.16666666666666563,-7.166666666666666,True,False,買入 (動能增強),573.0,2026-09-23 00:00:00,555.65,1.7999999999999545,False,True,1.0572761745199695,False,0.01189851030144872,179.98684309886872,0.012024200539715294,0.013266364374915565,-0.1099117519040349,-1.4639605217284912,-8.65082980942261,-0.1099117519040349,False,False,False,False,False,False,0.06610376161348253,False,-0.456872037914692,中性,2327.TW,國巨*,2,v1,phase6a,2026-07-12,0,2,4,2,2,2,v1,105,0.837245696400626,105,0.837245696400626,130,0.7981220657276995,^TWII,yfinance,2y,2026-09-23,scan_20260924_160449,False,False
True,3,0.0,0.0,True,False,賣出 (動能轉弱),30.350000381469727,2026-09-23 00:00:00,30.350000381469727,0.0,False,False,4.577800258189202,True,0.0006302265134169112,46.51493175547979,0.0006517484371963719,0.0006731034013518016,-0.3463941135040227,-1.2443541630006383,-3.7071040896235474,-0.3463941135040227,False,False,False,False,False,False,0.0,False,-0.0016447117660511879,中性,5523.TWO,豐謙,0,v1,phase6a,2026-07-12,0,0,0,0,0,0,v1,556,0.13145539906103287,556,0.13145539906103287,556,0.13145539906103287,^TWII,yfinance,2y,2026-09-23,scan_20260924_160449,False,False
True,0,0.019999821980794273,0.048333326975504555,True,False,觀望 (動能減弱),8.399999618530273,2026-09-23 00:00:00,8.394500017166138,0.000999975204468484,False,True,0.8205571033042,False,0.00017442841534598215,39.69531128579024,0.00018009803067411113,0.0001831472461703784,-0.33028150607946616,-1.0801388413663626,-2.667440293064083,-0.33028150607946616,False,False,False,False,False,False,0.1479430021139559,False,-0.023255901635817477,中性,2511.TW,太子,0,v1,phase6a,2026-07-12,0,0,2,0,0,0,v1,502,0.215962441314554,502,0.215962441314554,504,0.21283255086071987,^TWII,yfinance,2y,2026-09-23,scan_20260924_160449,False,False
True,0,5.999999999999999,-4.0,True,False,買入 (動能增強),426.0,2026-09-23 00:00:00,422.325,-2.150000000000034,False,True,0.4626071253356187,False,0.008846012894270776,45.230876593792644,0.00914234248718722,0.009873567173280605,-0.3400280095940511,-1.0961868478074899,-9.769282793105184,-0.3400280095940511,False,False,False,False,False,True,0.046187735825980535,False,-0.3173076923076923,中性,6415.TW,矽力*-KY,2,v1,phase6a,2026-07-12,0,2,3,2,2,2,v1,208,0.676056338028169,208,0.676056338028169,215,0.6651017214397497,^TWII,yfinance,2y,2026-09-23,scan_20260924_160449,False,False
False,0,-10.5,-11.666666666666666,False,True,強烈賣出 (跌破),131.5,2026-09-23 00:00:00,137.5,-0.125,False,False,0.3462198211481742,False,0.0027306354356727864,154.11179136873082,0.002910689118376372,0.0030867636357233955,-0.6469397401359323,-3.0141740365590475,-6.518257894880031,-0.6469397401359323,False,False,False,False,False,False,0.0,False,-0.3463698582656001,中性,8043.TWO,蜜望實,0,v1,phase6a,2026-07-12,0,0,0,0,0,0,v1,611,0.04538341158059468,611,0.04538341158059468,611,0.04538341158059468,^TWII,yfinance,2y,2026-09-23,scan_20260924_160449,False,False
True,0,-0.16666666666666669,-0.36666647593180335,True,False,觀察 (跌勢收斂),24.0,2026-09-23 00:00:00,23.839999961853028,-0.039999961853027344,True,True,0.3450993911383791,False,0.0004983669236208887,37.514285656837664,0.0005173755364307998,0.0005615542697887457,-0.385251706806089,-1.797856262353792,-10.742654966721998,-0.385251706806089,False,False,False,False,False,True,0.01854749936670783,False,-0.14742449999176754,中性,8044.TWO,網家,1,v1,phase6a,2026-07-12,0,1,2,1,1,1,v1,434,0.3223787167449139,434,0.3223787167449139,435,0.3208137715179969,^TWII,yfinance,2y,2026-09-23,scan_20260924_160449,False,False
True,0,0.016666571299235027,-0.01666673024495442,True,False,買入 (動能增強),14.399999618530273,2026-09-23 00:00:00,14.444999980926514,-0.01249999999999929,False,False,0.3868908300818145,False,0.00029902014625120434,37.93453168371868,0.0003121364972400432,0.0003402821098128716,-0.4403805200813182,-1.460014331579007,-7.573360923968386,-0.4403805200813182,False,False,False,False,False,False,0.0,False,-0.1700288586788813,中性,1218.TW,泰山,2,v1,phase6a,2026-07-12,0,2,2,2,2,2,v1,72,0.8888888888888888,72,0.8888888888888888,101,0.8435054773082942,^TWII,yfinance,2y,2026-09-23,scan_20260924_160449,False,False
True,0,-8.166666666666666,-3.3333333333333335,True,False,賣出 (動能轉弱),312.0,2026-09-23 00:00:00,323.15,-0.125,False,False,0.774032993376114,False,0.006478770007071554,51.579566201776686,0.006878732408898662,0.006897361244834829,-0.6083270772445304,-1.470596132615365,-0.6340990390822032,-0.6083270772445304,False,False,False,False,False,False,0.15865872077212806,False,-0.08235294117647063,中性,3023.TW,信邦,0,v1,phase6a,2026-07-12,0,0,0,0,0,0,v1,519,0.18935837245696402,519,0.18935837245696402,520,0.18779342723004694,^TWII,yfinance,2y,2026-09-23,scan_20260924_160449,False,False
True,0,-0.1333332061767578,-0.1333333651224772,True,False,觀察 (跌勢收斂),10.050000190734863,2026-09-23 00:00:00,10.232499933242797,-0.01500000953674352,True,False,0.23260718666112448,False,0.00020869115322691163,25.832309912441303,0.00021969366133116737,0.00023616451225283086,-0.524405344453216,-1.9815005817314435,-6.044958389905064,-0.524405344453216,False,False,False,False,False,False,0.0,False,-0.20238096139148043,中性,1445.TW,大宇,1,v1,phase6a,2026-07-12,0,1,1,1,1,1,v1,266,0.5852895148669797,266,0.5852895148669797,274,0.5727699530516432,^TWII,yfinance,2y,2026-09-23,scan_20260924_160449,False,False
True,0,-0.08333333333333343,-2.5833333333333335,True,False,觀察 (跌勢收斂),285.5,2026-09-23 00:00:00,282.025,-0.10000000000002274,True,True,0.6197165269025655,False,0.005928489862240156,39.840908304549465,0.006103262054923329,0.006585345295828959,-0.3005242946370501,-1.350873367430383,-8.55748705954329,-0.3005242946370501,False,False,False,False,False,False,0.0,False,-0.2526178010471204,中性,3413.TW,京鼎,1,v1,phase6a,2026-07-12,0,1,2,1,1,1,v1,332,0.48200312989045385,332,0.48200312989045385,339,0.47104851330203446,^TWII,yfinance,2y,2026-09-23,scan_20260924_160449,False,False
True,0,0.7083330154418945,0.2666664123535156,True,False,買入 (動能增強),29.799999237060547,2026-09-23 00:00:00,28.942499828338622,0.004999923706055398,False,True,1.0392705247654195,False,0.0006188055809866124,44.418912705171834,0.000623725444163101,0.0006368822637543012,-0.08296129314383505,-0.1960775117383795,-3.0960781076519894,-0.08296129314383505,False,False,False,False,False,True,0.2118679056880405,False,-0.052464276179708724,中性,5210.TWO,寶碩,2,v1,phase6a,2026-07-12,0,2,4,2,2,2,v1,181,0.7183098591549296,181,0.7183098591549296,191,0.702660406885759,^TWII,yfinance,2y,2026-09-23,scan_20260924_160449,False,False
True,0,0.2000007629394531,0.1250006357828776,True,False,買入 (動能增強),40.29999923706055,2026-09-23 00:00:00,40.24749984741211,0.0024999618530259227,False,True,0.4099930685546847,False,0.0008368411100707512,50.161597428653664,0.0008624014709231209,0.0008732291117290226,-0.31101480428665784,-0.936180533197295,-1.9260915916848864,-0.31101480428665784,False,False,False,False,False,False,0.07862910872613642,False,-0.004938290442949467,中性,1817.TW,凱撒衛,2,v1,phase6a,2026-07-12,0,2,4,2,2,2,v1,97,0.8497652582159625,97,0.8497652582159625,123,0.809076682316119,^TWII,yfinance,2y,2026-09-23,scan_20260924_160449,False,False
True,0,-0.07500012715657554,-0.2833334604899088,True,False,觀察 (跌勢收斂),17.25,2026-09-23 00:00:00,16.9625,0.0024999618530259227,False,True,0.6628466396810454,False,0.0003582012263525138,24.348760161847135,0.0003658572813364964,0.00040240800946965,-0.21979314108907522,-1.2535513420285915,-6.95144442875052,-0.21979314108907522,False,False,False,False,False,False,0.04084909503956629,False,-0.19203748516221264,中性,5272.TWO,笙科,1,v1,phase6a,2026-07-12,0,1,3,1,1,1,v1,365,0.4303599374021909,365,0.4303599374021909,369,0.4241001564945227,^TWII,yfinance,2y,2026-09-23,scan_20260924_160449,False,False
True,2,-0.033333460489908845,-0.125,True,False,觀察 (跌勢收斂),48.70000076293945,2026-09-23 00:00:00,48.84500026702881,-0.014999961853028765,False,False,0.23564627385879766,False,0.0010112695650233779,35.22449558193796,0.001054774799312192,0.0011360690111461862,-0.4322914775834241,-1.250256221257251,-6.951270153952393,-0.4322914775834241,False,False,False,False,False,False,0.0,False,-0.16034481443207838,中性,8097.TWO,常珵,1,v1,phase6a,2026-07-12,0,1,1,1,1,1,v1,438,0.3161189358372457,438,0.3161189358372457,439,0.3145539906103286,^TWII,yfinance,2y,2026-09-23,scan_20260924_160449,False,False
True,2,0.5833333333333333,0.41666666666666663,True,False,買入 (動能增強),120.0,2026-09-23 00:00:00,120.075,-0.04999999999999716,False,False,0.9548126091845901,False,0.002491834618104444,108.296224394107,0.0025889407080683276,0.0026498866648404277,-0.3932687574093596,-1.2830030930461866,-5.869456997214783,-0.3932687574093596,False,False,False,False,False,False,0.10541115761994675,False,-0.20177380891360297,中性,6574.TWO,霈方,5,v1,phase6a,2026-07-12,0,5,5,5,5,5,v1,4,0.9953051643192489,4,0.9953051643192489,4,0.9953051643192489,^TWII,yfinance,2y,2026-09-23,scan_20260924_160449,True,True
True,0,0.7083320617675781,-0.20833460489908845,True,False,買入 (動能增強),41.54999923706055,2026-09-23 00:00:00,39.76999969482422,-0.005000114440917969,False,True,1.1222059335207226,False,0.0008627977206760059,48.57992881729428,0.0008585459550988466,0.0009510932963032024,0.052156520842872034,1.0809582826416309,-3.8216995333019144,0.052156520842872034,True,False,False,False,False,True,0.11305457752487089,False,-0.32983872198289443,偏強 (RS上升),6405.TW,悅城,2,v1,phase6a,2026-07-12,1,3,3,3,2,3,v1,207,0.6776212832550861,207,0.6776212832550861,92,0.8575899843505478,^TWII,yfinance,2y,2026-09-23,scan_20260924_160449,False,False
True,0,-0.14205074310302734,-0.11084842681884764,True,False,賣出 (動能轉弱),18.049999237060547,2026-09-23 00:00:00,18.19953269958496,-0.015511512756347656,False,False,0.36901128773441244,False,0.0003748134412972189,23.385847344594715,0.00038941925057239324,0.0004031570159771028,-0.3932541868380435,-1.3778275063238365,-2.9248732983367054,-0.3932541868380435,False,False,False,False,False,False,0.0,False,-0.026954179006167478,中性,2062.TW,橋椿,0,v1,phase6a,2026-07-12,0,0,0,0,0,0,v1,484,0.24413145539906103,484,0.24413145539906103,486,0.24100156494522693,^TWII,yfinance,2y,2026-09-23,scan_20260924_160449,False,False
True,0,-5.75,-5.583333333333333,True,False,賣出 (動能轉弱),273.0,2026-09-23 00:00:00,275.4,0.4249999999999545,False,False,0.8986213423662619,False,0.00566892375618761,48.25549246300466,0.005857247230146342,0.00593225844815175,-0.33730278918376877,-1.1885095331957696,-0.5824227663523973,-0.33730278918376877,False,False,False,False,False,False,0.1833372231119384,False,-0.050434782608695605,中性,6670.TW,復盛應用,0,v1,phase6a,2026-07-12,0,0,1,0,0,0,v1,586,0.08450704225352113,586,0.08450704225352113,586,0.08450704225352113,^TWII,yfinance,2y,2026-09-23,scan_20260924_160449,False,False
True,0,0.5166664123535156,-0.7500012715657552,True,False,買入 (動能增強),82.30000305175781,2026-09-23 00:00:00,77.77999992370606,-0.00999984741210369,False,True,0.9456874577013012,False,0.0017089833056205957,14.466240125933993,0.0016950552447115095,0.0019705517122977807,0.08656832085429667,-1.2488075867490567,-10.833382085014598,0.08656832085429667,True,False,False,False,False,False,0.16425460141139953,False,-0.234418576262718,中性,6535.TWO,順藥,2,v1,phase6a,2026-07-12,0,2,3,2,2,2,v1,213,0.6682316118935837,213,0.6682316118935837,219,0.6588419405320813,^TWII,yfinance,2y,2026-09-23,scan_20260924_160449,False,False
True,0,-0.9916674296061198,-0.883334477742513,True,False,賣出 (動能轉弱),43.0,2026-09-23 00:00:00,43.76000003814697,-0.10000000000000142,False,False,1.2310176075879118,False,0.000892907404820759,25.120948176629078,0.0009396481471153575,0.001017662713761191,-0.5208811819773729,-2.0581019369340203,-7.007067083080165,-0.5208811819773729,False,False,False,False,False,False,0.0,False,-0.07526881720430112,中性,7839.TWO,達人網,0,v1,phase6a,2026-07-12,0,0,0,0,0,0,v1,609,0.048513302034428794,609,0.048513302034428794,609,0.048513302034428794,^TWII,yfinance,2y,2026-09-23,scan_20260924_160449,False,False
True,2,-0.14166704813639322,-0.1916669209798177,True,False,觀察 (跌勢收斂),26.299999237060547,2026-09-23 00:00:00,26.20749988555908,-0.015000057220461827,False,True,0.301465877830953,False,0.0005461270712918995,22.687540366793858,0.0005626819508756514,0.0005883117982689835,-0.30874256665234245,-1.329602782516759,-4.495491572805987,-0.30874256665234245,False,False,False,False,False,False,0.0,False,-0.0590340422482829,中性,1475.TW,業旺,1,v1,phase6a,2026-07-12,0,1,2,1,1,1,v1,268,0.5821596244131455,268,0.5821596244131455,276,0.5696400625978091,^TWII,yfinance,2y,2026-09-23,scan_20260924_160449,False,False
True,2,-0.041666666666666664,-0.008333206176757812,True,False,賣出 (動能轉弱),28.950000762939453,2026-09-23 00:00:00,29.02499990463257,-0.009999942779540305,False,False,0.6699219289732024,False,0.000601155117460355,48.058645765457015,0.0006232775491960102,0.0006420502527294675,-0.3722272776715996,-1.2827580668138827,-3.8782627744810783,-0.3722272776715996,False,False,False,False,False,False,0.0,False,-0.015306083722096187,中性,9908.TW,大台北,0,v1,phase6a,2026-07-12,0,0,0,0,0,0,v1,632,0.012519561815336464,632,0.012519561815336464,632,0.012519561815336464,^TWII,yfinance,2y,2026-09-23,scan_20260924_160449,False,False
False,0,-1.2666664123535156,-1.7166659037272132,False,True,強烈賣出 (跌破),78.5,2026-09-23 00:00:00,78.03000030517578,-0.070000076293951,False,True,0.9124223060312301,False,0.0016300751460099905,56.90397798003512,0.0016685568285947203,0.0017821913200733012,-0.24217895426240643,-0.5411814901029044,-2.8015024235190755,-0.24217895426240643,False,False,False,False,False,False,0.058428365431028216,False,-0.1619441435756055,中性,6261.TWO,久元,0,v1,phase6a,2026-07-12,0,0,1,0,0,0,v1,572,0.10641627543035993,572,0.10641627543035993,572,0.10641627543035993,^TWII,yfinance,2y,2026-09-23,scan_20260924_160449,False,False
True,0,-0.42499987284342444,-0.5083332061767578,True,False,觀察 (跌勢收斂),14.100000381469727,2026-09-23 00:00:00,14.352500057220459,-0.029999971389770508,True,False,1.0138404125734104,False,0.0002927905755486011,27.595856224583613,0.00030721483938347927,0.0003249762501732802,-0.491797981377462,-2.128859327359678,-6.373529518835907,-0.491797981377462,False,False,False,False,False,False,0.0,False,-0.05999997456868489,中性,3713.TWO,新晶投控,2,v1,phase6a,2026-07-12,0,2,2,2,2,2,v1,159,0.7527386541471048,159,0.7527386541471048,172,0.7323943661971831,^TWII,yfinance,2y,2026-09-23,scan_20260924_160449,True,False
True,1,0.33333333333333326,0.15833346048990882,True,False,買入 (動能增強),19.5,2026-09-23 00:00:00,19.562499904632567,-0.03000001907348704,False,False,0.36480358436103616,False,0.00040492312544197214,17.412277971999377,0.0004228748686594146,0.000444474939405627,-0.44487170322089487,-1.4973884483660105,-6.921242505534108,-0.44487170322089487,False,False,False,False,False,False,0.037783452602686465,False,-0.20570262297349062,中性,8476.TW,台境*,3,v1,phase6a,2026-07-12,0,3,3,3,3,3,v1,68,0.8951486697965572,68,0.8951486697965572,78,0.8794992175273866,^TWII,yfinance,2y,2026-09-23,scan_20260924_160449,True,False
True,0,-0.15833346048990884,-0.11666695276896158,True,False,賣出 (動能轉弱),12.050000190734863,2026-09-23 00:00:00,12.157500076293946,-0.015000009536741743,False,False,1.5004964071232687,True,0.00025022173019531905,15.385596868267065,0.0002612978863790656,0.0002768930013649915,-0.444217902846733,-1.345896343479147,-5.317932292040961,-0.444217902846733,False,False,False,False,False,False,0.0,False,-0.154385951527378,中性,6219.TWO,富旺,0,v1,phase6a,2026-07-12,0,0,0,0,0,0,v1,567,0.11424100156494522,567,0.11424100156494522,567,0.11424100156494522,^TWII,yfinance,2y,2026-09-23,scan_20260924_160449,False,False
True,0,-0.24999999999999994,-0.391666571299235,True,False,觀察 (跌勢收斂),11.25,2026-09-23 00:00:00,11.032499980926513,0.0025000095367424535,False,True,1.1506788384013096,False,0.0002336094954472916,26.668075039483984,0.00023716479488066164,0.0002603321037649773,-0.15754970233967658,-1.423668847598325,-6.9901930122421625,-0.15754970233967658,False,False,False,False,False,False,0.044171778576068445,False,-0.22413793103448276,中性,3322.TWO,建舜電,1,v1,phase6a,2026-07-12,0,1,3,1,1,1,v1,330,0.48513302034428796,330,0.48513302034428796,337,0.47417840375586856,^TWII,yfinance,2y,2026-09-23,scan_20260924_160449,False,False
True,0,-4.333333333333332,-6.499999999999999,True,False,觀察 (跌勢收斂),235.5,2026-09-23 00:00:00,236.65,-0.125,False,False,0.24637263671786164,False,0.0048902254380299714,43.22084228157675,0.005026730039938204,0.005121998690374822,-0.28503518021859575,-0.4629294927233296,0.45719394866436947,-0.28503518021859575,False,False,False,False,False,False,0.23832117747407403,False,-0.05800000000000005,中性,6953.TWO,家碩,1,v1,phase6a,2026-07-12,0,1,1,1,1,1,v1,422,0.3411580594679186,422,0.3411580594679186,423,0.3395931142410016,^TWII,yfinance,2y,2026-09-23,scan_20260924_160449,False,False
True,0,66.5,64.33333333333333,True,False,買入 (動能增強),768.0,2026-09-23 00:00:00,743.15,7.699999999999932,False,True,0.6095366585499916,False,0.01594774155586844,425.8284536810601,0.015898348344953548,0.015014575171421404,0.03271400362487853,2.112989969767054,11.474221748949297,0.03271400362487853,True,True,True,False,False,False,0.47017367655499714,False,-0.23582089552238805,偏強 (RS上升),3026.TW,禾伸堂,3,v1,phase6a,2026-07-12,1,4,5,4,3,4,v1,39,0.9405320813771518,39,0.9405320813771518,34,0.9483568075117371,^TWII,yfinance,2y,2026-09-23,scan_20260924_160449,True,False
True,0,0.16666666666666669,0.23333358764648438,True,False,觀望 (動能減弱),49.04999923706055,2026-09-23 00:00:00,49.20499973297119,-0.032500076293949576,False,False,0.28505760145738057,False,0.0010185373843075336,45.55576244015526,0.0010569790951607536,0.0010836329662883332,-0.3813758983249316,-1.174314234342344,-3.4349542960120383,-0.3813758983249316,False,False,False,False,False,False,0.001245761831358645,False,-0.015060241194579382,中性,9926.TW,新海,0,v1,phase6a,2026-07-12,0,0,0,0,0,0,v1,635,0.00782472613458529,635,0.00782472613458529,635,0.00782472613458529,^TWII,yfinance,2y,2026-09-23,scan_20260924_160449,False,False
True,0,1.4833335876464844,1.400000254313151,True,False,買入 (動能增強),67.0,2026-09-23 00:00:00,66.04499969482421,0.23500003814696413,False,True,0.40979408740617607,False,0.0013912743284416479,47.652410422562916,0.001414660951671714,0.0014563657319646409,-0.1737146551326063,-0.031160013614317528,1.307081261436438,-0.1737146551326063,False,False,False,False,False,False,0.2550495590175126,False,-0.07458565486284852,中性,3338.TW,泰碩,2,v1,phase6a,2026-07-12,0,2,4,2,2,2,v1,147,0.7715179968701096,147,0.7715179968701096,162,0.7480438184663537,^TWII,yfinance,2y,2026-09-23,scan_20260924_160449,False,False
True,2,-0.1999998092651367,-0.29166634877522785,True,False,觀察 (跌勢收斂),28.100000381469727,2026-09-23 00:00:00,27.860000228881837,-0.0024999618530259227,False,True,0.9966746829856579,False,0.0005835046143274528,43.70019603081324,0.0005986150677225679,0.0006217080271469683,-0.2650048468248234,-1.2993568807293632,-4.767999182275484,-0.2650048468248234,False,False,False,False,False,False,0.03179755223123519,False,-0.11075949233381666,中性,5353.TWO,台林,1,v1,phase6a,2026-07-12,0,1,2,1,1,1,v1,369,0.4241001564945227,369,0.4241001564945227,373,0.41784037558685444,^TWII,yfinance,2y,2026-09-23,scan_20260924_160449,False,False
True,0,-1.5666662851969397,-1.9500001271565752,True,False,觀察 (跌勢收斂),52.900001525878906,2026-09-23 00:00:00,53.72000007629394,-0.08499984741211364,False,False,0.28654168104906763,False,0.0010984837924996914,43.555951832344604,0.0011494025173972603,0.0012305171400670625,-0.46415313286792825,-1.6929291971461202,-6.221619396461653,-0.46415313286792825,False,False,False,False,False,False,0.0,False,-0.2766043463777108,中性,3537.TWO,堡達,1,v1,phase6a,2026-07-12,0,1,1,1,1,1,v1,338,0.4726134585289515,338,0.4726134585289515,344,0.46322378716744916,^TWII,yfinance,2y,2026-09-23,scan_20260924_160449,False,False
True,0,0.150000254313151,-0.06666628519694011,True,False,買入 (動能增強),47.29999923706055,2026-09-23 00:00:00,46.195000076293944,0.09499988555908345,False,True,0.7247021428542816,False,0.000982198129460177,60.66083924512569,0.0009942975883213273,0.0010228796622291812,-0.1279292961290701,-0.49872080961658183,-3.4041059902805926,-0.1279292961290701,False,False,False,False,False,True,0.06252739222881293,False,-0.14950131315689996,中性,6509.TWO,聚和,3,v1,phase6a,2026-07-12,0,3,5,3,3,3,v1,56,0.9139280125195618,56,0.9139280125195618,70,0.892018779342723,^TWII,yfinance,2y,2026-09-23,scan_20260924_160449,True,False
True,0,-0.6833330790201823,-1.0333328247070312,True,False,觀察 (跌勢收斂),78.0999984741211,2026-09-23 00:00:00,79.08499908447266,-0.14500007629393963,True,False,0.2516907852857372,False,0.0016217689989309933,30.223029722557495,0.0017148190763383625,0.001876177251139863,-0.567938449125005,-2.2287602868954703,-10.7763697970093,-0.567938449125005,False,False,False,False,False,False,0.0,False,-0.14175825852614188,中性,8279.TWO,生展,1,v1,phase6a,2026-07-12,0,1,1,1,1,1,v1,443,0.3082942097026604,443,0.3082942097026604,444,0.30672926447574334,^TWII,yfinance,2y,2026-09-23,scan_20260924_160449,False,False
True,0,-0.024999618530273434,-0.04166634877522786,True,False,觀察 (跌勢收斂),18.299999237060547,2026-09-23 00:00:00,18.11999979019165,-0.0025000572204589844,False,True,1.1864038123109168,False,0.0003800047634182699,38.39721933248781,0.0003895596674587925,0.00040987301758790503,-0.2575187797195344,-1.3620615844893713,-4.576496974600763,-0.2575187797195344,False,False,False,False,False,False,0.03516737994339972,False,-0.04935068898386774,中性,8409.TWO,商之器,1,v1,phase6a,2026-07-12,0,1,2,1,1,1,v1,448,0.3004694835680751,448,0.3004694835680751,449,0.29890453834115804,^TWII,yfinance,2y,2026-09-23,scan_20260924_160449,False,False
True,1,-0.2666676839192708,-0.05000050862630208,True,False,賣出 (動能轉弱),91.19999694824219,2026-09-23 00:00:00,91.44249954223633,0.03156166076661293,False,False,0.24570074877303189,False,0.001893794246388746,60.06467970800678,0.0019571389681351603,0.001995326841466409,-0.33953774541197745,-1.1727269077923985,-1.9502234684033115,-0.33953774541197745,False,False,False,False,False,False,0.1267493973411431,False,-0.015118807224064557,中性,6183.TW,關貿,0,v1,phase6a,2026-07-12,0,0,1,0,0,0,v1,563,0.12050078247261346,563,0.12050078247261346,563,0.12050078247261346,^TWII,yfinance,2y,2026-09-23,scan_20260924_160449,False,False
True,0,-4.046152750651041,-4.472434997558593,True,False,觀察 (跌勢收斂),84.30000305175781,2026-09-23 00:00:00,84.96269302368164,0.022692489624020595,False,False,0.7922224457354433,False,0.0017505138825890032,31.940185919591077,0.0018019295867724497,0.0019388016138296414,-0.2994552269563133,-1.7437629911449148,-1.6407586763104387,-0.2994552269563133,False,False,False,False,False,False,0.06287943971810261,False,-0.21053028310569233,中性,3013.TW,晟銘電,1,v1,phase6a,2026-07-12,0,1,2,1,1,1,v1,321,0.49921752738654146,321,0.49921752738654146,329,0.486697965571205,^TWII,yfinance,2y,2026-09-23,scan_20260924_160449,False,False
True,0,0.9666671752929686,0.7333342234293619,True,False,買入 (動能增強),38.29999923706055,2026-09-23 00:00:00,37.90500011444092,-0.005000114440917969,False,True,0.43826330859580437,False,0.0007953105331023439,22.086922008953874,0.0008131402656126704,0.0008230806726036825,-0.2302790942081856,0.10793388354168876,-0.6133750185574605,-0.2302790942081856,False,False,False,False,False,False,0.45130391245172063,False,-0.02915086194267591,中性,6887.TW,寶綠特-KY,2,v1,phase6a,2026-07-12,0,2,3,2,2,2,v1,232,0.6384976525821596,232,0.6384976525821596,237,0.6306729264475743,^TWII,yfinance,2y,2026-09-23,scan_20260924_160449,False,False
True,0,-0.03333282470703126,-0.1333325703938802,True,False,觀察 (跌勢收斂),38.29999923706055,2026-09-23 00:00:00,38.575,-0.01499996185302166,True,False,0.36741672281931526,False,0.0007953105331023439,38.7073518755103,0.0008270136984011939,0.0008787782477057398,-0.40189941389020545,-1.0840775454357354,-3.6290300609133186,-0.40189941389020545,False,False,False,False,False,False,0.0,False,-0.06585367714486468,中性,2543.TW,皇昌,2,v1,phase6a,2026-07-12,0,2,2,2,2,2,v1,118,0.8169014084507042,118,0.8169014084507042,139,0.784037558685446,^TWII,yfinance,2y,2026-09-23,scan_20260924_160449,True,False
False,0,-106.66666666666664,-311.66666666666663,False,True,強烈賣出 (跌破),6410.0,2026-09-23 00:00:00,5718.25,34.25,False,True,1.2525175477556354,False,0.1331054991837457,227.26265048931623,0.12005443535065044,0.10792456788426798,1.1575571236450921,1.4476805034092877,13.066734369083255,1.1575571236450921,True,True,True,True,False,True,1.0,False,0.0,強勢 (RS強勁),3653.TW,健策,0,v1,phase6a,2026-07-12,3,3,2,3,0,3,v1,531,0.1705790297339593,531,0.1705790297339593,98,0.8482003129890454,^TWII,yfinance,2y,2026-09-23,scan_20260924_160449,False,False
True,0,6.416666666666666,5.083333333333333,True,False,買入 (動能增強),243.0,2026-09-23 00:00:00,236.175,0.6000000000000227,False,True,0.5911237775052153,False,0.005045965101661499,68.91221558807003,0.00507531352890073,0.0049341744281321395,-0.06083227797366586,0.30846462285039067,0.47119430080915237,-0.06083227797366586,False,True,True,False,False,True,0.6619642187027112,False,-0.03379721669980118,偏強 (RS上升),2603.TW,長榮,2,v1,phase6a,2026-07-12,1,3,4,3,2,3,v1,119,0.8153364632237872,119,0.8153364632237872,86,0.86697965571205,^TWII,yfinance,2y,2026-09-23,scan_20260924_160449,False,False
True,0,-0.04166682561238608,-0.09166669845581055,True,False,觀察 (跌勢收斂),11.899999618530273,2026-09-23 00:00:00,11.77999997138977,0.0,False,True,1.7926907670243806,True,0.0002471069250406951,26.458462068640866,0.00025377804107563413,0.000283868909761633,-0.27594389049645507,-1.237751469314663,-5.9303300961187855,-0.27594389049645507,False,False,False,False,False,False,0.0,False,-0.18493155427353858,中性,4745.TWO,合富-KY,1,v1,phase6a,2026-07-12,0,1,2,1,1,1,v1,357,0.4428794992175274,357,0.4428794992175274,361,0.43661971830985913,^TWII,yfinance,2y,2026-09-23,scan_20260924_160449,False,False
False,0,-0.10833326975504556,-0.41666666666666663,False,True,強烈賣出 (跌破),25.649999618530273,2026-09-23 00:00:00,24.474999713897706,0.06750001907348846,False,True,2.3055153695425985,True,0.000532629641698496,39.846039307555984,0.0005255026092948274,0.0005366694357045692,0.14296531923727596,-0.7091013717012595,-3.066085200045998,0.14296531923727596,True,False,False,False,False,True,0.33735709873670006,False,0.0,中性,1101.TW,台泥,0,v1,phase6a,2026-07-12,0,0,2,0,0,0,v1,459,0.28325508607198746,459,0.28325508607198746,461,0.28012519561815336,^TWII,yfinance,2y,2026-09-23,scan_20260924_160449,False,False
True,1,-0.053333282470703125,-0.031885782877604164,True,False,賣出 (動能轉弱),10.25,2026-09-23 00:00:00,10.368065690994262,-0.010868549346923828,False,False,2.736637349707568,True,0.00021284420696308793,39.73799728053105,0.00022248874211797375,0.00023011045892880024,-0.45422651277989834,-1.2881754413799795,-3.9421500988093383,-0.45422651277989834,False,False,False,False,False,False,0.0,False,-0.04302184134285858,中性,2701.TW,萬企,0,v1,phase6a,2026-07-12,0,0,0,0,0,0,v1,511,0.20187793427230047,511,0.20187793427230047,512,0.20031298904538342,^TWII,yfinance,2y,2026-09-23,scan_20260924_160449,False,False
False,0,-0.5000000000000001,-1.583333333333333,False,True,強烈賣出 (跌破),106.0,2026-09-23 00:00:00,104.7,0.025000000000005684,False,True,0.6982753894459248,False,0.0022011205793255923,43.54636573503245,0.002249810541398642,0.002362458077479153,-0.2272906911275241,-0.7728224487970281,-4.687132720572141,-0.2272906911275241,False,False,False,False,False,False,0.020257069913464074,False,-0.0996412013388186,中性,5222.TW,全訊,0,v1,phase6a,2026-07-12,0,0,2,0,0,0,v1,550,0.14084507042253522,550,0.14084507042253522,550,0.14084507042253522,^TWII,yfinance,2y,2026-09-23,scan_20260924_160449,False,False
True,1,-0.15000025431315103,-0.15000025431315103,True,False,賣出 (動能轉弱),77.9000015258789,2026-09-23 00:00:00,77.7599998474121,0.010000228881835938,False,True,0.3342916360232667,False,0.0016176160046047839,45.035571674606004,0.0016672845871888258,0.0017106115142236124,-0.3125997999174457,-1.1767917722865673,-3.026801951387803,-0.3125997999174457,False,False,False,False,False,False,0.0,False,-0.0038362587477061005,中性,4126.TWO,太醫,0,v1,phase6a,2026-07-12,0,0,2,0,0,0,v1,535,0.1643192488262911,535,0.1643192488262911,535,0.1643192488262911,^TWII,yfinance,2y,2026-09-23,scan_20260924_160449,False,False
True,1,0.05833323796590169,0.04166666666666667,True,False,買入 (動能增強),13.949999809265137,2026-09-23 00:00:00,14.069999933242798,-0.009999990463256836,False,False,0.8798948735124932,False,0.00028967577039397716,35.50788644827108,0.00030186081017071723,0.0003097474953554284,-0.4231118248357313,-0.952864510685214,-2.0990700685912245,-0.4231118248357313,False,False,False,False,False,False,0.037067078893341786,False,-0.03793104763688715,中性,1456.TW,怡華,2,v1,phase6a,2026-07-12,0,2,2,2,2,2,v1,85,0.8685446009389671,85,0.8685446009389671,113,0.8247261345852895,^TWII,yfinance,2y,2026-09-23,scan_20260924_160449,False,False
True,0,1.0166651407877603,0.5666656494140625,True,False,買入 (動能增強),89.69999694824219,2026-09-23 00:00:00,89.7,0.10499992370606037,False,False,0.42765607351168416,False,0.0018626463136624403,43.78826114361829,0.0019183285623137602,0.001912217187628735,-0.30461076004040244,-0.43907976817155747,-0.19679989837642076,-0.30461076004040244,False,False,True,False,False,False,0.1992208549582084,False,-0.055789505807976925,中性,4590.TW,富田-創,2,v1,phase6a,2026-07-12,0,2,3,2,2,2,v1,173,0.730829420970266,173,0.730829420970266,186,0.7104851330203443,^TWII,yfinance,2y,2026-09-23,scan_20260924_160449,False,False
True,2,0.041666666666666664,-0.024999936421712245,True,False,買入 (動能增強),29.600000381469727,2026-09-23 00:00:00,29.192500019073485,0.01249999999999929,False,True,4.456463013195052,True,0.0006146525470537584,22.207069575980935,0.000629040587211699,0.0006750868152968911,-0.2401900326071682,-1.3312265796285194,-5.546674530206442,-0.2401900326071682,False,False,False,False,False,False,0.04625048378184913,False,-0.1626590761202099,中性,3465.TWO,進泰電子,2,v1,phase6a,2026-07-12,0,2,4,2,2,2,v1,150,0.7668231611893583,150,0.7668231611893583,164,0.7449139280125195,^TWII,yfinance,2y,2026-09-23,scan_20260924_160449,False,False
True,0,-32.5,-28.333333333333336,True,False,賣出 (動能轉弱),2365.0,2026-09-23 00:00:00,2429.25,-6.0,False,False,0.523004698670684,False,0.04910990726514175,63.95984037204326,0.05201794834628247,0.057048543723017014,-0.5850264669379213,-1.4592878189008673,-5.768170021964869,-0.5850264669379213,False,False,False,False,False,False,0.0,False,-0.3832195272897332,中性,3131.TWO,弘塑,0,v1,phase6a,2026-07-12,0,0,0,0,0,0,v1,523,0.18309859154929578,523,0.18309859154929578,524,0.18153364632237873,^TWII,yfinance,2y,2026-09-23,scan_20260924_160449,False,False
True,0,0.028333346048990876,0.15333334604899085,True,False,觀望 (動能減弱),8.050000190734863,2026-09-23 00:00:00,8.316500043869018,-0.010500001907349343,False,False,3.3133274235972854,True,0.00016716057625850423,30.23959088003302,0.00017958484067160416,0.0001925730270290642,-0.7229797611793543,-2.0313216205289364,-6.668170272771013,-0.7229797611793543,False,False,False,False,False,False,0.0,False,-0.1344085993939349,中性,6616.TWO,特昇-KY,0,v1,phase6a,2026-07-12,0,0,0,0,0,0,v1,584,0.08763693270735524,584,0.08763693270735524,584,0.08763693270735524,^TWII,yfinance,2y,2026-09-23,scan_20260924_160449,False,False
True,1,0.11666679382324219,0.08333333333333331,True,False,買入 (動能增強),62.900001525878906,2026-09-23 00:00:00,62.76000003814697,0.005000114440917969,False,True,0.10350681074814722,False,0.0013061366773417283,44.82446934766271,0.0013455215860508868,0.0013810834800867778,-0.3071704902126937,-1.1046727684382085,-2.4894969543132306,-0.3071704902126937,False,False,False,False,False,False,0.09950167955710382,False,-0.014106547365894673,中性,2643.TWO,捷迅,4,v1,phase6a,2026-07-12,0,4,6,4,4,4,v1,11,0.9843505477308294,11,0.9843505477308294,15,0.9780907668231612,^TWII,yfinance,2y,2026-09-23,scan_20260924_160449,False,True
True,1,1.1333338419596353,0.4999999999999999,True,False,買入 (動能增強),82.0,2026-09-23 00:00:00,82.85,0.05999984741210085,False,False,0.33947633926430615,False,0.0017027536557047034,76.48750707055328,0.001758199367695461,0.0018203437273300205,-0.33085444600393643,-0.861773630559004,3.929518999125814,-0.33085444600393643,False,False,False,False,False,False,0.5651226380581172,False,-0.09292036929307157,中性,5340.TWO,建榮,2,v1,phase6a,2026-07-12,0,2,3,2,2,2,v1,184,0.7136150234741784,184,0.7136150234741784,194,0.6979655712050078,^TWII,yfinance,2y,2026-09-23,scan_20260924_160449,False,False
True,0,-0.15866470336914062,0.14122390747070315,True,False,賣出 (動能轉弱),87.5,2026-09-23 00:00:00,88.74823608398438,-0.08766746520996094,False,False,0.656349357818337,False,0.0018169627423678238,67.2124390291664,0.0018950337302884382,0.0019934026119210334,-0.4317872724450611,-0.7876218140596247,-1.7456483758479524,-0.4317872724450611,False,False,False,False,False,False,0.17598653819856042,False,-0.1333089848535377,中性,5243.TW,乙盛-KY,0,v1,phase6a,2026-07-12,0,0,0,0,0,0,v1,551,0.13928012519561817,551,0.13928012519561817,551,0.13928012519561817,^TWII,yfinance,2y,2026-09-23,scan_20260924_160449,False,False
True,0,1.3166669209798176,1.2000001271565754,True,False,買入 (動能增強),37.04999923706055,2026-09-23 00:00:00,36.02249965667725,0.11000003814697124,False,True,0.6248118725716121,False,0.0007693539224970892,70.89008075743749,0.000773934003486272,0.0007579191621665665,-0.062255133587829636,0.3591788584703881,1.8116690114559741,-0.062255133587829636,False,True,True,False,False,False,0.6898757887387573,False,-0.019841270241737763,中性,2605.TW,新興,2,v1,phase6a,2026-07-12,0,2,4,2,2,2,v1,120,0.8137715179968701,120,0.8137715179968701,140,0.7824726134585289,^TWII,yfinance,2y,2026-09-23,scan_20260924_160449,False,False
False,0,-13.083333333333332,-18.916666666666668,False,True,強烈賣出 (跌破),380.0,2026-09-23 00:00:00,379.0,0.8000000000000114,False,True,0.3619753626273821,False,0.007890809623997406,187.2096482974126,0.008029504864489771,0.008303015634298883,-0.18149315746650574,-0.7015716700642716,-0.5138795340002722,-0.18149315746650574,False,False,False,False,False,True,0.33810058485230715,False,-0.1693989071038251,中性,3211.TWO,順達,0,v1,phase6a,2026-07-12,0,0,2,0,0,0,v1,526,0.1784037558685446,526,0.1784037558685446,527,0.17683881064162754,^TWII,yfinance,2y,2026-09-23,scan_20260924_160449,False,False
True,0,0.05833323796590169,0.008333365122477211,True,False,買入 (動能增強),10.149999618530273,2026-09-23 00:00:00,10.145500087738037,-0.007500028610229137,False,True,1.0701356653495204,False,0.00021076767019333862,25.695075862567645,0.0002178245564635141,0.00022577518913384248,-0.3398632089020692,-0.8937817286252869,-3.2726638958609833,-0.3398632089020692,False,False,False,False,False,False,0.0,False,-0.024038462420187034,中性,1805.TW,寶徠,2,v1,phase6a,2026-07-12,0,2,3,2,2,2,v1,96,0.8513302034428795,96,0.8513302034428795,122,0.810641627543036,^TWII,yfinance,2y,2026-09-23,scan_20260924_160449,False,False
True,0,-15.916666666666666,-11.75,True,False,賣出 (動能轉弱),473.0,2026-09-23 00:00:00,488.275,1.0,False,False,1.2442873283399634,False,0.00982198145302835,202.83773531621688,0.010359439712988828,0.010640217689947341,-0.5431497330134039,-2.0128405188692855,-0.611880059856551,-0.5431497330134039,False,False,False,False,False,False,0.08429970569914748,False,-0.2678018575851393,中性,4958.TW,臻鼎-KY,0,v1,phase6a,2026-07-12,0,0,1,0,0,0,v1,547,0.14553990610328638,547,0.14553990610328638,547,0.14553990610328638,^TWII,yfinance,2y,2026-09-23,scan_20260924_160449,False,False
True,0,9.333333333333332,9.916666666666664,True,False,觀望 (動能減弱),306.0,2026-09-23 00:00:00,305.525,1.8249999999999886,False,True,0.6208438754403042,False,0.006354178276166332,137.41047625252094,0.006523415274421468,0.006821706676089616,-0.2723405490834163,-0.6396192666918488,3.172928737079128,-0.2723405490834163,False,False,False,False,False,False,0.19761140152999015,False,-0.4535976914997699,中性,2492.TW,華新科,0,v1,phase6a,2026-07-12,0,0,2,0,0,0,v1,500,0.2190923317683881,500,0.2190923317683881,502,0.215962441314554,^TWII,yfinance,2y,2026-09-23,scan_20260924_160449,False,False
True,2,-0.008333841959635414,0.008332888285319012,True,False,賣出 (動能轉弱),24.350000381469727,2026-09-23 00:00:00,24.429999923706056,-0.02499999999999858,False,False,0.39636725196897543,False,0.0005056347825116889,47.6999232379074,0.0005244661126766065,0.0005318236493018074,-0.37653176243340747,-1.2164974391484007,-3.636111874105663,-0.37653176243340747,False,False,False,False,False,False,0.22365002877477724,False,-0.02794406694253304,中性,4106.TW,雃博,0,v1,phase6a,2026-07-12,0,0,0,0,0,0,v1,534,0.16588419405320814,534,0.16588419405320814,534,0.16588419405320814,^TWII,yfinance,2y,2026-09-23,scan_20260924_160449,False,False
False,0,-0.7666667302449545,-0.8250001271565756,False,True,強烈賣出 (跌破),31.549999237060547,2026-09-23 00:00:00,31.322499752044678,-0.007500076293943891,False,True,0.5742450070266707,False,0.0006551448358339689,27.659578565598537,0.0006718955433603128,0.0007139720330621873,-0.26173968702173367,-1.157399812617732,-4.810272323984533,-0.26173968702173367,False,False,False,False,False,False,0.008154009385401716,False,-0.16860304102770773,中性,6962.TW,奕力-KY,0,v1,phase6a,2026-07-12,0,0,1,0,0,0,v1,602,0.0594679186228482,602,0.0594679186228482,602,0.0594679186228482,^TWII,yfinance,2y,2026-09-23,scan_20260924_160449,False,False
False,0,-0.34166717529296875,-0.35000038146972656,False,True,強烈賣出 (跌破),18.350000381469727,2026-09-23 00:00:00,18.894999980926514,-0.03000001907348704,True,False,1.0284953199177547,False,0.0003810430516064668,9.37487078422884,0.00040602900764136483,0.00045348890277907827,-0.64359280925953,-2.446522045194144,-7.185119483945835,-0.64359280925953,False,False,False,False,False,False,0.0,False,-0.210752671764743,中性,7723.TWO,築間,0,v1,phase6a,2026-07-12,0,0,0,0,0,0,v1,603,0.057902973395931145,603,0.057902973395931145,603,0.057902973395931145,^TWII,yfinance,2y,2026-09-23,scan_20260924_160449,False,False
True,0,-3.499999999999999,-5.916666666666666,True,False,觀察 (跌勢收斂),295.5,2026-09-23 00:00:00,293.75,-0.22500000000002274,False,True,0.8159514956982684,False,0.006136142747082193,63.31694044671226,0.006355143710313201,0.007130377231218519,-0.3614302754183063,-1.4481109975881035,-9.912714391855692,-0.3614302754183063,False,False,False,False,False,False,0.0024045351177667,False,-0.281021897810219,中性,5234.TW,達興材料,1,v1,phase6a,2026-07-12,0,1,2,1,1,1,v1,364,0.431924882629108,364,0.431924882629108,368,0.42566510172143973,^TWII,yfinance,2y,2026-09-23,scan_20260924_160449,False,False
True,0,1.6666666666666665,1.8333333333333333,True,False,觀望 (動能減弱),111.5,2026-09-23 00:00:00,110.05,0.125,False,True,0.4204300527298726,False,0.0023153296659887126,22.96526608198854,0.002371132666593059,0.0025515646674164963,-0.2471175258366931,-0.5777640225968939,-3.0714812560868165,-0.2471175258366931,False,False,False,False,False,True,0.049683562941898206,False,-0.12549019607843137,中性,6230.TW,尼得科超眾,0,v1,phase6a,2026-07-12,0,0,2,0,0,0,v1,570,0.10954616588419405,570,0.10954616588419405,570,0.10954616588419405,^TWII,yfinance,2y,2026-09-23,scan_20260924_160449,False,False
True,0,2.5,-2.25,True,False,買入 (動能增強),234.5,2026-09-23 00:00:00,220.75,0.8000000000000114,False,True,3.863001122440973,True,0.004869460149545767,103.07540366591851,0.004694024700680752,0.00466204334594549,0.3949665494345167,0.5624272770421213,5.029756385850526,0.3949665494345167,True,True,True,False,False,True,0.9623663806719801,False,0.0,偏強 (RS上升),7810.TWO,捷創科技,2,v1,phase6a,2026-07-12,2,4,4,4,2,4,v1,241,0.6244131455399061,241,0.6244131455399061,53,0.918622848200313,^TWII,yfinance,2y,2026-09-23,scan_20260924_160449,False,False
True,0,-0.7000001271565754,-0.6833333969116211,True,False,賣出 (動能轉弱),13.899999618530273,2026-09-23 00:00:00,14.407500076293946,-0.04500002861022878,True,False,1.0730948298778866,False,0.0002886375020091025,17.038559847025002,0.0003100131466843962,0.00033546051979652444,-0.720567699220076,-3.0637441158736345,-10.868828411709108,-0.720567699220076,False,False,False,False,False,False,0.004466111784561486,False,-0.20571430751255582,中性,4402.TWO,郡都開發,1,v1,phase6a,2026-07-12,0,1,1,1,1,1,v1,349,0.45539906103286387,349,0.45539906103286387,354,0.4475743348982786,^TWII,yfinance,2y,2026-09-23,scan_20260924_160449,True,False
True,0,-0.23999993006388343,-0.2883331775665283,True,False,觀察 (跌勢收斂),7.429999828338623,2026-09-23 00:00:00,7.4394999742507935,0.012500000000000178,False,False,0.3952465020684567,False,0.00015428608987303548,28.79892876166927,0.00015866969283087926,0.00016889277676630584,-0.2899696028089038,-1.9092388354645107,-3.4250642830248035,-0.2899696028089038,False,False,False,False,False,False,0.15780518819873326,False,-0.05949370396899323,中性,1213.TW,大飲,1,v1,phase6a,2026-07-12,0,1,2,1,1,1,v1,253,0.6056338028169014,253,0.6056338028169014,261,0.593114241001565,^TWII,yfinance,2y,2026-09-23,scan_20260924_160449,False,False
False,0,-0.41666666666666663,-0.9999999999999999,False,True,強烈賣出 (跌破),209.0,2026-09-23 00:00:00,207.725,0.125,False,True,0.9026720964158436,False,0.0043399452931985735,47.2489792986871,0.004438582006899783,0.004471447968208538,-0.23337590633474292,-0.3568770286997647,-0.2478367651580382,-0.23337590633474292,False,False,False,False,False,False,0.5406779776971103,False,-0.021077283372365363,中性,2474.TW,可成,0,v1,phase6a,2026-07-12,0,0,2,0,0,0,v1,499,0.22065727699530516,499,0.22065727699530516,501,0.21752738654147105,^TWII,yfinance,2y,2026-09-23,scan_20260924_160449,False,False
True,1,0.16666666666666669,-0.2166659037272135,True,False,買入 (動能增強),89.19999694824219,2026-09-23 00:00:00,88.8799991607666,0.019999694824221592,False,True,2.2787228634782077,True,0.0018522636694203386,26.94803348605259,0.0019122591008800165,0.002021237790371491,-0.32916672627244514,-1.1487394003173446,-4.741760615807566,-0.32916672627244514,False,False,False,False,False,False,0.0,False,-0.06006327171746506,中性,7757.TWO,金色三麥,2,v1,phase6a,2026-07-12,0,2,4,2,2,2,v1,237,0.6306729264475743,237,0.6306729264475743,242,0.622848200312989,^TWII,yfinance,2y,2026-09-23,scan_20260924_160449,False,False
True,1,-0.7833340962727865,-1.1500015258789062,True,False,觀察 (跌勢收斂),97.30000305175781,2026-09-23 00:00:00,97.94499969482422,-0.044999694824213066,False,False,0.37692094463487685,False,0.002020462632883651,70.45271558544474,0.002103001805578344,0.002224716648448853,-0.4114398133113095,-1.2702351155868263,-4.651204723133917,-0.4114398133113095,False,False,False,False,False,False,0.028490147408210466,False,-0.16749508264010726,中性,6215.TW,和椿,1,v1,phase6a,2026-07-12,0,1,1,1,1,1,v1,393,0.3865414710485133,393,0.3865414710485133,395,0.38341158059467917,^TWII,yfinance,2y,2026-09-23,scan_20260924_160449,False,False
True,0,2.0750001271565752,1.8749999999999998,True,False,買入 (動能增強),47.099998474121094,2026-09-23 00:00:00,46.59249992370606,-0.04000015258788636,False,True,0.41411092535811567,False,0.0009780450559206785,68.56028386503884,0.0010006795320475668,0.0009907979313174254,-0.23753029989489471,0.9503386172065698,1.5171375888611394,-0.23753029989489471,False,False,True,False,False,True,0.5160174534799106,False,-0.14363639137961648,中性,2399.TW,映泰,2,v1,phase6a,2026-07-12,1,3,3,3,2,3,v1,108,0.8325508607198748,108,0.8325508607198748,84,0.8701095461658842,^TWII,yfinance,2y,2026-09-23,scan_20260924_160449,False,False
True,0,0.1416667302449544,0.04166698455810547,True,False,買入 (動能增強),26.899999618530273,2026-09-23 00:00:00,26.862499809265138,-0.0025000572204589844,False,True,0.8250643799989158,False,0.0005585862523037506,54.812715209465644,0.0005747248952772466,0.0005799211084501349,-0.2947145518327976,-0.6562988430521499,-1.0575450279869392,-0.2947145518327976,False,False,False,False,False,False,0.08596286187118982,False,-0.014652001088236721,中性,2107.TW,厚生,2,v1,phase6a,2026-07-12,0,2,3,2,2,2,v1,99,0.8466353677621283,99,0.8466353677621283,125,0.8059467918622848,^TWII,yfinance,2y,2026-09-23,scan_20260924_160449,False,False
True,1,0.23333342870076496,0.1250001589457194,True,False,買入 (動能增強),15.800000190734863,2026-09-23 00:00:00,15.545000123977662,0.009999990463256836,False,True,1.277542632783527,False,0.0003280915620110829,66.0628485699736,0.0003310242443765173,0.0003249144894624551,-0.09317015073599944,0.10727156836152218,3.5628584078746472,-0.09317015073599944,False,True,True,False,False,True,0.4048602271246661,False,0.0,偏強 (RS上升),1459.TW,聯發,2,v1,phase6a,2026-07-12,1,3,4,3,2,3,v1,87,0.865414710485133,87,0.865414710485133,81,0.8748043818466353,^TWII,yfinance,2y,2026-09-23,scan_20260924_160449,False,False
True,0,-0.060000260670979806,-0.1616668701171875,True,False,觀察 (跌勢收斂),10.149999618530273,2026-09-23 00:00:00,10.163999938964844,-0.025000000000000355,False,False,0.48676385216924006,False,0.00021076767019333862,34.89220512281853,0.00021870948198090656,0.00023351040349388683,-0.380777712235858,-1.1790871907822686,-6.4837052497859755,-0.380777712235858,False,False,False,False,False,False,0.0,False,-0.24535317751169283,中性,2390.TW,云辰,1,v1,phase6a,2026-07-12,0,1,1,1,1,1,v1,297,0.5367762128325508,297,0.5367762128325508,305,0.5242566510172144,^TWII,yfinance,2y,2026-09-23,scan_20260924_160449,False,False
True,1,0.21666717529296872,0.3166675567626953,True,False,觀望 (動能減弱),54.70000076293945,2026-09-23 00:00:00,54.80999984741211,-0.01999988555908061,False,False,1.2938335985041791,False,0.0011358612959286001,41.22185304915056,0.0011789634152442766,0.001239081896747861,-0.3833598098291091,-1.264608749255558,-4.185201198290089,-0.3833598098291091,False,False,False,False,False,False,0.0,False,-0.08669689763190347,中性,2496.TW,卓越,0,v1,phase6a,2026-07-12,0,0,0,0,0,0,v1,501,0.21752738654147105,501,0.21752738654147105,503,0.21439749608763695,^TWII,yfinance,2y,2026-09-23,scan_20260924_160449,False,False
True,0,-0.16666650772094727,-0.15833330154418945,True,False,賣出 (動能轉弱),12.25,2026-09-23 00:00:00,12.380000019073487,-0.0025000095367424535,False,False,0.5191234954538442,False,0.0002543747839314953,38.056996953986115,0.00026417744609262106,0.0002758417149253653,-0.38907351829704506,-1.1131980425789223,-1.520412041026431,-0.38907351829704506,False,False,False,False,False,False,0.0,False,-0.20069648932120854,中性,1304.TW,台聚,0,v1,phase6a,2026-07-12,0,0,0,0,0,0,v1,466,0.27230046948356806,466,0.27230046948356806,468,0.26917057902973396,^TWII,yfinance,2y,2026-09-23,scan_20260924_160449,False,False
True,0,-34.556691487630204,-28.071889241536457,True,False,賣出 (動能轉弱),545.0,2026-09-23 00:00:00,556.3441864013672,0.9500000000000455,False,False,0.3496495107417112,False,0.011317082223891016,138.23517630355914,0.011503411859951903,0.011179552400377425,-0.17021263982436308,-0.17908411146655423,18.945293177997712,-0.17021263982436308,False,True,True,False,False,False,0.6803693055285289,False,-0.08862876254180607,中性,6830.TW,汎銓,0,v1,phase6a,2026-07-12,0,0,1,0,0,0,v1,595,0.07042253521126761,595,0.07042253521126761,595,0.07042253521126761,^TWII,yfinance,2y,2026-09-23,scan_20260924_160449,False,False
False,0,0.24999984105428058,-0.016666571299235027,False,True,強烈買入 (爆發),16.799999237060547,2026-09-23 00:00:00,15.269999980926514,0.07749996185302699,False,True,7.2985101097615726,True,0.0003488568306919643,39.622680669819914,0.00033046448215179525,0.000351051786116272,0.5893056492287219,-0.19836566920503618,-4.728398203311357,0.5893056492287219,True,False,False,False,False,True,0.39991133566177317,False,-0.03170035344763422,中性,6118.TWO,建達,3,v1,phase6a,2026-07-12,0,3,5,3,3,3,v1,51,0.9217527386541471,51,0.9217527386541471,66,0.8982785602503912,^TWII,yfinance,2y,2026-09-23,scan_20260924_160449,False,False
True,0,-2.233336130777994,-2.7666689554850254,True,False,觀察 (跌勢收斂),99.19999694824219,2026-09-23 00:00:00,99.0849998474121,-0.04000015258789347,True,True,0.970983475270805,False,0.0020599165542623758,22.59540025192804,0.0021200631503667314,0.002272871036534726,-0.29774442261896183,-1.5764652100150656,-4.593649237767739,-0.29774442261896183,False,False,False,False,False,False,0.012935774752322849,False,-0.15932205976065938,中性,6462.TWO,神盾,1,v1,phase6a,2026-07-12,0,1,2,1,1,1,v1,401,0.37402190923317685,401,0.37402190923317685,403,0.37089201877934275,^TWII,yfinance,2y,2026-09-23,scan_20260924_160449,False,False
True,1,-0.16666603088378903,-0.4333330790201824,True,False,觀察 (跌勢收斂),56.20000076293945,2026-09-23 00:00:00,56.579999923706055,0.010000038146969814,False,False,0.46239563275874895,False,0.0011670092286549057,104.04797567297165,0.0012145547657895636,0.0013052716663690313,-0.4103771189324146,-1.5206903823908213,-5.490729325243171,-0.4103771189324146,False,False,False,False,False,False,9.383995909570762e-05,False,-0.3480278679994445,中性,6155.TW,鈞寶,1,v1,phase6a,2026-07-12,0,1,2,1,1,1,v1,388,0.39436619718309857,388,0.39436619718309857,390,0.39123630672926446,^TWII,yfinance,2y,2026-09-23,scan_20260924_160449,False,False
True,0,-0.5,-0.75,True,False,觀察 (跌勢收斂),106.0,2026-09-23 00:00:00,105.175,-0.04999999999999716,True,True,0.5642899915082786,False,0.0022011205793255923,87.37814974801056,0.002240865054572399,0.0021307694512696772,-0.1863491426270958,-0.6377512022100351,0.4210763466018008,-0.1863491426270958,False,True,True,False,False,False,0.5640488590916898,False,-0.09012875536480691,中性,2546.TW,根基,1,v1,phase6a,2026-07-12,0,1,2,1,1,1,v1,307,0.5211267605633803,307,0.5211267605633803,315,0.5086071987480438,^TWII,yfinance,2y,2026-09-23,scan_20260924_160449,False,False
True,1,-0.14166673024495444,0.008333206176757812,True,False,賣出 (動能轉弱),23.850000381469727,2026-09-23 00:00:00,24.427499961853027,-0.05249996185302663,False,False,3.065620234124193,True,0.0004952521382695871,37.21737527636777,0.0005237655845467239,0.0005451972966518485,-0.5697804528208117,-1.8117186970902144,-4.347487197229427,-0.5697804528208117,False,False,False,False,False,False,0.0,False,-0.06653616071835156,中性,6496.TWO,科懋,0,v1,phase6a,2026-07-12,0,0,0,0,0,0,v1,578,0.09702660406885759,578,0.09702660406885759,578,0.09702660406885759,^TWII,yfinance,2y,2026-09-23,scan_20260924_160449,False,False
True,1,-0.3166675567626953,-0.34166717529296875,True,False,觀察 (跌勢收斂),33.29999923706055,2026-09-23 00:00:00,32.95250015258789,0.01499996185302166,False,True,0.8397945432884792,False,0.0006914840906813253,30.00014682665794,0.0007076179609899286,0.000736967547390612,-0.23942805572498838,-1.354192199832427,-4.614240699953253,-0.23942805572498838,False,False,False,False,False,False,0.061118606527566316,False,-0.09264309142228433,中性,7760.TW,享溫馨,2,v1,phase6a,2026-07-12,0,2,4,2,2,2,v1,238,0.6291079812206573,238,0.6291079812206573,243,0.621283255086072,^TWII,yfinance,2y,2026-09-23,scan_20260924_160449,True,False
True,0,-2.2166671752929688,-2.25,True,False,觀察 (跌勢收斂),96.19999694824219,2026-09-23 00:00:00,98.96499977111816,-0.515000152587902,False,False,0.40134517450749835,False,0.0019976206888097643,19.09947619244312,0.0020996348158872006,0.0022136934054822676,-0.5088355673600664,-1.9693062848417875,-1.3249917441319758,-0.5088355673600664,False,False,False,False,False,False,0.4328582673898341,False,-0.10511630745821221,中性,7842.TWO,天能綠電,1,v1,phase6a,2026-07-12,0,1,1,1,1,1,v1,431,0.3270735524256651,431,0.3270735524256651,432,0.325508607198748,^TWII,yfinance,2y,2026-09-23,scan_20260924_160449,False,False
True,0,0.41666666666666663,0.0,True,False,買入 (動能增強),138.5,2026-09-23 00:00:00,137.775,-0.04999999999998295,False,True,0.5106272985516981,False,0.0028759924550622123,26.786810804026498,0.0029586002596512354,0.00300997434102993,-0.2930465619557898,-0.7808456426984689,-3.4867278064982132,-0.2930465619557898,False,False,False,False,False,False,0.288073852521951,False,-0.02464788732394363,中性,6605.TW,帝寶,2,v1,phase6a,2026-07-12,0,2,3,2,2,2,v1,220,0.6572769953051644,220,0.6572769953051644,225,0.6494522691705791,^TWII,yfinance,2y,2026-09-23,scan_20260924_160449,False,False
False,0,-0.6750001907348633,-0.5416669845581055,False,True,強烈賣出 (跌破),23.700000762939453,2026-09-23 00:00:00,24.5625,-0.06499996185302592,False,False,2.352601870545095,True,0.0004921373529182855,27.95940540254662,0.0005286971490189773,0.0005679287314169194,-0.7226423354024569,-2.5566633255478255,-8.804701753245148,-0.7226423354024569,False,False,False,False,False,False,0.0,False,-0.12673908967294667,中性,6482.TWO,弘煜科,0,v1,phase6a,2026-07-12,0,0,0,0,0,0,v1,577,0.09859154929577464,577,0.09859154929577464,577,0.09859154929577464,^TWII,yfinance,2y,2026-09-23,scan_20260924_160449,False,False
True,0,-0.550000508626302,-0.5166670481363932,True,False,賣出 (動能轉弱),52.79999923706055,2026-09-23 00:00:00,53.265000343322754,-0.039999961853027344,False,False,1.737564456773414,True,0.0010964072161232974,37.85838257525105,0.0011415192340700564,0.0011785387279671605,-0.41426909037226567,-1.464596492263659,-3.9372417977728613,-0.41426909037226567,False,False,False,False,False,False,0.0,False,-0.022222236350730618,中性,8435.TWO,鉅邁,0,v1,phase6a,2026-07-12,0,0,0,0,0,0,v1,619,0.03286384976525822,619,0.03286384976525822,619,0.03286384976525822,^TWII,yfinance,2y,2026-09-23,scan_20260924_160449,False,False
True,0,-0.07500012715657552,-0.05000019073486328,True,False,賣出 (動能轉弱),31.399999618530273,2026-09-23 00:00:00,31.519999694824218,-0.01750001907348775,False,False,0.0,False,0.0006520300504826673,50.52728509983421,0.0006772317262723694,0.0007007549216370108,-0.39018507470374164,-1.2846502683929617,-4.239979941136807,-0.39018507470374164,False,False,False,False,False,False,0.0,False,-0.03680978256926659,中性,3118.TWO,進階,0,v1,phase6a,2026-07-12,0,0,0,0,0,0,v1,521,0.18622848200312989,521,0.18622848200312989,522,0.18466353677621283,^TWII,yfinance,2y,2026-09-23,scan_20260924_160449,False,False
False,0,0.11666711171468103,0.2083336512247721,False,True,強烈買入 (爆發),22.350000381469727,2026-09-23 00:00:00,23.03250026702881,-0.06750001907348491,True,False,2.0695661082936323,True,0.0004641042055432816,31.076665998502698,0.0004979828180624301,0.0005462373075610081,-0.7110311904907296,-2.4126151941020413,-8.782171021376472,-0.7110311904907296,False,False,False,False,False,False,0.0,False,-0.2239582995297723,中性,8455.TWO,大拓-KY,3,v1,phase6a,2026-07-12,0,3,3,3,3,3,v1,67,0.8967136150234741,67,0.8967136150234741,77,0.8810641627543035,^TWII,yfinance,2y,2026-09-23,scan_20260924_160449,False,False
True,1,-0.0016667048136393232,0.0016667048136393223,True,False,賣出 (動能轉弱),9.90999984741211,2026-09-23 00:00:00,9.967000007629395,-0.003999996185303445,False,False,1.6399882248122222,True,0.00020578400570992709,39.39860332175329,0.0002139246523901975,0.0002205268391464967,-0.39896821991086684,-1.2157819186974006,-3.592280715824847,-0.39896821991086684,False,False,False,False,False,False,0.0,False,-0.028431369340772616,中性,1217.TW,愛之味,0,v1,phase6a,2026-07-12,0,0,0,0,0,0,v1,462,0.27856025039123633,462,0.27856025039123633,464,0.27543035993740217,^TWII,yfinance,2y,2026-09-23,scan_20260924_160449,False,False
False,0,25.333333333333332,-7.5,False,True,強烈買入 (爆發),906.0,2026-09-23 00:00:00,835.65,1.25,False,True,1.5499132153957778,True,0.01881335136668855,413.20028091513103,0.017939229928273855,0.01732647148771419,0.5155581525231767,0.6939220056333628,-1.5695120626921688,0.5155581525231767,True,True,True,False,False,True,0.8058149389970723,False,-0.008752735229759279,偏強 (RS上升),3189.TW,景碩,3,v1,phase6a,2026-07-12,2,5,5,5,3,5,v1,41,0.9374021909233177,41,0.9374021909233177,10,0.9859154929577465,^TWII,yfinance,2y,2026-09-23,scan_20260924_160449,False,False
True,1,0.03666671117146811,0.0016667048136393275,True,False,買入 (動能增強),9.65999984741211,2026-09-23 00:00:00,9.680999898910523,-0.003000020980834961,False,False,1.11293321136035,False,0.00020059268358887616,26.863586906468953,0.00020808314294547495,0.00021872656088351756,-0.3774899791701425,-0.961645404007827,-3.8117831679817415,-0.3774899791701425,False,False,False,False,False,False,0.0,False,-0.14889872046319497,中性,1626.TW,艾美特-KY,2,v1,phase6a,2026-07-12,0,2,2,2,2,2,v1,93,0.8560250391236307,93,0.8560250391236307,120,0.8137715179968701,^TWII,yfinance,2y,2026-09-23,scan_20260924_160449,False,False
True,0,0.36666615804036456,0.2166659037272135,True,False,買入 (動能增強),53.400001525878906,2026-09-23 00:00:00,53.54000034332275,0.04000015258788636,False,False,0.7732835474456541,False,0.0011088664367417931,14.111855927957059,0.0011486883919930714,0.0011698561485785387,-0.3635924051609507,-0.21776771677050055,-2.175874826129842,-0.3635924051609507,False,False,False,False,False,False,0.0,False,-0.04642854418073383,中性,5508.TWO,永信建,2,v1,phase6a,2026-07-12,0,2,3,2,2,2,v1,189,0.7057902973395931,189,0.7057902973395931,199,0.6901408450704225,^TWII,yfinance,2y,2026-09-23,scan_20260924_160449,False,False
True,0,-0.8916664123535155,-0.9666662216186523,True,False,觀察 (跌勢收斂),27.049999237060547,2026-09-23 00:00:00,26.507499980926514,0.03249998092651296,False,True,1.9371610015256586,True,0.0005617010376550522,44.839692300547874,0.0005647620757830374,0.0005937408599277889,-0.057020615385317,-1.365992712560915,-2.1341067154151405,-0.057020615385317,False,False,False,False,False,False,0.1252476815860268,False,-0.09075632816603207,中性,3630.TWO,新鉅科,1,v1,phase6a,2026-07-12,0,1,3,1,1,1,v1,341,0.4679186228482003,341,0.4679186228482003,347,0.458528951486698,^TWII,yfinance,2y,2026-09-23,scan_20260924_160449,False,False
True,0,-0.3166669209798177,-0.39166704813639325,True,False,觀察 (跌勢收斂),17.5,2026-09-23 00:00:00,17.54250011444092,-0.014999961853025212,False,False,0.5338444003726234,False,0.0003633925484735647,41.353837663949086,0.0003753686330911576,0.00039139745265415714,-0.3347165434297916,-1.4908099218251536,-4.063898750818085,-0.3347165434297916,False,False,False,False,False,False,0.0,False,-0.06666666666666665,中性,4538.TWO,大詠城,1,v1,phase6a,2026-07-12,0,1,1,1,1,1,v1,354,0.4475743348982786,354,0.4475743348982786,358,0.4413145539906103,^TWII,yfinance,2y,2026-09-23,scan_20260924_160449,False,False
True,0,-0.3083332379659017,-0.1916666030883789,True,False,賣出 (動能轉弱),11.25,2026-09-23 00:00:00,12.030000066757202,-0.06750001907348668,False,False,1.8448422551351726,True,0.0002336094954472916,28.792727603609293,0.0002587785046805515,0.00027963554138353807,-1.0134226896668208,-3.69718359252843,-9.832593481072626,-1.0134226896668208,False,False,False,False,False,False,0.0,False,-0.2077464682316642,中性,8067.TWO,志旭,0,v1,phase6a,2026-07-12,0,0,0,0,0,0,v1,612,0.04381846635367762,612,0.04381846635367762,612,0.04381846635367762,^TWII,yfinance,2y,2026-09-23,scan_20260924_160449,False,False
True,0,4.416666666666666,4.083333333333333,True,False,買入 (動能增強),295.0,2026-09-23 00:00:00,296.3,-0.30000000000001137,False,False,0.2662991167886483,False,0.0061257601028400915,29.13472688041075,0.006385454332918647,0.00671205849591316,-0.4262767426547853,-0.9815328370444409,-4.861822098507829,-0.4262767426547853,False,False,False,False,False,False,0.0,False,-0.1336270190895742,中性,4585.TW,達明,2,v1,phase6a,2026-07-12,0,2,2,2,2,2,v1,172,0.7323943661971831,172,0.7323943661971831,185,0.7120500782472613,^TWII,yfinance,2y,2026-09-23,scan_20260924_160449,False,False
True,0,-0.36666615804036456,-0.5166651407877605,True,False,觀察 (跌勢收斂),79.69999694824219,2026-09-23 00:00:00,80.16499977111816,-0.07500000000000284,False,False,0.6117384051717677,False,0.0016549934288204035,43.47583215708095,0.001722154585453248,0.0017785660453714834,-0.40883047514433946,-1.3790673911842632,-4.853398238212447,-0.40883047514433946,False,False,False,False,False,False,0.0,False,-0.05005964840586119,中性,1231.TW,聯華食,1,v1,phase6a,2026-07-12,0,1,1,1,1,1,v1,255,0.6025039123630673,255,0.6025039123630673,263,0.5899843505477308,^TWII,yfinance,2y,2026-09-23,scan_20260924_160449,False,False
True,0,-0.3749996821085612,-0.45833333333333337,True,False,觀察 (跌勢收斂),17.200000762939453,2026-09-23 00:00:00,17.505000114440918,-0.022499942779539595,False,False,1.7354015056891485,True,0.0003571629777709615,39.44371678318339,0.0003739513326571124,0.00038337516077573624,-0.4703508397661982,-1.6438552062484457,-4.027207287571654,-0.4703508397661982,False,False,False,False,False,False,0.0,False,-0.07027022903029978,中性,4430.TWO,耀億,1,v1,phase6a,2026-07-12,0,1,1,1,1,1,v1,351,0.4522691705790297,351,0.4522691705790297,355,0.4460093896713615,^TWII,yfinance,2y,2026-09-23,scan_20260924_160449,False,False
True,2,-0.043333371480305985,-0.03833341598510742,True,False,賣出 (動能轉弱),7.989999771118164,2026-09-23 00:00:00,8.015000033378602,-0.003000020980834961,False,False,0.41209101816038346,False,0.0001659146502359902,36.61294649051381,0.0001719675014327125,0.0001784848543163995,-0.3691338875415284,-1.352846596605184,-3.838167732877218,-0.3691338875415284,False,False,False,False,False,False,0.0,False,-0.04511443757284339,中性,1806.TW,冠軍,0,v1,phase6a,2026-07-12,0,0,0,0,0,0,v1,479,0.2519561815336463,479,0.2519561815336463,481,0.24882629107981222,^TWII,yfinance,2y,2026-09-23,scan_20260924_160449,False,False
True,1,-0.21666653951009113,-0.4833329518636067,True,False,觀察 (跌勢收斂),49.54999923706055,2026-09-23 00:00:00,50.00750026702881,-0.08749999999999858,False,False,0.5618246053737915,False,0.0010289200285496355,37.51707405802116,0.0010698109270228958,0.0011003473605718855,-0.4007302916588906,-1.0243363373277359,-2.7839343210551704,-0.4007302916588906,False,False,False,False,False,False,0.0,False,-0.1337412836336085,中性,8070.TW,長華*,1,v1,phase6a,2026-07-12,0,1,1,1,1,1,v1,436,0.3192488262910798,436,0.3192488262910798,437,0.31768388106416273,^TWII,yfinance,2y,2026-09-23,scan_20260924_160449,False,False
True,1,0.27500057220458984,0.23333358764648438,True,False,買入 (動能增強),20.25,2026-09-23 00:00:00,20.26500005722046,-0.03249998092651296,True,False,0.2757820121053305,False,0.0004204970918051249,38.0913147131623,0.0004365843717149139,0.000460317293248448,-0.3863754912291961,-1.1263274417756874,-4.767094165203812,-0.3863754912291961,False,False,False,False,False,False,0.0020448181952653494,False,-0.13731642088151452,中性,3128.TWO,昇銳,2,v1,phase6a,2026-07-12,0,2,2,2,2,2,v1,141,0.7809076682316118,141,0.7809076682316118,156,0.7574334898278561,^TWII,yfinance,2y,2026-09-23,scan_20260924_160449,False,False
True,1,-0.05879878997802733,-0.05069780349731445,True,False,賣出 (動能轉弱),12.100000381469727,2026-09-23 00:00:00,12.162779092788696,-0.007430315017700195,False,False,1.0874110423625685,False,0.0002512599985801937,39.92846455907785,0.00026097744379021006,0.0002697279904969058,-0.39041514134778854,-1.3705636514638408,-3.8589683438389644,-0.39041514134778854,False,False,False,False,False,False,0.0,False,-0.03510610450945495,中性,2706.TW,第一店,0,v1,phase6a,2026-07-12,0,0,0,0,0,0,v1,512,0.20031298904538342,512,0.20031298904538342,513,0.19874804381846636,^TWII,yfinance,2y,2026-09-23,scan_20260924_160449,False,False
True,0,1.8166656494140625,0.44999821980794275,True,False,買入 (動能增強),98.0,2026-09-23 00:00:00,92.44500007629395,0.3049999237060632,False,True,3.703254837931402,True,0.0020349982714519626,98.18343851271678,0.00197554561300489,0.0020527938859193585,0.3177887824420633,-0.029961798531208395,1.9847787832259156,0.3177887824420633,True,False,False,False,False,True,0.667069344190599,False,-0.06666666666666665,中性,4946.TWO,辣椒,2,v1,phase6a,2026-07-12,0,2,4,2,2,2,v1,178,0.7230046948356808,178,0.7230046948356808,188,0.7073552425665102,^TWII,yfinance,2y,2026-09-23,scan_20260924_160449,False,False
True,1,-0.07999984423319498,-0.06833322842915851,True,False,賣出 (動能轉弱),4.079999923706055,2026-09-23 00:00:00,4.235500001907349,-0.004500007629394176,False,False,1.6463790283177193,True,8.472237543128531e-05,38.08564557821045,9.074914451903985e-05,9.55135889652578e-05,-0.6942133531889882,-1.4015784572000034,-4.430410348239777,-0.6942133531889882,False,False,False,False,False,False,0.0,False,-0.18400001525878906,中性,5701.TWO,劍湖山,1,v1,phase6a,2026-07-12,0,1,1,1,1,1,v1,379,0.4084507042253521,379,0.4084507042253521,382,0.40375586854460094,^TWII,yfinance,2y,2026-09-23,scan_20260924_160449,True,False
False,0,0.34999974568684894,0.05833307902018229,False,True,強烈買入 (爆發),28.350000381469727,2026-09-23 00:00:00,26.51249990463257,0.1150000572204597,False,True,7.517729354227398,True,0.0005886959364485038,41.52442577934932,0.0005719784250366267,0.000586918416198309,0.30860757170805275,-0.497665754769927,-3.456769645493152,0.30860757170805275,True,True,False,False,False,True,0.5028045355222468,False,0.0,偏強 (RS上升),3597.TWO,映興,3,v1,phase6a,2026-07-12,0,3,5,3,3,3,v1,44,0.9327073552425665,44,0.9327073552425665,62,0.9045383411580594,^TWII,yfinance,2y,2026-09-23,scan_20260924_160449,False,False
True,1,-0.17500019073486325,-0.1333335240681966,True,False,賣出 (動能轉弱),11.800000190734863,2026-09-23 00:00:00,12.09000005722046,-0.017499971389769442,True,False,1.244061163023019,False,0.0002450304080742681,29.081842041712292,0.0002593112997273241,0.00027349682978487083,-0.5763680532475668,-1.9232913867716195,-5.320438141290406,-0.5763680532475668,False,False,False,False,False,False,0.0,False,-0.13235295148869253,中性,3521.TWO,台鋼建設,0,v1,phase6a,2026-07-12,0,0,0,0,0,0,v1,529,0.17370892018779344,529,0.17370892018779344,530,0.17214397496087636,^TWII,yfinance,2y,2026-09-23,scan_20260924_160449,False,False
False,0,-0.6166664759318033,-0.4999998410542806,False,True,強烈賣出 (跌破),12.600000381469727,2026-09-23 00:00:00,13.110000085830688,-0.025000000000000355,False,False,0.48322471638909004,False,0.00026164264282229553,4.810745916754778,0.00028018258552285494,0.00030205639273299867,-0.6917180559234959,-2.9434513630149373,-6.9380336286057105,-0.6917180559234959,False,False,False,False,False,False,0.0,False,-0.14864863384545002,中性,6144.TWO,得利影,0,v1,phase6a,2026-07-12,0,0,0,0,0,0,v1,560,0.12519561815336464,560,0.12519561815336464,560,0.12519561815336464,^TWII,yfinance,2y,2026-09-23,scan_20260924_160449,False,False
True,0,-0.10833326975504558,-0.1249998410542806,True,False,觀察 (跌勢收斂),13.149999618530273,2026-09-23 00:00:00,13.15999994277954,-0.007500028610229137,False,False,1.0464647303784413,False,0.0002730635356459497,37.39911272529515,0.0002822857258976633,0.00029105218356578614,-0.34271302782590274,-1.181324799549155,-3.8873389220816623,-0.34271302782590274,False,False,False,False,False,False,0.0,False,-0.02230484721109105,中性,1103.TW,嘉泥,1,v1,phase6a,2026-07-12,0,1,1,1,1,1,v1,252,0.6071987480438185,252,0.6071987480438185,260,0.594679186228482,^TWII,yfinance,2y,2026-09-23,scan_20260924_160449,False,False
True,0,3.166666666666666,3.583333333333333,True,False,觀望 (動能減弱),150.0,2026-09-23 00:00:00,149.175,0.17500000000001137,False,True,0.5120018134516054,False,0.0031147932726305547,49.84414506813817,0.003235273366345421,0.0033735131061325245,-0.3904645614824731,-0.7135854933884245,-6.333327645850428,-0.3904645614824731,False,False,False,False,False,False,0.007156559916760681,False,-0.1825613079019074,中性,6579.TW,研揚,0,v1,phase6a,2026-07-12,0,0,2,0,0,0,v1,583,0.0892018779342723,583,0.0892018779342723,583,0.0892018779342723,^TWII,yfinance,2y,2026-09-23,scan_20260924_160449,False,False
True,0,0.07409922281901041,1.589457194056676e-07,True,False,買入 (動能增強),11.050000190734863,2026-09-23 00:00:00,10.922229909896851,-0.002319812774658203,True,True,1.0855499452171604,False,0.00022945644171111534,19.325087720021067,0.0002352089201349375,0.000247920042956447,-0.25677987907806177,-0.9797181781353359,-4.941952948807415,-0.25677987907806177,False,False,False,False,False,False,0.02616661233364044,False,-0.12087870816397561,中性,4109.TWO,加捷生醫,2,v1,phase6a,2026-07-12,0,2,3,2,2,2,v1,162,0.7480438184663537,162,0.7480438184663537,175,0.7276995305164319,^TWII,yfinance,2y,2026-09-23,scan_20260924_160449,False,False
True,1,0.2000001271565755,0.1333335240681966,True,False,買入 (動能增強),12.149999618530273,2026-09-23 00:00:00,12.019999933242797,0.01249999999999929,False,True,0.7338988191456869,False,0.000252298247161746,50.18031520900372,0.00025754620623070937,0.0002617462033517484,-0.21403320084948385,0.015682400190364376,-0.3239507593412516,-0.21403320084948385,False,False,False,False,False,False,0.18687698732812888,False,-0.15034968835857776,中性,1313.TW,聯成,3,v1,phase6a,2026-07-12,0,3,5,3,3,3,v1,28,0.9577464788732394,28,0.9577464788732394,54,0.917057902973396,^TWII,yfinance,2y,2026-09-23,scan_20260924_160449,True,False
True,0,-1.8333333333333313,-7.333333333333331,True,False,觀察 (跌勢收斂),731.0,2026-09-23 00:00:00,706.6,0.20000000000004547,False,True,1.0571084562542927,False,0.015179425881952905,127.26102275941699,0.015263405773036809,0.01591497428071705,-0.05788270221128711,-0.99088476537319,-6.906196967839085,-0.05788270221128711,False,False,False,False,False,True,0.09804694910543811,False,-0.11821471652593485,中性,6944.TW,兆聯實業,2,v1,phase6a,2026-07-12,0,2,4,2,2,2,v1,236,0.6322378716744914,236,0.6322378716744914,241,0.6244131455399061,^TWII,yfinance,2y,2026-09-23,scan_20260924_160449,True,False
True,0,-0.6583337783813477,-0.6083335876464843,True,False,賣出 (動能轉弱),25.100000381469727,2026-09-23 00:00:00,25.562499904632567,-0.019999980926513672,True,False,0.3415257927503269,False,0.0005212087488748418,51.37539452170269,0.0005483861891486143,0.0006056628902869837,-0.5189657867132547,-2.2474480501408656,-6.679847759730018,-0.5189657867132547,False,False,False,False,False,False,0.0,False,-0.29691877184702187,中性,6220.TWO,岳豐,0,v1,phase6a,2026-07-12,0,0,0,0,0,0,v1,568,0.11267605633802817,568,0.11267605633802817,568,0.11267605633802817,^TWII,yfinance,2y,2026-09-23,scan_20260924_160449,False,False
True,0,-0.4833335876464844,-0.5750001271565754,True,False,觀察 (跌勢收斂),17.049999237060547,2026-09-23 00:00:00,17.394999980926514,0.0024999618530259227,False,False,0.8163067191442741,False,0.0003540481528130152,37.90897248279391,0.000369278590372148,0.0003869133840866007,-0.43226817226428293,-1.3962117889424142,-0.6529340206196221,-0.43226817226428293,False,False,False,False,False,False,0.23893988148243495,False,-0.17831328978021466,中性,6153.TW,嘉聯益,1,v1,phase6a,2026-07-12,0,1,2,1,1,1,v1,387,0.39593114241001565,387,0.39593114241001565,389,0.39280125195618154,^TWII,yfinance,2y,2026-09-23,scan_20260924_160449,False,False
True,0,55.0,20.0,True,False,買入 (動能增強),1565.0,2026-09-23 00:00:00,1458.75,11.0,False,True,1.1036397197487473,False,0.03249767647777879,214.75233863613036,0.03098295620480338,0.03090425324517799,0.5172812216817313,2.3945562920397068,9.5459324353516,0.5172812216817313,True,True,True,False,False,True,0.9371255469790547,False,0.0,偏強 (RS上升),3491.TWO,昇達科,2,v1,phase6a,2026-07-12,2,4,4,4,2,4,v1,151,0.7652582159624414,151,0.7652582159624414,49,0.9248826291079812,^TWII,yfinance,2y,2026-09-23,scan_20260924_160449,False,False
True,0,0.008333524068196624,-0.03333314259847005,True,False,買入 (動能增強),14.800000190734863,2026-09-23 00:00:00,14.435000038146972,0.017500019073485973,False,True,2.066464628695256,True,0.0003073262735268792,23.073827925457632,0.00031220753916025713,0.00033458754488037857,-0.16430519510608477,-1.0855858344387737,-6.349901447870265,-0.16430519510608477,False,False,False,False,False,True,0.08237053934287092,False,-0.1461457861191321,中性,1338.TW,廣華-KY,2,v1,phase6a,2026-07-12,0,2,4,2,2,2,v1,80,0.8763693270735524,80,0.8763693270735524,108,0.8325508607198748,^TWII,yfinance,2y,2026-09-23,scan_20260924_160449,False,False
True,0,-0.10000038146972656,-0.15000025431315106,True,False,觀察 (跌勢收斂),47.849998474121094,2026-09-23 00:00:00,48.18499984741211,-0.04000015258789347,False,False,0.8210722220740705,False,0.0009936190222838313,55.663738489361116,0.0010309240848293765,0.0010576439352654957,-0.37946032243058037,-1.2029275589994448,-2.419430789443644,-0.37946032243058037,False,False,False,False,False,False,0.0,False,-0.02545824926367013,中性,6170.TWO,統振,1,v1,phase6a,2026-07-12,0,1,1,1,1,1,v1,389,0.39280125195618154,389,0.39280125195618154,391,0.38967136150234744,^TWII,yfinance,2y,2026-09-23,scan_20260924_160449,False,False
True,1,0.3833332061767578,0.23333358764648435,True,False,買入 (動能增強),61.5,2026-09-23 00:00:00,61.15500030517578,-0.020000076293946734,True,True,0.324517280545189,False,0.0012770652417785275,31.692820928317474,0.001315702624069315,0.0013921010356749163,-0.30816685824085477,-1.0993330593840667,-4.256469121803308,-0.30816685824085477,False,False,False,False,False,False,0.016747971945795793,False,-0.11393602783019785,中性,6556.TWO,勝品,2,v1,phase6a,2026-07-12,0,2,3,2,2,2,v1,215,0.6651017214397497,215,0.6651017214397497,221,0.6557120500782473,^TWII,yfinance,2y,2026-09-23,scan_20260924_160449,False,False
True,0,-14.333333333333334,-21.5,True,False,觀察 (跌勢收斂),497.0,2026-09-23 00:00:00,505.55,2.375,False,False,0.11917887221813589,False,0.010320348376649238,385.06541598213227,0.010479916377333826,0.010278832585573688,-0.16001801360703283,-0.723167160015048,14.685309840923576,-0.16001801360703283,False,True,True,False,False,False,0.6126659533158001,False,-0.1537718649821601,中性,8358.TWO,金居,1,v1,phase6a,2026-07-12,0,1,2,1,1,1,v1,446,0.30359937402190923,446,0.30359937402190923,447,0.30203442879499215,^TWII,yfinance,2y,2026-09-23,scan_20260924_160449,False,False
True,1,2.5833333333333335,1.8333333333333333,True,False,買入 (動能增強),139.0,2026-09-23 00:00:00,138.0,-0.17500000000001137,False,True,0.5669295686662204,False,0.002886375099304314,83.33168441247628,0.0029775822004149237,0.0029731080372331045,-0.3213980413243833,-0.5287197731468241,-4.5402148526143105,-0.3213980413243833,False,False,True,False,False,False,0.3124979044673353,False,-0.120253164556962,中性,6206.TW,飛捷,4,v1,phase6a,2026-07-12,0,4,5,4,4,4,v1,19,0.971830985915493,19,0.971830985915493,22,0.9671361502347418,^TWII,yfinance,2y,2026-09-23,scan_20260924_160449,False,True
True,0,3.083333333333333,1.8333333333333335,True,False,買入 (動能增強),218.0,2026-09-23 00:00:00,210.775,0.5250000000000057,False,True,0.5834421534227914,False,0.0045268328895564066,48.62329813015854,0.004508152413056661,0.00446678670269772,0.04363703421883525,0.7037669512150568,1.768515056884623,0.04363703421883525,True,True,True,False,False,True,0.7343825598671817,False,-0.004566210045662156,偏強 (RS上升),4771.TW,望隼,2,v1,phase6a,2026-07-12,2,4,4,4,2,4,v1,176,0.7261345852895149,176,0.7261345852895149,50,0.9233176838810642,^TWII,yfinance,2y,2026-09-23,scan_20260924_160449,False,False
True,1,-0.2083331743876139,-0.21666653951009113,True,False,觀察 (跌勢收斂),12.550000190734863,2026-09-23 00:00:00,12.927499914169312,-0.02750000953674281,False,False,1.0747717259434264,False,0.0002606043744374209,32.03188937633095,0.0002786613462694832,0.00029943652955338496,-0.6774735474111226,-2.388782607089357,-9.18031009515181,-0.6774735474111226,False,False,False,False,False,False,0.0,False,-0.27034885848516166,中性,8024.TWO,佑華,1,v1,phase6a,2026-07-12,0,1,1,1,1,1,v1,432,0.325508607198748,432,0.325508607198748,433,0.323943661971831,^TWII,yfinance,2y,2026-09-23,scan_20260924_160449,False,False
True,0,-0.19166660308837888,-0.1916669209798177,True,False,觀察 (跌勢收斂),23.600000381469727,2026-09-23 00:00:00,23.917499828338624,-0.02499999999999858,False,False,0.4835192173810111,False,0.0004900608161485362,28.19668509541824,0.0005134211247373932,0.0005370876687045386,-0.47665723674659155,-1.5457995621905973,-4.913873252482559,-0.47665723674659155,False,False,False,False,False,False,0.0,False,-0.042596318592687754,中性,2063.TWO,世鎧,1,v1,phase6a,2026-07-12,0,1,1,1,1,1,v1,286,0.5539906103286385,286,0.5539906103286385,294,0.5414710485133021,^TWII,yfinance,2y,2026-09-23,scan_20260924_160449,False,False
False,0,-1.3250001271565752,-0.9666665395100911,False,True,強烈賣出 (跌破),33.25,2026-09-23 00:00:00,35.275000190734865,-0.08749999999999858,False,False,1.8649677901555326,True,0.000690445842099773,30.01536667524275,0.0007554804964502992,0.000811772914996554,-0.8980083125382898,-3.051150534979541,-8.37598922320717,-0.8980083125382898,False,False,False,False,False,False,0.0,False,-0.1749379496408836,中性,3095.TWO,及成,0,v1,phase6a,2026-07-12,0,0,0,0,0,0,v1,520,0.18779342723004694,520,0.18779342723004694,521,0.18622848200312989,^TWII,yfinance,2y,2026-09-23,scan_20260924_160449,False,False
True,0,-3.9999999999999996,-4.333333333333333,True,False,觀察 (跌勢收斂),243.0,2026-09-23 00:00:00,244.875,-0.42500000000001137,False,False,0.5335056830962971,False,0.005045965101661499,37.356721032605016,0.005232343053861153,0.005137967979350562,-0.3735505437989506,-0.8940471712813314,-2.6065154910268507,-0.3735505437989506,False,False,True,False,False,False,0.4534920642252188,False,-0.06538461538461537,中性,3617.TW,碩天,1,v1,phase6a,2026-07-12,0,1,1,1,1,1,v1,340,0.4694835680751174,340,0.4694835680751174,346,0.460093896713615,^TWII,yfinance,2y,2026-09-23,scan_20260924_160449,False,False
True,0,1.1250012715657551,0.10833485921223956,True,False,買入 (動能增強),45.75,2026-09-23 00:00:00,43.1375,0.04249992370606037,False,True,3.577512265381589,True,0.0009500119481523192,127.51893484041005,0.0009296267615047249,0.0009163924080370607,0.23135883440883465,0.5034076490798789,-2.932541357330254,0.23135883440883465,True,True,True,False,False,True,0.323326916377991,False,-0.17418774837706674,偏強 (RS上升),2302.TW,麗正,2,v1,phase6a,2026-07-12,2,4,4,4,2,4,v1,102,0.8419405320813772,102,0.8419405320813772,45,0.9311424100156495,^TWII,yfinance,2y,2026-09-23,scan_20260924_160449,False,False
True,0,-0.01666641235351557,-0.6333332061767577,True,False,觀察 (跌勢收斂),40.45000076293945,2026-09-23 00:00:00,39.20749988555908,-0.02499999999999858,True,True,4.549570203883741,True,0.0008399559350286975,55.158568626542504,0.0008447316335415751,0.0008950374581894218,-0.05947523469321814,-0.7121697610012689,-6.556238127655667,-0.05947523469321814,False,False,False,False,False,True,0.08129420784110786,False,-0.3106189474833916,中性,8182.TWO,加高,1,v1,phase6a,2026-07-12,0,1,2,1,1,1,v1,440,0.3129890453834116,440,0.3129890453834116,441,0.3114241001564945,^TWII,yfinance,2y,2026-09-23,scan_20260924_160449,False,False
True,0,-6.833333333333333,-9.333333333333332,True,False,觀察 (跌勢收斂),216.5,2026-09-23 00:00:00,217.3,-0.09999999999999432,False,False,0.9590290292546347,False,0.004495684956830101,142.67553262417906,0.004687295654665616,0.005314025520299648,-0.4284587623258673,-2.2765285176483907,-11.142703684360967,-0.4284587623258673,False,False,False,False,False,False,0.0070328721680759645,False,-0.4864780017391326,中性,2472.TW,立隆電,1,v1,phase6a,2026-07-12,0,1,1,1,1,1,v1,301,0.5305164319248826,301,0.5305164319248826,309,0.5179968701095462,^TWII,yfinance,2y,2026-09-23,scan_20260924_160449,False,False
True,0,0.20000076293945312,-0.04166539510091144,True,False,買入 (動能增強),49.599998474121094,2026-09-23 00:00:00,48.797499656677246,0.15999984741210938,False,True,1.0703667526065368,False,0.0010299582771311879,162.56711784076415,0.0010496355012323045,0.0010788445733017349,-0.1969452675554817,-0.4129348543357114,-2.7802942854716184,-0.1969452675554817,False,False,False,False,False,False,0.0499207219942576,False,-0.2832369846602858,中性,3481.TW,群創,3,v1,phase6a,2026-07-12,0,3,5,3,3,3,v1,43,0.9342723004694836,43,0.9342723004694836,61,0.9061032863849765,^TWII,yfinance,2y,2026-09-23,scan_20260924_160449,True,False
True,0,0.6700515747070312,0.7343743642171223,True,False,觀望 (動能減弱),62.900001525878906,2026-09-23 00:00:00,62.400625228881836,0.06882820129394673,False,True,0.975824913590704,False,0.0013061366773417283,39.79903085503248,0.001330689494608631,0.0013461344021210438,-0.19384665698513048,-0.46171177061812285,2.156461033223267,-0.19384665698513048,False,False,False,False,False,False,0.5764584059342754,False,-0.01718747615814209,中性,2756.TWO,聯發國際,2,v1,phase6a,2026-07-12,0,2,4,2,2,2,v1,125,0.8059467918622848,125,0.8059467918622848,145,0.7746478873239436,^TWII,yfinance,2y,2026-09-23,scan_20260924_160449,False,True
True,0,0.2000001271565755,0.3166662851969401,True,False,觀望 (動能減弱),53.70000076293945,2026-09-23 00:00:00,53.16999988555908,0.06499996185302592,False,True,0.5325632566975735,False,0.0011150960074443965,51.44395215419072,0.0011348452739098388,0.0011229501220649488,-0.18285038321252944,-0.4005882760320989,1.7432378050204367,-0.18285038321252944,False,False,True,False,False,False,0.6733559987683875,False,0.0,中性,2607.TW,榮運,0,v1,phase6a,2026-07-12,0,0,2,0,0,0,v1,505,0.2112676056338028,505,0.2112676056338028,507,0.2081377151799687,^TWII,yfinance,2y,2026-09-23,scan_20260924_160449,False,False
True,1,2.9166666666666665,3.1666666666666665,True,False,觀望 (動能減弱),113.5,2026-09-23 00:00:00,114.45,-0.07500000000000284,True,False,0.46475595571100264,False,0.00235686024295712,62.73757426061088,0.002432590325726303,0.002241772359704484,-0.3266291920803521,0.9932362672459671,6.831329769860606,-0.3266291920803521,False,True,True,False,False,False,0.6219961701044338,False,-0.1027667984189723,中性,2615.TW,萬海,0,v1,phase6a,2026-07-12,0,0,0,0,0,0,v1,508,0.20657276995305165,508,0.20657276995305165,509,0.20500782472613457,^TWII,yfinance,2y,2026-09-23,scan_20260924_160449,False,False
True,1,-0.058331171671549484,0.008335113525390618,True,False,賣出 (動能轉弱),38.650001525878906,2026-09-23 00:00:00,38.87250022888183,0.0,False,False,0.39522397600474957,False,0.0008025784315997886,33.53848816962524,0.0008329178765657198,0.0008553876840923051,-0.3819617092822414,-1.2678254293334579,-2.7252996490742643,-0.3819617092822414,False,False,False,False,False,False,0.0,False,-0.019035532257717813,中性,2748.TW,雲品,0,v1,phase6a,2026-07-12,0,0,0,0,0,0,v1,514,0.19718309859154928,514,0.19718309859154928,515,0.19561815336463223,^TWII,yfinance,2y,2026-09-23,scan_20260924_160449,False,False
True,0,-0.1333332061767578,-0.3249998092651367,True,False,觀察 (跌勢收斂),21.649999618530273,2026-09-23 00:00:00,21.822499752044678,-0.06500005722045898,False,False,0.6950137775916965,False,0.00044956848776168116,34.89488314675881,0.00046841563447840305,0.000502258089135389,-0.4217500214940162,-1.2601319728797522,-6.073466527722859,-0.4217500214940162,False,False,False,False,False,True,0.06554833591888565,False,-0.22678572790963314,中性,5345.TWO,馥鴻,1,v1,phase6a,2026-07-12,0,1,1,1,1,1,v1,368,0.42566510172143973,368,0.42566510172143973,372,0.4194053208137715,^TWII,yfinance,2y,2026-09-23,scan_20260924_160449,False,False
False,0,-3.5,-2.833333333333333,False,True,強烈賣出 (跌破),104.0,2026-09-23 00:00:00,106.475,-0.15000000000000568,False,False,0.6341935933770501,False,0.0021595900023571846,33.6124394911575,0.002271159259545683,0.002390251269492809,-0.5144384285991621,-1.7441936728189056,-3.6565516068259085,-0.5144384285991621,False,False,False,False,False,False,0.0,False,-0.05882352941176472,中性,2385.TW,群光,0,v1,phase6a,2026-07-12,0,0,0,0,0,0,v1,494,0.22848200312989045,494,0.22848200312989045,496,0.22535211267605634,^TWII,yfinance,2y,2026-09-23,scan_20260924_160449,False,False
True,0,0.18333307902018225,0.16666539510091144,True,False,買入 (動能增強),68.80000305175781,2026-09-23 00:00:00,68.84000129699707,-0.014999771118155536,True,False,0.29517099662410096,False,0.001428651911083846,52.529843717845374,0.001479302914569357,0.0015269635265322311,-0.35912436504486056,-1.1710804035246158,-3.847893337774222,-0.35912436504486056,False,False,False,False,False,False,0.0,False,-0.007215006897280607,中性,8424.TWO,惠普,4,v1,phase6a,2026-07-12,0,4,4,4,4,4,v1,25,0.9624413145539906,25,0.9624413145539906,27,0.9593114241001565,^TWII,yfinance,2y,2026-09-23,scan_20260924_160449,False,True
True,0,-0.14999993642171225,-0.1833333969116211,True,False,觀察 (跌勢收斂),14.199999809265137,2026-09-23 00:00:00,14.239999914169312,0.0049999713897701525,False,False,0.67680386227857,False,0.00029486709251502806,37.91514746212646,0.00030345170744721316,0.00030999593662173696,-0.296904152903521,-0.876708706244711,0.08204919925463017,-0.296904152903521,False,False,False,False,False,False,0.10177092743954806,False,-0.09165795320474424,中性,1308.TW,亞聚,2,v1,phase6a,2026-07-12,0,2,3,2,2,2,v1,76,0.8826291079812206,76,0.8826291079812206,105,0.837245696400626,^TWII,yfinance,2y,2026-09-23,scan_20260924_160449,True,False
True,0,4.583333333333332,3.499999999999999,True,False,買入 (動能增強),112.5,2026-09-23 00:00:00,110.925,-0.10000000000000853,False,True,0.8792898346319517,False,0.002336094954472916,140.8676488186689,0.0023519398075630754,0.0022897636684444124,-0.07086479543625401,1.6534961923484026,8.505555887633886,-0.07086479543625401,False,True,True,False,False,False,0.7714155859357462,False,-0.05063291139240511,中性,6588.TWO,東典光電,2,v1,phase6a,2026-07-12,0,2,3,2,2,2,v1,219,0.6588419405320813,219,0.6588419405320813,224,0.651017214397496,^TWII,yfinance,2y,2026-09-23,scan_20260924_160449,False,False
True,0,0.05666685104370116,0.056666851043701165,True,False,觀望 (動能減弱),8.869999885559082,2026-09-23 00:00:00,8.910499954223633,-0.011500024795532582,True,False,1.4454427109142896,False,0.00018418810647848814,28.59285126762141,0.000191013315063456,0.00019830275040560956,-0.37471257561446647,-0.7760451720098094,-2.889485059537411,-0.37471257561446647,False,False,False,False,False,False,0.0,False,-0.03586955766822064,中性,4157.TWO,太景*-KY,2,v1,phase6a,2026-07-12,0,2,2,2,2,2,v1,165,0.7433489827856025,165,0.7433489827856025,178,0.7230046948356808,^TWII,yfinance,2y,2026-09-23,scan_20260924_160449,False,True
True,0,-0.5833333333333333,-1.0,True,False,觀察 (跌勢收斂),189.0,2026-09-23 00:00:00,187.025,-0.025000000000005684,False,True,1.7871124818054445,True,0.003924639523514499,50.53674762275353,0.004020712821502569,0.004053245556866765,-0.250890989508612,-0.6163893959046596,-4.374288052875563,-0.250890989508612,False,False,False,False,False,True,0.20219786706731863,False,-0.04303797468354431,中性,5288.TW,豐祥-KY,1,v1,phase6a,2026-07-12,0,1,2,1,1,1,v1,367,0.4272300469483568,367,0.4272300469483568,371,0.4209702660406886,^TWII,yfinance,2y,2026-09-23,scan_20260924_160449,False,False
True,1,0.024999618530273434,-3.1789143880092685e-07,True,False,買入 (動能增強),17.149999618530273,2026-09-23 00:00:00,17.25500020980835,-0.017500019073484196,False,False,0.9243564633231105,False,0.0003561246895827645,40.952219749148995,0.0003711155653528023,0.00038452605699486206,-0.4234006500851595,-1.418224541431623,-5.096086828930035,-0.4234006500851595,False,False,False,False,False,False,0.0,False,-0.07046076372096932,中性,9944.TW,新麗,2,v1,phase6a,2026-07-12,0,2,2,2,2,2,v1,250,0.6103286384976526,250,0.6103286384976526,254,0.6040688575899843,^TWII,yfinance,2y,2026-09-23,scan_20260924_160449,False,False
True,1,0.09166653951009114,0.0666666030883789,True,False,買入 (動能增強),21.25,2026-09-23 00:00:00,21.36000003814697,-0.014999961853028765,False,False,1.409235778986533,False,0.0004412623802893286,39.63725917018502,0.00045808499926112294,0.00046216575839389494,-0.3850776683008261,-1.1569941392491234,-2.565372230712115,-0.3850776683008261,False,False,False,False,False,False,0.2516722563538873,False,-0.020737361618345718,中性,1323.TW,永裕,2,v1,phase6a,2026-07-12,0,2,2,2,2,2,v1,77,0.8810641627543035,77,0.8810641627543035,106,0.8356807511737089,^TWII,yfinance,2y,2026-09-23,scan_20260924_160449,False,False
True,0,0.025000572204589858,0.08333365122477214,True,False,觀望 (動能減弱),17.25,2026-09-23 00:00:00,17.042500019073486,0.03750000000000142,False,True,1.1269733154467512,False,0.0003582012263525138,27.523015903473738,0.0003664460660374884,0.0003842856045417796,-0.23627686233843592,-0.6239633353607554,-2.400185620322215,-0.23627686233843592,False,False,False,False,False,False,0.02869268900837379,False,-0.11311057463459806,中性,6158.TWO,禾昌,0,v1,phase6a,2026-07-12,0,0,2,0,0,0,v1,561,0.12363067292644757,561,0.12363067292644757,561,0.12363067292644757,^TWII,yfinance,2y,2026-09-23,scan_20260924_160449,False,False
True,0,-1.4166666666666665,-3.0833333333333335,True,False,觀察 (跌勢收斂),151.0,2026-09-23 00:00:00,151.925,-0.14999999999997726,False,False,0.24442325430620307,False,0.0031355585611147585,68.78952687708944,0.003255439813901449,0.0032628226515756076,-0.38613377706212537,-1.154990993011018,-4.557387411221225,-0.38613377706212537,False,False,False,False,False,False,0.2708436492641714,False,-0.1611111111111111,中性,6419.TWO,京晨科,2,v1,phase6a,2026-07-12,0,2,2,2,2,2,v1,209,0.6744913928012519,209,0.6744913928012519,216,0.6635367762128326,^TWII,yfinance,2y,2026-09-23,scan_20260924_160449,True,False
True,1,0.525000254313151,0.5166667302449544,True,False,買入 (動能增強),24.850000381469727,2026-09-23 00:00:00,24.727499771118165,0.0,False,True,1.1125027153849172,False,0.0005160174267537909,74.21747296545492,0.0005313622615378471,0.0005525429308687504,-0.3030607754746506,-0.3698477976671777,-1.6190010837372926,-0.3030607754746506,False,False,False,False,False,False,0.1877217093447922,False,-0.013888903606084635,中性,1780.TWO,立弘,2,v1,phase6a,2026-07-12,0,2,3,2,2,2,v1,95,0.8528951486697965,95,0.8528951486697965,121,0.812206572769953,^TWII,yfinance,2y,2026-09-23,scan_20260924_160449,False,False
True,0,-0.19166628519694007,-0.1999998092651367,True,False,觀察 (跌勢收斂),17.600000381469727,2026-09-23 00:00:00,17.75750026702881,-0.02499999999999858,False,False,0.19858106898960337,False,0.00036546908524331403,41.196593051062045,0.00038203750728254426,0.00039902397117939133,-0.4544367537786975,-1.7415162437798948,-6.401708041432808,-0.4544367537786975,False,False,False,False,False,False,0.0,False,-0.058823547411279264,中性,9928.TW,中視,1,v1,phase6a,2026-07-12,0,1,1,1,1,1,v1,457,0.2863849765258216,457,0.2863849765258216,458,0.28482003129890454,^TWII,yfinance,2y,2026-09-23,scan_20260924_160449,False,False
True,0,0.133332888285319,0.14999961853027344,True,False,觀望 (動能減弱),28.399999618530273,2026-09-23 00:00:00,28.187499713897704,0.08249998092651367,False,True,0.0,False,0.0005897341850300561,30.51847668892877,0.0006039816644042423,0.0006241493744283362,-0.24769293875213094,-0.7122168076913349,-0.7854506876850076,-0.24769293875213094,False,False,False,False,False,False,0.1976549860716812,False,-0.029845433644677843,中性,2235.TWO,謚源,0,v1,phase6a,2026-07-12,0,0,2,0,0,0,v1,487,0.23943661971830985,487,0.23943661971830985,489,0.23630672926447574,^TWII,yfinance,2y,2026-09-23,scan_20260924_160449,False,False
True,0,0.22500038146972653,0.22500038146972653,True,False,觀望 (動能減弱),18.100000381469727,2026-09-23 00:00:00,17.917499828338624,0.019999980926513672,False,True,0.7763956998903224,False,0.0003758517294854159,27.006664472747424,0.0003844480106989227,0.00039870600924090955,-0.23481638466958943,-0.5457432642132831,-0.9760447102231451,-0.23481638466958943,False,False,False,False,False,False,0.04773139158901788,False,-0.008219157179740977,中性,2430.TW,燦坤,0,v1,phase6a,2026-07-12,0,0,2,0,0,0,v1,496,0.22535211267605634,496,0.22535211267605634,498,0.2222222222222222,^TWII,yfinance,2y,2026-09-23,scan_20260924_160449,False,False
True,1,-0.008333206176757809,0.016666730244954426,True,False,賣出 (動能轉弱),17.5,2026-09-23 00:00:00,17.597499942779542,-0.00749998092651083,False,False,0.30216995801096624,False,0.0003633925484735647,35.32976996450443,0.00037758547779701256,0.00038942679120326746,-0.3941106488711932,-1.3034707142597357,-3.4792322862540526,-0.3941106488711932,False,False,False,False,False,False,0.0,False,-0.04371580712639678,中性,4440.TW,宜新實業,0,v1,phase6a,2026-07-12,0,0,0,0,0,0,v1,539,0.15805946791862285,539,0.15805946791862285,539,0.15805946791862285,^TWII,yfinance,2y,2026-09-23,scan_20260924_160449,False,False
True,0,-0.06666692097981769,-0.2583335240681966,True,False,觀察 (跌勢收斂),24.850000381469727,2026-09-23 00:00:00,24.83249988555908,-0.02500000000000213,False,True,0.5055985499747636,False,0.0005160174267537909,49.8631001351572,0.0005304640924509713,0.0005217207897832594,-0.2858543456863427,-0.9206792521111229,-1.5766494579016133,-0.2858543456863427,False,False,True,False,False,False,0.43942674364725504,False,-0.034951441496321345,中性,1904.TW,正隆,1,v1,phase6a,2026-07-12,0,1,2,1,1,1,v1,284,0.5571205007824727,284,0.5571205007824727,292,0.5446009389671361,^TWII,yfinance,2y,2026-09-23,scan_20260924_160449,False,False
False,0,1.766665776570638,0.3083330790201823,False,True,強烈買入 (爆發),46.349998474121094,2026-09-23 00:00:00,40.222500228881835,0.25,False,True,3.746747393641375,True,0.0009624710895575258,66.14603439904677,0.0008703994154399895,0.0008984653030669011,1.1260217165059094,1.5457884581942416,-0.7017533750304117,1.1260217165059094,True,True,False,False,False,True,0.41232324462512193,False,-0.2170608466759134,偏強 (RS上升),2342.TW,茂矽,3,v1,phase6a,2026-07-12,1,4,5,4,3,4,v1,33,0.9499217527386542,33,0.9499217527386542,32,0.9514866979655712,^TWII,yfinance,2y,2026-09-23,scan_20260924_160449,False,False
True,0,-0.02499961853027341,-0.491665522257487,True,False,觀察 (跌勢收斂),47.099998474121094,2026-09-23 00:00:00,46.44249973297119,0.08749999999999858,False,True,0.5056964703125929,False,0.0009780450559206785,64.68609290188704,0.0009938964629892665,0.001033820181694748,-0.16760021808960301,-0.33356890271508677,-1.443468125966929,-0.16760021808960301,False,False,False,False,False,False,0.14609756679235586,False,-0.09770119184441117,中性,2328.TW,廣宇,1,v1,phase6a,2026-07-12,0,1,3,1,1,1,v1,290,0.5477308294209703,290,0.5477308294209703,298,0.5352112676056338,^TWII,yfinance,2y,2026-09-23,scan_20260924_160449,False,False
True,0,-0.53333314259847,-0.5583330790201823,True,False,觀察 (跌勢收斂),24.100000381469727,2026-09-23 00:00:00,24.672500133514404,0.007500076293943891,False,False,0.2607666009370717,False,0.0005004434603906381,75.67164451037742,0.0005229036472841051,0.0005221904508372051,-0.45009990152824475,-1.225412777583701,0.7180556594137633,-0.45009990152824475,False,False,True,False,False,False,0.17622949675518085,False,-0.2111786115619928,中性,1409.TW,新纖,1,v1,phase6a,2026-07-12,0,1,2,1,1,1,v1,261,0.593114241001565,261,0.593114241001565,269,0.5805946791862285,^TWII,yfinance,2y,2026-09-23,scan_20260924_160449,False,False
True,0,0.7333329518636067,0.6333332061767578,True,False,買入 (動能增強),32.54999923706055,2026-09-23 00:00:00,31.532499885559083,0.05749998092651509,False,True,0.5696227463689578,False,0.0006759101243181726,57.64968506867218,0.000681915978242623,0.0007514677788438281,-0.09262278833740423,-0.28691013965506107,-4.745686497339873,-0.09262278833740423,False,False,False,False,False,True,0.09192439384310923,False,-0.2668919342696754,中性,8038.TWO,長園科,2,v1,phase6a,2026-07-12,0,2,4,2,2,2,v1,242,0.622848200312989,242,0.622848200312989,246,0.6165884194053208,^TWII,yfinance,2y,2026-09-23,scan_20260924_160449,False,False
True,0,-0.01666704813639323,-0.11666679382324219,True,False,觀察 (跌勢收斂),24.75,2026-09-23 00:00:00,24.617499828338623,-0.01750001907348775,False,True,1.0578030605768551,False,0.0005139408899840416,45.37512239497134,0.0005277560220058971,0.0005435241279668717,-0.2747914336816648,-1.0807253895599334,-3.2198154607696705,-0.2747914336816648,False,False,False,False,False,False,0.0,False,-0.013944238093642314,中性,5016.TWO,松和,1,v1,phase6a,2026-07-12,0,1,2,1,1,1,v1,362,0.4350547730829421,362,0.4350547730829421,366,0.4287949921752739,^TWII,yfinance,2y,2026-09-23,scan_20260924_160449,False,False
True,0,1.0,-0.08333333333333293,True,False,買入 (動能增強),365.0,2026-09-23 00:00:00,355.15,0.6749999999999545,False,True,0.4902933095471401,False,0.00757933029673435,69.4962115422509,0.00762753259195168,0.007583953182666609,-0.0664769735023274,0.07397311757200153,-1.4444205841672608,-0.0664769735023274,False,False,True,False,False,True,0.37035728843872623,False,-0.08176100628930816,中性,2376.TW,技嘉,4,v1,phase6a,2026-07-12,1,5,6,5,4,5,v1,10,0.9859154929577465,10,0.9859154929577465,6,0.9921752738654147,^TWII,yfinance,2y,2026-09-23,scan_20260924_160449,False,True
True,1,-0.18333323796590167,-0.15833330154418945,True,False,賣出 (動能轉弱),15.550000190734863,2026-09-23 00:00:00,15.644999980926514,-0.007499980926514382,False,False,2.4407607037526695,True,0.000322900239890032,35.20321492745795,0.0003355868081204003,0.00034729448589263423,-0.39636096721376024,-1.5210100220952483,-4.400985347074526,-0.39636096721376024,False,False,False,False,False,False,0.0,False,-0.04580006727532815,中性,4432.TWO,銘旺實,0,v1,phase6a,2026-07-12,0,0,0,0,0,0,v1,538,0.1596244131455399,538,0.1596244131455399,538,0.1596244131455399,^TWII,yfinance,2y,2026-09-23,scan_20260924_160449,False,False
True,0,-0.5,-1.583333333333333,True,False,觀察 (跌勢收斂),158.5,2026-09-23 00:00:00,158.775,-0.25,False,False,0.5835150874592487,False,0.0032912982247462865,89.14053803124085,0.003408942214714781,0.003410739272671049,-0.3619526067404233,-1.107705248003965,-4.6836483047427935,-0.3619526067404233,False,False,False,False,False,False,0.30036910372929587,False,-0.05934718100890213,中性,2850.TW,新產,1,v1,phase6a,2026-07-12,0,1,1,1,1,1,v1,314,0.5101721439749609,314,0.5101721439749609,322,0.49765258215962443,^TWII,yfinance,2y,2026-09-23,scan_20260924_160449,False,False
True,0,1.0,0.4666665395100912,True,False,買入 (動能增強),66.0999984741211,2026-09-23 00:00:00,65.90499935150146,-0.12999992370606606,False,True,0.3457747421093374,False,0.0013725855371205487,75.88279857094433,0.0014263028150651314,0.0014746995421896305,-0.39487563258215896,-0.8939824625145643,-7.56804597137779,-0.39487563258215896,False,False,False,False,False,False,0.08578504491150057,False,-0.2688053389556794,中性,8383.TWO,千附,3,v1,phase6a,2026-07-12,0,3,4,3,3,3,v1,66,0.8982785602503912,66,0.8982785602503912,76,0.8826291079812206,^TWII,yfinance,2y,2026-09-23,scan_20260924_160449,True,False
True,0,-6.92078145345052,-8.944844563802082,True,False,觀察 (跌勢收斂),383.0,2026-09-23 00:00:00,386.5823471069336,-0.7053329467773324,True,False,0.5914692027673673,False,0.007953105489450017,229.16881565437117,0.008266013036385678,0.0085132885830979,-0.3968891709054234,-1.6179446957833132,-4.583292201234157,-0.3968891709054234,False,False,False,False,False,False,0.0746809480515076,False,-0.0850121163419627,中性,3260.TWO,威剛,1,v1,phase6a,2026-07-12,0,1,1,1,1,1,v1,328,0.48826291079812206,328,0.48826291079812206,335,0.47730829420970267,^TWII,yfinance,2y,2026-09-23,scan_20260924_160449,False,False
True,0,0.49166679382324213,0.233334223429362,True,False,買入 (動能增強),37.849998474121094,2026-09-23 00:00:00,37.61999950408936,-0.007500076293943891,False,True,0.779620370288616,False,0.0007859661374417943,37.04725756568462,0.0008072258454126305,0.0008245156253980328,-0.27646254809402526,-0.6997476876940301,-2.207484310431229,-0.27646254809402526,False,False,False,False,False,False,0.006096208986013195,False,-0.134857177734375,中性,1609.TW,大亞,5,v1,phase6a,2026-07-12,0,5,6,5,5,5,v1,1,1.0,1,1.0,1,1.0,^TWII,yfinance,2y,2026-09-23,scan_20260924_160449,True,True
True,0,0.3833338419596354,-0.1833324432373048,True,False,買入 (動能增強),34.849998474121094,2026-09-23 00:00:00,34.992499351501465,0.052499961853030186,False,False,0.11837142604135228,False,0.0007236702719891833,79.64234601665432,0.0007408867433316151,0.000738656496446678,-0.24401004078830058,-0.555689500494061,3.220934259810826,-0.24401004078830058,False,False,True,False,False,False,0.3730775647196436,False,-0.07926024097599815,中性,6418.TWO,詠昇,5,v1,phase6a,2026-07-12,0,5,6,5,5,5,v1,3,0.9968701095461658,3,0.9968701095461658,3,0.9968701095461658,^TWII,yfinance,2y,2026-09-23,scan_20260924_160449,True,True
True,0,-2.25,-1.5,True,False,賣出 (動能轉弱),140.0,2026-09-23 00:00:00,141.45,0.0,False,False,1.3595153327838627,False,0.0029071403877885178,44.36450654348519,0.0030284156929893313,0.003135119861753124,-0.4197651977971062,-1.6335264403123162,-3.441242614755735,-0.4197651977971062,False,False,False,False,False,False,0.0,False,-0.06040268456375841,中性,4572.TW,駐龍,0,v1,phase6a,2026-07-12,0,0,0,0,0,0,v1,542,0.15336463223787167,542,0.15336463223787167,542,0.15336463223787167,^TWII,yfinance,2y,2026-09-23,scan_20260924_160449,False,False
True,1,0.16105016072591144,-0.2415027618408203,True,False,買入 (動能增強),65.0,2026-09-23 00:00:00,62.94275665283203,0.09954051971435263,False,True,3.8519836998462593,True,0.0013497437514732404,32.948878312875706,0.0013506604853106084,0.0013903749513922438,-0.0071440162694891285,-0.8110853313650579,-2.4947181316105294,-0.0071440162694891285,False,False,False,False,False,True,0.17097072806131008,False,0.0,中性,2732.TWO,六角,4,v1,phase6a,2026-07-12,0,4,6,4,4,4,v1,12,0.9827856025039123,12,0.9827856025039123,16,0.9765258215962441,^TWII,yfinance,2y,2026-09-23,scan_20260924_160449,False,True
True,0,-0.10833295186360678,-0.14166641235351562,True,False,觀察 (跌勢收斂),40.900001525878906,2026-09-23 00:00:00,40.85,-0.017499923706054688,False,True,0.5793558063704689,False,0.0008493003306892469,45.184353109389534,0.0008758459174643401,0.0008975919573757843,-0.31802236281606167,-1.2538232105424596,-3.131926646717409,-0.31802236281606167,False,False,False,False,False,False,0.0,False,-0.01564374784878153,中性,4527.TWO,方土霖,1,v1,phase6a,2026-07-12,0,1,2,1,1,1,v1,352,0.4507042253521127,352,0.4507042253521127,356,0.4444444444444444,^TWII,yfinance,2y,2026-09-23,scan_20260924_160449,False,False
True,1,-0.41666666666666663,0.16666666666666663,True,False,賣出 (動能轉弱),230.0,2026-09-23 00:00:00,230.9,0.20000000000001705,False,False,0.538704615318472,False,0.004776016351366851,41.089656168783065,0.004941228173208189,0.005049443887454139,-0.3507169732097415,-0.9548260315775825,-1.6779526577914483,-0.3507169732097415,False,False,False,False,False,False,0.0,False,-0.017094017094017144,中性,2247.TW,汎德永業,0,v1,phase6a,2026-07-12,0,0,1,0,0,0,v1,488,0.2378716744913928,488,0.2378716744913928,490,0.2347417840375587,^TWII,yfinance,2y,2026-09-23,scan_20260924_160449,False,False
False,0,0.3833332061767578,0.35833326975504554,False,True,強烈買入 (爆發),20.549999237060547,2026-09-23 00:00:00,20.04750003814697,0.029999923706053977,False,True,0.5939701786006882,False,0.0004267266625077282,50.22934427432178,0.0004290592637865284,0.00044728280403422935,-0.05719409060399583,0.115901831809051,1.2358697574017974,-0.05719409060399583,False,False,False,False,False,False,0.2906229051069019,False,-0.0764045286714361,中性,8034.TWO,榮群,3,v1,phase6a,2026-07-12,0,3,5,3,3,3,v1,64,0.9014084507042254,64,0.9014084507042254,74,0.8857589984350548,^TWII,yfinance,2y,2026-09-23,scan_20260924_160449,False,False
True,1,0.29166603088378906,0.20833269755045572,True,False,買入 (動能增強),17.399999618530273,2026-09-23 00:00:00,17.422500133514404,-0.03000001907348704,False,False,0.9349580338693164,False,0.00036131601170381547,30.28039055858817,0.00037495777360815376,0.00038318611551096965,-0.38150871071797043,-0.9490825500555911,-4.057688569782892,-0.38150871071797043,False,False,False,False,False,False,0.21757264295571654,False,-0.03333335452609587,中性,6958.TW,日盛台駿,4,v1,phase6a,2026-07-12,0,4,4,4,4,4,v1,23,0.9655712050078247,23,0.9655712050078247,25,0.9624413145539906,^TWII,yfinance,2y,2026-09-23,scan_20260924_160449,False,True
True,2,-0.03000020980834961,-0.010000228881835941,True,False,賣出 (動能轉弱),9.779999732971191,2026-09-23 00:00:00,9.833500051498413,-0.003500032424925692,False,False,1.7595533415800206,True,0.00020308451583058194,29.774816868845583,0.00021141961351752443,0.00022135193577851368,-0.41327891399123295,-1.499895776463489,-4.703045039460941,-0.41327891399123295,False,False,False,False,False,False,0.0,False,-0.09861756782294184,中性,8176.TWO,智捷,0,v1,phase6a,2026-07-12,0,0,0,0,0,0,v1,615,0.03912363067292645,615,0.03912363067292645,615,0.03912363067292645,^TWII,yfinance,2y,2026-09-23,scan_20260924_160449,False,False
True,0,-0.5416666666666666,-0.5083332061767578,True,False,賣出 (動能轉弱),46.5,2026-09-23 00:00:00,47.575,-0.09249992370605042,False,False,0.8647750305075713,False,0.000965585914515472,55.082626189197484,0.0010143607162596236,0.0010203860109564136,-0.5036013056545552,-1.0515687156274045,-1.1026177024067607,-0.5036013056545552,False,False,False,False,False,False,0.2715648099672221,False,-0.05487806343639867,中性,6177.TW,達麗,0,v1,phase6a,2026-07-12,0,0,0,0,0,0,v1,562,0.12206572769953052,562,0.12206572769953052,562,0.12206572769953052,^TWII,yfinance,2y,2026-09-23,scan_20260924_160449,False,False
True,0,-0.2500000000000001,-1.6666666666666667,True,False,觀察 (跌勢收斂),163.5,2026-09-23 00:00:00,153.775,1.0500000000000114,False,True,1.3880279536798668,False,0.0033951246671673047,27.117051340197257,0.003250381519018174,0.0031703574524052274,0.47095629353992585,1.2133408575837779,8.102227511224292,0.47095629353992585,True,True,True,False,False,True,0.9287674201939702,False,-0.006079027355623046,偏強 (RS上升),5432.TWO,新門,1,v1,phase6a,2026-07-12,2,3,3,3,1,3,v1,371,0.4209702660406886,371,0.4209702660406886,97,0.8497652582159625,^TWII,yfinance,2y,2026-09-23,scan_20260924_160449,False,False
True,0,0.35448710123697913,0.5531113942464192,True,False,觀望 (動能減弱),40.0,2026-09-23 00:00:00,40.019405937194826,0.05179195404053161,False,False,1.8090059649963914,True,0.000830611539368148,42.2093844207591,0.0008576443620970883,0.0008751880424805669,-0.3306907162110795,-0.7312849625745521,-0.6498715871852356,-0.3306907162110795,False,False,False,False,False,False,0.02221138893490943,False,-0.012345679012345734,中性,8908.TWO,欣雄,0,v1,phase6a,2026-07-12,0,0,1,0,0,0,v1,628,0.018779342723004695,628,0.018779342723004695,628,0.018779342723004695,^TWII,yfinance,2y,2026-09-23,scan_20260924_160449,False,False
True,0,0.41666666666666663,-0.33333333333333354,True,False,買入 (動能增強),165.5,2026-09-23 00:00:00,165.45,-0.025000000000005684,False,True,0.6641000533352819,False,0.0034366552441357123,47.47630759455143,0.0035451379852724767,0.0036254721127272913,-0.32107555703374535,-0.9020771311022302,-3.0529023299590397,-0.32107555703374535,False,False,False,False,False,False,0.0,False,-0.03921565501009394,中性,1513.TW,中興電,4,v1,phase6a,2026-07-12,0,4,5,4,4,4,v1,7,0.9906103286384976,7,0.9906103286384976,12,0.9827856025039123,^TWII,yfinance,2y,2026-09-23,scan_20260924_160449,False,True
True,0,0.275000254313151,0.2166668574015299,True,False,買入 (動能增強),20.0,2026-09-23 00:00:00,19.85750017166138,0.012500000000002842,False,True,1.0852229454888638,False,0.000415305769684074,62.18165431978795,0.0004273650396279835,0.00043869347296485655,-0.2961490557483737,-0.9730698601754573,-3.5521389419785,-0.2961490557483737,False,False,False,False,False,False,0.013374844085915088,False,-0.026763954135271217,中性,5547.TWO,久舜,2,v1,phase6a,2026-07-12,0,2,4,2,2,2,v1,194,0.6979655712050078,194,0.6979655712050078,204,0.6823161189358372,^TWII,yfinance,2y,2026-09-23,scan_20260924_160449,False,False
True,0,-0.5750001271565754,-0.7833334604899087,True,False,觀察 (跌勢收斂),39.849998474121094,2026-09-23 00:00:00,39.592499351501466,0.004999923706058951,False,True,0.6212820033775157,False,0.0008274967144102017,21.4362782101083,0.0008467397261931766,0.0008788785054856728,-0.23865021018809607,-0.9886755246009682,-2.8235276345054627,-0.23865021018809607,False,False,False,False,False,False,0.0,False,-0.1327530399898983,中性,6609.TWO,瀧澤科,1,v1,phase6a,2026-07-12,0,1,3,1,1,1,v1,407,0.3646322378716745,407,0.3646322378716745,408,0.36306729264475746,^TWII,yfinance,2y,2026-09-23,scan_20260924_160449,False,False
True,2,-0.29999955495198566,-0.3333326975504557,True,False,觀察 (跌勢收斂),22.950000762939453,2026-09-23 00:00:00,23.435000133514404,-0.011341381072998757,False,False,11.759797373705315,True,0.00047656338655513274,40.21622302650793,0.0005019386690524526,0.0005196934296022275,-0.5293362565069737,-1.2806119490791468,-4.036510293630979,-0.5293362565069737,False,False,False,False,False,False,0.0,False,-0.05942618353525042,中性,2901.TW,欣欣,1,v1,phase6a,2026-07-12,0,1,1,1,1,1,v1,316,0.5070422535211268,316,0.5070422535211268,324,0.4945226917057903,^TWII,yfinance,2y,2026-09-23,scan_20260924_160449,False,False
True,0,-1.25,-1.3333333333333335,True,False,觀察 (跌勢收斂),177.5,2026-09-23 00:00:00,178.1,-0.17500000000001137,False,False,0.5177844297337221,False,0.0036858387059461564,46.417075740924,0.0038223048165676736,0.003954116496633997,-0.37440944840179124,-1.4386207315774113,-4.496855193521454,-0.37440944840179124,False,False,False,False,False,False,0.0,False,-0.030054644808743203,中性,2707.TW,晶華,1,v1,phase6a,2026-07-12,0,1,1,1,1,1,v1,312,0.513302034428795,312,0.513302034428795,320,0.5007824726134585,^TWII,yfinance,2y,2026-09-23,scan_20260924_160449,False,False
True,0,21.916666666666668,15.5,True,False,買入 (動能增強),478.0,2026-09-23 00:00:00,445.5,2.9750000000000227,False,True,0.265246198092742,False,0.009925807895449367,618.4433037102224,0.009563264405282905,0.009599888219763096,0.40065159322184574,1.949253152356678,4.75737088986794,0.40065159322184574,True,True,False,False,False,True,0.5674687347125761,False,-0.13988960479774004,偏強 (RS上升),8021.TW,尖點,3,v1,phase6a,2026-07-12,1,4,5,4,3,4,v1,63,0.9029733959311425,63,0.9029733959311425,43,0.9342723004694836,^TWII,yfinance,2y,2026-09-23,scan_20260924_160449,True,False
False,0,-0.5750001271565754,-0.5499998728434244,False,True,強烈賣出 (跌破),17.299999237060547,2026-09-23 00:00:00,17.822500133514403,-0.040000057220460405,True,False,0.7759851820749878,False,0.00035923947493406616,43.91487983064991,0.0003809296363011223,0.0004099817432070278,-0.5957981607402907,-2.2041892405234242,-5.645012128600168,-0.5957981607402907,False,False,False,False,False,False,0.0,False,-0.2895277632017701,中性,8935.TWO,邦泰,0,v1,phase6a,2026-07-12,0,0,0,0,0,0,v1,631,0.014084507042253521,631,0.014084507042253521,631,0.014084507042253521,^TWII,yfinance,2y,2026-09-23,scan_20260924_160449,False,False
True,0,-0.9333337148030599,-1.1666666666666665,True,False,觀察 (跌勢收斂),53.70000076293945,2026-09-23 00:00:00,54.10000019073486,0.005000114440917969,False,False,0.6860380469242973,False,0.0011150960074443965,37.05558353143762,0.001156828418284973,0.0012028218637212505,-0.3782987220336209,-1.517674157600002,-3.7659865903268197,-0.3782987220336209,False,False,False,False,False,False,0.0,False,-0.08530293165535408,中性,2420.TW,新巨,1,v1,phase6a,2026-07-12,0,1,2,1,1,1,v1,298,0.5352112676056338,298,0.5352112676056338,306,0.5226917057902973,^TWII,yfinance,2y,2026-09-23,scan_20260924_160449,False,False
True,0,0.75,0.49166647593180335,True,False,買入 (動能增強),30.25,2026-09-23 00:00:00,30.61750011444092,-0.06499996185302592,False,False,0.4620890027287476,False,0.0006281499766471618,41.5649587234672,0.0006656479400786825,0.0006981557422379499,-0.5894837163624045,-0.9378428788042958,-9.827936294300132,-0.5894837163624045,False,False,False,False,False,False,0.005084394669665678,False,-0.27283651178934065,中性,5227.TWO,立凱-KY,2,v1,phase6a,2026-07-12,0,2,2,2,2,2,v1,183,0.7151799687010955,183,0.7151799687010955,193,0.6995305164319249,^TWII,yfinance,2y,2026-09-23,scan_20260924_160449,False,False
True,0,-0.12333337465922037,-0.1033333937327067,True,False,賣出 (動能轉弱),6.130000114440918,2026-09-23 00:00:00,6.3585000276565555,-0.02100000381469691,False,False,1.3402636984032332,False,0.00012729122078456736,32.227637491128846,0.00013711627851387438,0.00014743753659158477,-0.7486159222298672,-2.744391586980177,-9.808235264472687,-0.7486159222298672,False,False,False,False,False,False,0.0,False,-0.23374998569488525,中性,2911.TW,麗嬰房,0,v1,phase6a,2026-07-12,0,0,0,0,0,0,v1,516,0.19405320813771518,516,0.19405320813771518,517,0.19248826291079812,^TWII,yfinance,2y,2026-09-23,scan_20260924_160449,False,False
True,0,0.275000254313151,0.058333396911621094,True,False,買入 (動能增強),24.850000381469727,2026-09-23 00:00:00,24.7125,-0.012500000000002842,False,True,0.5287810925299591,False,0.0005160174267537909,55.37035545801756,0.0005316010783306827,0.0005455938813990931,-0.3076250612971676,-1.0848489926086002,-4.230470390309793,-0.3076250612971676,False,False,False,False,False,False,0.08227058502048773,False,-0.02165351359530343,中性,6136.TW,富爾特,4,v1,phase6a,2026-07-12,0,4,5,4,4,4,v1,18,0.97339593114241,18,0.97339593114241,21,0.9687010954616588,^TWII,yfinance,2y,2026-09-23,scan_20260924_160449,False,True
True,0,0.49999999999999994,0.5249996185302734,True,False,觀望 (動能減弱),41.150001525878906,2026-09-23 00:00:00,40.95499973297119,-0.007499885559084873,False,True,0.9700456487545619,False,0.0008544916528102979,48.449157499380625,0.0008813684625776813,0.0009099774332263305,-0.31996669848658454,-0.7453275735192166,-3.158531879617732,-0.31996669848658454,False,False,False,False,False,False,0.0,False,-0.013189429904024275,中性,6697.TWO,東捷資訊,0,v1,phase6a,2026-07-12,0,0,1,0,0,0,v1,588,0.081377151799687,588,0.081377151799687,588,0.081377151799687,^TWII,yfinance,2y,2026-09-23,scan_20260924_160449,False,False
True,0,0.550000508626302,0.700000762939453,True,False,觀望 (動能減弱),58.29999923706055,2026-09-23 00:00:00,58.339999961853025,0.029999923706050424,False,False,0.6424206409751946,False,0.0012106163027864178,39.224564707713846,0.0012577213259314152,0.001334709382877418,-0.39269050534969097,-1.1418417238288514,-4.4470924853632905,-0.39269050534969097,False,False,False,False,False,False,0.0,False,-0.1285501060189307,中性,6846.TWO,綠茵,0,v1,phase6a,2026-07-12,0,0,1,0,0,0,v1,596,0.06885758998435054,596,0.06885758998435054,596,0.06885758998435054,^TWII,yfinance,2y,2026-09-23,scan_20260924_160449,False,False
True,1,-0.10833311080932616,-0.14999977747599283,True,False,觀察 (跌勢收斂),15.0,2026-09-23 00:00:00,14.932499980926513,-0.007499980926514382,False,True,0.17235139001396046,False,0.0003114793272630555,24.064423379630814,0.0003209217690353839,0.0003378549037011793,-0.3087582269112099,-1.4465206567060407,-5.112790612126283,-0.3087582269112099,False,False,False,False,False,False,0.004053710836669812,False,-0.0625,中性,4528.TWO,江興鍛,1,v1,phase6a,2026-07-12,0,1,2,1,1,1,v1,353,0.4491392801251956,353,0.4491392801251956,357,0.4428794992175274,^TWII,yfinance,2y,2026-09-23,scan_20260924_160449,False,False
True,0,-0.36666742960611975,-0.6500002543131509,True,False,觀察 (跌勢收斂),75.0,2026-09-23 00:00:00,75.94499969482422,-0.22499999999999432,False,False,1.161662241862919,False,0.0015573966363152773,45.135887512662556,0.0016200983200989456,0.0016940347264575385,-0.4057406612953507,-1.4599365311990464,-2.0101826006350354,-0.4057406612953507,False,False,False,False,False,False,0.14349144441089426,False,-0.11971827832856075,中性,6794.TW,向榮生技,1,v1,phase6a,2026-07-12,0,1,1,1,1,1,v1,415,0.352112676056338,415,0.352112676056338,416,0.350547730829421,^TWII,yfinance,2y,2026-09-23,scan_20260924_160449,False,False
True,1,-0.291666030883789,-0.39166641235351557,True,False,觀察 (跌勢收斂),46.650001525878906,2026-09-23 00:00:00,46.82749977111816,-0.05000000000000426,False,False,0.5418705873592863,False,0.0009687007394734182,59.048047943174396,0.0010090710955498912,0.0010802672536972863,-0.4193649214059736,-1.6368239672673979,-6.996573551214357,-0.4193649214059736,False,False,False,False,False,False,0.0,False,-0.1231202846452486,中性,3205.TWO,佰研,1,v1,phase6a,2026-07-12,0,1,1,1,1,1,v1,325,0.49295774647887325,325,0.49295774647887325,332,0.48200312989045385,^TWII,yfinance,2y,2026-09-23,scan_20260924_160449,False,False
True,0,-0.2583332061767578,-0.24166647593180338,True,False,賣出 (動能轉弱),21.049999237060547,2026-09-23 00:00:00,21.309999847412108,-0.01750001907348775,False,False,2.277108694710393,True,0.00043710930674983005,36.916824973444484,0.0004561234410501779,0.00047344387092073737,-0.43688690463112856,-1.5620278528953757,-3.652195935069802,-0.43688690463112856,False,False,False,False,False,False,0.0,False,-0.032183943123653025,中性,8463.TW,潤泰材,0,v1,phase6a,2026-07-12,0,0,0,0,0,0,v1,623,0.026604068857589983,623,0.026604068857589983,623,0.026604068857589983,^TWII,yfinance,2y,2026-09-23,scan_20260924_160449,False,False
True,0,-1.5,-2.583333333333333,True,False,觀察 (跌勢收斂),165.0,2026-09-23 00:00:00,161.975,0.22499999999999432,False,True,1.5113306285752952,True,0.0034262725998936102,53.63108047843616,0.0034666451132071515,0.003598307426239427,-0.12243926783764847,-0.616207319109896,-2.2293219375233764,-0.12243926783764847,False,False,False,False,False,False,0.059383519130434236,False,-0.10810810810810811,中性,1773.TW,勝一,1,v1,phase6a,2026-07-12,0,1,3,1,1,1,v1,279,0.564945226917058,279,0.564945226917058,287,0.5524256651017214,^TWII,yfinance,2y,2026-09-23,scan_20260924_160449,False,False
True,1,-0.29166634877522785,-0.20833301544189453,True,False,賣出 (動能轉弱),29.700000762939453,2026-09-23 00:00:00,30.137500190734862,-0.06499996185302948,False,False,0.15384023691396484,False,0.0006167290838235077,21.99698476275762,0.0006520394146816143,0.0007321301292158478,-0.5668076661961896,-2.3134106340343075,-9.440288706651668,-0.5668076661961896,False,False,False,False,False,False,0.0,False,-0.21842103255422496,中性,6908.TW,宏�砦C戲-創,0,v1,phase6a,2026-07-12,0,0,0,0,0,0,v1,598,0.06572769953051644,598,0.06572769953051644,598,0.06572769953051644,^TWII,yfinance,2y,2026-09-23,scan_20260924_160449,False,False
True,0,2.13333511352539,2.2833353678385415,True,False,觀望 (動能減弱),69.5999984741211,2026-09-23 00:00:00,67.7949993133545,0.26499977111816975,False,True,0.6431042884445596,False,0.0014452640468152619,54.44450954755574,0.0014527855718630834,0.0014634810986328994,-0.05446834320681493,0.3343939077914193,2.2767339754428573,-0.05446834320681493,False,False,False,False,False,False,0.44679614863633005,False,-0.10424708870344868,中性,2436.TW,偉詮電,0,v1,phase6a,2026-07-12,0,0,2,0,0,0,v1,497,0.2237871674491393,497,0.2237871674491393,499,0.22065727699530516,^TWII,yfinance,2y,2026-09-23,scan_20260924_160449,False,False
True,1,-0.17499923706054685,-0.23333231608072916,True,False,觀察 (跌勢收斂),32.54999923706055,2026-09-23 00:00:00,32.71500034332276,-0.03250007629394247,False,False,0.32903026217934406,False,0.0006759101243181726,29.874386876496885,0.0007023027627146944,0.0007467811952406415,-0.39402178164021917,-1.2529094917865358,-4.424944380047813,-0.39402178164021917,False,False,False,False,False,False,0.0,False,-0.08180540094404343,中性,6722.TW,輝創,1,v1,phase6a,2026-07-12,0,1,1,1,1,1,v1,411,0.35837245696400627,411,0.35837245696400627,412,0.3568075117370892,^TWII,yfinance,2y,2026-09-23,scan_20260924_160449,False,False
True,0,0.7666664123535156,0.07499949137369799,True,False,買入 (動能增強),46.95000076293945,2026-09-23 00:00:00,44.45749988555908,0.19250011444091797,False,True,0.6536182201986557,False,0.0009749303101760215,54.673553869256,0.0009436814849174263,0.0009319107877817902,0.34978493600488214,2.427162676148753,10.226050300956002,0.34978493600488214,True,True,True,False,False,True,0.8326262619266629,False,-0.031958747155887535,偏強 (RS上升),3339.TWO,泰谷,2,v1,phase6a,2026-07-12,2,4,4,4,2,4,v1,148,0.7699530516431925,148,0.7699530516431925,48,0.9264475743348983,^TWII,yfinance,2y,2026-09-23,scan_20260924_160449,False,False
True,0,-0.06666692097981769,-0.0666669209798177,True,False,觀察 (跌勢收斂),32.849998474121094,2026-09-23 00:00:00,33.19000015258789,-0.04250011444091939,True,False,1.0036255974708634,False,0.0006821396950207759,24.267583127954286,0.0007198668226361523,0.0007645222706396763,-0.5486415533158429,-2.5291853143167953,-10.70789306479093,-0.5486415533158429,False,False,False,False,False,False,0.01089417225524114,False,-0.1456437497451495,中性,6807.TW,峰源-KY,1,v1,phase6a,2026-07-12,0,1,1,1,1,1,v1,416,0.350547730829421,416,0.350547730829421,417,0.3489827856025039,^TWII,yfinance,2y,2026-09-23,scan_20260924_160449,False,False
True,0,0.34166717529296875,0.13333352406819662,True,False,買入 (動能增強),16.950000762939453,2026-09-23 00:00:00,16.620000076293945,0.022500038146972656,False,True,0.40398177191720713,False,0.0003519716556499105,31.75365939350106,0.00035695148041664537,0.0003544201063019037,-0.1466371339472916,0.10318511094307148,-1.8474100998721599,-0.1466371339472916,False,False,True,False,False,True,0.5124413702466185,False,-0.05833329094780815,中性,1336.TWO,台翰,2,v1,phase6a,2026-07-12,1,3,4,3,2,3,v1,79,0.8779342723004695,79,0.8779342723004695,80,0.8763693270735524,^TWII,yfinance,2y,2026-09-23,scan_20260924_160449,False,False
True,0,0.0,-0.008333206176757809,True,False,觀察 (跌勢收斂),17.149999618530273,2026-09-23 00:00:00,17.169999980926512,-0.012500000000002842,True,False,0.548857009244974,False,0.0003561246895827645,36.9124839663008,0.00036833435537587456,0.00038038609498345163,-0.3477164187458359,-1.5918767891971886,-3.7789862440495647,-0.3477164187458359,False,False,False,False,False,False,0.03161287681768737,False,-0.020000021798270096,中性,2505.TW,國揚,1,v1,phase6a,2026-07-12,0,1,1,1,1,1,v1,304,0.5258215962441315,304,0.5258215962441315,312,0.513302034428795,^TWII,yfinance,2y,2026-09-23,scan_20260924_160449,False,False
True,0,-0.02500057220458984,-0.05833371480305989,True,False,觀察 (跌勢收斂),20.149999618530273,2026-09-23 00:00:00,20.412500286102294,-0.01750001907348775,False,False,0.8115527146526538,False,0.0004184205550353756,40.456539806769754,0.0004370633704310376,0.0004481719984558431,-0.44699007336753693,-1.3764949610854171,-3.219997801570451,-0.44699007336753693,False,False,False,False,False,False,0.0,False,-0.033573177464379045,中性,6512.TWO,啟發電,1,v1,phase6a,2026-07-12,0,1,1,1,1,1,v1,404,0.36932707355242567,404,0.36932707355242567,405,0.3677621283255086,^TWII,yfinance,2y,2026-09-23,scan_20260924_160449,False,False
True,0,2.7166671752929688,2.8499997456868487,True,False,觀望 (動能減弱),59.900001525878906,2026-09-23 00:00:00,58.954999923706055,0.1150001525878892,False,True,0.6075972640934069,False,0.0012438408118891173,47.981876475690484,0.0012694369825127533,0.0012346108432747251,-0.21179682595756644,0.6466903196714169,1.5004873657582074,-0.21179682595756644,False,True,True,False,False,True,0.49904289944575936,False,-0.07131780580032698,偏強 (RS上升),2609.TW,陽明,0,v1,phase6a,2026-07-12,1,1,2,1,0,1,v1,506,0.20970266040688576,506,0.20970266040688576,460,0.28169014084507044,^TWII,yfinance,2y,2026-09-23,scan_20260924_160449,False,False
True,0,-0.14999961853027344,-0.1499996185302734,True,False,賣出 (動能轉弱),13.25,2026-09-23 00:00:00,13.355000019073486,-0.01249999999999929,False,False,1.2884676545665252,False,0.00027514007241569903,31.72796390679951,0.0002863939933328278,0.0002980926259100921,-0.41193022919878697,-1.4189517958972275,-4.216487241562761,-0.41193022919878697,False,False,False,False,False,False,0.0,False,-0.02526096042190884,中性,2616.TW,山隆,0,v1,phase6a,2026-07-12,0,0,0,0,0,0,v1,509,0.20500782472613457,509,0.20500782472613457,510,0.20344287949921752,^TWII,yfinance,2y,2026-09-23,scan_20260924_160449,False,False
True,0,-0.22500038146972656,-0.35000038146972656,True,False,觀察 (跌勢收斂),18.200000762939453,2026-09-23 00:00:00,18.26499996185303,-0.04749994277953817,False,False,1.8969488625987274,True,0.00037792826625516514,36.049546484914764,0.0003905175304431252,0.00040924611334087525,-0.33819327229710483,-1.6602229071641328,-4.2183364085383035,-0.33819327229710483,False,False,False,False,False,False,0.018180757417415705,False,-0.24948450462105343,中性,5011.TWO,久陽,2,v1,phase6a,2026-07-12,0,2,2,2,2,2,v1,180,0.7198748043818466,180,0.7198748043818466,190,0.704225352112676,^TWII,yfinance,2y,2026-09-23,scan_20260924_160449,True,False
False,0,-0.05833371480305989,-0.025000254313151046,False,True,強烈賣出 (跌破),30.0,2026-09-23 00:00:00,30.5375,-0.02499999999999858,False,False,0.0,False,0.000622958654526111,39.52734551780416,0.0006533167990943166,0.0006846574723261501,-0.4867530602444603,-1.4264268741489894,-2.5633580508622855,-0.4867530602444603,False,False,False,False,False,False,0.0,False,-0.07120740840208939,中性,5601.TWO,台聯櫃,0,v1,phase6a,2026-07-12,0,0,0,0,0,0,v1,558,0.12832550860719874,558,0.12832550860719874,558,0.12832550860719874,^TWII,yfinance,2y,2026-09-23,scan_20260924_160449,False,False
True,0,-0.9083334604899088,-0.9666671752929688,True,False,觀察 (跌勢收斂),45.70000076293945,2026-09-23 00:00:00,45.69000015258789,0.05000000000000426,False,True,0.4088384692950285,False,0.0009489736995707669,49.318169399863216,0.000973427003985047,0.0010039103956676148,-0.26373251140001663,-1.0034649590697886,-0.9529108814263387,-0.26373251140001663,False,False,False,False,False,False,0.07498079774261232,False,-0.0508826725918724,中性,6275.TWO,元山,1,v1,phase6a,2026-07-12,0,1,3,1,1,1,v1,397,0.38028169014084506,397,0.38028169014084506,399,0.37715179968701096,^TWII,yfinance,2y,2026-09-23,scan_20260924_160449,False,False
True,0,0.11666679382324219,0.07500012715657553,True,False,買入 (動能增強),14.050000190734863,2026-09-23 00:00:00,13.95249981880188,0.0025000095367424535,False,True,0.10923181048785027,False,0.0002917523071637264,34.49273391194004,0.0003001728193520441,0.00030815235066780194,-0.29441709014512707,-0.7739394600350447,-3.564157942229995,-0.29441709014512707,False,False,False,False,False,False,0.0700099103921045,False,-0.017482517249333918,中性,5533.TW,皇鼎,2,v1,phase6a,2026-07-12,0,2,4,2,2,2,v1,192,0.701095461658842,192,0.701095461658842,202,0.6854460093896714,^TWII,yfinance,2y,2026-09-23,scan_20260924_160449,False,False
True,1,0.20833301544189453,0.14999993642171225,True,False,買入 (動能增強),24.899999618530273,2026-09-23 00:00:00,24.867500019073486,-0.015000057220458274,False,True,0.8594520145700641,False,0.0005170556753353432,42.92623747693634,0.0005346641696178277,0.00055558896046003,-0.34547336091116376,-1.1704958650162522,-3.98186649977732,-0.34547336091116376,False,False,False,False,False,False,0.0,False,-0.04961836284554855,中性,6266.TWO,泰詠,2,v1,phase6a,2026-07-12,0,2,3,2,2,2,v1,206,0.6791862284820032,206,0.6791862284820032,214,0.6666666666666666,^TWII,yfinance,2y,2026-09-23,scan_20260924_160449,False,False
True,0,-0.28333330154418945,-0.33333317438761395,True,False,觀察 (跌勢收斂),14.600000381469727,2026-09-23 00:00:00,14.675,0.08000001907348775,False,False,0.331088847773667,False,0.00030317321979070295,52.718720590496,0.00030684349038983974,0.0002991004262384825,-0.1257508972123733,0.5669324276783572,13.986389704765001,-0.1257508972123733,False,True,True,False,False,False,0.590592380128611,False,-0.06709260464245015,中性,1312.TW,國喬,1,v1,phase6a,2026-07-12,0,1,2,1,1,1,v1,259,0.596244131455399,259,0.596244131455399,267,0.5837245696400626,^TWII,yfinance,2y,2026-09-23,scan_20260924_160449,False,False
True,0,-0.27500009536743164,-0.2749999364217122,True,False,賣出 (動能轉弱),12.199999809265137,2026-09-23 00:00:00,12.32000012397766,-0.012500000000001066,False,False,1.1686000537407393,False,0.0002533365155466207,21.876677613820856,0.0002626395286281181,0.0002712373244961518,-0.3714699256243681,-1.72846713078334,-2.637907035011966,-0.3714699256243681,False,False,False,False,False,False,0.001295790564108027,False,-0.07575757685224327,中性,8107.TWO,大億金茂,1,v1,phase6a,2026-07-12,0,1,1,1,1,1,v1,439,0.3145539906103286,439,0.3145539906103286,440,0.3129890453834116,^TWII,yfinance,2y,2026-09-23,scan_20260924_160449,True,False
True,2,0.06166672706604003,0.051666736602783196,True,False,買入 (動能增強),7.110000133514404,2026-09-23 00:00:00,7.1135000705719,0.0005000114440916192,False,False,0.5630783362632584,False,0.00014764120389515342,18.629184927954093,0.00015308918551229834,0.00016217077759141544,-0.3732017650829311,-0.8562441973498092,-4.026890037655296,-0.3732017650829311,False,False,False,False,False,False,0.0,False,-0.10902254178942883,中性,3494.TW,誠研,2,v1,phase6a,2026-07-12,0,2,3,2,2,2,v1,152,0.7636932707355243,152,0.7636932707355243,165,0.7433489827856025,^TWII,yfinance,2y,2026-09-23,scan_20260924_160449,False,False
True,1,-0.08333333333333333,-0.08999999364217122,True,False,觀察 (跌勢收斂),7.690000057220459,2026-09-23 00:00:00,7.716499924659729,-0.003999996185302557,False,False,0.82425221093876,False,0.00015968506963172577,35.49724320529594,0.00016555514691091397,0.00017170795923844302,-0.37184301082671123,-1.618782983573519,-4.586447326731957,-0.37184301082671123,False,False,False,False,False,False,0.02824750240028327,False,-0.06900728279259849,中性,5512.TWO,力麒,1,v1,phase6a,2026-07-12,0,1,1,1,1,1,v1,375,0.41471048513302033,375,0.41471048513302033,378,0.41001564945226915,^TWII,yfinance,2y,2026-09-23,scan_20260924_160449,False,False
True,1,0.4333337148030599,0.3333333333333333,True,False,買入 (動能增強),45.900001525878906,2026-09-23 00:00:00,44.912499618530276,0.05500011444092223,False,True,2.060595258177559,True,0.0009531267731102655,38.125384415375606,0.0009647309364233613,0.0009921794759798028,-0.12645455827250407,-0.8577965987115577,-2.1325322201592,-0.12645455827250407,False,False,False,False,False,True,0.07390958990325265,False,-0.08689001785937345,中性,3306.TWO,鼎天,2,v1,phase6a,2026-07-12,0,2,4,2,2,2,v1,145,0.7746478873239436,145,0.7746478873239436,160,0.7511737089201878,^TWII,yfinance,2y,2026-09-23,scan_20260924_160449,False,False
True,0,-5.666666666666666,-7.749999999999999,True,False,觀察 (跌勢收斂),117.5,2026-09-23 00:00:00,120.525,-0.44999999999998863,True,False,0.3635469673660068,False,0.0024399213968939347,59.681620887899314,0.0025404340368034204,0.002423096909797195,-0.4147478837844276,-1.615535675698554,-0.439507959754315,-0.4147478837844276,False,True,True,False,False,False,0.5231718933138271,False,-0.1454545454545455,中性,6716.TWO,應廣,1,v1,phase6a,2026-07-12,0,1,1,1,1,1,v1,410,0.3599374021909233,410,0.3599374021909233,411,0.35837245696400627,^TWII,yfinance,2y,2026-09-23,scan_20260924_160449,False,False
True,1,-0.8693478902180988,-0.6588617960611978,True,False,賣出 (動能轉弱),79.69999694824219,2026-09-23 00:00:00,80.65276260375977,-0.004654693603512783,True,False,0.6553456919439755,False,0.0016549934288204035,30.667460273692765,0.0017222757047603155,0.0017403949535469204,-0.40953606093511175,-1.4132214428877576,-1.7356949188814363,-0.40953606093511175,False,False,False,False,False,False,0.15406905888826436,False,-0.03510897795945467,中性,9941.TW,裕融,0,v1,phase6a,2026-07-12,0,0,0,0,0,0,v1,638,0.003129890453834116,638,0.003129890453834116,638,0.003129890453834116,^TWII,yfinance,2y,2026-09-23,scan_20260924_160449,False,False
True,1,-0.14166641235351562,-0.23333295186360675,True,False,觀察 (跌勢收斂),34.150001525878906,2026-09-23 00:00:00,34.42749996185303,-0.0274999618530245,False,False,1.4762558163489796,False,0.000709134633420872,43.66576436641708,0.0007388180549703518,0.0007665005607161194,-0.4211337347871713,-1.3485229586921665,-4.145405441176564,-0.4211337347871713,False,False,False,False,False,False,0.0,False,-0.022889820303204522,中性,5902.TWO,德記,1,v1,phase6a,2026-07-12,0,1,1,1,1,1,v1,380,0.40688575899843504,380,0.40688575899843504,383,0.40219092331768386,^TWII,yfinance,2y,2026-09-23,scan_20260924_160449,False,False
True,1,-0.041666666666666664,-0.050000190734863274,True,False,觀察 (跌勢收斂),14.850000381469727,2026-09-23 00:00:00,14.790000009536744,0.0,False,True,2.1918780191725906,True,0.00030836454191175385,39.971876360788045,0.0003170801118716637,0.0003253781950615143,-0.28850173369275867,-1.166237691861849,-3.0721541537408026,-0.28850173369275867,False,False,False,False,False,False,0.0,False,-0.006688925021486325,中性,2109.TW,華豐,1,v1,phase6a,2026-07-12,0,1,2,1,1,1,v1,287,0.5524256651017214,287,0.5524256651017214,295,0.539906103286385,^TWII,yfinance,2y,2026-09-23,scan_20260924_160449,False,False
True,1,10.833333333333336,-24.166666666666664,True,False,買入 (動能增強),1460.0,2026-09-23 00:00:00,1399.0,-3.5,False,True,0.8946596224941127,False,0.0303173211869374,403.952217404041,0.030293251031788895,0.031017001383808324,0.0083646105644819,-1.2205609361720993,-8.17214013509233,0.0083646105644819,True,False,False,False,False,True,0.38739807276057464,False,-0.1843575418994413,中性,6274.TWO,台燿,3,v1,phase6a,2026-07-12,0,3,4,3,3,3,v1,55,0.9154929577464789,55,0.9154929577464789,69,0.8935837245696401,^TWII,yfinance,2y,2026-09-23,scan_20260924_160449,True,False
True,0,-10.25,-10.249999999999998,True,False,賣出 (動能轉弱),133.5,2026-09-23 00:00:00,143.25,-0.05000000000001137,False,False,0.25989207002708226,False,0.002772166012641194,67.69901924644385,0.00300414077182259,0.0030852909156437016,-0.8062710468111023,-2.787272134962393,-0.5167688174941398,-0.8062710468111023,False,False,False,False,False,False,0.24162348679291434,False,-0.14524950221287025,中性,1597.TW,直得,0,v1,phase6a,2026-07-12,0,0,0,0,0,0,v1,475,0.25821596244131456,475,0.25821596244131456,477,0.25508607198748046,^TWII,yfinance,2y,2026-09-23,scan_20260924_160449,False,False
True,0,-0.28333282470703114,-1.0666656494140625,True,False,觀察 (跌勢收斂),84.5,2026-09-23 00:00:00,83.02000045776367,0.124000167846674,False,True,0.8662015305787374,False,0.0017546668769152125,79.15753932966142,0.001787818322923454,0.0019001967685647945,-0.19480882100171293,-0.9094062844476225,-5.564508285358705,-0.19480882100171293,False,False,False,False,False,False,0.06731839050103035,False,-0.14505745760055944,中性,3528.TW,安馳,1,v1,phase6a,2026-07-12,0,1,3,1,1,1,v1,336,0.4757433489827856,336,0.4757433489827856,342,0.46635367762128327,^TWII,yfinance,2y,2026-09-23,scan_20260924_160449,False,False
True,1,-0.05000050862630212,-0.08333460489908853,True,False,觀察 (跌勢收斂),72.0,2026-09-23 00:00:00,72.58500022888184,-0.10499992370604616,False,False,0.8897977164707029,False,0.0014951007708626663,83.63818159301633,0.0015567177465973133,0.001597872481348248,-0.4149169595114355,-0.62573445027162,-3.1711967582863987,-0.4149169595114355,False,False,False,False,False,False,0.027849489554488766,False,-0.23566876504719936,中性,6548.TWO,長科*,2,v1,phase6a,2026-07-12,0,2,2,2,2,2,v1,214,0.6666666666666666,214,0.6666666666666666,220,0.6572769953051644,^TWII,yfinance,2y,2026-09-23,scan_20260924_160449,True,False
True,0,-0.016665140787760324,0.7000020345052083,True,False,賣出 (動能轉弱),76.69999694824219,2026-09-23 00:00:00,76.59999923706054,0.23499984741211222,False,True,0.3094273500347935,False,0.0015926975633677924,74.70737840398048,0.0016243111192792133,0.001563758404603687,-0.20445215490954016,-0.11913771047589172,6.1800789059220484,-0.20445215490954016,False,True,True,False,False,False,0.6973861492960917,False,-0.037641155770033796,中性,2606.TW,裕民,0,v1,phase6a,2026-07-12,0,0,2,0,0,0,v1,504,0.21283255086071987,504,0.21283255086071987,506,0.20970266040688576,^TWII,yfinance,2y,2026-09-23,scan_20260924_160449,False,False
True,0,-0.05833371480305989,-0.2083336512247721,True,False,觀察 (跌勢收斂),24.0,2026-09-23 00:00:00,24.107499980926512,-0.010000038146973367,False,False,4.1946970144524345,True,0.0004983669236208887,45.89823312291831,0.0005158252278223151,0.0005398758556293559,-0.35500246885301623,-1.2890472825335841,-2.8994916922095104,-0.35500246885301623,False,False,False,False,False,False,0.0,False,-0.18644067796610164,中性,9949.TWO,琉園,1,v1,phase6a,2026-07-12,0,1,1,1,1,1,v1,458,0.28482003129890454,458,0.28482003129890454,459,0.28325508607198746,^TWII,yfinance,2y,2026-09-23,scan_20260924_160449,False,False
True,0,-0.1249996821085612,-0.14166609446207684,True,False,觀察 (跌勢收斂),22.600000381469727,2026-09-23 00:00:00,23.5375,-0.07749996185302521,False,False,1.2187530468826173,False,0.00046929552766433253,27.64575462346573,0.0005045630810155351,0.0005387613246843406,-0.7303862502243463,-1.8071517866893427,-5.367235095638456,-0.7303862502243463,False,False,False,False,False,False,0.0,False,-0.1170831015307836,中性,6692.TWO,進能服,1,v1,phase6a,2026-07-12,0,1,1,1,1,1,v1,408,0.36306729264475746,408,0.36306729264475746,409,0.3615023474178404,^TWII,yfinance,2y,2026-09-23,scan_20260924_160449,False,False
True,1,0.8916664123535155,0.6666663487752278,True,False,買入 (動能增強),32.29999923706055,2026-09-23 00:00:00,31.20750026702881,-0.035000038146971946,True,True,0.5700246861084535,False,0.0006707188021971216,47.68753250388968,0.0006773739440529314,0.0007206652768076217,-0.10331331780889519,-1.1032756951862899,-6.720391092533595,-0.10331331780889519,False,False,False,False,False,True,0.12229577248255165,False,-0.0849858375308512,中性,4131.TWO,浩泰,2,v1,phase6a,2026-07-12,0,2,3,2,2,2,v1,164,0.7449139280125195,164,0.7449139280125195,177,0.7245696400625978,^TWII,yfinance,2y,2026-09-23,scan_20260924_160449,False,False
True,1,0.0049999554951985666,-0.04499999682108561,True,False,買入 (動能增強),5.25,2026-09-23 00:00:00,5.198499941825867,-0.003999996185302557,True,True,0.9742224939739932,False,0.00010901776454206941,23.975122346816693,0.00011158175520082595,0.00011766117770824993,-0.2412961776391942,-1.0256001851179586,-3.6725480037572256,-0.2412961776391942,False,False,False,False,False,False,0.049947684390936366,False,-0.10102742074868654,中性,1340.TW,勝悅-KY,2,v1,phase6a,2026-07-12,0,2,3,2,2,2,v1,81,0.8748043818466353,81,0.8748043818466353,109,0.8309859154929577,^TWII,yfinance,2y,2026-09-23,scan_20260924_160449,False,False
True,0,-0.03333346048990885,-0.1916669209798177,True,False,觀察 (跌勢收斂),32.5,2026-09-23 00:00:00,32.54249992370605,-0.0625,False,False,1.3976832826768613,False,0.0006748718757366202,41.16258325400886,0.0006967999064521009,0.0007130164360442189,-0.3301654912584162,-1.0374846342868893,-3.147335776128124,-0.3301654912584162,False,False,False,False,False,False,0.031244152079824093,False,-0.03703703703703709,中性,1321.TW,大洋,1,v1,phase6a,2026-07-12,0,1,1,1,1,1,v1,260,0.594679186228482,260,0.594679186228482,268,0.5821596244131455,^TWII,yfinance,2y,2026-09-23,scan_20260924_160449,False,False
True,0,-61.66666666666667,-110.83333333333334,True,False,觀察 (跌勢收斂),3470.0,2026-09-23 00:00:00,3356.0,15.75,False,True,0.8129500994825808,False,0.07205555104018684,287.24224148246293,0.07045449708371183,0.06535791066187409,0.23978043867891596,0.8092139445440738,11.063770180057375,0.23978043867891596,True,True,True,False,False,True,0.8433413318507077,False,-0.02801120448179273,偏強 (RS上升),3017.TW,奇鋐,1,v1,phase6a,2026-07-12,2,3,3,3,1,3,v1,322,0.49765258215962443,322,0.49765258215962443,95,0.8528951486697965,^TWII,yfinance,2y,2026-09-23,scan_20260924_160449,False,False
True,1,0.6666666666666665,0.5833333333333333,True,False,買入 (動能增強),126.0,2026-09-23 00:00:00,125.575,-0.125,False,True,0.48539683225740493,False,0.002616426349009666,47.094884865966264,0.0027109607905740443,0.0028009218332789554,-0.3657227663848017,-1.6122344179555825,-6.980139674137886,-0.3657227663848017,False,False,False,False,False,False,0.058359022382513163,False,-0.13103448275862073,中性,1736.TW,喬山,3,v1,phase6a,2026-07-12,0,3,4,3,3,3,v1,30,0.9546165884194053,30,0.9546165884194053,56,0.9139280125195618,^TWII,yfinance,2y,2026-09-23,scan_20260924_160449,True,False
True,0,-1.6166674296061196,-1.516667048136393,True,False,賣出 (動能轉弱),35.099998474121094,2026-09-23 00:00:00,36.515000343322754,-0.07000007629394389,True,False,0.326605521571989,False,0.0007288615941102341,85.3768289437912,0.0007784142602008767,0.0007871801995595157,-0.6656289213184396,-2.232117747152984,-4.719459080801746,-0.6656289213184396,False,False,False,False,False,False,0.39022805569979196,False,-0.14390247624094898,中性,3685.TWO,元創精密,1,v1,phase6a,2026-07-12,0,1,1,1,1,1,v1,343,0.4647887323943662,343,0.4647887323943662,349,0.45539906103286387,^TWII,yfinance,2y,2026-09-23,scan_20260924_160449,True,False
True,1,-0.04166682561238606,-0.05833355585734049,True,False,觀察 (跌勢收斂),15.050000190734863,2026-09-23 00:00:00,15.005000019073487,0.0,False,True,0.4560876503640923,False,0.0003125175956479301,43.09626541944997,0.0003222885433347398,0.0003344222263386067,-0.31811522595052155,-1.2969998910384417,-4.171805099979453,-0.31811522595052155,False,False,False,False,False,False,0.0,False,-0.016339869077347524,中性,1432.TW,大魯閣,1,v1,phase6a,2026-07-12,0,1,2,1,1,1,v1,263,0.5899843505477308,263,0.5899843505477308,271,0.5774647887323944,^TWII,yfinance,2y,2026-09-23,scan_20260924_160449,False,False
True,1,0.09999974568684897,0.08333333333333334,True,False,買入 (動能增強),54.0,2026-09-23 00:00:00,54.069999885559085,0.0,False,False,0.0,False,0.0011213255781469997,59.10742654249101,0.0011576461860286224,0.001188888401947114,-0.3291711220489879,-1.0775658764523688,-1.8389471355748421,-0.3291711220489879,False,False,False,False,False,False,0.12472451191773398,False,-0.00917431192660545,中性,3684.TWO,榮昌,2,v1,phase6a,2026-07-12,0,2,2,2,2,2,v1,156,0.7574334898278561,156,0.7574334898278561,169,0.7370892018779343,^TWII,yfinance,2y,2026-09-23,scan_20260924_160449,False,False
True,1,0.03333282470703125,0.0,True,False,買入 (動能增強),89.5999984741211,2026-09-23 00:00:00,89.69999961853027,-0.015000152587887783,True,False,1.2371529399393177,False,0.0018605698164993357,32.542102121751896,0.0019275707176410885,0.002028885957416863,-0.3645529292827687,-1.3304506907975022,-4.172287251619067,-0.3645529292827687,False,False,False,False,False,False,0.0,False,-0.0528541234740908,中性,6523.TWO,達爾膚,2,v1,phase6a,2026-07-12,0,2,2,2,2,2,v1,211,0.6713615023474179,211,0.6713615023474179,218,0.6604068857589984,^TWII,yfinance,2y,2026-09-23,scan_20260924_160449,False,False
True,1,4.0,5.166666666666667,True,False,觀望 (動能減弱),542.0,2026-09-23 00:00:00,533.75,0.2999999999999545,False,True,0.8803093864708966,False,0.011254786358438405,94.25788284323994,0.011453724129445168,0.011399035663610045,-0.18249611728640147,-0.8292428725015233,-1.7484072684664231,-0.18249611728640147,False,False,True,False,False,False,0.17055198116590617,False,-0.09060402684563762,中性,5434.TW,崇越,0,v1,phase6a,2026-07-12,0,0,2,0,0,0,v1,555,0.13302034428794993,555,0.13302034428794993,555,0.13302034428794993,^TWII,yfinance,2y,2026-09-23,scan_20260924_160449,False,False
True,0,1.783332824707031,1.4499994913736978,True,False,買入 (動能增強),91.9000015258789,2026-09-23 00:00:00,91.02499961853027,-0.1700000762939453,True,True,0.5583810374708489,False,0.0019083300433836356,18.41862854953953,0.0019933352501243754,0.002203011697904673,-0.44688566773073424,-1.7232851249147751,-12.980075700599947,-0.44688566773073424,False,False,False,False,False,False,0.02239617635913566,False,-0.20775860753552666,中性,9958.TW,世紀鋼,2,v1,phase6a,2026-07-12,0,2,3,2,2,2,v1,251,0.6087636932707355,251,0.6087636932707355,255,0.6025039123630673,^TWII,yfinance,2y,2026-09-23,scan_20260924_160449,False,False
True,1,0.02500009536743164,-0.024999936421712245,True,False,買入 (動能增強),15.800000190734863,2026-09-23 00:00:00,15.752499961853028,-0.0025000095367424535,False,True,0.6284804612779147,False,0.0003280915620110829,31.301128618447965,0.00033804901477665645,0.00035221286183980554,-0.30910105495816076,-1.0145919580539453,-3.2525980713470237,-0.30910105495816076,False,False,False,False,False,False,0.0,False,-0.012499988079071045,中性,2028.TW,威致,2,v1,phase6a,2026-07-12,0,2,3,2,2,2,v1,98,0.8482003129890454,98,0.8482003129890454,124,0.8075117370892019,^TWII,yfinance,2y,2026-09-23,scan_20260924_160449,False,False
False,0,-0.19487984975179035,-0.3349990844726563,False,True,強烈賣出 (跌破),31.899999618530273,2026-09-23 00:00:00,33.156785011291504,-0.10871419906616353,False,False,1.8687449113585106,True,0.0006624126947247691,29.057439484499266,0.0007076438806010667,0.000707917353040449,-0.6683244885454465,-0.5702437918845171,-1.978041377249684,-0.6683244885454465,False,False,False,False,False,False,0.31423513250172297,False,-0.09923352279202491,中性,1808.TW,潤隆,0,v1,phase6a,2026-07-12,0,0,0,0,0,0,v1,480,0.25039123630672927,480,0.25039123630672927,482,0.24726134585289514,^TWII,yfinance,2y,2026-09-23,scan_20260924_160449,False,False
True,0,-3.4999999999999996,-4.583333333333332,True,False,觀察 (跌勢收斂),119.0,2026-09-23 00:00:00,121.325,-0.32500000000000284,False,False,0.8815829864106557,False,0.00247106932962024,211.97125291749234,0.0025930896635568395,0.002800725611988352,-0.4928845521377845,-2.1758566145743674,-7.1037400658598315,-0.4928845521377845,False,False,False,False,False,False,0.18025912043336634,False,-0.19865319865319864,中性,2337.TW,旺宏,1,v1,phase6a,2026-07-12,0,1,1,1,1,1,v1,291,0.5461658841940532,291,0.5461658841940532,299,0.5336463223787168,^TWII,yfinance,2y,2026-09-23,scan_20260924_160449,False,False
True,0,-1.5,-1.7499999999999998,True,False,觀察 (跌勢收斂),171.0,2026-09-23 00:00:00,173.025,-0.2750000000000057,True,False,0.7380584450031137,False,0.0035508643307988327,34.869737684245656,0.0037225663243163486,0.003932089283591001,-0.4831764884981937,-1.9399416635746847,-7.0363809520066045,-0.4831764884981937,False,False,False,False,False,False,0.0,False,-0.1151829926745136,中性,4441.TW,振大環球,2,v1,phase6a,2026-07-12,0,2,2,2,2,2,v1,167,0.7402190923317684,167,0.7402190923317684,180,0.7198748043818466,^TWII,yfinance,2y,2026-09-23,scan_20260924_160449,True,False
False,0,-0.48333326975504554,-0.6749998728434244,False,True,強烈賣出 (跌破),17.399999618530273,2026-09-23 00:00:00,17.599999809265135,-0.01750001907348775,False,False,0.911950397139689,False,0.00036131601170381547,32.68129548510319,0.0003762403924810452,0.0004047015833966861,-0.4158126339446122,-1.8149822661651882,-5.2312096302307705,-0.4158126339446122,False,False,False,False,False,False,0.0,False,-0.13432839361677795,中性,6210.TWO,慶生,0,v1,phase6a,2026-07-12,0,0,0,0,0,0,v1,566,0.11580594679186229,566,0.11580594679186229,566,0.11580594679186229,^TWII,yfinance,2y,2026-09-23,scan_20260924_160449,False,False
True,0,0.15833314259847003,0.09166653951009116,True,False,買入 (動能增強),22.200000762939453,2026-09-23 00:00:00,22.085000133514406,0.00500001907348846,False,True,0.5913410291110293,False,0.00046098942019198,37.00417453520033,0.00047454641508115365,0.00048637350891079736,-0.2998175721995233,-0.6897116851979024,-3.0862953579145924,-0.2998175721995233,False,False,False,False,False,False,0.23283572612118444,False,-0.015520997160207273,中性,5525.TW,順天,2,v1,phase6a,2026-07-12,0,2,4,2,2,2,v1,191,0.702660406885759,191,0.702660406885759,201,0.6870109546165885,^TWII,yfinance,2y,2026-09-23,scan_20260924_160449,False,False
True,0,1.266667048136393,1.0249996185302734,True,False,買入 (動能增強),40.45000076293945,2026-09-23 00:00:00,39.51750030517578,0.0800001144409137,False,True,0.5115421707862948,False,0.0008399559350286975,64.42052542297276,0.0008416547058175198,0.000808601998218759,-0.021241489286938364,0.9708023901944918,6.710247966783456,-0.021241489286938364,False,True,True,False,False,True,0.7286290165983711,False,-0.012210011982527469,偏強 (RS上升),2816.TW,旺旺保,2,v1,phase6a,2026-07-12,1,3,4,3,2,3,v1,126,0.8043818466353677,126,0.8043818466353677,87,0.865414710485133,^TWII,yfinance,2y,2026-09-23,scan_20260924_160449,False,False
True,0,306.6666666666667,353.3333333333333,True,False,觀望 (動能減弱),5620.0,2026-09-23 00:00:00,5434.25,29.0,False,True,0.8744026078575967,False,0.11670092128122479,355.5805611430401,0.11886906123670196,0.12436548667501363,-0.191629268128235,-1.1028372954480226,-7.0331419408499745,-0.191629268128235,False,False,False,False,False,False,0.1672055840155458,False,-0.2358801009137299,中性,6223.TWO,旺矽,0,v1,phase6a,2026-07-12,0,0,2,0,0,0,v1,569,0.1111111111111111,569,0.1111111111111111,569,0.1111111111111111,^TWII,yfinance,2y,2026-09-23,scan_20260924_160449,False,False
True,0,-0.1416667302449544,-0.21666685740152994,True,False,觀察 (跌勢收斂),20.450000762939453,2026-09-23 00:00:00,20.352500247955323,-0.017499923706054688,False,True,1.9948149426026542,True,0.00042465016534462346,47.46819940191009,0.0004374176353288744,0.00045302699190833356,-0.3063039863892336,-1.3007117570059346,-5.240195647571355,-0.3063039863892336,False,False,False,False,False,False,0.002431602482458128,False,-0.09513272487787694,中性,2610.TW,華航,1,v1,phase6a,2026-07-12,0,1,2,1,1,1,v1,308,0.5195618153364632,308,0.5195618153364632,316,0.5070422535211268,^TWII,yfinance,2y,2026-09-23,scan_20260924_160449,False,False
True,0,0.6833343505859375,0.1500015258789063,True,False,買入 (動能增強),61.900001525878906,2026-09-23 00:00:00,61.39999980926514,-0.04999999999999716,False,True,0.463123138994151,False,0.0012853713888575247,29.737528775406368,0.0013201504574118538,0.0013387282878077555,-0.2765465346113771,-0.7751903287001038,-3.9510322660198605,-0.2765465346113771,False,False,False,False,False,False,0.3402329486439923,False,-0.05927053715804831,中性,7704.TWO,明遠精密,4,v1,phase6a,2026-07-12,0,4,5,4,4,4,v1,24,0.9640062597809077,24,0.9640062597809077,26,0.9608763693270735,^TWII,yfinance,2y,2026-09-23,scan_20260924_160449,False,True
True,1,0.4499994913736979,0.4583330154418945,True,False,觀望 (動能減弱),28.899999618530273,2026-09-23 00:00:00,29.239999961853027,-0.019999980926513672,False,False,1.8934380778125768,True,0.000600116829272158,33.69634044928858,0.0006296236243761412,0.0006426613994421684,-0.490885588126988,-1.0287736226899602,-3.3166024865350474,-0.490885588126988,False,False,False,False,False,False,0.07741364634594142,False,-0.07371798359509041,中性,5487.TWO,通泰,2,v1,phase6a,2026-07-12,0,2,2,2,2,2,v1,188,0.7073552425665102,188,0.7073552425665102,198,0.6917057902973396,^TWII,yfinance,2y,2026-09-23,scan_20260924_160449,False,True
True,0,0.03333155314127606,-0.5833346048990884,True,False,買入 (動能增強),82.80000305175781,2026-09-23 00:00:00,82.82499961853027,0.03500022888182741,False,False,0.9200920054266692,False,0.0017193659498626977,66.3669018762004,0.001782825097955046,0.0019193708250620557,-0.3732825722532418,-1.1267895857524857,-5.398611727497704,-0.3732825722532418,False,False,False,False,False,False,0.0,False,-0.22825335889238663,中性,6191.TW,精成科,2,v1,phase6a,2026-07-12,0,2,3,2,2,2,v1,202,0.6854460093896714,202,0.6854460093896714,211,0.6713615023474179,^TWII,yfinance,2y,2026-09-23,scan_20260924_160449,False,False
True,0,-0.15333382288614905,-0.15166711807250974,True,False,賣出 (動能轉弱),9.9399995803833,2026-09-23 00:00:00,10.060999965667724,-0.010500001907349343,False,False,1.643783990746699,True,0.00020640695881952295,36.14267222175226,0.00021544018916563258,0.00022535789268949744,-0.4394203586402856,-1.5929977221215696,-4.240359108677594,-0.4394203586402856,False,False,False,False,False,False,0.0,False,-0.08387103862600587,中性,1324.TW,地球,0,v1,phase6a,2026-07-12,0,0,0,0,0,0,v1,468,0.26917057902973396,468,0.26917057902973396,470,0.26604068857589985,^TWII,yfinance,2y,2026-09-23,scan_20260924_160449,False,False
True,0,-0.6250003178914387,-0.6666669845581055,True,False,觀察 (跌勢收斂),25.299999237060547,2026-09-23 00:00:00,25.85499973297119,-0.01750001907348775,True,False,0.23389214063934416,False,0.0005253617828076957,25.78715684605969,0.0005524752184372453,0.0005766219532594668,-0.513937593289937,-1.757091602471883,-4.182681737278893,-0.513937593289937,False,False,False,False,False,False,0.0,False,-0.07495433695855103,中性,7782.TWO,光速火箭,1,v1,phase6a,2026-07-12,0,1,1,1,1,1,v1,427,0.3333333333333333,427,0.3333333333333333,428,0.3317683881064163,^TWII,yfinance,2y,2026-09-23,scan_20260924_160449,False,False
False,0,0.20833269755045575,-0.04166730244954428,False,True,強烈買入 (爆發),37.0,2026-09-23 00:00:00,36.61749954223633,0.022500038146972656,False,True,1.1546465495801703,False,0.0007683156739155369,36.205659719913044,0.0007885337693357561,0.0008311873892858897,-0.2691694551804069,-0.8331003201311193,-4.4670766953631595,-0.2691694551804069,False,False,False,False,False,False,0.01959369031120798,False,-0.09866015377179704,中性,2387.TW,精元,3,v1,phase6a,2026-07-12,0,3,5,3,3,3,v1,35,0.94679186228482,35,0.94679186228482,57,0.9123630672926447,^TWII,yfinance,2y,2026-09-23,scan_20260924_160449,False,False
True,0,1.3499984741210938,1.1833305358886719,True,False,買入 (動能增強),70.80000305175781,2026-09-23 00:00:00,69.88999938964844,0.04500007629394531,False,True,0.5435831012592341,False,0.0014701824880522533,43.48389634710008,0.0015047346898212684,0.001510800805728712,-0.2411258257394744,-0.5869517295781779,-2.5607454082948067,-0.2411258257394744,False,False,False,False,False,True,0.2838691554144121,False,-0.050938277481084815,中性,2636.TW,台驊控股,3,v1,phase6a,2026-07-12,0,3,5,3,3,3,v1,38,0.9420970266040689,38,0.9420970266040689,59,0.9092331768388107,^TWII,yfinance,2y,2026-09-23,scan_20260924_160449,True,False
True,1,2.333333333333333,1.6666666666666663,True,False,買入 (動能增強),254.5,2026-09-23 00:00:00,254.375,0.41999969482421307,False,True,0.48921915793575255,False,0.005284765919229841,70.61190267790955,0.005437635666920718,0.005521231480876191,-0.2950560550872505,-0.4596203042051217,0.019024461238159596,-0.2950560550872505,False,False,False,False,False,True,0.17878167777596032,False,-0.2413351225892283,中性,2428.TW,興勤,2,v1,phase6a,2026-07-12,0,2,4,2,2,2,v1,111,0.8278560250391236,111,0.8278560250391236,133,0.7934272300469484,^TWII,yfinance,2y,2026-09-23,scan_20260924_160449,False,False
True,1,0.33333396911621094,0.2999998728434245,True,False,買入 (動能增強),38.400001525878906,2026-09-23 00:00:00,37.92000045776367,0.03500003814696839,False,True,0.4308453269170339,False,0.0007973871094787377,46.278941650296346,0.0008149865972077795,0.0008473928034062069,-0.22679833591457976,-0.49201808316339246,-2.3339622438949714,-0.22679833591457976,False,False,False,False,False,True,0.15532750715549368,False,-0.12428727794502903,中性,6101.TWO,寬魚國際,2,v1,phase6a,2026-07-12,0,2,4,2,2,2,v1,196,0.6948356807511737,196,0.6948356807511737,206,0.6791862284820032,^TWII,yfinance,2y,2026-09-23,scan_20260924_160449,False,False
True,0,-0.20833333333333331,-0.20833333333333331,True,False,賣出 (動能轉弱),37.75,2026-09-23 00:00:00,37.92750015258789,-0.020000076293946734,False,False,0.9142464789849252,False,0.0007838896402786896,41.49635157013102,0.0008143271774687571,0.0008419050964470766,-0.3919057232788514,-1.35534873044717,-4.417350446502222,-0.3919057232788514,False,False,False,False,False,False,0.0,False,-0.03452681654232315,中性,6790.TW,永豐實,0,v1,phase6a,2026-07-12,0,0,0,0,0,0,v1,593,0.07355242566510173,593,0.07355242566510173,593,0.07355242566510173,^TWII,yfinance,2y,2026-09-23,scan_20260924_160449,False,False
True,0,0.016666571299235024,-0.016666730244954433,True,False,買入 (動能增強),13.899999618530273,2026-09-23 00:00:00,13.932499980926513,-0.012500000000001066,False,False,0.5266541199067513,False,0.0002886375020091025,36.01003033625809,0.0002988008761880225,0.0003036516849403402,-0.35676337932518676,-1.0420012306406212,-3.313865857296505,-0.35676337932518676,False,False,False,False,False,False,0.17081537682058368,False,-0.01766784499927543,中性,3266.TW,昇陽,2,v1,phase6a,2026-07-12,0,2,2,2,2,2,v1,144,0.7762128325508607,144,0.7762128325508607,159,0.7527386541471048,^TWII,yfinance,2y,2026-09-23,scan_20260924_160449,False,False
True,1,0.05000019073486328,-0.041666348775227846,True,False,買入 (動能增強),16.049999237060547,2026-09-23 00:00:00,15.905000019073487,-0.0025000572204589844,False,True,1.2407363650033296,False,0.00033328286432881155,35.36328625983912,0.0003421809103665663,0.00035832587010894957,-0.27297829381942584,-1.1608219438100087,-4.6399256679455,-0.27297829381942584,False,False,False,False,False,False,0.027297445675887096,False,-0.033132598299403404,中性,3164.TW,景岳,2,v1,phase6a,2026-07-12,0,2,3,2,2,2,v1,143,0.7777777777777778,143,0.7777777777777778,158,0.7543035993740219,^TWII,yfinance,2y,2026-09-23,scan_20260924_160449,False,False
True,0,-1.183333079020182,-2.083333333333333,True,False,觀察 (跌勢收斂),63.79999923706055,2026-09-23 00:00:00,62.589999771118165,0.039999961853027344,False,True,1.3511861083671606,False,0.0013248253894495381,42.07774049586493,0.0013469272339181623,0.0015181615616080954,-0.17242938584747236,-0.8763644744698929,-6.74514143105398,-0.17242938584747236,False,False,False,False,False,True,0.04352249307460615,False,-0.274739692196039,中性,6735.TWO,美達科技,1,v1,phase6a,2026-07-12,0,1,3,1,1,1,v1,413,0.35524256651017216,413,0.35524256651017216,414,0.3536776212832551,^TWII,yfinance,2y,2026-09-23,scan_20260924_160449,False,False
True,0,1.6166667938232422,1.0,True,False,買入 (動能增強),43.75,2026-09-23 00:00:00,42.18499984741211,0.3374999999999986,False,True,0.8354125243537054,False,0.0009084813711839119,36.71865515985566,0.0008879640794396794,0.0008948936744118533,0.24381398500081808,1.9219952589699663,16.211627869026035,0.24381398500081808,True,True,False,False,False,True,0.7264566392132947,False,-0.061158767541673154,偏強 (RS上升),4927.TW,泰鼎-KY,2,v1,phase6a,2026-07-12,1,3,4,3,2,3,v1,177,0.7245696400625978,177,0.7245696400625978,91,0.8591549295774648,^TWII,yfinance,2y,2026-09-23,scan_20260924_160449,False,False
True,0,13.999999999999998,5.166666666666665,True,False,買入 (動能增強),893.0,2026-09-23 00:00:00,856.8,1.9499999999999318,False,True,1.72398018894495,True,0.0185434026163939,131.58452958904184,0.018717302003641825,0.020819717642405464,-0.09770272433673455,-1.0605783185624884,-10.712297079478272,-0.09770272433673455,False,False,False,False,False,True,0.055924755098196596,False,-0.3777003484320558,中性,5536.TWO,聖暉*,2,v1,phase6a,2026-07-12,0,2,4,2,2,2,v1,193,0.6995305164319249,193,0.6995305164319249,203,0.6838810641627543,^TWII,yfinance,2y,2026-09-23,scan_20260924_160449,False,False
True,0,0.5999991099039713,0.5333321889241536,True,False,買入 (動能增強),53.099998474121094,2026-09-23 00:00:00,52.494999694824216,0.04499988555907919,False,True,0.6628708828029011,False,0.0011026367868259008,79.02801837955326,0.0011342776175393523,0.001175494281717282,-0.2927733526952747,-1.016256683298522,-5.330468458718141,-0.2927733526952747,False,False,False,False,False,False,0.018006455305167403,False,-0.13260524957846453,中性,2414.TW,精技,3,v1,phase6a,2026-07-12,0,3,5,3,3,3,v1,36,0.945226917057903,36,0.945226917057903,58,0.9107981220657277,^TWII,yfinance,2y,2026-09-23,scan_20260924_160449,True,False
True,0,-0.1916666030883789,-0.21666653951009113,True,False,觀察 (跌勢收斂),21.200000762939453,2026-09-23 00:00:00,21.35500011444092,-0.01249999999999929,False,False,0.5757383844780932,False,0.00044022413170777627,47.74791630783304,0.00045723707066316546,0.0004655644344649812,-0.39013655918725965,-1.4118422291250265,-3.390123195084882,-0.39013655918725965,False,False,False,False,False,False,0.10899232569656425,False,-0.02078516690622323,中性,9905.TW,大華,1,v1,phase6a,2026-07-12,0,1,1,1,1,1,v1,455,0.2895148669796557,455,0.2895148669796557,456,0.28794992175273865,^TWII,yfinance,2y,2026-09-23,scan_20260924_160449,False,False
True,0,0.2166668574015299,0.08333365122477214,True,False,買入 (動能增強),12.100000381469727,2026-09-23 00:00:00,11.844999933242798,0.01500000953674352,False,True,1.671348585460553,True,0.0002512599985801937,31.842986391758895,0.00025545671514686484,0.0002688864472411308,-0.17263082125335005,-0.4860462034313229,-3.7294887587484338,-0.17263082125335005,False,False,False,False,False,True,0.1309051579216754,False,-0.09701487119916297,中性,8201.TW,無敵,2,v1,phase6a,2026-07-12,0,2,4,2,2,2,v1,246,0.6165884194053208,246,0.6165884194053208,250,0.6103286384976526,^TWII,yfinance,2y,2026-09-23,scan_20260924_160449,False,False
True,1,-1.25,-1.5833333333333333,True,False,觀察 (跌勢收斂),172.0,2026-09-23 00:00:00,173.425,-0.3499999999999943,False,False,0.3426797906277678,False,0.003571629619283036,87.69708940133499,0.0037483718810862286,0.0039713782740394285,-0.4938828116384353,-1.7423612455694681,-8.722332538551214,-0.4938828116384353,False,False,False,False,False,False,0.0,False,-0.31610337972167,中性,2645.TW,長榮航太,1,v1,phase6a,2026-07-12,0,1,1,1,1,1,v1,311,0.514866979655712,311,0.514866979655712,319,0.5023474178403756,^TWII,yfinance,2y,2026-09-23,scan_20260924_160449,False,False
True,1,-0.058333396911621094,-0.03333314259847005,True,False,賣出 (動能轉弱),22.549999237060547,2026-09-23 00:00:00,22.739999771118164,-0.01750001907348775,True,False,1.0941096403691895,False,0.00046825723947613556,43.979160917128404,0.0004884885103351547,0.0005096632888054308,-0.43406620783178473,-1.3913961421871957,-4.63890409999097,-0.43406620783178473,False,False,False,False,False,False,0.0,False,-0.028017306228594774,中性,8401.TWO,白紗科,0,v1,phase6a,2026-07-12,0,0,0,0,0,0,v1,618,0.03442879499217527,618,0.03442879499217527,618,0.03442879499217527,^TWII,yfinance,2y,2026-09-23,scan_20260924_160449,False,False
True,1,-0.17500019073486325,-0.3166669209798177,True,False,觀察 (跌勢收斂),23.649999618530273,2026-09-23 00:00:00,23.727499771118165,-0.047500038146971235,False,False,0.9941764204295607,False,0.0004910990647300885,43.29754395175643,0.0005101347166333791,0.0005256291163429981,-0.391252161552591,-1.4399424330288402,-6.104141651440509,-0.391252161552591,False,False,False,False,False,False,0.05951451374413974,False,-0.16431094501376597,中性,2910.TW,統領,2,v1,phase6a,2026-07-12,0,2,2,2,2,2,v1,129,0.7996870109546166,129,0.7996870109546166,147,0.7715179968701096,^TWII,yfinance,2y,2026-09-23,scan_20260924_160449,True,False
True,0,0.33333396911621094,0.29166730244954425,True,False,買入 (動能增強),35.95000076293945,2026-09-23 00:00:00,35.16500015258789,0.03750000000000142,False,True,1.5398273252888761,True,0.0007465121368497808,41.97843323209535,0.0007527387321568565,0.0007570689533559882,-0.08699710150859019,-0.5341230719635104,0.051304557071207846,-0.08699710150859019,False,False,False,False,False,False,0.404715473976373,False,0.0,中性,1102.TW,亞泥,2,v1,phase6a,2026-07-12,0,2,4,2,2,2,v1,70,0.892018779342723,70,0.892018779342723,99,0.8466353677621283,^TWII,yfinance,2y,2026-09-23,scan_20260924_160449,False,False
True,1,0.8333333333333335,1.5,True,False,觀望 (動能減弱),227.5,2026-09-23 00:00:00,232.075,1.0249999999999773,False,False,0.6141674683422202,False,0.004724103130156342,254.47628390884176,0.004854305865711537,0.004346639444242791,-0.2815431176621863,1.0013352401417874,16.124636612303146,-0.2815431176621863,False,True,True,False,False,False,0.6906858475743227,False,-0.06762295081967218,中性,1303.TW,南亞,0,v1,phase6a,2026-07-12,0,0,1,0,0,0,v1,465,0.27386541471048514,465,0.27386541471048514,467,0.27073552425665104,^TWII,yfinance,2y,2026-09-23,scan_20260924_160449,False,False
True,0,-0.12500031789143878,-0.16666698455810544,True,False,觀察 (跌勢收斂),22.25,2026-09-23 00:00:00,22.237499904632568,-0.01750001907348775,False,True,0.4161602209525689,False,0.0004620276687735323,43.37422238060906,0.0004772367202958576,0.0004908918782360334,-0.3343414442519399,-1.1753687177819772,-3.9412463394485675,-0.3343414442519399,False,False,False,False,False,False,0.0,False,-0.024122774362489663,中性,2903.TW,遠百,1,v1,phase6a,2026-07-12,0,1,2,1,1,1,v1,317,0.5054773082942097,317,0.5054773082942097,325,0.49295774647887325,^TWII,yfinance,2y,2026-09-23,scan_20260924_160449,False,False
True,0,-2.833333333333333,0.08333333333333348,True,False,賣出 (動能轉弱),274.0,2026-09-23 00:00:00,283.925,0.025000000000034106,False,False,0.547373778883028,False,0.0056896890446718135,182.47270231087907,0.005985110422545354,0.005648622516767361,-0.5168868861551656,-0.7398426664728008,6.487714973063308,-0.5168868861551656,False,True,True,False,False,False,0.6231986330987395,False,-0.1217948717948718,中性,3006.TW,晶豪科,0,v1,phase6a,2026-07-12,0,0,1,0,0,0,v1,518,0.19092331768388107,518,0.19092331768388107,519,0.18935837245696402,^TWII,yfinance,2y,2026-09-23,scan_20260924_160449,False,False
True,0,-1.6916669209798176,-1.9249998728434243,True,False,觀察 (跌勢收斂),50.099998474121094,2026-09-23 00:00:00,48.384999656677245,0.004999923706051845,False,True,1.6053345187773467,True,0.0010403409213732896,90.91028488031542,0.0010342918449854667,0.0010797189546758864,0.061601290688306776,-0.9530316748370682,-4.18104814745317,0.061601290688306776,True,False,False,False,False,True,0.12529315191912355,False,-0.2406603531624606,中性,3221.TWO,台嘉碩,1,v1,phase6a,2026-07-12,0,1,3,1,1,1,v1,326,0.49139280125195617,326,0.49139280125195617,333,0.48043818466353677,^TWII,yfinance,2y,2026-09-23,scan_20260924_160449,False,False
True,2,-0.028333346048990887,-0.03166667620340983,True,False,觀察 (跌勢收斂),6.010000228881836,2026-09-23 00:00:00,6.024500107765197,-0.000499987602234242,True,False,1.4892694532819775,False,0.00012479938854286158,26.789209485883095,0.00012928809865739836,0.00013446204195087375,-0.36412888173052993,-1.3329301995607223,-4.003450894724503,-0.36412888173052993,False,False,False,False,False,False,0.0,False,-0.027508026566157362,中性,6264.TWO,富裔,1,v1,phase6a,2026-07-12,0,1,1,1,1,1,v1,396,0.38184663536776214,396,0.38184663536776214,398,0.37871674491392804,^TWII,yfinance,2y,2026-09-23,scan_20260924_160449,False,False
True,1,0.03333346048990883,-0.10833295186360672,True,False,買入 (動能增強),49.29999923706055,2026-09-23 00:00:00,49.854999732971194,-0.04500007629394531,False,False,1.441538409790929,False,0.0010237287064285845,42.21827586637117,0.001072140550785419,0.0011329041426297259,-0.4730607859803171,-1.1438600402805643,-4.929015619784128,-0.4730607859803171,False,False,False,False,False,False,0.0,False,-0.1221746801677226,中性,6899.TWO,創為精密,2,v1,phase6a,2026-07-12,0,2,2,2,2,2,v1,233,0.6369327073552425,233,0.6369327073552425,238,0.6291079812206573,^TWII,yfinance,2y,2026-09-23,scan_20260924_160449,False,False
True,0,29.416666666666664,24.166666666666664,True,False,買入 (動能增強),497.0,2026-09-23 00:00:00,463.725,4.600000000000023,False,True,0.8332424007723919,False,0.010320348376649238,171.01717610975066,0.009833385699170385,0.009445671822955888,0.5240090625050042,3.726771507149551,18.280662884353703,0.5240090625050042,True,True,True,False,False,True,0.9286749943908611,False,-0.007984031936127733,偏強 (RS上升),3105.TWO,穩懋,2,v1,phase6a,2026-07-12,2,4,4,4,2,4,v1,140,0.7824726134585289,140,0.7824726134585289,47,0.9280125195618153,^TWII,yfinance,2y,2026-09-23,scan_20260924_160449,False,False
True,0,-0.21666590372721373,-1.0666669209798176,True,False,觀察 (跌勢收斂),73.30000305175781,2026-09-23 00:00:00,72.87999992370605,0.09000015258789062,False,True,0.6132742462709935,False,0.0015220957092627625,77.9527753735963,0.001538811276076598,0.001567492751714114,-0.11421307855891127,0.8562074322506774,8.195809274274502,-0.11421307855891127,False,False,False,False,False,True,0.587154192785334,False,-0.054193509009576646,中性,6499.TWO,益安,1,v1,phase6a,2026-07-12,1,2,3,2,1,2,v1,403,0.37089201877934275,403,0.37089201877934275,259,0.596244131455399,^TWII,yfinance,2y,2026-09-23,scan_20260924_160449,False,False
True,0,1.75,2.833333333333333,True,False,觀望 (動能減弱),341.5,2026-09-23 00:00:00,338.725,0.4500000000000455,False,True,0.6534053255995657,False,0.007091346017355563,67.74871269416215,0.007246706155011919,0.007355691877960952,-0.22516265912788658,-0.2350655940343449,0.4101878246209445,-0.22516265912788658,False,False,False,False,False,False,0.2508636342406091,False,-0.06540775669321741,中性,2382.TW,廣達,0,v1,phase6a,2026-07-12,0,0,2,0,0,0,v1,493,0.2300469483568075,493,0.2300469483568075,495,0.2269170579029734,^TWII,yfinance,2y,2026-09-23,scan_20260924_160449,False,False
True,0,4.166666666666666,1.2500000000000002,True,False,買入 (動能增強),197.0,2026-09-23 00:00:00,179.75,1.4499999999999886,False,True,2.1247321006434254,True,0.0040907618313881285,106.40887563827194,0.0038685493524256024,0.003945718614205032,0.608317885018117,0.19653107683865745,-0.12511104738689438,0.608317885018117,True,True,False,False,False,True,0.2683246334161035,False,-0.2858016577935326,偏強 (RS上升),6693.TWO,廣閎科,3,v1,phase6a,2026-07-12,1,4,5,4,3,4,v1,57,0.9123630672926447,57,0.9123630672926447,40,0.9389671361502347,^TWII,yfinance,2y,2026-09-23,scan_20260924_160449,True,False
True,0,-0.11666742960611978,-0.5333340962727865,True,False,觀察 (跌勢收斂),41.25,2026-09-23 00:00:00,41.08249988555908,-0.01000003814697692,False,True,0.38097080695043845,False,0.0008565681499734026,48.522315888647555,0.0008797465787213196,0.0009453242714050884,-0.27656678545346924,-0.29894684722435727,-2.497992228333834,-0.27656678545346924,False,False,False,False,False,False,0.14962844375612755,False,-0.09240925615922524,中性,3701.TW,大眾控,1,v1,phase6a,2026-07-12,0,1,2,1,1,1,v1,345,0.4616588419405321,345,0.4616588419405321,351,0.4522691705790297,^TWII,yfinance,2y,2026-09-23,scan_20260924_160449,False,False
True,0,8.881784197001252e-16,-15.166666666666668,True,False,買入 (動能增強),541.0,2026-09-23 00:00:00,529.6,-2.1000000000000227,False,True,0.6554967100555976,False,0.0112340210699542,352.97235616737817,0.011093374818136794,0.009782158116443977,0.13363519551541359,0.08442971190987247,10.134601404219001,0.13363519551541359,True,True,True,False,False,True,0.778931489956005,False,-0.07204116638078906,偏強 (RS上升),6213.TW,聯茂,2,v1,phase6a,2026-07-12,2,4,3,4,2,4,v1,204,0.6823161189358372,204,0.6823161189358372,52,0.92018779342723,^TWII,yfinance,2y,2026-09-23,scan_20260924_160449,False,False
False,0,-4.333333333333333,-0.7500000000000004,False,True,強烈賣出 (跌破),180.0,2026-09-23 00:00:00,184.95,-0.10000000000002274,False,False,0.4399317380062567,False,0.0037377519271566658,87.69634955155736,0.003949824050698835,0.00388087577567737,-0.5619978061477071,-1.3418028880637256,-1.5785083728998894,-0.5619978061477071,False,False,True,False,False,False,0.4311580621353625,False,-0.09090909090909094,中性,3231.TW,緯創,0,v1,phase6a,2026-07-12,0,0,0,0,0,0,v1,527,0.17683881064162754,527,0.17683881064162754,528,0.1752738654147105,^TWII,yfinance,2y,2026-09-23,scan_20260924_160449,False,False
False,0,0.43333339691162104,0.17500019073486328,False,True,強烈買入 (爆發),11.649999618530273,2026-09-23 00:00:00,10.495000076293945,0.049999999999998934,False,True,5.271974154985783,True,0.0002419156029196442,34.89773213248724,0.00022680875373676728,0.00023207545904095316,0.7060673229076109,0.579684363431543,-1.2712312237542545,0.7060673229076109,True,True,False,False,False,True,0.8198559250815259,False,0.0,偏強 (RS上升),2104.TW,國際中橡,3,v1,phase6a,2026-07-12,1,4,5,4,3,4,v1,31,0.9530516431924883,31,0.9530516431924883,30,0.9546165884194053,^TWII,yfinance,2y,2026-09-23,scan_20260924_160449,False,False
True,0,0.13333129882812497,0.06666437784830727,True,False,買入 (動能增強),90.0,2026-09-23 00:00:00,89.31499977111817,0.009999847412117902,False,True,1.9291912607635888,True,0.0018688759635783329,48.83235760447527,0.0019157250570208696,0.0019628534541167907,-0.25676030129142546,-0.9468479894809922,-2.7155019516444168,-0.25676030129142546,False,False,False,False,False,False,0.0,False,-0.0055248618784530246,中性,2114.TW,鑫永銓,2,v1,phase6a,2026-07-12,0,2,4,2,2,2,v1,100,0.8450704225352113,100,0.8450704225352113,126,0.8043818466353677,^TWII,yfinance,2y,2026-09-23,scan_20260924_160449,False,False
True,0,-0.25000063578287757,-0.5833339691162109,True,False,觀察 (跌勢收斂),50.20000076293945,2026-09-23 00:00:00,50.1850004196167,-0.06499996185302592,False,True,0.804900419931419,False,0.0010424174977496836,57.09692848177234,0.0010854851455643017,0.0011876831724653332,-0.4159045255002547,-1.2849093582937399,-8.603333164287363,-0.4159045255002547,False,False,False,False,False,False,0.0,False,-0.2331551903396274,中性,3694.TW,海華,1,v1,phase6a,2026-07-12,0,1,2,1,1,1,v1,344,0.46322378716744916,344,0.46322378716744916,350,0.4538341158059468,^TWII,yfinance,2y,2026-09-23,scan_20260924_160449,False,False
True,0,-1.7416667938232422,-2.1583331425984698,True,False,觀察 (跌勢收斂),27.899999618530273,2026-09-23 00:00:00,28.062499904632567,0.09499998092651296,False,False,0.36013495583608174,False,0.0005793515407879543,37.65241074487696,0.0005877219200290531,0.000610261916132225,-0.14969215801859947,-1.6841929910577313,3.332609836086897,-0.14969215801859947,False,False,False,False,False,False,0.3155862007330142,False,-0.07000001271565759,中性,5543.TWO,桓鼎-KY,1,v1,phase6a,2026-07-12,0,1,2,1,1,1,v1,377,0.41158059467918623,377,0.41158059467918623,380,0.40688575899843504,^TWII,yfinance,2y,2026-09-23,scan_20260924_160449,False,False
True,2,-0.016666889190673828,-1.589457194056676e-07,True,False,賣出 (動能轉弱),15.5,2026-09-23 00:00:00,15.617500019073486,-0.007499980926514382,False,False,0.29177273821420496,False,0.00032186197150515735,23.444582446873273,0.00033622569731373133,0.000351287999084826,-0.4476761933831619,-1.3693927060031141,-5.376917474695642,-0.4476761933831619,False,False,False,False,False,False,0.0,False,-0.08554576387452595,中性,1539.TW,巨庭,0,v1,phase6a,2026-07-12,0,0,0,0,0,0,v1,473,0.26134585289514867,473,0.26134585289514867,475,0.25821596244131456,^TWII,yfinance,2y,2026-09-23,scan_20260924_160449,False,False
False,0,-15.999999999999998,-17.083333333333332,False,True,強烈賣出 (跌破),210.5,2026-09-23 00:00:00,222.45,-0.07500000000001705,True,False,0.3648381579941853,False,0.004371093225924879,63.20079986851035,0.004725793555600875,0.005309162327003682,-0.783872651354578,-3.2173666509642818,-8.301668828058496,-0.783872651354578,False,False,False,False,False,False,0.0,False,-0.40198863636363635,中性,6449.TW,鈺邦,0,v1,phase6a,2026-07-12,0,0,0,0,0,0,v1,575,0.10172143974960876,575,0.10172143974960876,575,0.10172143974960876,^TWII,yfinance,2y,2026-09-23,scan_20260924_160449,False,False
True,0,-0.2833334604899088,-0.6583334604899088,True,False,觀察 (跌勢收斂),20.799999237060547,2026-09-23 00:00:00,19.612499809265138,0.05499992370605611,False,True,2.14641591903459,True,0.0004319179846287791,55.49983347755242,0.0004148607713953283,0.00039844473512034423,0.43467612441709935,-0.040150227006297,4.787651647346292,0.43467612441709935,True,True,True,False,False,True,0.9540090739235458,False,0.0,偏強 (RS上升),4413.TWO,飛寶企業,1,v1,phase6a,2026-07-12,1,2,3,2,1,2,v1,350,0.4538341158059468,350,0.4538341158059468,257,0.5993740219092332,^TWII,yfinance,2y,2026-09-23,scan_20260924_160449,False,False
True,0,-0.09166653951009116,-0.17499955495198566,True,False,觀察 (跌勢收斂),28.0,2026-09-23 00:00:00,27.830000019073488,0.010000038146973367,False,True,0.5659257203216679,False,0.0005814280775577036,37.58425435084842,0.0005967706360034164,0.0006031530247850988,-0.26989386750032596,-1.1437327029623967,-3.1744779402005707,-0.26989386750032596,False,False,False,False,False,False,0.2916949916531743,False,-0.03448275862068961,中性,6195.TWO,詩肯,1,v1,phase6a,2026-07-12,0,1,3,1,1,1,v1,391,0.38967136150234744,391,0.38967136150234744,393,0.3865414710485133,^TWII,yfinance,2y,2026-09-23,scan_20260924_160449,False,False
True,1,-2.083333333333333,-2.4166666666666665,True,False,觀察 (跌勢收斂),272.0,2026-09-23 00:00:00,275.35,-0.024999999999977263,False,False,0.3622886156824383,False,0.005648158467703406,125.57340834296996,0.005852820855665881,0.0057856203670251915,-0.36673601240291287,-0.999133449529177,1.1465865408933684,-0.36673601240291287,False,False,True,False,False,False,0.6310045986160855,False,-0.03374777975133214,中性,4967.TW,十銓,1,v1,phase6a,2026-07-12,0,1,1,1,1,1,v1,361,0.43661971830985913,361,0.43661971830985913,365,0.4303599374021909,^TWII,yfinance,2y,2026-09-23,scan_20260924_160449,False,False
True,2,-0.01666609446207682,-0.024999936421712235,True,False,觀察 (跌勢收斂),24.450000762939453,2026-09-23 00:00:00,24.47750005722046,0.0025000572204589844,False,False,0.7261460736014955,False,0.0005077113192814383,37.00899602615272,0.0005261005812158262,0.0005469108675672372,-0.3665868820446838,-1.3226707968127416,-4.296609389999329,-0.3665868820446838,False,False,False,False,False,False,0.0,False,-0.05607063998153794,中性,8049.TWO,晶采,1,v1,phase6a,2026-07-12,0,1,2,1,1,1,v1,435,0.3208137715179969,435,0.3208137715179969,436,0.3192488262910798,^TWII,yfinance,2y,2026-09-23,scan_20260924_160449,False,False
True,1,-0.41666698455810547,-0.3666667938232422,True,False,賣出 (動能轉弱),21.149999618530273,2026-09-23 00:00:00,21.377499961853026,-0.05749998092651509,False,False,0.6985229516160708,False,0.0004391858435195793,24.317366641053717,0.00045913117123645865,0.00048571555188091375,-0.4551969923980548,-1.8976672927227045,-6.321268784824885,-0.4551969923980548,False,False,False,False,False,False,0.0,False,-0.08242948726329635,中性,2722.TW,夏都,0,v1,phase6a,2026-07-12,0,0,0,0,0,0,v1,513,0.19874804381846636,513,0.19874804381846636,514,0.19718309859154928,^TWII,yfinance,2y,2026-09-23,scan_20260924_160449,False,False
True,1,-0.06833322842915852,-0.07999984423319498,True,False,觀察 (跌勢收斂),4.829999923706055,2026-09-23 00:00:00,4.881500005722046,-0.00900001525878924,True,False,1.8574242215453873,True,0.00010029634179443808,26.593680771537716,0.00010468004657604651,0.00010980028757961911,-0.4388777562205015,-1.6049129588418976,-5.160907912949753,-0.4388777562205015,False,False,False,False,False,False,0.0,False,-0.08867929247444828,中性,5907.TW,大洋-KY,1,v1,phase6a,2026-07-12,0,1,1,1,1,1,v1,382,0.40375586854460094,382,0.40375586854460094,385,0.39906103286384975,^TWII,yfinance,2y,2026-09-23,scan_20260924_160449,False,False
True,0,-7.416666666666666,-8.833333333333332,True,False,觀察 (跌勢收斂),165.0,2026-09-23 00:00:00,167.1,-0.025000000000005684,True,False,0.35586420117497747,False,0.0034262725998936102,132.69184287803503,0.0035636425444219235,0.003890086701499407,-0.4041246444156599,-1.9825057222099707,-5.424584804033605,-0.4041246444156599,False,False,False,False,False,False,0.12848138157128064,False,-0.5147058823529411,中性,3090.TW,日電貿,1,v1,phase6a,2026-07-12,0,1,1,1,1,1,v1,324,0.4945226917057903,324,0.4945226917057903,331,0.4835680751173709,^TWII,yfinance,2y,2026-09-23,scan_20260924_160449,False,False
True,2,-0.06666692097981769,-0.05000050862630208,True,False,賣出 (動能轉弱),40.900001525878906,2026-09-23 00:00:00,40.972500038146975,0.002500152587892046,False,False,0.3811480369446792,False,0.0008493003306892469,37.89211696434614,0.0008774467016129351,0.0009065795244217684,-0.3365224889580021,-1.065937578388898,-2.3480404318146797,-0.3365224889580021,False,False,False,False,False,False,0.0,False,-0.009685174783797601,中性,8916.TWO,光隆,0,v1,phase6a,2026-07-12,0,0,1,0,0,0,v1,629,0.017214397496087636,629,0.017214397496087636,629,0.017214397496087636,^TWII,yfinance,2y,2026-09-23,scan_20260924_160449,False,False
True,0,0.5,0.6500008900960286,True,False,觀望 (動能減弱),45.099998474121094,2026-09-23 00:00:00,45.78250007629394,-0.03750000000000142,False,False,1.1657301248410612,False,0.0009365144789522711,20.875965814783754,0.0009757422037064434,0.0009805234535227756,-0.42140570946088696,-0.5789604982722962,1.72981359570068,-0.42140570946088696,False,False,False,False,False,False,0.4924668821331258,False,-0.03322621652858804,中性,8442.TW,威宏-KY,0,v1,phase6a,2026-07-12,0,0,0,0,0,0,v1,621,0.0297339593114241,621,0.0297339593114241,621,0.0297339593114241,^TWII,yfinance,2y,2026-09-23,scan_20260924_160449,False,False
True,1,-0.21666717529296872,-0.25000063578287757,True,False,觀察 (跌勢收斂),56.099998474121094,2026-09-23 00:00:00,56.15,-0.05000000000000426,True,False,0.6145404604505312,False,0.0011649326522785118,48.34810141651985,0.0012060486675908187,0.0012436196604715382,-0.35757477171737273,-1.3786885714939912,-4.522447289071552,-0.35757477171737273,False,False,False,False,False,False,0.0,False,-0.029411778293751856,中性,1720.TW,生達,1,v1,phase6a,2026-07-12,0,1,1,1,1,1,v1,276,0.5696400625978091,276,0.5696400625978091,284,0.5571205007824727,^TWII,yfinance,2y,2026-09-23,scan_20260924_160449,False,False
True,1,0.5833326975504557,0.5833333333333333,True,False,觀望 (動能減弱),63.70000076293945,2026-09-23 00:00:00,63.529999542236325,0.005000114440917969,False,True,0.5055766615132852,False,0.0013227488922864334,43.965858759661494,0.0013633728037378819,0.0013774824693017483,-0.3126680303176754,-0.8758992954143285,-2.326805679955768,-0.3126680303176754,False,False,False,False,False,False,0.16752853340147322,False,-0.01697534316379201,中性,2206.TW,三陽工業,0,v1,phase6a,2026-07-12,0,0,2,0,0,0,v1,485,0.24256651017214398,485,0.24256651017214398,487,0.23943661971830985,^TWII,yfinance,2y,2026-09-23,scan_20260924_160449,False,False
True,0,-2.833333333333333,-3.666666666666666,True,False,觀察 (跌勢收斂),119.5,2026-09-23 00:00:00,121.475,-0.125,False,False,0.43020526097565204,False,0.002481451973862342,109.62902665774689,0.0026068609309901356,0.0028310359635520116,-0.5038408820544737,-2.1343914149754117,-7.815549001462941,-0.5038408820544737,False,False,False,False,False,False,0.0,False,-0.4922890884077562,中性,2478.TW,大毅,1,v1,phase6a,2026-07-12,0,1,1,1,1,1,v1,302,0.5289514866979655,302,0.5289514866979655,310,0.5164319248826291,^TWII,yfinance,2y,2026-09-23,scan_20260924_160449,False,False
True,0,7.0,2.1666666666666665,True,False,買入 (動能增強),198.0,2026-09-23 00:00:00,181.875,0.625,False,True,2.722129999710203,True,0.004111527119872333,90.73553175940987,0.003919219993906463,0.003960062655888563,0.5191837409028732,0.0662916408191494,-2.397237446797895,0.5191837409028732,True,True,False,False,False,True,0.36704770177163787,False,-0.20481927710843373,偏強 (RS上升),3042.TW,晶技,3,v1,phase6a,2026-07-12,1,4,5,4,3,4,v1,40,0.9389671361502347,40,0.9389671361502347,35,0.94679186228482,^TWII,yfinance,2y,2026-09-23,scan_20260924_160449,True,False
True,0,0.03333409627278644,-0.8999989827473959,True,False,買入 (動能增強),68.0999984741211,2026-09-23 00:00:00,68.44500007629395,-0.024999999999991473,False,False,0.5345838447366722,False,0.0014141161140889561,92.7432124687079,0.0014644815324719633,0.0015300443825752134,-0.3607078342129255,-0.512644918845262,-2.369072162033836,-0.3607078342129255,False,False,False,False,False,False,0.030734298465289148,False,-0.1982972399555013,中性,6190.TWO,萬泰科,2,v1,phase6a,2026-07-12,0,2,2,2,2,2,v1,201,0.6870109546165885,201,0.6870109546165885,210,0.672926447574335,^TWII,yfinance,2y,2026-09-23,scan_20260924_160449,False,False
True,0,-0.8999996185302734,-1.1333332061767578,True,False,觀察 (跌勢收斂),60.70000076293945,2026-09-23 00:00:00,61.09499988555908,-0.10499992370605327,False,False,0.46406500587578536,False,0.0012604530268338224,29.96040492269904,0.0013133819531011045,0.00143389910235701,-0.42241567006927605,-1.311505549418368,-6.837027386609829,-0.42241567006927605,False,False,False,False,False,False,0.0,False,-0.31334841951139947,中性,3663.TWO,鑫科,1,v1,phase6a,2026-07-12,0,1,1,1,1,1,v1,342,0.46635367762128327,342,0.46635367762128327,348,0.4569640062597809,^TWII,yfinance,2y,2026-09-23,scan_20260924_160449,False,False
True,0,0.3260091145833332,-0.43131764729817695,True,False,買入 (動能增強),174.5,2026-09-23 00:00:00,172.95659332275392,0.07280197143555256,False,True,0.8330481072396423,False,0.0036235428404935454,59.39604564278111,0.003709444706708819,0.0037417510169518208,-0.24317152880745097,-0.7660255802042548,-2.401036640880494,-0.24317152880745097,False,False,False,False,False,False,0.2764020254131754,False,-0.013389260673802528,中性,1268.TWO,漢來美食,2,v1,phase6a,2026-07-12,0,2,4,2,2,2,v1,74,0.8857589984350548,74,0.8857589984350548,103,0.8403755868544601,^TWII,yfinance,2y,2026-09-23,scan_20260924_160449,False,False
True,0,0.4750000635782877,0.4583333333333333,True,False,買入 (動能增強),25.5,2026-09-23 00:00:00,25.002499961853026,0.04499998092651225,False,True,0.40909520923941534,False,0.0005295148563471944,42.07052989918622,0.0005387819602929331,0.0005676728969524896,-0.1807264790972929,-0.2848892093849309,-2.2147689067880116,-0.1807264790972929,False,False,False,False,False,True,0.09388183540838443,False,-0.06934305273658936,中性,6910.TWO,德鴻,2,v1,phase6a,2026-07-12,0,2,4,2,2,2,v1,235,0.6338028169014085,235,0.6338028169014085,240,0.6259780907668232,^TWII,yfinance,2y,2026-09-23,scan_20260924_160449,False,False
True,0,-2.583333333333333,-0.8333333333333333,True,False,賣出 (動能轉弱),151.0,2026-09-23 00:00:00,152.45,0.25,False,False,0.6414363137658315,False,0.0031355585611147585,42.31779083516373,0.0032532801501488308,0.0031941373285077897,-0.3794547219490796,-0.6268907108752497,0.46627066507158865,-0.3794547219490796,False,False,True,False,False,False,0.3079964570852833,False,-0.0801374114047897,中性,2377.TW,微星,1,v1,phase6a,2026-07-12,0,1,2,1,1,1,v1,296,0.5383411580594679,296,0.5383411580594679,304,0.5258215962441315,^TWII,yfinance,2y,2026-09-23,scan_20260924_160449,True,False
True,0,-0.14166704813639325,-0.31666755676269526,True,False,觀察 (跌勢收斂),33.150001525878906,2026-09-23 00:00:00,32.875000190734866,0.01750011444092081,False,True,0.5637954187232539,False,0.0006883693449366683,42.82790372459772,0.0007039257099395958,0.0007292796928044429,-0.23208580810445412,-0.7204368542058304,-2.224096750352733,-0.23208580810445412,False,False,False,False,False,False,0.16313363056942778,False,-0.051280318513817646,中性,8213.TW,志超,1,v1,phase6a,2026-07-12,0,1,3,1,1,1,v1,442,0.30985915492957744,442,0.30985915492957744,443,0.3082942097026604,^TWII,yfinance,2y,2026-09-23,scan_20260924_160449,False,False
True,0,0.1250003178914388,0.23333326975504556,True,False,觀望 (動能減弱),31.200000762939453,2026-09-23 00:00:00,31.152499771118165,0.03000001907348704,False,True,0.3101103546147861,False,0.0006478770165498132,42.30130952411543,0.0006682415678083135,0.000705899955658641,-0.31976197554557384,-0.19165433497233542,-1.2492846998690799,-0.31976197554557384,False,False,False,False,False,False,0.09928918180887264,False,-0.22916326788156804,中性,4526.TW,東台,0,v1,phase6a,2026-07-12,0,0,2,0,0,0,v1,541,0.15492957746478872,541,0.15492957746478872,541,0.15492957746478872,^TWII,yfinance,2y,2026-09-23,scan_20260924_160449,False,False
True,0,-0.04166666666666667,-0.12499968210856116,True,False,觀察 (跌勢收斂),25.75,2026-09-23 00:00:00,25.799999809265138,-0.01249999999999929,False,False,0.583695687306425,False,0.0005347061784682452,44.54478438577136,0.0005541811998061486,0.0005773952879939736,-0.36855218451096183,-1.4459298765052697,-5.173411404490058,-0.36855218451096183,False,False,False,False,False,False,0.07679621958384497,False,-0.08849557522123896,中性,1325.TW,恆大,2,v1,phase6a,2026-07-12,0,2,2,2,2,2,v1,78,0.8794992175273866,78,0.8794992175273866,107,0.8341158059467919,^TWII,yfinance,2y,2026-09-23,scan_20260924_160449,True,False
True,0,2.9999999999999996,2.2499999999999996,True,False,買入 (動能增強),127.0,2026-09-23 00:00:00,124.725,0.09999999999999432,False,True,0.5452317958100504,False,0.00263719163749387,70.84311178953314,0.0027063873301621973,0.0028166397241173595,-0.26840972574420086,-0.5860661547818502,-6.326073339088234,-0.26840972574420086,False,False,False,False,False,False,0.07795162376623982,False,-0.17532467532467533,中性,3088.TWO,艾訊,2,v1,phase6a,2026-07-12,0,2,4,2,2,2,v1,139,0.784037558685446,139,0.784037558685446,155,0.758998435054773,^TWII,yfinance,2y,2026-09-23,scan_20260924_160449,False,False
True,0,0.0733332633972168,-7.94728596958949e-08,True,False,買入 (動能增強),7.78000020980835,2026-09-23 00:00:00,7.612000036239624,0.0015000104904174805,False,True,1.017657488149944,False,0.0001615539487638357,26.74496289444314,0.00016451893958918025,0.0001743994381957815,-0.1893480075388254,-1.046975237501513,-6.470832384167613,-0.1893480075388254,False,False,False,False,False,True,0.06200439039223343,False,-0.13555553224351669,中性,4426.TW,利勤,2,v1,phase6a,2026-07-12,0,2,4,2,2,2,v1,166,0.7417840375586855,166,0.7417840375586855,179,0.7214397496087637,^TWII,yfinance,2y,2026-09-23,scan_20260924_160449,False,False
True,1,0.05833323796590169,0.016666571299235024,True,False,買入 (動能增強),14.199999809265137,2026-09-23 00:00:00,14.030000066757202,0.017499971389769442,False,True,2.3966287422359214,True,0.00029486709251502806,44.370945179034464,0.0003009978150387882,0.0003061845998268898,-0.2139412759517234,-0.8085584834069626,-2.203778625671704,-0.2139412759517234,False,False,False,False,False,False,0.0631609935750551,False,0.0,中性,6154.TWO,順發,2,v1,phase6a,2026-07-12,0,2,4,2,2,2,v1,200,0.6885758998435054,200,0.6885758998435054,209,0.6744913928012519,^TWII,yfinance,2y,2026-09-23,scan_20260924_160449,False,False
True,0,4.199999491373697,4.783332824707031,True,False,觀望 (動能減弱),100.5,2026-09-23 00:00:00,98.975,0.4650001525878906,False,True,0.2289543447308211,False,0.002086911492662472,75.24689752481387,0.0021175313705737385,0.0020042350411679805,-0.1519810529486687,0.5557120570792939,6.200169458242755,-0.1519810529486687,False,True,True,False,False,False,0.7664539802416312,False,-0.019512195121951237,中性,2637.TW,慧洋-KY,0,v1,phase6a,2026-07-12,0,0,2,0,0,0,v1,510,0.20344287949921752,510,0.20344287949921752,511,0.20187793427230047,^TWII,yfinance,2y,2026-09-23,scan_20260924_160449,False,False
True,1,-0.25,-0.16666666666666669,True,False,賣出 (動能轉弱),113.5,2026-09-23 00:00:00,113.325,-0.024999999999991473,False,True,2.436264896666164,True,0.00235686024295712,45.01196915350512,0.0024376754351228334,0.002523429451921897,-0.3477607675470229,-1.2887107279278442,-4.7867768205767325,-0.3477607675470229,False,False,False,False,False,False,0.0,False,-0.03663390899347363,中性,7747.TWO,昕奇雲端,0,v1,phase6a,2026-07-12,0,0,1,0,0,0,v1,607,0.051643192488262914,607,0.051643192488262914,607,0.051643192488262914,^TWII,yfinance,2y,2026-09-23,scan_20260924_160449,False,False
True,0,-8.75,-8.25,True,False,賣出 (動能轉弱),163.0,2026-09-23 00:00:00,166.675,0.575000000000017,False,False,0.30718602369902415,False,0.003384742022925203,85.94115079807433,0.0034886526577693673,0.003402644054827897,-0.3125497451651138,-0.21702249855739542,8.738729176699444,-0.3125497451651138,False,False,True,False,False,False,0.48636136821481196,False,-0.0919220055710307,中性,2421.TW,建準,0,v1,phase6a,2026-07-12,0,0,1,0,0,0,v1,495,0.2269170579029734,495,0.2269170579029734,497,0.2237871674491393,^TWII,yfinance,2y,2026-09-23,scan_20260924_160449,False,False
True,0,4.25,0.75,True,False,買入 (動能增強),166.0,2026-09-23 00:00:00,154.2,0.27499999999997726,False,True,2.554588989351122,True,0.003447037888377814,35.26855846838019,0.0033013583258566306,0.00332478683226252,0.466664044289522,0.9992816506020574,2.1536116357893764,0.466664044289522,True,True,False,False,False,True,0.38293881205667885,False,-0.20132545468534258,偏強 (RS上升),7712.TWO,博盛半導體,3,v1,phase6a,2026-07-12,1,4,5,4,3,4,v1,62,0.9045383411580594,62,0.9045383411580594,42,0.9358372456964006,^TWII,yfinance,2y,2026-09-23,scan_20260924_160449,True,False
True,0,0.6833318074544271,0.7333323160807291,True,False,觀望 (動能減弱),78.69999694824219,2026-09-23 00:00:00,78.42000045776368,0.025000000000005684,False,True,0.4683035610583289,False,0.0016342281403361998,47.67093595017022,0.0016867821347737236,0.0017302312596832589,-0.3268896301648949,-1.063638803178013,-3.56527996169006,-0.3268896301648949,False,False,False,False,False,False,0.0,False,-0.010062931468651781,中性,5609.TWO,中菲行,2,v1,phase6a,2026-07-12,0,2,4,2,2,2,v1,195,0.6964006259780907,195,0.6964006259780907,205,0.6807511737089202,^TWII,yfinance,2y,2026-09-23,scan_20260924_160449,False,True
True,0,0.14166673024495444,0.13333352406819662,True,False,買入 (動能增強),19.899999618530273,2026-09-23 00:00:00,19.747499847412108,0.01249999999999929,False,True,0.4862067466537152,False,0.0004132292329143247,33.06451677980345,0.0004255102632768945,0.0004440869798814753,-0.3028891615392215,-1.030032063811337,-4.526572778091054,-0.3028891615392215,False,False,False,False,False,False,0.0,False,-0.045563584918864475,中性,3703.TW,欣陸,2,v1,phase6a,2026-07-12,0,2,4,2,2,2,v1,157,0.755868544600939,157,0.755868544600939,170,0.7355242566510172,^TWII,yfinance,2y,2026-09-23,scan_20260924_160449,False,False
True,0,-0.9166673024495442,-1.2416674296061196,True,False,觀察 (跌勢收斂),41.650001525878906,2026-09-23 00:00:00,40.47000007629394,0.047500038146971235,False,True,4.6793310636699,True,0.0008648742970523998,44.57273842549261,0.0008672103735205404,0.0009122751838994842,-0.028347571265141536,-1.3280267081279606,-4.19681018998287,-0.028347571265141536,False,False,False,False,False,True,0.1692416943657443,False,-0.07751937722513436,中性,2498.TW,宏達電,1,v1,phase6a,2026-07-12,0,1,3,1,1,1,v1,303,0.5273865414710485,303,0.5273865414710485,311,0.514866979655712,^TWII,yfinance,2y,2026-09-23,scan_20260924_160449,False,False
False,0,-38.166666666666664,-32.83333333333333,False,True,強烈賣出 (跌破),589.0,2026-09-23 00:00:00,623.0,-1.8866333007812273,False,False,0.6529569229429943,False,0.012230754917195979,100.46453929993446,0.013113863735822687,0.013854804937258377,-0.7038697052164533,-3.124651295654046,-0.6489364946614451,-0.7038697052164533,False,False,False,False,False,False,0.055972506769972424,False,-0.13533429158648125,中性,7728.TWO,光焱科技,0,v1,phase6a,2026-07-12,0,0,0,0,0,0,v1,604,0.056338028169014086,604,0.056338028169014086,604,0.056338028169014086,^TWII,yfinance,2y,2026-09-23,scan_20260924_160449,False,False
True,0,-0.3750003178914388,-0.4083337783813476,True,False,觀察 (跌勢收斂),20.649999618530273,2026-09-23 00:00:00,20.895000076293947,-0.027500057220457563,False,False,0.6053210598772534,False,0.00042880319927747745,18.406325171501045,0.0004454957405689233,0.00044668123009864856,-0.3928671687445706,-1.206038678981436,-2.010876691445529,-0.3928671687445706,False,False,False,False,False,False,0.509474076809786,False,-0.09429823203833843,中性,3712.TW,永崴投控,2,v1,phase6a,2026-07-12,0,2,2,2,2,2,v1,158,0.7543035993740219,158,0.7543035993740219,171,0.7339593114241002,^TWII,yfinance,2y,2026-09-23,scan_20260924_160449,True,False
True,0,0.14999993642171222,0.10833326975504556,True,False,買入 (動能增強),12.5,2026-09-23 00:00:00,12.327500104904175,0.009999990463256836,False,True,0.35668350923921066,False,0.0002595661060525462,49.97879651994803,0.0002651625665082425,0.0002700323174971184,-0.22167352923883055,-0.5622852049087412,-2.7006408377404867,-0.22167352923883055,False,False,False,False,False,False,0.014271782691439654,False,-0.019607843137254943,中性,5324.TWO,士開,4,v1,phase6a,2026-07-12,0,4,6,4,4,4,v1,16,0.9765258215962441,16,0.9765258215962441,19,0.971830985915493,^TWII,yfinance,2y,2026-09-23,scan_20260924_160449,False,True
True,0,-6.083333333333333,-7.166666666666666,True,False,觀察 (跌勢收斂),118.0,2026-09-23 00:00:00,122.425,-0.29999999999999716,False,False,0.546457528925526,False,0.0024503040411360364,84.71304731934167,0.0026102530387735207,0.002868367938236472,-0.6408892741805117,-2.8314832450172522,-8.397260383729833,-0.6408892741805117,False,False,False,False,False,False,0.0,False,-0.45088570509538717,中性,2375.TW,凱美,1,v1,phase6a,2026-07-12,0,1,1,1,1,1,v1,295,0.539906103286385,295,0.539906103286385,303,0.5273865414710485,^TWII,yfinance,2y,2026-09-23,scan_20260924_160449,False,False
True,1,-0.033333460489908845,-0.08333333333333333,True,False,觀察 (跌勢收斂),21.0,2026-09-23 00:00:00,20.9125,0.0024999618530294754,False,True,1.4994861274311084,False,0.00043607105816827766,45.91139290118089,0.0004488094263789107,0.00046124276465239116,-0.29787403067410567,-1.1154316748074877,-3.505648195625377,-0.29787403067410567,False,False,False,False,False,False,0.0,False,-0.009433997912352998,中性,1731.TW,美吾華,1,v1,phase6a,2026-07-12,0,1,3,1,1,1,v1,278,0.5665101721439749,278,0.5665101721439749,286,0.5539906103286385,^TWII,yfinance,2y,2026-09-23,scan_20260924_160449,False,False
True,0,0.6666666666666666,0.8333333333333333,True,False,觀望 (動能減弱),108.5,2026-09-23 00:00:00,107.85,-0.025000000000005684,False,True,0.8920923749158126,False,0.002253033800536101,44.03386514940598,0.0023241968076384793,0.0024185071669424875,-0.32126270649086575,-1.12277037480345,-4.914981997870904,-0.32126270649086575,False,False,False,False,False,False,0.0,False,-0.05652173913043479,中性,3679.TW,新至陞,0,v1,phase6a,2026-07-12,0,0,1,0,0,0,v1,532,0.16901408450704225,532,0.16901408450704225,532,0.16901408450704225,^TWII,yfinance,2y,2026-09-23,scan_20260924_160449,False,False
True,0,-0.6333335240681967,-0.5750001271565756,True,False,賣出 (動能轉弱),24.399999618530273,2026-09-23 00:00:00,24.83249979019165,-0.035000038146971946,False,False,0.291970802919708,False,0.0005066730310932414,33.42816943871257,0.0005322422500103714,0.0005579047425466674,-0.5031458090892671,-1.4395995313561838,-4.31270201647086,-0.5031458090892671,False,False,False,False,False,False,0.0,False,-0.11913361204034101,中性,6767.TWO,台微醫,0,v1,phase6a,2026-07-12,0,0,0,0,0,0,v1,591,0.07668231611893583,591,0.07668231611893583,591,0.07668231611893583,^TWII,yfinance,2y,2026-09-23,scan_20260924_160449,False,False
True,0,-0.12499968210856119,-0.15833314259847003,True,False,觀察 (跌勢收斂),19.450000762939453,2026-09-23 00:00:00,19.470000171661376,0.010000038146969814,False,False,0.9168178227070998,False,0.0004038848768604198,22.12703354255753,0.0004179896872138631,0.0004399377576305821,-0.35394695476579363,-1.054486640354979,-3.9040946353406714,-0.35394695476579363,False,False,False,False,False,False,0.0,False,-0.12296950114868666,中性,1540.TW,喬福,1,v1,phase6a,2026-07-12,0,1,2,1,1,1,v1,273,0.5743348982785602,273,0.5743348982785602,281,0.5618153364632238,^TWII,yfinance,2y,2026-09-23,scan_20260924_160449,False,False
True,2,0.07499917348225911,0.07499949137369791,True,False,觀望 (動能減弱),28.299999237060547,2026-09-23 00:00:00,28.249999809265137,0.0,False,True,1.0284087347121054,False,0.0005876576482603069,41.211846226773886,0.0006072659973774321,0.0006294712904183698,-0.338738718522158,-1.1973003164732599,-3.9270139263414494,-0.338738718522158,False,False,False,False,False,False,0.0,False,-0.02915953319359199,中性,2450.TW,神腦,0,v1,phase6a,2026-07-12,0,0,1,0,0,0,v1,498,0.2222222222222222,498,0.2222222222222222,500,0.2190923317683881,^TWII,yfinance,2y,2026-09-23,scan_20260924_160449,False,False
True,0,6.000000000000001,5.166666666666667,True,False,買入 (動能增強),701.0,2026-09-23 00:00:00,683.4,0.6499999999999773,False,True,0.6668147258940076,False,0.014556467227426793,103.02880668860581,0.014628023703481563,0.013741398866091705,-0.051465490315572016,0.30764042041722117,1.6858074109939336,-0.051465490315572016,False,True,True,False,False,True,0.8010563707415003,False,-0.01406469760900142,偏強 (RS上升),2395.TW,研華,2,v1,phase6a,2026-07-12,1,3,4,3,2,3,v1,107,0.8341158059467919,107,0.8341158059467919,83,0.8716744913928013,^TWII,yfinance,2y,2026-09-23,scan_20260924_160449,False,False
True,0,-3.8095270792643228,-1.6904805501302083,True,False,賣出 (動能轉弱),156.0,2026-09-23 00:00:00,162.12143020629884,-0.2614288330078125,False,False,0.7173684393755098,False,0.003239385003535777,46.81069107604573,0.003454983286647847,0.003565516978925101,-0.652577873602489,-1.8885337396950086,-2.0734374423716395,-0.652577873602489,False,False,False,False,False,False,0.0,False,-0.0714285714285714,中性,7738.TWO,東聯互動,0,v1,phase6a,2026-07-12,0,0,0,0,0,0,v1,606,0.053208137715179966,606,0.053208137715179966,606,0.053208137715179966,^TWII,yfinance,2y,2026-09-23,scan_20260924_160449,False,False
True,0,-0.5166664123535156,-0.533331553141276,True,False,觀察 (跌勢收斂),74.0999984741211,2026-09-23 00:00:00,74.42000045776368,0.004999923706066056,False,False,1.2574862661854436,False,0.0015387078449941784,39.697942858480545,0.0015934784216087784,0.0016175778276513347,-0.36050313596814876,-1.2262700696633044,-3.022972984528316,-0.36050313596814876,False,False,False,False,False,False,0.2547777396250409,False,-0.015936315126201084,中性,1777.TWO,生泰,1,v1,phase6a,2026-07-12,0,1,2,1,1,1,v1,280,0.5633802816901409,280,0.5633802816901409,288,0.5508607198748043,^TWII,yfinance,2y,2026-09-23,scan_20260924_160449,False,False
True,1,-0.23333358764648435,-0.46666653951009107,True,False,觀察 (跌勢收斂),57.5,2026-09-23 00:00:00,57.55999984741211,0.0,False,False,1.164495297842889,False,0.0011940040878417127,41.49955056885096,0.0012376567754638045,0.00128240841782606,-0.36989439398670276,-0.9865650644138357,-5.105032359161754,-0.36989439398670276,False,False,False,False,False,False,0.0,False,-0.08730158730158732,中性,6516.TWO,勤崴國際,1,v1,phase6a,2026-07-12,0,1,1,1,1,1,v1,405,0.3677621283255086,405,0.3677621283255086,406,0.36619718309859156,^TWII,yfinance,2y,2026-09-23,scan_20260924_160449,False,False
True,2,0.058333555857340486,0.05833355585734049,True,False,觀望 (動能減弱),15.699999809265137,2026-09-23 00:00:00,15.704999828338623,0.0,False,False,0.33670474547927115,False,0.00032601502524133363,26.071648101923774,0.000337432069790307,0.00034879531014465643,-0.35489485576534197,-1.1789235777065699,-3.63706831917906,-0.35489485576534197,False,False,False,False,False,False,0.0,False,-0.009463758270943368,中性,4502.TWO,健信,0,v1,phase6a,2026-07-12,0,0,0,0,0,0,v1,540,0.1564945226917058,540,0.1564945226917058,540,0.1564945226917058,^TWII,yfinance,2y,2026-09-23,scan_20260924_160449,False,False
True,1,0.08333396911621097,-0.3666661580403646,True,False,買入 (動能增強),59.599998474121094,2026-09-23 00:00:00,59.170000076293945,0.11499996185303019,False,True,0.4090272319585257,False,0.0012376111619732248,64.86406760655598,0.0012632394507160712,0.0012848237006433446,-0.21310019789386736,-0.3454097698071479,-0.5490726585509309,-0.21310019789386736,False,False,False,False,False,True,0.583347719353146,False,-0.06875002384185791,中性,4540.TW,全球傳動,3,v1,phase6a,2026-07-12,0,3,5,3,3,3,v1,47,0.9280125195618153,47,0.9280125195618153,64,0.9014084507042254,^TWII,yfinance,2y,2026-09-23,scan_20260924_160449,True,False
True,0,-0.06666628519694011,0.06666723887125652,True,False,賣出 (動能轉弱),24.0,2026-09-23 00:00:00,24.14499988555908,-0.02500000000000213,False,False,0.2797163676032503,False,0.0004983669236208887,54.997929160819204,0.000516748552213842,0.0005187539394623692,-0.3730422155984292,-0.5561201661878123,-1.34920717744631,-0.3730422155984292,False,False,False,False,False,False,0.39317426462823396,False,-0.03420524621414334,中性,1470.TW,大統新創,0,v1,phase6a,2026-07-12,0,0,0,0,0,0,v1,472,0.26291079812206575,472,0.26291079812206575,474,0.2597809076682316,^TWII,yfinance,2y,2026-09-23,scan_20260924_160449,False,False
True,0,0.3416665395100912,0.2999998728434245,True,False,買入 (動能增強),28.799999237060547,2026-09-23 00:00:00,28.674999904632568,0.0,False,True,0.5624990625015626,False,0.0005980402925024087,37.769425235169244,0.0006172723895708064,0.0006385657263426022,-0.32689192035701975,-0.9495777776668102,-3.7188076686445526,-0.32689192035701975,False,False,False,False,False,False,0.0,False,-0.031932798754267355,中性,2608.TW,嘉里大榮,2,v1,phase6a,2026-07-12,0,2,3,2,2,2,v1,121,0.812206572769953,121,0.812206572769953,141,0.7809076682316118,^TWII,yfinance,2y,2026-09-23,scan_20260924_160449,False,False
True,0,0.11666615804036454,-0.5916668574015298,True,False,買入 (動能增強),34.349998474121094,2026-09-23 00:00:00,33.23999967575073,-0.020000076293946734,False,True,2.8120000662230518,True,0.0007132876277470814,43.12752371667884,0.0007098498927538679,0.0007320877163898191,0.05100393920327573,0.6193402010878479,0.2633602140234226,0.05100393920327573,True,False,False,False,False,True,0.41080667486389466,False,-0.11810018481938556,偏強 (RS上升),2340.TW,台亞,3,v1,phase6a,2026-07-12,1,4,4,4,3,4,v1,32,0.9514866979655712,32,0.9514866979655712,31,0.9530516431924883,^TWII,yfinance,2y,2026-09-23,scan_20260924_160449,True,False
True,0,-0.43333307902018225,-0.4499994913736979,True,False,觀察 (跌勢收斂),76.80000305175781,2026-09-23 00:00:00,77.09500045776367,-0.06999969482421875,False,False,0.16827509612714867,False,0.0015947742189574754,50.07189324976074,0.0016538340646882024,0.0016969970268581919,-0.37449610140057876,-1.387232670449512,-4.099510175016641,-0.37449610140057876,False,False,False,False,False,False,0.002906402996984637,False,-0.020408143405366563,中性,1726.TW,永記,1,v1,phase6a,2026-07-12,0,1,1,1,1,1,v1,277,0.568075117370892,277,0.568075117370892,285,0.5555555555555556,^TWII,yfinance,2y,2026-09-23,scan_20260924_160449,False,False
True,0,-0.4833335876464844,-0.5166670481363932,True,False,觀察 (跌勢收斂),17.200000762939453,2026-09-23 00:00:00,17.255000114440918,-0.014999961853028765,True,False,0.10932836293338007,False,0.0003571629777709615,47.90021647304983,0.00036822029195694657,0.00037342316584116194,-0.3150994944473906,-1.4043296456691334,-2.857800824071066,-0.3150994944473906,False,False,False,False,False,False,0.2549431081434751,False,-0.054945052641772074,中性,8354.TWO,冠好,1,v1,phase6a,2026-07-12,0,1,1,1,1,1,v1,445,0.3051643192488263,445,0.3051643192488263,446,0.30359937402190923,^TWII,yfinance,2y,2026-09-23,scan_20260924_160449,False,False
True,0,0.25,0.25000000000000006,True,False,觀望 (動能減弱),168.5,2026-09-23 00:00:00,170.375,-0.15000000000000568,False,False,1.0202881218448305,False,0.0034989511095883234,73.60245093464967,0.0036442676948391325,0.0037097110008536527,-0.417986457295616,-1.0267957821778584,-2.130010905112889,-0.417986457295616,False,False,False,False,False,False,0.0,False,-0.037142857142857144,中性,2597.TW,潤弘,0,v1,phase6a,2026-07-12,0,0,0,0,0,0,v1,503,0.21439749608763695,503,0.21439749608763695,505,0.2112676056338028,^TWII,yfinance,2y,2026-09-23,scan_20260924_160449,False,False
True,0,-0.03333314259847006,0.10000006357828775,True,False,賣出 (動能轉弱),31.549999237060547,2026-09-23 00:00:00,31.645000171661376,0.007499980926514382,False,False,0.7399334206752639,False,0.0006551448358339689,38.037446733805126,0.0006778934261751417,0.0006914256965927527,-0.3519962729698345,-0.6873136032570004,-1.4822961588050076,-0.3519962729698345,False,False,False,False,False,False,0.0,False,-0.04103350231629799,中性,2353.TW,宏��,0,v1,phase6a,2026-07-12,0,0,1,0,0,0,v1,490,0.2347417840375587,490,0.2347417840375587,492,0.23161189358372458,^TWII,yfinance,2y,2026-09-23,scan_20260924_160449,False,False
True,0,2.9999999999999996,4.666666666666666,True,False,觀望 (動能減弱),228.5,2026-09-23 00:00:00,224.125,1.0250000000000057,False,True,0.3252532701229859,False,0.004744868418640545,78.61563851349665,0.004757260276727164,0.004711777156544083,-0.027411755462403153,0.6859581159604611,8.860154451536829,-0.027411755462403153,False,True,True,False,False,False,0.4589804485297339,False,-0.18100358422939067,中性,6271.TW,同欣電,0,v1,phase6a,2026-07-12,0,0,2,0,0,0,v1,573,0.10485133020344288,573,0.10485133020344288,573,0.10485133020344288,^TWII,yfinance,2y,2026-09-23,scan_20260924_160449,False,False
True,0,-0.3333333333333333,-0.033333142598470034,True,False,賣出 (動能轉弱),28.149999618530273,2026-09-23 00:00:00,28.767500019073488,0.007499980926514382,False,False,1.4668907191532223,False,0.0005845428629090052,43.275039011553176,0.0006146110291539235,0.000629783857900187,-0.5123328880329625,-1.5142388586376065,-1.183354995057695,-0.5123328880329625,False,False,False,False,False,False,0.0,False,-0.045762724795583964,中性,8080.TWO,泰霖,0,v1,phase6a,2026-07-12,0,0,1,0,0,0,v1,613,0.04225352112676056,613,0.04225352112676056,613,0.04225352112676056,^TWII,yfinance,2y,2026-09-23,scan_20260924_160449,False,False
True,1,-0.008333365122477216,-0.008333524068196615,True,False,觀察 (跌勢收斂),11.949999809265137,2026-09-23 00:00:00,11.900000047683715,0.0,False,True,0.14543497783934525,False,0.00024814519342556974,29.109025212337045,0.00025527820904839676,0.00025913100807954415,-0.2932650578382434,-1.2621064857816777,-3.0851622662570244,-0.2932650578382434,False,False,False,False,False,False,0.35556808533249007,False,-0.11481482894332318,中性,5516.TWO,雙喜,1,v1,phase6a,2026-07-12,0,1,2,1,1,1,v1,376,0.4131455399061033,376,0.4131455399061033,379,0.4084507042253521,^TWII,yfinance,2y,2026-09-23,scan_20260924_160449,False,False
True,0,0.41666666666666663,0.46428553263346356,True,False,觀望 (動能減弱),106.5,2026-09-23 00:00:00,106.19642868041993,0.03928565979003906,False,True,0.6290421303572225,False,0.002211503223567694,42.12817334420809,0.002276020235157251,0.002322488524371819,-0.29749562674058483,-0.8436549267404669,-1.817692752507416,-0.29749562674058483,False,False,False,False,False,False,0.1421324375645532,False,-0.018433179723502335,中性,9917.TW,中保科,0,v1,phase6a,2026-07-12,0,0,2,0,0,0,v1,633,0.010954616588419406,633,0.010954616588419406,633,0.010954616588419406,^TWII,yfinance,2y,2026-09-23,scan_20260924_160449,False,False
True,0,0.03333314259847005,-0.025000095367431648,True,False,買入 (動能增強),10.600000381469727,2026-09-23 00:00:00,10.580000019073486,-0.012500000000001066,False,True,0.6448404142710326,False,0.00022011206585388813,40.401304010040676,0.00022706152895454856,0.00023736355678096935,-0.3211346558628203,-0.8752008086927221,-3.708178481478841,-0.3211346558628203,False,False,False,False,False,False,0.0,False,-0.04072396393643951,中性,5521.TW,工信,4,v1,phase6a,2026-07-12,0,4,5,4,4,4,v1,17,0.974960876369327,17,0.974960876369327,20,0.9702660406885759,^TWII,yfinance,2y,2026-09-23,scan_20260924_160449,False,True
True,0,0.36666647593180335,-0.3583335876464844,True,False,買入 (動能增強),24.0,2026-09-23 00:00:00,23.424999904632568,0.0625,False,True,0.2777862125419554,False,0.0004983669236208887,69.82310238312833,0.0004971381084476478,0.0004729950569969986,0.026025490121961425,0.9246686414261962,3.5921490927271815,0.026025490121961425,True,True,True,False,False,True,0.614689838205875,False,-0.07692307692307687,偏強 (RS上升),6108.TW,競國,2,v1,phase6a,2026-07-12,2,4,4,4,2,4,v1,197,0.6932707355242567,197,0.6932707355242567,51,0.9217527386541471,^TWII,yfinance,2y,2026-09-23,scan_20260924_160449,False,False
False,0,2.4166666666666665,0.33333333333333337,False,True,強烈買入 (爆發),162.0,2026-09-23 00:00:00,157.675,0.20000000000001705,False,True,1.2274931734859282,False,0.003363976734440999,50.16908172837391,0.0033738421813333088,0.0033944092855226877,-0.03077051314699375,-0.23146131163953587,-0.6022012271578725,-0.03077051314699375,False,False,False,False,False,True,0.1996031246906512,False,-0.11475409836065575,中性,6712.TWO,長聖,3,v1,phase6a,2026-07-12,0,3,5,3,3,3,v1,59,0.9092331768388107,59,0.9092331768388107,71,0.8904538341158059,^TWII,yfinance,2y,2026-09-23,scan_20260924_160449,False,False
True,1,0.02500041325887044,-0.058332920074462905,True,False,買入 (動能增強),12.300000190734863,2026-09-23 00:00:00,12.295000028610229,-0.012500000000001066,False,True,1.0955028182850048,False,0.00025541305231636995,32.734974853472636,0.00026453135779264754,0.00027947629201099277,-0.361526748712504,-1.033618179606166,-5.000987366954435,-0.361526748712504,False,False,False,False,False,False,0.0,False,-0.16610168198407704,中性,1449.TW,佳和,2,v1,phase6a,2026-07-12,0,2,3,2,2,2,v1,84,0.8701095461658842,84,0.8701095461658842,112,0.8262910798122066,^TWII,yfinance,2y,2026-09-23,scan_20260924_160449,False,False
True,0,-1.3152503967285156,-1.1319605509440103,True,False,賣出 (動能轉弱),90.9000015258789,2026-09-23 00:00:00,90.88905334472656,-0.004574966430666905,True,True,0.6233479424323333,False,0.001887564754899432,63.34017356524567,0.0019498783751464347,0.0020229480341534636,-0.3352689653754348,-1.6489725752424245,-4.750578959091123,-0.3352689653754348,False,False,False,False,False,False,0.0,False,-0.03559831911890943,中性,6534.TW,正瀚-創,0,v1,phase6a,2026-07-12,0,0,1,0,0,0,v1,580,0.09389671361502347,580,0.09389671361502347,580,0.09389671361502347,^TWII,yfinance,2y,2026-09-23,scan_20260924_160449,False,False
True,0,-0.24999999999999997,-0.41666666666666674,True,False,觀察 (跌勢收斂),108.5,2026-09-23 00:00:00,107.925,0.0,False,True,2.1806237946942697,True,0.002253033800536101,47.51117961322997,0.0023112963943636546,0.002368550977116659,-0.26464257684727377,-1.0095980566135587,-2.4303558088100474,-0.26464257684727377,False,False,False,False,False,False,0.12664721483028415,False,-0.013636363636363669,中性,6728.TWO,上洋,1,v1,phase6a,2026-07-12,0,1,2,1,1,1,v1,412,0.3568075117370892,412,0.3568075117370892,413,0.35524256651017216,^TWII,yfinance,2y,2026-09-23,scan_20260924_160449,False,False
True,0,-0.30000050862630206,-0.17500050862630206,True,False,賣出 (動能轉弱),40.25,2026-09-23 00:00:00,40.70000038146973,-0.02499999999999858,False,False,1.666458359371745,True,0.0008358028614891988,40.99891101187783,0.000872409094886443,0.0009023113701409189,-0.43974131521400395,-1.3369421875571996,-3.438285630802518,-0.43974131521400395,False,False,False,False,False,False,0.0,False,-0.023058270518140467,中性,8367.TW,建新國際,0,v1,phase6a,2026-07-12,0,0,0,0,0,0,v1,617,0.03599374021909233,617,0.03599374021909233,617,0.03599374021909233,^TWII,yfinance,2y,2026-09-23,scan_20260924_160449,False,False
True,0,-0.30833307902018225,-0.44999980926513666,True,False,觀察 (跌勢收斂),21.899999618530273,2026-09-23 00:00:00,21.942499828338622,0.014999961853025212,False,False,0.6451214452868541,False,0.0004547598098827321,34.83114369000242,0.0004706420989035921,0.0005094178350487186,-0.3539637157376929,-1.261253583229771,-5.26145344831459,-0.3539637157376929,False,False,False,False,False,False,0.0,False,-0.21518779084236628,中性,3390.TWO,旭軟,1,v1,phase6a,2026-07-12,0,1,2,1,1,1,v1,331,0.4835680751173709,331,0.4835680751173709,338,0.4726134585289515,^TWII,yfinance,2y,2026-09-23,scan_20260924_160449,False,False
True,0,1.1999994913736982,2.2666664123535156,True,False,觀望 (動能減弱),81.9000015258789,2026-09-23 00:00:00,81.36500053405761,0.4749999999999943,False,True,0.22313966271643054,False,0.0017006771585415987,22.750871243304356,0.0017297236502394195,0.0017328074389999684,-0.17645190776461872,-0.0021697770140605144,7.345131995884113,-0.17645190776461872,False,False,False,False,False,False,0.38021820997028377,False,-0.08837905465625462,中性,6906.TW,現觀科,1,v1,phase6a,2026-07-12,0,1,3,1,1,1,v1,420,0.3442879499217527,420,0.3442879499217527,421,0.3427230046948357,^TWII,yfinance,2y,2026-09-23,scan_20260924_160449,True,False
True,0,2.333333333333333,1.4166666666666665,True,False,買入 (動能增強),117.5,2026-09-23 00:00:00,116.025,0.07500000000000284,False,True,0.8205823662071368,False,0.0024399213968939347,56.60036055355769,0.0024989011320093522,0.0025196078666604336,-0.2478292109643121,-0.21411749106551303,-2.7841844746018807,-0.2478292109643121,False,False,False,False,False,True,0.4398923051196544,False,-0.03292181069958844,中性,3005.TW,神基,2,v1,phase6a,2026-07-12,0,2,4,2,2,2,v1,132,0.7949921752738655,132,0.7949921752738655,149,0.7683881064162754,^TWII,yfinance,2y,2026-09-23,scan_20260924_160449,False,False
True,0,-0.10000006357828775,-0.07500012715657552,True,False,賣出 (動能轉弱),13.350000381469727,2026-09-23 00:00:00,13.442499923706055,-0.019999980926513672,False,False,0.6858564300362843,False,0.0002772166091854483,37.962533527824334,0.00028869296917804463,0.0003017622738946976,-0.41670703601849324,-1.550135746300052,-4.9453130398642635,-0.41670703601849324,False,False,False,False,False,False,0.0,False,-0.03956829152191743,中性,1109.TW,信大,0,v1,phase6a,2026-07-12,0,0,0,0,0,0,v1,460,0.28169014084507044,460,0.28169014084507044,462,0.27856025039123633,^TWII,yfinance,2y,2026-09-23,scan_20260924_160449,False,False
True,1,-0.06333351135253906,-0.08500019709269205,True,False,觀察 (跌勢收斂),8.319999694824219,2026-09-23 00:00:00,8.388500022888184,-0.01000003814697159,False,False,2.0343373752568583,True,0.00017276719385151163,9.761902991788713,0.00018049952128266437,0.00019316798916414277,-0.44890723832005097,-1.6234415124244395,-6.212082236007854,-0.44890723832005097,False,False,False,False,False,False,0.0,False,-0.07452726288674993,中性,5364.TWO,力麗店,1,v1,phase6a,2026-07-12,0,1,1,1,1,1,v1,370,0.4225352112676056,370,0.4225352112676056,374,0.4162754303599374,^TWII,yfinance,2y,2026-09-23,scan_20260924_160449,False,False
True,0,-0.33333333333333337,-0.75,True,False,觀察 (跌勢收斂),186.0,2026-09-23 00:00:00,184.9,0.025000000000005684,False,True,2.1459095501352294,True,0.003862343658061888,50.21012833250933,0.003968053345363533,0.004083672623762983,-0.27963886030444307,-1.1765658160658776,-3.578847858419487,-0.27963886030444307,False,False,False,False,False,False,0.0,False,0.0,中性,5903.TWO,全家,1,v1,phase6a,2026-07-12,0,1,3,1,1,1,v1,381,0.405320813771518,381,0.405320813771518,384,0.40062597809076683,^TWII,yfinance,2y,2026-09-23,scan_20260924_160449,False,False
True,0,0.16666666666666674,-5.514554341634114,True,False,買入 (動能增強),244.0,2026-09-23 00:00:00,243.03339691162108,0.38589248657225994,False,True,0.2986362485713111,False,0.005066730390145702,91.90144536022571,0.005146743472131264,0.005029063205779958,-0.16337844102606303,1.4067192415997631,4.67570917993847,-0.16337844102606303,False,True,True,False,False,True,0.7001185991629333,False,-0.0792452830188679,偏強 (RS上升),3455.TWO,由田,4,v1,phase6a,2026-07-12,1,5,6,5,4,5,v1,14,0.9796557120500783,14,0.9796557120500783,7,0.9906103286384976,^TWII,yfinance,2y,2026-09-23,scan_20260924_160449,False,True
True,0,-0.2666670481363932,-0.25000063578287757,True,False,賣出 (動能轉弱),51.20000076293945,2026-09-23 00:00:00,51.42500019073486,-0.02499999999999858,True,False,0.5838819849294719,False,0.0010631827862338872,50.246108455220906,0.0011029033437073429,0.0011349051432826946,-0.3776686858925071,-1.344385972869877,-3.799876474699926,-0.3776686858925071,False,False,False,False,False,False,0.0,False,-0.013487490218866638,中性,1730.TW,花仙子,0,v1,phase6a,2026-07-12,0,0,0,0,0,0,v1,476,0.2566510172143975,476,0.2566510172143975,478,0.2535211267605634,^TWII,yfinance,2y,2026-09-23,scan_20260924_160449,False,False
True,0,0.48333231608072913,-0.08333396911621097,True,False,買入 (動能增強),38.849998474121094,2026-09-23 00:00:00,37.65250015258789,0.012500000000002842,False,True,0.7612239218899919,False,0.000806731425925998,56.948621167071714,0.0008127073270691184,0.0008655823661097552,-0.07734096855119832,-0.25314490687535773,-4.932548556114369,-0.07734096855119832,False,False,False,False,False,True,0.11247266844413835,False,-0.24585750095024095,中性,2495.TW,普安,2,v1,phase6a,2026-07-12,0,2,4,2,2,2,v1,116,0.8200312989045383,116,0.8200312989045383,137,0.7871674491392802,^TWII,yfinance,2y,2026-09-23,scan_20260924_160449,False,False
True,1,0.058333396911621094,0.04166666666666667,True,False,買入 (動能增強),28.799999237060547,2026-09-23 00:00:00,28.76999988555908,-0.00500001907348846,False,True,2.0791245081083036,True,0.0005980402925024087,58.10754350590515,0.0006178705075281741,0.0006371318776161822,-0.33669884037497155,-1.1399069755508306,-3.595343774211357,-0.33669884037497155,False,False,False,False,False,False,0.0,False,-0.021138287066845618,中性,4111.TWO,濟生,4,v1,phase6a,2026-07-12,0,4,5,4,4,4,v1,15,0.9780907668231612,15,0.9780907668231612,18,0.97339593114241,^TWII,yfinance,2y,2026-09-23,scan_20260924_160449,False,True
True,2,0.1483332316080729,0.11499985059102376,True,False,買入 (動能增強),8.100000381469727,2026-09-23 00:00:00,8.070000195503235,-0.002499961853027699,True,True,0.3258303494907751,False,0.00016819884464337888,6.085482840370388,0.0001749093832327539,0.00021593997943556483,-0.40222614435293513,-1.531832496024621,-7.276808857547435,-0.40222614435293513,False,False,False,False,False,False,0.005517895214484575,False,-0.22857139224097844,中性,2424.TW,隴華,2,v1,phase6a,2026-07-12,0,2,3,2,2,2,v1,110,0.8294209702660407,110,0.8294209702660407,132,0.7949921752738655,^TWII,yfinance,2y,2026-09-23,scan_20260924_160449,False,False
False,0,0.5083332061767578,0.27499961853027344,False,True,強烈買入 (爆發),20.649999618530273,2026-09-23 00:00:00,19.98499975204468,0.022499942779543147,False,True,1.7346656735649437,True,0.00042880319927747745,30.439299404650544,0.00043056759899850317,0.0004544128194404024,-0.043116622791217196,-0.2161050676998011,-2.667102370097707,-0.043116622791217196,False,False,False,False,False,True,0.18185056661420948,False,-0.046189377257267905,中性,8171.TWO,天宇,3,v1,phase6a,2026-07-12,0,3,5,3,3,3,v1,65,0.8998435054773083,65,0.8998435054773083,75,0.8841940532081377,^TWII,yfinance,2y,2026-09-23,scan_20260924_160449,False,False
True,0,-0.3583329518636067,-0.7499993642171224,True,False,觀察 (跌勢收斂),47.95000076293945,2026-09-23 00:00:00,48.79750022888184,-0.07499999999999574,False,False,0.43327664020157547,False,0.0009956955986602251,87.11463138504203,0.0010494110575027533,0.0011729028708643402,-0.5359155246621672,-1.8130765278999483,-7.770734547482972,-0.5359155246621672,False,False,False,False,False,False,0.0,False,-0.4707505345418317,中性,6127.TWO,九豪,1,v1,phase6a,2026-07-12,0,1,1,1,1,1,v1,385,0.39906103286384975,385,0.39906103286384975,387,0.39593114241001565,^TWII,yfinance,2y,2026-09-23,scan_20260924_160449,False,False
True,0,0.7583332061767577,0.2833334604899088,True,False,買入 (動能增強),41.04999923706055,2026-09-23 00:00:00,40.79000034332275,-0.022500038146972656,False,True,0.3389566756339654,False,0.000852415076433904,91.6425690511053,0.0008601863208292478,0.0008423016536032255,-0.09500831547466504,2.7741513281743346,12.85036487760065,-0.09500831547466504,False,True,True,False,False,True,0.7413482040114528,False,-0.07021522495307875,偏強 (RS上升),2489.TW,瑞軒,2,v1,phase6a,2026-07-12,1,3,3,3,2,3,v1,115,0.8215962441314554,115,0.8215962441314554,85,0.8685446009389671,^TWII,yfinance,2y,2026-09-23,scan_20260924_160449,False,False
True,0,0.1749998728434245,-0.12500031789143878,True,False,買入 (動能增強),19.200000762939453,2026-09-23 00:00:00,18.71750020980835,0.047500038146971235,False,True,0.533751363920085,False,0.00039869355473936885,45.01318454851522,0.00040270388991824253,0.0004363203871626992,-0.10471676677871189,-0.1973082606438581,-4.174987215471604,-0.10471676677871189,False,False,False,False,False,True,0.0564855867548388,False,-0.24894209209551266,中性,4720.TW,德淵,2,v1,phase6a,2026-07-12,0,2,4,2,2,2,v1,174,0.729264475743349,174,0.729264475743349,187,0.7089201877934272,^TWII,yfinance,2y,2026-09-23,scan_20260924_160449,False,False
True,2,0.0666662851969401,-0.02500025431315104,True,False,買入 (動能增強),42.75,2026-09-23 00:00:00,42.98249969482422,-0.05249996185302308,False,False,1.7438378561741088,True,0.0008877160826997082,37.845063336325985,0.0009221648173092124,0.0009412800793838852,-0.39168479612212703,-1.1464935241672247,-3.430775642900874,-0.39168479612212703,False,False,False,False,False,False,0.0,False,-0.02502543433244253,中性,1339.TW,昭輝,4,v1,phase6a,2026-07-12,0,4,4,4,4,4,v1,6,0.9921752738654147,6,0.9921752738654147,11,0.9843505477308294,^TWII,yfinance,2y,2026-09-23,scan_20260924_160449,False,True
True,0,-13.742594401041664,-19.718343098958332,True,False,觀察 (跌勢收斂),736.0,2026-09-23 00:00:00,728.7447875976562,-2.0053924560546648,False,True,1.6259851366770122,True,0.015283252324373922,170.76457294658329,0.015660188487477744,0.016474762955725676,-0.2527250290403571,-1.9682041602651301,-7.779563957283287,-0.2527250290403571,False,False,False,False,False,False,0.06408322720224614,False,-0.19972843408603502,中性,6139.TW,亞翔,1,v1,phase6a,2026-07-12,0,1,2,1,1,1,v1,386,0.3974960876369327,386,0.3974960876369327,388,0.39436619718309857,^TWII,yfinance,2y,2026-09-23,scan_20260924_160449,False,False
True,1,-0.44166692097981763,-0.4833335876464843,True,False,觀察 (跌勢收斂),24.25,2026-09-23 00:00:00,24.450000095367432,-0.02499999999999858,False,False,0.5526001043723447,False,0.0005035582457419397,19.08058663180982,0.0005264265052638457,0.0005957867664155348,-0.45518756769494795,-1.9838207423648946,-7.520358114732828,-0.45518756769494795,False,False,False,False,False,False,0.0,False,-0.2909356883325479,中性,3466.TWO,德晉,1,v1,phase6a,2026-07-12,0,1,1,1,1,1,v1,333,0.48043818466353677,333,0.48043818466353677,340,0.4694835680751174,^TWII,yfinance,2y,2026-09-23,scan_20260924_160449,False,False
True,0,-0.42500114440917963,-0.508334477742513,True,False,觀察 (跌勢收斂),22.299999237060547,2026-09-23 00:00:00,22.45,-0.035000038146971946,True,False,0.3579159723660806,False,0.00046306591735508466,33.534872865031616,0.00047886492048191537,0.0004895372482078338,-0.34608868840756424,-1.3428214050657084,-2.8185872720759453,-0.34608868840756424,False,False,False,False,False,False,0.19262243061227569,False,-0.10441768760248649,中性,2613.TW,中櫃,2,v1,phase6a,2026-07-12,0,2,2,2,2,2,v1,122,0.810641627543036,122,0.810641627543036,142,0.7793427230046949,^TWII,yfinance,2y,2026-09-23,scan_20260924_160449,True,False
True,0,0.5666662851969401,0.6166661580403646,True,False,觀望 (動能減弱),56.20000076293945,2026-09-23 00:00:00,56.170000076293945,0.020000076293946734,False,True,0.926501888863866,False,0.0011670092286549057,47.36944609981028,0.0012041643679357049,0.0012218478193586119,-0.32374363211649104,-0.5795295562192937,-1.324886212043186,-0.32374363211649104,False,False,False,False,False,False,0.0948345406292397,False,-0.020905936080828025,中性,3705.TW,永信,0,v1,phase6a,2026-07-12,0,0,2,0,0,0,v1,533,0.1674491392801252,533,0.1674491392801252,533,0.1674491392801252,^TWII,yfinance,2y,2026-09-23,scan_20260924_160449,False,False
True,0,-0.2289921442667643,-0.3868618011474609,True,False,觀察 (跌勢收斂),24.0,2026-09-23 00:00:00,23.8581750869751,-0.03113403320312358,False,True,0.7656751443469005,False,0.0004983669236208887,50.27358309610246,0.0005124233131760968,0.0005305642844875566,-0.28791817633148087,-0.9834777160930175,-4.8476477928018795,-0.28791817633148087,False,False,False,False,False,False,0.0,False,-0.029187759393964452,中性,5278.TWO,尚凡*,1,v1,phase6a,2026-07-12,0,1,2,1,1,1,v1,366,0.4287949921752739,366,0.4287949921752739,370,0.4225352112676056,^TWII,yfinance,2y,2026-09-23,scan_20260924_160449,False,False
True,0,-0.9500007629394531,-0.6833330790201823,True,False,賣出 (動能轉弱),65.69999694824219,2026-09-23 00:00:00,66.6,-0.05000000000001137,False,False,0.557058524671761,False,0.0013642793900415517,67.02900556842273,0.0014220767233129178,0.0014528766908728145,-0.425997579803139,-1.4223749696229637,-2.16186890195903,-0.425997579803139,False,False,False,False,False,False,0.05083781065218352,False,-0.03806743758920972,中性,1419.TW,新紡,0,v1,phase6a,2026-07-12,0,0,0,0,0,0,v1,469,0.2676056338028169,469,0.2676056338028169,471,0.2644757433489828,^TWII,yfinance,2y,2026-09-23,scan_20260924_160449,False,False
True,0,0.5833333333333334,-1.1166661580403645,True,False,買入 (動能增強),95.69999694824219,2026-09-23 00:00:00,92.375,-0.04500007629394531,False,True,1.4553837283545048,False,0.0019872380445676626,73.01373903394138,0.0019729186995011317,0.002018569336229624,0.0764578859933307,-0.012097359187457357,-0.3252107287077588,0.0764578859933307,True,False,False,False,False,True,0.2277564671348202,False,-0.31922587634080635,中性,5425.TWO,台半,2,v1,phase6a,2026-07-12,0,2,3,2,2,2,v1,185,0.7120500782472613,185,0.7120500782472613,195,0.6964006259780907,^TWII,yfinance,2y,2026-09-23,scan_20260924_160449,False,False
True,1,0.19999980926513672,0.01666641235351561,True,False,買入 (動能增強),16.25,2026-09-23 00:00:00,15.939999914169311,0.01000003814697159,False,True,1.0355593883238619,False,0.0003374359378683101,25.6197972389922,0.0003438752890777133,0.0003624110046479752,-0.19672625570965607,-0.7271571390973897,-4.974594493204432,-0.19672625570965607,False,False,False,False,False,False,0.09167056795940146,False,-0.1827623918066742,中性,2482.TW,連宇,2,v1,phase6a,2026-07-12,0,2,4,2,2,2,v1,113,0.8247261345852895,113,0.8247261345852895,135,0.7902973395931142,^TWII,yfinance,2y,2026-09-23,scan_20260924_160449,False,False
True,1,-0.050000826517740876,-0.11666742960611978,True,False,觀察 (跌勢收斂),18.25,2026-09-23 00:00:00,18.2625,-0.014999961853028765,False,False,0.5875766705947255,False,0.00037896651483671753,28.004064438271953,0.000392373537453223,0.0003951960532461752,-0.35838496759076355,-1.2610494969379271,-4.753154633670064,-0.35838496759076355,False,False,False,False,False,False,0.31996124744397453,False,-0.10319412000512496,中性,6804.TWO,明係,2,v1,phase6a,2026-07-12,0,2,2,2,2,2,v1,229,0.6431924882629108,229,0.6431924882629108,234,0.6353677621283255,^TWII,yfinance,2y,2026-09-23,scan_20260924_160449,True,False
True,0,2.4760335286458335,4.181569417317708,True,False,觀望 (動能減弱),111.5,2026-09-23 00:00:00,110.94078330993652,0.625,False,True,0.3100070647593548,False,0.0023153296659887126,157.34814341834314,0.002390190140996456,0.0025724173664954824,-0.32859963942665216,-1.0944948670920107,-2.086721513944634,-0.32859963942665216,False,False,False,False,False,False,0.06637456476814607,False,-0.47030878859857483,中性,8042.TWO,金山電,0,v1,phase6a,2026-07-12,0,0,2,0,0,0,v1,610,0.046948356807511735,610,0.046948356807511735,610,0.046948356807511735,^TWII,yfinance,2y,2026-09-23,scan_20260924_160449,False,False
True,0,-0.21666685740152994,-0.30833339691162104,True,False,觀察 (跌勢收斂),12.949999809265137,2026-09-23 00:00:00,12.894999980926514,-0.04250001907348633,False,True,3.6916523694018815,True,0.00026891048190977345,23.701926915461623,0.0002762578852327234,0.0002963747983309793,-0.27917816036069354,-1.6405604285574582,-5.457624038879771,-0.27917816036069354,False,False,False,False,False,False,0.0472879524781762,False,-0.11904762059228102,中性,8092.TWO,建暐,1,v1,phase6a,2026-07-12,0,1,2,1,1,1,v1,437,0.31768388106416273,437,0.31768388106416273,438,0.3161189358372457,^TWII,yfinance,2y,2026-09-23,scan_20260924_160449,False,False
True,0,1.5499979654947915,0.9999987284342446,True,False,買入 (動能增強),73.0999984741211,2026-09-23 00:00:00,71.1150001525879,0.15650024414063068,False,True,0.9055810749502,False,0.0015179425565099748,163.84689868367934,0.0015240801051959545,0.0015304451861382858,-0.04237205159305368,0.18712641165714583,0.4064337856019007,-0.04237205159305368,False,False,False,False,False,False,0.5995265823748843,False,-0.06453716749539684,中性,6770.TW,力積電,2,v1,phase6a,2026-07-12,0,2,4,2,2,2,v1,228,0.6447574334898278,228,0.6447574334898278,233,0.6369327073552425,^TWII,yfinance,2y,2026-09-23,scan_20260924_160449,False,False
True,1,0.4833335876464844,-0.200000762939453,True,False,買入 (動能增強),69.5,2026-09-23 00:00:00,68.79500007629395,0.025000000000005684,False,True,1.56283204224983,True,0.001443187549652157,13.785853186466474,0.0014834795042237856,0.0016258957890890342,-0.2850843036262707,-0.8802789256402765,-5.95973490289844,-0.2850843036262707,False,False,False,False,False,False,0.04810014859535771,False,-0.19811346581642697,中性,6873.TW,泓德能源,2,v1,phase6a,2026-07-12,0,2,4,2,2,2,v1,231,0.6400625978090767,231,0.6400625978090767,236,0.6322378716744914,^TWII,yfinance,2y,2026-09-23,scan_20260924_160449,False,False
True,0,-0.28333282470703136,-1.5999997456868489,True,False,觀察 (跌勢收斂),105.0,2026-09-23 00:00:00,102.14500007629394,0.14999999999999147,False,True,1.031317584612248,False,0.0021803552908413884,42.251545354584856,0.002188474034416023,0.002309195593048164,-0.03903500696874618,-0.8485471256747701,-3.404290019393119,-0.03903500696874618,False,False,False,False,False,False,0.09089047080874177,False,-0.135491413747577,中性,1514.TW,亞力,1,v1,phase6a,2026-07-12,0,1,3,1,1,1,v1,271,0.5774647887323944,271,0.5774647887323944,279,0.564945226917058,^TWII,yfinance,2y,2026-09-23,scan_20260924_160449,False,False
True,0,-1.4166666666666665,-2.5,True,False,觀察 (跌勢收斂),256.0,2026-09-23 00:00:00,251.35,0.4749999999999943,False,True,1.144435207864556,False,0.005315913851956147,69.53891706538798,0.005390860311735647,0.005515819579050812,-0.1461283053954543,-0.9412436345375585,-3.2961126451771516,-0.1461283053954543,False,False,False,False,False,False,0.24028983542495808,False,-0.051851851851851816,中性,2317.TW,鴻海,1,v1,phase6a,2026-07-12,0,1,3,1,1,1,v1,289,0.5492957746478874,289,0.5492957746478874,297,0.5367762128325508,^TWII,yfinance,2y,2026-09-23,scan_20260924_160449,False,False
True,1,0.025000254313151043,-0.024999936421712245,True,False,買入 (動能增強),25.200000762939453,2026-09-23 00:00:00,25.055000019073486,-0.009999942779540305,False,True,0.5154535206596011,False,0.0005232852856445911,35.14436976233873,0.0005383322661563448,0.0005606577089829509,-0.29335900759951405,-1.1661597942656532,-3.975841801396507,-0.29335900759951405,False,False,False,False,False,False,0.0025589873185074743,False,-0.007873970810807207,中性,3666.TWO,光耀,2,v1,phase6a,2026-07-12,0,2,3,2,2,2,v1,155,0.758998435054773,155,0.758998435054773,168,0.7386541471048513,^TWII,yfinance,2y,2026-09-23,scan_20260924_160449,False,False
True,0,-0.383331298828125,-0.7499974568684895,True,False,觀察 (跌勢收斂),73.9000015258789,2026-09-23 00:00:00,73.64500007629394,-0.025000000000005684,False,True,0.6216262208156202,False,0.001534554850667969,93.98294637059973,0.0015805839813728042,0.001617133722301334,-0.3056063176265611,-1.1484499683764304,-4.725939858279693,-0.3056063176265611,False,False,False,False,False,False,0.0,False,-0.12853774921713235,中性,2423.TW,固緯,2,v1,phase6a,2026-07-12,0,2,3,2,2,2,v1,109,0.8309859154929577,109,0.8309859154929577,131,0.7965571205007824,^TWII,yfinance,2y,2026-09-23,scan_20260924_160449,True,False
True,0,-0.449999491373698,-1.699999491373698,True,False,觀察 (跌勢收斂),93.19999694824219,2026-09-23 00:00:00,91.7827362060547,-0.12371139526366903,False,True,0.3861334400958424,False,0.0019353248233571535,131.42802060427414,0.0019640245356651468,0.0019822431041609857,-0.15358171730709413,-0.2503814565165574,-1.3324005512051151,-0.15358171730709413,False,False,False,False,False,False,0.3445431625821423,False,-0.13493443872191146,中性,8932.TWO,智通*,2,v1,phase6a,2026-07-12,0,2,3,2,2,2,v1,248,0.6134585289514867,248,0.6134585289514867,252,0.6071987480438185,^TWII,yfinance,2y,2026-09-23,scan_20260924_160449,True,False
True,1,-0.43333435058593744,-0.28333536783854163,True,False,賣出 (動能轉弱),93.0,2026-09-23 00:00:00,93.18500022888183,-0.009999847412117902,False,False,0.20599807538940992,False,0.001931171829030944,41.690790655979065,0.0019985363729594246,0.002067976671246237,-0.35355543623434293,-1.2259926926892817,-3.2619275312860463,-0.35355543623434293,False,False,False,False,False,False,0.0,False,-0.028213135155087166,中性,5403.TWO,中菲,0,v1,phase6a,2026-07-12,0,0,0,0,0,0,v1,554,0.13458528951486698,554,0.13458528951486698,554,0.13458528951486698,^TWII,yfinance,2y,2026-09-23,scan_20260924_160449,False,False
True,0,2.75,1.9166666666666667,True,False,買入 (動能增強),114.0,2026-09-23 00:00:00,113.275,0.025000000000005684,False,True,0.38828909222738744,False,0.0023672428871992215,84.17984524028206,0.002473030593755305,0.0026169295193691133,-0.4482610028009093,-0.48020900356392504,-10.034815589898216,-0.4482610028009093,False,False,False,False,False,True,0.0505644210444859,False,-0.2875,中性,3577.TWO,泓格,2,v1,phase6a,2026-07-12,0,2,4,2,2,2,v1,153,0.7621283255086072,153,0.7621283255086072,166,0.7417840375586855,^TWII,yfinance,2y,2026-09-23,scan_20260924_160449,False,False
True,1,0.006666660308837892,-0.038333257039388016,True,False,買入 (動能增強),9.979999542236328,2026-09-23 00:00:00,9.97000002861023,-0.0035000324249274684,False,True,0.5964582552257046,False,0.0002072375695667582,39.3343622404472,0.00021431798898601147,0.00022193879803004838,-0.34655253599079616,-0.9806896987612612,-4.361058494106551,-0.34655253599079616,False,False,False,False,False,False,0.0,False,-0.09872258024287528,中性,1474.TW,弘裕,3,v1,phase6a,2026-07-12,0,3,4,3,3,3,v1,29,0.9561815336463224,29,0.9561815336463224,55,0.9154929577464789,^TWII,yfinance,2y,2026-09-23,scan_20260924_160449,True,False
True,0,1.3877787807814457e-17,0.141666571299235,True,False,觀望 (動能減弱),14.699999809265137,2026-09-23 00:00:00,14.947500038146973,0.007499980926514382,False,False,0.5302568336849441,False,0.0003052497367571299,32.36902871279484,0.0003190725745758699,0.0003231349329764996,-0.4539501477739072,-1.1655646020589105,0.645034813117662,-0.4539501477739072,False,False,False,False,False,False,0.2625010331367756,False,-0.03606558627769596,中性,5514.TWO,三豐,2,v1,phase6a,2026-07-12,0,2,3,2,2,2,v1,190,0.704225352112676,190,0.704225352112676,200,0.6885758998435054,^TWII,yfinance,2y,2026-09-23,scan_20260924_160449,False,True
False,0,-0.02499993642171225,-0.18666664759318033,False,True,強烈賣出 (跌破),9.869999885559082,2026-09-23 00:00:00,9.189999961853028,0.034499979019164684,False,True,3.1787554498612764,True,0.00020495339496269183,17.28202749285538,0.00019750815198005335,0.00021347773772932018,0.39837946871881247,-0.7126503169448628,-3.7420363170879045,0.39837946871881247,True,False,False,False,False,True,0.2978421955184248,False,-0.027586181625072426,中性,8437.TWO,大地-KY,0,v1,phase6a,2026-07-12,0,0,2,0,0,0,v1,620,0.03129890453834116,620,0.03129890453834116,620,0.03129890453834116,^TWII,yfinance,2y,2026-09-23,scan_20260924_160449,False,False
True,0,-0.34166669845581055,-0.3916668891906738,True,False,觀察 (跌勢收斂),12.050000190734863,2026-09-23 00:00:00,12.189999961853028,-0.007499980926512606,False,False,0.47014193753992034,False,0.00025022173019531905,35.71078591682736,0.00025935016511393385,0.00027173090219262207,-0.36913065161684466,-1.3136389493182854,-2.0076571704771062,-0.36913065161684466,False,False,False,False,False,False,0.0,False,-0.18211213920612968,中性,1305.TW,華夏,1,v1,phase6a,2026-07-12,0,1,1,1,1,1,v1,257,0.5993740219092332,257,0.5993740219092332,265,0.5868544600938967,^TWII,yfinance,2y,2026-09-23,scan_20260924_160449,False,False
True,0,-1.8333333333333333,-1.5833333333333333,True,False,賣出 (動能轉弱),155.0,2026-09-23 00:00:00,157.45,-0.20000000000001705,False,False,1.191426595221627,False,0.0032186197150515733,49.7537183291992,0.003376685889591227,0.0035151502408484673,-0.490331679467515,-1.6136497821880091,-4.760568868278847,-0.490331679467515,False,False,False,False,False,False,0.0,False,-0.051987767584097844,中性,8083.TWO,瑞穎,0,v1,phase6a,2026-07-12,0,0,0,0,0,0,v1,614,0.0406885758998435,614,0.0406885758998435,614,0.0406885758998435,^TWII,yfinance,2y,2026-09-23,scan_20260924_160449,False,False
False,0,-0.375,-0.41666666666666663,False,True,強烈賣出 (跌破),31.350000381469727,2026-09-23 00:00:00,31.500000095367433,-0.01249999999999929,True,False,1.2079941117310276,False,0.0006509918019011149,35.97007483783101,0.0006757495763424367,0.0007032944310109348,-0.3841762783184488,-1.49032764821323,-4.725093649885448,-0.3841762783184488,False,False,False,False,False,False,0.0,False,-0.03240744120244898,中性,1752.TW,南光,0,v1,phase6a,2026-07-12,0,0,0,0,0,0,v1,478,0.2535211267605634,478,0.2535211267605634,480,0.25039123630672927,^TWII,yfinance,2y,2026-09-23,scan_20260924_160449,False,False
True,0,0.40000057220458984,0.391667366027832,True,False,買入 (動能增強),31.149999618530273,2026-09-23 00:00:00,30.86750011444092,0.009999942779540305,False,True,0.8105748555271529,False,0.0006468387283616163,37.580833563204955,0.0006646890347182885,0.000686554142532431,-0.28188865593363754,-0.8977967780962048,-3.442110041224189,-0.28188865593363754,False,False,False,False,False,False,0.0,False,-0.00897901221884756,中性,1614.TW,三洋電,2,v1,phase6a,2026-07-12,0,2,4,2,2,2,v1,92,0.8575899843505478,92,0.8575899843505478,119,0.8153364632237872,^TWII,yfinance,2y,2026-09-23,scan_20260924_160449,False,False
False,0,0.20333353678385416,0.08500019709269205,False,True,強烈買入 (爆發),9.09000015258789,2026-09-23 00:00:00,8.802000045776367,0.017500019073485973,False,True,0.5440582667167437,False,0.0001887564754899432,38.84535547917131,0.00019105580129243012,0.00020155141240778819,-0.1265222339057681,-0.6109780509157225,-6.87945807629875,-0.1265222339057681,False,False,False,False,False,True,0.12018795461479656,False,-0.19199998643663196,中性,6142.TW,友勁,3,v1,phase6a,2026-07-12,0,3,5,3,3,3,v1,52,0.92018779342723,52,0.92018779342723,67,0.8967136150234741,^TWII,yfinance,2y,2026-09-23,scan_20260924_160449,False,False
True,0,0.15833377838134766,0.05000050862630209,True,False,買入 (動能增強),23.700000762939453,2026-09-23 00:00:00,23.879999923706055,-0.017499923706054688,False,False,0.7261992420506516,False,0.0004921373529182855,29.05572271749958,0.0005152329420311532,0.0005486324646946106,-0.46963172584877366,-1.2854986743411012,-6.196858509126846,-0.46963172584877366,False,False,False,False,False,False,0.0,False,-0.13186807966038294,中性,4523.TWO,永彰,2,v1,phase6a,2026-07-12,0,2,2,2,2,2,v1,168,0.7386541471048513,168,0.7386541471048513,181,0.7183098591549296,^TWII,yfinance,2y,2026-09-23,scan_20260924_160449,False,False
True,0,0.349999745686849,0.34999974568684894,True,False,買入 (動能增強),45.20000076293945,2026-09-23 00:00:00,45.46249980926514,-0.05749988555908203,False,False,0.11806841475043559,False,0.0009385910553286651,34.913759669293285,0.0009782481284322144,0.0010033419764754606,-0.42491173652655645,-1.3588476892725243,-4.650256496010197,-0.42491173652655645,False,False,False,False,False,False,0.03959613941770035,False,-0.058333317438761356,中性,2704.TW,國賓,2,v1,phase6a,2026-07-12,0,2,2,2,2,2,v1,124,0.8075117370892019,124,0.8075117370892019,144,0.7762128325508607,^TWII,yfinance,2y,2026-09-23,scan_20260924_160449,False,False
True,1,-0.06666819254557292,0.016665140787760407,True,False,賣出 (動能轉弱),64.19999694824219,2026-09-23 00:00:00,64.49499893188477,-0.03500022888184162,False,False,0.23402581572205491,False,0.0013331314573152462,39.991776622962796,0.0013834526331429268,0.001418664898298361,-0.38141979521273406,-1.225573681859149,-3.3997922269053515,-0.38141979521273406,False,False,False,False,False,False,0.038168188926648874,False,-0.03458651205650842,中性,2015.TW,豐興,0,v1,phase6a,2026-07-12,0,0,0,0,0,0,v1,483,0.24569640062597808,483,0.24569640062597808,485,0.24256651017214398,^TWII,yfinance,2y,2026-09-23,scan_20260924_160449,False,False
False,0,-2.266667048136393,-2.716666539510091,False,True,強烈賣出 (跌破),60.79999923706055,2026-09-23 00:00:00,61.569999885559085,-0.05500011444091513,False,False,0.46649253110513084,False,0.001262529523996927,62.65659991162787,0.0012810493934519184,0.0012181987499957317,-0.15194557169500023,-1.0257389431046926,9.361068964260589,-0.15194557169500023,False,True,True,False,False,False,0.6170497629340754,False,-0.107195292226543,中性,6547.TWO,高端疫苗,0,v1,phase6a,2026-07-12,0,0,0,0,0,0,v1,581,0.09233176838810642,581,0.09233176838810642,581,0.09233176838810642,^TWII,yfinance,2y,2026-09-23,scan_20260924_160449,False,False
True,0,-2.9999999999999996,-3.1666666666666665,True,False,觀察 (跌勢收斂),192.5,2026-09-23 00:00:00,194.75,-0.22499999999999432,True,False,0.7663469945662092,False,0.003997318033209212,26.95485115046126,0.0042000065667455785,0.0045379399013868605,-0.5054230168716756,-2.248477030108298,-8.670612469245388,-0.5054230168716756,False,False,False,False,False,False,0.0037301659252959294,False,-0.1449325871772693,中性,1477.TW,聚陽,1,v1,phase6a,2026-07-12,0,1,1,1,1,1,v1,269,0.5805946791862285,269,0.5805946791862285,277,0.568075117370892,^TWII,yfinance,2y,2026-09-23,scan_20260924_160449,False,False
True,0,1.125,0.8583335876464843,True,False,買入 (動能增強),47.95000076293945,2026-09-23 00:00:00,46.485000419616696,0.09750003814696839,False,True,0.7742967275164001,False,0.0009956955986602251,99.68490003690437,0.0009853401714633502,0.0009160883281895903,0.11074877602235134,1.0490862113037513,10.44177016186849,0.11074877602235134,True,True,True,False,False,True,0.8218162676943965,False,-0.004153702110101909,偏強 (RS上升),2851.TW,中再保,2,v1,phase6a,2026-07-12,2,4,4,4,2,4,v1,127,0.8028169014084507,127,0.8028169014084507,46,0.9295774647887324,^TWII,yfinance,2y,2026-09-23,scan_20260924_160449,False,False
True,0,0.2583335240681966,0.3250001271565755,True,False,觀望 (動能減弱),31.850000381469727,2026-09-23 00:00:00,32.78000001907348,-0.05749998092651509,False,False,1.3513898540747518,False,0.0006613744461432167,24.360928139177854,0.0007056363059238531,0.0007519818983367514,-0.6559443877866,-0.4936534342975363,-4.26185661774322,-0.6559443877866,False,False,False,False,False,False,0.0,False,-0.16732025146484375,中性,6875.TWO,國邑*,0,v1,phase6a,2026-07-12,0,0,0,0,0,0,v1,597,0.06729264475743349,597,0.06729264475743349,597,0.06729264475743349,^TWII,yfinance,2y,2026-09-23,scan_20260924_160449,False,False
True,1,0.058333714803059905,-0.2666664123535156,True,False,買入 (動能增強),21.5,2026-09-23 00:00:00,20.83750009536743,-0.005000019073484907,False,True,1.9932964388664371,True,0.0004464537024103795,36.61700467663457,0.0004521445720500147,0.0004698953234337336,-0.1323130564263031,-0.9589839956194446,-8.952153587983869,-0.1323130564263031,False,False,False,False,False,True,0.15377578913544357,False,-0.2662115849885279,中性,3288.TWO,點晶,3,v1,phase6a,2026-07-12,0,3,4,3,3,3,v1,42,0.9358372456964006,42,0.9358372456964006,60,0.9076682316118936,^TWII,yfinance,2y,2026-09-23,scan_20260924_160449,True,False
True,1,5.916666666666667,4.5,True,False,買入 (動能增強),184.5,2026-09-23 00:00:00,181.825,0.22499999999999432,False,True,2.8763605837667656,True,0.0038311957253355823,53.917893855081104,0.003931845837315846,0.003998436255558953,-0.26873578430759437,0.20525246346014825,-3.7214699610424784,-0.26873578430759437,False,False,False,False,False,False,0.07969826799909754,False,-0.32916386490283145,中性,5483.TWO,中美晶,3,v1,phase6a,2026-07-12,0,3,5,3,3,3,v1,49,0.9248826291079812,49,0.9248826291079812,65,0.8998435054773083,^TWII,yfinance,2y,2026-09-23,scan_20260924_160449,True,False
True,1,0.4642264048258463,0.40655263264973956,True,False,買入 (動能增強),36.75,2026-09-23 00:00:00,36.78139152526855,-0.012368011474613638,True,False,0.7248289315545033,False,0.0007631243517944859,25.4100692388037,0.0007919740041393984,0.0008188667139916379,-0.3819829206259562,-1.0061351692544962,-4.150637661671885,-0.3819829206259562,False,False,False,False,False,False,0.0698161801502132,False,-0.0782433660362758,中性,6504.TW,南六,4,v1,phase6a,2026-07-12,0,4,4,4,4,4,v1,20,0.9702660406885759,20,0.9702660406885759,23,0.9655712050078247,^TWII,yfinance,2y,2026-09-23,scan_20260924_160449,False,True
False,0,0.5092900594075521,0.14886856079101565,False,True,強烈買入 (爆發),38.69047546386719,2026-09-23 00:00:00,35.68408966064453,0.1316322326660142,False,True,8.850688157168724,True,0.000803418884598207,16.7561745577246,0.0007659627468712593,0.0007870917989143796,0.5174078584287534,0.0678762620173412,-0.34576252335125623,0.5174078584287534,True,True,False,False,False,True,0.4868281918294762,False,0.0,偏強 (RS上升),1235.TW,興泰,3,v1,phase6a,2026-07-12,1,4,5,4,3,4,v1,27,0.9593114241001565,27,0.9593114241001565,29,0.9561815336463224,^TWII,yfinance,2y,2026-09-23,scan_20260924_160449,False,False
True,0,-0.7666676839192708,-0.9666684468587239,True,False,觀察 (跌勢收斂),79.80000305175781,2026-09-23 00:00:00,79.64000053405762,-0.04999999999999716,False,True,0.9946674771364629,False,0.0016570700844100866,43.78006615320911,0.001709021461883094,0.001749936091719948,-0.31896167144136456,-1.377779245634203,-4.563512542962855,-0.31896167144136456,False,False,False,False,False,False,0.11462900699791123,False,-0.15466099828524515,中性,6577.TWO,勁豐,2,v1,phase6a,2026-07-12,0,2,3,2,2,2,v1,218,0.6604068857589984,218,0.6604068857589984,223,0.6525821596244131,^TWII,yfinance,2y,2026-09-23,scan_20260924_160449,True,False
True,0,-0.6833330790201824,-1.7999998728434243,True,False,觀察 (跌勢收斂),63.0,2026-09-23 00:00:00,61.03999996185303,-0.15999984741210938,True,True,6.137649281362215,True,0.001308213174504833,86.70841887470732,0.0013021719636360579,0.0013472551260242552,0.04885895670476703,-0.9263371102312012,-2.190450702720026,0.04885895670476703,True,False,False,False,False,True,0.2625755146445134,False,-0.26573429185082875,中性,8162.TW,微矽電子-創,2,v1,phase6a,2026-07-12,0,2,3,2,2,2,v1,245,0.6181533646322379,245,0.6181533646322379,249,0.6118935837245696,^TWII,yfinance,2y,2026-09-23,scan_20260924_160449,True,False
True,1,0.33333206176757807,0.24999999999999994,True,False,買入 (動能增強),75.69999694824219,2026-09-23 00:00:00,74.83000030517579,0.10000000000000853,False,True,0.6381292174484142,False,0.0015719322748835886,34.29246372458982,0.001612521540847457,0.001708750966105172,-0.26426088051519914,-1.4290122995674226,-5.2150692703091135,-0.26426088051519914,False,False,False,False,False,False,0.05433408235159255,False,-0.08882541435226132,中性,2228.TW,劍麟,2,v1,phase6a,2026-07-12,0,2,4,2,2,2,v1,101,0.8435054773082942,101,0.8435054773082942,127,0.8028169014084507,^TWII,yfinance,2y,2026-09-23,scan_20260924_160449,False,False
True,2,-0.008332888285319008,-0.016666094462076828,True,False,觀察 (跌勢收斂),21.649999618530273,2026-09-23 00:00:00,21.829999923706055,-0.06500005722045898,False,False,0.3749075178705544,False,0.00044956848776168116,42.5511424964575,0.00046363524037300216,0.00046850657888735596,-0.318353046687303,-0.7775960958933403,2.0453423329130693,-0.318353046687303,False,False,False,False,False,False,0.3356705106985505,False,-0.05664492815653721,中性,3308.TW,聯德,2,v1,phase6a,2026-07-12,0,2,2,2,2,2,v1,146,0.7730829420970265,146,0.7730829420970265,161,0.7496087636932708,^TWII,yfinance,2y,2026-09-23,scan_20260924_160449,True,False
True,0,12.416666666666666,7.666666666666666,True,False,買入 (動能增強),300.0,2026-09-23 00:00:00,289.8,1.3000000000000114,False,True,0.6507691640840442,False,0.006229586545261109,52.08084125843666,0.006207210639199829,0.0062137416712501345,0.037959926964048485,1.0662828459290674,3.728841059078891,0.037959926964048485,True,True,False,False,False,True,0.6174281744674058,False,-0.011532125205930832,偏強 (RS上升),6937.TW,天虹,4,v1,phase6a,2026-07-12,1,5,6,5,4,5,v1,22,0.9671361502347418,22,0.9671361502347418,8,0.9890453834115805,^TWII,yfinance,2y,2026-09-23,scan_20260924_160449,False,True
True,0,-0.19166692097981772,-0.34166653951009107,True,False,觀察 (跌勢收斂),31.600000381469727,2026-09-23 00:00:00,31.83749990463257,-0.047499942779541726,False,False,1.103688213021709,False,0.0006561831240221658,29.92815241428422,0.0006837719649268516,0.0007348340515180309,-0.42291973074072287,-1.310436041344809,-5.3656805274744475,-0.42291973074072287,False,False,False,False,False,False,0.0,False,-0.2390755040059509,中性,6698.TW,旭暉應材,1,v1,phase6a,2026-07-12,0,1,1,1,1,1,v1,409,0.3615023474178404,409,0.3615023474178404,410,0.3599374021909233,^TWII,yfinance,2y,2026-09-23,scan_20260924_160449,False,False
True,0,-0.1333330472310384,-0.19166644414265954,True,False,觀察 (跌勢收斂),11.350000381469727,2026-09-23 00:00:00,11.422500085830688,-0.01749997138977122,False,False,0.2749655124038439,False,0.00023568603221704092,27.535712749833422,0.0002449337061154005,0.00025810398541806115,-0.39585647495080645,-1.4772630016810395,-4.98898524916015,-0.39585647495080645,False,False,False,False,False,False,0.0,False,-0.05809126955892996,中性,1813.TWO,寶利徠,1,v1,phase6a,2026-07-12,0,1,1,1,1,1,v1,282,0.5602503912363067,282,0.5602503912363067,290,0.5477308294209703,^TWII,yfinance,2y,2026-09-23,scan_20260924_160449,False,False
True,0,-0.34166685740153,-0.5250005722045898,True,False,觀察 (跌勢收斂),25.100000381469727,2026-09-23 00:00:00,25.487499904632568,-0.05500001907348562,False,False,0.80939044678985,False,0.0005212087488748418,44.52013469174323,0.0005467914310858235,0.0005657678960884678,-0.4900801890783457,-1.7771592016238347,-6.160448236342386,-0.4900801890783457,False,False,False,False,False,False,0.0,False,-0.07720589421199642,中性,6606.TW,建德工業,1,v1,phase6a,2026-07-12,0,1,1,1,1,1,v1,406,0.36619718309859156,406,0.36619718309859156,407,0.3646322378716745,^TWII,yfinance,2y,2026-09-23,scan_20260924_160449,False,False
True,0,-0.416666030883789,-0.31666628519694007,True,False,賣出 (動能轉弱),50.900001525878906,2026-09-23 00:00:00,51.25499992370605,-0.02999992370605753,True,False,0.7067535116815111,False,0.001056953215531284,31.517201911115652,0.0010999365244211117,0.0011431573087482684,-0.40966213288270437,-1.5121578629221366,-4.353107547109348,-0.40966213288270437,False,False,False,False,False,False,0.0,False,-0.024904199579696362,中性,6281.TW,全國電,0,v1,phase6a,2026-07-12,0,0,0,0,0,0,v1,574,0.10328638497652583,574,0.10328638497652583,574,0.10328638497652583,^TWII,yfinance,2y,2026-09-23,scan_20260924_160449,False,False
True,0,-0.3500003814697265,-0.7416671117146807,True,False,觀察 (跌勢收斂),28.200000762939453,2026-09-23 00:00:00,28.48000011444092,-0.039999961853027344,False,False,0.0,False,0.0005855811510972022,36.40324437718088,0.0006122166091126028,0.0006569333472298145,-0.4558763724261117,-1.7460798203664418,-7.230439880007067,-0.4558763724261117,False,False,False,False,False,False,0.0,False,-0.1919770908311077,中性,8183.TWO,精星,1,v1,phase6a,2026-07-12,0,1,1,1,1,1,v1,441,0.3114241001564945,441,0.3114241001564945,442,0.30985915492957744,^TWII,yfinance,2y,2026-09-23,scan_20260924_160449,False,False
False,0,0.5666656494140625,0.13333193461100257,False,True,強烈買入 (爆發),38.099998474121094,2026-09-23 00:00:00,36.68249988555908,0.039999961853027344,False,True,0.8907562694104609,False,0.0007911574595628453,47.70735616663071,0.000786627230722975,0.0008134690145456937,0.06065839503313075,0.7405404916422942,0.23462300860881413,0.06065839503313075,True,False,False,False,False,True,0.3426909522351097,False,-0.1281465032276965,偏強 (RS上升),4906.TW,正文,3,v1,phase6a,2026-07-12,1,4,5,4,3,4,v1,48,0.9264475743348983,48,0.9264475743348983,37,0.9436619718309859,^TWII,yfinance,2y,2026-09-23,scan_20260924_160449,False,False
True,0,-1.7166659037272134,-2.033332824707031,True,False,觀察 (跌勢收斂),66.0999984741211,2026-09-23 00:00:00,67.60999984741211,-0.20000000000000284,False,False,0.6280278959841916,False,0.0013725855371205487,76.81958151613344,0.0014437762097504094,0.0015193625638360647,-0.516358444370324,-1.6490959694759666,-4.369852580377753,-0.516358444370324,False,False,False,False,False,False,0.0,False,-0.12072471567961907,中性,2374.TW,佳能,1,v1,phase6a,2026-07-12,0,1,1,1,1,1,v1,294,0.5414710485133021,294,0.5414710485133021,302,0.5289514866979655,^TWII,yfinance,2y,2026-09-23,scan_20260924_160449,False,False
True,0,0.7666651407877604,0.3166650136311848,True,False,買入 (動能增強),58.5,2026-09-23 00:00:00,56.74000015258789,0.19999999999999574,False,True,1.1737143225366957,False,0.0012147693763259165,123.15112285134026,0.0012090444993987596,0.0012489937748691247,0.04986740640973153,0.7818609043846125,4.494294428342349,0.04986740640973153,True,False,False,False,False,True,0.4643650986942477,False,-0.09020222047406656,偏強 (RS上升),3054.TW,立萬利,2,v1,phase6a,2026-07-12,1,3,4,3,2,3,v1,137,0.7871674491392802,137,0.7871674491392802,89,0.8622848200312989,^TWII,yfinance,2y,2026-09-23,scan_20260924_160449,False,False
True,0,-0.1849998633066813,-0.20333321889241535,True,False,觀察 (跌勢收斂),4.5,2026-09-23 00:00:00,4.564999914169311,0.000999999046324973,False,False,1.0904971858012926,False,9.344379817891664e-05,22.80860449531993,9.700200022617721e-05,0.00010290746843689761,-0.38463838813900253,-1.9130491734255073,-3.2416469621661337,-0.38463838813900253,False,False,False,False,False,False,0.14043097361432413,False,-0.06444905331961448,中性,8933.TWO,愛地雅,1,v1,phase6a,2026-07-12,0,1,2,1,1,1,v1,452,0.2942097026604069,452,0.2942097026604069,453,0.29264475743348983,^TWII,yfinance,2y,2026-09-23,scan_20260924_160449,False,False
True,1,-0.0666675567626953,-0.28333409627278644,True,False,觀察 (跌勢收斂),50.70000076293945,2026-09-23 00:00:00,50.38249969482422,0.005000114440917969,False,True,0.6501258880128608,False,0.0010528001419917853,44.76830737254873,0.001081603473859307,0.0011147896279636363,-0.2795344555782675,-1.0541956749248405,-3.696921574622669,-0.2795344555782675,False,False,False,False,False,False,0.0,False,-0.03428569975353424,中性,8432.TWO,東生華,1,v1,phase6a,2026-07-12,0,1,3,1,1,1,v1,450,0.297339593114241,450,0.297339593114241,451,0.29577464788732394,^TWII,yfinance,2y,2026-09-23,scan_20260924_160449,False,False
True,0,-0.6833337148030598,-0.6833337148030598,True,False,賣出 (動能轉弱),59.900001525878906,2026-09-23 00:00:00,59.95,0.01000003814697692,False,False,0.5956878114906172,False,0.0012438408118891173,44.13141448536404,0.0012870804694069566,0.0013504554304783903,-0.35238696883157505,-1.4583187811302079,-4.577150184749746,-0.35238696883157505,False,False,False,False,False,False,0.0,False,-0.07160661973466476,中性,6203.TWO,海韻電,0,v1,phase6a,2026-07-12,0,0,1,0,0,0,v1,565,0.11737089201877934,565,0.11737089201877934,565,0.11737089201877934,^TWII,yfinance,2y,2026-09-23,scan_20260924_160449,False,False
True,0,0.17499987284342447,0.08333333333333334,True,False,買入 (動能增強),20.549999237060547,2026-09-23 00:00:00,20.414999961853027,-0.0025000572204589844,True,True,0.8063378152276895,False,0.0004267266625077282,35.06964532523256,0.00043802654298278617,0.0004476149352262255,-0.27081460866037466,-1.0949848385028105,-2.9796605542514287,-0.27081460866037466,False,False,False,False,False,False,0.18124684879874353,False,-0.026066404477044336,中性,1598.TW,岱宇,4,v1,phase6a,2026-07-12,0,4,5,4,4,4,v1,8,0.9890453834115805,8,0.9890453834115805,13,0.9812206572769953,^TWII,yfinance,2y,2026-09-23,scan_20260924_160449,False,True
True,1,-0.10666656494140625,-0.1400000254313151,True,False,觀察 (跌勢收斂),8.050000190734863,2026-09-23 00:00:00,8.122000074386596,-0.011999988555908558,True,False,1.3378838874183825,False,0.00016716057625850423,12.79764249627124,0.00017531446299282947,0.00019189404847751686,-0.4871944069852252,-2.0572297515150884,-8.764456122149832,-0.4871944069852252,False,False,False,False,False,False,0.0,False,-0.14994720551781648,中性,2726.TWO,雅茗-KY,1,v1,phase6a,2026-07-12,0,1,1,1,1,1,v1,313,0.5117370892018779,313,0.5117370892018779,321,0.49921752738654146,^TWII,yfinance,2y,2026-09-23,scan_20260924_160449,False,False
True,0,0.35000101725260413,0.34999974568684894,True,False,買入 (動能增強),70.30000305175781,2026-09-23 00:00:00,69.75500030517578,0.04999999999999716,False,True,1.0549421043799294,False,0.0014597998438101514,37.93222319593457,0.00149851117988189,0.0015395874396209293,-0.27119095517141867,-0.9231438458601304,-2.887788244755629,-0.27119095517141867,False,False,False,False,False,False,0.0,False,-0.002836836145279298,中性,9927.TW,泰銘,4,v1,phase6a,2026-07-12,0,4,6,4,4,4,v1,26,0.9608763693270735,26,0.9608763693270735,28,0.9577464788732394,^TWII,yfinance,2y,2026-09-23,scan_20260924_160449,False,True
True,0,13.166666666666664,5.416666666666667,True,False,買入 (動能增強),329.0,2026-09-23 00:00:00,307.625,0.22500000000002274,False,True,2.844764912296497,True,0.006831779911303017,67.81518013705592,0.006640128873552284,0.007184094608645003,0.30474215011027095,0.3429239391844474,-3.25612925958797,0.30474215011027095,True,False,False,False,False,True,0.32863309291691706,False,-0.08759637508893903,偏強 (RS上升),4768.TWO,晶呈科技,2,v1,phase6a,2026-07-12,1,3,4,3,2,3,v1,175,0.7276995305164319,175,0.7276995305164319,90,0.8607198748043818,^TWII,yfinance,2y,2026-09-23,scan_20260924_160449,False,False
True,0,-0.08333396911621092,-0.15000057220458987,True,False,觀察 (跌勢收斂),20.399999618530273,2026-09-23 00:00:00,20.36750011444092,-0.01249999999999929,False,True,0.30186898062961637,False,0.00042361187715642655,29.440790210667902,0.0004371463974775607,0.0004563414050358975,-0.32484730574589005,-1.1054749228777805,-4.07140585308019,-0.32484730574589005,False,False,False,False,False,False,0.0,False,-0.04000001795151653,中性,2642.TW,宅配通,1,v1,phase6a,2026-07-12,0,1,2,1,1,1,v1,310,0.5164319248826291,310,0.5164319248826291,318,0.5039123630672926,^TWII,yfinance,2y,2026-09-23,scan_20260924_160449,False,False
True,0,-28.58333333333333,-32.0,True,False,觀察 (跌勢收斂),290.0,2026-09-23 00:00:00,303.05,0.8249999999999886,False,False,0.3229068289649256,False,0.006021933660419073,78.40605056618827,0.006236220278781827,0.005851385042961544,-0.36039767818299984,-1.101512065649246,12.095816982880825,-0.36039767818299984,False,True,True,False,False,False,0.5881481547213598,False,-0.13432835820895528,中性,7788.TW,松川精密,1,v1,phase6a,2026-07-12,0,1,2,1,1,1,v1,428,0.3317683881064163,428,0.3317683881064163,429,0.3302034428794992,^TWII,yfinance,2y,2026-09-23,scan_20260924_160449,False,False
True,1,-0.5833333333333333,-0.5333328247070312,True,False,賣出 (動能轉弱),59.099998474121094,2026-09-23 00:00:00,59.26499996185303,-0.03500003814696839,True,False,0.30898485833746486,False,0.0012272285177311229,45.81837708437513,0.0012668765280846417,0.0013046892113021832,-0.32834859090264956,-1.0203612569862242,-1.96516992025767,-0.32834859090264956,False,False,False,False,False,False,0.15166963317550186,False,-0.1139430108223024,中性,6792.TW,詠業,0,v1,phase6a,2026-07-12,0,0,0,0,0,0,v1,594,0.07198748043818466,594,0.07198748043818466,594,0.07198748043818466,^TWII,yfinance,2y,2026-09-23,scan_20260924_160449,False,False
True,0,0.08333365122477213,0.05000034968058267,True,False,買入 (動能增強),10.75,2026-09-23 00:00:00,10.797500038146973,-0.007499980926512606,False,False,0.40630025570531386,False,0.00022322685120518976,32.90822586095929,0.0002325990743761032,0.00024578859828739986,-0.4223503954546626,-1.4409912416075032,-5.558751901762815,-0.4223503954546626,False,False,False,False,False,False,0.0,False,-0.07662754933736948,中性,1220.TW,台榮,2,v1,phase6a,2026-07-12,0,2,2,2,2,2,v1,73,0.8873239436619719,73,0.8873239436619719,102,0.8419405320813772,^TWII,yfinance,2y,2026-09-23,scan_20260924_160449,False,False
True,3,0.0,0.0,True,False,賣出 (動能轉弱),3.2699999809265137,2026-09-23 00:00:00,3.2699999809265137,0.0,False,False,1.0,False,6.790249294727965e-05,34.85523513477436,7.022082526748689e-05,7.425890728975777e-05,-0.3463215285088417,-1.2439081962209664,-3.7028673647990895,-0.3463215285088417,False,False,False,False,False,False,0.0,False,0.0,中性,4804.TWO,大略-KY,0,v1,phase6a,2026-07-12,0,0,0,0,0,0,v1,546,0.14710485133020346,546,0.14710485133020346,546,0.14710485133020346,^TWII,yfinance,2y,2026-09-23,scan_20260924_160449,False,False
True,1,0.0,0.04166666666666667,True,False,賣出 (動能轉弱),42.70000076293945,2026-09-23 00:00:00,43.08500022888184,-0.02499999999999858,False,False,1.9396149253152388,True,0.0008866778341181558,52.32785124099238,0.000924207322223602,0.0009488295258919291,-0.4256250882014645,-1.260400038092535,-3.108214029878953,-0.4256250882014645,False,False,False,False,False,False,0.0,False,-0.0183907870588631,中性,9918.TW,欣天然,0,v1,phase6a,2026-07-12,0,0,0,0,0,0,v1,634,0.009389671361502348,634,0.009389671361502348,634,0.009389671361502348,^TWII,yfinance,2y,2026-09-23,scan_20260924_160449,False,False
True,0,-0.9666668574015298,-0.9416669209798176,True,False,賣出 (動能轉弱),22.049999237060547,2026-09-23 00:00:00,22.264999771118163,-0.07000007629394744,False,False,2.565394658481836,True,0.0004578745952340337,21.44246667797441,0.0004772474615762982,0.0005107179393068431,-0.4254758254887192,-2.079235827315151,-7.447161200432372,-0.4254758254887192,False,False,False,False,False,False,0.0,False,-0.08884303545855576,中性,6929.TWO,佑全,0,v1,phase6a,2026-07-12,0,0,0,0,0,0,v1,600,0.06259780907668232,600,0.06259780907668232,600,0.06259780907668232,^TWII,yfinance,2y,2026-09-23,scan_20260924_160449,False,False
True,0,-3.0500005086263013,-3.1833330790201817,True,False,觀察 (跌勢收斂),92.5999984741211,2026-09-23 00:00:00,92.07999877929687,-0.015000152587887783,False,True,0.846688154498848,False,0.001922865681951947,49.35159936159664,0.001975474340619671,0.002235871142225211,-0.27954163229422235,-0.9135553401843133,-5.625706348238557,-0.27954163229422235,False,False,False,False,False,True,0.019522439716056415,False,-0.24715448395023498,中性,6854.TW,錼創科技-KY創,1,v1,phase6a,2026-07-12,0,1,2,1,1,1,v1,419,0.3458528951486698,419,0.3458528951486698,420,0.3442879499217527,^TWII,yfinance,2y,2026-09-23,scan_20260924_160449,False,False
True,0,-1.408332824707031,-1.4416656494140625,True,False,觀察 (跌勢收斂),46.0,2026-09-23 00:00:00,47.357500076293945,-0.10000000000000142,False,False,0.2987845262637475,False,0.0009552032702733702,35.61181132360282,0.0010139208067178787,0.0010719246264353395,-0.6058997760399198,-2.055534220804367,-6.442927309496705,-0.6058997760399198,False,False,False,False,False,False,0.0,False,-0.20277297414620366,中性,6928.TW,攸泰科技,1,v1,phase6a,2026-07-12,0,1,1,1,1,1,v1,421,0.3427230046948357,421,0.3427230046948357,422,0.3411580594679186,^TWII,yfinance,2y,2026-09-23,scan_20260924_160449,False,False
True,1,-0.9750010172526042,-1.208333969116211,True,False,觀察 (跌勢收斂),43.70000076293945,2026-09-23 00:00:00,43.875000190734866,0.014999961853028765,False,False,0.4842450644322592,False,0.0009074431226023594,100.52765646778526,0.0009382439560246996,0.0010020336519389263,-0.34436969627350544,-1.7434205165653416,-4.8843772709600835,-0.34436969627350544,False,False,False,False,False,False,0.05701701421315193,False,-0.3694228952961849,中性,3236.TWO,千如,1,v1,phase6a,2026-07-12,0,1,2,1,1,1,v1,327,0.48982785602503914,327,0.48982785602503914,334,0.4788732394366197,^TWII,yfinance,2y,2026-09-23,scan_20260924_160449,False,False
True,0,0.06333351135253906,0.055000146230061844,True,False,買入 (動能增強),9.25,2026-09-23 00:00:00,9.265500020980834,-0.00799999237060689,False,False,1.182551249514656,False,0.00019207891847888422,42.87235646893776,0.0001994790562932375,0.00020807966395744858,-0.38897911919807404,-1.2907995836981878,-4.876628775762537,-0.38897911919807404,False,False,False,False,False,False,0.0,False,-0.15909090909090906,中性,1413.TW,宏洲,2,v1,phase6a,2026-07-12,0,2,2,2,2,2,v1,82,0.8732394366197183,82,0.8732394366197183,110,0.8294209702660407,^TWII,yfinance,2y,2026-09-23,scan_20260924_160449,False,False
True,0,-0.3583335876464844,-0.3833335240681966,True,False,觀察 (跌勢收斂),17.899999618530273,2026-09-23 00:00:00,17.94749994277954,0.0,False,False,0.5211017773052513,False,0.00037169865594591727,45.01536407527706,0.0003836106262023288,0.0003903780062901756,-0.32580078129278434,-1.1028795525910962,-2.8888211336182468,-0.32580078129278434,False,False,False,False,False,False,0.08097943609975285,False,-0.08205130161383212,中性,1434.TW,福懋,1,v1,phase6a,2026-07-12,0,1,1,1,1,1,v1,264,0.5884194053208138,264,0.5884194053208138,272,0.5758998435054773,^TWII,yfinance,2y,2026-09-23,scan_20260924_160449,False,False
True,1,-0.2583325703938802,-0.266665776570638,True,False,觀察 (跌勢收斂),24.299999237060547,2026-09-23 00:00:00,24.47249984741211,-0.022500038146972656,True,False,0.00810984713213466,False,0.000504596494323492,31.117723652507134,0.0005275334218738531,0.0005633081305622742,-0.4555945445056886,-1.863148473295373,-7.417498472296669,-0.4555945445056886,False,False,False,False,False,False,0.0,False,-0.11956525720284972,中性,1410.TW,南染,1,v1,phase6a,2026-07-12,0,1,1,1,1,1,v1,262,0.5915492957746479,262,0.5915492957746479,270,0.5790297339593115,^TWII,yfinance,2y,2026-09-23,scan_20260924_160449,False,False
