is_squeezed,energy_level,momentum,prev_momentum,squeeze_on,fired,Signal,Close,timestamp,ma20,ma20_slope,ma20_converging,close_above_ma20,volume_expansion_ratio,volume_expansion,rs_ratio,rs_index,rs_ema20,rs_ema60,rs_slope_1d,rs_slope_5d,rs_slope_20d,rs_slope,rs_above_ema20,rs_above_ema60,rs_ema20_above_ema60,rs_new_high_60,rs_new_high_120,rs_rising_10,rs_percentile_60,rs_high_price_not_high,price_dist_to_high_60,rs_signal,ticker,name,ranking_score,ranking_score_version,feature_schema_version,feature_schema_date,rs_component_score,experimental_score,shadow_score_ma20,shadow_score_rs,composite_score,composite_score_v2,score_version,rank_position_v1,ranking_percentile_v1,rank_position,ranking_percentile,rank_position_v2,ranking_percentile_v2,benchmark_symbol,benchmark_source,benchmark_period,benchmark_last_date,scan_id,has_houyi,has_whale
True,1,0.08666674296061197,0.07666683197021484,True,False,買入 (動能增強),9.739999771118164,2026-10-08 00:00:00,9.685499954223634,0.000999975204468484,False,True,0.06416740618464574,False,0.00019751206756954734,26.34821422976701,0.00020220830656193464,0.0002135203779171161,-0.24387493337814092,-1.7112942822732236,-4.3358051694169175,-0.24387493337814092,False,False,False,False,False,False,0.06447730180914167,False,-0.06346152611738076,中性,1626.TW,艾美特-KY,2,v1,phase6a,2026-07-12,0,2,4,2,2,2,v1,104,0.8314238952536824,104,0.8314238952536824,111,0.8199672667757774,^TWII,yfinance,2y,2026-10-08,scan_20261009_174201,False,False
True,0,-0.6166661580403646,0.05000050862630204,True,False,賣出 (動能轉弱),54.79999923706055,2026-10-08 00:00:00,56.01999988555908,-0.08000011444092081,True,False,0.38411541672150595,False,0.0011112588713006587,29.105977127409993,0.001170237370207729,0.0012471502757280405,-0.5277135523632848,-2.9983553824375564,-7.0387930218423485,-0.5277135523632848,False,False,False,False,False,False,0.03254120517157585,False,-0.1046292110516579,中性,2250.TW,IKKA-KY,0,v1,phase6a,2026-07-12,0,0,0,0,0,0,v1,351,0.42716857610474634,351,0.42716857610474634,354,0.42225859247135844,^TWII,yfinance,2y,2026-10-08,scan_20261009_174201,False,False
True,0,-0.05833307902018229,-0.041666666666666664,True,False,賣出 (動能轉弱),39.400001525878906,2026-10-08 00:00:00,39.542500495910645,-0.009999847412110796,False,False,0.4367327249840872,False,0.0007989708363952335,47.979805719150356,0.0008247011474197956,0.0008598320369695243,-0.3273413540394343,-2.116122042696289,-5.009937891432193,-0.3273413540394343,False,False,False,False,False,False,0.03504537426872699,False,-0.0295565761906883,中性,9925.TW,新保,0,v1,phase6a,2026-07-12,0,0,0,0,0,0,v1,607,0.008183306055646482,607,0.008183306055646482,607,0.008183306055646482,^TWII,yfinance,2y,2026-10-08,scan_20261009_174201,False,False
False,0,-0.04166475931803383,0.03333473205566407,False,True,強烈賣出 (跌破),36.150001525878906,2026-10-08 00:00:00,36.507499885559085,-0.004999923706051845,True,False,0.5465094591261063,False,0.0007330658841687987,34.63822001525289,0.0007608555169590069,0.0008089184076216081,-0.38299270267385666,-2.327265453214189,-5.063017238862022,-0.38299270267385666,False,False,False,False,False,False,0.03854443641028155,False,-0.07307688395182288,中性,2387.TW,精元,0,v1,phase6a,2026-07-12,0,0,0,0,0,0,v1,366,0.4026186579378069,366,0.4026186579378069,369,0.397708674304419,^TWII,yfinance,2y,2026-10-08,scan_20261009_174201,False,False
True,0,-0.3166662851969401,-0.3833325703938802,True,False,觀察 (跌勢收斂),50.20000076293945,2026-10-08 00:00:00,50.535000228881835,-0.039999961853027344,True,False,0.6750586115078234,False,0.0010179780467841591,31.66704234928076,0.0010543306750587613,0.0011166271142876126,-0.36162795148280136,-2.215757092907167,-5.888348679806277,-0.36162795148280136,False,False,False,False,False,False,0.03819889841601503,False,-0.05992510620788383,中性,9943.TW,好樂迪,1,v1,phase6a,2026-07-12,0,1,1,1,1,1,v1,301,0.5090016366612111,301,0.5090016366612111,302,0.5073649754500819,^TWII,yfinance,2y,2026-10-08,scan_20261009_174201,False,False
True,0,0.4583333333333333,0.46666653951009107,True,False,觀望 (動能減弱),21.75,2026-10-08 00:00:00,21.869999980926515,-0.035000038146971946,True,False,0.6440659040436313,False,0.0004410562187461409,48.412108082412146,0.0004614900521396979,0.0004962465971172234,-0.46392142078527376,-2.4897826235164455,-10.519778577792327,-0.46392142078527376,False,False,False,False,False,False,0.03233948873163899,False,-0.21338154430122502,中性,8071.TWO,能率網通,0,v1,phase6a,2026-07-12,0,0,0,0,0,0,v1,571,0.06710310965630115,571,0.06710310965630115,571,0.06710310965630115,^TWII,yfinance,2y,2026-10-08,scan_20261009_174201,False,False
True,1,-0.016666412353515625,-0.03333314259847005,True,False,觀察 (跌勢收斂),12.199999809265137,2026-10-08 00:00:00,12.140000057220458,0.0,False,True,0.9315040821479673,False,0.00024739704756681014,39.762809770229985,0.0002531117463034394,0.00026425050171628684,-0.23709724746545646,-2.0421410837038967,-4.699393380959216,-0.23709724746545646,False,False,False,False,False,False,0.0758336735262962,False,-0.02713182067553832,中性,2706.TW,第一店,1,v1,phase6a,2026-07-12,0,1,2,1,1,1,v1,237,0.613747954173486,237,0.613747954173486,239,0.6104746317512275,^TWII,yfinance,2y,2026-10-08,scan_20261009_174201,False,False
True,1,0.10000006357828775,-0.024999936421712235,True,False,買入 (動能增強),25.5,2026-10-08 00:00:00,25.362499904632568,-0.00500001907348846,True,True,0.8923965697339928,False,0.0005171003943920272,49.32341045149879,0.0005310585014794964,0.0005836209607854087,-0.2759056891914913,-1.8307412387394861,-6.470140839739679,-0.2759056891914913,False,False,False,False,False,False,0.031374255047049084,False,-0.27350424192180767,中性,6220.TWO,岳豐,2,v1,phase6a,2026-07-12,0,2,3,2,2,2,v1,173,0.7184942716857611,173,0.7184942716857611,174,0.7168576104746317,^TWII,yfinance,2y,2026-10-08,scan_20261009_174201,False,False
True,0,1.0833333333333333,1.25,True,False,觀望 (動能減弱),108.5,2026-10-08 00:00:00,108.15,0.07500000000000284,False,True,0.6207237146708097,False,0.0022002114820209783,46.76878107413822,0.002256278424615631,0.002332135169734121,-0.26088918159673513,-1.69998513526326,-3.532647857644533,-0.26088918159673513,False,False,False,False,False,False,0.0625368511664347,False,-0.013636363636363669,中性,6728.TWO,上洋,0,v1,phase6a,2026-07-12,0,0,2,0,0,0,v1,534,0.1276595744680851,534,0.1276595744680851,534,0.1276595744680851,^TWII,yfinance,2y,2026-10-08,scan_20261009_174201,False,False
False,0,0.5333334604899087,0.7750002543131509,False,True,強烈買入 (爆發),35.75,2026-10-08 00:00:00,36.979999732971194,-0.07250003814696981,False,False,1.1570214166055572,False,0.0007249544744907832,34.38205096603937,0.0007767667718912239,0.0008356776503507897,-0.6972362220228678,-2.7809861095286936,-8.795235327462603,-0.6972362220228678,False,False,False,False,False,False,0.0,False,-0.3241966168467699,中性,2425.TW,承啟,3,v1,phase6a,2026-07-12,0,3,3,3,3,3,v1,35,0.9443535188216039,35,0.9443535188216039,46,0.9263502454991817,^TWII,yfinance,2y,2026-10-08,scan_20261009_174201,False,False
True,0,0.09166685740152994,0.1916669209798177,True,False,觀望 (動能減弱),31.549999237060547,2026-10-08 00:00:00,31.62249994277954,-0.0025000572204589844,True,False,0.349557645614133,False,0.0006397849822961634,38.36651695691797,0.000659365425124965,0.0006796231101234107,-0.3116142412189826,-2.0291446167438387,-4.193224837808806,-0.3116142412189826,False,False,False,False,False,False,0.07314528750502909,False,-0.01406252384185791,中性,1593.TWO,祺驊,0,v1,phase6a,2026-07-12,0,0,0,0,0,0,v1,335,0.4533551554828151,335,0.4533551554828151,338,0.44844517184942717,^TWII,yfinance,2y,2026-10-08,scan_20261009_174201,False,False
True,2,0.33333333333333337,0.6666666666666666,True,False,觀望 (動能減弱),177.5,2026-10-08 00:00:00,177.975,-0.125,True,False,1.0496676550088213,False,0.0035994243139052876,40.94652083945462,0.0037667275204002816,0.004129099049997715,-0.4653617634963858,-2.7294963584692633,-12.232598630604464,-0.4653617634963858,False,False,False,False,False,False,0.020895815135366216,False,-0.2349137931034483,中性,8114.TW,振樺電,0,v1,phase6a,2026-07-12,0,0,0,0,0,0,v1,575,0.060556464811783964,575,0.060556464811783964,575,0.060556464811783964,^TWII,yfinance,2y,2026-10-08,scan_20261009_174201,False,False
True,0,-0.3583335876464843,-0.3583335876464843,True,False,賣出 (動能轉弱),40.599998474121094,2026-10-08 00:00:00,40.875000190734866,-0.04000015258788636,True,False,0.39554223896684365,False,0.0008233049107170086,40.71259715367102,0.0008505076374319242,0.0008803821175875437,-0.33554510770117396,-2.236066201423459,-4.617850463470685,-0.33554510770117396,False,False,False,False,False,False,0.05152377242981687,False,-0.02168678375611821,中性,8481.TW,政伸,0,v1,phase6a,2026-07-12,0,0,0,0,0,0,v1,587,0.04091653027823241,587,0.04091653027823241,587,0.04091653027823241,^TWII,yfinance,2y,2026-10-08,scan_20261009_174201,False,False
True,0,3.533335367838541,4.2666689554850254,True,False,觀望 (動能減弱),92.9000015258789,2026-10-08 00:00:00,91.56499977111817,0.09500007629394247,False,True,0.5812588225173912,False,0.0018838677422765456,43.466193271889594,0.001927398366778213,0.0021515266350635915,-0.23717480122468215,-1.6174132164828436,-5.831680233763137,-0.23717480122468215,False,False,False,False,False,False,0.08426040991073726,False,-0.13981480068630647,中性,6854.TW,錼創科技-KY創,0,v1,phase6a,2026-07-12,0,0,2,0,0,0,v1,544,0.11129296235679215,544,0.11129296235679215,544,0.11129296235679215,^TWII,yfinance,2y,2026-10-08,scan_20261009_174201,False,False
True,0,-1.6666666666666667,1.2499999999999998,True,False,賣出 (動能轉弱),114.5,2026-10-08 00:00:00,117.8,0.14999999999999147,False,False,0.19293231385184562,False,0.0023218821630543967,62.0988063144889,0.0024335303540200135,0.0024361466588819084,-0.4806168504300934,-2.0742643860039545,1.1717505799333283,-0.4806168504300934,False,False,False,False,False,False,0.16490990911509312,False,-0.08399999999999996,中性,3029.TW,零壹,0,v1,phase6a,2026-07-12,0,0,1,0,0,0,v1,412,0.32733224222585927,412,0.32733224222585927,413,0.32569558101472995,^TWII,yfinance,2y,2026-10-08,scan_20261009_174201,False,False
True,0,0.5166664123535156,1.4166666666666667,True,False,觀望 (動能減弱),85.69999694824219,2026-10-08 00:00:00,90.68999900817872,-0.5600002288818331,True,False,1.5779221672348716,True,0.001737862832209081,41.01826106468724,0.0018934963731955558,0.0019112485892558452,-0.8577757687789123,-2.7793754049380337,-7.342971380202257,-0.8577757687789123,False,False,False,False,False,False,0.07650509097522139,False,-0.1838095528738839,中性,2465.TW,麗臺,3,v1,phase6a,2026-07-12,0,3,3,3,3,3,v1,37,0.9410801963993454,37,0.9410801963993454,47,0.9247135842880524,^TWII,yfinance,2y,2026-10-08,scan_20261009_174201,True,True
True,1,0.2916666666666667,0.25,True,False,買入 (動能增強),21.5,2026-10-08 00:00:00,21.305000019073486,-0.0024999618530294754,True,True,0.4007689088445797,False,0.0004359866070364151,24.70671296017672,0.0004463877316316661,0.0004736478887192573,-0.24466990509158792,-1.6814232187443268,-5.829688335780991,-0.24466990509158792,False,False,False,False,False,False,0.043017086077069853,False,-0.06318085902990345,中性,2722.TW,夏都,2,v1,phase6a,2026-07-12,0,2,3,2,2,2,v1,121,0.8036006546644845,121,0.8036006546644845,128,0.7921440261865794,^TWII,yfinance,2y,2026-10-08,scan_20261009_174201,False,False
True,1,-0.2500006357828776,-0.2583338419596354,True,False,觀察 (跌勢收斂),41.29999923706055,2026-10-08 00:00:00,41.48249969482422,-0.020000076293946734,True,False,0.9396917576112096,False,0.0008374998389754679,26.74506619601352,0.0008643065793072325,0.0009051062256358178,-0.32541459035644316,-2.208090376798466,-4.968906556096197,-0.32541459035644316,False,False,False,False,False,False,0.06345342038374527,False,-0.05163817155336814,中性,6968.TWO,萬達寵物,1,v1,phase6a,2026-07-12,0,1,1,1,1,1,v1,288,0.530278232405892,288,0.530278232405892,289,0.5286415711947627,^TWII,yfinance,2y,2026-10-08,scan_20261009_174201,False,False
True,1,-0.5,2.7755575615628914e-17,True,False,賣出 (動能轉弱),113.0,2026-10-08 00:00:00,113.8,-0.04999999999999716,True,False,0.6946295132879162,False,0.0022914644927960423,49.80793096295468,0.0023732710192946385,0.0024746586630903862,-0.36152976825409855,-2.263103383805032,-5.142376132060667,-0.36152976825409855,False,False,False,False,False,False,0.04097652601488058,False,-0.04641350210970463,中性,9942.TW,茂順,0,v1,phase6a,2026-07-12,0,0,0,0,0,0,v1,609,0.004909983633387889,609,0.004909983633387889,609,0.004909983633387889,^TWII,yfinance,2y,2026-10-08,scan_20261009_174201,False,False
True,0,-0.0666669209798177,-0.14166704813639322,True,False,觀察 (跌勢收斂),19.450000762939453,2026-10-08 00:00:00,19.46250009536743,-0.02499999999999858,True,False,2.0955625008792147,True,0.000394415806487891,59.68423324711052,0.0004080339054811098,0.0004293483859249033,-0.3500850473098449,-2.5066631490392566,-8.411420629790388,-0.3500850473098449,False,False,False,False,False,False,0.06893125072362292,False,-0.08254716684063723,中性,4207.TWO,環泰,1,v1,phase6a,2026-07-12,0,1,1,1,1,1,v1,253,0.5875613747954174,253,0.5875613747954174,255,0.5842880523731587,^TWII,yfinance,2y,2026-10-08,scan_20261009_174201,False,False
True,0,-0.45833333333333326,-0.30833307902018225,True,False,賣出 (動能轉弱),16.649999618530273,2026-10-08 00:00:00,17.28249979019165,-0.03750000000000142,False,False,0.42717071041673027,False,0.00033763613213212186,27.796912070470704,0.00035857761134618543,0.0003744777184875041,-0.6109967709169051,-3.2076567943461365,-5.6606657903716995,-0.6109967709169051,False,False,False,False,False,False,0.024665981153854454,False,-0.07500002119276261,中性,6958.TW,日盛台駿,0,v1,phase6a,2026-07-12,0,0,0,0,0,0,v1,555,0.09328968903436989,555,0.09328968903436989,555,0.09328968903436989,^TWII,yfinance,2y,2026-10-08,scan_20261009_174201,False,False
True,0,-0.10833358764648438,-0.18333371480305988,True,False,觀察 (跌勢收斂),45.900001525878906,2026-10-08 00:00:00,46.007500076293944,-0.034999847412109375,True,False,1.366223908918406,False,0.0009307807408481032,39.61364588638666,0.0009617388948231588,0.0010114024415128142,-0.3376954396923204,-2.2323746225109575,-6.394071981747795,-0.3376954396923204,False,False,False,False,False,False,0.04401647678101999,False,-0.04374996821085608,中性,7718.TWO,友鋮,1,v1,phase6a,2026-07-12,0,1,1,1,1,1,v1,289,0.5286415711947627,289,0.5286415711947627,290,0.5270049099836334,^TWII,yfinance,2y,2026-10-08,scan_20261009_174201,False,False
True,0,0.4333337148030598,0.2750008900960286,True,False,買入 (動能增強),35.79999923706055,2026-10-08 00:00:00,35.4125,-0.02499999999999858,True,True,1.1539565998872632,False,0.0007259683813615013,31.06281987598414,0.0007407352273099614,0.0007571707472640112,-0.20940678265771728,-1.6938138003140368,-5.288809810993378,-0.20940678265771728,False,False,False,False,False,False,0.17379512933836377,False,-0.045333353678385424,中性,2065.TWO,世豐,2,v1,phase6a,2026-07-12,0,2,3,2,2,2,v1,110,0.8216039279869067,110,0.8216039279869067,117,0.8101472995090017,^TWII,yfinance,2y,2026-10-08,scan_20261009_174201,False,False
True,0,1.2750002543131511,1.5916665395100908,True,False,觀望 (動能減弱),39.150001525878906,2026-10-08 00:00:00,39.51758079528808,-0.11491279602051208,False,False,1.129342728123038,False,0.0007939012246855078,13.89699847684129,0.0008286303625673423,0.0008667185907714553,-0.4392358462341428,-2.0287784081009397,-6.178219601818036,-0.4392358462341428,False,False,False,False,False,False,0.07241216145361637,False,-0.07318689001706169,中性,9906.TW,欣巴巴,0,v1,phase6a,2026-07-12,0,0,0,0,0,0,v1,600,0.019639934533551555,600,0.019639934533551555,600,0.019639934533551555,^TWII,yfinance,2y,2026-10-08,scan_20261009_174201,False,False
False,0,1.2499993642171223,0.9666659037272134,False,True,強烈買入 (爆發),46.54999923706055,2026-10-08 00:00:00,45.679999351501465,0.06000003814697408,False,True,1.0573472572545461,False,0.0009439616848797088,59.77059493963755,0.0009623651514617795,0.0010460682662690806,-0.20089207411166932,-1.5039577325139497,-7.326029515493559,-0.20089207411166932,False,False,False,False,False,False,0.05593594279593556,False,-0.15524708850443925,中性,3209.TW,全科,3,v1,phase6a,2026-07-12,0,3,5,3,3,3,v1,46,0.9263502454991817,46,0.9263502454991817,55,0.911620294599018,^TWII,yfinance,2y,2026-10-08,scan_20261009_174201,False,False
True,0,-0.3666667938232422,-0.29166666666666663,True,False,賣出 (動能轉弱),22.25,2026-10-08 00:00:00,22.992500019073486,-0.07749996185302876,True,False,2.813132777930036,True,0.0004511954421655924,33.2787684744064,0.000479954941515319,0.000496952960138308,-0.6267964662607595,-2.9527491279893625,-7.849415238800228,-0.6267964662607595,False,False,False,False,False,False,0.006358524314301471,False,-0.10821646013534458,中性,8928.TWO,鉅明,0,v1,phase6a,2026-07-12,0,0,0,0,0,0,v1,595,0.027823240589198037,595,0.027823240589198037,595,0.027823240589198037,^TWII,yfinance,2y,2026-10-08,scan_20261009_174201,False,False
True,0,-1.6666666666666665,-1.4166666666666667,True,False,賣出 (動能轉弱),111.0,2026-10-08 00:00:00,112.35,-0.15000000000000568,False,False,2.4565149611209267,True,0.0022509075991182363,42.85994415493533,0.0023412646962180715,0.002461340628902685,-0.4046014380758023,-2.4245545848759598,-5.946190915413108,-0.4046014380758023,False,False,False,False,False,False,0.03294382957218534,False,-0.05128205128205132,中性,7747.TWO,昕奇雲端,0,v1,phase6a,2026-07-12,0,0,0,0,0,0,v1,562,0.08183306055646482,562,0.08183306055646482,562,0.08183306055646482,^TWII,yfinance,2y,2026-10-08,scan_20261009_174201,False,False
True,0,1.5499992370605469,1.7666664123535156,True,False,觀望 (動能減弱),71.0999984741211,2026-10-08 00:00:00,70.82999992370605,-0.054999923706049,True,True,0.842658642695793,False,0.001441797539303551,35.23909438398116,0.0014907845103072134,0.001616082843529666,-0.34470097068164396,-1.7578857336447151,-7.587756357898689,-0.34470097068164396,False,False,False,False,False,False,0.016980847839501177,False,-0.09079282290535551,中性,1582.TW,信錦,0,v1,phase6a,2026-07-12,0,0,1,0,0,0,v1,333,0.45662847790507366,333,0.45662847790507366,336,0.45171849427168576,^TWII,yfinance,2y,2026-10-08,scan_20261009_174201,False,False
True,1,0.18333307902018225,0.2166665395100911,True,False,觀望 (動能減弱),13.149999618530273,2026-10-08 00:00:00,13.214999961853028,-0.017500019073485973,False,False,1.0853598974151972,False,0.00026666156819596127,41.872146131135544,0.0002759353437786595,0.0002849149686891935,-0.3525266358671897,-1.8403854032082334,-4.33128534865469,-0.3525266358671897,False,False,False,False,False,False,0.02439167456142583,False,-0.1204013520869297,中性,1468.TW,昶和,1,v1,phase6a,2026-07-12,0,1,1,1,1,1,v1,212,0.6546644844517185,212,0.6546644844517185,214,0.6513911620294599,^TWII,yfinance,2y,2026-10-08,scan_20261009_174201,True,False
True,0,0.12499999999999999,0.15833314259847003,True,False,觀望 (動能減弱),14.050000190734863,2026-10-08 00:00:00,14.162499904632568,-0.019999980926513672,True,False,1.2353975596214088,False,0.0002849121819543943,26.701868185454547,0.0002968084695051167,0.00031670149732101235,-0.4201294405937639,-2.450507532573565,-7.4658779452255075,-0.4201294405937639,False,False,False,False,False,False,0.03460276284653379,False,-0.10945879429277217,中性,2012.TW,春雨,0,v1,phase6a,2026-07-12,0,0,0,0,0,0,v1,347,0.4337152209492635,347,0.4337152209492635,350,0.4288052373158756,^TWII,yfinance,2y,2026-10-08,scan_20261009_174201,False,False
False,0,-0.15000025431315103,-0.09166685740152994,False,True,強烈賣出 (跌破),20.100000381469727,2026-10-08 00:00:00,20.20249996185303,-0.02499999999999858,False,False,0.6817458941707348,False,0.00040759678919756443,30.772387256317952,0.00042235222710220886,0.00044855026851944033,-0.36640341831922774,-2.4719915232710665,-7.133867266474625,-0.36640341831922774,False,False,False,False,False,False,0.04465278388074713,False,-0.08636361902410339,中性,2646.TW,星宇航空,0,v1,phase6a,2026-07-12,0,0,0,0,0,0,v1,393,0.35842880523731585,393,0.35842880523731585,395,0.35515548281505727,^TWII,yfinance,2y,2026-10-08,scan_20261009_174201,False,False
False,0,-0.14999961853027347,0.09166717529296872,False,True,強烈賣出 (跌破),39.150001525878906,2026-10-08 00:00:00,40.85000038146973,-0.11749992370605611,True,False,3.3108261838035253,True,0.0007939012246855078,25.699570964642415,0.0008520995649920521,0.0009059631389384808,-0.7138146808608914,-2.6208043486649624,-6.341952025846675,-0.7138146808608914,False,False,False,False,False,False,0.0,False,-0.12561241792928812,中性,6180.TWO,橘子,0,v1,phase6a,2026-07-12,0,0,0,0,0,0,v1,500,0.18330605564648117,500,0.18330605564648117,501,0.18166939443535188,^TWII,yfinance,2y,2026-10-08,scan_20261009_174201,False,False
True,1,3.1666666666666665,4.0,True,False,觀望 (動能減弱),170.5,2026-10-08 00:00:00,171.55,-0.19999999999998863,False,False,0.665948876362288,False,0.003457475186032966,131.17168457912248,0.0036176674860488537,0.0038088585470063556,-0.46394851997214603,-2.0846152717315714,-9.275814162966112,-0.46394851997214603,False,False,False,False,False,False,0.0,False,-0.36734693877551017,中性,8033.TW,雷虎,1,v1,phase6a,2026-07-12,0,1,1,1,1,1,v1,294,0.5204582651391162,294,0.5204582651391162,295,0.5188216039279869,^TWII,yfinance,2y,2026-10-08,scan_20261009_174201,True,False
False,0,0.7749996185302734,0.43333307902018225,False,True,強烈買入 (爆發),19.549999237060547,2026-10-08 00:00:00,17.612499904632568,0.10749998092651225,False,True,10.230285885265076,True,0.00039644362022932706,43.42210389275102,0.0003708526403331063,0.00037956700467054095,0.7316915879448826,-0.32340250044167185,-3.285175792607198,0.7316915879448826,True,True,False,False,False,True,0.700448364656178,False,0.0,偏強 (RS上升),4430.TWO,耀億,3,v1,phase6a,2026-07-12,0,3,5,3,3,3,v1,55,0.911620294599018,55,0.911620294599018,63,0.8985270049099836,^TWII,yfinance,2y,2026-10-08,scan_20261009_174201,False,False
True,0,2.9166666666666665,3.833333333333333,True,False,觀望 (動能減弱),156.0,2026-10-08 00:00:00,158.875,-0.44999999999998863,True,False,1.1124186968745033,False,0.0031634377068688723,52.12144678696271,0.0033640814972712035,0.0038491668840289228,-0.6239036736050307,-2.7323257436626447,-12.065431088908019,-0.6239036736050307,False,False,False,False,False,False,0.0005995195321993322,False,-0.3361702127659575,中性,7689.TW,大鵬科CLMX,0,v1,phase6a,2026-07-12,0,0,0,0,0,0,v1,558,0.088379705400982,558,0.088379705400982,558,0.088379705400982,^TWII,yfinance,2y,2026-10-08,scan_20261009_174201,False,False
True,0,0.14999977747599283,0.12499984105428058,True,False,買入 (動能增強),10.449999809265137,2026-10-08 00:00:00,10.392499971389771,-0.0025000095367424535,False,True,0.5323799360554368,False,0.00021190976559872985,43.45328537666863,0.00021734153678036036,0.00022566337340543523,-0.26238204912315544,-1.7065758821883326,-5.013047537177817,-0.26238204912315544,False,False,False,False,False,False,0.056409429833369204,False,-0.0226271728191354,中性,3052.TW,夆典,4,v1,phase6a,2026-07-12,0,4,5,4,4,4,v1,15,0.9770867430441899,15,0.9770867430441899,20,0.9689034369885434,^TWII,yfinance,2y,2026-10-08,scan_20261009_174201,False,True
True,0,-3.418243408203125,-7.134745279947918,True,False,觀察 (跌勢收斂),530.0,2026-10-08 00:00:00,543.1588012695313,-2.1683776855468295,True,False,0.39824198199287403,False,0.010747576824618604,127.85004360643785,0.011163429638228533,0.011140467128823266,-0.39058789212420564,-1.8791523738526439,-0.3319064148131101,-0.39058789212420564,False,False,True,False,False,False,0.5691393975678595,False,-0.11371237458193983,中性,6830.TW,汎銓,1,v1,phase6a,2026-07-12,0,1,1,1,1,1,v1,286,0.5335515548281505,286,0.5335515548281505,287,0.5319148936170213,^TWII,yfinance,2y,2026-10-08,scan_20261009_174201,False,False
True,0,0.016666730244954426,0.016666730244954426,True,False,觀望 (動能減弱),28.5,2026-10-08 00:00:00,28.530000114440917,0.0,False,False,0.0,False,0.0005779357349087363,39.54629045062586,0.0005957922686390476,0.0006222893029696701,-0.31449280410450475,-2.0074418302834185,-5.557585431936774,-0.31449280410450475,False,False,False,False,False,False,0.03698631319845796,False,-0.04201680672268904,中性,6662.TWO,樂斯科,2,v1,phase6a,2026-07-12,0,2,2,2,2,2,v1,183,0.7021276595744681,183,0.7021276595744681,184,0.7004909983633388,^TWII,yfinance,2y,2026-10-08,scan_20261009_174201,False,True
True,0,0.19499993324279782,0.14500006039937335,True,False,買入 (動能增強),8.199999809265137,2026-10-08 00:00:00,8.102999949455262,-0.0005000114440907311,False,True,0.5944467159326767,False,0.00016628326021119805,36.15284508601999,0.00017048879436545113,0.00018062885142438104,-0.2589855303937294,-1.4821872297594685,-7.625082915572545,-0.2589855303937294,False,False,False,False,False,False,0.06066429528277299,False,-0.21904763721284415,中性,1467.TW,南緯,2,v1,phase6a,2026-07-12,0,2,3,2,2,2,v1,95,0.8461538461538461,95,0.8461538461538461,102,0.8346972176759411,^TWII,yfinance,2y,2026-10-08,scan_20261009_174201,False,False
False,0,0.6999994913736979,0.7416664759318032,False,True,強烈買入 (爆發),18.149999618530273,2026-10-08 00:00:00,17.572500133514403,0.014999961853025212,False,True,1.1942484039328796,False,0.0003680538023904764,78.71698276190745,0.00036541411852840475,0.00036698231637039073,0.07609801924237658,-0.4389332186754302,2.492329021971651,0.07609801924237658,True,True,False,False,False,False,0.6546651974018555,False,0.0,中性,6015.TWO,宏遠證,3,v1,phase6a,2026-07-12,0,3,5,3,3,3,v1,63,0.8985270049099836,63,0.8985270049099836,70,0.8870703764320785,^TWII,yfinance,2y,2026-10-08,scan_20261009_174201,False,False
True,0,3.433333079020182,3.1833343505859375,True,False,買入 (動能增強),81.5999984741211,2026-10-08 00:00:00,85.2900001525879,-0.5200000762939396,False,False,0.47858279207186516,False,0.0016547212311120328,74.17558021337207,0.0017472187474866182,0.0017481312048855174,-0.5541734906384321,-1.0486871892074867,7.009155834695835,-0.5541734906384321,False,False,False,False,False,False,0.32688746827420134,False,-0.11304349484650988,中性,7709.TWO,榮田,3,v1,phase6a,2026-07-12,0,3,3,3,3,3,v1,75,0.8788870703764321,75,0.8788870703764321,81,0.8690671031096563,^TWII,yfinance,2y,2026-10-08,scan_20261009_174201,True,False
True,0,0.44166660308837885,0.3249999682108561,True,False,買入 (動能增強),13.149999618530273,2026-10-08 00:00:00,12.490000009536743,0.039999961853027344,False,True,2.2396401635292675,True,0.00026666156819596127,40.476646863145746,0.0002614309529521685,0.00027168246856661187,0.21105117853221778,-0.5022578871617722,-2.1345485277742715,0.21105117853221778,True,False,False,False,False,True,0.2698174074969525,False,-0.05004064726988133,中性,1304.TW,台聚,2,v1,phase6a,2026-07-12,0,2,4,2,2,2,v1,85,0.8625204582651391,85,0.8625204582651391,92,0.851063829787234,^TWII,yfinance,2y,2026-10-08,scan_20261009_174201,False,False
True,0,-2.850001017252604,-2.5666669209798174,True,False,賣出 (動能轉弱),77.5,2026-10-08 00:00:00,80.69000015258788,-0.2049999237060547,True,False,0.5984611114110788,False,0.0015715796300149847,69.00116682050833,0.0017134246739232144,0.00199927960571964,-0.8638879707554392,-4.59115060892028,-18.331040400330657,-0.8638879707554392,False,False,False,False,False,False,0.0034682344484708253,False,-0.31718061674008813,中性,6919.TW,康霈*,0,v1,phase6a,2026-07-12,0,0,0,0,0,0,v1,551,0.09983633387888707,551,0.09983633387888707,551,0.09983633387888707,^TWII,yfinance,2y,2026-10-08,scan_20261009_174201,False,False
True,0,0.1250003178914388,0.21666717529296875,True,False,觀望 (動能減弱),19.149999618530273,2026-10-08 00:00:00,19.145000171661376,-0.015000057220458274,True,True,0.41364038252871665,False,0.0003883322492293794,26.659661748424774,0.00040225983918213033,0.00042951491784827696,-0.36313303051220824,-2.2693538299358496,-7.917875977114653,-0.36313303051220824,False,False,False,False,False,False,0.053370402592007864,False,-0.07263922652347055,中性,6128.TW,上福,0,v1,phase6a,2026-07-12,0,0,1,0,0,0,v1,495,0.19148936170212766,495,0.19148936170212766,496,0.18985270049099837,^TWII,yfinance,2y,2026-10-08,scan_20261009_174201,False,False
True,1,-0.1416664123535156,0.05000050862630209,True,False,賣出 (動能轉弱),42.5,2026-10-08 00:00:00,42.89499988555908,-0.05000000000000426,False,False,0.5217582443008613,False,0.0008618339906533787,37.34905729718515,0.0008951243267778673,0.0009314796111355539,-0.38995487283115526,-2.2376742093998314,-5.248086929952345,-0.38995487283115526,False,False,False,False,False,False,0.02999766036193529,False,-0.02857142857142858,中性,6123.TWO,上奇,0,v1,phase6a,2026-07-12,0,0,0,0,0,0,v1,493,0.19476268412438624,493,0.19476268412438624,494,0.19312602291325695,^TWII,yfinance,2y,2026-10-08,scan_20261009_174201,False,False
False,0,2.9166666666666665,2.916666666666666,False,True,強烈買入 (爆發),164.5,2026-10-08 00:00:00,159.125,0.3499999999999943,False,True,0.6294252981157242,False,0.003335804504999548,90.2020027777735,0.0033349652777608044,0.0033786136333864764,0.0026489645939653528,-1.362400765381122,-4.275010485392972,0.0026489645939653528,True,False,False,False,False,True,0.18411940395595244,False,-0.023738872403560873,中性,2850.TW,新產,3,v1,phase6a,2026-07-12,0,3,5,3,3,3,v1,41,0.9345335515548282,41,0.9345335515548282,51,0.9181669394435352,^TWII,yfinance,2y,2026-10-08,scan_20261009_174201,False,False
True,1,-0.22500038146972656,-0.10833358764648438,True,False,賣出 (動能轉弱),20.200000762939453,2026-10-08 00:00:00,20.257500171661377,0.020000076293946734,False,False,0.2809490089558792,False,0.0004096246416170683,37.59469051833423,0.0004223330683729253,0.0004484531055303433,-0.31574730665246964,-2.187272096515569,-4.732315227087658,-0.31574730665246964,False,False,False,False,False,False,0.08769026305212595,False,-0.061719069566680385,中性,3128.TWO,昇銳,0,v1,phase6a,2026-07-12,0,0,1,0,0,0,v1,421,0.31260229132569556,421,0.31260229132569556,422,0.3109656301145663,^TWII,yfinance,2y,2026-10-08,scan_20261009_174201,False,False
True,0,-0.34999974568684894,-0.016666412353515632,True,False,賣出 (動能轉弱),42.75,2026-10-08 00:00:00,43.53750019073486,-0.15499992370605753,False,False,1.339109591417826,False,0.0008669036023631044,43.05502435347654,0.000907536705495295,0.0009506821139569462,-0.46908353465159314,-2.6209829499820203,-6.290429698318556,-0.46908353465159314,False,False,False,False,False,False,0.03286892334882414,False,-0.12440126451995803,中性,1203.TW,味王,0,v1,phase6a,2026-07-12,0,0,0,0,0,0,v1,305,0.502454991816694,305,0.502454991816694,308,0.49754500818330605,^TWII,yfinance,2y,2026-10-08,scan_20261009_174201,False,False
False,0,-1.033331553141276,0.050001780192057255,False,True,強烈賣出 (跌破),89.0999984741211,2026-10-08 00:00:00,91.1349998474121,-0.05000000000001137,True,False,0.43881877789494744,False,0.0018068095824038055,20.194738441706235,0.0019079322155868411,0.002114300637812051,-0.5548116833287042,-3.1532633692910705,-8.410323261977947,-0.5548116833287042,False,False,False,False,False,False,0.02453882300428432,False,-0.2318965648782665,中性,9958.TW,世紀鋼,0,v1,phase6a,2026-07-12,0,0,0,0,0,0,v1,612,0.0,612,0.0,612,0.0,^TWII,yfinance,2y,2026-10-08,scan_20261009_174201,False,False
True,1,0.03333346048990885,0.049999872843424484,True,False,觀望 (動能減弱),22.0,2026-10-08 00:00:00,22.057500076293945,-0.01249999999999929,False,False,1.0185393677172971,False,0.00044612583045586663,52.51558087593827,0.0004595475306880919,0.0004741926166028595,-0.30649286378163776,-1.8864279021161279,-4.143837901812675,-0.30649286378163776,False,False,False,False,False,False,0.04937887838037522,False,-0.011235955056179803,中性,2908.TW,特力,0,v1,phase6a,2026-07-12,0,0,0,0,0,0,v1,407,0.3355155482815057,407,0.3355155482815057,408,0.33387888707037644,^TWII,yfinance,2y,2026-10-08,scan_20261009_174201,False,False
True,1,0.2083339691162109,0.17500050862630206,True,False,買入 (動能增強),40.900001525878906,2026-10-08 00:00:00,40.63250026702881,0.01000003814697692,False,True,1.0735473645884646,False,0.0008293885066535881,41.81731064734996,0.0008483134103394806,0.0008847123170379587,-0.23427992786464458,-1.6745415311266165,-4.468785375240225,-0.23427992786464458,False,False,False,False,False,False,0.04975944963913606,False,-0.0072815347452712675,中性,8367.TW,建新國際,4,v1,phase6a,2026-07-12,0,4,6,4,4,4,v1,22,0.9656301145662848,22,0.9656301145662848,26,0.9590834697217676,^TWII,yfinance,2y,2026-10-08,scan_20261009_174201,False,True
True,0,2.5,2.25,True,False,買入 (動能增強),172.5,2026-10-08 00:00:00,171.475,-0.025000000000005684,True,True,0.4669684098407351,False,0.003498032079710772,70.07759976043164,0.003560557020938131,0.003597709293535499,-0.18450566435519455,-0.6956078009250577,-0.03535693919833882,-0.18450566435519455,False,False,False,False,False,False,0.6357857310323446,False,-0.06756756756756754,中性,4977.TW,眾達-KY,2,v1,phase6a,2026-07-12,0,2,3,2,2,2,v1,157,0.7446808510638298,157,0.7446808510638298,161,0.7381342062193126,^TWII,yfinance,2y,2026-10-08,scan_20261009_174201,False,False
False,0,15.833333333333332,11.333333333333332,False,True,強烈買入 (爆發),297.5,2026-10-08 00:00:00,285.675,0.32499999999998863,False,True,0.8795121605298016,False,0.006032837934573651,146.1666229855153,0.006005307580171643,0.005791508191688398,0.048279477946344684,-0.26168322208485195,-3.5906306187062587,0.048279477946344684,True,True,True,False,False,True,0.6490093789201699,False,-0.06299212598425197,偏強 (RS上升),2301.TW,光寶科,3,v1,phase6a,2026-07-12,1,4,5,4,3,4,v1,31,0.9509001636661211,31,0.9509001636661211,28,0.955810147299509,^TWII,yfinance,2y,2026-10-08,scan_20261009_174201,False,False
False,0,-0.12499999999999999,-0.26666673024495446,False,True,強烈賣出 (跌破),22.350000381469727,2026-10-08 00:00:00,24.177499866485597,-0.1524999618530245,False,False,0.1666837128635249,False,0.0004532232945850962,22.824072619031956,0.0004935306023906192,0.0004995756104092191,-0.8523705465984466,-2.8171935525054037,3.3162840189099985,-0.8523705465984466,False,False,False,False,False,False,0.14360487917952908,False,-0.14367815881958357,中性,6441.TWO,廣錠,0,v1,phase6a,2026-07-12,0,0,0,0,0,0,v1,514,0.16039279869067102,514,0.16039279869067102,514,0.16039279869067102,^TWII,yfinance,2y,2026-10-08,scan_20261009_174201,False,False
True,1,7.333333333333334,19.166666666666664,True,False,觀望 (動能減弱),868.0,2026-10-08 00:00:00,885.7,-4.5,False,False,0.8903310879054791,False,0.017601691856167827,19.928864016163534,0.01879854554956814,0.02016780492076872,-0.665721147707321,-3.106851428328461,-13.700576113944729,-0.665721147707321,False,False,False,False,False,False,0.0,False,-0.1849765258215963,中性,6409.TW,旭隼,0,v1,phase6a,2026-07-12,0,0,0,0,0,0,v1,510,0.16693944353518822,510,0.16693944353518822,511,0.16530278232405893,^TWII,yfinance,2y,2026-10-08,scan_20261009_174201,False,False
True,0,-0.5333334604899088,-0.2833340962727865,True,False,賣出 (動能轉弱),56.70000076293945,2026-10-08 00:00:00,56.96000003814697,-0.02999992370605753,True,False,0.47638077890123987,False,0.0011497879512370288,39.53781218095715,0.0011891608535063828,0.0012506863778778776,-0.34731395116146535,-2.348954786319357,-6.169952054546679,-0.34731395116146535,False,False,False,False,False,False,0.049813055194550294,False,-0.09999998788984998,中性,6516.TWO,勤崴國際,0,v1,phase6a,2026-07-12,0,0,0,0,0,0,v1,518,0.15384615384615385,518,0.15384615384615385,518,0.15384615384615385,^TWII,yfinance,2y,2026-10-08,scan_20261009_174201,False,False
True,0,-0.24166647593180335,-0.23333295186360675,True,False,賣出 (動能轉弱),22.0,2026-10-08 00:00:00,22.382500076293944,-0.05000000000000071,False,False,0.464457397645201,False,0.00044612583045586663,37.66636190104931,0.00046903115498962743,0.0005194048299411539,-0.5114278228252167,-3.046820615018564,-9.682418340183286,-0.5114278228252167,False,False,False,False,False,False,0.022106119671594402,False,-0.21467078070779977,中性,4582.TW,聚恆-創,0,v1,phase6a,2026-07-12,0,0,0,0,0,0,v1,462,0.24549918166939444,462,0.24549918166939444,463,0.24386252045826515,^TWII,yfinance,2y,2026-10-08,scan_20261009_174201,False,False
True,0,-0.33333333333333326,0.41666666666666663,True,False,賣出 (動能轉弱),136.5,2026-10-08 00:00:00,137.3,0.05000000000001137,False,False,0.39301499700246084,False,0.0027680079935102635,27.488749745870084,0.0028626211619785257,0.0029584512582170293,-0.346701548989381,-2.3829019819754715,-4.676086211871333,-0.346701548989381,False,False,False,False,False,False,0.10009281531385877,False,-0.03873239436619713,中性,6605.TW,帝寶,0,v1,phase6a,2026-07-12,0,0,1,0,0,0,v1,524,0.14402618657937807,524,0.14402618657937807,524,0.14402618657937807,^TWII,yfinance,2y,2026-10-08,scan_20261009_174201,False,False
True,0,1.266666094462077,1.1166664759318032,True,False,買入 (動能增強),32.04999923706055,2026-10-08 00:00:00,31.157500076293946,0.044999980926515804,False,True,0.8113687074180578,False,0.0006499242057156149,31.255728391783,0.0006541881051181335,0.0006936000749152205,-0.06856189911346178,-0.8525076144467403,-3.668759972958424,-0.06856189911346178,False,False,False,False,False,False,0.06818746604844352,False,-0.02731415796782577,中性,6835.TW,圓裕,2,v1,phase6a,2026-07-12,0,2,4,2,2,2,v1,189,0.6923076923076923,189,0.6923076923076923,190,0.690671031096563,^TWII,yfinance,2y,2026-10-08,scan_20261009_174201,False,False
True,1,0.16666666666666663,-0.5833333333333333,True,False,買入 (動能增強),123.0,2026-10-08 00:00:00,119.9,0.20000000000000284,False,True,1.5248907528323028,True,0.0024942489611850726,109.87393116691935,0.002506058642592785,0.002597287727044375,-0.04958016522351727,-1.743177122947659,-5.257497512731668,-0.04958016522351727,False,False,False,False,False,False,0.10103864438623003,False,-0.18181815413644298,中性,6574.TWO,霈方,5,v1,phase6a,2026-07-12,0,5,7,5,5,5,v1,2,0.9983633387888707,2,0.9983633387888707,2,0.9983633387888707,^TWII,yfinance,2y,2026-10-08,scan_20261009_174201,True,True
True,1,-0.016666412353515625,0.2166668574015299,True,False,賣出 (動能轉弱),23.399999618530273,2026-10-08 00:00:00,23.770000171661376,-0.03000001907348704,True,False,0.710612892864273,False,0.0004745156482947173,57.60420388067084,0.000498527776045387,0.0005207978383687604,-0.5044537099115121,-2.790290200946588,-8.290963744680402,-0.5044537099115121,False,False,False,False,False,False,0.016081979697235557,False,-0.31478774310455804,中性,1810.TW,和成,0,v1,phase6a,2026-07-12,0,0,0,0,0,0,v1,344,0.4386252045826514,344,0.4386252045826514,347,0.4337152209492635,^TWII,yfinance,2y,2026-10-08,scan_20261009_174201,False,False
True,0,-0.033492088317871094,-0.03269847234090169,True,False,賣出 (動能轉弱),10.399999618530273,2026-10-08 00:00:00,10.38692855834961,-0.004809522628784535,False,True,1.2234379360363297,False,0.00021089583938897793,32.06654769928314,0.00021793677105435056,0.00023229032783157795,-0.33892342476403714,-2.6511293515694923,-8.88722210786187,-0.33892342476403714,False,False,False,False,False,False,0.07105721091942124,False,-0.13805358739324358,中性,1517.TW,利奇,0,v1,phase6a,2026-07-12,0,0,1,0,0,0,v1,328,0.46481178396072015,328,0.46481178396072015,331,0.45990180032733224,^TWII,yfinance,2y,2026-10-08,scan_20261009_174201,False,False
True,1,0.4333318074544271,0.7833328247070311,True,False,觀望 (動能減弱),73.0,2026-10-08 00:00:00,74.17000007629395,-0.08499984741210653,True,False,1.4336621477850136,False,0.001480326619239921,28.401767753663673,0.0015587724405622286,0.00169694693802569,-0.5269494155835996,-2.438871849862445,-8.605210605375369,-0.5269494155835996,False,False,False,False,False,False,0.0,False,-0.14819133489482206,中性,6412.TW,群電,0,v1,phase6a,2026-07-12,0,0,0,0,0,0,v1,512,0.16366612111292964,512,0.16366612111292964,513,0.16202945990180032,^TWII,yfinance,2y,2026-10-08,scan_20261009_174201,False,False
True,1,-0.8416662216186523,-0.8999999364217122,True,False,觀察 (跌勢收斂),31.200000762939453,2026-10-08 00:00:00,31.312500190734863,0.035000038146971946,False,False,0.23031657012563767,False,0.0006326875568450016,46.14821126257814,0.0006511695507237215,0.0006990711232876267,-0.29787602016172476,-2.66460191003115,-5.27064422784963,-0.29787602016172476,False,False,False,False,False,False,0.07554872788374292,False,-0.11614726806613107,中性,4131.TWO,浩泰,1,v1,phase6a,2026-07-12,0,1,2,1,1,1,v1,250,0.5924713584288053,250,0.5924713584288053,252,0.5891980360065466,^TWII,yfinance,2y,2026-10-08,scan_20261009_174201,False,False
True,0,-0.9166666666666665,-0.4666665395100912,True,False,賣出 (動能轉弱),59.70000076293945,2026-10-08 00:00:00,59.58000011444092,0.12000007629394815,False,True,0.677238169650903,False,0.001210623291753738,50.11387443928973,0.001233683008825229,0.0012290728630558001,-0.19636908986997437,-1.7941867140680134,-0.9098457443229679,-0.19636908986997437,False,False,True,False,False,False,0.3242335759224192,False,-0.07441859282264418,中性,2609.TW,陽明,0,v1,phase6a,2026-07-12,0,0,2,0,0,0,v1,385,0.37152209492635024,385,0.37152209492635024,387,0.36824877250409166,^TWII,yfinance,2y,2026-10-08,scan_20261009_174201,False,False
True,0,-0.41666666666666663,-1.6666666666666665,True,False,觀察 (跌勢收斂),279.0,2026-10-08 00:00:00,273.075,0.0,False,True,1.9754140980181083,True,0.005657686668053945,52.03793966692801,0.005687825761571678,0.005842389252231674,-0.05574656666170741,-1.8459371780230938,-4.122481768892216,-0.05574656666170741,False,False,False,False,False,False,0.19087985632930352,False,-0.029565217391304355,中性,6670.TW,復盛應用,1,v1,phase6a,2026-07-12,0,1,2,1,1,1,v1,282,0.5400981996726678,282,0.5400981996726678,283,0.5384615384615384,^TWII,yfinance,2y,2026-10-08,scan_20261009_174201,False,False
False,0,161.66666666666666,125.83333333333333,False,True,強烈買入 (爆發),2960.0,2026-10-08 00:00:00,2817.25,4.75,False,True,0.8644551453735007,False,0.06002420264315296,434.1125359604067,0.059737625919517874,0.05716000197421179,0.0505229512943961,0.8508901067474373,-6.863631629706157,0.0505229512943961,True,True,True,False,False,True,0.6137420582903305,False,-0.16147308781869685,偏強 (RS上升),3081.TWO,聯亞,3,v1,phase6a,2026-07-12,2,5,5,5,3,5,v1,44,0.9296235679214403,44,0.9296235679214403,5,0.9934533551554828,^TWII,yfinance,2y,2026-10-08,scan_20261009_174201,False,False
True,1,0.008333206176757807,-0.008333524068196617,True,False,買入 (動能增強),11.949999809265137,2026-10-08 00:00:00,11.934999942779541,0.0025000095367424535,False,True,0.9476614389327932,False,0.0002423274358570844,53.24490561734535,0.0002490050087842443,0.0002627916105236572,-0.28148984548149736,-1.9406751882111717,-4.885025290810696,-0.28148984548149736,False,False,False,False,False,False,0.09123483090152987,False,-0.0972161322483438,中性,2515.TW,中工,2,v1,phase6a,2026-07-12,0,2,4,2,2,2,v1,119,0.806873977086743,119,0.806873977086743,126,0.795417348608838,^TWII,yfinance,2y,2026-10-08,scan_20261009_174201,False,False
True,1,0.08333460489908853,0.025000890096028648,True,False,買入 (動能增強),34.150001525878906,2026-10-08 00:00:00,33.8850004196167,0.007500076293950997,False,True,0.973081563136306,False,0.0006925089904909927,41.82917985268077,0.000708559103980954,0.0007392078686288111,-0.2378724372330665,-2.2091488175193463,-6.036608617376071,-0.2378724372330665,False,False,False,False,False,False,0.11217879809039327,False,-0.06948226659536194,中性,3716.TW,中化控股,4,v1,phase6a,2026-07-12,0,4,6,4,4,4,v1,17,0.9738134206219312,17,0.9738134206219312,22,0.9656301145662848,^TWII,yfinance,2y,2026-10-08,scan_20261009_174201,False,True
True,0,0.07000001271565755,0.061666647593180336,True,False,買入 (動能增強),6.599999904632568,2026-10-08 00:00:00,6.5044999599456785,-0.004500007629395064,False,True,0.5655941085442409,False,0.0001338377472028566,36.41705691410035,0.0001368612560242476,0.00014581033196567537,-0.23200554004371154,-2.332756089718502,-8.898124242968109,-0.23200554004371154,False,False,False,False,False,False,0.08442110660606544,False,-0.2559188286599886,中性,1447.TW,力鵬,2,v1,phase6a,2026-07-12,0,2,3,2,2,2,v1,92,0.851063829787234,92,0.851063829787234,99,0.839607201309329,^TWII,yfinance,2y,2026-10-08,scan_20261009_174201,False,False
True,0,0.2249997456868489,0.10000038146972656,True,False,買入 (動能增強),39.599998474121094,2026-10-08 00:00:00,38.47500019073486,0.0274999618530245,False,True,1.3107934326243338,False,0.0008030264638781056,30.56572468626266,0.0008034945982468779,0.000856267456006849,-0.006132496740429705,-1.6563216092530197,-4.565244401017699,-0.006132496740429705,False,False,False,False,False,True,0.28166180411478603,False,-0.03414637867997328,中性,2543.TW,皇昌,2,v1,phase6a,2026-07-12,0,2,4,2,2,2,v1,120,0.8052373158756138,120,0.8052373158756138,127,0.7937806873977087,^TWII,yfinance,2y,2026-10-08,scan_20261009_174201,False,False
True,0,1.589457193987287e-07,-0.008333206176757809,True,False,買入 (動能增強),15.100000381469727,2026-10-08 00:00:00,15.045000028610229,0.005000019073484907,False,True,2.24141119248679,True,0.0003062045550030493,32.80482727514685,0.0003125722797632124,0.0003196190263675303,-0.2139833114564671,-1.4504494581644933,-1.944897557855585,-0.2139833114564671,False,False,False,False,False,False,0.2007676255406072,False,-0.009836040559362158,中性,5514.TWO,三豐,2,v1,phase6a,2026-07-12,0,2,4,2,2,2,v1,166,0.7299509001636661,166,0.7299509001636661,167,0.7283142389525368,^TWII,yfinance,2y,2026-10-08,scan_20261009_174201,False,False
True,0,0.24999984105428058,0.3333331743876139,True,False,觀望 (動能減弱),13.850000381469727,2026-10-08 00:00:00,13.75750002861023,0.01500000953674352,False,True,0.3979147094040711,False,0.0002808564964544205,34.472679192495946,0.0002885019651207293,0.0003065638845044093,-0.278177461049689,-1.7739082457616795,-5.318493056979213,-0.278177461049689,False,False,False,False,False,False,0.06257278354221527,False,-0.14241481680417878,中性,3607.TW,谷崧,0,v1,phase6a,2026-07-12,0,0,2,0,0,0,v1,436,0.28805237315875615,436,0.28805237315875615,437,0.2864157119476268,^TWII,yfinance,2y,2026-10-08,scan_20261009_174201,False,False
True,0,0.14999993642171222,0.2580159505208333,True,False,觀望 (動能減弱),17.799999237060547,2026-10-08 00:00:00,17.865476608276367,0.01711854934692525,False,False,0.6607912747130608,False,0.00036095633826124676,39.491394107217985,0.0003715425608040107,0.0003808510507880908,-0.29902551515101905,-1.697672498057512,-1.331275067315929,-0.29902551515101905,False,False,False,False,False,False,0.0456128416324209,False,-0.021978104896205664,中性,8423.TWO,保綠-KY,2,v1,phase6a,2026-07-12,0,2,3,2,2,2,v1,200,0.67430441898527,200,0.67430441898527,201,0.6726677577741408,^TWII,yfinance,2y,2026-10-08,scan_20261009_174201,False,True
True,0,0.14166641235351562,0.008333206176757799,True,False,買入 (動能增強),31.799999237060547,2026-10-08 00:00:00,31.302499866485597,-0.007500076293943891,True,True,2.594952035699118,True,0.0006448545940058891,23.483916731966296,0.0006550918138681906,0.0006892358640735965,-0.16422619899065793,-1.8110603040961348,-6.344924983770883,-0.16422619899065793,False,False,False,False,False,False,0.09497227800515955,False,-0.030487805587205763,中性,6582.TW,申豐,2,v1,phase6a,2026-07-12,0,2,3,2,2,2,v1,180,0.707037643207856,180,0.707037643207856,181,0.7054009819967266,^TWII,yfinance,2y,2026-10-08,scan_20261009_174201,False,False
True,0,1.734723475976807e-18,0.008333206176757812,True,False,觀望 (動能減弱),10.949999809265137,2026-10-08 00:00:00,11.004999923706055,-0.0025000095367424535,False,False,0.500497062870268,False,0.00022204898901818137,23.79543288058797,0.00022954320213648194,0.00024130432849411485,-0.3424901057657359,-2.3625582542888934,-5.187820770209395,-0.3424901057657359,False,False,False,False,False,False,0.05648680660540415,False,-0.04782610354216199,中性,2913.TW,農林,0,v1,phase6a,2026-07-12,0,0,0,0,0,0,v1,408,0.33387888707037644,408,0.33387888707037644,409,0.3322422258592471,^TWII,yfinance,2y,2026-10-08,scan_20261009_174201,False,False
False,0,-0.7249991099039713,-0.4333324432373047,False,True,強烈賣出 (跌破),32.04999923706055,2026-10-08 00:00:00,34.14750003814697,-0.1875,False,False,1.8017004706280246,True,0.0006499242057156149,31.937585896162695,0.0007146643398072358,0.0007870987900977043,-0.9445528005245563,-3.7456061416838438,-11.12099475896623,-0.9445528005245563,False,False,False,False,False,False,0.0,False,-0.1739690755857699,中性,3040.TW,遠見,0,v1,phase6a,2026-07-12,0,0,0,0,0,0,v1,415,0.32242225859247137,415,0.32242225859247137,416,0.32078559738134205,^TWII,yfinance,2y,2026-10-08,scan_20261009_174201,False,False
True,0,0.05000019073486328,-0.024999936421712245,True,False,買入 (動能增強),20.100000381469727,2026-10-08 00:00:00,20.407499980926513,-0.022499942779543147,False,False,1.014485685021704,False,0.00040759678919756443,33.473621589747765,0.00042408502294315615,0.00043959025614781407,-0.40759029604842123,-2.2658057502996654,-4.195114559665858,-0.40759029604842123,False,False,False,False,False,False,0.052835636166131766,False,-0.04739336407207895,中性,1598.TW,岱宇,4,v1,phase6a,2026-07-12,0,4,4,4,4,4,v1,10,0.9852700490998363,10,0.9852700490998363,15,0.9770867430441899,^TWII,yfinance,2y,2026-10-08,scan_20261009_174201,False,True
True,1,1.333333333333333,2.5833333333333335,True,False,觀望 (動能減弱),241.5,2026-10-08 00:00:00,242.65,-0.17499999999998295,False,False,0.801647108254752,False,0.004897244911595081,38.55402488459237,0.005071533780643562,0.005093098517884902,-0.3604445846161042,-1.883914249034202,-4.978149648003027,-0.3604445846161042,False,False,False,False,False,False,0.33847360894881945,False,-0.07115384615384612,中性,3617.TW,碩天,0,v1,phase6a,2026-07-12,0,0,0,0,0,0,v1,437,0.2864157119476268,437,0.2864157119476268,438,0.28477905073649756,^TWII,yfinance,2y,2026-10-08,scan_20261009_174201,False,False
True,0,-0.16666666666666666,-0.10000006357828775,True,False,賣出 (動能轉弱),28.600000381469727,2026-10-08 00:00:00,28.727499961853027,0.010000038146973367,False,False,1.4293354042705715,False,0.0005799635873282402,36.82746995967716,0.0005982001488503406,0.0006252617727151497,-0.31987581426986544,-2.0277800916564948,-4.155328262424874,-0.31987581426986544,False,False,False,False,False,False,0.03971536530776476,False,-0.03865544936236209,中性,2608.TW,嘉里大榮,0,v1,phase6a,2026-07-12,0,0,1,0,0,0,v1,384,0.37315875613747956,384,0.37315875613747956,386,0.3698854337152209,^TWII,yfinance,2y,2026-10-08,scan_20261009_174201,False,False
True,1,-0.08333269755045572,-0.03333282470703126,True,False,賣出 (動能轉弱),22.0,2026-10-08 00:00:00,22.155000019073487,-0.04499998092651225,False,False,1.2572397388689747,False,0.00044612583045586663,32.32337778361618,0.00046196111355521096,0.00047995829848650315,-0.3595278881922681,-2.4081072618222454,-5.704949349374044,-0.3595278881922681,False,False,False,False,False,False,0.0593787262885189,False,-0.11646584991801079,中性,2613.TW,中櫃,0,v1,phase6a,2026-07-12,0,0,0,0,0,0,v1,387,0.36824877250409166,387,0.36824877250409166,389,0.3649754500818331,^TWII,yfinance,2y,2026-10-08,scan_20261009_174201,False,False
True,0,-0.20833396911621094,-0.14166704813639322,True,False,賣出 (動能轉弱),39.79999923706055,2026-10-08 00:00:00,40.117499923706056,-0.030000114440916548,False,False,1.88066284265222,True,0.0008070821687171134,42.185797415678294,0.000833060889484437,0.0008609913521634468,-0.3271855631296172,-2.112273976783763,-3.049406909164021,-0.3271855631296172,False,False,False,False,False,False,0.04820518541328186,False,-0.01728396945529509,中性,8908.TWO,欣雄,0,v1,phase6a,2026-07-12,0,0,0,0,0,0,v1,592,0.03273322422258593,592,0.03273322422258593,592,0.03273322422258593,^TWII,yfinance,2y,2026-10-08,scan_20261009_174201,False,False
True,0,10.666666666666666,10.166666666666666,True,False,買入 (動能增強),238.5,2026-10-08 00:00:00,237.925,-0.3499999999999943,True,True,0.6577053435850537,False,0.004836409571078372,98.001671830313,0.005021580545507136,0.0051886349520955735,-0.38665745383132943,-1.6526469859126647,-8.403732916835516,-0.38665745383132943,False,False,False,False,False,False,0.28331221773729737,False,-0.171875,中性,2486.TW,一詮,3,v1,phase6a,2026-07-12,0,3,4,3,3,3,v1,38,0.939443535188216,38,0.939443535188216,48,0.9230769230769231,^TWII,yfinance,2y,2026-10-08,scan_20261009_174201,True,False
False,0,0.4333333969116211,0.22500006357828772,False,True,強烈買入 (爆發),24.899999618530273,2026-10-08 00:00:00,23.94000005722046,0.05500001907348562,False,True,0.569319670687038,False,0.0005049333185530718,40.69179293554911,0.0004998169302997337,0.0005034497326698099,0.10786912158613493,-0.9842058381813845,-2.5776929943809646,0.10786912158613493,True,True,False,False,False,True,0.4054324951212352,False,0.0,偏強 (RS上升),2115.TW,六暉-KY,3,v1,phase6a,2026-07-12,0,3,5,3,3,3,v1,30,0.9525368248772504,30,0.9525368248772504,44,0.9296235679214403,^TWII,yfinance,2y,2026-10-08,scan_20261009_174201,False,False
False,0,1.3499984741210935,1.3166669209798176,False,True,強烈買入 (爆發),82.19999694824219,2026-10-08 00:00:00,81.54500007629395,0.03999977111816122,False,True,0.48698828184446813,False,0.0016668882682729204,43.62659002183866,0.0017014792493042507,0.0017420396372134857,-0.21354245054635568,-1.3579334552119238,-3.013710081967824,-0.21354245054635568,False,False,False,False,False,False,0.045302810574968086,False,-0.055172448870779434,中性,4580.TWO,捷流閥業,3,v1,phase6a,2026-07-12,0,3,5,3,3,3,v1,57,0.9083469721767594,57,0.9083469721767594,65,0.8952536824877251,^TWII,yfinance,2y,2026-10-08,scan_20261009_174201,False,False
True,0,-0.04999987284342449,-0.20833333333333331,True,False,觀察 (跌勢收斂),25.700000762939453,2026-10-08 00:00:00,25.63499994277954,-0.027499961853028054,False,True,0.21584854073933663,False,0.000521156099231035,53.97503213999946,0.0005337657941009009,0.0005480958036349361,-0.24805706271944228,-1.7530725192393404,-4.483343124734452,-0.24805706271944228,False,False,False,False,False,False,0.15313154771608278,False,-0.020952351888020804,中性,1236.TW,宏亞,1,v1,phase6a,2026-07-12,0,1,2,1,1,1,v1,207,0.662847790507365,207,0.662847790507365,209,0.6595744680851063,^TWII,yfinance,2y,2026-10-08,scan_20261009_174201,False,False
True,0,3.0500017801920567,3.0166676839192705,True,False,買入 (動能增強),98.0,2026-10-08 00:00:00,96.79499969482421,-0.125,False,True,0.42102414811978095,False,0.001987287790212497,32.58192552131688,0.002032777600261229,0.0021020203242661404,-0.23500593623281274,-1.3052650326359827,-5.212187927984591,-0.23500593623281274,False,False,False,False,False,False,0.030726452095626567,False,-0.03420290282228822,中性,4549.TWO,桓達,2,v1,phase6a,2026-07-12,0,2,3,2,2,2,v1,150,0.7561374795417348,150,0.7561374795417348,154,0.7495908346972177,^TWII,yfinance,2y,2026-10-08,scan_20261009_174201,False,False
True,0,0.6000003814697266,0.8583335876464844,True,False,觀望 (動能減弱),44.0,2026-10-08 00:00:00,44.839999961853025,-0.04750003814697834,False,False,0.6909258406264395,False,0.0008922516609117333,33.835747144607424,0.0009320955213528144,0.0009454718336231533,-0.44794799806866514,-1.9595084139386598,-1.96824108637772,-0.44794799806866514,False,False,False,False,False,False,0.04536115814502222,False,-0.04243744789036452,中性,6666.TW,羅麗芬-KY,0,v1,phase6a,2026-07-12,0,0,0,0,0,0,v1,530,0.1342062193126023,530,0.1342062193126023,530,0.1342062193126023,^TWII,yfinance,2y,2026-10-08,scan_20261009_174201,False,False
True,0,0.03333282470703126,-0.1333338419596354,True,False,買入 (動能增強),62.599998474121094,2026-10-08 00:00:00,61.35,0.09499988555908345,False,True,2.410898275319507,True,0.0012694307411728752,33.6481365856343,0.0012788612904679221,0.0013169658641480658,-0.07756270755056027,-2.138428215868826,-4.368116803293798,-0.07756270755056027,False,False,False,False,False,False,0.28677082467330445,False,-0.04863228615840065,中性,7704.TWO,明遠精密,4,v1,phase6a,2026-07-12,0,4,6,4,4,4,v1,21,0.967266775777414,21,0.967266775777414,25,0.9607201309328969,^TWII,yfinance,2y,2026-10-08,scan_20261009_174201,False,True
True,0,0.35000069936116535,0.40833409627278644,True,False,觀望 (動能減弱),27.450000762939453,2026-10-08 00:00:00,27.000000190734863,-0.004999923706055398,True,True,0.8634894682386604,False,0.0005566433811991152,36.6418675115706,0.0005649892167962284,0.0005960164353412288,-0.15524988794339833,-1.6811810788844417,-4.156440644418424,-0.15524988794339833,False,False,False,False,False,False,0.15921312136804683,False,-0.010810783317497186,中性,6124.TWO,業強,0,v1,phase6a,2026-07-12,0,0,1,0,0,0,v1,494,0.19312602291325695,494,0.19312602291325695,495,0.19148936170212766,^TWII,yfinance,2y,2026-10-08,scan_20261009_174201,False,False
True,1,-0.4499994913736979,-0.4499994913736979,True,False,賣出 (動能轉弱),61.099998474121094,2026-10-08 00:00:00,62.430000114440915,-0.05500011444092223,True,False,3.382323620724031,True,0.0012390130709145207,36.90280029884615,0.001291848392241411,0.0013273349691486705,-0.4286704087192006,-2.351603726599927,-2.2545633359152273,-0.4286704087192006,False,False,False,False,False,False,0.21558472903976092,False,-0.04531252384185791,中性,2756.TWO,聯發國際,0,v1,phase6a,2026-07-12,0,0,0,0,0,0,v1,399,0.3486088379705401,399,0.3486088379705401,401,0.3453355155482815,^TWII,yfinance,2y,2026-10-08,scan_20261009_174201,False,False
True,1,-0.1333332061767578,-0.15833346048990884,True,False,觀察 (跌勢收斂),20.200000762939453,2026-10-08 00:00:00,20.660000133514405,-0.022499942779539595,False,False,0.8909001628531938,False,0.0004096246416170683,18.56148797195057,0.00042985473428777676,0.0004402483692753562,-0.49295399036283216,-2.411898084633801,-5.0762935348764415,-0.49295399036283216,False,False,False,False,False,False,0.3789885925166827,False,-0.11403502461065407,中性,3712.TW,永崴投控,2,v1,phase6a,2026-07-12,0,2,2,2,2,2,v1,140,0.7725040916530278,140,0.7725040916530278,144,0.7659574468085106,^TWII,yfinance,2y,2026-10-08,scan_20261009_174201,True,False
True,0,-0.30833244323730463,-0.391665776570638,True,False,觀察 (跌勢收斂),28.5,2026-10-08 00:00:00,28.237499713897705,0.08249998092651367,False,True,0.28531891521748437,False,0.0005779357349087363,30.33309772177452,0.0005862354836384435,0.0006117847529363971,-0.14880670379945338,-1.9721934678042063,-2.8938919446521383,-0.14880670379945338,False,False,False,False,False,False,0.2508605528297717,False,-0.01041664045166013,中性,2235.TWO,謚源,1,v1,phase6a,2026-07-12,0,1,3,1,1,1,v1,223,0.6366612111292962,223,0.6366612111292962,225,0.6333878887070377,^TWII,yfinance,2y,2026-10-08,scan_20261009_174201,False,False
False,0,0.16666682561238605,0.21166674296061197,False,True,強烈買入 (爆發),9.869999885559082,2026-10-08 00:00:00,9.866499948501588,-0.005000019073484907,False,True,0.5701329151328572,False,0.0002001482679792888,16.105447006261475,0.00020816240592477604,0.0002360790854310056,-0.40362165220000357,-2.9230057694130562,-10.058512247215534,-0.40362165220000357,False,False,False,False,False,False,0.09313265923082328,False,-0.21976283136790975,中性,3011.TW,今皓,3,v1,phase6a,2026-07-12,0,3,4,3,3,3,v1,42,0.9328968903436988,42,0.9328968903436988,52,0.9165302782324058,^TWII,yfinance,2y,2026-10-08,scan_20261009_174201,False,False
True,0,-0.150000254313151,0.033332824707031264,True,False,賣出 (動能轉弱),97.0,2026-10-08 00:00:00,96.50999908447265,0.09000015258789062,False,True,0.513340221551001,False,0.001967009343373594,43.11769409019942,0.0020130970133639377,0.0021080804293681977,-0.24040921019078398,-1.8262667953475864,-4.447536432469878,-0.24040921019078398,False,False,False,False,False,False,0.08118232821239244,False,-0.02020202020202022,中性,6752.TWO,叡揚,0,v1,phase6a,2026-07-12,0,0,2,0,0,0,v1,535,0.1260229132569558,535,0.1260229132569558,535,0.1260229132569558,^TWII,yfinance,2y,2026-10-08,scan_20261009_174201,False,False
False,0,0.5583330790201823,0.27499961853027344,False,True,強烈買入 (爆發),28.0,2026-10-08 00:00:00,26.16250009536743,0.08999996185302805,False,True,12.6864627668477,True,0.0005677965114892848,46.64966507217784,0.0005479128041590348,0.0005667233156842664,0.38346389998613617,-0.9539450000830563,-3.2470674676687183,0.38346389998613617,True,True,False,False,False,True,0.3926307525327081,False,0.0,偏強 (RS上升),1732.TW,毛寶,3,v1,phase6a,2026-07-12,0,3,5,3,3,3,v1,27,0.9574468085106383,27,0.9574468085106383,41,0.9345335515548282,^TWII,yfinance,2y,2026-10-08,scan_20261009_174201,False,False
True,0,-0.16666634877522785,-0.09999942779541016,True,False,賣出 (動能轉弱),16.649999618530273,2026-10-08 00:00:00,16.8125,-0.01249999999999929,True,False,0.5878697844501264,False,0.00033763613213212186,33.50812291654998,0.00035067186475968307,0.00036890275555639355,-0.3897757661264656,-2.6327843881736257,-6.162000201455376,-0.3897757661264656,False,False,False,False,False,False,0.04824907988019043,False,-0.05932209599717586,中性,2534.TW,宏盛,0,v1,phase6a,2026-07-12,0,0,0,0,0,0,v1,381,0.3780687397708674,381,0.3780687397708674,383,0.37479541734860883,^TWII,yfinance,2y,2026-10-08,scan_20261009_174201,False,False
True,1,-0.04999987284342448,-0.05000019073486328,True,False,觀察 (跌勢收斂),16.200000762939453,2026-10-08 00:00:00,16.27500009536743,-0.014999961853028765,True,False,1.3207212503294075,False,0.0003285108542614562,28.672494202956145,0.00033988774714716215,0.00035879070483801873,-0.3511050227459678,-2.4094640694208413,-6.2975343023932595,-0.3511050227459678,False,False,False,False,False,False,0.059572150070745344,False,-0.04142005156161632,中性,4972.TWO,湯石照明,1,v1,phase6a,2026-07-12,0,1,1,1,1,1,v1,256,0.5826513911620295,256,0.5826513911620295,258,0.5793780687397708,^TWII,yfinance,2y,2026-10-08,scan_20261009_174201,False,False
True,1,4.0,4.333333333333333,True,False,觀望 (動能減弱),249.0,2026-10-08 00:00:00,251.125,-0.125,True,False,1.1789061087444934,False,0.005049333262886854,62.805389334351894,0.005247138382004231,0.00542572037923185,-0.3952496144773221,-1.779178022327832,-4.362366889503344,-0.3952496144773221,False,False,False,False,False,False,0.0,False,-0.07777777777777772,中性,2317.TW,鴻海,3,v1,phase6a,2026-07-12,0,3,3,3,3,3,v1,32,0.9492635024549918,32,0.9492635024549918,45,0.9279869067103109,^TWII,yfinance,2y,2026-10-08,scan_20261009_174201,True,True
True,3,0.0,0.0,True,False,賣出 (動能轉弱),3.2699999809265137,2026-10-08 00:00:00,3.2699999809265137,0.0,False,False,1.0,False,6.631052077643223e-05,34.31059787387758,6.818325754427374e-05,7.243110735822894e-05,-0.2882846860504884,-1.9243291364689719,-4.397067644877961,-0.2882846860504884,False,False,False,False,False,False,0.04168863125305281,False,0.0,中性,4804.TWO,大略-KY,0,v1,phase6a,2026-07-12,0,0,0,0,0,0,v1,464,0.24222585924713586,464,0.24222585924713586,465,0.24058919803600654,^TWII,yfinance,2y,2026-10-08,scan_20261009_174201,False,False
True,0,-0.9999999999999999,-0.7499999999999999,True,False,賣出 (動能轉弱),127.0,2026-10-08 00:00:00,128.6,-0.42500000000001137,True,False,0.876037864728753,False,0.0025753627485406846,41.62010569234084,0.002721459611407055,0.0029443586755616485,-0.5619118069675411,-3.4586530629804213,-14.030817211148038,-0.5619118069675411,False,False,False,False,False,False,0.03340600299385361,False,-0.2845070422535211,中性,2359.TW,所羅門,0,v1,phase6a,2026-07-12,0,0,0,0,0,0,v1,360,0.41243862520458263,360,0.41243862520458263,363,0.4075286415711948,^TWII,yfinance,2y,2026-10-08,scan_20261009_174201,False,False
True,0,0.006666660308837888,-0.02333339055379232,True,False,買入 (動能增強),9.210000038146973,2026-10-08 00:00:00,9.253500032424927,-0.0039999961853016686,False,False,0.6576750680440744,False,0.00018676449615985825,42.8731453198355,0.00019277723217062725,0.0002030962992023783,-0.3272421712882667,-2.0446294267940424,-4.972881175405696,-0.3272421712882667,False,False,False,False,False,False,0.053739160809939346,False,-0.1627272692593661,中性,1413.TW,宏洲,2,v1,phase6a,2026-07-12,0,2,2,2,2,2,v1,87,0.8592471358428805,87,0.8592471358428805,94,0.8477905073649754,^TWII,yfinance,2y,2026-10-08,scan_20261009_174201,False,False
True,0,-0.5666656494140625,-0.5499992370605469,True,False,賣出 (動能轉弱),49.5,2026-10-08 00:00:00,48.77249984741211,0.06499996185302592,False,True,1.0777950843636637,False,0.0010037831185257,35.24812575541825,0.0010111579707058579,0.0010465525499681098,-0.07671449142370168,-2.1218180863973313,-2.477267686520024,-0.07671449142370168,False,False,False,False,False,False,0.14461589775772177,False,-0.08895703389353915,中性,2540.TW,愛山林,0,v1,phase6a,2026-07-12,0,0,2,0,0,0,v1,382,0.37643207855973815,382,0.37643207855973815,384,0.37315875613747956,^TWII,yfinance,2y,2026-10-08,scan_20261009_174201,False,False
True,1,0.2583338419596354,0.24166742960611978,True,False,買入 (動能增強),44.20000076293945,2026-10-08 00:00:00,44.13000049591064,-0.03249988555908345,False,True,1.468575017922738,False,0.0008963073657507409,41.591761295138824,0.0009234778206160578,0.000977892818530353,-0.3087478098246388,-2.0035352934239525,-6.118196495547046,-0.3087478098246388,False,False,False,False,False,False,0.04769045956908577,False,-0.058572948994939034,中性,5706.TW,鳳凰,2,v1,phase6a,2026-07-12,0,2,3,2,2,2,v1,167,0.7283142389525368,167,0.7283142389525368,168,0.7266775777414075,^TWII,yfinance,2y,2026-10-08,scan_20261009_174201,False,False
True,0,-0.13666661580403647,-0.11833326021830241,True,False,賣出 (動能轉弱),4.0,2026-10-08 00:00:00,4.147500061988831,-0.01249999999999929,False,False,1.8685370283906038,True,8.111378735561211e-05,37.35428896067318,8.621936571606892e-05,9.235092075793713e-05,-0.6194665224716456,-2.9854074066076763,-7.300056631516272,-0.6194665224716456,False,False,False,False,False,False,0.025646185024353178,False,-0.17012451088331315,中性,5701.TWO,劍湖山,0,v1,phase6a,2026-07-12,0,0,0,0,0,0,v1,486,0.20621931260229132,486,0.20621931260229132,487,0.20458265139116202,^TWII,yfinance,2y,2026-10-08,scan_20261009_174201,False,False
True,0,-0.7250010172526041,-0.20000076293945312,True,False,賣出 (動能轉弱),39.099998474121094,2026-10-08 00:00:00,40.28250007629394,0.00999984741210369,False,False,0.42317998228027537,False,0.0007928872404586541,49.46981117434581,0.0008417645254614496,0.0009045370144160355,-0.6075002525679496,-2.9585978693474346,-7.619611677766159,-0.6075002525679496,False,False,False,False,False,False,0.0024866887078212737,False,-0.2242064029691665,中性,3704.TW,合勤控,0,v1,phase6a,2026-07-12,0,0,1,0,0,0,v1,441,0.27986906710310966,441,0.27986906710310966,442,0.27823240589198034,^TWII,yfinance,2y,2026-10-08,scan_20261009_174201,False,False
True,1,-0.28333282470703125,-0.09999974568684895,True,False,賣出 (動能轉弱),99.9000015258789,2026-10-08 00:00:00,100.46500015258789,-0.10499992370606037,True,False,0.8843682027438169,False,0.0020258168701488668,33.334297707269336,0.002102121495403623,0.0022191539125362607,-0.38063892428978896,-2.271063407559082,-6.774771864490536,-0.38063892428978896,False,False,False,False,False,False,0.034545722765185624,False,-0.07499998587149159,中性,6703.TWO,軒郁,0,v1,phase6a,2026-07-12,0,0,0,0,0,0,v1,533,0.12929623567921442,533,0.12929623567921442,533,0.12929623567921442,^TWII,yfinance,2y,2026-10-08,scan_20261009_174201,False,False
False,0,-0.33333365122477215,-0.3750001589457194,False,True,強烈賣出 (跌破),11.899999618530273,2026-10-08 00:00:00,12.1,-0.022500038146972656,False,False,0.6968666668622371,False,0.00024131350964733247,21.918566277225935,0.0002513518185336302,0.00026438155923308633,-0.41863256032338425,-2.7072790523668178,-6.171485889862871,-0.41863256032338425,False,False,False,False,False,False,0.10783653565689234,False,-0.05555561442433876,中性,8107.TWO,大億金茂,0,v1,phase6a,2026-07-12,0,0,0,0,0,0,v1,574,0.062193126022913256,574,0.062193126022913256,574,0.062193126022913256,^TWII,yfinance,2y,2026-10-08,scan_20261009_174201,False,False
True,0,5.916666666666666,5.583333333333333,True,False,買入 (動能增強),202.0,2026-10-08 00:00:00,201.875,0.09999999999999432,False,True,0.7089464647281468,False,0.004096246261458412,59.4308103726175,0.004172248727644586,0.004217584499909499,-0.1913823703554418,-0.5178319868154646,3.8164595241847676,-0.1913823703554418,False,False,False,False,False,False,0.5594455060971133,False,-0.01941747572815533,中性,7703.TWO,銳澤,2,v1,phase6a,2026-07-12,0,2,4,2,2,2,v1,195,0.6824877250409165,195,0.6824877250409165,196,0.6808510638297872,^TWII,yfinance,2y,2026-10-08,scan_20261009_174201,False,False
True,0,-0.6749998728434243,-0.8166662851969402,True,False,觀察 (跌勢收斂),36.79999923706055,2026-10-08 00:00:00,37.145000267028806,-0.0625,True,False,0.8204903797502975,False,0.0007462468282004043,34.38794910988331,0.0007726375278250608,0.0007972331632898746,-0.3582554637007851,-2.28721828233317,-5.657534847112789,-0.3582554637007851,False,False,False,False,False,False,0.10407007482743143,False,-0.051546392766154026,中性,2948.TWO,寶陞,1,v1,phase6a,2026-07-12,0,1,1,1,1,1,v1,240,0.6088379705400983,240,0.6088379705400983,242,0.6055646481178396,^TWII,yfinance,2y,2026-10-08,scan_20261009_174201,False,False
False,0,-1.4166666666666665,-0.08333333333333337,False,True,強烈賣出 (跌破),166.0,2026-10-08 00:00:00,168.65,-0.17499999999998295,True,False,0.8657868108201707,False,0.0033662221752579027,31.085178593524265,0.0035407240950491633,0.003798870745922766,-0.5161040914182458,-3.0260464328220826,-9.489353710178294,-0.5161040914182458,False,False,False,False,False,False,0.04306354243594443,False,-0.10752688172043012,中性,6996.TWO,力領科技,0,v1,phase6a,2026-07-12,0,0,0,0,0,0,v1,556,0.09165302782324058,556,0.09165302782324058,556,0.09165302782324058,^TWII,yfinance,2y,2026-10-08,scan_20261009_174201,False,False
True,1,2.5833333333333326,3.2499999999999996,True,False,觀望 (動能減弱),253.5,2026-10-08 00:00:00,254.15,-0.17499999999998295,True,False,0.31933068288866534,False,0.005140586273661918,106.21973660860945,0.005325723270065634,0.005692686288202273,-0.3645899762903748,-2.21468795049099,-6.704181069709703,-0.3645899762903748,False,False,False,False,False,False,0.045818287883176184,False,-0.1605960264900662,中性,8499.TW,鼎炫-KY,0,v1,phase6a,2026-07-12,0,0,0,0,0,0,v1,590,0.03600654664484452,590,0.03600654664484452,590,0.03600654664484452,^TWII,yfinance,2y,2026-10-08,scan_20261009_174201,False,False
True,1,-0.3416665395100912,-0.4333330790201823,True,False,觀察 (跌勢收斂),42.75,2026-10-08 00:00:00,42.95,0.052499961853030186,False,False,0.7990916137741444,False,0.0008669036023631044,41.46598024474191,0.000890882279101834,0.000937248750087394,-0.2825221954939394,-1.9264660124808208,-2.6797616535004454,-0.2825221954939394,False,False,False,False,False,False,0.045842811577587884,False,-0.0528961123517564,中性,6470.TWO,宇智,1,v1,phase6a,2026-07-12,0,1,2,1,1,1,v1,276,0.5499181669394435,276,0.5499181669394435,277,0.5482815057283142,^TWII,yfinance,2y,2026-10-08,scan_20261009_174201,False,False
True,0,-0.07499949137369794,-0.29166666666666663,True,False,觀察 (跌勢收斂),36.70000076293945,2026-10-08 00:00:00,36.28250007629394,0.010000038146969814,False,True,0.5196787759956718,False,0.0007442190144589683,65.91959384172739,0.0007519727547071141,0.0007529081000778995,-0.10842125102181743,-1.5360813234129411,-1.370069904675364,-0.10842125102181743,False,False,False,False,False,False,0.3928849769160212,False,-0.029100489320714407,中性,2605.TW,新興,1,v1,phase6a,2026-07-12,0,1,3,1,1,1,v1,231,0.6235679214402619,231,0.6235679214402619,233,0.6202945990180033,^TWII,yfinance,2y,2026-10-08,scan_20261009_174201,False,False
True,0,40.166666666666664,43.166666666666664,True,False,觀望 (動能減弱),558.0,2026-10-08 00:00:00,548.8,2.1499999999999773,False,True,0.7518112408917861,False,0.01131537333610789,165.3943201063385,0.011300790293103298,0.010122854791652643,0.013585472018484701,1.5720484058447948,14.23483435831685,0.013585472018484701,True,True,True,False,False,False,0.8455678610948433,False,-0.07920792079207917,偏強 (RS上升),2455.TW,全新,0,v1,phase6a,2026-07-12,1,1,2,1,0,1,v1,375,0.3878887070376432,375,0.3878887070376432,305,0.502454991816694,^TWII,yfinance,2y,2026-10-08,scan_20261009_174201,False,False
True,1,0.15833346048990884,0.15833346048990884,True,False,觀望 (動能減弱),30.200000762939453,2026-10-08 00:00:00,30.050000190734863,0.010000038146973367,False,True,0.9655305590421938,False,0.0006124091100060986,26.04913049220082,0.0006282694612759127,0.0006729268728943366,-0.265027365246151,-1.8455487351506372,-5.144677807286313,-0.265027365246151,False,False,False,False,False,False,0.04373065447217159,False,-0.059189962663500184,中性,2926.TWO,誠品生活,0,v1,phase6a,2026-07-12,0,0,2,0,0,0,v1,409,0.3322422258592471,409,0.3322422258592471,410,0.33060556464811786,^TWII,yfinance,2y,2026-10-08,scan_20261009_174201,False,False
True,2,0.11666742960611978,0.1250006357828776,True,False,觀望 (動能減弱),20.600000381469727,2026-10-08 00:00:00,20.6125,-0.009999942779540305,False,False,0.6724919413049034,False,0.0004177360126170159,22.862101787583672,0.0004311141496137588,0.00045330150711511946,-0.3255843003395098,-1.9296547606994174,-5.583351001374403,-0.3255843003395098,False,False,False,False,False,False,0.03427703225590713,False,-0.04186044737350114,中性,8426.TWO,紅木-KY,2,v1,phase6a,2026-07-12,0,2,2,2,2,2,v1,201,0.6726677577741408,201,0.6726677577741408,202,0.6710310965630114,^TWII,yfinance,2y,2026-10-08,scan_20261009_174201,False,True
True,0,0.26666641235351557,0.3333331743876139,True,False,觀望 (動能減弱),14.149999618530273,2026-10-08 00:00:00,14.232499885559083,-0.005000019073484907,True,False,0.6905199824640084,False,0.00028694001503486426,46.17873792041093,0.0002978587938492261,0.0003211730522941908,-0.3843859040912556,-1.95182621605694,-5.164902470679545,-0.3843859040912556,False,False,False,False,False,False,0.031914210359149445,False,-0.16519180049426774,中性,2440.TW,太空梭,0,v1,phase6a,2026-07-12,0,0,0,0,0,0,v1,373,0.3911620294599018,373,0.3911620294599018,376,0.3862520458265139,^TWII,yfinance,2y,2026-10-08,scan_20261009_174201,False,False
True,0,-0.4666671752929687,-0.5333340962727864,True,False,觀察 (跌勢收斂),65.0,2026-10-08 00:00:00,65.28500061035156,-0.054999923706063214,True,False,0.6916191645801264,False,0.0013180990445286968,47.51831063372952,0.0013620330302460673,0.0014196240142293288,-0.3383897964925997,-2.2505732714003135,-5.924358608448921,-0.3383897964925997,False,False,False,False,False,False,0.04300060060230039,False,-0.03417537811980442,中性,2459.TW,敦吉,1,v1,phase6a,2026-07-12,0,1,1,1,1,1,v1,227,0.630114566284779,227,0.630114566284779,229,0.6268412438625205,^TWII,yfinance,2y,2026-10-08,scan_20261009_174201,False,False
True,0,1.833333333333333,2.333333333333333,True,False,觀望 (動能減弱),123.5,2026-10-08 00:00:00,123.875,0.025000000000005684,False,False,0.49749319412539345,False,0.002504388184604524,65.38455121784634,0.0025994567996737634,0.002710753012166234,-0.3834972451545182,-2.1669159689111317,-6.949561848984254,-0.3834972451545182,False,False,False,False,False,False,0.038727774381541104,False,-0.10830324909747291,中性,3213.TWO,茂訊,1,v1,phase6a,2026-07-12,0,1,2,1,1,1,v1,242,0.6055646481178396,242,0.6055646481178396,244,0.602291325695581,^TWII,yfinance,2y,2026-10-08,scan_20261009_174201,True,False
True,1,0.08499972025553384,0.10166645050048827,True,False,觀望 (動能減弱),10.050000190734863,2026-10-08 00:00:00,9.982499980926514,0.003999996185303445,False,True,0.7268827760422858,False,0.00020379839459878221,37.20545592520333,0.0002085128052269923,0.0002176088344832967,-0.23743169447585366,-1.9166761076478522,-4.513096269067985,-0.23743169447585366,False,False,False,False,False,False,0.07053373498414127,False,-0.028184002838116617,中性,1474.TW,弘裕,0,v1,phase6a,2026-07-12,0,0,2,0,0,0,v1,325,0.469721767594108,325,0.469721767594108,328,0.46481178396072015,^TWII,yfinance,2y,2026-10-08,scan_20261009_174201,False,False
False,0,-0.8499999046325684,-0.65833314259847,False,True,強烈賣出 (跌破),13.5,2026-10-08 00:00:00,14.300000095367432,-0.05500001907348562,False,False,2.77992277992278,True,0.00027375903232519086,23.72943029416944,0.000295530257209908,0.0003163311948377513,-0.7694892087257377,-3.433970099237904,-6.288620188212524,-0.7694892087257377,False,False,False,False,False,False,0.0,False,-0.1573631884033816,中性,5546.TW,永固-KY,0,v1,phase6a,2026-07-12,0,0,0,0,0,0,v1,485,0.2078559738134206,485,0.2078559738134206,486,0.20621931260229132,^TWII,yfinance,2y,2026-10-08,scan_20261009_174201,False,False
True,0,-0.4166673024495443,-0.7500006357828776,True,False,觀察 (跌勢收斂),60.70000076293945,2026-10-08 00:00:00,61.114999771118164,-0.08500003814697266,True,False,0.6531296010155401,False,0.001230901738592641,31.35380136198933,0.0012794130637143535,0.0013965698321841285,-0.39753816119381113,-2.4891231356702126,-8.381992797975368,-0.39753816119381113,False,False,False,False,False,False,0.025049805365189488,False,-0.2023652827853687,中性,3687.TWO,歐買尬,1,v1,phase6a,2026-07-12,0,1,1,1,1,1,v1,247,0.5973813420621932,247,0.5973813420621932,249,0.5941080196399345,^TWII,yfinance,2y,2026-10-08,scan_20261009_174201,False,False
True,1,0.06666628519694011,0.08333301544189453,True,False,觀望 (動能減弱),31.149999618530273,2026-10-08 00:00:00,31.05500011444092,0.02500000000000213,False,True,0.7333008434614687,False,0.0006316736112962157,37.223959219599905,0.0006470863163814686,0.0006738252131251973,-0.2500953036380982,-1.8751431463528423,-3.5428557878191214,-0.2500953036380982,False,False,False,False,False,False,0.06887295188736961,False,-0.00897901221884756,中性,1614.TW,三洋電,2,v1,phase6a,2026-07-12,0,2,4,2,2,2,v1,101,0.8363338788870703,101,0.8363338788870703,108,0.8248772504091653,^TWII,yfinance,2y,2026-10-08,scan_20261009_174201,False,True
True,0,-0.1249998410542806,-0.14166641235351562,True,False,觀察 (跌勢收斂),12.0,2026-10-08 00:00:00,12.047500038146973,-0.01500000953674352,False,False,2.1867878927379447,True,0.00024334136206683634,27.374559644214607,0.0002522877776805125,0.0002795993426103341,-0.371887137304483,-2.4198107448421102,-8.126922404162917,-0.371887137304483,False,False,False,False,False,False,0.025913445924060717,False,-0.17525774277024753,中性,6169.TWO,昱泉,1,v1,phase6a,2026-07-12,0,1,1,1,1,1,v1,268,0.563011456628478,268,0.563011456628478,270,0.5597381342062193,^TWII,yfinance,2y,2026-10-08,scan_20261009_174201,False,False
True,0,0.11666679382324219,0.08333333333333334,True,False,買入 (動能增強),50.20000076293945,2026-10-08 00:00:00,49.66499977111816,0.012499999999995737,False,True,0.5581395348837209,False,0.0010179780467841591,43.47663694060339,0.0010372451602149483,0.0011028953249998896,-0.19514763318839723,-2.0472458761506385,-5.309150139836549,-0.19514763318839723,False,False,False,False,False,False,0.11864809016350318,False,-0.04562733423580656,中性,6899.TWO,創為精密,2,v1,phase6a,2026-07-12,0,2,4,2,2,2,v1,190,0.690671031096563,190,0.690671031096563,191,0.6890343698854338,^TWII,yfinance,2y,2026-10-08,scan_20261009_174201,False,False
True,0,0.4750000635782877,0.23333358764648438,True,False,買入 (動能增強),28.399999618530273,2026-10-08 00:00:00,28.219999980926513,-0.03000001907348704,True,True,0.32051282051282054,False,0.0005759078824892325,38.03286148642432,0.000588945508578121,0.0006007927803680191,-0.23248180619014347,-1.4734634802794355,-4.481078765156821,-0.23248180619014347,False,False,False,False,False,False,0.09799338243596852,False,-0.04537816408301598,中性,4767.TWO,誠泰科技,2,v1,phase6a,2026-07-12,0,2,3,2,2,2,v1,154,0.7495908346972177,154,0.7495908346972177,158,0.7430441898527005,^TWII,yfinance,2y,2026-10-08,scan_20261009_174201,False,False
True,1,-0.5833333333333333,-0.5833333333333333,True,False,賣出 (動能轉弱),106.0,2026-10-08 00:00:00,105.425,0.09999999999999432,False,True,1.306756875807203,False,0.002149515364923721,59.57586372974546,0.0021885243676558184,0.002236557515571909,-0.18727326227343521,-1.54385908908391,-1.770506356771373,-0.18727326227343521,False,False,False,False,False,False,0.09257976738863234,False,-0.013953488372092981,中性,4904.TW,遠傳,0,v1,phase6a,2026-07-12,0,0,2,0,0,0,v1,465,0.24058919803600654,465,0.24058919803600654,466,0.23895253682487724,^TWII,yfinance,2y,2026-10-08,scan_20261009_174201,False,False
True,1,-0.11666615804036451,0.2416674296061198,True,False,賣出 (動能轉弱),38.849998474121094,2026-10-08 00:00:00,40.26749973297119,-0.08750000000000568,True,False,0.8707342371039823,False,0.0007878176287489284,118.36313567537198,0.0008424356316287118,0.0008216548931846991,-0.6778313896313337,-2.6796397977747466,-8.127119912658342,-0.6778313896313337,False,False,True,False,False,False,0.3730659547903747,False,-0.31117025845655455,中性,2491.TW,吉祥全,1,v1,phase6a,2026-07-12,0,1,1,1,1,1,v1,228,0.6284779050736498,228,0.6284779050736498,230,0.6252045826513911,^TWII,yfinance,2y,2026-10-08,scan_20261009_174201,True,False
True,0,0.8833312988281248,2.466665267944336,True,False,觀望 (動能減弱),59.599998474121094,2026-10-08 00:00:00,62.91500015258789,-0.18500003814696697,False,False,0.8839147457345903,False,0.0012085954006561663,46.7799582040029,0.0012922932604245631,0.001251843164442522,-0.6771406434715188,-1.599867098573049,7.84480509934784,-0.6771406434715188,False,False,True,False,False,False,0.4421673167066109,False,-0.1337209908365209,中性,8431.TWO,匯鑽科,0,v1,phase6a,2026-07-12,0,0,0,0,0,0,v1,581,0.05073649754500818,581,0.05073649754500818,581,0.05073649754500818,^TWII,yfinance,2y,2026-10-08,scan_20261009_174201,False,False
True,0,-0.028636693954467766,-0.056493202845255525,True,False,觀察 (跌勢收斂),7.539999961853027,2026-10-08 00:00:00,7.577954506874084,-0.00496747493743932,True,False,0.34875162836692386,False,0.00015289948839176747,34.21412598736432,0.0001579836064793558,0.00016570185444577515,-0.33760689793219667,-2.32372925741382,-5.441268861974158,-0.33760689793219667,False,False,False,False,False,False,0.06582040109028424,False,-0.05219099813998973,中性,5512.TWO,力麒,1,v1,phase6a,2026-07-12,0,1,1,1,1,1,v1,261,0.574468085106383,261,0.574468085106383,263,0.5711947626841244,^TWII,yfinance,2y,2026-10-08,scan_20261009_174201,False,False
True,0,0.2000001271565755,0.4833335876464843,True,False,觀望 (動能減弱),19.299999237060547,2026-10-08 00:00:00,19.767499923706055,-0.035000038146971946,True,False,0.4303695617214124,False,0.0003913740085196013,19.70937702977184,0.00041025658646583765,0.00042816631418499606,-0.48215103020281536,-2.012673307334356,-2.29202667172137,-0.48215103020281536,False,False,False,False,False,False,0.04149991429509684,False,-0.1247165576032282,中性,2438.TW,翔耀,0,v1,phase6a,2026-07-12,0,0,0,0,0,0,v1,372,0.39279869067103107,372,0.39279869067103107,375,0.3878887070376432,^TWII,yfinance,2y,2026-10-08,scan_20261009_174201,False,False
True,0,-0.0627616246541341,-0.09654696782430011,True,False,觀察 (跌勢收斂),15.842630386352539,2026-10-08 00:00:00,15.425589561462402,0.05444874763488805,False,True,0.0,False,0.0003212639380780397,29.617094336785637,0.000321297883816434,0.00033425555623669683,-0.0011121131081259783,-1.5780987505113697,-2.7315001154291085,-0.0011121131081259783,False,False,False,False,False,False,0.25359704682825995,False,-0.05916911574978867,中性,4155.TW,訊映,1,v1,phase6a,2026-07-12,0,1,3,1,1,1,v1,251,0.5908346972176759,251,0.5908346972176759,253,0.5875613747954174,^TWII,yfinance,2y,2026-10-08,scan_20261009_174201,False,False
True,1,0.4499982198079427,0.39999898274739576,True,False,買入 (動能增強),83.69999694824219,2026-10-08 00:00:00,82.66500053405761,0.00999984741210369,False,True,0.8578492718385531,False,0.001697305938531275,43.6229875879449,0.0017293912479255634,0.0018396904006977087,-0.1949135558857451,-1.8785152181413522,-5.372947712241716,-0.1949135558857451,False,False,False,False,False,False,0.09736639260499565,False,-0.059550596087166396,中性,4129.TWO,聯合,2,v1,phase6a,2026-07-12,0,2,4,2,2,2,v1,144,0.7659574468085106,144,0.7659574468085106,148,0.7594108019639935,^TWII,yfinance,2y,2026-10-08,scan_20261009_174201,False,False
True,0,0.7333332697550454,0.75,True,False,觀望 (動能減弱),24.100000381469727,2026-10-08 00:00:00,23.722500133514405,0.022500038146972656,False,True,0.6693622063625592,False,0.0004887105765531766,35.77256568129269,0.0004972544083586412,0.000521215550518681,-0.18053677202689578,-1.4268339105564354,-4.056594318636164,-0.18053677202689578,False,False,False,False,False,False,0.10303966033783064,False,-0.06407765508855434,中性,6229.TWO,研通,0,v1,phase6a,2026-07-12,0,0,2,0,0,0,v1,506,0.1734860883797054,506,0.1734860883797054,507,0.1718494271685761,^TWII,yfinance,2y,2026-10-08,scan_20261009_174201,False,False
True,0,0.1666666666666663,1.0833333333333328,True,False,觀望 (動能減弱),107.5,2026-10-08 00:00:00,110.75,-0.29999999999999716,True,False,0.3031982822696922,False,0.0021799330351820754,126.38799332011224,0.0022867042564034454,0.0022823958853857747,-0.4890928231326197,-1.7368645921006176,-0.15973734082663782,-0.4890928231326197,False,False,True,False,False,False,0.6120318840337465,False,-0.09282700421940926,中性,6588.TWO,東典光電,0,v1,phase6a,2026-07-12,0,0,0,0,0,0,v1,522,0.14729950900163666,522,0.14729950900163666,522,0.14729950900163666,^TWII,yfinance,2y,2026-10-08,scan_20261009_174201,False,False
True,0,-0.2166665395100911,-0.24999999999999997,True,False,觀察 (跌勢收斂),51.0,2026-10-08 00:00:00,51.055000114440915,-0.020000076293946734,True,False,1.4545696973737443,False,0.0010342007887840544,31.12285799015294,0.001064610049022272,0.0011176393996321264,-0.2997697804779986,-2.1476585959865346,-5.170862127488817,-0.2997697804779986,False,False,False,False,False,False,0.05224545727243743,False,-0.022988520026831494,中性,6281.TW,全國電,1,v1,phase6a,2026-07-12,0,1,1,1,1,1,v1,274,0.5531914893617021,274,0.5531914893617021,275,0.5515548281505729,^TWII,yfinance,2y,2026-10-08,scan_20261009_174201,False,False
True,0,0.1916664441426595,0.1916664441426595,True,False,觀望 (動能減弱),12.5,2026-10-08 00:00:00,12.40499997138977,0.01500000953674352,False,True,0.36951891912029505,False,0.00025348058548628786,47.76290445236801,0.0002588552238966552,0.0002662052320919592,-0.2180823701496526,-1.6281511889554512,-3.145245243203687,-0.2180823701496526,False,False,False,False,False,False,0.08118521902055388,False,-0.019607843137254943,中性,5324.TWO,士開,2,v1,phase6a,2026-07-12,0,2,4,2,2,2,v1,161,0.7381342062193126,161,0.7381342062193126,164,0.7332242225859247,^TWII,yfinance,2y,2026-10-08,scan_20261009_174201,False,True
True,0,-0.4249998728434245,-0.5333334604899088,True,False,觀察 (跌勢收斂),41.5,2026-10-08 00:00:00,41.60999984741211,-0.0625,True,False,1.5535119316270767,True,0.0008415555438144757,29.783753578857286,0.0008661012482558408,0.000909046457599482,-0.29743328623891285,-2.399912423576611,-5.645684605551004,-0.29743328623891285,False,False,False,False,False,False,0.10944528657655951,False,-0.04707231396036449,中性,6754.TW,匯僑設計,1,v1,phase6a,2026-07-12,0,1,1,1,1,1,v1,284,0.5368248772504092,284,0.5368248772504092,285,0.5351882160392799,^TWII,yfinance,2y,2026-10-08,scan_20261009_174201,False,False
True,1,-0.05833323796590169,-0.06666660308837889,True,False,觀察 (跌勢收斂),14.100000381469727,2026-10-08 00:00:00,14.267499923706055,-0.019999980926513672,True,False,0.6560022165540733,False,0.00028592610816414625,24.44305003818465,0.0002981948200710021,0.00031963926400694216,-0.4312195637379723,-2.4217478942855974,-6.778870315092512,-0.4312195637379723,False,False,False,False,False,False,0.022472135787520338,False,-0.07540981105116551,中性,8450.TWO,霹靂,1,v1,phase6a,2026-07-12,0,1,1,1,1,1,v1,298,0.513911620294599,298,0.513911620294599,299,0.5122749590834698,^TWII,yfinance,2y,2026-10-08,scan_20261009_174201,False,False
True,1,0.21666717529296872,0.5250008900960286,True,False,觀望 (動能減弱),41.04999923706055,2026-10-08 00:00:00,41.537499809265135,-0.047500038146971235,False,False,1.692151493708273,True,0.0008324302272657421,31.68064043376143,0.0008703578694677643,0.0009308667462782148,-0.45661145252020585,-2.213080240707299,-6.554686584185198,-0.45661145252020585,False,False,False,False,False,False,0.0,False,-0.10468919076997985,中性,6856.TWO,鑫傳,0,v1,phase6a,2026-07-12,0,0,0,0,0,0,v1,545,0.10965630114566285,545,0.10965630114566285,545,0.10965630114566285,^TWII,yfinance,2y,2026-10-08,scan_20261009_174201,False,False
False,0,0.636666456858317,0.429999828338623,False,True,強烈買入 (爆發),9.789999961853027,2026-10-08 00:00:00,8.309000039100647,0.0914999961853038,False,True,2.0368396396151733,True,0.0001985259937792993,5.711130892754451,0.00017632834551638008,0.00020634286908538117,1.3429340995002592,1.6190093164139663,-1.5519306729592452,1.3429340995002592,True,False,False,False,False,True,0.7175175334798952,False,0.0,偏強 (RS上升),2424.TW,隴華,3,v1,phase6a,2026-07-12,1,4,5,4,3,4,v1,34,0.9459901800327333,34,0.9459901800327333,30,0.9525368248772504,^TWII,yfinance,2y,2026-10-08,scan_20261009_174201,False,False
True,0,0.925000508626302,1.3083337148030598,True,False,觀望 (動能減弱),37.849998474121094,2026-10-08 00:00:00,38.025,0.0899999618530245,False,False,0.6994887569871641,False,0.0007675391819100254,55.09699975955683,0.0007956225688212782,0.00084498437591176,-0.37017590574703885,-1.9952984841365984,-3.595737571900437,-0.37017590574703885,False,False,False,False,False,False,0.05503950530195789,False,-0.1421344637643318,中性,2495.TW,普安,0,v1,phase6a,2026-07-12,0,0,1,0,0,0,v1,377,0.38461538461538464,377,0.38461538461538464,379,0.381342062193126,^TWII,yfinance,2y,2026-10-08,scan_20261009_174201,False,False
True,0,-0.049999872843424484,-0.1333332061767578,True,False,觀察 (跌勢收斂),65.0,2026-10-08 00:00:00,64.34999904632568,0.015000152587887783,False,True,0.4354436358805556,False,0.0013180990445286968,38.73204378433115,0.0013416808922910321,0.0013923119463085823,-0.18467249952444087,-1.8356680944862536,-4.498091676999039,-0.18467249952444087,False,False,False,False,False,False,0.09088516953758267,False,-0.022556390977443663,中性,2015.TW,豐興,1,v1,phase6a,2026-07-12,0,1,3,1,1,1,v1,219,0.6432078559738135,219,0.6432078559738135,221,0.6399345335515548,^TWII,yfinance,2y,2026-10-08,scan_20261009_174201,False,False
True,0,-0.533331553141276,-0.8499984741210938,True,False,觀察 (跌勢收斂),74.0,2026-10-08 00:00:00,75.03000030517578,-0.05000000000001137,False,False,0.7576466523175709,False,0.001500605066078824,39.77069549728648,0.0015577004568887672,0.0015961831026822836,-0.38434487364976677,-2.1215599917381645,-3.7239701829138605,-0.38434487364976677,False,False,False,False,False,False,0.03942578603154997,False,-0.043927667427010375,中性,6527.TWO,明達醫,1,v1,phase6a,2026-07-12,0,1,1,1,1,1,v1,278,0.546644844517185,278,0.546644844517185,279,0.5450081833060556,^TWII,yfinance,2y,2026-10-08,scan_20261009_174201,False,False
True,0,-0.1333335240681966,-0.10000022252400717,True,False,賣出 (動能轉弱),11.100000381469727,2026-10-08 00:00:00,11.300000143051147,-0.012500000000001066,False,False,2.4894331053608147,True,0.00022509076764743718,26.371064634987412,0.00023560266015928502,0.0002509365860605593,-0.4674575881972953,-2.5487161403163427,-6.186024117611888,-0.4674575881972953,False,False,False,False,False,False,0.01770550517905658,False,-0.07112966036504742,中性,1813.TWO,寶利徠,0,v1,phase6a,2026-07-12,0,0,0,0,0,0,v1,345,0.4369885433715221,345,0.4369885433715221,348,0.4320785597381342,^TWII,yfinance,2y,2026-10-08,scan_20261009_174201,False,False
True,0,-0.24166742960611978,-0.10833390553792313,True,False,賣出 (動能轉弱),31.299999237060547,2026-10-08 00:00:00,31.562499904632567,0.01249999999999929,False,False,0.6441772051603195,False,0.0006347153705864376,39.00370708758543,0.0006563991058789701,0.00067918084494226,-0.34652530704335494,-2.2981714215059346,-3.9845126792941277,-0.34652530704335494,False,False,False,False,False,False,0.12458247450816012,False,-0.04281350132155337,中性,2353.TW,宏��,0,v1,phase6a,2026-07-12,0,0,1,0,0,0,v1,358,0.4157119476268412,358,0.4157119476268412,361,0.41080196399345337,^TWII,yfinance,2y,2026-10-08,scan_20261009_174201,False,False
True,0,-0.15833473205566406,-0.04166793823242187,True,False,賣出 (動能轉弱),38.20000076293945,2026-10-08 00:00:00,37.88250026702881,0.06000003814697408,False,True,0.820334589723489,False,0.0007746366847173228,49.06333976547557,0.0007900611314129802,0.0008286458473294882,-0.20508490947018787,-1.7747312861156828,-3.81361067892253,-0.20508490947018787,False,False,False,False,False,False,0.15834561013015958,False,-0.052109144264943286,中性,6101.TWO,寬魚國際,0,v1,phase6a,2026-07-12,0,0,2,0,0,0,v1,491,0.19803600654664485,491,0.19803600654664485,492,0.19639934533551553,^TWII,yfinance,2y,2026-10-08,scan_20261009_174201,False,False
True,0,0.016667048136393234,0.008333524068196624,True,False,買入 (動能增強),21.200000762939453,2026-10-08 00:00:00,21.192500114440918,-0.014999961853028765,False,True,0.27300648390399274,False,0.0004299030884559713,36.726450614962395,0.00044208479294172165,0.00046325677496313365,-0.289215132882914,-1.9725646361173244,-5.050488926439822,-0.289215132882914,False,False,False,False,False,False,0.06978336156188336,False,-0.02304147384427424,中性,8463.TW,潤泰材,2,v1,phase6a,2026-07-12,0,2,3,2,2,2,v1,202,0.6710310965630114,202,0.6710310965630114,203,0.6693944353518821,^TWII,yfinance,2y,2026-10-08,scan_20261009_174201,False,False
True,0,0.050001780192057296,0.150000254313151,True,False,觀望 (動能減弱),72.0,2026-10-08 00:00:00,72.18999900817872,0.04500007629394531,False,False,0.5508089191315864,False,0.001460048172401018,43.91412713290145,0.0015023672515781052,0.0015558355235807493,-0.2956314836233376,-1.8578730198000604,-3.146859573620886,-0.2956314836233376,False,False,False,False,False,False,0.04445240882242525,False,-0.01234569968505983,中性,4104.TW,佳醫,0,v1,phase6a,2026-07-12,0,0,1,0,0,0,v1,442,0.27823240589198034,442,0.27823240589198034,443,0.2765957446808511,^TWII,yfinance,2y,2026-10-08,scan_20261009_174201,False,False
True,0,0.800000508626302,1.1166674296061199,True,False,觀望 (動能減弱),60.29999923706055,2026-10-08 00:00:00,60.66500015258789,0.0,False,False,0.030118667550147582,False,0.0012227903289146254,61.809462511967176,0.0012696185865653281,0.0012986179986483367,-0.3867481456425015,-2.153429370103499,-5.224649673112324,-0.3867481456425015,False,False,False,False,False,False,0.03240663750173715,False,-0.09865474048255862,中性,2248.TW,華勝-KY,0,v1,phase6a,2026-07-12,0,0,0,0,0,0,v1,350,0.4288052373158756,350,0.4288052373158756,353,0.4238952536824877,^TWII,yfinance,2y,2026-10-08,scan_20261009_174201,False,False
True,1,1.589457194008971e-07,8.673617379884035e-19,True,False,買入 (動能增強),9.930000305175781,2026-10-08 00:00:00,9.964499902725219,-0.005999994277955167,False,False,0.5826708999170037,False,0.00020136498329879793,34.21189215091879,0.0002082349894401866,0.00021967175581040952,-0.34607817315801537,-2.218099870232404,-6.102259196890536,-0.34607817315801537,False,False,False,False,False,False,0.04166211336628876,False,-0.05834675028268066,中性,1464.TW,得力,2,v1,phase6a,2026-07-12,0,2,2,2,2,2,v1,94,0.8477905073649754,94,0.8477905073649754,101,0.8363338788870703,^TWII,yfinance,2y,2026-10-08,scan_20261009_174201,False,False
True,0,0.03500000635782877,0.01166661580403646,True,False,買入 (動能增強),9.3100004196167,2026-10-08 00:00:00,9.444499969482422,-0.01699995994567871,False,False,1.0713215500595052,False,0.00018879234857936212,32.462795928325924,0.000197496536652964,0.00021267847872089777,-0.46177992348928054,-2.4038754230276793,-7.331602221624589,-0.46177992348928054,False,False,False,False,False,False,0.0025792732061126382,False,-0.09611648085295144,中性,1471.TW,首利,2,v1,phase6a,2026-07-12,0,2,2,2,2,2,v1,96,0.8445171849427169,96,0.8445171849427169,103,0.8330605564648118,^TWII,yfinance,2y,2026-10-08,scan_20261009_174201,False,False
True,0,0.9999999999999999,1.2499999999999996,True,False,觀望 (動能減弱),180.5,2026-10-08 00:00:00,177.65,0.0,False,True,0.8363821504152632,False,0.0036602596544219965,33.30566284152524,0.0037303557414938363,0.003998547928820525,-0.19740663553048376,-1.9692402930536201,-7.1130663784993775,-0.19740663553048376,False,False,False,False,False,False,0.15896879652855772,False,-0.08472446520679577,中性,1795.TW,美時,0,v1,phase6a,2026-07-12,0,0,1,0,0,0,v1,341,0.44353518821603927,341,0.44353518821603927,344,0.4386252045826514,^TWII,yfinance,2y,2026-10-08,scan_20261009_174201,False,False
True,1,-0.01999998092651367,-0.028333346048990883,True,False,觀察 (跌勢收斂),5.900000095367432,2026-10-08 00:00:00,5.90799994468689,-0.0029999971389766955,True,False,0.44328945376908047,False,0.00011964283828343125,22.26576985059704,0.00012337608216450284,0.0001314689271678498,-0.3175050819149705,-2.140186672012623,-6.048358611194371,-0.3175050819149705,False,False,False,False,False,False,0.04408982602543731,False,-0.05750800644598497,中性,8429.TW,金麗-KY,1,v1,phase6a,2026-07-12,0,1,1,1,1,1,v1,297,0.5155482815057283,297,0.5155482815057283,298,0.513911620294599,^TWII,yfinance,2y,2026-10-08,scan_20261009_174201,False,False
True,0,0.6666666666666665,1.6666666666666663,True,False,觀望 (動能減弱),127.0,2026-10-08 00:00:00,128.7,-0.32500000000001705,True,False,1.016153506588015,False,0.0025753627485406846,44.02195198681995,0.002711439661130174,0.0030090064973978944,-0.525499930221629,-2.7686882864146667,-9.77621730384779,-0.525499930221629,False,False,False,False,False,False,0.006733452056923541,False,-0.19620253164556967,中性,3217.TWO,優群,0,v1,phase6a,2026-07-12,0,0,0,0,0,0,v1,426,0.3044189852700491,426,0.3044189852700491,427,0.3027823240589198,^TWII,yfinance,2y,2026-10-08,scan_20261009_174201,False,False
True,0,0.10000006357828775,0.17500019073486325,True,False,觀望 (動能減弱),16.5,2026-10-08 00:00:00,16.857499885559083,-0.03749999999999787,True,False,0.4111961282862112,False,0.00033459437284189995,41.68399021634652,0.0003498315429701727,0.00035048481330790743,-0.45638896686545083,-2.1636512765014437,-2.6771586581603057,-0.45638896686545083,False,False,False,False,False,False,0.3196335030692541,False,-0.12,中性,5608.TW,四維航,1,v1,phase6a,2026-07-12,0,1,1,1,1,1,v1,263,0.5711947626841244,263,0.5711947626841244,265,0.5679214402618658,^TWII,yfinance,2y,2026-10-08,scan_20261009_174201,True,False
False,0,1.2000001271565752,0.900000254313151,False,True,強烈買入 (爆發),61.5,2026-10-08 00:00:00,59.93499984741211,0.03500003814696839,False,True,0.3399010465694815,False,0.0012471244805925363,14.468050613053064,0.0012616374695495446,0.0013473305606839336,-0.12094087973885115,-1.2489586549090492,-7.207604402818369,-0.12094087973885115,False,False,False,False,False,False,0.17712223436977734,False,-0.09558823529411764,中性,6546.TWO,正基,3,v1,phase6a,2026-07-12,0,3,5,3,3,3,v1,71,0.8854337152209493,71,0.8854337152209493,78,0.8739770867430442,^TWII,yfinance,2y,2026-10-08,scan_20261009_174201,False,False
True,0,0.34166717529296875,0.10000038146972655,True,False,買入 (動能增強),44.0,2026-10-08 00:00:00,43.35249996185303,0.0024999618530259227,False,True,0.944290179476421,False,0.0008922516609117333,25.1024995573581,0.0009098410963276324,0.000985710269263835,-0.20308593985340906,-1.7622457132465574,-6.724744207754907,-0.20308593985340906,False,False,False,False,False,False,0.09937399104000948,False,-0.053763440860215006,中性,7839.TWO,達人網,2,v1,phase6a,2026-07-12,0,2,4,2,2,2,v1,197,0.679214402618658,197,0.679214402618658,198,0.6775777414075287,^TWII,yfinance,2y,2026-10-08,scan_20261009_174201,False,False
True,0,-0.053333441416422524,-0.051666895548502595,True,False,賣出 (動能轉弱),9.949999809265137,2026-10-08 00:00:00,9.944999933242798,-0.0005000114440925074,True,True,0.8963217814224336,False,0.00020177054217927835,39.097158485513575,0.0002071791307261763,0.000216067709036384,-0.2740454112680313,-2.1115940768746566,-4.613456950363004,-0.2740454112680313,False,False,False,False,False,False,0.07169658521533188,False,-0.009950286524563201,中性,1217.TW,愛之味,0,v1,phase6a,2026-07-12,0,0,1,0,0,0,v1,307,0.49918166939443537,307,0.49918166939443537,310,0.49427168576104746,^TWII,yfinance,2y,2026-10-08,scan_20261009_174201,False,False
True,2,0.0666669209798177,0.058333396911621094,True,False,買入 (動能增強),17.600000381469727,2026-10-08 00:00:00,17.567500019073485,-0.0024999618530294754,True,True,0.27125317027142754,False,0.0003569006721003069,43.504155488385145,0.0003667758201922217,0.0003749977782883835,-0.2826117472774614,-1.9922299911171337,-4.755772538777892,-0.2826117472774614,False,False,False,False,False,False,0.10195840701091022,False,-0.04864862802866343,中性,1742.TWO,台蠟,2,v1,phase6a,2026-07-12,0,2,3,2,2,2,v1,106,0.8281505728314239,106,0.8281505728314239,113,0.8166939443535188,^TWII,yfinance,2y,2026-10-08,scan_20261009_174201,False,False
False,0,4.75,4.833333333333333,False,True,強烈買入 (爆發),187.0,2026-10-08 00:00:00,184.75,0.025000000000005684,False,True,1.0304453804793452,False,0.0037920695588748664,37.95970135290095,0.003899075147080864,0.0041905228999387185,-0.28805038219351653,-1.7489254396493847,-8.348353815201538,-0.28805038219351653,False,False,False,False,False,False,0.047816466108735356,False,-0.10952380952380958,中性,3227.TWO,原相,3,v1,phase6a,2026-07-12,0,3,5,3,3,3,v1,47,0.9247135842880524,47,0.9247135842880524,56,0.9099836333878887,^TWII,yfinance,2y,2026-10-08,scan_20261009_174201,False,False
True,1,0.275000254313151,0.2500006357828776,True,False,買入 (動能增強),46.599998474121094,2026-10-08 00:00:00,46.7375,-0.01000003814697692,True,False,0.8206866766358687,False,0.0009449755917504268,53.2848205716241,0.0009776047672117045,0.0010492624374502575,-0.3501031648807329,-2.0099618559383248,-5.9612111330327515,-0.3501031648807329,False,False,False,False,False,False,0.03966008608150852,False,-0.07905138578306015,中性,3205.TWO,佰研,2,v1,phase6a,2026-07-12,0,2,2,2,2,2,v1,129,0.79050736497545,129,0.79050736497545,135,0.7806873977086743,^TWII,yfinance,2y,2026-10-08,scan_20261009_174201,False,False
True,0,0.0,0.3333333333333333,True,False,賣出 (動能轉弱),106.5,2026-10-08 00:00:00,106.225,0.0,False,True,1.129392167019608,False,0.0021596545883431724,41.622914183954826,0.002212997658453202,0.002284767407715669,-0.2530887867382092,-1.761848991651771,-3.5953539462463158,-0.2530887867382092,False,False,False,False,False,False,0.043297958874765896,False,-0.018433179723502335,中性,9917.TW,中保科,0,v1,phase6a,2026-07-12,0,0,1,0,0,0,v1,604,0.01309328968903437,604,0.01309328968903437,604,0.01309328968903437,^TWII,yfinance,2y,2026-10-08,scan_20261009_174201,False,False
True,1,-0.35833422342936194,-0.17500050862630206,True,False,賣出 (動能轉弱),34.0,2026-10-08 00:00:00,34.277499961853025,-0.014999961853028765,False,False,0.2948594227696999,False,0.000689467192522703,42.74062536305561,0.0007143659914062741,0.0007495902147506113,-0.3655472832094664,-2.2568253958547557,-5.07843835161037,-0.3655472832094664,False,False,False,False,False,False,0.035963972835045224,False,-0.027181709361987272,中性,5902.TWO,德記,0,v1,phase6a,2026-07-12,0,0,0,0,0,0,v1,488,0.20294599018003273,488,0.20294599018003273,489,0.20130932896890344,^TWII,yfinance,2y,2026-10-08,scan_20261009_174201,False,False
True,1,0.18333307902018225,0.1333332061767578,True,False,買入 (動能增強),23.049999237060547,2026-10-08 00:00:00,22.927499961853027,-0.0025000572204589844,False,True,2.6227931654381433,True,0.00046741818416548765,27.300408482700874,0.0004788475831763079,0.0005090685810595639,-0.25061825518274405,-1.6254140440874698,-4.578532839568572,-0.25061825518274405,False,False,False,False,False,False,0.04133821519697511,False,-0.019148968635721464,中性,6671.TW,三能-KY,2,v1,phase6a,2026-07-12,0,2,3,2,2,2,v1,184,0.7004909983633388,184,0.7004909983633388,185,0.6988543371522095,^TWII,yfinance,2y,2026-10-08,scan_20261009_174201,False,False
True,0,-0.14999961853027344,-0.008333206176757785,True,False,賣出 (動能轉弱),42.099998474121094,2026-10-08 00:00:00,42.57749996185303,-0.07000007629394389,False,False,0.40805377856173236,False,0.0008537225809753632,39.965134315600245,0.0008859921508771477,0.0009251084505090599,-0.3819247856089225,-2.0549859231902223,-4.016291520601978,-0.3819247856089225,False,False,False,False,False,False,0.034251511627735175,False,-0.050732808960814446,中性,3168.TW,眾福科,0,v1,phase6a,2026-07-12,0,0,0,0,0,0,v1,424,0.3076923076923077,424,0.3076923076923077,425,0.3060556464811784,^TWII,yfinance,2y,2026-10-08,scan_20261009_174201,False,False
False,0,2.2499999999999996,2.333333333333333,False,True,強烈買入 (爆發),107.5,2026-10-08 00:00:00,105.275,0.125,False,True,0.8459988887910593,False,0.0021799330351820754,89.03721888253456,0.0022011005584880033,0.002143019099393888,-0.10112700519645523,-1.2429250970963923,-2.524390351151462,-0.10112700519645523,False,True,True,False,False,False,0.49769568340435266,False,-0.07725321888412018,中性,2546.TW,根基,3,v1,phase6a,2026-07-12,0,3,5,3,3,3,v1,40,0.9361702127659575,40,0.9361702127659575,50,0.9198036006546645,^TWII,yfinance,2y,2026-10-08,scan_20261009_174201,False,False
False,0,0.5499995549519856,0.3333326975504557,False,True,強烈買入 (爆發),26.600000381469727,2026-10-08 00:00:00,25.227499866485594,0.0800000190734842,False,True,4.417611544691503,True,0.0005394066936504342,37.93696695800155,0.0005282682932856132,0.0005508179797040066,0.22243833651620637,-1.1494739712534563,-3.4599478591987087,0.22243833651620637,True,False,False,False,False,True,0.2602246839454096,False,0.0,中性,3666.TWO,光耀,3,v1,phase6a,2026-07-12,0,3,5,3,3,3,v1,53,0.9148936170212766,53,0.9148936170212766,62,0.900163666121113,^TWII,yfinance,2y,2026-10-08,scan_20261009_174201,False,False
True,0,0.6249993642171223,0.4249992370605469,True,False,買入 (動能增強),44.79999923706055,2026-10-08 00:00:00,44.3125,-0.07500000000000284,True,True,1.1867242075763211,False,0.0009084744029116285,31.74352178046625,0.0009358623136210336,0.0010284758434551328,-0.30710546493062374,-2.0258992320809743,-10.308750667592248,-0.30710546493062374,False,False,False,False,False,False,0.047634856382111644,False,-0.1250000279396768,中性,6982.TWO,大井泵浦,2,v1,phase6a,2026-07-12,0,2,3,2,2,2,v1,193,0.6857610474631751,193,0.6857610474631751,194,0.6841243862520459,^TWII,yfinance,2y,2026-10-08,scan_20261009_174201,False,False
True,1,0.06166656812032063,0.03666663169860839,True,False,買入 (動能增強),6.269999980926514,2026-10-08 00:00:00,6.205000019073486,-0.003999996185303445,False,True,0.6353370555512133,False,0.0001271458612931413,40.606564506096554,0.00013021513686268667,0.00014058409923328003,-0.24749965382405703,-1.8692884455148717,-7.374702191892757,-0.24749965382405703,False,False,False,False,False,False,0.04686546761750932,False,-0.08998547134592727,中性,1512.TW,瑞利,2,v1,phase6a,2026-07-12,0,2,3,2,2,2,v1,97,0.8428805237315876,97,0.8428805237315876,104,0.8314238952536824,^TWII,yfinance,2y,2026-10-08,scan_20261009_174201,False,False
True,1,-0.6000010172526041,-0.7666676839192708,True,False,觀察 (跌勢收斂),80.5,2026-10-08 00:00:00,81.97500038146973,-0.070000076293951,False,False,0.5278911277338162,False,0.0016324149705316936,34.683162028712815,0.001709553648351214,0.0018437452925453228,-0.4727243436973283,-2.6549145519523587,-6.662216090843764,-0.4727243436973283,False,False,False,False,False,False,0.031133544566731015,False,-0.1381156457722822,中性,4994.TW,傳奇,1,v1,phase6a,2026-07-12,0,1,1,1,1,1,v1,257,0.5810147299509002,257,0.5810147299509002,259,0.5777414075286416,^TWII,yfinance,2y,2026-10-08,scan_20261009_174201,False,False
False,0,0.6206283569335938,0.2727877298990885,False,True,強烈買入 (爆發),41.900001525878906,2026-10-08 00:00:00,41.778550910949704,-0.0673765182495174,True,True,0.6972568632662692,False,0.0008496669534924911,15.984903800427949,0.0008840321261379711,0.0009857264682662265,-0.4075242021061465,-2.7547517059814397,-12.426233581504142,-0.4075242021061465,False,False,False,False,False,False,0.045093662750607874,False,-0.21392538204168787,中性,5258.TW,虹堡,3,v1,phase6a,2026-07-12,0,3,4,3,3,3,v1,58,0.9067103109656302,58,0.9067103109656302,66,0.8936170212765957,^TWII,yfinance,2y,2026-10-08,scan_20261009_174201,False,False
True,0,1.8166669209798172,1.999999364217122,True,False,觀望 (動能減弱),61.900001525878906,2026-10-08 00:00:00,61.69499969482422,0.010000038146969814,False,True,0.671766248711231,False,0.0012552358902705517,26.044862586773295,0.0012975128596690456,0.0013256191991368653,-0.3418074919319447,-1.7862240884628178,-6.394776638325705,-0.3418074919319447,False,False,False,False,False,False,0.4098863246083322,False,-0.10935249603051933,中性,2070.TWO,精湛,0,v1,phase6a,2026-07-12,0,0,2,0,0,0,v1,348,0.4320785597381342,348,0.4320785597381342,351,0.42716857610474634,^TWII,yfinance,2y,2026-10-08,scan_20261009_174201,False,False
True,0,-3.178914388043963e-07,0.05833307902018228,True,False,賣出 (動能轉弱),28.0,2026-10-08 00:00:00,28.032500171661376,-0.00500001907348846,False,False,0.5173319073956558,False,0.0005677965114892848,39.981481869365254,0.0005850062877051646,0.0006136739291119827,-0.3087083006179103,-2.0223527494986238,-5.0941810207006055,-0.3087083006179103,False,False,False,False,False,False,0.035602886479885236,False,-0.0410959154652657,中性,1233.TW,天仁,0,v1,phase6a,2026-07-12,0,0,0,0,0,0,v1,310,0.49427168576104746,310,0.49427168576104746,313,0.48936170212765956,^TWII,yfinance,2y,2026-10-08,scan_20261009_174201,False,False
True,0,1.3333333333333335,0.41666666666666663,True,False,買入 (動能增強),181.0,2026-10-08 00:00:00,171.675,1.4000000000000057,False,True,2.302355646059583,True,0.003670398877841448,55.11422848868866,0.003551546423205682,0.003566730174747732,0.35350829933373795,0.06185623072401114,3.873354737521617,0.35350829933373795,True,True,False,False,False,True,0.7240393154031566,False,0.0,偏強 (RS上升),5209.TWO,新鼎,2,v1,phase6a,2026-07-12,1,3,4,3,2,3,v1,158,0.7430441898527005,158,0.7430441898527005,86,0.8608837970540099,^TWII,yfinance,2y,2026-10-08,scan_20261009_174201,False,False
True,0,0.5833326975504557,0.5499998728434244,True,False,買入 (動能增強),37.849998474121094,2026-10-08 00:00:00,37.689999961853026,-0.0350000381469755,True,True,0.6985740493833754,False,0.0007675391819100254,45.569359159859026,0.0007893281386119192,0.0008164620279437725,-0.2897311117170398,-1.7111651115433002,-5.370126866830216,-0.2897311117170398,False,False,False,False,False,False,0.03832617717259885,False,-0.024484556227311494,中性,4754.TWO,國碳科,2,v1,phase6a,2026-07-12,0,2,3,2,2,2,v1,153,0.7512274959083469,153,0.7512274959083469,157,0.7446808510638298,^TWII,yfinance,2y,2026-10-08,scan_20261009_174201,False,False
False,0,11.333333333333332,7.833333333333333,False,True,強烈買入 (爆發),282.0,2026-10-08 00:00:00,257.6,1.4250000000000114,False,True,3.0802430535269076,True,0.005718522008570654,79.46082453859141,0.005406377511406872,0.005477597781224428,0.611467237359542,0.20429322205639533,-0.8674439859560623,0.611467237359542,True,True,False,False,False,True,0.588796672744724,False,-0.021150309737888007,偏強 (RS上升),2428.TW,興勤,3,v1,phase6a,2026-07-12,1,4,5,4,3,4,v1,36,0.9427168576104746,36,0.9427168576104746,31,0.9509001636661211,^TWII,yfinance,2y,2026-10-08,scan_20261009_174201,False,False
True,0,0.0666656494140625,-0.033334732055664035,True,False,買入 (動能增強),51.900001525878906,2026-10-08 00:00:00,52.04000034332275,-0.004999923706058951,True,False,0.7844282508375745,False,0.0010524514218815215,33.104875872344856,0.0010852738082673882,0.0011514614098200435,-0.31734147680614333,-2.1949786358961276,-4.568863830586811,-0.31734147680614333,False,False,False,False,False,False,0.04821074926316971,False,-0.09895828297292608,中性,8938.TWO,明安,2,v1,phase6a,2026-07-12,0,2,2,2,2,2,v1,204,0.6677577741407529,204,0.6677577741407529,205,0.6661211129296236,^TWII,yfinance,2y,2026-10-08,scan_20261009_174201,False,False
True,0,0.14166673024495444,-0.008333524068196608,True,False,買入 (動能增強),15.600000381469727,2026-10-08 00:00:00,15.420000028610229,-0.025000000000000355,True,True,0.8132666626382259,False,0.0003163437784225008,20.865386872424292,0.00032512335509750844,0.00035644038039455756,-0.2834451747329436,-2.9559097436012705,-11.5196266235716,-0.2834451747329436,False,False,False,False,False,False,0.14045592168044885,False,-0.12849158022772034,中性,3150.TW,鈺寶-創,2,v1,phase6a,2026-07-12,0,2,3,2,2,2,v1,128,0.7921440261865794,128,0.7921440261865794,134,0.7823240589198036,^TWII,yfinance,2y,2026-10-08,scan_20261009_174201,False,False
False,0,-131.66666666666666,-112.5,False,True,強烈賣出 (跌破),1840.0,2026-10-08 00:00:00,1935.0,-9.75,False,False,0.5082590220264892,False,0.03731234218358157,299.1565879826217,0.039190679962675556,0.039137842102395716,-0.501974610751621,-3.4031020542276025,2.093093882798436,-0.501974610751621,False,False,True,False,False,False,0.40266693271035975,False,-0.14814814814814814,中性,7828.TWO,創新服務,0,v1,phase6a,2026-07-12,0,0,0,0,0,0,v1,567,0.07364975450081833,567,0.07364975450081833,567,0.07364975450081833,^TWII,yfinance,2y,2026-10-08,scan_20261009_174201,False,False
True,1,0.6333332061767578,0.7083333333333333,True,False,觀望 (動能減弱),22.25,2026-10-08 00:00:00,21.995000076293945,0.02499999999999858,False,True,0.42000202570654815,False,0.0004511954421655924,43.13808268746102,0.0004589810397045981,0.00046556483979704876,-0.1782373979758778,-0.9970125466444713,-1.0411384115135536,-0.1782373979758778,False,False,False,False,False,False,0.35679433266534855,False,-0.03050112155420237,中性,3308.TW,聯德,2,v1,phase6a,2026-07-12,0,2,4,2,2,2,v1,133,0.7839607201309329,133,0.7839607201309329,139,0.7741407528641571,^TWII,yfinance,2y,2026-10-08,scan_20261009_174201,False,True
True,0,-0.16666682561238605,-0.09166669845581055,True,False,賣出 (動能轉弱),15.699999809265137,2026-10-08 00:00:00,15.9375,-0.02500004768371511,False,False,1.8604375076380524,True,0.00031837161150297073,22.17703122977959,0.0003322757103825193,0.0003548324150495208,-0.4385427059054092,-2.43024158471129,-5.861080568102716,-0.4385427059054092,False,False,False,False,False,False,0.015867393003387423,False,-0.0764705994549919,中性,4930.TW,燦星網,0,v1,phase6a,2026-07-12,0,0,0,0,0,0,v1,466,0.23895253682487724,466,0.23895253682487724,467,0.23731587561374795,^TWII,yfinance,2y,2026-10-08,scan_20261009_174201,False,False
True,0,-0.32500012715657556,-0.22500038146972656,True,False,賣出 (動能轉弱),47.95000076293945,2026-10-08 00:00:00,46.87250022888183,0.11499996185302308,False,True,0.6920977143613861,False,0.0009723515413966273,97.74765024909877,0.0009684178216230544,0.0009269162313632011,0.042776256539434065,-1.4410323873981223,2.1038524580108575,0.042776256539434065,True,True,True,False,False,False,0.7309573487791616,False,-0.004153702110101909,中性,2851.TW,中再保,0,v1,phase6a,2026-07-12,1,1,2,1,0,1,v1,401,0.3453355155482815,401,0.3453355155482815,306,0.5008183306055647,^TWII,yfinance,2y,2026-10-08,scan_20261009_174201,False,False
True,1,0.025000254313151053,0.07500012715657553,True,False,觀望 (動能減弱),23.950000762939453,2026-10-08 00:00:00,24.08750009536743,-0.03249998092651296,True,False,0.7433148124059242,False,0.00048566881726295466,29.402002115537776,0.0005058890135414015,0.0005558255589999616,-0.4189701931506695,-2.5822160611376543,-9.01150416897718,-0.4189701931506695,False,False,False,False,False,False,0.10094048999459468,False,-0.1640488278593536,中性,3122.TWO,笙泉,0,v1,phase6a,2026-07-12,0,0,0,0,0,0,v1,420,0.3142389525368249,420,0.3142389525368249,421,0.31260229132569556,^TWII,yfinance,2y,2026-10-08,scan_20261009_174201,False,False
True,0,-1.9999999999999998,-2.1666666666666665,True,False,觀察 (跌勢收斂),171.5,2026-10-08 00:00:00,171.35,-0.17500000000001137,False,True,1.6979946682967415,True,0.003477753632871869,36.16096527210239,0.0035795941253979687,0.0038197788650873137,-0.2985825561674038,-2.3739040885095486,-6.936649292951136,-0.2985825561674038,False,False,False,False,False,False,0.09368588061001637,False,-0.11259580844256767,中性,4441.TW,振大環球,2,v1,phase6a,2026-07-12,0,2,3,2,2,2,v1,148,0.7594108019639935,148,0.7594108019639935,152,0.7528641571194763,^TWII,yfinance,2y,2026-10-08,scan_20261009_174201,True,False
True,0,-1.516665776570638,-0.7833334604899089,True,False,賣出 (動能轉弱),62.0,2026-10-08 00:00:00,64.89499912261962,-0.125,True,False,0.5302949301017358,False,0.0012572637040119878,46.23664084188164,0.0013400078739694364,0.0013489072793405213,-0.6457920784954774,-2.919492648013422,-2.3019545824081833,-0.6457920784954774,False,False,False,False,False,False,0.1062955734876628,False,-0.06485675495973908,中性,2354.TW,鴻準,0,v1,phase6a,2026-07-12,0,0,0,0,0,0,v1,359,0.41407528641571195,359,0.41407528641571195,362,0.40916530278232405,^TWII,yfinance,2y,2026-10-08,scan_20261009_174201,False,False
True,0,0.4901126225789388,0.47445170084635413,True,False,買入 (動能增強),24.100000381469727,2026-10-08 00:00:00,24.227216720581055,-0.013839054107666726,False,False,0.6921049348056647,False,0.0004887105765531766,32.056814335575055,0.0005035012596566043,0.0005098388295668712,-0.3082642935132829,-1.976529753456524,-1.142900192468399,-0.3082642935132829,False,False,False,False,False,False,0.2689970778149917,False,-0.04930966395226255,中性,6171.TWO,大城地產,2,v1,phase6a,2026-07-12,0,2,2,2,2,2,v1,169,0.7250409165302782,169,0.7250409165302782,170,0.723404255319149,^TWII,yfinance,2y,2026-10-08,scan_20261009_174201,False,False
True,1,-0.0883332093556722,-0.07833313941955565,True,False,賣出 (動能轉弱),7.920000076293945,2026-10-08 00:00:00,7.968499994277954,-0.00549998283386266,False,False,1.2764583321419245,False,0.00016060530051123468,33.78188538736979,0.00016595899441378603,0.0001743400861450687,-0.338420686307761,-2.326619753047676,-5.209181447584655,-0.338420686307761,False,False,False,False,False,False,0.070849432108736,False,-0.03995826308590522,中性,1806.TW,冠軍,0,v1,phase6a,2026-07-12,0,0,0,0,0,0,v1,343,0.4402618657937807,343,0.4402618657937807,346,0.4353518821603928,^TWII,yfinance,2y,2026-10-08,scan_20261009_174201,False,False
True,0,1.4166666666666665,1.6666666666666665,True,False,觀望 (動能減弱),118.5,2026-10-08 00:00:00,117.025,0.30000000000001137,False,True,0.7116740495475101,False,0.0024029959504100087,52.98629684320792,0.0024412703457204555,0.0024900779897555547,-0.16476035604919836,-1.4680333506721044,-2.6796177105949948,-0.16476035604919836,False,False,False,False,False,False,0.1232831829876382,False,-0.024691358024691357,中性,3005.TW,神基,0,v1,phase6a,2026-07-12,0,0,2,0,0,0,v1,411,0.32896890343698854,411,0.32896890343698854,412,0.32733224222585927,^TWII,yfinance,2y,2026-10-08,scan_20261009_174201,False,False
True,0,-0.05000050862630209,-0.05000050862630208,True,False,賣出 (動能轉弱),101.0,2026-10-08 00:00:00,100.48500061035156,-0.07500000000000284,True,True,0.9731832192052874,False,0.002048123130729206,52.39333948907798,0.0021031202312342674,0.0022227391174969233,-0.2745100607459694,-2.1991917015272033,-6.618481578505708,-0.2745100607459694,False,False,False,False,False,False,0.0623374762480007,False,-0.1330472103004292,中性,1342.TW,八貫,1,v1,phase6a,2026-07-12,0,1,2,1,1,1,v1,210,0.6579378068739771,210,0.6579378068739771,212,0.6546644844517185,^TWII,yfinance,2y,2026-10-08,scan_20261009_174201,True,False
True,0,-0.06666437784830728,-0.5666656494140625,True,False,觀察 (跌勢收斂),79.80000305175781,2026-10-08 00:00:00,78.22499961853028,-0.09499969482421022,True,True,0.840992780106899,False,0.0016182201196293703,41.67828975155822,0.001623732558269113,0.0016020224781713996,-0.03572321129116096,-1.5773648125832818,-1.9074650835514961,-0.03572321129116096,False,True,True,False,False,False,0.6039896613290524,False,-0.04431134069751119,中性,2723.TW,美食-KY,1,v1,phase6a,2026-07-12,0,1,2,1,1,1,v1,238,0.6121112929623568,238,0.6121112929623568,240,0.6088379705400983,^TWII,yfinance,2y,2026-10-08,scan_20261009_174201,False,False
True,1,0.10000006357828775,0.14999993642171225,True,False,觀望 (動能減弱),20.5,2026-10-08 00:00:00,20.564999866485596,-0.014999961853025212,True,False,0.2504337897828422,False,0.0004157081601975121,51.15856085640025,0.0004298158118126645,0.00045363485583052045,-0.3443109458334259,-2.056451153258143,-5.452678549387868,-0.3443109458334259,False,False,False,False,False,False,0.030277815778242977,False,-0.0617849134050642,中性,6020.TWO,大展證,0,v1,phase6a,2026-07-12,0,0,0,0,0,0,v1,490,0.19967266775777415,490,0.19967266775777415,491,0.19803600654664485,^TWII,yfinance,2y,2026-10-08,scan_20261009_174201,False,False
True,0,1.4833323160807292,1.5666656494140625,True,False,觀望 (動能減弱),92.69999694824219,2026-10-08 00:00:00,91.57999992370605,0.014999771118169747,False,True,1.2764285481730062,False,0.001879811960081402,131.6903817453907,0.0019089466398695368,0.001954405709822905,-0.1603968006359313,-2.2036933819421733,-3.8182165669110812,-0.1603968006359313,False,False,False,False,False,False,0.2591385582597999,False,-0.1395753485373833,中性,8932.TWO,智通*,3,v1,phase6a,2026-07-12,0,3,5,3,3,3,v1,81,0.8690671031096563,81,0.8690671031096563,85,0.8625204582651391,^TWII,yfinance,2y,2026-10-08,scan_20261009_174201,True,True
True,1,-12.5,-1.666666666666667,True,False,賣出 (動能轉弱),1250.0,2026-10-08 00:00:00,1290.0,-6.0,True,False,0.9909373618026154,False,0.025348058548628784,223.7614042255261,0.027167291219828686,0.02956852430988253,-0.6999512045133383,-3.404965155711559,-12.341517300450366,-0.6999512045133383,False,False,False,False,False,False,0.005084981013039119,False,-0.19896497513466815,中性,5289.TWO,宜鼎,0,v1,phase6a,2026-07-12,0,0,0,0,0,0,v1,473,0.22749590834697217,473,0.22749590834697217,474,0.22585924713584288,^TWII,yfinance,2y,2026-10-08,scan_20261009_174201,False,False
True,2,-0.6833330790201823,-0.3833325703938802,True,False,賣出 (動能轉弱),68.30000305175781,2026-10-08 00:00:00,68.22500076293946,0.03500022888184162,False,True,2.883515348421018,True,0.0013850179809819854,40.48536763458774,0.0014221912304825514,0.0014817107316632896,-0.2743820276491782,-2.2014419062074686,-4.638180133205627,-0.2743820276491782,False,False,False,False,False,False,0.08902708453178206,False,-0.033946166903534025,中性,3310.TWO,佳穎,0,v1,phase6a,2026-07-12,0,0,2,0,0,0,v1,428,0.3011456628477905,428,0.3011456628477905,429,0.2995090016366612,^TWII,yfinance,2y,2026-10-08,scan_20261009_174201,False,False
False,0,36.666666666666686,259.16666666666663,False,True,強烈買入 (爆發),10615.0,2026-10-08 00:00:00,12242.0,-95.25,True,False,3.894164344386204,True,0.21525571319495565,448.9533651772983,0.2565520673857317,0.24400114522298477,-1.666155786199508,-2.9181396693723882,-10.143783171217413,-1.666155786199508,False,False,True,False,False,False,0.26827646057524857,False,-0.26585517670654957,中性,2059.TW,川湖,3,v1,phase6a,2026-07-12,0,3,3,3,3,3,v1,29,0.9541734860883797,29,0.9541734860883797,43,0.9312602291325696,^TWII,yfinance,2y,2026-10-08,scan_20261009_174201,False,False
True,0,0.09333332379659016,0.09000007311503093,True,False,買入 (動能增強),6.059999942779541,2026-10-08 00:00:00,6.041500115394593,0.0029999971389775837,False,True,0.34678432673556886,False,0.00012288738668341033,25.49224587549738,0.00012628321719694013,0.00013191921374663482,-0.2822599050900765,-1.3425023089609023,-4.083317603272518,-0.2822599050900765,False,False,False,False,False,False,0.04014986145785851,False,-0.04566928601706932,中性,6264.TWO,富裔,2,v1,phase6a,2026-07-12,0,2,4,2,2,2,v1,175,0.7152209492635024,175,0.7152209492635024,176,0.7135842880523732,^TWII,yfinance,2y,2026-10-08,scan_20261009_174201,False,False
True,1,0.0,0.03333314259847005,True,False,賣出 (動能轉弱),20.399999618530273,2026-10-08 00:00:00,20.29749994277954,0.009999942779540305,False,True,1.8466117575579668,True,0.0004136803077780082,28.186188519525597,0.0004236945288360043,0.00044598562610178357,-0.24817701342522147,-2.109592682124395,-4.913931932364735,-0.24817701342522147,False,False,False,False,False,False,0.08408381465202176,False,-0.021582770009893504,中性,2642.TW,宅配通,0,v1,phase6a,2026-07-12,0,0,2,0,0,0,v1,391,0.3617021276595745,391,0.3617021276595745,393,0.35842880523731585,^TWII,yfinance,2y,2026-10-08,scan_20261009_174201,False,False
True,0,56.0,36.833333333333336,True,False,買入 (動能增強),980.0,2026-10-08 00:00:00,971.85,2.4500000000000455,False,True,0.9114496539894813,False,0.01987287790212497,152.5081721015387,0.020193814514332373,0.020015403199077034,-0.16701341616538468,0.9948281790260527,2.5145147725595507,-0.16701341616538468,False,False,True,False,False,True,0.6930142425742168,False,-0.07109004739336489,中性,6531.TW,愛普*,4,v1,phase6a,2026-07-12,1,5,6,5,4,5,v1,19,0.9705400981996727,19,0.9705400981996727,4,0.9950900163666121,^TWII,yfinance,2y,2026-10-08,scan_20261009_174201,False,True
False,0,0.14499998092651367,0.08999999364217122,False,True,強烈買入 (爆發),8.90999984741211,2026-10-08 00:00:00,8.716499948501587,0.0019999980926517225,False,True,0.20757471932595623,False,0.00018068095824038056,26.441624026573308,0.00018297711099859933,0.00019523751973032344,-0.13191892723157794,-1.9109719649898715,-6.711080337254383,-0.13191892723157794,False,False,False,False,False,True,0.11280924484148697,False,-0.06799168866884331,中性,2538.TW,基泰,3,v1,phase6a,2026-07-12,0,3,5,3,3,3,v1,39,0.9378068739770867,39,0.9378068739770867,49,0.9214402618657938,^TWII,yfinance,2y,2026-10-08,scan_20261009_174201,False,False
True,0,1.150000254313151,1.1666666666666665,True,False,觀望 (動能減弱),70.30000305175781,2026-10-08 00:00:00,69.48500061035156,0.09500007629394247,False,True,0.40512380330226544,False,0.0014255748746597914,38.85288257456358,0.0014553243503489487,0.001519399048353126,-0.2147150155415889,-1.5982812670999325,-4.531931665525358,-0.2147150155415889,False,False,False,False,False,False,0.09425145103781579,False,-0.03698625956496149,中性,6874.TWO,倍力,0,v1,phase6a,2026-07-12,0,0,2,0,0,0,v1,547,0.10638297872340426,547,0.10638297872340426,547,0.10638297872340426,^TWII,yfinance,2y,2026-10-08,scan_20261009_174201,False,False
True,1,0.16666666666666669,0.21666653951009113,True,False,觀望 (動能減弱),24.100000381469727,2026-10-08 00:00:00,24.09749984741211,-0.014999961853028765,False,True,0.0,False,0.0004887105765531766,48.187827337919096,0.0005030134195098409,0.0005282523346601954,-0.2984154155592833,-1.7670731798221873,-4.0659639945806685,-0.2984154155592833,False,False,False,False,False,False,0.054137749313371814,False,-0.06407765508855434,中性,9949.TWO,琉園,0,v1,phase6a,2026-07-12,0,0,1,0,0,0,v1,611,0.0016366612111292963,611,0.0016366612111292963,611,0.0016366612111292963,^TWII,yfinance,2y,2026-10-08,scan_20261009_174201,False,False
False,0,-0.16666730244954425,-0.15000089009602863,False,True,強烈賣出 (跌破),33.349998474121094,2026-10-08 00:00:00,33.67250003814697,-0.027500152587890625,True,False,1.3532028620240533,False,0.0006762861711349617,30.01419426092079,0.000702501748919555,0.0007386387859550885,-0.39127832031939924,-2.2588565452188236,-5.813019526344377,-0.39127832031939924,False,False,False,False,False,False,0.047646271020408845,False,-0.05790968823148701,中性,6615.TWO,慧智,0,v1,phase6a,2026-07-12,0,0,0,0,0,0,v1,527,0.13911620294599017,527,0.13911620294599017,527,0.13911620294599017,^TWII,yfinance,2y,2026-10-08,scan_20261009_174201,False,False
True,1,-0.33333301544189453,-0.48333295186360675,True,False,觀察 (跌勢收斂),26.600000381469727,2026-10-08 00:00:00,27.260000038146973,-0.03249998092651296,True,False,0.8110916787063088,False,0.0005394066936504342,43.14268615245435,0.000566263852506367,0.0005956967793430567,-0.4967693640267612,-2.151266758486814,-4.9840641489393045,-0.4967693640267612,False,False,False,False,False,False,0.10002471306787218,False,-0.11333332061767576,中性,5543.TWO,桓鼎-KY,1,v1,phase6a,2026-07-12,0,1,1,1,1,1,v1,262,0.5728314238952537,262,0.5728314238952537,264,0.5695581014729951,^TWII,yfinance,2y,2026-10-08,scan_20261009_174201,False,False
True,0,-2.75,-2.833333333333333,True,False,觀察 (跌勢收斂),138.5,2026-10-08 00:00:00,140.075,-0.15000000000000568,True,False,0.1462310243741312,False,0.0028085648871880695,44.449620864596206,0.002915043711599337,0.0030606802520090595,-0.38302570224086896,-2.2835220701978742,-5.512915797690987,-0.38302570224086896,False,False,False,False,False,False,0.03284852409823496,False,-0.07046979865771807,中性,4572.TW,駐龍,1,v1,phase6a,2026-07-12,0,1,1,1,1,1,v1,255,0.5842880523731587,255,0.5842880523731587,257,0.5810147299509002,^TWII,yfinance,2y,2026-10-08,scan_20261009_174201,False,False
True,2,-0.5833333333333333,-0.08333333333333331,True,False,賣出 (動能轉弱),104.0,2026-10-08 00:00:00,104.975,-0.07500000000000284,True,False,0.8125698780576719,False,0.002108958471245915,32.68494765807363,0.002193340618092482,0.002328487566600023,-0.40333478722811567,-2.1641071123717603,-6.145223573949421,-0.40333478722811567,False,False,False,False,False,False,0.0015617103592716888,False,-0.05882352941176472,中性,2385.TW,群光,0,v1,phase6a,2026-07-12,0,0,0,0,0,0,v1,365,0.40425531914893614,365,0.40425531914893614,368,0.3993453355155483,^TWII,yfinance,2y,2026-10-08,scan_20261009_174201,False,False
False,0,0.9666646321614583,0.7166646321614583,False,True,強烈買入 (爆發),79.80000305175781,2026-10-08 00:00:00,77.64000015258789,0.08500022888183878,False,True,3.098527803080325,True,0.0016182201196293703,52.34788690915487,0.0016280374046811197,0.0016765441473636693,-0.06343483810088424,-1.8546258280883854,-6.286911382203442,-0.06343483810088424,False,False,False,False,False,False,0.1883961283248042,False,-0.08799996512276786,中性,6277.TW,宏正,3,v1,phase6a,2026-07-12,0,3,5,3,3,3,v1,69,0.8887070376432079,69,0.8887070376432079,76,0.8772504091653028,^TWII,yfinance,2y,2026-10-08,scan_20261009_174201,False,False
True,1,0.3583332697550456,0.49166679382324213,True,False,觀望 (動能減弱),27.299999237060547,2026-10-08 00:00:00,27.434999847412108,-0.040000057220460405,True,False,0.7994667742538233,False,0.0005536015832308255,38.0341187959735,0.0005768138908941795,0.0006344506321374469,-0.4218161500383344,-2.295486040022643,-8.280926861423222,-0.4218161500383344,False,False,False,False,False,False,0.03643526307150847,False,-0.13958117448073626,中性,3379.TWO,彬台,0,v1,phase6a,2026-07-12,0,0,0,0,0,0,v1,430,0.2978723404255319,430,0.2978723404255319,431,0.29623567921440264,^TWII,yfinance,2y,2026-10-08,scan_20261009_174201,False,False
False,0,1.9249998728434243,1.558333079020182,False,True,強烈買入 (爆發),45.0,2026-10-08 00:00:00,41.74500026702881,0.19999999999999574,False,True,2.2076635240504214,True,0.0009125301077506363,63.48792222591685,0.0008728564891742782,0.0008279616673404157,0.48074881933990454,0.28433809849846003,1.561826007602729,0.48074881933990454,True,True,True,False,False,True,0.820269752403622,False,0.0,偏強 (RS上升),4139.TWO,馬光-KY,3,v1,phase6a,2026-07-12,2,5,5,5,3,5,v1,54,0.9132569558101473,54,0.9132569558101473,6,0.9918166939443536,^TWII,yfinance,2y,2026-10-08,scan_20261009_174201,False,False
True,2,-0.050000190734863274,-0.058333555857340486,True,False,觀察 (跌勢收斂),10.25,2026-10-08 00:00:00,10.244999980926513,-0.007499980926514382,False,True,0.1609612606485934,False,0.00020785408009875604,33.21462844393473,0.00021371462303994314,0.00022518564928237066,-0.28782479140537776,-2.080957288761176,-5.224508096071334,-0.28782479140537776,False,False,False,False,False,False,0.06168743404220219,False,-0.04205605769034515,中性,9950.TWO,萬國通,1,v1,phase6a,2026-07-12,0,1,2,1,1,1,v1,303,0.5057283142389526,303,0.5057283142389526,304,0.5040916530278232,^TWII,yfinance,2y,2026-10-08,scan_20261009_174201,False,False
True,0,-11.833333333333332,-7.166666666666666,True,False,賣出 (動能轉弱),531.0,2026-10-08 00:00:00,544.3,-0.15000000000009095,True,False,0.7670796151315051,False,0.010767855271457507,52.71829478253144,0.011270876217550987,0.011417099101924785,-0.4675943824206885,-2.5550527727418726,-3.237646192779886,-0.4675943824206885,False,False,False,False,False,False,0.19031128045145587,False,-0.048387096774193505,中性,3034.TW,聯詠,0,v1,phase6a,2026-07-12,0,0,0,0,0,0,v1,414,0.32405891980360063,414,0.32405891980360063,415,0.32242225859247137,^TWII,yfinance,2y,2026-10-08,scan_20261009_174201,False,False
True,1,0.10833295186360677,0.14166641235351562,True,False,觀望 (動能減弱),32.650001525878906,2026-10-08 00:00:00,32.40499992370606,0.015000152587894888,False,True,1.1587211781395024,False,0.0006620913202326381,41.71704518021812,0.0006763933860360262,0.00070047846435529,-0.2220804141965238,-1.930957587456672,-4.555571183590301,-0.2220804141965238,False,False,False,False,False,False,0.08207927138295396,False,-0.032592547381365744,中性,1321.TW,大洋,0,v1,phase6a,2026-07-12,0,0,2,0,0,0,v1,312,0.4909983633387889,312,0.4909983633387889,315,0.486088379705401,^TWII,yfinance,2y,2026-10-08,scan_20261009_174201,False,False
True,1,-0.06666692097981772,0.008333206176757806,True,False,賣出 (動能轉弱),30.649999618530273,2026-10-08 00:00:00,30.94000005722046,-0.03249998092651296,True,False,0.7545468916188721,False,0.0006215343878767642,68.1911059072784,0.0006477138904593824,0.0006845685728359904,-0.42365346468834497,-2.4576439808955186,-7.628673004833031,-0.42365346468834497,False,False,False,False,False,False,0.03764285588429883,False,-0.11416182167017153,中性,2312.TW,金寶,0,v1,phase6a,2026-07-12,0,0,0,0,0,0,v1,352,0.425531914893617,352,0.425531914893617,355,0.4206219312602291,^TWII,yfinance,2y,2026-10-08,scan_20261009_174201,False,False
True,2,-0.01833311716715495,-0.016666412353515625,True,False,賣出 (動能轉弱),8.350000381469727,2026-10-08 00:00:00,8.345500087738037,-0.0004999637603759766,True,True,0.48923120577553747,False,0.00016932503884045387,9.159508769608387,0.0001743476193178063,0.000187463295891639,-0.30232378289615225,-2.283212335177054,-6.021665875515792,-0.30232378289615225,False,False,False,False,False,False,0.06086032239373434,False,-0.0639013105323919,中性,5364.TWO,力麗店,0,v1,phase6a,2026-07-12,0,0,1,0,0,0,v1,475,0.22422258592471359,475,0.22422258592471359,476,0.2225859247135843,^TWII,yfinance,2y,2026-10-08,scan_20261009_174201,False,False
False,0,-13.166666666666664,1.833333333333334,False,True,強烈賣出 (跌破),439.0,2026-10-08 00:00:00,486.25,-1.2250000000000227,False,False,0.9195909291056652,False,0.00890223816227843,204.14309124379443,0.009861307096736573,0.009789154329749122,-1.0133705327453613,-2.514654454144827,8.729571692027305,-1.0133705327453613,False,False,True,False,False,False,0.3884242421953348,False,-0.1622137404580153,中性,6291.TWO,沛亨,0,v1,phase6a,2026-07-12,0,0,0,0,0,0,v1,509,0.1685761047463175,509,0.1685761047463175,510,0.16693944353518822,^TWII,yfinance,2y,2026-10-08,scan_20261009_174201,False,False
True,0,-0.05833323796590169,-0.05833323796590169,True,False,賣出 (動能轉弱),10.300000190734863,2026-10-08 00:00:00,10.32000002861023,-0.00250000953674423,True,False,0.7659080417480884,False,0.00020886800630850796,39.30787914098846,0.00021507211441645295,0.0002250707860712955,-0.3027296192878781,-2.1054911402705767,-5.048937197872405,-0.3027296192878781,False,False,False,False,False,False,0.06553869601920502,False,-0.03835363739535069,中性,2701.TW,萬企,0,v1,phase6a,2026-07-12,0,0,0,0,0,0,v1,394,0.3567921440261866,394,0.3567921440261866,396,0.353518821603928,^TWII,yfinance,2y,2026-10-08,scan_20261009_174201,False,False
True,0,-0.4500001271565755,-0.29999987284342444,True,False,賣出 (動能轉弱),58.29999923706055,2026-10-08 00:00:00,58.48000011444092,-0.010000038146969814,True,False,1.5294417537598777,True,0.0011822334352368194,36.609571538821385,0.001217632654486904,0.0012985136236229858,-0.30508916270243214,-2.189554795158777,-4.524490399501923,-0.30508916270243214,False,False,False,False,False,False,0.06882397270209936,False,-0.08763696643341101,中性,6846.TWO,綠茵,0,v1,phase6a,2026-07-12,0,0,0,0,0,0,v1,543,0.11292962356792144,543,0.11292962356792144,543,0.11292962356792144,^TWII,yfinance,2y,2026-10-08,scan_20261009_174201,False,False
True,1,-0.45833301544189453,-0.4499998092651367,True,False,賣出 (動能轉弱),28.950000762939453,2026-10-08 00:00:00,29.214999961853028,-0.01249999999999929,False,False,2.563779640890936,True,0.0005870610514574698,35.68351205103356,0.0006076463793378669,0.0006300125205440329,-0.3553344565442651,-1.8023769693836678,-4.2402419863245555,-0.3553344565442651,False,False,False,False,False,False,0.07317851650199286,False,-0.07211538285193364,中性,5487.TWO,通泰,0,v1,phase6a,2026-07-12,0,0,0,0,0,0,v1,479,0.2176759410801964,479,0.2176759410801964,480,0.2160392798690671,^TWII,yfinance,2y,2026-10-08,scan_20261009_174201,False,False
False,0,-0.3500010172526042,-0.4833348592122395,False,True,強烈賣出 (跌破),80.80000305175781,2026-10-08 00:00:00,79.01500091552734,0.09000015258789062,False,True,1.0991746208144442,False,0.0016384985664682733,40.00902736169267,0.0016530651159117774,0.001727580468101294,-0.09267027937729377,-2.0502176793635973,-6.334527311691584,-0.09267027937729377,False,False,False,False,False,False,0.26044649569531664,False,-0.03694872965127305,中性,1319.TW,東陽,0,v1,phase6a,2026-07-12,0,0,2,0,0,0,v1,311,0.49263502454991814,311,0.49263502454991814,314,0.4877250409165303,^TWII,yfinance,2y,2026-10-08,scan_20261009_174201,False,False
True,0,-0.2583335240681966,-0.05000019073486328,True,False,賣出 (動能轉弱),19.0,2026-10-08 00:00:00,19.59000015258789,-0.07749996185302876,False,False,0.20301464997609286,False,0.00038529048993915754,20.378839233010346,0.0004088962247707629,0.0004536184127367853,-0.6040176764249505,-2.6516213531794675,-7.319363909736076,-0.6040176764249505,False,False,False,False,False,False,0.0,False,-0.13636363636363635,中性,6276.TWO,安鈦克,0,v1,phase6a,2026-07-12,0,0,0,0,0,0,v1,507,0.1718494271685761,507,0.1718494271685761,508,0.1702127659574468,^TWII,yfinance,2y,2026-10-08,scan_20261009_174201,False,False
True,2,-0.4500007629394531,-0.0666669209798177,True,False,賣出 (動能轉弱),99.19999694824219,2026-10-08 00:00:00,100.23499984741211,-0.09000015258789062,True,False,0.3445706792037284,False,0.0020116218645342718,58.3226972588183,0.002107263243993975,0.0022852438844643496,-0.47548138575417287,-2.7358907670592125,-9.966974610332135,-0.47548138575417287,False,False,False,False,False,False,0.014947584905447741,False,-0.2678967014889876,中性,7402.TWO,邑錡,0,v1,phase6a,2026-07-12,0,0,0,0,0,0,v1,557,0.09001636661211129,557,0.09001636661211129,557,0.09001636661211129,^TWII,yfinance,2y,2026-10-08,scan_20261009_174201,False,False
False,0,1.266667048136393,0.47500038146972656,False,True,強烈買入 (爆發),41.70000076293945,2026-10-08 00:00:00,37.322500228881836,0.2667745590209947,False,True,9.07981763604153,True,0.0008456112486534835,28.543839840663953,0.0007830170183193006,0.0008079459447578248,0.8486124999799616,-0.3303336240114252,-2.31524813197852,0.8486124999799616,True,True,False,False,False,True,0.4005220362275338,False,0.0,偏強 (RS上升),6504.TW,南六,3,v1,phase6a,2026-07-12,0,3,5,3,3,3,v1,70,0.8870703764320785,70,0.8870703764320785,77,0.8756137479541735,^TWII,yfinance,2y,2026-10-08,scan_20261009_174201,False,False
True,0,0.021666765213012695,0.015000184377034504,True,False,買入 (動能增強),7.599999904632568,2026-10-08 00:00:00,7.613500046730041,0.0024999856948850763,False,False,0.33055678235058494,False,0.00015411619404175962,24.891296179403742,0.00015900604922538023,0.00016962335819611067,-0.3226674467645574,-2.357653053677089,-5.510879117626155,-0.3226674467645574,False,False,False,False,False,False,0.06182689937722463,False,-0.10271550589943812,中性,4426.TW,利勤,2,v1,phase6a,2026-07-12,0,2,3,2,2,2,v1,147,0.7610474631751227,147,0.7610474631751227,151,0.7545008183306056,^TWII,yfinance,2y,2026-10-08,scan_20261009_174201,False,False
True,1,0.06666660308837888,0.2833334604899089,True,False,觀望 (動能減弱),28.549999237060547,2026-10-08 00:00:00,29.002499961853026,-0.00500001907348846,False,False,0.9656606889973159,False,0.0005789496417794543,32.712827896518505,0.0006036777433989116,0.0006254396516570958,-0.4293321655992166,-2.1285612464921777,-3.476475299699,-0.4293321655992166,False,False,False,False,False,False,0.008096162091932074,False,-0.06282261130906053,中性,2352.TW,佳世達,0,v1,phase6a,2026-07-12,0,0,0,0,0,0,v1,357,0.41734860883797054,357,0.41734860883797054,360,0.41243862520458263,^TWII,yfinance,2y,2026-10-08,scan_20261009_174201,False,False
True,0,0.4583333333333333,0.49166647593180335,True,False,觀望 (動能減弱),30.600000381469727,2026-10-08 00:00:00,30.27500009536743,0.027500057220457563,False,True,0.7339001681373531,False,0.0006205204810060462,41.40272654346375,0.0006331623562563548,0.0006569482336287244,-0.20973021654203672,-1.623545687423511,-4.3754851938425325,-0.20973021654203672,False,False,False,False,False,False,0.10250423683597638,False,-0.016077170220805348,中性,1603.TW,華電,2,v1,phase6a,2026-07-12,0,2,4,2,2,2,v1,99,0.839607201309329,99,0.839607201309329,106,0.8281505728314239,^TWII,yfinance,2y,2026-10-08,scan_20261009_174201,False,True
True,0,0.12166666984558105,0.11500000953674316,True,False,買入 (動能增強),7.0,2026-10-08 00:00:00,6.881500029563904,0.0005000114440925074,False,True,0.7225242499859572,False,0.0001419491278723212,34.58693180556252,0.0001447086972576117,0.00015408343076111534,-0.20033285115135246,-2.2234010412111482,-7.737692570158372,-0.20033285115135246,False,False,False,False,False,False,0.10062050434036014,False,-0.21082298869062666,中性,1444.TW,力麗,3,v1,phase6a,2026-07-12,0,3,5,3,3,3,v1,25,0.9607201309328969,25,0.9607201309328969,39,0.9378068739770867,^TWII,yfinance,2y,2026-10-08,scan_20261009_174201,True,False
True,0,0.008333841959635407,0.07500076293945312,True,False,觀望 (動能減弱),37.349998474121094,2026-10-08 00:00:00,36.982500076293945,0.0274999618530245,False,True,1.5750781162452239,True,0.0007573999584905738,44.36301970384308,0.0007679704534334956,0.0007716991783229558,-0.14467664476184305,-1.7358362312089537,-1.8394198311437848,-0.14467664476184305,False,False,False,False,False,False,0.2373401048796267,False,-0.026075620333461225,中性,2520.TW,冠德,0,v1,phase6a,2026-07-12,0,0,2,0,0,0,v1,380,0.37970540098199673,380,0.37970540098199673,382,0.37643207855973815,^TWII,yfinance,2y,2026-10-08,scan_20261009_174201,False,False
True,0,0.8499991099039713,0.8916664123535156,True,False,觀望 (動能減弱),34.79999923706055,2026-10-08 00:00:00,33.685000038146974,0.125,False,True,1.6476307929899459,True,0.0007056899345225982,40.888573596827754,0.0006995605345224143,0.0007025210897257408,0.0923144718895319,-0.7040844000225532,2.2508271779947187,0.0923144718895319,True,True,False,False,False,True,0.7091474879548946,False,0.0,偏強 (RS上升),1725.TW,元禎,2,v1,phase6a,2026-07-12,0,2,4,2,2,2,v1,105,0.8297872340425532,105,0.8297872340425532,112,0.8183306055646481,^TWII,yfinance,2y,2026-10-08,scan_20261009_174201,False,True
True,0,0.06666692097981775,0.2500006357828776,True,False,觀望 (動能減弱),38.099998474121094,2026-10-08 00:00:00,38.87249984741211,-0.07000007629394389,False,False,3.426543269139117,True,0.0007726087936197511,42.875672185904804,0.0008112383912987439,0.0008442131706133365,-0.49874281550904564,-2.0209962232460077,-5.331619835105728,-0.49874281550904564,False,False,False,False,False,False,0.0,False,-0.06273070002554393,中性,1618.TW,合機,2,v1,phase6a,2026-07-12,0,2,2,2,2,2,v1,103,0.8330605564648118,103,0.8330605564648118,110,0.8216039279869067,^TWII,yfinance,2y,2026-10-08,scan_20261009_174201,False,True
True,0,-0.6166667938232422,-0.6000003814697266,True,False,賣出 (動能轉弱),36.04999923706055,2026-10-08 00:00:00,36.687500381469725,-0.08250007629394673,True,False,0.5416871040309152,False,0.0007310379930712271,33.18893954062962,0.0007627301066460472,0.0007838216270803019,-0.4354731105110421,-2.575532558729565,-5.782184025061854,-0.4354731105110421,False,False,False,False,False,False,0.028948634117118167,False,-0.05751635981541059,中性,2739.TW,寒舍,0,v1,phase6a,2026-07-12,0,0,0,0,0,0,v1,397,0.3518821603927987,397,0.3518821603927987,399,0.3486088379705401,^TWII,yfinance,2y,2026-10-08,scan_20261009_174201,False,False
True,0,-0.5916659037272135,-0.5916659037272135,True,False,賣出 (動能轉弱),43.25,2026-10-08 00:00:00,44.097500228881835,-0.057500076293948155,False,False,3.2962091864969563,True,0.0008770428257825559,31.202637803688308,0.0009149312113839267,0.0009410450809847588,-0.43401530587717785,-2.077886143643881,-3.4695438788222677,-0.43401530587717785,False,False,False,False,False,False,0.0,False,-0.047356860211851814,中性,8941.TWO,關中,0,v1,phase6a,2026-07-12,0,0,0,0,0,0,v1,599,0.02127659574468085,599,0.02127659574468085,599,0.02127659574468085,^TWII,yfinance,2y,2026-10-08,scan_20261009_174201,False,False
True,0,8.083333333333332,12.916666666666664,True,False,觀望 (動能減弱),286.5,2026-10-08 00:00:00,296.1,-0.049999999999954525,False,False,0.5434400084157414,False,0.005809775019345717,45.9263554800581,0.006141642491695515,0.006196238574548876,-0.5655790303887409,-1.7622789013984952,1.0754215287017255,-0.5655790303887409,False,False,False,False,False,False,0.22895493837064146,False,-0.06980519480519476,中性,6937.TW,天虹,2,v1,phase6a,2026-07-12,0,2,2,2,2,2,v1,191,0.6890343698854338,191,0.6890343698854338,192,0.6873977086743044,^TWII,yfinance,2y,2026-10-08,scan_20261009_174201,False,True
True,0,0.03333409627278647,0.15000025431315106,True,False,觀望 (動能減弱),77.5,2026-10-08 00:00:00,77.70499992370605,-0.025000000000005684,False,False,0.867407283005249,False,0.0015715796300149847,45.4162472984234,0.0016197494505020395,0.0016802503980573049,-0.31206580119654825,-2.002792137203624,-4.25139386079808,-0.31206580119654825,False,False,False,False,False,False,0.05319169429309747,False,-0.008951367973907831,中性,4126.TWO,太醫,0,v1,phase6a,2026-07-12,0,0,0,0,0,0,v1,447,0.2700490998363339,447,0.2700490998363339,448,0.2684124386252046,^TWII,yfinance,2y,2026-10-08,scan_20261009_174201,False,False
False,0,0.40000009536743164,0.2749999364217122,False,True,強烈買入 (爆發),14.350000381469727,2026-10-08 00:00:00,13.449999904632568,0.037499999999999645,False,True,3.2100643869705126,True,0.000290995719873872,43.451399287881756,0.0002826304895893984,0.000290210585492718,0.31252910267951517,-1.0295061741261047,-4.8990737406744085,0.31252910267951517,True,True,False,False,False,True,0.534727105792666,False,0.0,偏強 (RS上升),1440.TW,南紡,3,v1,phase6a,2026-07-12,0,3,5,3,3,3,v1,24,0.9623567921440261,24,0.9623567921440261,38,0.939443535188216,^TWII,yfinance,2y,2026-10-08,scan_20261009_174201,False,False
True,0,-0.7333339055379231,-0.6000003814697266,True,False,賣出 (動能轉弱),22.799999237060547,2026-10-08 00:00:00,23.220000076293946,-0.04250001907348633,False,False,1.2559284781782427,False,0.0004623485724557619,26.08019439270022,0.0004823318530580795,0.000521099128626247,-0.4342175264522852,-3.062444089745009,-6.692506933324671,-0.4342175264522852,False,False,False,False,False,False,0.15639787214865614,False,-0.08249501460522446,中性,6692.TWO,進能服,0,v1,phase6a,2026-07-12,0,0,0,0,0,0,v1,531,0.132569558101473,531,0.132569558101473,531,0.132569558101473,^TWII,yfinance,2y,2026-10-08,scan_20261009_174201,False,False
True,0,0.275000254313151,0.34999974568684894,True,False,觀望 (動能減弱),41.54999923706055,2026-10-08 00:00:00,41.21249980926514,0.027499961853031607,False,True,0.6971236006724282,False,0.0008425694506851936,49.08964351473249,0.0008619941654176902,0.0009147426294844954,-0.23664523433603035,-1.9188175160499976,-5.074693581294065,-0.23664523433603035,False,False,False,False,False,False,0.10006296366593084,False,-0.049199118726383495,中性,6763.TWO,綠界科技*,0,v1,phase6a,2026-07-12,0,0,2,0,0,0,v1,536,0.12438625204582651,536,0.12438625204582651,536,0.12438625204582651,^TWII,yfinance,2y,2026-10-08,scan_20261009_174201,False,False
True,0,0.14999898274739581,0.23333231608072913,True,False,觀望 (動能減弱),97.0999984741211,2026-10-08 00:00:00,97.11000022888183,-0.015000152587901994,True,False,1.3419597257240774,False,0.0019690371571150296,39.18302722747591,0.0020292445607455844,0.002138554751875433,-0.31134195859422453,-2.062743267539646,-5.592447207353035,-0.31134195859422453,False,False,False,False,False,False,0.04867916716845294,False,-0.043349768727870996,中性,5478.TWO,智冠,0,v1,phase6a,2026-07-12,0,0,0,0,0,0,v1,478,0.2193126022913257,478,0.2193126022913257,479,0.2176759410801964,^TWII,yfinance,2y,2026-10-08,scan_20261009_174201,False,False
True,2,-0.141667366027832,-0.14166736602783203,True,False,觀察 (跌勢收斂),17.799999237060547,2026-10-08 00:00:00,17.937499904632567,-0.010000038146973367,True,False,0.6093732403383487,False,0.00036095633826124676,26.265230705353865,0.00037407466582566675,0.0004028649120380334,-0.3677869760184138,-2.34027555205768,-5.719618758202982,-0.3677869760184138,False,False,False,False,False,False,0.03744885611851808,False,-0.07291674324207531,中性,1586.TWO,和勤,1,v1,phase6a,2026-07-12,0,1,1,1,1,1,v1,214,0.6513911620294599,214,0.6513911620294599,216,0.6481178396072013,^TWII,yfinance,2y,2026-10-08,scan_20261009_174201,False,False
True,0,-1.1250006357828775,-0.9083340962727864,True,False,賣出 (動能轉弱),45.0,2026-10-08 00:00:00,45.62749977111817,-0.0274999618530245,False,False,0.4505156591562861,False,0.0009125301077506363,80.57655275839645,0.0009331037255217316,0.0008928649542540687,-0.2315529671487071,-1.211283418756015,6.393361470766368,-0.2315529671487071,False,True,True,False,False,False,0.5903652865832785,False,-0.048625777466365094,中性,2884.TW,玉山金,0,v1,phase6a,2026-07-12,0,0,0,0,0,0,v1,404,0.3404255319148936,404,0.3404255319148936,405,0.33878887070376434,^TWII,yfinance,2y,2026-10-08,scan_20261009_174201,False,False
True,0,-0.12666678428649902,-0.11166675885518391,True,False,賣出 (動能轉弱),4.679999828338623,2026-10-08 00:00:00,4.804500031471252,-0.006000018119812545,True,False,0.24941310894760726,False,9.490312772504007e-05,15.493802407371716,9.99538780041794e-05,0.00010657802294631238,-0.529089006898753,-3.116905117505997,-6.961754777368057,-0.529089006898753,False,False,False,False,False,False,0.06745019361881911,False,-0.09999999999999998,中性,5907.TW,大洋-KY,0,v1,phase6a,2026-07-12,0,0,0,0,0,0,v1,489,0.20130932896890344,489,0.20130932896890344,490,0.19967266775777415,^TWII,yfinance,2y,2026-10-08,scan_20261009_174201,False,False
True,0,-0.5,0.16666666666666663,True,False,賣出 (動能轉弱),101.0,2026-10-08 00:00:00,103.325,-0.2749999999999915,True,False,0.30995738086013175,False,0.002048123130729206,40.56267982873509,0.0021638339213257743,0.0023110825602195876,-0.559742869082791,-2.8625350546387596,-8.578377825926953,-0.559742869082791,False,False,False,False,False,False,0.05344049959108029,False,-0.11790393013100442,中性,6629.TWO,泰金-KY,0,v1,phase6a,2026-07-12,0,0,0,0,0,0,v1,528,0.13747954173486088,528,0.13747954173486088,528,0.13747954173486088,^TWII,yfinance,2y,2026-10-08,scan_20261009_174201,False,False
True,0,0.1416664123535156,0.44166660308837885,True,False,觀望 (動能減弱),28.0,2026-10-08 00:00:00,28.722500228881835,-0.02500000000000213,True,False,0.8676191898068182,False,0.0005677965114892848,38.04675691289819,0.0005979889011763095,0.0006281913120057095,-0.5286627562633761,-2.343005258807751,-3.538353062595534,-0.5286627562633761,False,False,False,False,False,False,0.0,False,-0.05084745762711862,中性,6134.TWO,萬旭,0,v1,phase6a,2026-07-12,0,0,0,0,0,0,v1,496,0.18985270049099837,496,0.18985270049099837,497,0.18821603927986907,^TWII,yfinance,2y,2026-10-08,scan_20261009_174201,False,False
True,1,-0.32500012715657545,-0.5083332061767578,True,False,觀察 (跌勢收斂),38.349998474121094,2026-10-08 00:00:00,38.66249942779541,-0.1150001525878892,False,False,1.6519368960105723,True,0.0007776784053294769,47.2101732145019,0.0008107075648526954,0.0008825774149827169,-0.42702291791679725,-2.535234234283257,-9.271114742032005,-0.42702291791679725,False,False,False,False,False,False,0.0555495538094851,False,-0.13128444962645536,中性,6624.TWO,萬年清,1,v1,phase6a,2026-07-12,0,1,1,1,1,1,v1,281,0.5417348608837971,281,0.5417348608837971,282,0.5400981996726678,^TWII,yfinance,2y,2026-10-08,scan_20261009_174201,False,False
True,0,-153.33333333333331,-198.33333333333331,True,False,觀察 (跌勢收斂),5575.0,2026-10-08 00:00:00,5480.5,-11.0,False,True,0.5611358892364252,False,0.11305234112688438,327.5676503343328,0.11387096409944837,0.12060050605942618,-0.07561688810765466,-1.1514000802543278,-4.849895244326996,-0.07561688810765466,False,False,False,False,False,True,0.2203164186237485,False,-0.15530303030303028,中性,6223.TWO,旺矽,2,v1,phase6a,2026-07-12,0,2,3,2,2,2,v1,174,0.7168576104746317,174,0.7168576104746317,175,0.7152209492635024,^TWII,yfinance,2y,2026-10-08,scan_20261009_174201,True,False
True,0,0.11666679382324217,0.10833342870076497,True,False,買入 (動能增強),14.0,2026-10-08 00:00:00,13.934999990463258,0.0,False,True,0.31574082844652646,False,0.0002838982557446424,35.1641372573012,0.0002907379833950319,0.0002991002182645715,-0.24702408012681198,-1.7784424126753962,-4.157823190375353,-0.24702408012681198,False,False,False,False,False,False,0.06262481988050912,False,-0.01060068004057324,中性,3266.TW,昇陽,2,v1,phase6a,2026-07-12,0,2,3,2,2,2,v1,132,0.7855973813420621,132,0.7855973813420621,138,0.7757774140752864,^TWII,yfinance,2y,2026-10-08,scan_20261009_174201,False,False
True,1,0.04999987284342448,0.02499993642171224,True,False,買入 (動能增強),21.049999237060547,2026-10-08 00:00:00,20.88499984741211,0.0024999618530294754,False,True,1.8382071353073635,True,0.0004268612904876816,44.64505068504652,0.00043578086624283135,0.0004526917084375551,-0.21498974349556388,-1.8858087001939472,-4.457597377701472,-0.21498974349556388,False,False,False,False,False,False,0.08901443844566506,False,-0.007075543418900709,中性,1731.TW,美吾華,4,v1,phase6a,2026-07-12,0,4,6,4,4,4,v1,12,0.9819967266775778,12,0.9819967266775778,17,0.9738134206219312,^TWII,yfinance,2y,2026-10-08,scan_20261009_174201,False,True
True,0,0.09166638056437174,0.07499980926513672,True,False,買入 (動能增強),10.949999809265137,2026-10-08 00:00:00,10.827500104904175,-0.0025000095367424535,False,True,1.722162063184879,True,0.00022204898901818137,32.498250336903325,0.00022632008431917208,0.0002398343139604843,-0.19825798243331416,-1.6421079566254826,-4.753443725673579,-0.19825798243331416,False,False,False,False,False,False,0.05261493198434014,False,-0.03947366880027603,中性,1220.TW,台榮,2,v1,phase6a,2026-07-12,0,2,3,2,2,2,v1,84,0.8641571194762684,84,0.8641571194762684,91,0.8527004909983633,^TWII,yfinance,2y,2026-10-08,scan_20261009_174201,False,False
True,0,-6.416666666666666,-3.9166666666666665,True,False,賣出 (動能轉弱),325.5,2026-10-08 00:00:00,336.75,-0.125,True,False,1.3332267789993473,False,0.006600634446062936,61.41075731079288,0.006978028638701319,0.007216608106236188,-0.5660743101787657,-2.5479955676064536,-3.6193756920010256,-0.5660743101787657,False,False,False,False,False,False,0.0,False,-0.10919538741915746,中性,2382.TW,廣達,0,v1,phase6a,2026-07-12,0,0,0,0,0,0,v1,364,0.40589198036006546,364,0.40589198036006546,367,0.40098199672667756,^TWII,yfinance,2y,2026-10-08,scan_20261009_174201,False,False
True,1,0.1766665776570638,0.1750000317891439,True,False,買入 (動能增強),9.819999694824219,2026-10-08 00:00:00,9.78800015449524,-0.019000005722045188,True,True,0.9673445445474845,False,0.0001991343417695369,38.320888413644695,0.00020640670628882171,0.00022551624849042115,-0.369505168589912,-2.1348143834703737,-9.309906175294703,-0.369505168589912,False,False,False,False,False,False,0.031727897528876,False,-0.19508197964343055,中性,5302.TWO,太欣,2,v1,phase6a,2026-07-12,0,2,3,2,2,2,v1,160,0.7397708674304418,160,0.7397708674304418,163,0.734860883797054,^TWII,yfinance,2y,2026-10-08,scan_20261009_174201,False,False
True,0,-1.3250001271565754,-0.8250001271565754,True,False,賣出 (動能轉弱),47.150001525878906,2026-10-08 00:00:00,49.04000053405762,0.03750000000000142,False,False,0.40707496285440964,False,0.0009561287993967321,67.03690471619154,0.001001719552053549,0.0009815152375384465,-0.4767946362098985,-2.334714403028393,4.214516369388854,-0.4767946362098985,False,False,True,False,False,False,0.38029019737600056,False,-0.05605603992578945,中性,4198.TWO,欣大健康,0,v1,phase6a,2026-07-12,0,0,1,0,0,0,v1,450,0.265139116202946,450,0.265139116202946,451,0.2635024549918167,^TWII,yfinance,2y,2026-10-08,scan_20261009_174201,False,False
False,0,0.2666664123535156,0.2833331425984701,False,True,強烈買入 (爆發),20.149999618530273,2026-10-08 00:00:00,20.010000133514403,-0.0025000572204589844,False,True,1.9628132233873463,True,0.00040861069606828245,60.779637928320696,0.00041769501998129054,0.0004317856235051494,-0.2284107808266378,-1.5329492832770741,-3.361005309264109,-0.2284107808266378,False,False,False,False,False,False,0.054227884622424304,False,-0.01225490218994485,中性,5547.TWO,久舜,3,v1,phase6a,2026-07-12,0,3,4,3,3,3,v1,62,0.900163666121113,62,0.900163666121113,69,0.8887070376432079,^TWII,yfinance,2y,2026-10-08,scan_20261009_174201,False,False
True,0,-0.04999987284342448,0.09999974568684897,True,False,賣出 (動能轉弱),52.70000076293945,2026-10-08 00:00:00,53.0600004196167,-0.0350000381469755,True,False,1.4952696941163157,False,0.0010686741638814166,37.04462755340368,0.0011066374299541887,0.0011548500820703425,-0.35980663678254476,-2.086662800929684,-4.991506547614688,-0.35980663678254476,False,False,False,False,False,False,0.04289347501995774,False,-0.024074059945565662,中性,8435.TWO,鉅邁,0,v1,phase6a,2026-07-12,0,0,0,0,0,0,v1,582,0.049099836333878884,582,0.049099836333878884,582,0.049099836333878884,^TWII,yfinance,2y,2026-10-08,scan_20261009_174201,False,False
True,1,0.36666742960611975,0.45000076293945307,True,False,觀望 (動能減弱),91.4000015258789,2026-10-08 00:00:00,91.45,-0.054999923706049,True,False,0.9525256464911247,False,0.001853450072018191,59.56972697367267,0.0019049087424313769,0.001964461872120424,-0.28354865733083434,-1.8240494410162067,-3.745279279327196,-0.28354865733083434,False,False,False,False,False,False,0.04636315051181987,False,-0.012958930540128977,中性,6183.TW,關貿,0,v1,phase6a,2026-07-12,0,0,0,0,0,0,v1,501,0.18166939443535188,501,0.18166939443535188,502,0.18003273322422259,^TWII,yfinance,2y,2026-10-08,scan_20261009_174201,False,False
True,1,0.08250077565511067,0.09111166000366212,True,False,觀望 (動能減弱),14.300000190734863,2026-10-08 00:00:00,14.306833076477051,-0.007583284378050337,False,False,0.5738003688428602,False,0.0002899817936641201,38.78175379894068,0.00029839782818147386,0.00030920922764834897,-0.296006194675158,-1.9685974098360925,-4.139746153846257,-0.296006194675158,False,False,False,False,False,False,0.06434861263095476,False,-0.013793090294147325,中性,2109.TW,華豐,2,v1,phase6a,2026-07-12,0,2,2,2,2,2,v1,112,0.8183306055646481,112,0.8183306055646481,119,0.806873977086743,^TWII,yfinance,2y,2026-10-08,scan_20261009_174201,False,True
True,0,0.3666664759318034,0.3666664759318034,True,False,觀望 (動能減弱),20.549999237060547,2026-10-08 00:00:00,20.54250020980835,-0.015000057220458274,False,True,0.7007355818828047,False,0.0004167220670682301,29.818561160722833,0.00043055054414730244,0.0004531342753210538,-0.33694638089390994,-1.5948717076502916,-5.9526005704359175,-0.33694638089390994,False,False,False,False,False,False,0.0,False,-0.08258930415067167,中性,3043.TW,科風,0,v1,phase6a,2026-07-12,0,0,1,0,0,0,v1,416,0.32078559738134205,416,0.32078559738134205,417,0.3191489361702128,^TWII,yfinance,2y,2026-10-08,scan_20261009_174201,False,False
True,0,0.08333333333333326,1.5833333333333335,True,False,觀望 (動能減弱),116.0,2026-10-08 00:00:00,117.675,0.04999999999999716,False,False,0.7019930515537521,False,0.0023522998333127512,45.731853877385674,0.002461982632526386,0.0026151484361638853,-0.4667647555850918,-2.241751417525273,-5.578520477739635,-0.4667647555850918,False,False,False,False,False,False,0.017471304514921387,False,-0.12121212121212122,中性,7786.TW,東方風能,0,v1,phase6a,2026-07-12,0,0,1,0,0,0,v1,565,0.07692307692307693,565,0.07692307692307693,565,0.07692307692307693,^TWII,yfinance,2y,2026-10-08,scan_20261009_174201,False,False
True,0,1.6666666666666667,1.25,True,False,買入 (動能增強),156.5,2026-10-08 00:00:00,154.425,0.05000000000001137,False,True,0.8690164700410942,False,0.003173576930288324,52.05134672021344,0.0032495452570499915,0.0035637611384398086,-0.24548159820724225,-1.8609390002283122,-8.37776744058254,-0.24548159820724225,False,False,False,False,False,False,0.03780174615085504,False,-0.18062827225130895,中性,3596.TW,智易,2,v1,phase6a,2026-07-12,0,2,4,2,2,2,v1,136,0.779050736497545,136,0.779050736497545,141,0.7708674304418985,^TWII,yfinance,2y,2026-10-08,scan_20261009_174201,False,False
True,0,-0.8396739959716797,-0.4703788757324218,True,False,賣出 (動能轉弱),44.04999923706055,2026-10-08 00:00:00,44.447307395935056,0.029999923706050424,False,False,0.8209440406590163,False,0.0008932655677824512,94.89441994071298,0.0009153773790176603,0.000894342073246919,-0.2536282611949159,-1.4202551114889883,2.715065183274512,-0.2536282611949159,False,False,True,False,False,False,0.37855020531497785,False,-0.04134932523029111,中性,2890.TW,永豐金,0,v1,phase6a,2026-07-12,0,0,1,0,0,0,v1,406,0.337152209492635,406,0.337152209492635,407,0.3355155482815057,^TWII,yfinance,2y,2026-10-08,scan_20261009_174201,False,False
True,0,0.7250003814697265,0.6666666666666666,True,False,買入 (動能增強),49.79999923706055,2026-10-08 00:00:00,48.82499961853027,0.07250003814696981,False,True,0.8935910244903862,False,0.0010098666371061436,53.251531865940265,0.0010214088794313384,0.0010648160272074972,-0.11880936217109062,-1.4450398094035366,-3.921462211533744,-0.11880936217109062,False,False,False,False,False,False,0.10727840295364598,False,-0.01968503966571833,中性,2488.TW,漢平,2,v1,phase6a,2026-07-12,0,2,4,2,2,2,v1,118,0.8085106382978723,118,0.8085106382978723,125,0.7970540098199672,^TWII,yfinance,2y,2026-10-08,scan_20261009_174201,False,False
True,0,-0.25,-0.1833343505859375,True,False,賣出 (動能轉弱),81.30000305175781,2026-10-08 00:00:00,81.51500091552734,-0.019999694824221592,False,False,0.817551096943559,False,0.0016486377898877248,48.087991794942155,0.0017007302537247189,0.0017853181792573992,-0.3213792820496941,-2.123277644784438,-5.288454440572288,-0.3213792820496941,False,False,False,False,False,False,0.04424271047691159,False,-0.03444173398565564,中性,9911.TW,櫻花,0,v1,phase6a,2026-07-12,0,0,0,0,0,0,v1,602,0.016366612111292964,602,0.016366612111292964,602,0.016366612111292964,^TWII,yfinance,2y,2026-10-08,scan_20261009_174201,False,False
True,0,-0.33333396911621094,-0.3916676839192708,True,False,觀察 (跌勢收斂),41.70000076293945,2026-10-08 00:00:00,41.82000026702881,-0.14750003814697266,True,False,1.2723805414734117,False,0.0008456112486534835,77.47025303141677,0.0008831988352730122,0.0009935791624426584,-0.44598589617200757,-3.454902792169612,-13.623944328983217,-0.44598589617200757,False,False,False,False,False,False,0.07142923901616709,False,-0.2810344696044922,中性,6465.TWO,威潤,1,v1,phase6a,2026-07-12,0,1,1,1,1,1,v1,275,0.5515548281505729,275,0.5515548281505729,276,0.5499181669394435,^TWII,yfinance,2y,2026-10-08,scan_20261009_174201,False,False
True,1,0.09999990463256835,0.16666650772094727,True,False,觀望 (動能減弱),12.0,2026-10-08 00:00:00,12.107499980926514,-0.007499980926512606,True,False,0.8580770087218708,False,0.00024334136206683634,14.912664825654273,0.00025323147194025194,0.0002696682583550103,-0.4094284868574549,-2.192349036821506,-5.697624625469322,-0.4094284868574549,False,False,False,False,False,False,0.031291487993476856,False,-0.1578947368421053,中性,6219.TWO,富旺,0,v1,phase6a,2026-07-12,0,0,0,0,0,0,v1,505,0.1751227495908347,505,0.1751227495908347,506,0.1734860883797054,^TWII,yfinance,2y,2026-10-08,scan_20261009_174201,False,False
True,1,-0.016666412353515618,0.03333282470703125,True,False,賣出 (動能轉弱),38.95000076293945,2026-10-08 00:00:00,38.84249992370606,-0.010000038146969814,False,True,0.778179837360414,False,0.0007898455198465001,37.403680682411505,0.0008070170634690101,0.0008253019457890602,-0.22347625433246643,-1.508672874579997,-1.9478148442454768,-0.22347625433246643,False,False,False,False,False,False,0.09945346277620168,False,-0.018891687294377513,中性,6952.TW,大武山,0,v1,phase6a,2026-07-12,0,0,1,0,0,0,v1,554,0.09492635024549918,554,0.09492635024549918,554,0.09492635024549918,^TWII,yfinance,2y,2026-10-08,scan_20261009_174201,False,False
True,1,0.43333307902018225,0.16666603088378906,True,False,買入 (動能增強),61.0,2026-10-08 00:00:00,60.214999961853025,0.039999961853027344,False,True,0.06711583942199839,False,0.0012369852571730846,16.55452319403864,0.0012594714384302217,0.0013698214026271957,-0.1875807899782589,-1.7090980239692688,-5.207052681357793,-0.1875807899782589,False,False,False,False,False,False,0.07848186570662109,False,-0.09946295933162363,中性,7818.TW,溢泰實業,2,v1,phase6a,2026-07-12,0,2,4,2,2,2,v1,196,0.6808510638297872,196,0.6808510638297872,197,0.679214402618658,^TWII,yfinance,2y,2026-10-08,scan_20261009_174201,False,False
True,0,-0.16666666666666666,-0.16666666666666666,True,False,賣出 (動能轉弱),11.75,2026-10-08 00:00:00,11.630000066757201,-0.00250000953674423,True,True,1.6600536584677539,True,0.0002382717503571106,40.83288465174436,0.00024292648793795455,0.0002569352907687534,-0.20128974692061874,-2.838109237141462,-7.407830110860248,-0.20128974692061874,False,False,False,False,False,False,0.204029408791942,False,-0.07480313571123642,中性,1531.TW,高林股,0,v1,phase6a,2026-07-12,0,0,1,0,0,0,v1,329,0.46317512274959083,329,0.46317512274959083,332,0.4582651391162029,^TWII,yfinance,2y,2026-10-08,scan_20261009_174201,False,False
True,0,0.4416656494140625,0.2833321889241536,True,False,買入 (動能增強),33.150001525878906,2026-10-08 00:00:00,32.66750030517578,0.030000114440916548,False,True,1.1962750835218419,False,0.0006722305436520896,28.44958693547104,0.0006829643426440973,0.0007273996369178936,-0.1651634455186124,-1.5191668405587944,-4.737979459063368,-0.1651634455186124,False,False,False,False,False,False,0.057572300972236104,False,-0.04878040237231496,中性,6722.TW,輝創,2,v1,phase6a,2026-07-12,0,2,4,2,2,2,v1,185,0.6988543371522095,185,0.6988543371522095,186,0.6972176759410802,^TWII,yfinance,2y,2026-10-08,scan_20261009_174201,False,False
True,0,4.0,6.333333333333334,True,False,觀望 (動能減弱),178.0,2026-10-08 00:00:00,180.2,0.024999999999977263,False,False,0.4327657178795677,False,0.003609563537324739,33.08450686502275,0.0037334048972077327,0.0037216754418857856,-0.3479551182412388,-1.0298691553124462,3.045008843593755,-0.3479551182412388,False,False,True,False,False,False,0.2964139860348237,False,-0.043010752688172005,中性,4961.TW,天鈺,2,v1,phase6a,2026-07-12,0,2,3,2,2,2,v1,156,0.7463175122749591,156,0.7463175122749591,160,0.7397708674304418,^TWII,yfinance,2y,2026-10-08,scan_20261009_174201,False,True
True,1,-0.5166664123535156,-0.4666665395100911,True,False,賣出 (動能轉弱),42.25,2026-10-08 00:00:00,42.704999923706055,-0.0350000381469755,False,False,0.931143566818944,False,0.0008567643789436529,36.81799205066288,0.0008887534829853075,0.0009224636074386975,-0.37744599964391057,-2.2894352571664833,-5.060373423096031,-0.37744599964391057,False,False,False,False,False,False,0.07253507452298612,False,-0.03642864562679993,中性,1339.TW,昭輝,0,v1,phase6a,2026-07-12,0,0,0,0,0,0,v1,314,0.4877250409165303,314,0.4877250409165303,317,0.4828150572831424,^TWII,yfinance,2y,2026-10-08,scan_20261009_174201,False,False
True,0,-0.24166663487752277,-0.4333332379659017,True,False,觀察 (跌勢收斂),13.949999809265137,2026-10-08 00:00:00,14.172499990463256,0.05749998092651332,False,False,0.22403566534215563,False,0.00028288432953489043,29.274178330125878,0.0002902817233972596,0.0002794075029000798,-0.26752971124911484,-1.8130808952796174,2.8801455108295793,-0.26752971124911484,False,True,True,False,False,True,0.5025597202760392,False,-0.13622290162415174,中性,4188.TWO,安克,2,v1,phase6a,2026-07-12,0,2,3,2,2,2,v1,145,0.7643207855973814,145,0.7643207855973814,149,0.7577741407528642,^TWII,yfinance,2y,2026-10-08,scan_20261009_174201,True,False
True,1,-0.23333613077799478,-0.33333460489908856,True,False,觀察 (跌勢收斂),89.69999694824219,2026-10-08 00:00:00,90.15500030517578,-0.10000000000000853,True,False,0.7139782121001667,False,0.001818976619564693,45.53715317266766,0.0018784072769687766,0.0019217140363857888,-0.331935111150794,-2.274934249072036,-4.8451468195658265,-0.331935111150794,False,False,False,False,False,False,0.12171584316631427,False,-0.05974847470092015,中性,4938.TW,和碩,2,v1,phase6a,2026-07-12,0,2,2,2,2,2,v1,155,0.7479541734860884,155,0.7479541734860884,159,0.7414075286415712,^TWII,yfinance,2y,2026-10-08,scan_20261009_174201,True,False
True,0,0.2666664123535156,0.3666674296061198,True,False,觀望 (動能減弱),98.0,2026-10-08 00:00:00,98.64999923706054,-0.09500007629395668,False,False,0.8084198589106615,False,0.001987287790212497,72.52820063366609,0.0020663904860420026,0.002201884440954684,-0.40133662651071766,-2.3618217822794274,-7.1727898291707,-0.40133662651071766,False,False,False,False,False,False,0.03457815982725488,False,-0.08292990516487053,中性,2755.TWO,揚秦,0,v1,phase6a,2026-07-12,0,0,0,0,0,0,v1,398,0.3502454991816694,398,0.3502454991816694,400,0.3469721767594108,^TWII,yfinance,2y,2026-10-08,scan_20261009_174201,False,False
True,1,-0.016666889190673825,-0.04166682561238608,True,False,觀察 (跌勢收斂),13.899999618530273,2026-10-08 00:00:00,13.997499942779541,-0.017500019073485973,True,False,0.3971219335141021,False,0.0002818704033251385,21.826991879055733,0.00029216268466811463,0.0003150527852030922,-0.3694501307952791,-2.029589042618818,-5.860374181146144,-0.3694501307952791,False,False,False,False,False,False,0.03730109034394908,False,-0.09740259981533395,中性,3272.TWO,東碩,1,v1,phase6a,2026-07-12,0,1,1,1,1,1,v1,244,0.602291325695581,244,0.602291325695581,246,0.5990180032733224,^TWII,yfinance,2y,2026-10-08,scan_20261009_174201,False,False
False,0,0.22849210103352863,0.17847665150960285,False,True,強烈買入 (爆發),10.510199546813965,2026-10-08 00:00:00,10.26413803100586,0.015004730224610796,False,True,0.0,False,0.00021313052277632967,31.66957203565898,0.00021549347313450367,0.00023179972493711406,-0.11529112578450018,-1.6783672652343262,-5.868587481528276,-0.11529112578450018,False,False,False,False,False,False,0.14018720078297667,False,-0.09484498047764811,中性,6167.TWO,久正,3,v1,phase6a,2026-07-12,0,3,5,3,3,3,v1,65,0.8952536824877251,65,0.8952536824877251,72,0.88379705400982,^TWII,yfinance,2y,2026-10-08,scan_20261009_174201,False,False
True,0,2.0833333333333335,1.75,True,False,買入 (動能增強),184.5,2026-10-08 00:00:00,182.625,0.09999999999999432,False,True,1.2719991435326736,False,0.0037413734417776085,42.05606057444144,0.003820757176058667,0.003998879816574746,-0.2182276097181024,-1.8631713274466,-5.183848945978231,-0.2182276097181024,False,False,False,False,False,False,0.08885090914570565,False,-0.03149606299212604,中性,3611.TWO,鼎翰,2,v1,phase6a,2026-07-12,0,2,4,2,2,2,v1,137,0.7774140752864157,137,0.7774140752864157,142,0.7692307692307693,^TWII,yfinance,2y,2026-10-08,scan_20261009_174201,False,False
True,0,-2.833333333333333,-1.833333333333333,True,False,賣出 (動能轉弱),123.0,2026-10-08 00:00:00,125.325,-0.17499999999999716,True,False,0.9715037978154661,False,0.0024942489611850726,37.476970662404945,0.002609719082069911,0.0027372791243578352,-0.4635901781451235,-3.1702282837647866,-6.235587492001182,-0.4635901781451235,False,False,False,False,False,False,0.09178849588424814,False,-0.15172413793103445,中性,1736.TW,喬山,0,v1,phase6a,2026-07-12,0,0,0,0,0,0,v1,338,0.44844517184942717,338,0.44844517184942717,341,0.44353518821603927,^TWII,yfinance,2y,2026-10-08,scan_20261009_174201,False,False
True,0,-0.6000000635782877,-0.5666667620340983,True,False,賣出 (動能轉弱),13.350000381469727,2026-10-08 00:00:00,14.005000066757201,-0.04499998092651403,False,False,1.093941773996294,False,0.000270717273034969,19.87433169207007,0.00029244079455438,0.00032170305970053695,-0.775864696340911,-3.8830841188387866,-10.85852706742363,-0.775864696340911,False,False,False,False,False,False,0.028730200567290233,False,-0.21700874024371553,中性,4402.TWO,郡都開發,0,v1,phase6a,2026-07-12,0,0,0,0,0,0,v1,451,0.2635024549918167,451,0.2635024549918167,452,0.2618657937806874,^TWII,yfinance,2y,2026-10-08,scan_20261009_174201,False,False
True,0,-0.11666679382324216,-0.21666653951009113,True,False,觀察 (跌勢收斂),21.549999237060547,2026-10-08 00:00:00,21.60749979019165,-0.01249999999999929,False,False,1.1219178195197201,False,0.0004370005139071331,35.866386921665146,0.00045219793639814587,0.0004870178748607863,-0.35252025436876,-2.178138119310924,-6.435100740849675,-0.35252025436876,False,False,False,False,False,False,0.03646924613769178,False,-0.22202170962056988,中性,5345.TWO,馥鴻,2,v1,phase6a,2026-07-12,0,2,2,2,2,2,v1,162,0.7364975450081833,162,0.7364975450081833,165,0.7315875613747954,^TWII,yfinance,2y,2026-10-08,scan_20261009_174201,True,False
True,0,-0.5666656494140625,-0.5499992370605469,True,False,賣出 (動能轉弱),70.0,2026-10-08 00:00:00,69.46000022888184,0.02000007629395384,False,True,1.8935213056455198,True,0.001419491278723212,77.00336633411612,0.001449102338248812,0.001489635530953632,-0.21463381265455217,-2.4209727956263194,-5.855214877295367,-0.21463381265455217,False,False,False,False,False,False,0.09826620115576948,False,-0.06666666666666665,中性,5511.TWO,德昌,0,v1,phase6a,2026-07-12,0,0,2,0,0,0,v1,482,0.2127659574468085,482,0.2127659574468085,483,0.21112929623567922,^TWII,yfinance,2y,2026-10-08,scan_20261009_174201,False,False
True,0,0.0,0.024999936421712235,True,False,賣出 (動能轉弱),14.050000190734863,2026-10-08 00:00:00,13.944999885559081,0.007500028610229137,False,True,0.3627980018468146,False,0.0002849121819543943,33.0105992057173,0.00029073666576724547,0.00030220743350634646,-0.21043557393739531,-1.9936223788704743,-4.365043632696752,-0.21043557393739531,False,False,False,False,False,False,0.07934866821740803,False,-0.017482517249333918,中性,5533.TW,皇鼎,0,v1,phase6a,2026-07-12,0,0,2,0,0,0,v1,484,0.20949263502454993,484,0.20949263502454993,485,0.2078559738134206,^TWII,yfinance,2y,2026-10-08,scan_20261009_174201,False,False
True,0,0.5916659037272135,0.6916656494140625,True,False,觀望 (動能減弱),42.70000076293945,2026-10-08 00:00:00,42.212500381469724,0.04500007629394531,False,True,1.3949033331990093,False,0.0008658896954923865,35.06411066445723,0.0008803980276879105,0.0008967070404280552,-0.17316579990005465,-1.4701121449394061,-2.4701422369479253,-0.17316579990005465,False,False,False,False,False,False,0.15542052585800542,False,-0.021764048791068746,中性,6771.TW,平和環保-創,0,v1,phase6a,2026-07-12,0,0,2,0,0,0,v1,537,0.12274959083469722,537,0.12274959083469722,537,0.12274959083469722,^TWII,yfinance,2y,2026-10-08,scan_20261009_174201,False,False
True,0,-1.75,-1.5,True,False,賣出 (動能轉弱),140.0,2026-10-08 00:00:00,140.7,-0.07500000000001705,True,False,1.2452664571243643,False,0.002838982557446424,23.533873288664857,0.0029341385340791977,0.003117804984796553,-0.3402137032166852,-2.2464456079973716,-5.718351985049852,-0.3402137032166852,False,False,False,False,False,False,0.04715990156946121,False,-0.06233421655784854,中性,8478.TW,東哥遊艇,0,v1,phase6a,2026-07-12,0,0,0,0,0,0,v1,586,0.0425531914893617,586,0.0425531914893617,586,0.0425531914893617,^TWII,yfinance,2y,2026-10-08,scan_20261009_174201,False,False
True,0,-0.5833333333333331,0.41666666666666685,True,False,賣出 (動能轉弱),364.0,2026-10-08 00:00:00,376.325,-0.7250000000000227,True,False,1.0401677056781835,False,0.007381354649360702,52.02103315651582,0.007885871468296335,0.008331939371591589,-0.6689403877296329,-2.6988953683678374,-8.623588852985698,-0.6689403877296329,False,False,False,False,False,False,0.0,False,-0.1622554660529344,中性,6121.TWO,新普,0,v1,phase6a,2026-07-12,0,0,0,0,0,0,v1,492,0.19639934533551553,492,0.19639934533551553,493,0.19476268412438624,^TWII,yfinance,2y,2026-10-08,scan_20261009_174201,False,False
True,0,0.31666676203409827,0.21666669845581052,True,False,買入 (動能增強),14.350000381469727,2026-10-08 00:00:00,13.934999990463258,0.03750000000000142,False,True,1.1840045048309293,False,0.000290995719873872,33.816480032912295,0.00029017875949326167,0.00030392862150096405,0.029644251877170014,-0.4956919222291356,-0.6984438541066673,0.029644251877170014,True,False,False,False,False,True,0.2115424973577415,False,-0.06818177032920958,中性,1309.TW,台達化,2,v1,phase6a,2026-07-12,0,2,4,2,2,2,v1,86,0.8608837970540099,86,0.8608837970540099,93,0.8494271685761048,^TWII,yfinance,2y,2026-10-08,scan_20261009_174201,False,False
True,0,0.40833409627278644,0.30833371480305993,True,False,買入 (動能增強),39.900001525878906,2026-10-08 00:00:00,39.63250026702881,-0.004999923706051845,True,True,0.32468887847822964,False,0.0008091100598146851,38.196988728399546,0.0008277310735970996,0.0008517937660956286,-0.2362453356685834,-1.6182636954506724,-4.378798560731156,-0.2362453356685834,False,False,False,False,False,False,0.07582389310903097,False,-0.02205876784341043,中性,4116.TWO,明基醫,2,v1,phase6a,2026-07-12,0,2,3,2,2,2,v1,141,0.7708674304418985,141,0.7708674304418985,145,0.7643207855973814,^TWII,yfinance,2y,2026-10-08,scan_20261009_174201,False,False
True,0,110.83333333333331,118.33333333333333,True,False,觀望 (動能減弱),2465.0,2026-10-08 00:00:00,2428.5,-8.5,False,True,0.5776064190069297,False,0.049986371457895966,61.96722439400024,0.05107306006562637,0.05535528336565294,-0.2234693820599598,-1.1541094978206323,-5.412817751152765,-0.2234693820599598,False,False,False,False,False,False,0.04184945584935728,False,-0.22876552788210947,中性,3131.TWO,弘塑,0,v1,phase6a,2026-07-12,0,0,1,0,0,0,v1,423,0.309328968903437,423,0.309328968903437,424,0.3076923076923077,^TWII,yfinance,2y,2026-10-08,scan_20261009_174201,False,False
True,0,0.48333295186360675,0.7416661580403646,True,False,觀望 (動能減弱),35.099998474121094,2026-10-08 00:00:00,35.18250026702881,-0.06750011444091797,True,False,0.3784615865603354,False,0.000711773453103042,43.17044725091804,0.0007436680308114597,0.000799156435445966,-0.4494257052750861,-2.6725054046218166,-10.854174909358838,-0.4494257052750861,False,False,False,False,False,False,0.03415749310519714,False,-0.15625000573121606,中性,8222.TW,寶一,0,v1,phase6a,2026-07-12,0,0,0,0,0,0,v1,577,0.057283142389525366,577,0.057283142389525366,577,0.057283142389525366,^TWII,yfinance,2y,2026-10-08,scan_20261009_174201,False,False
True,1,0.07499980926513672,-0.02500025431315104,True,False,買入 (動能增強),17.600000381469727,2026-10-08 00:00:00,17.414999961853027,0.007499980926514382,False,True,0.8629778151477911,False,0.0003569006721003069,40.94027128439756,0.0003636355935207781,0.0003824272659680963,-0.19457931529761607,-2.1115557853545575,-5.368245431724105,-0.19457931529761607,False,False,False,False,False,False,0.11307030236056514,False,-0.053763439757573916,中性,4538.TWO,大詠城,2,v1,phase6a,2026-07-12,0,2,4,2,2,2,v1,149,0.7577741407528642,149,0.7577741407528642,153,0.7512274959083469,^TWII,yfinance,2y,2026-10-08,scan_20261009_174201,False,False
True,0,-0.0666669209798177,-1.2715657552175852e-06,True,False,賣出 (動能轉弱),91.5,2026-10-08 00:00:00,91.84000053405762,-0.040000152587879256,False,False,1.2821369865522594,False,0.001855477885759627,43.64927524091343,0.0019144361387398031,0.0019811357140808597,-0.3231279446227364,-2.0506415027565783,-4.531422539881602,-0.3231279446227364,False,False,False,False,False,False,0.045160595315364906,False,-0.021390374331550777,中性,7708.TWO,全家餐飲,0,v1,phase6a,2026-07-12,0,0,0,0,0,0,v1,560,0.0851063829787234,560,0.0851063829787234,560,0.0851063829787234,^TWII,yfinance,2y,2026-10-08,scan_20261009_174201,False,False
True,0,0.6666673024495442,0.5666669209798176,True,False,買入 (動能增強),63.20000076293945,2026-10-08 00:00:00,63.079999923706055,0.005000114440917969,False,True,0.5093824353309345,False,0.0012815978556898985,30.785003470798557,0.001316157086675804,0.0013664069700726137,-0.2756347813369864,-1.8000494411997359,-3.6770958840488976,-0.2756347813369864,False,False,False,False,False,False,0.053527145654909764,False,-0.027692295954777624,中性,2732.TWO,六角,2,v1,phase6a,2026-07-12,0,2,4,2,2,2,v1,122,0.8019639934533551,122,0.8019639934533551,129,0.79050736497545,^TWII,yfinance,2y,2026-10-08,scan_20261009_174201,False,False
True,1,-0.008333206176757812,-0.06666692097981769,True,False,觀察 (跌勢收斂),33.0,2026-10-08 00:00:00,32.8125,0.0,False,True,0.48618505175439874,False,0.0006691887456837999,29.032859751668664,0.0006853355935433551,0.0007200919349223186,-0.24739169739850242,-2.024911169581367,-5.295013729230225,-0.24739169739850242,False,False,False,False,False,False,0.0791247633343373,False,-0.0557940120278112,中性,7760.TW,享溫馨,1,v1,phase6a,2026-07-12,0,1,2,1,1,1,v1,290,0.5270049099836334,290,0.5270049099836334,291,0.5253682487725041,^TWII,yfinance,2y,2026-10-08,scan_20261009_174201,False,False
False,0,10.416666666666666,7.249999999999999,False,True,強烈買入 (爆發),174.0,2026-10-08 00:00:00,166.425,0.32500000000001705,False,True,1.0597134240470025,False,0.003528449749969127,136.86152220041998,0.003513193253549762,0.0037766805694076787,0.045732794070452165,-0.07315587455468675,-5.188715276904887,0.045732794070452165,True,False,False,False,False,True,0.3245078639662572,False,-0.22666666666666668,中性,3090.TW,日電貿,3,v1,phase6a,2026-07-12,0,3,5,3,3,3,v1,45,0.9279869067103109,45,0.9279869067103109,54,0.9132569558101473,^TWII,yfinance,2y,2026-10-08,scan_20261009_174201,False,False
True,1,0.3500010172526042,0.6666673024495442,True,False,觀望 (動能減弱),58.70000076293945,2026-10-08 00:00:00,59.57999973297119,0.030000114440916548,False,False,0.7914510867709726,False,0.0011903448449148348,37.85682011336075,0.001237856085594405,0.0012736255769750814,-0.4023940121588687,-1.9489369213250396,-2.004408117587131,-0.4023940121588687,False,False,False,False,False,False,0.04340661047384753,False,-0.03361231230371242,中性,8099.TWO,大世科,2,v1,phase6a,2026-07-12,0,2,3,2,2,2,v1,198,0.6775777414075287,198,0.6775777414075287,199,0.6759410801963993,^TWII,yfinance,2y,2026-10-08,scan_20261009_174201,False,True
True,0,0.016667048136393227,0.016667048136393227,True,False,觀望 (動能減弱),37.95000076293945,2026-10-08 00:00:00,37.98000030517578,-0.025000000000005684,False,False,0.5539814017068948,False,0.000769567073007597,27.93610059149066,0.0007931381846141138,0.0008420701094389865,-0.3118538569374829,-2.156531958415142,-5.798748894476413,-0.3118538569374829,False,False,False,False,False,False,0.05665956902146464,False,-0.06985290508369191,中性,9924.TW,福興,0,v1,phase6a,2026-07-12,0,0,0,0,0,0,v1,606,0.009819967266775777,606,0.009819967266775777,606,0.009819967266775777,^TWII,yfinance,2y,2026-10-08,scan_20261009_174201,False,False
True,1,0.1333335240681966,0.2000001271565755,True,False,觀望 (動能減弱),17.850000381469727,2026-10-08 00:00:00,18.23499984741211,-0.007499980926514382,False,False,1.0987843122420784,False,0.00036197028381003264,27.045244749950083,0.0003809087028598533,0.0003898402910562938,-0.5206336467075134,-1.9398401172136426,-4.9401096537813665,-0.5206336467075134,False,False,False,False,False,False,0.11275868294844413,False,-0.1228501205472432,中性,6804.TWO,明係,0,v1,phase6a,2026-07-12,0,0,0,0,0,0,v1,540,0.11783960720130933,540,0.11783960720130933,540,0.11783960720130933,^TWII,yfinance,2y,2026-10-08,scan_20261009_174201,False,False
True,1,0.11666647593180338,0.14999961853027344,True,False,觀望 (動能減弱),24.450000762939453,2026-10-08 00:00:00,24.535000038146972,0.007500076293943891,False,False,0.5231642235047763,False,0.0004958080406824062,36.274795935279315,0.0005118525072146091,0.0005358069990481091,-0.32887148321132376,-1.8757622809555174,-4.324849885715187,-0.32887148321132376,False,False,False,False,False,False,0.055039403725158025,False,-0.02945609425271778,中性,8049.TWO,晶采,0,v1,phase6a,2026-07-12,0,0,1,0,0,0,v1,569,0.07037643207855974,569,0.07037643207855974,569,0.07037643207855974,^TWII,yfinance,2y,2026-10-08,scan_20261009_174201,False,False
True,0,0.30833403269449866,0.14166736602783203,True,False,買入 (動能增強),33.0,2026-10-08 00:00:00,32.01249990463257,0.04750003814697479,False,True,0.2677591238921466,False,0.0006691887456837999,41.16151154408951,0.0006723762577910552,0.0007231100956422497,-0.049876871125009714,-2.093337097613923,-7.208109598655998,-0.049876871125009714,False,False,False,False,False,False,0.1517810495406443,False,-0.12,中性,6730.TWO,常廣,2,v1,phase6a,2026-07-12,0,2,4,2,2,2,v1,186,0.6972176759410802,186,0.6972176759410802,187,0.6955810147299509,^TWII,yfinance,2y,2026-10-08,scan_20261009_174201,False,False
True,0,-0.4999974568684896,-0.06666564941406253,True,False,賣出 (動能轉弱),93.30000305175781,2026-10-08 00:00:00,97.38999977111817,-0.11499977111816406,False,False,2.4819684657420167,True,0.0018919791519545611,70.11265590225872,0.0020283426037315585,0.0021631147039754715,-0.7027008903367715,-2.3482736897892487,-5.499799565063568,-0.7027008903367715,False,False,False,False,False,False,0.0,False,-0.12803735465646904,中性,6215.TW,和椿,1,v1,phase6a,2026-07-12,0,1,1,1,1,1,v1,271,0.55810147299509,271,0.55810147299509,272,0.5564648117839607,^TWII,yfinance,2y,2026-10-08,scan_20261009_174201,True,False
False,0,0.45833269755045575,-0.0666669209798177,False,True,強烈買入 (爆發),48.599998474121094,2026-10-08 00:00:00,45.877499961853026,0.09749984741210938,False,True,6.128578652559515,True,0.0009855324854282329,23.35241864417869,0.0009548811850276078,0.0009702855418255898,0.3390360562564032,-0.9575070802366414,-1.7431933218410522,0.3390360562564032,True,True,False,False,False,True,0.6407424207695572,False,0.0,偏強 (RS上升),8442.TW,威宏-KY,3,v1,phase6a,2026-07-12,0,3,5,3,3,3,v1,79,0.8723404255319149,79,0.8723404255319149,83,0.8657937806873978,^TWII,yfinance,2y,2026-10-08,scan_20261009_174201,False,False
True,0,-0.08244482676188152,0.058511098225911454,True,False,賣出 (動能轉弱),22.549999237060547,2026-10-08 00:00:00,22.98292655944824,0.004466819763184304,False,False,1.5717140798919154,True,0.00045727896074603615,32.86133308422602,0.00047801899986873493,0.0005004125795137289,-0.4546339409137623,-2.021633449285054,-3.2126053564608403,-0.4546339409137623,False,False,False,False,False,False,0.0,False,-0.055685034253170396,中性,1599.TWO,宏佳騰,0,v1,phase6a,2026-07-12,0,0,1,0,0,0,v1,336,0.45171849427168576,336,0.45171849427168576,339,0.44680851063829785,^TWII,yfinance,2y,2026-10-08,scan_20261009_174201,False,False
True,0,0.0666662851969401,-0.15000089009602863,True,False,買入 (動能增強),62.5,2026-10-08 00:00:00,62.28499984741211,-0.125,True,True,1.2235940408282908,False,0.0012674029274314393,30.62627380519289,0.001313198520266991,0.0014691830301346769,-0.36574497946683104,-2.6823287224250536,-11.26104126784293,-0.36574497946683104,False,False,False,False,False,False,0.06969398453909938,False,-0.1550764721802328,中性,6188.TWO,廣明,2,v1,phase6a,2026-07-12,0,2,3,2,2,2,v1,170,0.723404255319149,170,0.723404255319149,171,0.7217675941080196,^TWII,yfinance,2y,2026-10-08,scan_20261009_174201,False,False
True,0,0.008333206176757812,-0.05833371480305989,True,False,買入 (動能增強),38.900001525878906,2026-10-08 00:00:00,38.845000457763675,-0.02499999999999858,False,True,0.40575671555789383,False,0.000788831612975782,32.28964014569303,0.0008088477321893531,0.0008398885819514543,-0.2598122851653839,-1.9741335502072355,-4.1432612498711325,-0.2598122851653839,False,False,False,False,False,False,0.07333527838647055,False,-0.01269035483847858,中性,2748.TW,雲品,4,v1,phase6a,2026-07-12,0,4,5,4,4,4,v1,13,0.9803600654664485,13,0.9803600654664485,18,0.972176759410802,^TWII,yfinance,2y,2026-10-08,scan_20261009_174201,False,True
True,0,-3.75,-1.6666666666666665,True,False,賣出 (動能轉弱),111.5,2026-10-08 00:00:00,113.875,-0.025000000000005684,True,False,0.5723190211037532,False,0.0022610468225376878,64.3588288423504,0.00234795026114342,0.0022567306692008134,-0.3880929181752091,-2.47825037589261,-1.107289151318136,-0.3880929181752091,False,True,True,False,False,False,0.4771084235735728,False,-0.11857707509881421,中性,2615.TW,萬海,1,v1,phase6a,2026-07-12,0,1,1,1,1,1,v1,233,0.6202945990180033,233,0.6202945990180033,235,0.6170212765957447,^TWII,yfinance,2y,2026-10-08,scan_20261009_174201,True,False
True,0,0.16666650772094727,0.19166660308837888,True,False,觀望 (動能減弱),14.25,2026-10-08 00:00:00,14.112499952316284,0.019999980926513672,False,True,0.9360056974259844,False,0.00028896786745436816,44.105359797497584,0.0002944634269165355,0.00030220003628591137,-0.19606704333722247,-1.5748941172967434,-2.9994192962433996,-0.19606704333722247,False,False,False,False,False,False,0.11009770416527512,False,0.0,中性,6154.TWO,順發,0,v1,phase6a,2026-07-12,0,0,2,0,0,0,v1,498,0.18657937806873978,498,0.18657937806873978,499,0.18494271685761046,^TWII,yfinance,2y,2026-10-08,scan_20261009_174201,False,False
True,1,0.056666692097981766,0.06333343187967935,True,False,觀望 (動能減弱),4.449999809265137,2026-10-08 00:00:00,4.517999958992005,-0.005500006675720037,False,False,1.2903823707688995,False,9.023908456531169e-05,22.471709338031108,9.451144098900888e-05,0.00010046697669639924,-0.4735849013839388,-1.9075101435560016,-5.4834274117072095,-0.4735849013839388,False,False,False,False,False,False,0.0,False,-0.07484410349210358,中性,8933.TWO,愛地雅,0,v1,phase6a,2026-07-12,0,0,0,0,0,0,v1,597,0.024549918166939442,597,0.024549918166939442,597,0.024549918166939442,^TWII,yfinance,2y,2026-10-08,scan_20261009_174201,False,False
False,0,0.2666667302449544,0.10833342870076497,False,True,強烈買入 (爆發),12.699999809265137,2026-10-08 00:00:00,11.980000019073486,0.025000000000000355,False,True,2.3393931161470953,True,0.0002575362709862617,30.40863362598407,0.0002504819344437615,0.00025626874792673745,0.29733467065304886,-1.3932929169968689,-3.3195458965147084,0.29733467065304886,True,True,False,False,False,True,0.40248314676483465,False,-0.0592592733877676,偏強 (RS上升),5516.TWO,雙喜,3,v1,phase6a,2026-07-12,0,3,5,3,3,3,v1,61,0.9018003273322422,61,0.9018003273322422,68,0.8903436988543372,^TWII,yfinance,2y,2026-10-08,scan_20261009_174201,False,False
True,0,0.3166666030883789,0.18333307902018225,True,False,買入 (動能增強),18.200000762939453,2026-10-08 00:00:00,17.442500019073485,0.04000005722045685,False,True,1.3926634568636984,False,0.0003690677479392622,41.81570492437322,0.00036591130292061834,0.00037715176509489737,0.09088523383047331,-0.9001150530248525,-5.089526605364892,0.09088523383047331,True,False,False,False,False,True,0.18092722520096652,False,-0.021505355393904968,中性,3520.TWO,華盈,4,v1,phase6a,2026-07-12,0,4,6,4,4,4,v1,16,0.9754500818330606,16,0.9754500818330606,21,0.967266775777414,^TWII,yfinance,2y,2026-10-08,scan_20261009_174201,False,True
True,0,-0.3499984741210937,-0.31666437784830725,True,False,賣出 (動能轉弱),70.0999984741211,2026-10-08 00:00:00,70.54500007629395,-0.060000228881833095,True,False,0.46214605755462146,False,0.001421519092464648,56.541347269212764,0.0014717633134222383,0.001557029447290812,-0.3580689592363018,-2.3604383577044197,-5.752341946351535,-0.3580689592363018,False,False,False,False,False,False,0.03628074865206045,False,-0.08842656588855113,中性,8487.TW,愛爾達-創,0,v1,phase6a,2026-07-12,0,0,0,0,0,0,v1,588,0.03927986906710311,588,0.03927986906710311,588,0.03927986906710311,^TWII,yfinance,2y,2026-10-08,scan_20261009_174201,False,False
True,0,-0.1200000445048014,-0.10833342870076496,True,False,賣出 (動能轉弱),7.5,2026-10-08 00:00:00,7.3024999618530275,-0.004500007629394176,True,True,0.3834190434653413,False,0.0001520883512917727,29.207250419330876,0.00015245333993280726,0.00016371633996734318,-0.025194710195464154,-2.2107817465956137,-6.562206731758935,-0.025194710195464154,False,False,False,False,False,False,0.20541850009737456,False,-0.03474903237957516,中性,1213.TW,大飲,0,v1,phase6a,2026-07-12,0,0,1,0,0,0,v1,306,0.5008183306055647,306,0.5008183306055647,309,0.4959083469721768,^TWII,yfinance,2y,2026-10-08,scan_20261009_174201,False,False
True,0,-0.4583330154418945,-0.23333326975504556,True,False,賣出 (動能轉弱),15.350000381469727,2026-10-08 00:00:00,15.777500009536743,-0.04250001907348633,False,False,0.2080909462516494,False,0.00031127416671277504,51.7150687986491,0.00032409053254162833,0.0003266679712897592,-0.41454421702491473,-2.609605220710698,0.6641733795478055,-0.41454421702491473,False,False,False,False,False,False,0.06712371508809081,False,-0.05538459190955525,中性,2849.TW,安泰銀,0,v1,phase6a,2026-07-12,0,0,0,0,0,0,v1,400,0.3469721767594108,400,0.3469721767594108,402,0.3436988543371522,^TWII,yfinance,2y,2026-10-08,scan_20261009_174201,False,False
True,0,0.36666742960611975,0.4083334604899088,True,False,觀望 (動能減弱),33.900001525878906,2026-10-08 00:00:00,34.0,-0.017499923706054688,False,False,0.558725280799808,False,0.000687439378781267,30.59834755527053,0.0007148084332540198,0.0008039288457808822,-0.4014206085756866,-2.49580917600265,-8.25220880988673,-0.4014206085756866,False,False,False,False,False,False,0.03274043079539574,False,-0.23476293206075716,中性,6492.TWO,生華科,0,v1,phase6a,2026-07-12,0,0,0,0,0,0,v1,517,0.15548281505728315,517,0.15548281505728315,517,0.15548281505728315,^TWII,yfinance,2y,2026-10-08,scan_20261009_174201,False,False
True,0,-0.23333422342936194,-0.24166806538899738,True,False,觀察 (跌勢收斂),49.04999923706055,2026-10-08 00:00:00,49.15749969482422,-0.022500038146972656,True,False,0.6740853504401215,False,0.0009946578019769663,45.00939518223008,0.0010239744791713387,0.0010631964718119744,-0.30046586205390025,-1.9960498732517484,-4.449055894159127,-0.30046586205390025,False,False,False,False,False,False,0.04594965086984062,False,-0.015060241194579382,中性,9926.TW,新海,1,v1,phase6a,2026-07-12,0,1,1,1,1,1,v1,299,0.5122749590834698,299,0.5122749590834698,300,0.5106382978723404,^TWII,yfinance,2y,2026-10-08,scan_20261009_174201,False,False
True,1,0.275000254313151,0.18333307902018228,True,False,買入 (動能增強),50.29999923706055,2026-10-08 00:00:00,50.070000076293944,0.03249988555908345,False,True,1.1883209025646762,False,0.0010200058605255953,19.345415700480412,0.0010465401772392733,0.0010931861279294727,-0.2661772067835577,-1.821109494771811,-5.165412485576493,-0.2661772067835577,False,False,False,False,False,False,0.050320505581887144,False,-0.054511306095678225,中性,4557.TW,永新-KY,2,v1,phase6a,2026-07-12,0,2,4,2,2,2,v1,151,0.7545008183306056,151,0.7545008183306056,155,0.7479541734860884,^TWII,yfinance,2y,2026-10-08,scan_20261009_174201,False,False
True,0,3.8333333333333335,3.666666666666666,True,False,買入 (動能增強),362.0,2026-10-08 00:00:00,360.475,1.1000000000000227,False,True,1.1830801339610735,False,0.007340797755682896,94.80451723106901,0.007482943329128517,0.007616118563466188,-0.19955827533176818,-1.550574188832743,0.0959923331650625,-0.19955827533176818,False,False,False,False,False,False,0.22835199882435928,False,-0.028187919463087296,中性,6894.TWO,衛司特,4,v1,phase6a,2026-07-12,0,4,6,4,4,4,v1,20,0.9689034369885434,20,0.9689034369885434,24,0.9623567921440261,^TWII,yfinance,2y,2026-10-08,scan_20261009_174201,False,True
True,0,0.3916664123535156,0.23333295186360675,True,False,買入 (動能增強),36.54999923706055,2026-10-08 00:00:00,36.04749984741211,-0.005000114440917969,False,True,0.9477419567234708,False,0.0007411772164906786,58.32227960637007,0.0007528485699638355,0.0007609331064026013,-0.16292279250116337,-1.4020421115183312,-4.419450967531835,-0.16292279250116337,False,False,False,False,False,False,0.4216151541625988,False,-0.04319375635928491,中性,1608.TW,華榮,2,v1,phase6a,2026-07-12,0,2,3,2,2,2,v1,100,0.8379705400981997,100,0.8379705400981997,107,0.8265139116202946,^TWII,yfinance,2y,2026-10-08,scan_20261009_174201,False,False
True,0,0.29166682561238605,0.21666685740152994,True,False,買入 (動能增強),14.550000190734863,2026-10-08 00:00:00,14.307499980926513,0.020000028610228426,False,True,1.2838485665767656,False,0.0002950514053738458,38.779736647832365,0.0002980782277115526,0.00030609140282473546,-0.10677488307994087,-1.0800707414445943,-2.1391837713664597,-0.10677488307994087,False,False,False,False,False,False,0.16795334619894484,False,-0.01979512865172839,中性,1308.TW,亞聚,4,v1,phase6a,2026-07-12,0,4,6,4,4,4,v1,3,0.9967266775777414,3,0.9967266775777414,9,0.9869067103109657,^TWII,yfinance,2y,2026-10-08,scan_20261009_174201,False,True
True,0,-0.04166666666666667,0.25,True,False,賣出 (動能轉弱),40.79999923706055,2026-10-08 00:00:00,41.077499580383304,0.01000003814697692,False,False,0.9906214816268291,False,0.0008273606155560164,47.72227780590639,0.0008562014610736344,0.0008925672440817736,-0.35332245653239003,-1.9787185158521514,-3.8168265481752117,-0.35332245653239003,False,False,False,False,False,False,0.019333956968515816,False,-0.021582770009893504,中性,6697.TWO,東捷資訊,0,v1,phase6a,2026-07-12,0,0,1,0,0,0,v1,532,0.1309328968903437,532,0.1309328968903437,532,0.1309328968903437,^TWII,yfinance,2y,2026-10-08,scan_20261009_174201,False,False
True,0,-0.14999961853027344,-0.0666662851969401,True,False,賣出 (動能轉弱),52.400001525878906,2026-10-08 00:00:00,52.83500003814697,-0.04999999999999716,True,False,0.5546266022558858,False,0.001062590645300973,40.03479122457874,0.0011018735066009074,0.0011561527899111763,-0.37387035133132906,-2.2077445330468626,-5.259324520342201,-0.37387035133132906,False,False,False,False,False,False,0.028882274336003447,False,-0.042047517458516204,中性,2373.TW,震旦行,0,v1,phase6a,2026-07-12,0,0,0,0,0,0,v1,361,0.41080196399345337,361,0.41080196399345337,364,0.40589198036006546,^TWII,yfinance,2y,2026-10-08,scan_20261009_174201,False,False
True,0,-0.20833301544189453,-0.08333301544189453,True,False,賣出 (動能轉弱),22.399999618530273,2026-10-08 00:00:00,22.905000019073487,-0.04250001907348633,False,False,2.457935780841508,True,0.00045423720145581424,32.19728815469323,0.00047835013378940875,0.0005108693283226352,-0.5278155461935996,-2.607515924781223,-6.744959554963959,-0.5278155461935996,False,False,False,False,False,False,0.005845205911521984,False,-0.09311745236300406,中性,5223.TWO,安力-KY,0,v1,phase6a,2026-07-12,0,0,0,0,0,0,v1,470,0.23240589198036007,470,0.23240589198036007,471,0.23076923076923078,^TWII,yfinance,2y,2026-10-08,scan_20261009_174201,False,False
False,0,0.04166698455810547,-0.09999974568684894,False,True,強烈買入 (爆發),21.649999618530273,2026-10-08 00:00:00,21.24749975204468,0.01249999999999929,False,True,2.2166015175902505,True,0.000439028366326637,34.707552098696965,0.0004445752477866484,0.00047048240947980124,-0.13116259322564217,-1.7016007458312887,-5.62701012765352,-0.13116259322564217,False,False,False,False,False,False,0.11653140898116977,False,-0.06479481748238713,中性,3531.TWO,先益,3,v1,phase6a,2026-07-12,0,3,5,3,3,3,v1,52,0.9165302782324058,52,0.9165302782324058,61,0.9018003273322422,^TWII,yfinance,2y,2026-10-08,scan_20261009_174201,False,False
True,1,0.008332570393880231,0.1833329200744629,True,False,觀望 (動能減弱),15.949999809265137,2026-10-08 00:00:00,16.14749994277954,-0.01749997138977122,False,False,0.5080405061307636,False,0.00032344122321269653,46.287694645590676,0.0003397397045912251,0.00036724022091256544,-0.5024462782992289,-2.660332714442293,-9.423519754165866,-0.5024462782992289,False,False,False,False,False,False,0.022373876121791172,False,-0.3169165075507724,中性,6573.TW,虹揚-KY,0,v1,phase6a,2026-07-12,0,0,0,0,0,0,v1,520,0.15057283142389524,520,0.15057283142389524,520,0.15057283142389524,^TWII,yfinance,2y,2026-10-08,scan_20261009_174201,False,False
True,0,0.2416674296061198,0.3250001271565755,True,False,觀望 (動能減弱),39.400001525878906,2026-10-08 00:00:00,39.85,-0.034999847412109375,False,False,0.12100287050605216,False,0.0007989708363952335,47.28599747854081,0.0008321230969113192,0.0008734323413524961,-0.41762304234546077,-2.084512358858237,-5.108462803153002,-0.41762304234546077,False,False,False,False,False,False,0.0,False,-0.0551558559947235,中性,2945.TW,三商家購,0,v1,phase6a,2026-07-12,0,0,0,0,0,0,v1,410,0.33060556464811786,410,0.33060556464811786,411,0.32896890343698854,^TWII,yfinance,2y,2026-10-08,scan_20261009_174201,False,False
True,0,-0.19333314895629883,-0.17166646321614581,True,False,賣出 (動能轉弱),9.819999694824219,2026-10-08 00:00:00,9.917499923706055,-0.026500034332274325,True,False,0.0,False,0.0001991343417695369,27.880523188600666,0.00020626205775814435,0.0002171819799059127,-0.3624353409572789,-2.6840278940072126,-6.21757280382128,-0.3624353409572789,False,False,False,False,False,False,0.10392866905597185,False,-0.08651165629542146,中性,8488.TW,吉源-KY,0,v1,phase6a,2026-07-12,0,0,0,0,0,0,v1,589,0.03764320785597381,589,0.03764320785597381,589,0.03764320785597381,^TWII,yfinance,2y,2026-10-08,scan_20261009_174201,False,False
True,0,3.7499999999999996,4.0,True,False,觀望 (動能減弱),188.5,2026-10-08 00:00:00,186.55,0.125,False,True,0.5924429346432905,False,0.003822487229133221,41.96550733098865,0.003911564322704665,0.003998066832468103,-0.23913995397821797,-1.6826230987348478,-4.905973226357663,-0.23913995397821797,False,False,False,False,False,False,0.08379673931937863,False,-0.04556962025316458,中性,5288.TW,豐祥-KY,0,v1,phase6a,2026-07-12,0,0,2,0,0,0,v1,472,0.22913256955810146,472,0.22913256955810146,473,0.22749590834697217,^TWII,yfinance,2y,2026-10-08,scan_20261009_174201,False,False
False,0,-0.6833343505859375,-0.550000508626302,False,True,強烈賣出 (跌破),76.30000305175781,2026-10-08 00:00:00,77.02000045776367,-0.08499984741210653,False,False,0.22959827954355863,False,0.0015472455556932096,49.78875292792368,0.001604781894817612,0.001670237087012173,-0.3759816584974818,-2.315655099396541,-5.436388787458535,-0.3759816584974818,False,False,False,False,False,False,0.043272877330317865,False,-0.041457229718869226,中性,6464.TW,台數科,0,v1,phase6a,2026-07-12,0,0,0,0,0,0,v1,516,0.15711947626841244,516,0.15711947626841244,516,0.15711947626841244,^TWII,yfinance,2y,2026-10-08,scan_20261009_174201,False,False
True,0,1.3166656494140625,1.4333330790201824,True,False,觀望 (動能減弱),77.5,2026-10-08 00:00:00,78.0849998474121,-0.06500015258789915,True,False,1.0596163546517468,False,0.0015715796300149847,38.36396579235291,0.0016344209072931362,0.0017383143749338185,-0.403091229256336,-1.8340463679346386,-5.638131907144928,-0.403091229256336,False,False,False,False,False,False,0.0,False,-0.09988296266785568,中性,6411.TWO,晶焱,0,v1,phase6a,2026-07-12,0,0,0,0,0,0,v1,511,0.16530278232405893,511,0.16530278232405893,512,0.16366612111292964,^TWII,yfinance,2y,2026-10-08,scan_20261009_174201,False,False
True,0,0.10833422342936197,0.34166717529296875,True,False,觀望 (動能減弱),41.400001525878906,2026-10-08 00:00:00,42.00249977111817,-0.05249996185302308,False,False,0.6620574832221723,False,0.0008395277300730396,58.21219840613278,0.0008759933570115167,0.0008997713688201887,-0.4362750759796197,-2.2355978505424257,-4.980227786435931,-0.4362750759796197,False,False,False,False,False,False,0.02632222124555826,False,-0.06756756524549723,中性,2618.TW,長榮航,0,v1,phase6a,2026-07-12,0,0,0,0,0,0,v1,389,0.3649754500818331,389,0.3649754500818331,391,0.3617021276595745,^TWII,yfinance,2y,2026-10-08,scan_20261009_174201,False,False
True,0,-17.833333333333332,-12.666666666666664,True,False,賣出 (動能轉弱),531.0,2026-10-08 00:00:00,548.75,-3.5499999999999545,True,False,0.41205551933651885,False,0.010767855271457507,141.33132549498987,0.011523882520822214,0.01242618661213488,-0.6858453080426985,-3.4819084123444144,-12.758688691401865,-0.6858453080426985,False,False,False,False,False,False,0.1942667990731986,False,-0.21832552698468888,中性,6584.TWO,南俊國際,1,v1,phase6a,2026-07-12,0,1,1,1,1,1,v1,279,0.5450081833060556,279,0.5450081833060556,280,0.5433715220949263,^TWII,yfinance,2y,2026-10-08,scan_20261009_174201,True,False
True,0,-0.12166690826416016,-0.0883334477742513,True,False,賣出 (動能轉弱),8.069999694824219,2026-10-08 00:00:00,8.165500116348266,-0.004500007629395952,False,False,0.9861590025990067,False,0.00016364705980145657,31.44702816308896,0.00017030505428351149,0.0001826162919577089,-0.4098347142451608,-2.6528481415636795,-6.3863039799252,-0.4098347142451608,False,False,False,False,False,False,0.05042046451571948,False,-0.07027656554203421,中性,4414.TW,如興,0,v1,phase6a,2026-07-12,0,0,0,0,0,0,v1,452,0.2618657937806874,452,0.2618657937806874,453,0.2602291325695581,^TWII,yfinance,2y,2026-10-08,scan_20261009_174201,False,False
True,0,3.0,3.083333333333333,True,False,觀望 (動能減弱),129.5,2026-10-08 00:00:00,128.8,-0.04999999999998295,True,True,1.362698600244431,False,0.002626058865637942,61.46769490663029,0.0027418643328495935,0.002889962641771912,-0.4426219489242378,-2.313158061743237,-13.215986630448107,-0.4426219489242378,False,False,False,False,False,False,0.026849810823149325,False,-0.21987951807228912,中性,6913.TWO,鴻呈,0,v1,phase6a,2026-07-12,0,0,1,0,0,0,v1,550,0.10147299509001637,550,0.10147299509001637,550,0.10147299509001637,^TWII,yfinance,2y,2026-10-08,scan_20261009_174201,False,False
True,0,0.15000025431315106,0.266667366027832,True,False,觀望 (動能減弱),30.549999237060547,2026-10-08 00:00:00,30.695000076293944,-0.010000038146973367,True,False,0.7015841556904359,False,0.0006195065354572604,47.88767917408375,0.0006409196922271505,0.0006609726250835423,-0.35045221399784277,-1.8083656879393395,-4.483549818438237,-0.35045221399784277,False,False,False,False,False,False,0.03669836521290564,False,-0.028616899969664322,中性,2008.TW,高興昌,0,v1,phase6a,2026-07-12,0,0,0,0,0,0,v1,346,0.4353518821603928,346,0.4353518821603928,349,0.43044189852700493,^TWII,yfinance,2y,2026-10-08,scan_20261009_174201,False,False
True,0,0.03333314259847005,-3.1789143880092685e-07,True,False,買入 (動能增強),21.350000381469727,2026-10-08 00:00:00,21.285000133514405,-0.0024999618530259227,True,True,0.6204461835321173,False,0.0004329448477461932,47.541082079801384,0.00044398633043814424,0.0004579811864445936,-0.2610951393472005,-1.9265544447561567,-4.647197922374868,-0.2610951393472005,False,False,False,False,False,False,0.07154276402889563,False,-0.013856777937482079,中性,9905.TW,大華,2,v1,phase6a,2026-07-12,0,2,3,2,2,2,v1,205,0.6661211129296236,205,0.6661211129296236,206,0.6644844517184942,^TWII,yfinance,2y,2026-10-08,scan_20261009_174201,False,False
True,0,0.023333311080932617,0.0366666316986084,True,False,觀望 (動能減弱),5.139999866485596,2026-10-08 00:00:00,5.191999912261963,-0.004500007629394176,False,False,0.6681214967764805,False,0.00010423121404449682,21.622135583119316,0.00010825603915338175,0.00011479720127723088,-0.3898297305033549,-2.1717202913664524,-4.55600139926946,-0.3898297305033549,False,False,False,False,False,False,0.0561684772507331,False,-0.03745323602760009,中性,1340.TW,勝悅-KY,0,v1,phase6a,2026-07-12,0,0,0,0,0,0,v1,315,0.486088379705401,315,0.486088379705401,318,0.48117839607201307,^TWII,yfinance,2y,2026-10-08,scan_20261009_174201,False,False
True,0,-0.9999999999999998,0.5833333333333335,True,False,賣出 (動能轉弱),228.5,2026-10-08 00:00:00,233.85,-0.3499999999999943,True,False,0.31766562026730155,False,0.004633625102689342,105.3388779582405,0.004827789918381691,0.004825872320927846,-0.4215643386136003,-1.7984662290216114,-0.2547716509385234,-0.4215643386136003,False,False,True,False,False,False,0.45804100569972417,False,-0.0748987854251012,中性,4576.TW,大銀微系統,0,v1,phase6a,2026-07-12,0,0,0,0,0,0,v1,461,0.24713584288052373,461,0.24713584288052373,462,0.24549918166939444,^TWII,yfinance,2y,2026-10-08,scan_20261009_174201,False,False
True,2,-0.3416665395100912,-0.3749993642171224,True,False,觀察 (跌勢收斂),34.29999923706055,2026-10-08 00:00:00,34.68499965667725,-0.010000038146969814,True,False,0.6970531735395883,False,0.0006955507111031467,75.77656387279669,0.0007183998156694869,0.0007300803425565852,-0.3336781727655169,-2.137574790784824,-2.4344749727786996,-0.3336781727655169,False,False,False,False,False,False,0.18406824934450858,False,-0.0937912649980095,中性,6418.TWO,詠昇,2,v1,phase6a,2026-07-12,0,2,2,2,2,2,v1,177,0.7119476268412439,177,0.7119476268412439,178,0.7103109656301145,^TWII,yfinance,2y,2026-10-08,scan_20261009_174201,True,False
True,0,-0.09999990463256836,-0.14999993642171225,True,False,觀察 (跌勢收斂),10.5,2026-10-08 00:00:00,10.472499990463257,-0.01249999999999929,True,True,0.447299729218635,False,0.0002129236918084818,32.20401893125743,0.00021923877797353403,0.00023837724053430093,-0.30228979525424027,-2.723580805034287,-8.579765499449287,-0.30228979525424027,False,False,False,False,False,False,0.07988093228465881,False,-0.16666669189614514,中性,6109.TWO,亞元,1,v1,phase6a,2026-07-12,0,1,2,1,1,1,v1,267,0.5646481178396072,267,0.5646481178396072,269,0.5613747954173486,^TWII,yfinance,2y,2026-10-08,scan_20261009_174201,False,False
True,0,6.166666666666666,5.249999999999999,True,False,買入 (動能增強),168.0,2026-10-08 00:00:00,165.35,0.0,False,True,0.7646628742621752,False,0.0034067790689357087,87.28546381041873,0.0034497210281747978,0.003409007204128932,-0.1308595992272954,-0.348849492724812,-0.7250253110518856,-0.1308595992272954,False,False,True,False,False,False,0.5087061706126977,False,-0.06406685236768805,中性,2421.TW,建準,2,v1,phase6a,2026-07-12,0,2,3,2,2,2,v1,115,0.8134206219312602,115,0.8134206219312602,122,0.8019639934533551,^TWII,yfinance,2y,2026-10-08,scan_20261009_174201,False,False
True,1,0.16666666666666669,0.41666666666666663,True,False,觀望 (動能減弱),108.0,2026-10-08 00:00:00,108.125,0.025000000000005684,False,False,0.5030094109916988,False,0.002190072258601527,42.50685432511776,0.0022566390757639077,0.002367010567349838,-0.309546326927701,-2.000961712588578,-4.567609419067498,-0.309546326927701,False,False,False,False,False,False,0.03176629201321418,False,-0.060869565217391286,中性,3679.TW,新至陞,0,v1,phase6a,2026-07-12,0,0,1,0,0,0,v1,440,0.281505728314239,440,0.281505728314239,441,0.27986906710310966,^TWII,yfinance,2y,2026-10-08,scan_20261009_174201,False,False
True,0,0.5833333333333333,0.5416666666666666,True,False,買入 (動能增強),39.599998474121094,2026-10-08 00:00:00,39.40499992370606,-0.04999999999999716,False,True,0.382568544137614,False,0.0008030264638781056,42.77684001368352,0.0008238711203340256,0.0008558447114123305,-0.26561754595727516,-1.904982615405193,-5.355493038355741,-0.26561754595727516,False,False,False,False,False,False,0.0940474388497301,False,-0.08333338484351926,中性,2009.TW,第一銅,5,v1,phase6a,2026-07-12,0,5,6,5,5,5,v1,1,1.0,1,1.0,1,1.0,^TWII,yfinance,2y,2026-10-08,scan_20261009_174201,True,True
False,0,0.4416666030883789,0.14999993642171222,False,True,強烈買入 (爆發),33.25,2026-10-08 00:00:00,31.467500114440917,0.08749999999999858,False,True,6.605496865133401,True,0.0006742583573935256,38.503599000873415,0.0006590990760192743,0.0006891993049389625,0.2426928774253767,-1.4024530328913154,-4.75402481858771,0.2426928774253767,True,False,False,False,False,True,0.27323536489649836,False,0.0,中性,1752.TW,南光,3,v1,phase6a,2026-07-12,0,3,5,3,3,3,v1,28,0.955810147299509,28,0.955810147299509,42,0.9328968903436988,^TWII,yfinance,2y,2026-10-08,scan_20261009_174201,False,False
False,0,8.166666666666666,5.666666666666666,False,True,強烈買入 (爆發),130.5,2026-10-08 00:00:00,121.4,0.375,False,True,1.806797720941437,True,0.002646337312476845,94.47229875145135,0.0025759250778662345,0.0027817213931904923,0.2885643720161424,0.18709185738001732,-6.617008545813629,0.2885643720161424,True,False,False,False,False,True,0.16068740596506306,False,-0.224820891976673,偏強 (RS上升),2375.TW,凱美,3,v1,phase6a,2026-07-12,1,4,5,4,3,4,v1,33,0.9476268412438625,33,0.9476268412438625,29,0.9541734860883797,^TWII,yfinance,2y,2026-10-08,scan_20261009_174201,False,False
True,0,0.016666412353515618,-0.05833371480305989,True,False,買入 (動能增強),18.700000762939453,2026-10-08 00:00:00,18.50999984741211,-0.0024999618530259227,True,True,0.5073356916216019,False,0.0003792069713587138,42.79397357752418,0.00038782836461436176,0.00041974462881219675,-0.23345287300375883,-2.201780545045451,-7.817009824482346,-0.23345287300375883,False,False,False,False,False,False,0.1172906992480131,False,-0.09443093906117994,中性,1616.TW,億泰,2,v1,phase6a,2026-07-12,0,2,3,2,2,2,v1,102,0.8346972176759411,102,0.8346972176759411,109,0.823240589198036,^TWII,yfinance,2y,2026-10-08,scan_20261009_174201,False,False
True,1,0.03333346048990885,0.03333346048990885,True,False,觀望 (動能減弱),15.0,2026-10-08 00:00:00,14.987499952316284,-0.0025000095367424535,True,True,0.609149713032523,False,0.0003041767025835454,40.51094584556799,0.0003127562139945215,0.0003274256543895672,-0.28792591369264375,-1.9915285007991668,-4.738382750528425,-0.28792591369264375,False,False,False,False,False,False,0.045238149466302426,False,-0.019607855359147774,中性,1432.TW,大魯閣,0,v1,phase6a,2026-07-12,0,0,1,0,0,0,v1,319,0.4795417348608838,319,0.4795417348608838,322,0.4746317512274959,^TWII,yfinance,2y,2026-10-08,scan_20261009_174201,False,False
True,0,-0.17500050862630206,-0.8166669209798177,True,False,觀察 (跌勢收斂),37.900001525878906,2026-10-08 00:00:00,35.910000038146975,0.0625,False,True,3.7087442870907896,True,0.000768553166136879,96.54475475334164,0.000750964175600365,0.0007729482116340638,0.24715542545949987,-1.4483037198039561,-6.556731738435994,0.24715542545949987,True,False,False,False,False,True,0.25953935362371694,False,-0.07560971888100232,中性,3685.TWO,元創精密,1,v1,phase6a,2026-07-12,0,1,3,1,1,1,v1,246,0.5990180032733224,246,0.5990180032733224,248,0.5957446808510638,^TWII,yfinance,2y,2026-10-08,scan_20261009_174201,False,False
True,0,3.0,3.0,True,False,觀望 (動能減弱),131.0,2026-10-08 00:00:00,129.6,0.0,False,True,0.5287099606419192,False,0.0026564765358962966,20.229519731909583,0.002741991584240743,0.003056621045352103,-0.32721215523392466,-2.4416121617231945,-10.678883001247586,-0.32721215523392466,False,False,False,False,False,False,0.07433395209436591,False,-0.1652761271964669,中性,2072.TW,世紀風電,0,v1,phase6a,2026-07-12,0,0,1,0,0,0,v1,349,0.43044189852700493,349,0.43044189852700493,352,0.425531914893617,^TWII,yfinance,2y,2026-10-08,scan_20261009_174201,False,False
True,0,-0.49999872843424475,-0.4833323160807292,True,False,賣出 (動能轉弱),65.9000015258789,2026-10-08 00:00:00,66.1,-0.07999992370605469,True,False,0.1833357947861337,False,0.0013363496776261639,66.59699963155524,0.0013758234955277295,0.0014258626228170546,-0.3011016709491443,-2.1117046073051426,-4.798005480556123,-0.3011016709491443,False,False,False,False,False,False,0.058544902832134815,False,-0.03513911301087613,中性,1419.TW,新紡,0,v1,phase6a,2026-07-12,0,0,0,0,0,0,v1,317,0.4828150572831424,317,0.4828150572831424,320,0.4779050736497545,^TWII,yfinance,2y,2026-10-08,scan_20261009_174201,False,False
False,0,0.22500101725260413,0.32500076293945307,False,True,強烈買入 (爆發),40.0,2026-10-08 00:00:00,40.1,0.004999923706058951,False,False,0.2041428234228372,False,0.0008111378735561211,39.90293262330177,0.00083936026318228,0.0008962305705791321,-0.35268531143355375,-2.272065694598968,-6.365320837234356,-0.35268531143355375,False,False,False,False,False,False,0.038400798300743076,False,-0.07192572120350427,中性,6184.TW,大豐電,3,v1,phase6a,2026-07-12,0,3,4,3,3,3,v1,66,0.8936170212765957,66,0.8936170212765957,73,0.8821603927986906,^TWII,yfinance,2y,2026-10-08,scan_20261009_174201,False,False
True,0,0.3499972025553385,0.2166633605957031,True,False,買入 (動能增強),73.5,2026-10-08 00:00:00,72.82999992370605,0.0,False,True,1.1838192011392468,False,0.0014904658426593725,53.27282095367735,0.00151712445555445,0.0015830852832215052,-0.18462485929676697,-1.8617200410267376,-3.8826127721468873,-0.18462485929676697,False,False,False,False,False,False,0.10209939592464272,False,-0.03289473684210531,中性,3546.TWO,宇峻,2,v1,phase6a,2026-07-12,0,2,3,2,2,2,v1,135,0.7806873977086743,135,0.7806873977086743,140,0.7725040916530278,^TWII,yfinance,2y,2026-10-08,scan_20261009_174201,False,False
True,2,-6.357828776087926e-07,0.09999910990397134,True,False,賣出 (動能轉弱),54.79999923706055,2026-10-08 00:00:00,54.939999961853026,-0.014999961853028765,False,False,0.2024896097518996,False,0.0011112588713006587,40.974975483306395,0.0011455781614878983,0.0012104232108218996,-0.31435659931210447,-1.9791823745433978,-4.390037713710893,-0.31435659931210447,False,False,False,False,False,False,0.03784800272250057,False,-0.038906723348603456,中性,2496.TW,卓越,0,v1,phase6a,2026-07-12,0,0,0,0,0,0,v1,378,0.3829787234042553,378,0.3829787234042553,380,0.37970540098199673,^TWII,yfinance,2y,2026-10-08,scan_20261009_174201,False,False
True,0,-0.28333330154418945,-0.2583332061767578,True,False,賣出 (動能轉弱),15.199999809265137,2026-10-08 00:00:00,15.472499990463257,-0.022499990463256125,False,False,0.711575696289851,False,0.00030823238808351923,31.733808217483976,0.0003222170941819997,0.00033878934796474647,-0.4547802241701371,-2.5732659668366686,-6.105118240306506,-0.4547802241701371,False,False,False,False,False,False,0.04346666460897078,False,-0.058823518990992474,中性,4432.TWO,銘旺實,0,v1,phase6a,2026-07-12,0,0,0,0,0,0,v1,453,0.2602291325695581,453,0.2602291325695581,454,0.25859247135842883,^TWII,yfinance,2y,2026-10-08,scan_20261009_174201,False,False
True,1,0.4166666666666667,0.349999745686849,True,False,買入 (動能增強),59.900001525878906,2026-10-08 00:00:00,59.83499984741211,-0.025000000000005684,False,True,1.3227409319010563,False,0.0012146789965927457,43.01357997136728,0.0012499578688175896,0.0013191246666341696,-0.2962152120329131,-1.9285051038785639,-5.05589720933286,-0.2962152120329131,False,False,False,False,False,False,0.04644655301783124,False,-0.04381040532825875,中性,6203.TWO,海韻電,2,v1,phase6a,2026-07-12,0,2,3,2,2,2,v1,171,0.7217675941080196,171,0.7217675941080196,172,0.7201309328968903,^TWII,yfinance,2y,2026-10-08,scan_20261009_174201,False,False
True,0,-0.5916665395100912,-0.41666666666666663,True,False,賣出 (動能轉弱),49.650001525878906,2026-10-08 00:00:00,49.10000057220459,0.04500007629394531,False,True,0.8468001506949571,False,0.0010068249164939896,63.64164461148907,0.0010113727556969533,0.0009944838644517738,-0.047311283092354994,-1.103263835840984,3.7612956291904753,-0.047311283092354994,False,True,True,False,False,False,0.4355552354643991,False,-0.006005990640207015,中性,5876.TW,上海商銀,0,v1,phase6a,2026-07-12,0,0,2,0,0,0,v1,487,0.20458265139116202,487,0.20458265139116202,488,0.20294599018003273,^TWII,yfinance,2y,2026-10-08,scan_20261009_174201,False,False
True,0,0.3333333333333333,0.21666717529296872,True,False,買入 (動能增強),66.69999694824219,2026-10-08 00:00:00,67.5099998474121,-0.06500015258789915,False,False,1.3685914488504511,False,0.0013525723422699234,23.54504973986623,0.001409890773562881,0.0014876154014502494,-0.42611876318560116,-1.8585509622719099,-5.421815817823861,-0.42611876318560116,False,False,False,False,False,False,0.04606196236843983,False,-0.08630141166791527,中性,6997.TWO,博弘,2,v1,phase6a,2026-07-12,0,2,2,2,2,2,v1,194,0.6841243862520459,194,0.6841243862520459,195,0.6824877250409165,^TWII,yfinance,2y,2026-10-08,scan_20261009_174201,False,False
True,0,-1.0999997456868489,-0.08333333333333331,True,False,賣出 (動能轉弱),78.9000015258789,2026-10-08 00:00:00,82.08999977111816,-0.15000000000000568,True,False,0.43441288555501134,False,0.0015999694865319032,21.332613080172084,0.0016923700986916737,0.0017190853159143656,-0.5714353062713173,-2.37618257823784,0.22542476874938266,-0.5714353062713173,False,False,False,False,False,False,0.13332025952157045,False,-0.08786125403608203,中性,6906.TW,現觀科,0,v1,phase6a,2026-07-12,0,0,0,0,0,0,v1,549,0.10310965630114566,549,0.10310965630114566,549,0.10310965630114566,^TWII,yfinance,2y,2026-10-08,scan_20261009_174201,False,False
True,1,-0.43333307902018214,-0.7166659037272136,True,False,觀察 (跌勢收斂),96.5,2026-10-08 00:00:00,98.025,-0.08499984741210653,False,False,0.4151093244034339,False,0.001956870119954142,18.709855418065672,0.0020401876517485724,0.0021623112696197225,-0.4280354626391536,-1.9711691702819167,-4.4530096625379105,-0.4280354626391536,False,False,False,False,False,False,0.3724057614753422,False,-0.10232558139534886,中性,7842.TWO,天能綠電,1,v1,phase6a,2026-07-12,0,1,1,1,1,1,v1,292,0.5237315875613748,292,0.5237315875613748,293,0.5220949263502455,^TWII,yfinance,2y,2026-10-08,scan_20261009_174201,False,False
True,0,0.1833343505859375,0.46666717529296875,True,False,觀望 (動能減弱),99.30000305175781,2026-10-08 00:00:00,99.99499969482422,0.0,False,False,1.7041134190144116,True,0.002013649832987979,54.85787230468627,0.0020889215537384306,0.002212544838471689,-0.3778695817560518,-1.7562044374509478,-4.871762299120041,-0.3778695817560518,False,False,False,False,False,False,0.027865754524000443,False,-0.067605605147814,中性,6791.TWO,虎門科技,0,v1,phase6a,2026-07-12,0,0,0,0,0,0,v1,539,0.11947626841243862,539,0.11947626841243862,539,0.11947626841243862,^TWII,yfinance,2y,2026-10-08,scan_20261009_174201,False,False
True,0,0.35000038146972656,0.07500012715657552,True,False,買入 (動能增強),35.349998474121094,2026-10-08 00:00:00,33.94250011444092,0.017499923706054688,False,True,5.35199487553592,True,0.0007168430648127678,38.26192486136864,0.0007131065389125099,0.0007517367335134107,0.05518608390591151,-2.0090786985173414,-7.702751295464926,0.05518608390591151,True,False,False,False,False,True,0.27401935544280476,False,-0.05984042796035227,中性,1762.TW,中化生,2,v1,phase6a,2026-07-12,0,2,4,2,2,2,v1,107,0.8265139116202946,107,0.8265139116202946,114,0.8150572831423896,^TWII,yfinance,2y,2026-10-08,scan_20261009_174201,False,False
True,0,0.8000005086263021,1.0333328247070312,True,False,觀望 (動能減弱),91.4000015258789,2026-10-08 00:00:00,91.26500015258789,0.03500022888182741,False,True,1.2778781828676324,False,0.001853450072018191,26.159786946936656,0.00191097970710029,0.0020482122418479286,-0.3158914476772856,-2.0409560145188577,-5.653699429490045,-0.3158914476772856,False,False,False,False,False,False,0.04373572458487466,False,-0.12952379499162947,中性,6569.TWO,醫揚,0,v1,phase6a,2026-07-12,0,0,2,0,0,0,v1,519,0.15220949263502456,519,0.15220949263502456,519,0.15220949263502456,^TWII,yfinance,2y,2026-10-08,scan_20261009_174201,False,False
True,1,-0.41666666666666663,-0.3333333333333333,True,False,賣出 (動能轉弱),127.5,2026-10-08 00:00:00,127.875,-0.025000000000005684,True,False,2.9524853868529286,True,0.002585501971960136,46.78329913285507,0.002668761865027627,0.002799098028526055,-0.32732451747619074,-2.0801317900294714,-5.317992583608266,-0.32732451747619074,False,False,False,False,False,False,0.0514079253599216,False,-0.026717557251908386,中性,1788.TWO,杏昌,0,v1,phase6a,2026-07-12,0,0,0,0,0,0,v1,340,0.4451718494271686,340,0.4451718494271686,343,0.4402618657937807,^TWII,yfinance,2y,2026-10-08,scan_20261009_174201,False,False
True,0,2.683335622151693,2.1333351135253906,True,False,買入 (動能增強),94.5999984741211,2026-10-08 00:00:00,90.43499946594238,0.9649997711181584,False,True,0.34462506081655014,False,0.0019183410400177721,162.61408000665142,0.001845502781613297,0.0017390435900882495,0.4171855801320845,1.1344821587636833,18.381873582792508,0.4171855801320845,True,True,True,False,False,True,0.8164695012423598,False,0.0,偏強 (RS上升),5464.TWO,霖宏,2,v1,phase6a,2026-07-12,2,4,4,4,2,4,v1,163,0.734860883797054,163,0.734860883797054,37,0.9410801963993454,^TWII,yfinance,2y,2026-10-08,scan_20261009_174201,False,False
True,0,0.28333155314127606,0.08333206176757812,True,False,買入 (動能增強),97.5,2026-10-08 00:00:00,96.74999961853027,-0.054999923706063214,True,True,3.1138281446079845,True,0.0019771485667930454,22.91877843225748,0.002018137565422491,0.002101886871648491,-0.21333663368574562,-1.7981370520855244,-4.796401579932496,-0.21333663368574562,False,False,False,False,False,False,0.13512617632768884,False,-0.02985074626865669,中性,1565.TWO,精華,4,v1,phase6a,2026-07-12,0,4,5,4,4,4,v1,9,0.9869067103109657,9,0.9869067103109657,14,0.9787234042553191,^TWII,yfinance,2y,2026-10-08,scan_20261009_174201,False,True
True,0,0.17499987284342444,0.24166647593180338,True,False,觀望 (動能減弱),21.600000381469727,2026-10-08 00:00:00,21.56500005722046,0.011296272277832031,False,True,0.17936265373354057,False,0.000438014459455919,17.911946589440085,0.00044732558424723587,0.0004604970585930935,-0.21862724326289218,-1.3642816462454466,-0.5663108197431765,-0.21862724326289218,False,False,False,False,False,False,0.07541302058692341,False,-0.035714252262698754,中性,1438.TW,三地開發,2,v1,phase6a,2026-07-12,0,2,4,2,2,2,v1,90,0.8543371522094927,90,0.8543371522094927,97,0.8428805237315876,^TWII,yfinance,2y,2026-10-08,scan_20261009_174201,False,True
True,0,-0.10833374659220377,-0.08333365122477213,True,False,賣出 (動能轉弱),13.149999618530273,2026-10-08 00:00:00,13.255000019073487,-0.01000003814697159,True,False,1.298755145528901,False,0.00026666156819596127,30.034771516771603,0.0002763227308026992,0.00029100439147733783,-0.366685513180931,-2.351652956975192,-5.55476698813785,-0.366685513180931,False,False,False,False,False,False,0.03942304824142466,False,-0.03261750953822917,中性,2616.TW,山隆,0,v1,phase6a,2026-07-12,0,0,0,0,0,0,v1,388,0.36661211129296234,388,0.36661211129296234,390,0.36333878887070375,^TWII,yfinance,2y,2026-10-08,scan_20261009_174201,False,False
True,0,0.0666666030883789,0.10833326975504556,True,False,觀望 (動能減弱),20.149999618530273,2026-10-08 00:00:00,20.250000190734863,-0.022500038146972656,False,False,0.5670590682052695,False,0.00040861069606828245,48.38774238086718,0.00042311617371486884,0.000443082311214325,-0.35957077973252094,-2.1757286706035606,-5.686151505563619,-0.35957077973252094,False,False,False,False,False,False,0.03699902929356392,False,-0.10840711157457616,中性,2610.TW,華航,0,v1,phase6a,2026-07-12,0,0,0,0,0,0,v1,386,0.3698854337152209,386,0.3698854337152209,388,0.36661211129296234,^TWII,yfinance,2y,2026-10-08,scan_20261009_174201,False,False
True,0,-0.550000508626302,-0.7833328247070312,True,False,觀察 (跌勢收斂),74.0,2026-10-08 00:00:00,74.84000015258789,-0.07500000000000284,False,False,0.33337365679663494,False,0.001500605066078824,35.35558622664044,0.001558286202828227,0.001662279052453101,-0.38812720539442847,-2.415157575032667,-5.141374027452084,-0.38812720539442847,False,False,False,False,False,False,0.03791739974494854,False,-0.09202453987730064,中性,2228.TW,劍麟,1,v1,phase6a,2026-07-12,0,1,1,1,1,1,v1,222,0.6382978723404256,222,0.6382978723404256,224,0.6350245499181669,^TWII,yfinance,2y,2026-10-08,scan_20261009_174201,False,False
False,0,-0.1499997774759928,-0.11666631698608396,False,True,強烈賣出 (跌破),13.149999618530273,2026-10-08 00:00:00,13.339999961853028,-0.017500019073485973,False,False,1.1667877410868182,False,0.00026666156819596127,36.61107052833264,0.0002781304941234271,0.0002940796470150459,-0.43218482393269086,-2.3823843039166848,-5.877447266040081,-0.43218482393269086,False,False,False,False,False,False,0.014086881169862522,False,-0.05395683601315826,中性,1109.TW,信大,0,v1,phase6a,2026-07-12,0,0,0,0,0,0,v1,304,0.5040916530278232,304,0.5040916530278232,307,0.49918166939443537,^TWII,yfinance,2y,2026-10-08,scan_20261009_174201,False,False
True,0,-4.5,-3.5,True,False,賣出 (動能轉弱),269.5,2026-10-08 00:00:00,272.85,-0.5499999999999545,True,False,1.0497690403962616,False,0.005465041423084366,129.4324118542809,0.005653149022909206,0.005725224589155686,-0.34903887042441184,-2.481917108825793,-3.808791140745982,-0.34903887042441184,False,False,False,False,False,False,0.5108646920985895,False,-0.04262877442273538,中性,4967.TW,十銓,0,v1,phase6a,2026-07-12,0,0,0,0,0,0,v1,469,0.23404255319148937,469,0.23404255319148937,470,0.23240589198036007,^TWII,yfinance,2y,2026-10-08,scan_20261009_174201,False,False
True,0,0.45833301544189453,0.37499968210856116,True,False,買入 (動能增強),29.5,2026-10-08 00:00:00,29.579999923706055,-0.03249998092651296,False,False,1.0303436195971356,False,0.0005982141817476393,27.778084686353274,0.0006186788961271515,0.0006670656743599252,-0.3469822311723103,-1.876867321650011,-5.593258024294467,-0.3469822311723103,False,False,False,False,False,False,0.02605001052716334,False,-0.10197864930679346,中性,1796.TWO,金穎生技,2,v1,phase6a,2026-07-12,0,2,2,2,2,2,v1,108,0.8248772504091653,108,0.8248772504091653,115,0.8134206219312602,^TWII,yfinance,2y,2026-10-08,scan_20261009_174201,False,False
True,0,-0.17499987284342447,-0.14999993642171222,True,False,賣出 (動能轉弱),17.450000762939453,2026-10-08 00:00:00,17.525,-0.007499980926514382,True,False,1.3937848704278128,False,0.000353858912810085,34.089474001177216,0.00036489832472264103,0.0003811564934934319,-0.3174458260274071,-2.245640435899099,-4.853905046823281,-0.3174458260274071,False,False,False,False,False,False,0.12621304571873818,False,-0.046448005986782004,中性,4440.TW,宜新實業,0,v1,phase6a,2026-07-12,0,0,0,0,0,0,v1,454,0.25859247135842883,454,0.25859247135842883,455,0.2569558101472995,^TWII,yfinance,2y,2026-10-08,scan_20261009_174201,False,False
True,0,1.1680882771809895,0.7825597127278645,True,False,買入 (動能增強),68.0,2026-10-08 00:00:00,67.59508438110352,-0.008372497558596592,True,True,1.1109302996707164,False,0.001378934385045406,45.172856513783536,0.001419657696943221,0.001560049912408041,-0.3010415664149724,-1.941498167369915,-7.830635578192258,-0.3010415664149724,False,False,False,False,False,False,0.02252634053937008,False,-0.1672996154099483,中性,6947.TW,台鎔科技,2,v1,phase6a,2026-07-12,0,2,3,2,2,2,v1,192,0.6873977086743044,192,0.6873977086743044,193,0.6857610474631751,^TWII,yfinance,2y,2026-10-08,scan_20261009_174201,False,False
False,0,-0.016665776570638002,-0.28333282470703125,False,True,強烈賣出 (跌破),56.0,2026-10-08 00:00:00,54.150000190734865,0.09500007629394958,False,True,4.230937840896347,True,0.0011355930229785696,29.06772149281211,0.0011375203815585302,0.0012288872868123097,-0.017832091282987683,-2.219934755631492,-7.977401135438333,-0.017832091282987683,False,False,False,False,False,False,0.1735194448600822,False,-0.07469480977276866,中性,6637.TWO,醫影,0,v1,phase6a,2026-07-12,0,0,2,0,0,0,v1,529,0.13584288052373159,529,0.13584288052373159,529,0.13584288052373159,^TWII,yfinance,2y,2026-10-08,scan_20261009_174201,False,False
True,0,0.7166665395100911,0.8833338419596353,True,False,觀望 (動能減弱),38.099998474121094,2026-10-08 00:00:00,38.03499965667724,0.02993068695067791,False,True,0.7559358100071669,False,0.0007726087936197511,52.80948464698889,0.0007970819752569916,0.0008499954406627852,-0.32215322823937464,-1.646052222694283,-5.096225583800173,-0.32215322823937464,False,False,False,False,False,False,0.015743946444925234,False,-0.14033951115386023,中性,3059.TW,華晶科,0,v1,phase6a,2026-07-12,0,0,2,0,0,0,v1,418,0.31751227495908346,418,0.31751227495908346,419,0.3158756137479542,^TWII,yfinance,2y,2026-10-08,scan_20261009_174201,False,False
True,0,-0.11666615804036458,-0.2083330154418945,True,False,觀察 (跌勢收斂),28.5,2026-10-08 00:00:00,28.469999980926513,-0.06000003814697408,False,True,0.43880269550227236,False,0.0005779357349087363,30.3513312722988,0.0005971822826086142,0.0006716545165235109,-0.33810489761832985,-2.4580434956595565,-8.740082821221595,-0.33810489761832985,False,False,False,False,False,False,0.048002462436871,False,-0.255874658806199,中性,7814.TWO,海昌生技,1,v1,phase6a,2026-07-12,0,1,2,1,1,1,v1,291,0.5253682487725041,291,0.5253682487725041,292,0.5237315875613748,^TWII,yfinance,2y,2026-10-08,scan_20261009_174201,False,False
False,0,11.898859659830729,6.017576853434244,False,True,強烈買入 (爆發),138.5,2026-10-08 00:00:00,115.61578330993652,1.2749999999999915,False,True,3.1117319643467583,True,0.0028085648871880695,188.36005753902919,0.0024414600576685448,0.0025398305322688235,1.6082209545118076,2.4025622179494777,1.9826155154101688,1.6082209545118076,True,True,False,False,False,True,0.5590619312831313,False,-0.08580858085808585,偏強 (RS上升),8042.TWO,金山電,3,v1,phase6a,2026-07-12,1,4,5,4,3,4,v1,76,0.8772504091653028,76,0.8772504091653028,32,0.9492635024549918,^TWII,yfinance,2y,2026-10-08,scan_20261009_174201,False,False
True,1,-0.07407633463541666,-0.009262720743815102,True,False,賣出 (動能轉弱),45.0,2026-10-08 00:00:00,45.341664695739745,-0.02499999999999858,False,False,1.7700735496078372,True,0.0009125301077506363,40.477905639423696,0.0009447889578256186,0.0009797855638716475,-0.35812312654327494,-2.0192545600105416,-4.314147455459761,-0.35812312654327494,False,False,False,False,False,False,0.051314053898946985,False,-0.025270704428921653,中性,4527.TWO,方土霖,0,v1,phase6a,2026-07-12,0,0,0,0,0,0,v1,457,0.25368248772504093,457,0.25368248772504093,458,0.2520458265139116,^TWII,yfinance,2y,2026-10-08,scan_20261009_174201,False,False
True,0,0.058333079020182275,0.09999990463256836,True,False,觀望 (動能減弱),13.149999618530273,2026-10-08 00:00:00,13.11749997138977,0.0,False,True,0.8653793291200885,False,0.00026666156819596127,36.505355131227056,0.00027387407006921314,0.00028536050298476464,-0.2764452732417655,-1.9432548789880322,-4.856138615286099,-0.2764452732417655,False,False,False,False,False,False,0.06178348864035623,False,-0.02230484721109105,中性,1103.TW,嘉泥,2,v1,phase6a,2026-07-12,0,2,3,2,2,2,v1,83,0.8657937806873978,83,0.8657937806873978,90,0.8543371522094927,^TWII,yfinance,2y,2026-10-08,scan_20261009_174201,False,True
True,0,0.24166647593180343,0.33333301544189453,True,False,觀望 (動能減弱),24.200000762939453,2026-10-08 00:00:00,24.11500005722046,-0.047499942779541726,True,True,0.9926159060646411,False,0.0004907384289726804,43.00883193926916,0.0005054935454494268,0.0005346607790505313,-0.30631697388950885,-2.1161353502378466,-6.3555145474169965,-0.30631697388950885,False,False,False,False,False,False,0.06749023496533983,False,-0.09869644621529117,中性,4166.TWO,友霖,1,v1,phase6a,2026-07-12,0,1,2,1,1,1,v1,252,0.5891980360065466,252,0.5891980360065466,254,0.5859247135842881,^TWII,yfinance,2y,2026-10-08,scan_20261009_174201,True,False
True,0,0.6000010172526041,0.700000762939453,True,False,觀望 (動能減弱),41.54999923706055,2026-10-08 00:00:00,41.80749988555908,-0.08749999999999858,False,False,0.6573992255614114,False,0.0008425694506851936,59.74679008598812,0.0008828194704475487,0.0009484023472718494,-0.47762967419534563,-2.5150344861690876,-10.249330884652075,-0.47762967419534563,False,False,False,False,False,False,0.016032428974527647,False,-0.2214269365642202,中性,3033.TW,威健,0,v1,phase6a,2026-07-12,0,0,0,0,0,0,v1,413,0.32569558101472995,413,0.32569558101472995,414,0.32405891980360063,^TWII,yfinance,2y,2026-10-08,scan_20261009_174201,False,False
True,0,1.4166666666666665,1.9999999999999998,True,False,觀望 (動能減弱),120.5,2026-10-08 00:00:00,117.15,0.75,False,True,0.8980191777338833,False,0.0024435528440878147,37.79017790401786,0.0024077246860599753,0.002285701718453521,0.1568826255479161,0.2776872316061718,10.999167914328467,0.1568826255479161,True,True,True,False,False,True,0.7370037339023997,False,-0.012295081967213073,偏強 (RS上升),6416.TW,瑞祺電通,0,v1,phase6a,2026-07-12,2,2,2,2,0,2,v1,513,0.16202945990180032,513,0.16202945990180032,208,0.6612111292962357,^TWII,yfinance,2y,2026-10-08,scan_20261009_174201,False,False
True,0,-0.3833338419596354,0.75,True,False,賣出 (動能轉弱),99.19999694824219,2026-10-08 00:00:00,104.05999984741212,-0.5900001525878906,False,False,4.120214752878437,True,0.0020116218645342718,32.980638731466065,0.0021961645850929654,0.0023820399082391253,-0.8767663851228513,-3.1077909584140473,-12.049362474147996,-0.8767663851228513,False,False,False,False,False,False,0.0,False,-0.22801558795142263,中性,6585.TW,鼎基,0,v1,phase6a,2026-07-12,0,0,0,0,0,0,v1,521,0.14893617021276595,521,0.14893617021276595,521,0.14893617021276595,^TWII,yfinance,2y,2026-10-08,scan_20261009_174201,False,False
True,1,-0.05000019073486328,-0.09166685740152994,True,False,觀察 (跌勢收斂),25.75,2026-10-08 00:00:00,25.85999994277954,-0.01249999999999929,False,False,1.3716814159292035,False,0.000522170006101753,36.95873450888625,0.0005385902306391982,0.0005568478187799391,-0.3198935678292103,-1.9920809831917796,-4.463817147647631,-0.3198935678292103,False,False,False,False,False,False,0.04984113831147105,False,-0.01904761904761909,中性,5356.TWO,協益,1,v1,phase6a,2026-07-12,0,1,1,1,1,1,v1,260,0.5761047463175123,260,0.5761047463175123,262,0.5728314238952537,^TWII,yfinance,2y,2026-10-08,scan_20261009_174201,False,False
True,0,5.551115123125783e-17,0.33333333333333337,True,False,觀望 (動能減弱),207.5,2026-10-08 00:00:00,208.725,-0.125,False,False,0.40169286681272126,False,0.004207777719072378,48.21384457032314,0.004352784051713081,0.004530130862832798,-0.34944270120429444,-2.0862177872012944,-4.815478950109375,-0.34944270120429444,False,False,False,False,False,False,0.04365883794433379,False,-0.030373831775700966,中性,3130.TW,一零四,0,v1,phase6a,2026-07-12,0,0,0,0,0,0,v1,422,0.3109656301145663,422,0.3109656301145663,423,0.309328968903437,^TWII,yfinance,2y,2026-10-08,scan_20261009_174201,False,False
True,0,0.8333333333333333,0.3333333333333334,True,False,買入 (動能增強),103.5,2026-10-08 00:00:00,103.075,-0.04999999999999716,False,True,1.7323508899167304,True,0.0020988192478264634,49.09663566163498,0.0021649768580471584,0.0023657618842329734,-0.32063299865424666,-1.8617228256550544,-8.182828828963263,-0.32063299865424666,False,False,False,False,False,False,0.05670539852429785,False,-0.14392055231518375,中性,6417.TWO,韋僑,2,v1,phase6a,2026-07-12,0,2,3,2,2,2,v1,176,0.7135842880523732,176,0.7135842880523732,177,0.7119476268412439,^TWII,yfinance,2y,2026-10-08,scan_20261009_174201,False,False
True,1,0.008333524068196613,0.006666819254557291,True,False,買入 (動能增強),5.760000228881836,2026-10-08 00:00:00,5.774499988555908,0.0025000095367424535,False,False,0.42511517955217853,False,0.00011680385843344958,18.932600040551957,0.00012005767112788956,0.00012572884314709563,-0.284473499856841,-2.157866347447812,-3.314880601167991,-0.284473499856841,False,False,False,False,False,False,0.16067865432732328,False,-0.039999961853027344,中性,2929.TW,淘帝-KY,2,v1,phase6a,2026-07-12,0,2,3,2,2,2,v1,124,0.7986906710310966,124,0.7986906710310966,131,0.7872340425531915,^TWII,yfinance,2y,2026-10-08,scan_20261009_174201,False,False
True,0,-1.9999999999999998,-0.41666666666666663,True,False,賣出 (動能轉弱),133.5,2026-10-08 00:00:00,138.075,-0.025000000000005684,True,False,0.752810611458011,False,0.002707172652993554,78.59928916422024,0.0028711929902925323,0.0029320370843021093,-0.5977340482660409,-2.924755260994516,-4.755859555154373,-0.5977340482660409,False,False,False,False,False,False,0.11703314522040732,False,-0.15506329113924056,中性,6206.TW,飛捷,1,v1,phase6a,2026-07-12,0,1,1,1,1,1,v1,270,0.5597381342062193,270,0.5597381342062193,271,0.55810147299509,^TWII,yfinance,2y,2026-10-08,scan_20261009_174201,True,False
True,0,-0.9207611083984373,0.7739753723144531,True,False,賣出 (動能轉弱),133.5,2026-10-08 00:00:00,133.21368446350098,0.5541229248046875,False,True,0.8075745280573534,False,0.002707172652993554,71.76966539095613,0.0027265641416011183,0.0026380931133237386,-0.07480778876349792,-0.7025314209266664,10.281922284840306,-0.07480778876349792,False,True,True,False,False,False,0.5864427375172259,False,-0.03956834532374098,中性,6924.TW,榮惠-KY創,0,v1,phase6a,2026-07-12,0,0,2,0,0,0,v1,552,0.09819967266775777,552,0.09819967266775777,552,0.09819967266775777,^TWII,yfinance,2y,2026-10-08,scan_20261009_174201,False,False
True,0,0.7833340962727864,0.800000508626302,True,False,觀望 (動能減弱),53.900001525878906,2026-10-08 00:00:00,53.04499969482422,0.11000003814697124,False,True,0.6512264253181236,False,0.0010930083155593275,78.7402136521964,0.0011088659001962213,0.0011537379418169538,-0.1503076675338444,-1.4468048661822719,-3.6973711102579188,-0.1503076675338444,False,False,False,False,False,False,0.07941529279729334,False,-0.11953710518380656,中性,2414.TW,精技,1,v1,phase6a,2026-07-12,0,1,3,1,1,1,v1,225,0.6333878887070377,225,0.6333878887070377,227,0.630114566284779,^TWII,yfinance,2y,2026-10-08,scan_20261009_174201,True,False
False,0,2.983332316080729,0.3166656494140625,False,True,強烈買入 (爆發),94.4000015258789,2026-10-08 00:00:00,83.98000030517578,0.5950000762939425,False,True,3.4288493124456334,True,0.0019142854125349,88.07322501626292,0.0017526480364454533,0.0018009645164698863,0.9803025752776362,1.1245942345007975,1.2562141017711248,0.9803025752776362,True,True,False,True,False,True,1.0,False,0.0,強勢 (RS強勁),5340.TWO,建榮,3,v1,phase6a,2026-07-12,2,5,5,5,3,5,v1,59,0.9050736497545008,59,0.9050736497545008,7,0.9901800327332242,^TWII,yfinance,2y,2026-10-08,scan_20261009_174201,False,False
True,2,-0.02500025431315104,0.008333206176757812,True,False,賣出 (動能轉弱),40.849998474121094,2026-10-08 00:00:00,40.932499694824216,-0.007500076293950997,True,False,0.6672865974410634,False,0.0008283745224267344,37.84059391314821,0.0008526923363161805,0.0008892278777605082,-0.2993000384968414,-1.9550850625047134,-3.995701738700208,-0.2993000384968414,False,False,False,False,False,False,0.05290571449999557,False,-0.01089590245163119,中性,8916.TWO,光隆,0,v1,phase6a,2026-07-12,0,0,0,0,0,0,v1,593,0.031096563011456628,593,0.031096563011456628,593,0.031096563011456628,^TWII,yfinance,2y,2026-10-08,scan_20261009_174201,False,False
False,0,0.7583332061767578,0.5166667302449544,False,True,強烈買入 (爆發),21.399999618530273,2026-10-08 00:00:00,19.93499994277954,0.10000000000000142,False,True,2.0797545918476548,True,0.00043395875461691124,19.08740036991484,0.0004187482972710262,0.0004366583859202281,0.38382153510641004,-0.4296322928947882,-2.9495749705278906,0.38382153510641004,True,False,False,False,False,True,0.2033973541820347,False,-0.12830956075041544,中性,8476.TW,台境*,3,v1,phase6a,2026-07-12,0,3,5,3,3,3,v1,80,0.8707037643207856,80,0.8707037643207856,84,0.8641571194762684,^TWII,yfinance,2y,2026-10-08,scan_20261009_174201,False,False
True,0,-0.7333323160807291,-0.5583324432373047,True,False,賣出 (動能轉弱),39.900001525878906,2026-10-08 00:00:00,41.33500003814697,-0.09499988555908345,False,False,0.7448720526560987,False,0.0008091100598146851,32.038296462285885,0.0008622987749659484,0.0008997228397253403,-0.6451005515496933,-3.0372050711705123,-7.887058568283556,-0.6451005515496933,False,False,False,False,False,False,0.0,False,-0.26111108285409435,中性,3230.TWO,錦明,0,v1,phase6a,2026-07-12,0,0,0,0,0,0,v1,427,0.3027823240589198,427,0.3027823240589198,428,0.3011456628477905,^TWII,yfinance,2y,2026-10-08,scan_20261009_174201,False,False
True,0,0.5333334604899088,0.6083332697550455,True,False,觀望 (動能減弱),31.350000381469727,2026-10-08 00:00:00,30.867500019073486,0.047500038146971235,False,True,1.08741206088113,False,0.0006357293161352235,36.05454155713835,0.0006481738513505714,0.0006985635400904957,-0.20169110767767062,-1.9479013320030436,-6.077070987745692,-0.20169110767767062,False,False,False,False,False,False,0.07316003142504143,False,-0.11741789075469433,中性,4123.TWO,晟德,0,v1,phase6a,2026-07-12,0,0,2,0,0,0,v1,446,0.27168576104746317,446,0.27168576104746317,447,0.2700490998363339,^TWII,yfinance,2y,2026-10-08,scan_20261009_174201,False,False
True,0,7.166666666666666,8.666666666666668,True,False,觀望 (動能減弱),187.0,2026-10-08 00:00:00,189.55,-0.375,True,False,0.5203381485275157,False,0.0037920695588748664,106.241543445418,0.003965097018865491,0.0038789774326018554,-0.45724321855139527,-2.1227854624150666,-4.685353277609883,-0.45724321855139527,False,False,True,False,False,False,0.4111022705762896,False,-0.1576576576576577,中性,2464.TW,盟立,2,v1,phase6a,2026-07-12,0,2,2,2,2,2,v1,117,0.8101472995090017,117,0.8101472995090017,124,0.7986906710310966,^TWII,yfinance,2y,2026-10-08,scan_20261009_174201,False,True
True,2,-0.07500004768371582,-0.07166671752929688,True,False,賣出 (動能轉弱),7.980000019073486,2026-10-08 00:00:00,8.04550006389618,-0.004999995231628418,False,False,1.9711369236184442,True,0.00016182200616122685,12.382472715747637,0.0001683299214873458,0.00018482887023509565,-0.40531542145062494,-2.480028042589577,-7.610158048327609,-0.40531542145062494,False,False,False,False,False,False,0.020455591296108817,False,-0.12403948190881853,中性,2726.TWO,雅茗-KY,0,v1,phase6a,2026-07-12,0,0,0,0,0,0,v1,396,0.353518821603928,396,0.353518821603928,398,0.3502454991816694,^TWII,yfinance,2y,2026-10-08,scan_20261009_174201,False,False
True,1,-0.04166666666666666,-0.05833307902018228,True,False,觀察 (跌勢收斂),17.350000381469727,2026-10-08 00:00:00,17.230000019073486,0.007499980926514382,False,True,1.756678893151763,True,0.0003518310603905811,40.087840108735755,0.0003594759651985204,0.00037619849239120957,-0.22336107366052182,-1.9605205305818219,-5.066623787926461,-0.22336107366052182,False,False,False,False,False,False,0.07684936715541048,False,-0.05962061441641231,中性,9944.TW,新麗,1,v1,phase6a,2026-07-12,0,1,3,1,1,1,v1,302,0.5073649754500819,302,0.5073649754500819,303,0.5057283142389526,^TWII,yfinance,2y,2026-10-08,scan_20261009_174201,False,False
True,0,-0.5583330790201823,-0.6083329518636067,True,False,觀察 (跌勢收斂),46.0,2026-10-08 00:00:00,46.15749969482422,0.0,False,False,0.428135865858917,False,0.0009328085545895393,47.03794208727051,0.0009632266356677116,0.0009994554542610778,-0.3313129882217103,-2.214977074610547,-6.010632538473137,-0.3313129882217103,False,False,False,False,False,False,0.051466279497024446,False,-0.06693710523589258,中性,4120.TWO,友華,2,v1,phase6a,2026-07-12,0,2,2,2,2,2,v1,142,0.7692307692307693,142,0.7692307692307693,146,0.762684124386252,^TWII,yfinance,2y,2026-10-08,scan_20261009_174201,True,False
True,0,-1.833332061767578,-2.0999997456868487,True,False,觀察 (跌勢收斂),71.5,2026-10-08 00:00:00,73.1950008392334,0.16500015258789347,False,False,0.538826352622846,False,0.0014499089489815665,84.01652730777091,0.0015034634458693246,0.001523676723996631,-0.37355460989209055,-2.071710186557707,1.2336552748971163,-0.37355460989209055,False,False,False,False,False,False,0.03889625239080412,False,-0.0714285714285714,中性,3628.TWO,盈正,2,v1,phase6a,2026-07-12,0,2,3,2,2,2,v1,138,0.7757774140752864,138,0.7757774140752864,143,0.7675941080196399,^TWII,yfinance,2y,2026-10-08,scan_20261009_174201,True,False
True,0,0.20000012715657545,0.5666669209798176,True,False,觀望 (動能減弱),53.79999923706055,2026-10-08 00:00:00,53.40500011444092,-0.030000114440916548,False,True,0.44195037425413924,False,0.0010909804244617557,13.15004299642925,0.0011141763826295814,0.0011498298622493496,-0.21866741093290454,-1.8442099143012647,-4.160335618691868,-0.21866741093290454,False,False,False,False,False,False,0.1444678447768333,False,-0.03928572790963314,中性,5508.TWO,永信建,2,v1,phase6a,2026-07-12,0,2,3,2,2,2,v1,165,0.7315875613747954,165,0.7315875613747954,166,0.7299509001636661,^TWII,yfinance,2y,2026-10-08,scan_20261009_174201,False,True
True,0,14.5,8.5,True,False,買入 (動能增強),736.0,2026-10-08 00:00:00,696.4,3.3500000000000227,False,True,3.545729207245164,True,0.014924936873432628,106.06421106724638,0.014270309826596305,0.01329052252514368,0.48522048435337695,0.18425802005115344,11.774777233419641,0.48522048435337695,True,True,True,False,False,True,0.9467303166359539,False,0.0,偏強 (RS上升),3693.TWO,營邦,2,v1,phase6a,2026-07-12,2,4,4,4,2,4,v1,139,0.7741407528641571,139,0.7741407528641571,36,0.9427168576104746,^TWII,yfinance,2y,2026-10-08,scan_20261009_174201,False,False
True,0,-0.1250006357828776,-0.42500050862630206,True,False,觀察 (跌勢收斂),37.79999923706055,2026-10-08 00:00:00,36.829999923706055,0.23500003814697124,False,True,0.73824384180538,False,0.0007665252750393073,56.74585597291178,0.0007454307250646438,0.0006853707010878423,0.298768613093503,0.5238166213434425,18.903606952677364,0.298768613093503,True,True,True,False,False,True,0.6288532242367604,False,-0.08805793627734704,偏強 (RS上升),6179.TWO,亞通,1,v1,phase6a,2026-07-12,2,3,3,3,1,3,v1,269,0.5613747954173486,269,0.5613747954173486,88,0.8576104746317512,^TWII,yfinance,2y,2026-10-08,scan_20261009_174201,False,False
True,0,-0.5999997456868489,-0.4666665395100912,True,False,賣出 (動能轉弱),24.0,2026-10-08 00:00:00,24.445000076293944,-0.052499961853030186,False,False,0.3514116818410305,False,0.0004866827241336727,10.098925222716664,0.000509679492435852,0.0005556897429378919,-0.47270288700372864,-2.88931645865933,-7.160544190052843,-0.47270288700372864,False,False,False,False,False,False,0.06777030099431021,False,-0.11764708357286224,中性,1225.TW,福懋油,0,v1,phase6a,2026-07-12,0,0,0,0,0,0,v1,309,0.4959083469721768,309,0.4959083469721768,312,0.4909983633387889,^TWII,yfinance,2y,2026-10-08,scan_20261009_174201,False,False
True,0,-0.14730262756347656,0.013913472493489565,True,False,賣出 (動能轉弱),23.100000381469727,2026-10-08 00:00:00,23.63498935699463,-0.02421874999999929,True,False,1.8590881348084438,True,0.0004684321297142735,47.73187535493959,0.0004929892552642255,0.0005180443281018098,-0.5216091760908204,-2.6272441516138167,-6.041650558205724,-0.5216091760908204,False,False,False,False,False,False,0.040085108371149446,False,-0.06184055681699874,中性,5278.TWO,尚凡*,0,v1,phase6a,2026-07-12,0,0,0,0,0,0,v1,471,0.23076923076923078,471,0.23076923076923078,472,0.22913256955810146,^TWII,yfinance,2y,2026-10-08,scan_20261009_174201,False,False
True,0,0.19166628519694007,0.1916662851969401,True,False,觀望 (動能減弱),17.549999237060547,2026-10-08 00:00:00,17.219999980926513,0.019999980926513672,False,True,2.1347055301095987,True,0.000355886726551521,42.657956069450165,0.0003602994266373811,0.00038099371920775286,-0.12875310371918136,-1.6923063048898679,-4.898655533259843,-0.12875310371918136,False,False,False,False,False,False,0.11205390723798737,False,-0.02770083219579267,中性,4173.TWO,久裕,0,v1,phase6a,2026-07-12,0,0,2,0,0,0,v1,449,0.26677577741407527,449,0.26677577741407527,450,0.265139116202946,^TWII,yfinance,2y,2026-10-08,scan_20261009_174201,False,False
True,0,0.4916667938232422,0.4666665395100911,True,False,買入 (動能增強),17.850000381469727,2026-10-08 00:00:00,17.59749984741211,0.01750001907348775,False,True,1.2210801531378168,False,0.00036197028381003264,33.1362397937705,0.0003691332582958717,0.0003946498956132973,-0.2038451725121071,-1.4880337647862785,-4.89213180731829,-0.2038451725121071,False,False,False,False,False,False,0.06835176058002065,False,-0.10301503901294806,中性,6210.TWO,慶生,2,v1,phase6a,2026-07-12,0,2,4,2,2,2,v1,172,0.7201309328968903,172,0.7201309328968903,173,0.7184942716857611,^TWII,yfinance,2y,2026-10-08,scan_20261009_174201,False,False
True,0,0.14166641235351562,0.08333333333333334,True,False,買入 (動能增強),37.70000076293945,2026-10-08 00:00:00,37.880000305175784,-0.03500003814696839,True,False,0.41815372585423577,False,0.0007644974612978713,39.42934359153841,0.000793109727483195,0.0008441017301194006,-0.3783112656851051,-2.2039681507723397,-7.373381233552956,-0.3783112656851051,False,False,False,False,False,False,0.038873314638451756,False,-0.08048778626976949,中性,5215.TW,科嘉-KY,2,v1,phase6a,2026-07-12,0,2,2,2,2,2,v1,159,0.7414075286415712,159,0.7414075286415712,162,0.7364975450081833,^TWII,yfinance,2y,2026-10-08,scan_20261009_174201,False,False
True,0,0.5666662851969401,0.5499986012776692,True,False,買入 (動能增強),61.900001525878906,2026-10-08 00:00:00,61.40500011444092,0.02499999999999858,False,True,0.4752851711026616,False,0.0012552358902705517,33.77477900278593,0.0012827588238860043,0.0013591033650589299,-0.2253441794455413,-1.7994615417825544,-4.126565396311966,-0.2253441794455413,False,False,False,False,False,False,0.07771183558679334,False,-0.09635034268789922,中性,6556.TWO,勝品,2,v1,phase6a,2026-07-12,0,2,4,2,2,2,v1,178,0.7103109656301145,178,0.7103109656301145,179,0.7086743044189853,^TWII,yfinance,2y,2026-10-08,scan_20261009_174201,False,False
True,0,0.06666564941406256,-0.43333307902018225,True,False,買入 (動能增強),89.69999694824219,2026-10-08 00:00:00,88.34000053405762,-0.015000152587887783,True,True,0.5662668952562455,False,0.001818976619564693,76.92623880257644,0.0018438819976132855,0.0019168732872465557,-0.14197744963705405,-1.9116412638065183,-5.021175746293793,-0.14197744963705405,False,False,False,False,False,False,0.14752785126580595,False,-0.008839812726605611,中性,1472.TW,三洋實業,4,v1,phase6a,2026-07-12,0,4,5,4,4,4,v1,7,0.9901800327332242,7,0.9901800327332242,12,0.9819967266775778,^TWII,yfinance,2y,2026-10-08,scan_20261009_174201,False,True
True,0,0.09999974568684895,0.13333320617675778,True,False,觀望 (動能減弱),14.649999618530273,2026-10-08 00:00:00,14.444999885559081,0.009999990463256836,False,True,1.4467764738460673,False,0.0002970792384543158,37.89650521132147,0.00030246248219427586,0.0003291176872233341,-0.1869976058576417,-2.0328615044154286,-5.9779856266921065,-0.1869976058576417,False,False,False,False,False,False,0.06830624796772593,False,-0.12275455393741841,中性,1218.TW,泰山,0,v1,phase6a,2026-07-12,0,0,2,0,0,0,v1,308,0.49754500818330605,308,0.49754500818330605,311,0.49263502454991814,^TWII,yfinance,2y,2026-10-08,scan_20261009_174201,False,False
True,0,-0.6249993642171224,0.13333384195963535,True,False,賣出 (動能轉弱),47.099998474121094,2026-10-08 00:00:00,47.52249984741211,0.4674999237060504,False,False,0.1892724521557221,False,0.0009551148151698783,35.99412362921799,0.0009691760449631568,0.0009707783856265645,-0.15248751215289902,0.06660417677248898,13.805489051357833,-0.15248751215289902,False,False,False,False,False,False,0.5049857289884312,False,-0.07100596123560377,中性,2338.TW,光罩,1,v1,phase6a,2026-07-12,0,1,2,1,1,1,v1,224,0.6350245499181669,224,0.6350245499181669,226,0.6317512274959084,^TWII,yfinance,2y,2026-10-08,scan_20261009_174201,True,False
True,0,0.3166669209798177,0.4166673024495442,True,False,觀望 (動能減弱),32.25,2026-10-08 00:00:00,32.589999961853025,-0.025000000000005684,True,False,0.5539293563751507,False,0.0006539799105546226,34.41602178931864,0.0006892775573758719,0.000753652341495142,-0.5361585526946433,-2.9096778588100114,-11.940313370754385,-0.5361585526946433,False,False,False,False,False,False,0.0218267381092976,False,-0.2420681415215954,中性,3669.TW,圓展,0,v1,phase6a,2026-07-12,0,0,0,0,0,0,v1,438,0.28477905073649756,438,0.28477905073649756,439,0.28314238952536824,^TWII,yfinance,2y,2026-10-08,scan_20261009_174201,False,False
True,0,-0.1500000953674316,-0.2000001271565755,True,False,觀察 (跌勢收斂),14.649999618530273,2026-10-08 00:00:00,14.485000085830688,-0.012500000000001066,True,True,4.146246016808601,True,0.0002970792384543158,25.064831710811738,0.0003028184368784468,0.0003225683451881918,-0.19910389783768245,-2.350809653243935,-7.030034184922062,-0.19910389783768245,False,False,False,False,False,False,0.13982014134981216,False,-0.06389776513578682,中性,2734.TWO,易飛網,1,v1,phase6a,2026-07-12,0,1,2,1,1,1,v1,239,0.6104746317512275,239,0.6104746317512275,241,0.6072013093289689,^TWII,yfinance,2y,2026-10-08,scan_20261009_174201,False,False
True,0,-0.23333231608072916,-0.5666656494140625,True,False,觀察 (跌勢收斂),91.4000015258789,2026-10-08 00:00:00,89.44000053405762,0.11500015258789631,False,True,1.6780278320243673,True,0.001853450072018191,96.33464460180822,0.0018660316609939809,0.0019212902129139068,-0.07092261783081533,-1.9370940317084973,-4.591334244546086,-0.07092261783081533,False,False,False,False,False,False,0.20331591959341713,False,-0.01720428466796875,中性,2535.TW,達欣工,1,v1,phase6a,2026-07-12,0,1,3,1,1,1,v1,230,0.6252045826513911,230,0.6252045826513911,232,0.6219312602291326,^TWII,yfinance,2y,2026-10-08,scan_20261009_174201,False,False
False,0,1.7666664123535156,1.5666669209798176,False,True,強烈買入 (爆發),63.599998474121094,2026-10-08 00:00:00,62.26000003814697,0.06499996185302592,False,True,0.8332584289577362,False,0.0012897091880117782,101.20028819994566,0.0013134258450132172,0.0014119844577559254,-0.18971409967388775,-1.678314038482398,-7.898365043487432,-0.18971409967388775,False,False,False,False,False,False,0.07749854128424685,False,-0.16119130012254834,中性,3028.TW,增你強,3,v1,phase6a,2026-07-12,0,3,5,3,3,3,v1,43,0.9312602291325696,43,0.9312602291325696,53,0.9148936170212766,^TWII,yfinance,2y,2026-10-08,scan_20261009_174201,False,False
True,0,-8.999999999999998,-17.166666666666668,True,False,觀察 (跌勢收斂),667.0,2026-10-08 00:00:00,666.85,-2.199999999999932,True,True,0.5722923008248333,False,0.01352572404154832,130.42022592298628,0.0138732728811383,0.014278462253835727,-0.2630083721066767,-1.8290869305536916,-6.449020209326717,-0.2630083721066767,False,False,False,False,False,False,0.4338275252050976,False,-0.15139949109414763,中性,3363.TWO,上詮,1,v1,phase6a,2026-07-12,0,1,2,1,1,1,v1,245,0.6006546644844517,245,0.6006546644844517,247,0.5973813420621932,^TWII,yfinance,2y,2026-10-08,scan_20261009_174201,False,False
True,0,-0.4666659037272135,-0.24999936421712238,True,False,賣出 (動能轉弱),38.0,2026-10-08 00:00:00,38.547499656677246,-0.010000038146969814,False,False,2.1882835650786414,True,0.0007705809798783151,37.0437853341634,0.0008032424830742285,0.0008503802645423172,-0.4261975855843647,-2.3908892284546956,-5.182113351269624,-0.4261975855843647,False,False,False,False,False,False,0.023289865408657597,False,-0.0570719424467242,中性,6843.TWO,進典,0,v1,phase6a,2026-07-12,0,0,0,0,0,0,v1,542,0.11456628477905073,542,0.11456628477905073,542,0.11456628477905073,^TWII,yfinance,2y,2026-10-08,scan_20261009_174201,False,False
True,0,-0.2416667938232422,-0.2000001271565755,True,False,賣出 (動能轉弱),31.299999237060547,2026-10-08 00:00:00,31.39499979019165,-0.005000019073484907,True,False,0.9710116347860382,False,0.0006347153705864376,49.65528604640689,0.0006544632243087289,0.0006852933348565933,-0.3166167002577547,-2.1389638072767836,-5.065050730552412,-0.3166167002577547,False,False,False,False,False,False,0.06221948316468386,False,-0.03987727907694616,中性,3118.TWO,進階,0,v1,phase6a,2026-07-12,0,0,0,0,0,0,v1,419,0.3158756137479542,419,0.3158756137479542,420,0.3142389525368249,^TWII,yfinance,2y,2026-10-08,scan_20261009_174201,False,False
True,0,-3.0666656494140625,-3.1499989827473955,True,False,觀察 (跌勢收斂),98.4000015258789,2026-10-08 00:00:00,99.44000053405762,0.015000152587887783,False,False,0.5634551244259954,False,0.0019953991998905123,69.27605191513082,0.00204541909263064,0.0020026616427203372,-0.25675584258048056,-1.793268122027658,-0.15794056122793165,-0.25675584258048056,False,False,True,False,False,False,0.41855335951631023,False,-0.039999985113376546,中性,2637.TW,慧洋-KY,1,v1,phase6a,2026-07-12,0,1,2,1,1,1,v1,235,0.6170212765957447,235,0.6170212765957447,237,0.613747954173486,^TWII,yfinance,2y,2026-10-08,scan_20261009_174201,False,False
True,0,-1.4166666666666665,-0.9166666666666665,True,False,賣出 (動能轉弱),192.0,2026-10-08 00:00:00,189.75,0.3499999999999943,False,True,0.7407809842471806,False,0.0038934617930693814,77.24451767242105,0.0039159157663523,0.003734986231868632,-0.06032178740844607,-1.352345724715287,2.065617392507435,-0.06032178740844607,False,True,True,False,False,False,0.7457159048562831,False,-0.01285347043701801,中性,6214.TW,精誠,0,v1,phase6a,2026-07-12,0,0,2,0,0,0,v1,503,0.1783960720130933,503,0.1783960720130933,504,0.176759410801964,^TWII,yfinance,2y,2026-10-08,scan_20261009_174201,False,False
True,1,2.4166666666666665,1.8333333333333333,True,False,買入 (動能增強),159.5,2026-10-08 00:00:00,155.925,-0.5999999999999943,True,True,0.17716396790943958,False,0.003234412270805033,31.71446261892212,0.0032950799194334224,0.0034955288808915224,-0.1934312908400404,-2.0541743504639776,-10.24493099877114,-0.1934312908400404,False,False,False,False,False,False,0.14773129885267935,False,-0.11388888888888893,中性,4569.TW,六方科-KY,3,v1,phase6a,2026-07-12,0,3,4,3,3,3,v1,56,0.9099836333878887,56,0.9099836333878887,64,0.8968903436988543,^TWII,yfinance,2y,2026-10-08,scan_20261009_174201,True,False
True,0,0.22499990463256836,0.3083333969116211,True,False,觀望 (動能減弱),13.149999618530273,2026-10-08 00:00:00,13.487499952316284,-0.02750000953674281,True,False,0.5490764029633947,False,0.00026666156819596127,22.710316596685207,0.00028012756175598604,0.0002952473707915803,-0.503462264044241,-1.882018850437217,-1.4503595633590938,-0.503462264044241,False,False,False,False,False,False,0.0,False,-0.1023890811643915,中性,3499.TWO,環天科,0,v1,phase6a,2026-07-12,0,0,0,0,0,0,v1,433,0.29296235679214405,433,0.29296235679214405,434,0.29132569558101473,^TWII,yfinance,2y,2026-10-08,scan_20261009_174201,False,False
True,0,0.2999992370605469,0.1333325703938802,True,False,買入 (動能增強),47.45000076293945,2026-10-08 00:00:00,47.275000190734865,-0.01999988555908061,False,True,0.6347687244566624,False,0.0009622123179771758,38.23718453869156,0.0009877890526173232,0.001038746907317452,-0.27181611069712064,-2.0067053058416273,-5.4078692505008625,-0.27181611069712064,False,False,False,False,False,False,0.06245277337356708,False,-0.0375253245994045,中性,1903.TW,士紙,2,v1,phase6a,2026-07-12,0,2,3,2,2,2,v1,109,0.823240589198036,109,0.823240589198036,116,0.8117839607201309,^TWII,yfinance,2y,2026-10-08,scan_20261009_174201,False,False
True,0,-0.0666656494140625,0.24999999999999997,True,False,賣出 (動能轉弱),70.0999984741211,2026-10-08 00:00:00,70.52499885559082,0.070000076293951,False,False,0.29820863124877006,False,0.001421519092464648,43.21415194871593,0.0014668388886628246,0.001494348121132735,-0.32416923158776756,-2.0228591710850785,-2.8792306682685176,-0.32416923158776756,False,False,False,False,False,False,0.06339435898747914,False,-0.06032171705152323,中性,2636.TW,台驊控股,1,v1,phase6a,2026-07-12,0,1,2,1,1,1,v1,234,0.618657937806874,234,0.618657937806874,236,0.6153846153846154,^TWII,yfinance,2y,2026-10-08,scan_20261009_174201,True,False
True,2,3.1789143880092685e-07,3.1789143880092685e-07,True,False,觀望 (動能減弱),28.950000762939453,2026-10-08 00:00:00,28.99250011444092,-0.007499980926514382,True,False,1.1692029925665555,False,0.0005870610514574698,47.54227884127292,0.0006047019509123879,0.000629612055321537,-0.306142869619519,-1.9236631935360737,-4.6166249030802025,-0.306142869619519,False,False,False,False,False,False,0.030841840914847315,False,-0.015306083722096187,中性,9908.TW,大台北,0,v1,phase6a,2026-07-12,0,0,0,0,0,0,v1,601,0.01800327332242226,601,0.01800327332242226,601,0.01800327332242226,^TWII,yfinance,2y,2026-10-08,scan_20261009_174201,False,False
True,0,-0.30833307902018225,-0.27499961853027344,True,False,賣出 (動能轉弱),27.850000381469727,2026-10-08 00:00:00,28.204999923706055,-0.06499996185302592,True,False,0.43909578793299725,False,0.0005647547521990629,58.27230427593309,0.0005870572320561032,0.0006020737945644227,-0.3983050721031556,-2.5129745899914124,-5.67313737904418,-0.3983050721031556,False,False,False,False,False,False,0.08293231720142881,False,-0.07011687238647069,中性,4554.TWO,橙的,0,v1,phase6a,2026-07-12,0,0,0,0,0,0,v1,460,0.24877250409165302,460,0.24877250409165302,461,0.24713584288052373,^TWII,yfinance,2y,2026-10-08,scan_20261009_174201,False,False
True,2,0.08333333333333336,0.25,True,False,觀望 (動能減弱),110.0,2026-10-08 00:00:00,111.35,-0.17500000000001137,False,False,1.0020683482383943,False,0.0022306291522793333,81.35605712400877,0.002307915625594209,0.002276241560215479,-0.35126247607177863,-1.4430546841198488,-0.5266591251359198,-0.35126247607177863,False,False,True,False,False,False,0.32161687507149495,False,-0.04347826086956519,中性,2882.TW,國泰金,0,v1,phase6a,2026-07-12,0,0,0,0,0,0,v1,403,0.34206219312602293,403,0.34206219312602293,404,0.3404255319148936,^TWII,yfinance,2y,2026-10-08,scan_20261009_174201,False,False
True,0,0.4666665395100911,0.7333329518636067,True,False,觀望 (動能減弱),63.20000076293945,2026-10-08 00:00:00,63.87999973297119,-0.13500003814697692,True,False,0.5336317956405646,False,0.0012815978556898985,64.56127130076023,0.0013395796062181835,0.001363556683641327,-0.4535497881000716,-1.9889342705967206,-7.432392452431191,-0.4535497881000716,False,False,False,False,False,False,0.013650764942662057,False,-0.1377899299906803,中性,2634.TW,漢翔,0,v1,phase6a,2026-07-12,0,0,0,0,0,0,v1,390,0.36333878887070375,390,0.36333878887070375,392,0.36006546644844517,^TWII,yfinance,2y,2026-10-08,scan_20261009_174201,False,False
True,2,0.6666666666666666,1.1666666666666667,True,False,觀望 (動能減弱),171.5,2026-10-08 00:00:00,172.675,-0.04999999999998295,False,False,1.001699248202157,False,0.003477753632871869,86.87776591910495,0.003616343889722017,0.00385364647803685,-0.4017824275481252,-2.2325485894283736,-6.94284911900882,-0.4017824275481252,False,False,False,False,False,False,0.009670713798892176,False,-0.29132231404958675,中性,2645.TW,長榮航太,0,v1,phase6a,2026-07-12,0,0,0,0,0,0,v1,392,0.36006546644844517,392,0.36006546644844517,394,0.3567921440261866,^TWII,yfinance,2y,2026-10-08,scan_20261009_174201,False,False
True,0,0.2749999364217122,0.3083332379659017,True,False,觀望 (動能減弱),10.899999618530273,2026-10-08 00:00:00,10.977500057220459,-0.00250000953674423,True,False,0.6227528976900228,False,0.00022103506280842942,7.207419198232451,0.00023090102441738412,0.0002583969041108759,-0.44775558521111813,-2.6436526574595165,-8.00898728089232,-0.44775558521111813,False,False,False,False,False,False,0.03886120925719527,False,-0.18656716949027818,中性,2314.TW,台揚,0,v1,phase6a,2026-07-12,0,0,0,0,0,0,v1,353,0.4238952536824877,353,0.4238952536824877,356,0.41898527004909986,^TWII,yfinance,2y,2026-10-08,scan_20261009_174201,False,False
True,0,-2.1666666666666665,0.5833333333333335,True,False,賣出 (動能轉弱),232.5,2026-10-08 00:00:00,237.7,0.17499999999998295,False,False,0.9069023930771125,False,0.004714738890044954,70.05538309220205,0.004929384101477826,0.004913981551035987,-0.4562667939415177,-2.3136703133214143,-2.019696206399324,-0.4562667939415177,False,False,True,False,False,False,0.27998094555905856,False,-0.07554671968190851,中性,2603.TW,長榮,0,v1,phase6a,2026-07-12,0,0,1,0,0,0,v1,383,0.37479541734860883,383,0.37479541734860883,385,0.37152209492635024,^TWII,yfinance,2y,2026-10-08,scan_20261009_174201,False,False
True,1,-0.07499996821085611,-0.05833323796590169,True,False,賣出 (動能轉弱),14.800000190734863,2026-10-08 00:00:00,14.862500047683715,-0.0049999713897701525,True,False,1.0757963433994258,False,0.00030012101708357157,23.216217997325895,0.00031002191693868026,0.000329134402317499,-0.3350434614754483,-2.325454537351257,-5.564281169770013,-0.3350434614754483,False,False,False,False,False,False,0.05928317123811779,False,-0.07499998807907104,中性,4528.TWO,江興鍛,0,v1,phase6a,2026-07-12,0,0,0,0,0,0,v1,458,0.2520458265139116,458,0.2520458265139116,459,0.25040916530278234,^TWII,yfinance,2y,2026-10-08,scan_20261009_174201,False,False
True,0,0.2421611150105794,0.11831601460774738,True,False,買入 (動能增強),13.069307327270508,2026-10-08 00:00:00,12.342846441268922,0.043465375900268555,False,True,2.2102242005479575,True,0.0002650252538573408,35.88313692543229,0.00025860725794361173,0.0002730732795981048,0.2619214974822315,-1.2079418079603665,-4.135582696788898,0.2619214974822315,True,False,False,False,False,True,0.3183376556381094,False,-0.052948757490230536,中性,1449.TW,佳和,2,v1,phase6a,2026-07-12,0,2,4,2,2,2,v1,93,0.8494271685761048,93,0.8494271685761048,100,0.8379705400981997,^TWII,yfinance,2y,2026-10-08,scan_20261009_174201,False,False
True,2,0.050000190734863274,0.07500012715657552,True,False,觀望 (動能減弱),15.699999809265137,2026-10-08 00:00:00,15.742499923706054,-0.00250000953674423,False,False,0.12644702817872025,False,0.00031837161150297073,27.63464523009607,0.0003281715455565206,0.00034214330261932955,-0.3133542638587117,-1.9019810465470077,-4.097966913523421,-0.3133542638587117,False,False,False,False,False,False,0.04294808018334852,False,-0.01257860465808136,中性,4502.TWO,健信,0,v1,phase6a,2026-07-12,0,0,0,0,0,0,v1,455,0.2569558101472995,455,0.2569558101472995,456,0.2553191489361702,^TWII,yfinance,2y,2026-10-08,scan_20261009_174201,False,False
True,0,-0.05833307902018229,-0.05833307902018229,True,False,賣出 (動能轉弱),42.900001525878906,2026-10-08 00:00:00,43.07000045776367,-0.014999961853028765,False,False,0.1587351979427918,False,0.0008699454003313941,51.87814901868444,0.000896979644855613,0.0009313142050753722,-0.31625136308064405,-1.8770576452180054,-4.214076358111063,-0.31625136308064405,False,False,False,False,False,False,0.042194387912304676,False,-0.013793068370599904,中性,9918.TW,欣天然,0,v1,phase6a,2026-07-12,0,0,0,0,0,0,v1,605,0.011456628477905073,605,0.011456628477905073,605,0.011456628477905073,^TWII,yfinance,2y,2026-10-08,scan_20261009_174201,False,False
True,0,0.6083335876464844,0.6916669209798176,True,False,觀望 (動能減弱),35.150001525878906,2026-10-08 00:00:00,34.84250011444092,0.03750000000000142,False,True,0.8579798252172528,False,0.0007127874373298957,42.848046316371466,0.0007311715434783635,0.0007772106888186965,-0.26396826480246105,-1.6943762870865076,-6.056414376881336,-0.26396826480246105,False,False,False,False,False,False,0.09153884897012675,False,-0.08819708893568556,中性,6151.TWO,晉倫,0,v1,phase6a,2026-07-12,0,0,2,0,0,0,v1,497,0.18821603927986907,497,0.18821603927986907,498,0.18657937806873978,^TWII,yfinance,2y,2026-10-08,scan_20261009_174201,False,False
True,0,1.9333343505859373,2.200000762939453,True,False,觀望 (動能減弱),45.75,2026-10-08 00:00:00,45.15500030517578,0.1325000762939439,False,True,0.4045335655118852,False,0.0009277389428798135,56.543041774281335,0.0009385358845735271,0.000934534598935191,-0.12094855319134679,-1.0006012321347457,2.872532785899251,-0.12094855319134679,False,False,True,False,False,False,0.642021925690438,False,-0.05670103092783507,中性,3339.TWO,泰谷,0,v1,phase6a,2026-07-12,0,0,2,0,0,0,v1,429,0.2995090016366612,429,0.2995090016366612,430,0.2978723404255319,^TWII,yfinance,2y,2026-10-08,scan_20261009_174201,False,False
True,1,0.7166659037272135,0.5666662851969401,True,False,買入 (動能增強),61.29999923706055,2026-10-08 00:00:00,59.13999977111816,0.05499992370605611,False,True,4.979093162580777,True,0.0012430687757535284,46.145377358858994,0.0012366679208716657,0.0012823712480342908,0.05451273372971688,-1.454824976712643,-3.8943377639339416,0.05451273372971688,True,False,False,False,False,True,0.4311144923645629,False,0.0,中性,6792.TW,詠業,2,v1,phase6a,2026-07-12,0,2,4,2,2,2,v1,188,0.6939443535188216,188,0.6939443535188216,189,0.6923076923076923,^TWII,yfinance,2y,2026-10-08,scan_20261009_174201,False,False
True,1,-0.07499996821085612,-0.07499996821085612,True,False,賣出 (動能轉弱),11.149999618530273,2026-10-08 00:00:00,11.174999809265136,0.0,False,False,2.153286510805375,True,0.0002261046745181552,43.32357271865714,0.0002331815519112826,0.00024569821645296425,-0.318448104779534,-2.2372667021343995,-5.617825115591235,-0.318448104779534,False,False,False,False,False,False,0.03572483259503431,False,-0.03463208360164882,中性,8443.TW,阿瘦,0,v1,phase6a,2026-07-12,0,0,0,0,0,0,v1,583,0.04746317512274959,583,0.04746317512274959,583,0.04746317512274959,^TWII,yfinance,2y,2026-10-08,scan_20261009_174201,False,False
True,0,2.9166666666666665,3.333333333333333,True,False,觀望 (動能減弱),167.0,2026-10-08 00:00:00,165.95,0.09999999999999432,False,True,0.8338839995313246,False,0.0033865006220968057,49.59476935025739,0.0034667396947285294,0.003572800868475249,-0.24304363517378968,-1.5771311930488308,-3.6571468829048603,-0.24304363517378968,False,False,False,False,False,False,0.09346888266306899,False,-0.023391812865497075,中性,1513.TW,中興電,0,v1,phase6a,2026-07-12,0,0,2,0,0,0,v1,327,0.4664484451718494,327,0.4664484451718494,330,0.46153846153846156,^TWII,yfinance,2y,2026-10-08,scan_20261009_174201,False,False
False,0,-1.2333335876464844,-0.8833338419596354,False,True,強烈賣出 (跌破),70.80000305175781,2026-10-08 00:00:00,72.51000061035157,-0.15499992370604332,False,False,0.7695030130286412,False,0.001435714098079243,88.74561335185088,0.0015102053741126327,0.001577643033819624,-0.5165313865860388,-2.7936128052581277,-6.700808131340297,-0.5165313865860388,False,False,False,False,False,False,0.04667346082678271,False,-0.16509433368127446,中性,2423.TW,固緯,0,v1,phase6a,2026-07-12,0,0,0,0,0,0,v1,370,0.3960720130932897,370,0.3960720130932897,373,0.3911620294599018,^TWII,yfinance,2y,2026-10-08,scan_20261009_174201,False,False
True,0,0.12500015894571942,0.15833346048990887,True,False,觀望 (動能減弱),10.350000381469727,2026-10-08 00:00:00,10.380000066757201,-0.014999961853028765,True,False,0.6284254912118691,False,0.0002098819325182599,29.94146528127848,0.00021838773612073542,0.0002402448079452888,-0.4083068022549652,-2.610910000633304,-9.19040595908479,-0.4083068022549652,False,False,False,False,False,False,0.05288553776201708,False,-0.1481480900061365,中性,2349.TW,錸德,0,v1,phase6a,2026-07-12,0,0,0,0,0,0,v1,356,0.41898527004909986,356,0.41898527004909986,359,0.41407528641571195,^TWII,yfinance,2y,2026-10-08,scan_20261009_174201,False,False
True,1,-0.06666692097981772,-0.15000025431315103,True,False,觀察 (跌勢收斂),41.349998474121094,2026-10-08 00:00:00,41.37249946594238,-0.01750011444092081,True,False,0.6809582713891758,False,0.000838513745846186,39.268691445312655,0.0008622667019278583,0.0008974900259867219,-0.28913119124943654,-2.086066418093313,-4.861769971636187,-0.28913119124943654,False,False,False,False,False,False,0.06867899354439516,False,-0.017814727486534898,中性,2013.TW,中鋼構,1,v1,phase6a,2026-07-12,0,1,1,1,1,1,v1,218,0.6448445171849427,218,0.6448445171849427,220,0.6415711947626841,^TWII,yfinance,2y,2026-10-08,scan_20261009_174201,False,False
True,2,-0.03333338101704915,0.0033332506815592446,True,False,賣出 (動能轉弱),7.090000152587891,2026-10-08 00:00:00,7.106500101089478,0.0005000114440916192,False,False,0.631540086352416,False,0.0001437741911820679,18.75539213710564,0.00014811416289402723,0.0001578246079182102,-0.3074887571319129,-2.1342868680695792,-4.63428342100819,-0.3074887571319129,False,False,False,False,False,False,0.052914938064856726,False,-0.08751606563807712,中性,3494.TW,誠研,0,v1,phase6a,2026-07-12,0,0,1,0,0,0,v1,432,0.2945990180032733,432,0.2945990180032733,433,0.29296235679214405,^TWII,yfinance,2y,2026-10-08,scan_20261009_174201,False,False
False,0,9.75,5.666666666666667,False,True,強烈買入 (爆發),146.5,2026-10-08 00:00:00,135.75,0.42500000000001137,False,True,1.5376189965787777,True,0.0029707924618992934,176.28205467921262,0.002875728820664576,0.0030219420342601105,0.3491859521884244,0.26301710787641763,-6.459226508393446,0.3491859521884244,True,False,False,False,False,True,0.38750273378674355,False,-0.04557793834216284,偏強 (RS上升),8043.TWO,蜜望實,3,v1,phase6a,2026-07-12,1,4,5,4,3,4,v1,77,0.8756137479541735,77,0.8756137479541735,33,0.9476268412438625,^TWII,yfinance,2y,2026-10-08,scan_20261009_174201,False,False
True,0,-0.14166704813639322,-0.2583335240681966,True,False,觀察 (跌勢收斂),17.0,2026-10-08 00:00:00,17.10999994277954,-0.01249999999999929,False,False,0.2680149886578539,False,0.0003447335962613515,36.98698940787406,0.00035602127012342096,0.00037227346086489763,-0.33262731662051515,-2.152962907019529,-4.872049702214998,-0.33262731662051515,False,False,False,False,False,False,0.042029445627462574,False,-0.02857142857142858,中性,2505.TW,國揚,1,v1,phase6a,2026-07-12,0,1,1,1,1,1,v1,229,0.6268412438625205,229,0.6268412438625205,231,0.6235679214402619,^TWII,yfinance,2y,2026-10-08,scan_20261009_174201,False,False
True,0,-0.41666666666666663,-0.23333326975504556,True,False,賣出 (動能轉弱),30.0,2026-10-08 00:00:00,30.689999866485596,-0.019999980926513672,True,False,1.4764390388557551,False,0.0006083534051670908,47.597635515060745,0.00064366453540414,0.0007422324242356685,-0.5741531226617358,-3.1887868382220574,-9.62674430260817,-0.5741531226617358,False,False,False,False,False,False,0.008547897011400216,False,-0.3877551020408163,中性,2429.TW,銘旺科,0,v1,phase6a,2026-07-12,0,0,0,0,0,0,v1,371,0.3944353518821604,371,0.3944353518821604,374,0.3895253682487725,^TWII,yfinance,2y,2026-10-08,scan_20261009_174201,False,False
True,0,-0.616668701171875,-0.43333562215169263,True,False,賣出 (動能轉弱),89.30000305175781,2026-10-08 00:00:00,90.08500061035156,-0.11999969482423012,True,False,0.7886885714004391,False,0.001810865364598949,45.74512998234894,0.0018788767416475969,0.0019649326662343814,-0.37958410927146913,-2.3199768602579884,-5.71328497042265,-0.37958410927146913,False,False,False,False,False,False,0.031376721684303034,False,-0.11144275570390239,中性,5312.TWO,寶島科,0,v1,phase6a,2026-07-12,0,0,0,0,0,0,v1,474,0.22585924713584288,474,0.22585924713584288,475,0.22422258592471359,^TWII,yfinance,2y,2026-10-08,scan_20261009_174201,False,False
True,1,-0.11666647593180338,-0.09166653951009114,True,False,賣出 (動能轉弱),28.100000381469727,2026-10-08 00:00:00,28.23249979019165,-0.0024999618530294754,True,False,1.7617571174108018,True,0.0005698243639087887,40.05583275622304,0.0005882687881430636,0.0006160160493420848,-0.32895364908444025,-2.109262485061991,-4.596880235539791,-0.32895364908444025,False,False,False,False,False,False,0.043675126457118005,False,-0.031034469604492188,中性,2450.TW,神腦,0,v1,phase6a,2026-07-12,0,0,0,0,0,0,v1,374,0.3895253682487725,374,0.3895253682487725,377,0.38461538461538464,^TWII,yfinance,2y,2026-10-08,scan_20261009_174201,False,False
True,0,-0.053333123524983726,-0.09333308537801108,True,False,觀察 (跌勢收斂),8.0,2026-10-08 00:00:00,8.311999964714051,-0.05949997901916504,False,False,1.4010294520756557,False,0.00016222757471122423,28.510822569008738,0.00017432997926611343,0.00018899581078549345,-0.7254606539092712,-2.8007563141825065,-10.493800873458436,-0.7254606539092712,False,False,False,False,False,False,0.0,False,-0.1578947368421053,中性,3115.TWO,富榮綱,1,v1,phase6a,2026-07-12,0,1,1,1,1,1,v1,241,0.6072013093289689,241,0.6072013093289689,243,0.6039279869067103,^TWII,yfinance,2y,2026-10-08,scan_20261009_174201,False,False
True,0,-0.75,2.2499999999999996,True,False,賣出 (動能轉弱),396.0,2026-10-08 00:00:00,395.875,0.17500000000001137,False,True,0.4325787784688043,False,0.0080302649482056,72.32758056885287,0.008258533137909727,0.008529463721952844,-0.2901062778336905,-2.0200658826546536,-4.359505155379095,-0.2901062778336905,False,False,False,False,False,False,0.06763923989199022,False,-0.024630541871921152,中性,4728.TWO,雙美,0,v1,phase6a,2026-07-12,0,0,2,0,0,0,v1,463,0.24386252045826515,463,0.24386252045826515,464,0.24222585924713586,^TWII,yfinance,2y,2026-10-08,scan_20261009_174201,False,False
True,0,0.09166685740152994,0.01666704813639322,True,False,買入 (動能增強),13.5,2026-10-08 00:00:00,12.677500009536743,0.06500000953674245,False,True,4.960946322259049,True,0.00027375903232519086,22.0287271636796,0.0002654758510820753,0.0002842347384353361,0.329516568827537,-1.3013074572153394,-4.420309398702315,0.329516568827537,True,False,False,False,False,True,0.305562562022683,False,-0.09395970834718503,中性,6645.TW,金萬林-創,3,v1,phase6a,2026-07-12,0,3,5,3,3,3,v1,72,0.88379705400982,72,0.88379705400982,79,0.8723404255319149,^TWII,yfinance,2y,2026-10-08,scan_20261009_174201,True,False
True,0,0.22500006357828772,0.22500006357828772,True,False,觀望 (動能減弱),25.399999618530273,2026-10-08 00:00:00,25.477499961853027,-0.022500038146972656,False,False,0.3536443492226556,False,0.0005150725419725234,47.96729218453711,0.0005399631619739352,0.000595576822441159,-0.48288725706607805,-2.8910576351966366,-12.810852284401332,-0.48288725706607805,False,False,False,False,False,False,0.022334314211028914,False,-0.28248591740986806,中性,5490.TWO,同亨,0,v1,phase6a,2026-07-12,0,0,0,0,0,0,v1,481,0.2144026186579378,481,0.2144026186579378,482,0.2127659574468085,^TWII,yfinance,2y,2026-10-08,scan_20261009_174201,False,False
True,3,0.008333365122477213,-0.016666571299235024,True,False,買入 (動能增強),15.350000381469727,2026-10-08 00:00:00,15.317500162124634,0.0,False,True,1.2293066710375347,False,0.00031127416671277504,34.67163566274638,0.00032084496812396444,0.0003482890893227054,-0.31301699620442935,-2.2197680274325893,-6.931629277261598,-0.31301699620442935,False,False,False,False,False,False,0.04132232504237839,False,-0.11527377268164529,中性,3252.TWO,海灣,2,v1,phase6a,2026-07-12,0,2,3,2,2,2,v1,131,0.7872340425531915,131,0.7872340425531915,137,0.7774140752864157,^TWII,yfinance,2y,2026-10-08,scan_20261009_174201,False,False
True,1,0.09166669845581055,0.09166669845581055,True,False,觀望 (動能減弱),11.550000190734863,2026-10-08 00:00:00,11.382500076293946,0.017500019073485973,False,True,2.2577597939126814,True,0.00023421606485713676,29.83634328526791,0.00023769460146908942,0.0002503824644485745,-0.15381020529272593,-1.9251832167062832,-4.0528016730814524,-0.15381020529272593,False,False,False,False,False,False,0.1203048191229216,False,-0.06854834306004254,中性,4108.TW,懷特,0,v1,phase6a,2026-07-12,0,0,2,0,0,0,v1,444,0.27495908346972175,444,0.27495908346972175,445,0.2733224222585925,^TWII,yfinance,2y,2026-10-08,scan_20261009_174201,False,False
True,0,-1.066668192545573,-0.7000020345052083,True,False,賣出 (動能轉弱),79.9000015258789,2026-10-08 00:00:00,80.225,-0.03999977111817543,True,False,0.7459499130727723,False,0.0016202479333708062,34.81482515984851,0.0016779726545715242,0.0017956909832456058,-0.36081412447094285,-2.626927045683669,-7.484186679383786,-0.36081412447094285,False,False,False,False,False,False,0.10065089203610982,False,-0.06440280915373664,中性,7823.TW,奧義賽博-KY創,0,v1,phase6a,2026-07-12,0,0,0,0,0,0,v1,566,0.07528641571194762,566,0.07528641571194762,566,0.07528641571194762,^TWII,yfinance,2y,2026-10-08,scan_20261009_174201,False,False
True,0,-0.016666412353515625,-0.00833352406819661,True,False,賣出 (動能轉弱),30.100000381469727,2026-10-08 00:00:00,30.439999961853026,-0.04250001907348633,False,False,1.470430421504415,False,0.0006103812575865948,32.13403678767403,0.0006372646104002475,0.0006907926885865094,-0.4420951735141343,-2.439257831302444,-7.598371420977479,-0.4420951735141343,False,False,False,False,False,False,0.02267479149190131,False,-0.13005775407814313,中性,1533.TW,車王電,0,v1,phase6a,2026-07-12,0,0,0,0,0,0,v1,330,0.46153846153846156,330,0.46153846153846156,333,0.45662847790507366,^TWII,yfinance,2y,2026-10-08,scan_20261009_174201,False,False
True,1,-0.01666704813639322,0.14166641235351562,True,False,賣出 (動能轉弱),48.20000076293945,2026-10-08 00:00:00,48.597500228881835,-0.017499923706054688,True,False,0.4109649423704524,False,0.0009774211531063531,30.275139038391345,0.0010159646235761062,0.0010990712320821019,-0.3977569199587694,-2.2202178756984825,-6.33233360753056,-0.3977569199587694,False,False,False,False,False,False,0.024737824406922886,False,-0.1315315177848747,中性,8097.TWO,常珵,0,v1,phase6a,2026-07-12,0,0,0,0,0,0,v1,573,0.06382978723404255,573,0.06382978723404255,573,0.06382978723404255,^TWII,yfinance,2y,2026-10-08,scan_20261009_174201,False,False
True,0,2.1500008900960283,1.3083337148030598,True,False,買入 (動能增強),51.29999923706055,2026-10-08 00:00:00,51.08500003814697,0.09499988555908345,False,True,0.7544719879127562,False,0.0010402843073644983,171.69543914130873,0.001062040645080571,0.000995064684544493,-0.215171903563538,-1.0424752977521212,0.7293118163023138,-0.215171903563538,False,True,True,False,False,False,0.5912590714692926,False,-0.1290322935811664,中性,6141.TW,柏承,2,v1,phase6a,2026-07-12,0,2,4,2,2,2,v1,168,0.7266775777414075,168,0.7266775777414075,169,0.7250409165302782,^TWII,yfinance,2y,2026-10-08,scan_20261009_174201,False,False
True,0,0.11666679382324219,0.3833338419596354,True,False,觀望 (動能減弱),34.349998474121094,2026-10-08 00:00:00,34.979999732971194,-0.017500114440913705,False,False,2.107716659135435,True,0.0006965646179738647,52.80365425014457,0.0007275681249837304,0.00074574831218031,-0.44654976896144616,-1.9879167964925393,-2.8842258606903592,-0.44654976896144616,False,False,False,False,False,False,0.08475069312569625,False,-0.03781518935483641,中性,1612.TW,宏泰,0,v1,phase6a,2026-07-12,0,0,0,0,0,0,v1,337,0.4500818330605565,337,0.4500818330605565,340,0.4451718494271686,^TWII,yfinance,2y,2026-10-08,scan_20261009_174201,False,False
True,0,0.7250003814697266,0.9833329518636067,True,False,觀望 (動能減弱),44.150001525878906,2026-10-08 00:00:00,43.729999732971194,0.012500000000002842,False,True,0.9403957598479277,False,0.000895293458880023,25.780709058570977,0.0009208099330645288,0.0010128243710336765,-0.2908453319407256,-1.9022093498175185,-7.655255466016142,-0.2908453319407256,False,False,False,False,False,False,0.04267204253920458,False,-0.23006389314721976,中性,2497.TW,怡利電,0,v1,phase6a,2026-07-12,0,0,2,0,0,0,v1,379,0.381342062193126,379,0.381342062193126,381,0.3780687397708674,^TWII,yfinance,2y,2026-10-08,scan_20261009_174201,False,False
True,1,-0.1916666030883789,-0.1333332061767578,True,False,賣出 (動能轉弱),29.700000762939453,2026-10-08 00:00:00,29.88000030517578,-0.004999923706055398,False,False,0.9450154937589008,False,0.0006022698865866471,17.310778934004144,0.000623602195909565,0.0006587552836482776,-0.3587943579226871,-2.1972183766019726,-5.709735092486712,-0.3587943579226871,False,False,False,False,False,False,0.03226468118882632,False,-0.05863703704778456,中性,7705.TW,三商餐飲,0,v1,phase6a,2026-07-12,0,0,0,0,0,0,v1,559,0.0867430441898527,559,0.0867430441898527,559,0.0867430441898527,^TWII,yfinance,2y,2026-10-08,scan_20261009_174201,False,False
True,0,1.2715657552037074e-06,0.16666793823242188,True,False,觀望 (動能減弱),73.0,2026-10-08 00:00:00,72.33500022888184,-0.024999999999991473,True,True,0.9689194053107627,False,0.001480326619239921,32.99712184230564,0.0015270988049190934,0.0016770592833864684,-0.3213653163180452,-2.4087029077228705,-10.484001220639227,-0.3213653163180452,False,False,False,False,False,False,0.059314550616299484,False,-0.22008545737120566,中性,5388.TW,中磊,0,v1,phase6a,2026-07-12,0,0,1,0,0,0,v1,476,0.2225859247135843,476,0.2225859247135843,477,0.220949263502455,^TWII,yfinance,2y,2026-10-08,scan_20261009_174201,False,False
True,0,1.9249995549519854,1.7416664759318032,True,False,買入 (動能增強),32.0,2026-10-08 00:00:00,29.92750005722046,0.18500003814697408,False,True,0.9566741052683172,False,0.0006489102988448969,53.52161434314818,0.0006133935941762379,0.0005830931210541824,0.613232160839261,2.129580896741512,19.381276882596854,0.613232160839261,True,True,True,False,False,True,0.9026152380271439,False,-0.004665677099833565,偏強 (RS上升),3354.TWO,律勝,2,v1,phase6a,2026-07-12,2,4,4,4,2,4,v1,134,0.7823240589198036,134,0.7823240589198036,35,0.9443535188216039,^TWII,yfinance,2y,2026-10-08,scan_20261009_174201,False,False
False,0,0.30833339691162104,0.3999999364217122,False,True,強烈買入 (爆發),24.200000762939453,2026-10-08 00:00:00,24.125000095367433,0.015000057220461827,False,True,0.20337052754314844,False,0.0004907384289726804,55.72962419532233,0.0005032979898767588,0.0005126648170785047,-0.26199098616194183,-1.4836193671325382,-3.4353663291985304,-0.26199098616194183,False,False,False,False,False,False,0.06613258985778171,False,-0.02615692589747276,中性,1470.TW,大統新創,3,v1,phase6a,2026-07-12,0,3,5,3,3,3,v1,26,0.9590834697217676,26,0.9590834697217676,40,0.9361702127659575,^TWII,yfinance,2y,2026-10-08,scan_20261009_174201,False,False
True,1,0.11666679382324217,0.09166685740152994,True,False,買入 (動能增強),17.25,2026-10-08 00:00:00,16.987499904632568,0.007499980926514382,False,True,0.7329804555997089,False,0.00034980320797107725,20.654318410215303,0.00035634649841896377,0.0003793154761169536,-0.1929129924902795,-1.881302641942939,-6.873934668626481,-0.1929129924902795,False,False,False,False,False,False,0.09599504687100473,False,-0.05219784192943189,中性,6641.TW,基士德-KY,2,v1,phase6a,2026-07-12,0,2,4,2,2,2,v1,182,0.7037643207855974,182,0.7037643207855974,183,0.7021276595744681,^TWII,yfinance,2y,2026-10-08,scan_20261009_174201,False,False
False,0,-0.8250001271565754,-0.5583333969116211,False,True,強烈賣出 (跌破),20.5,2026-10-08 00:00:00,22.19499988555908,-0.14250001907348775,False,False,1.7360389485432781,True,0.0004157081601975121,20.658768343353895,0.0004591737400438656,0.0004771581963734358,-0.9865948089552878,-3.777235124354239,-7.274091571466579,-0.9865948089552878,False,False,False,False,False,False,0.0,False,-0.2278719175485131,中性,1435.TW,中福,0,v1,phase6a,2026-07-12,0,0,0,0,0,0,v1,320,0.4779050736497545,320,0.4779050736497545,323,0.47299509001636664,^TWII,yfinance,2y,2026-10-08,scan_20261009_174201,False,False
True,1,-0.20833301544189453,-0.1916662851969401,True,False,賣出 (動能轉弱),24.399999618530273,2026-10-08 00:00:00,24.329999923706055,-0.005000019073484907,True,True,1.3206162189086401,False,0.0004947940951336203,47.23478732614587,0.000506972499782878,0.0005226832229380772,-0.25222353960725474,-2.1026115177366744,-4.873886105998393,-0.25222353960725474,False,False,False,False,False,False,0.08962588674463039,False,-0.02594808935437498,中性,4106.TW,雃博,0,v1,phase6a,2026-07-12,0,0,1,0,0,0,v1,443,0.2765957446808511,443,0.2765957446808511,444,0.27495908346972175,^TWII,yfinance,2y,2026-10-08,scan_20261009_174201,False,False
False,0,-3.2499999999999996,-2.333333333333333,False,True,強烈賣出 (跌破),117.0,2026-10-08 00:00:00,118.4,-0.04999999999999716,True,False,0.7437927438840368,False,0.0023725782801516542,49.989273367076954,0.002470755617391577,0.0026211285464137852,-0.41652887414709294,-2.5764191809371395,-7.224714349818617,-0.41652887414709294,False,False,False,False,False,False,0.04604791172097729,False,-0.09999999999999998,中性,4953.TWO,緯致,0,v1,phase6a,2026-07-12,0,0,0,0,0,0,v1,468,0.23567921440261866,468,0.23567921440261866,469,0.23404255319148937,^TWII,yfinance,2y,2026-10-08,scan_20261009_174201,False,False
True,0,2.266666412353515,2.183333079020182,True,False,買入 (動能增強),102.5,2026-10-08 00:00:00,101.99500007629395,0.025000000000005684,False,True,0.8185348143068064,False,0.0020785408009875604,41.94324881277949,0.002133156866003817,0.0022553483231472836,-0.26878505533651786,-1.6150341603761054,-4.285515783607041,-0.26878505533651786,False,False,False,False,False,False,0.08484258411114146,False,-0.03387772011514756,中性,1514.TW,亞力,2,v1,phase6a,2026-07-12,0,2,4,2,2,2,v1,98,0.8412438625204582,98,0.8412438625204582,105,0.8297872340425532,^TWII,yfinance,2y,2026-10-08,scan_20261009_174201,False,False
True,0,0.1049997806549072,0.08000000317891437,True,False,買入 (動能增強),8.15999984741211,2026-10-08 00:00:00,8.088500094413757,-0.0019999980926517225,True,True,0.4104372900445899,False,0.00016547212311120328,37.207312284546646,0.0001694875979026565,0.00017867778443302556,-0.24876750149507298,-1.8231630497166251,-6.1413802530593475,-0.24876750149507298,False,False,False,False,False,False,0.052569676241275176,False,-0.054212150380221646,中性,1417.TW,嘉裕,2,v1,phase6a,2026-07-12,0,2,3,2,2,2,v1,89,0.855973813420622,89,0.855973813420622,96,0.8445171849427169,^TWII,yfinance,2y,2026-10-08,scan_20261009_174201,False,False
True,1,-0.07499996821085611,-0.056666692097981766,True,False,賣出 (動能轉弱),9.880000114440918,2026-10-08 00:00:00,9.980499887466431,-0.005999994277953391,True,False,2.8543384819571083,True,0.00020035105708904598,34.18439219085847,0.00020817391373683319,0.0002198683241928783,-0.39400428116314057,-2.353565677719438,-5.619703764015949,-0.39400428116314057,False,False,False,False,False,False,0.02332254756886641,False,-0.05454542633760129,中性,1324.TW,地球,0,v1,phase6a,2026-07-12,0,0,0,0,0,0,v1,313,0.48936170212765956,313,0.48936170212765956,316,0.4844517184942717,^TWII,yfinance,2y,2026-10-08,scan_20261009_174201,False,False
True,0,0.3249999682108561,0.3500000635782877,True,False,觀望 (動能減弱),13.149999618530273,2026-10-08 00:00:00,12.8875,0.022499990463256125,False,True,1.1688631129162423,False,0.00026666156819596127,41.44047288049847,0.000271504378910839,0.0002901549965078481,-0.18740552718340409,-1.5532373582435754,-6.815521480335551,-0.18740552718340409,False,False,False,False,False,False,0.04153071760850843,False,-0.21492539590864035,中性,8421.TWO,旭源,0,v1,phase6a,2026-07-12,0,0,2,0,0,0,v1,580,0.05237315875613748,580,0.05237315875613748,580,0.05237315875613748,^TWII,yfinance,2y,2026-10-08,scan_20261009_174201,False,False
True,0,-0.3166669209798177,-0.2833334604899088,True,False,賣出 (動能轉弱),23.75,2026-10-08 00:00:00,24.200000095367432,-0.039999961853027344,True,False,0.4988606379358572,False,0.0004816131124239469,30.263600064642258,0.0005052544125484436,0.0005449686681733728,-0.4901215876224607,-2.6527907919556393,-7.3579958421849945,-0.4901215876224607,False,False,False,False,False,False,0.0103029610467346,False,-0.13949276551657463,中性,1410.TW,南染,0,v1,phase6a,2026-07-12,0,0,0,0,0,0,v1,316,0.4844517184942717,316,0.4844517184942717,319,0.4795417348608838,^TWII,yfinance,2y,2026-10-08,scan_20261009_174201,False,False
True,0,-0.8333326975504556,-1.2000001271565757,True,False,觀察 (跌勢收斂),62.5,2026-10-08 00:00:00,62.69500026702881,-0.07499999999999574,True,False,0.4642946879702075,False,0.0012674029274314393,68.96762670042989,0.0012945321632792026,0.0012944691768146208,-0.22011220372433193,-1.6839785114900696,-1.4333597079341898,-0.22011220372433193,False,False,True,False,False,False,0.4165094771582673,False,-0.038461538461538436,中性,2612.TW,中航,1,v1,phase6a,2026-07-12,0,1,1,1,1,1,v1,232,0.6219312602291326,232,0.6219312602291326,234,0.618657937806874,^TWII,yfinance,2y,2026-10-08,scan_20261009_174201,False,False
True,0,-0.14166657129923502,-0.10833326975504556,True,False,賣出 (動能轉弱),14.300000190734863,2026-10-08 00:00:00,14.387500047683716,-0.0025000095367424535,False,False,0.927493905004029,False,0.0002899817936641201,37.58241921373859,0.00029927362728339224,0.00031259059318548767,-0.32575592425516664,-2.318330959995285,-4.559265282047864,-0.32575592425516664,False,False,False,False,False,False,0.10620148313913655,False,-0.017182130358953218,中性,1457.TW,宜進,0,v1,phase6a,2026-07-12,0,0,0,0,0,0,v1,323,0.47299509001636664,323,0.47299509001636664,326,0.46808510638297873,^TWII,yfinance,2y,2026-10-08,scan_20261009_174201,False,False
False,0,-0.45833253860473633,-0.23333279291788733,False,True,強烈賣出 (跌破),15.850000381469727,2026-10-08 00:00:00,16.7324999332428,-0.09250001907348349,True,False,1.3596408670423583,False,0.00032141339013222654,31.358600805727214,0.00035226974149664956,0.0003961850524481026,-0.9136074712195574,-4.161273498003082,-14.217286306009115,-0.9136074712195574,False,False,False,False,False,False,0.0272531212743267,False,-0.23058252000192958,中性,2380.TW,虹光,0,v1,phase6a,2026-07-12,0,0,0,0,0,0,v1,363,0.4075286415711948,363,0.4075286415711948,366,0.4026186579378069,^TWII,yfinance,2y,2026-10-08,scan_20261009_174201,False,False
True,0,0.5333334604899088,0.3916670481363932,True,False,買入 (動能增強),36.349998474121094,2026-10-08 00:00:00,35.46500034332276,0.05749988555908203,False,True,1.4526525450218077,False,0.0007371215116516708,39.88508019821514,0.0007386923209819372,0.0007503116070523451,-0.02237891781020629,-1.3904865874566075,-1.795194052398763,-0.02237891781020629,False,False,False,False,False,False,0.3388521881741266,False,0.0,中性,1102.TW,亞泥,2,v1,phase6a,2026-07-12,0,2,4,2,2,2,v1,82,0.867430441898527,82,0.867430441898527,89,0.855973813420622,^TWII,yfinance,2y,2026-10-08,scan_20261009_174201,False,False
True,0,0.1333332061767578,0.2583332061767578,True,False,觀望 (動能減弱),23.850000381469727,2026-10-08 00:00:00,23.687500190734863,-0.0024999618530294754,True,True,0.4758257931743045,False,0.00048364096484345076,26.644525605901915,0.0004959362143867857,0.0005425462484022411,-0.26028912568843987,-2.238970854348832,-6.089477308260016,-0.26028912568843987,False,False,False,False,False,False,0.12029712226709613,False,-0.09659088158738804,中性,1587.TW,吉茂,0,v1,phase6a,2026-07-12,0,0,1,0,0,0,v1,334,0.45499181669394434,334,0.45499181669394434,337,0.4500818330605565,^TWII,yfinance,2y,2026-10-08,scan_20261009_174201,False,False
True,2,-0.1416660944620768,-0.10833263397216797,True,False,賣出 (動能轉弱),26.0,2026-10-08 00:00:00,26.062499809265137,0.0,False,False,0.9309893091394333,False,0.0005272396178114787,22.854905680979137,0.0005433996542028028,0.0005738577967449645,-0.31206278563998824,-2.2602656117849618,-5.400175591012646,-0.31206278563998824,False,False,False,False,False,False,0.09116671351823484,False,-0.05282334144402334,中性,1475.TW,業旺,0,v1,phase6a,2026-07-12,0,0,0,0,0,0,v1,326,0.46808510638297873,326,0.46808510638297873,329,0.46317512274959083,^TWII,yfinance,2y,2026-10-08,scan_20261009_174201,False,False
True,0,80.99999999999999,65.66666666666666,True,False,買入 (動能增強),877.0,2026-10-08 00:00:00,792.15,6.5,False,True,1.4141083585217094,False,0.017784197877717955,471.8882333898587,0.01649711548585792,0.015465400771977725,0.8280491071472218,1.5643883630557909,10.492038536266968,0.8280491071472218,True,True,True,False,False,True,0.9268110033434943,False,0.0,偏強 (RS上升),3026.TW,禾伸堂,2,v1,phase6a,2026-07-12,2,4,4,4,2,4,v1,127,0.7937806873977087,127,0.7937806873977087,34,0.9459901800327333,^TWII,yfinance,2y,2026-10-08,scan_20261009_174201,False,False
True,0,-0.46666622161865234,-0.39999961853027344,True,False,賣出 (動能轉弱),25.100000381469727,2026-10-08 00:00:00,25.399999809265136,-0.044999980926515804,False,False,2.2969868936630187,True,0.0005089890233920796,24.98350700157178,0.0005297147476458859,0.0005609703319269027,-0.41016543315605114,-2.4608641877039594,-6.7545981158991575,-0.41016543315605114,False,False,False,False,False,False,0.02161070395476908,False,-0.0822669092730407,中性,7782.TWO,光速火箭,0,v1,phase6a,2026-07-12,0,0,0,0,0,0,v1,564,0.07855973813420622,564,0.07855973813420622,564,0.07855973813420622,^TWII,yfinance,2y,2026-10-08,scan_20261009_174201,False,False
True,1,0.6083335876464843,0.950000762939453,True,False,觀望 (動能減弱),46.25,2026-10-08 00:00:00,46.617500114440915,-0.052499961853030186,True,False,0.5836763520631771,False,0.000937878166299265,52.86921934348417,0.0009832976155606243,0.0010584648316909204,-0.48386784306841957,-2.7994132007246764,-9.985369701286883,-0.48386784306841957,False,False,False,False,False,False,0.02045728084498836,False,-0.22312140624703647,中性,3594.TWO,磐儀,0,v1,phase6a,2026-07-12,0,0,0,0,0,0,v1,435,0.2896890343698854,435,0.2896890343698854,436,0.28805237315875615,^TWII,yfinance,2y,2026-10-08,scan_20261009_174201,False,False
True,0,0.2666667302449544,0.36666679382324213,True,False,觀望 (動能減弱),16.149999618530273,2026-10-08 00:00:00,16.062499904632567,0.014999961853025212,False,True,0.6633477373315575,False,0.0003274969087126703,26.0397040330862,0.00033585769343318875,0.0003544684667491589,-0.26135547146555194,-1.9941925119339565,-3.9774650601535844,-0.26135547146555194,False,False,False,False,False,False,0.12446373848647477,False,-0.1877915655033351,中性,2482.TW,連宇,0,v1,phase6a,2026-07-12,0,0,2,0,0,0,v1,376,0.3862520458265139,376,0.3862520458265139,378,0.3829787234042553,^TWII,yfinance,2y,2026-10-08,scan_20261009_174201,False,False
True,0,0.03333409627278647,-0.26666577657063806,True,False,買入 (動能增強),55.20000076293945,2026-10-08 00:00:00,54.60500011444092,0.0,False,True,0.05581320811280899,False,0.0011193702809786743,41.3096188216594,0.0011395104006075574,0.0011898207281548655,-0.18570043054226826,-1.8678956696503435,-5.270559424888743,-0.18570043054226826,False,False,False,False,False,False,0.08058337732329911,False,-0.019538161439210056,中性,9937.TW,全國,4,v1,phase6a,2026-07-12,0,4,5,4,4,4,v1,23,0.9639934533551555,23,0.9639934533551555,27,0.9574468085106383,^TWII,yfinance,2y,2026-10-08,scan_20261009_174201,False,True
True,1,-0.6500015258789062,-0.21666781107584632,True,False,賣出 (動能轉弱),60.599998474121094,2026-10-08 00:00:00,61.78499984741211,-0.11000003814697124,True,False,1.1889303141252618,False,0.0012288738474950692,38.265506826064666,0.001285161415782951,0.001330949431229584,-0.45891638876993657,-2.324319825079535,-4.851214013633475,-0.45891638876993657,False,False,False,False,False,False,0.0858829463353384,False,-0.09821426746796502,中性,3438.TWO,類比科,0,v1,phase6a,2026-07-12,0,0,0,0,0,0,v1,431,0.29623567921440264,431,0.29623567921440264,432,0.2945990180032733,^TWII,yfinance,2y,2026-10-08,scan_20261009_174201,False,False
True,0,0.7083334922790527,0.6250001589457195,True,False,買入 (動能增強),14.949999809265137,2026-10-08 00:00:00,14.397499990463256,0.029999971389770508,False,True,0.8170995527594556,False,0.0003031627763737935,38.0829553308187,0.00030133913455093005,0.00030780611422864546,0.0637436824350246,-0.620668947980374,-0.8985676133795528,0.0637436824350246,True,False,False,False,False,True,0.25358432994527186,False,-0.009933812477823878,中性,1456.TW,怡華,4,v1,phase6a,2026-07-12,0,4,6,4,4,4,v1,6,0.9918166939443536,6,0.9918166939443536,11,0.983633387888707,^TWII,yfinance,2y,2026-10-08,scan_20261009_174201,False,True
True,0,-0.028333346048990883,-0.028333425521850586,True,False,觀察 (跌勢收斂),4.400000095367432,2026-10-08 00:00:00,4.4464998960495,-0.005500006675720037,True,False,0.5211829090331834,False,8.922516802507672e-05,26.201365945083232,9.303992841663157e-05,0.00010069228379357687,-0.4297381807539802,-2.61479846438325,-7.787654492497486,-0.4297381807539802,False,False,False,False,False,False,0.025647562172215903,False,-0.1287128853103756,中性,1337.TW,再生-KY,1,v1,phase6a,2026-07-12,0,1,1,1,1,1,v1,209,0.6595744680851063,209,0.6595744680851063,211,0.6563011456628478,^TWII,yfinance,2y,2026-10-08,scan_20261009_174201,False,False
True,0,0.16666603088378903,0.258332888285319,True,False,觀望 (動能減弱),18.799999237060547,2026-10-08 00:00:00,18.914999961853027,-0.010000038146973367,True,False,0.7551197754431502,False,0.00038123478510014976,35.81445682769379,0.00039654778701472175,0.0004247291162976677,-0.40483630348234767,-2.3468821129615125,-7.019562758647502,-0.40483630348234767,False,False,False,False,False,False,0.050396706441109114,False,-0.09178750994447316,中性,2331.TW,精英,0,v1,phase6a,2026-07-12,0,0,0,0,0,0,v1,354,0.42225859247135844,354,0.42225859247135844,357,0.41734860883797054,^TWII,yfinance,2y,2026-10-08,scan_20261009_174201,False,False
True,0,-0.016666730244954436,6.938893903907228e-18,True,False,賣出 (動能轉弱),24.0,2026-10-08 00:00:00,23.902500057220458,0.0274999618530245,False,True,0.666574281810065,False,0.0004866827241336727,27.636659998801168,0.0004990379773714246,0.0005334975943414601,-0.25993460297796256,-1.9848570814066768,-5.190844933147243,-0.25993460297796256,False,False,False,False,False,False,0.06701751821350987,False,-0.0697674143522814,中性,4523.TWO,永彰,0,v1,phase6a,2026-07-12,0,0,2,0,0,0,v1,456,0.2553191489361702,456,0.2553191489361702,457,0.25368248772504093,^TWII,yfinance,2y,2026-10-08,scan_20261009_174201,False,False
True,0,0.03333330154418945,0.0666666030883789,True,False,觀望 (動能減弱),13.949999809265137,2026-10-08 00:00:00,13.857500028610229,-0.00250000953674423,True,True,1.8019794213950078,True,0.00028288432953489043,28.561872611572614,0.0002894523927228655,0.00030275924960422205,-0.23828706632990082,-2.018895230700679,-5.285069777243223,-0.23828706632990082,False,False,False,False,False,False,0.10171535963714029,False,-0.02866666896867165,中性,4401.TWO,東隆興,2,v1,phase6a,2026-07-12,0,2,3,2,2,2,v1,146,0.762684124386252,146,0.762684124386252,150,0.7561374795417348,^TWII,yfinance,2y,2026-10-08,scan_20261009_174201,False,True
True,0,3.1666666666666665,3.583333333333333,True,False,觀望 (動能減弱),154.5,2026-10-08 00:00:00,152.675,0.10000000000002274,False,True,0.5623390793286759,False,0.003133020036610518,44.5024859677821,0.003187672956884036,0.003180323315575982,-0.1801494433804618,-1.0373103468401257,-2.702743658198714,-0.1801494433804618,False,False,True,False,False,False,0.08865808363875004,False,-0.058816093126092706,中性,2377.TW,微星,2,v1,phase6a,2026-07-12,0,2,4,2,2,2,v1,114,0.8150572831423896,114,0.8150572831423896,121,0.8036006546644845,^TWII,yfinance,2y,2026-10-08,scan_20261009_174201,False,True
True,1,0.050000031789143876,0.02500009536743164,True,False,買入 (動能增強),12.600000381469727,2026-10-08 00:00:00,12.59000005722046,-0.0049999713897701525,False,True,1.178216674046357,False,0.0002555084379057917,34.783904604270134,0.0002634036924721113,0.00028285077199113385,-0.31452311217680107,-2.164824117919484,-6.341618063876053,-0.31452311217680107,False,False,False,False,False,False,0.05276055006038926,False,-0.09352512753507569,中性,2904.TW,匯僑,2,v1,phase6a,2026-07-12,0,2,3,2,2,2,v1,123,0.8003273322422259,123,0.8003273322422259,130,0.7888707037643208,^TWII,yfinance,2y,2026-10-08,scan_20261009_174201,False,False
True,0,0.2833334604899088,0.4083336194356282,True,False,觀望 (動能減弱),11.899999618530273,2026-10-08 00:00:00,12.090000104904174,0.0024999618530259227,False,False,2.6499286101322195,True,0.00024131350964733247,26.945353233212547,0.0002541415405227117,0.0002669168580496076,-0.5285174415448401,-1.738079387991076,-5.5924421374167865,-0.5285174415448401,False,False,False,False,False,False,0.0406743227245784,False,-0.15602841868222228,中性,3672.TWO,康聯訊,0,v1,phase6a,2026-07-12,0,0,1,0,0,0,v1,439,0.28314238952536824,439,0.28314238952536824,440,0.281505728314239,^TWII,yfinance,2y,2026-10-08,scan_20261009_174201,False,False
True,1,0.35833326975504554,0.1416664123535156,True,False,買入 (動能增強),22.299999237060547,2026-10-08 00:00:00,21.71249990463257,0.007499980926514382,False,True,1.2264975974544958,False,0.0004522093490363104,7.4442880592849825,0.00045820648025646113,0.0005152604456553146,-0.13758174008113855,-2.0015481453419692,-9.538937206720666,-0.13758174008113855,False,False,False,False,False,True,0.10476580062309092,False,-0.18014710986902827,中性,2230.TWO,泰茂,2,v1,phase6a,2026-07-12,0,2,4,2,2,2,v1,113,0.8166939443535188,113,0.8166939443535188,120,0.8052373158756138,^TWII,yfinance,2y,2026-10-08,scan_20261009_174201,False,False
True,1,12.75,15.416666666666666,True,False,觀望 (動能減弱),522.0,2026-10-08 00:00:00,525.325,-0.25,True,False,0.5787833454617566,False,0.01058534924990738,125.20310100365401,0.011087441568037164,0.011162104435387671,-0.4744203864840313,-1.5862266102382394,-8.549583262843418,-0.4744203864840313,False,False,False,False,False,False,0.38147915437405944,False,-0.19195046439628483,中性,3450.TW,聯鈞,3,v1,phase6a,2026-07-12,0,3,3,3,3,3,v1,51,0.9181669394435352,51,0.9181669394435352,60,0.9034369885433715,^TWII,yfinance,2y,2026-10-08,scan_20261009_174201,True,True
True,1,0.1333332061767578,-0.016667048136393227,True,False,買入 (動能增強),56.900001525878906,2026-10-08 00:00:00,56.099999809265135,0.04500007629394531,False,True,4.138182838305286,True,0.0011538436560760365,48.34603470398134,0.0011712738541411476,0.0012196007076557876,-0.1564013487377669,-1.9117710701080703,-4.773380906899572,-0.1564013487377669,False,False,False,False,False,False,0.09907128646238504,False,-0.015570894862652063,中性,1720.TW,生達,4,v1,phase6a,2026-07-12,0,4,6,4,4,4,v1,11,0.983633387888707,11,0.983633387888707,16,0.9754500818330606,^TWII,yfinance,2y,2026-10-08,scan_20261009_174201,False,True
True,0,0.08333333333333331,-0.03333314259847006,True,False,買入 (動能增強),28.399999618530273,2026-10-08 00:00:00,28.094999980926513,-0.01249999999999929,False,True,0.5704372458496403,False,0.0005759078824892325,38.11293831185055,0.0005869244330799222,0.0006049146146922287,-0.1971889672703231,-1.8744414255964625,-5.5922409720222,-0.1971889672703231,False,False,False,False,False,False,0.14458787998013245,False,-0.06425043619208759,中性,1402.TW,遠東新,4,v1,phase6a,2026-07-12,0,4,5,4,4,4,v1,5,0.9934533551554828,5,0.9934533551554828,10,0.9852700490998363,^TWII,yfinance,2y,2026-10-08,scan_20261009_174201,False,True
True,0,0.24166663487752277,0.26666688919067383,True,False,觀望 (動能減弱),15.149999618530273,2026-10-08 00:00:00,14.934999942779541,0.014999961853026988,False,True,0.25433501549920123,False,0.0003072184618737673,30.137253269277302,0.000313300512182565,0.00033598827858725885,-0.203928883661586,-1.845572493367098,-5.820842935701576,-0.203928883661586,False,False,False,False,False,False,0.06560180921948718,False,-0.0733945403634042,中性,8940.TW,新天地,0,v1,phase6a,2026-07-12,0,0,2,0,0,0,v1,598,0.022913256955810146,598,0.022913256955810146,598,0.022913256955810146,^TWII,yfinance,2y,2026-10-08,scan_20261009_174201,False,False
True,0,0.08333333333333333,0.09999974568684895,True,False,觀望 (動能減弱),21.399999618530273,2026-10-08 00:00:00,21.527500057220458,-0.03000001907348704,False,False,0.6781957801112491,False,0.00043395875461691124,29.3489063591992,0.00045121075866933977,0.00048433414364791784,-0.4008594172661084,-2.4147436387440213,-7.708566679517648,-0.4008594172661084,False,False,False,False,False,False,0.047495870404919906,False,-0.08642518848985414,中性,8076.TWO,伍豐,0,v1,phase6a,2026-07-12,0,0,0,0,0,0,v1,572,0.06546644844517185,572,0.06546644844517185,572,0.06546644844517185,^TWII,yfinance,2y,2026-10-08,scan_20261009_174201,False,False
True,1,-0.17499923706054685,-0.24166584014892575,True,False,觀察 (跌勢收斂),24.5,2026-10-08 00:00:00,24.535000038146972,-0.014999961853028765,False,False,1.3872832369942196,False,0.0004968219475531242,32.37416391988958,0.0005120183083093579,0.0005429873789174082,-0.31144102320596057,-2.4891785839860847,-6.157768195451874,-0.31144102320596057,False,False,False,False,False,False,0.15332644820095578,False,-0.04854368932038833,中性,6767.TWO,台微醫,1,v1,phase6a,2026-07-12,0,1,1,1,1,1,v1,285,0.5351882160392799,285,0.5351882160392799,286,0.5335515548281505,^TWII,yfinance,2y,2026-10-08,scan_20261009_174201,False,False
False,0,0.6416664123535156,0.42499987284342444,False,True,強烈買入 (爆發),30.25,2026-10-08 00:00:00,27.684999847412108,0.10749998092651225,False,True,5.874246127336346,True,0.0006134230168768166,33.79960525335057,0.0005828225405915115,0.0006400793366131232,0.5557444403456957,-1.3685142289872387,-6.108549605501013,0.5557444403456957,True,False,False,False,False,True,0.3663956642624236,False,-0.08333333333333337,中性,3447.TW,展達,3,v1,phase6a,2026-07-12,0,3,5,3,3,3,v1,50,0.9198036006546645,50,0.9198036006546645,59,0.9050736497545008,^TWII,yfinance,2y,2026-10-08,scan_20261009_174201,False,False
True,0,-0.028333346048990887,-0.05833323796590169,True,False,觀察 (跌勢收斂),7.389999866485596,2026-10-08 00:00:00,7.357500052452087,-0.008000016212463379,True,True,0.39220601990500553,False,0.00014985771943202864,19.418288161028485,0.0001546644501470694,0.00016864696824951791,-0.3260748075189057,-2.5501508636872283,-9.685963743178494,-0.3260748075189057,False,False,False,False,False,False,0.057930947427948826,False,-0.18701873020522564,中性,5905.TWO,南仁湖,1,v1,phase6a,2026-07-12,0,1,2,1,1,1,v1,266,0.5662847790507365,266,0.5662847790507365,268,0.563011456628478,^TWII,yfinance,2y,2026-10-08,scan_20261009_174201,False,False
True,0,-0.20833333333333331,-0.10833295186360678,True,False,賣出 (動能轉弱),22.549999237060547,2026-10-08 00:00:00,23.279999828338624,-0.05500001907348562,False,False,1.613349327261753,True,0.00045727896074603615,31.619917323491865,0.00048745455245246096,0.0005295256669851366,-0.6474068137020672,-2.881570237929343,-9.023145603401039,-0.6474068137020672,False,False,False,False,False,False,0.0,False,-0.16635859988619373,中性,1443.TW,立益物流,0,v1,phase6a,2026-07-12,0,0,0,0,0,0,v1,321,0.4762684124386252,321,0.4762684124386252,324,0.4713584288052373,^TWII,yfinance,2y,2026-10-08,scan_20261009_174201,False,False
True,0,1.3250001271565754,1.3499997456868489,True,False,觀望 (動能減弱),43.20000076293945,2026-10-08 00:00:00,43.18249988555908,-0.0024999618530259227,True,True,1.0869885969512754,False,0.000876028918911838,61.44757128342183,0.0009095394523917053,0.0009940617134564975,-0.38632707699786106,-1.5476813005534051,-7.359192356963485,-0.38632707699786106,False,False,False,False,False,False,0.0,False,-0.21823382721899243,中性,6282.TW,康舒,0,v1,phase6a,2026-07-12,0,0,1,0,0,0,v1,508,0.1702127659574468,508,0.1702127659574468,509,0.1685761047463175,^TWII,yfinance,2y,2026-10-08,scan_20261009_174201,False,False
False,0,5.833333333333333,3.7499999999999996,False,True,強烈買入 (爆發),191.5,2026-10-08 00:00:00,180.6,0.5749999999999886,False,True,4.885045697743581,True,0.00388332256964993,46.95878823976837,0.0038018071729378137,0.004007598153961928,0.22620763188678783,-1.2772539869451371,-6.068847482691641,0.22620763188678783,True,False,False,False,False,True,0.2742427773460494,False,0.0,中性,6146.TWO,耕興,3,v1,phase6a,2026-07-12,0,3,5,3,3,3,v1,64,0.8968903436988543,64,0.8968903436988543,71,0.8854337152209493,^TWII,yfinance,2y,2026-10-08,scan_20261009_174201,False,False
True,0,0.17500019073486334,0.3416668574015299,True,False,觀望 (動能減弱),24.649999618530273,2026-10-08 00:00:00,24.927499866485597,-0.00749998092651083,False,False,0.5138224066273749,False,0.000499863706843346,72.46978103387174,0.0005186026140701213,0.0005423986196104705,-0.37891102247555875,-1.919893714177523,-2.611950303196209,-0.37891102247555875,False,False,False,False,False,False,0.058296644592646774,False,-0.027613441909497438,中性,1780.TWO,立弘,0,v1,phase6a,2026-07-12,0,0,0,0,0,0,v1,339,0.44680851063829785,339,0.44680851063829785,342,0.44189852700491,^TWII,yfinance,2y,2026-10-08,scan_20261009_174201,False,False
True,0,-0.6249996821085612,-0.65833314259847,True,False,觀察 (跌勢收斂),23.850000381469727,2026-10-08 00:00:00,24.122500038146974,-0.039999961853027344,False,False,0.7655577268788304,False,0.00048364096484345076,36.82085689362395,0.000501859445594334,0.0005304168256753987,-0.380671235310992,-2.2256873395142263,-6.150100004189884,-0.380671235310992,False,False,False,False,False,False,0.036563053001428564,False,-0.06653616071835156,中性,6496.TWO,科懋,1,v1,phase6a,2026-07-12,0,1,1,1,1,1,v1,277,0.5482815057283142,277,0.5482815057283142,278,0.546644844517185,^TWII,yfinance,2y,2026-10-08,scan_20261009_174201,False,False
False,0,36.58333333333333,23.416666666666668,False,True,強烈買入 (爆發),530.0,2026-10-08 00:00:00,496.925,0.19999999999998863,False,True,0.6372736970900262,False,0.010747576824618604,326.9727982654561,0.010473491854454122,0.010203337186407415,0.2762282593508747,1.096941327314238,-2.8637228261389147,0.2762282593508747,True,True,True,False,False,True,0.6750863398622634,False,-0.08620689655172409,偏強 (RS上升),6727.TWO,亞泰金屬,3,v1,phase6a,2026-07-12,2,5,5,5,3,5,v1,74,0.8805237315875614,74,0.8805237315875614,8,0.9885433715220949,^TWII,yfinance,2y,2026-10-08,scan_20261009_174201,False,False
True,0,0.1250006357828776,0.3166669209798177,True,False,觀望 (動能減弱),38.650001525878906,2026-10-08 00:00:00,39.304999351501465,-0.03750000000000142,False,False,0.6207169476134001,False,0.0007837620012660563,20.512412825490188,0.0008196372252171921,0.0008599640331741165,-0.45862000891393473,-2.4588861660869044,-5.0152275395223604,-0.45862000891393473,False,False,False,False,False,False,0.0037753726693084645,False,-0.13243541666042302,中性,6609.TWO,瀧澤科,0,v1,phase6a,2026-07-12,0,0,0,0,0,0,v1,525,0.14238952536824878,525,0.14238952536824878,525,0.14238952536824878,^TWII,yfinance,2y,2026-10-08,scan_20261009_174201,False,False
True,1,-0.03333314259847005,-0.008333206176757806,True,False,賣出 (動能轉弱),22.700000762939453,2026-10-08 00:00:00,22.70249996185303,-0.0024999618530259227,True,False,1.1759423574437151,False,0.00046032075871432586,44.21152636018225,0.0004737660390119021,0.00049831735836072,-0.29784264838740304,-2.021176228301824,-4.987476569383109,-0.29784264838740304,False,False,False,False,False,False,0.059841382064702374,False,-0.021551723429195646,中性,8401.TWO,白紗科,0,v1,phase6a,2026-07-12,0,0,0,0,0,0,v1,578,0.05564648117839607,578,0.05564648117839607,578,0.05564648117839607,^TWII,yfinance,2y,2026-10-08,scan_20261009_174201,False,False
True,0,0.3999993006388346,0.39999961853027344,True,False,觀望 (動能減弱),32.29999923706055,2026-10-08 00:00:00,31.95749979019165,0.02500000000000213,False,True,1.0323525917712748,False,0.0006549938174253406,19.854849887104415,0.000668310258214771,0.0007093545996321278,-0.20930349654851854,-1.937716555580704,-4.721100130873312,-0.20930349654851854,False,False,False,False,False,False,0.08899938521752566,False,-0.05417283180548105,中性,6593.TWO,台灣銘板,0,v1,phase6a,2026-07-12,0,0,2,0,0,0,v1,523,0.14566284779050737,523,0.14566284779050737,523,0.14566284779050737,^TWII,yfinance,2y,2026-10-08,scan_20261009_174201,False,False
True,0,-0.4500007629394531,-0.35833422342936194,True,False,賣出 (動能轉弱),34.20000076293945,2026-10-08 00:00:00,34.65500030517578,-0.039999961853027344,False,False,0.6168610861300409,False,0.0006935228973617107,36.60776268138723,0.0007190765351889675,0.0007528879285016858,-0.37267689988701447,-2.611936027604689,-4.20173298308012,-0.37267689988701447,False,False,False,False,False,False,0.10685410951728312,False,-0.035260930129705104,中性,3206.TWO,志豐,0,v1,phase6a,2026-07-12,0,0,0,0,0,0,v1,425,0.3060556464811784,425,0.3060556464811784,426,0.3044189852700491,^TWII,yfinance,2y,2026-10-08,scan_20261009_174201,False,False
True,0,-0.18333276112874353,-0.3833325703938802,True,False,觀察 (跌勢收斂),25.0,2026-10-08 00:00:00,24.67249984741211,0.027499961853028054,False,True,0.7259090060865907,False,0.0005069611709725757,49.482046974019376,0.0005135106908709805,0.0005166086657236239,-0.13407681725563503,-1.8797994400507223,-4.085049819986841,-0.13407681725563503,False,False,False,False,False,False,0.3095983866956152,False,-0.029126213592232997,中性,1904.TW,正隆,1,v1,phase6a,2026-07-12,0,1,3,1,1,1,v1,217,0.646481178396072,217,0.646481178396072,219,0.6432078559738135,^TWII,yfinance,2y,2026-10-08,scan_20261009_174201,False,False
True,0,0.0366667111714681,0.09500010808308917,True,False,觀望 (動能減弱),10.149999618530273,2026-10-08 00:00:00,10.106499910354614,0.0049999713897701525,False,True,0.7587333338857863,False,0.00020582622767925215,34.9926102870876,0.00021155853824113985,0.00022665727249129953,-0.28440591824245853,-2.311876172631433,-6.10652572356064,-0.28440591824245853,False,False,False,False,False,False,0.0780926281555898,False,-0.1611570827655293,中性,2390.TW,云辰,0,v1,phase6a,2026-07-12,0,0,2,0,0,0,v1,367,0.40098199672667756,367,0.40098199672667756,370,0.3960720130932897,^TWII,yfinance,2y,2026-10-08,scan_20261009_174201,False,False
True,0,0.22500006357828775,0.17499987284342447,True,False,買入 (動能增強),30.350000381469727,2026-10-08 00:00:00,30.242499923706056,-0.01249999999999929,True,True,0.7804753301091122,False,0.0006154508692963205,30.242862696361836,0.0006329755286162705,0.0006668209254830363,-0.29058635737199134,-2.0935301729440137,-6.3827537788013196,-0.29058635737199134,False,False,False,False,False,False,0.06680440570758173,False,-0.09672613810249231,中性,2105.TW,正新,2,v1,phase6a,2026-07-12,0,2,3,2,2,2,v1,111,0.8199672667757774,111,0.8199672667757774,118,0.8085106382978723,^TWII,yfinance,2y,2026-10-08,scan_20261009_174201,False,False
True,1,-0.050000190734863274,-0.04999987284342447,True,False,賣出 (動能轉弱),19.049999237060547,2026-10-08 00:00:00,18.932499980926515,0.004999923706055398,False,True,2.7006800866803866,True,0.00038630439680987556,32.15619191550366,0.00039466294696341615,0.00041295063105228875,-0.22244050382298486,-2.022420924317725,-4.387632272030084,-0.22244050382298486,False,False,False,False,False,False,0.10848786335716976,False,-0.007812579162415734,中性,8403.TWO,盛弘,0,v1,phase6a,2026-07-12,0,0,2,0,0,0,v1,579,0.054009819967266774,579,0.054009819967266774,579,0.054009819967266774,^TWII,yfinance,2y,2026-10-08,scan_20261009_174201,False,False
True,1,4.083333333333333,3.666666666666666,True,False,買入 (動能增強),188.5,2026-10-08 00:00:00,185.5,0.09999999999999432,False,True,1.1498215539021162,False,0.003822487229133221,90.8456885090569,0.003876421233584372,0.0038693736337330606,-0.14624213245788553,-1.3097794566663157,-3.530835901868179,-0.14624213245788553,False,False,True,False,False,True,0.4844220488183075,False,-0.04797979797979801,中性,3231.TW,緯創,2,v1,phase6a,2026-07-12,0,2,4,2,2,2,v1,130,0.7888707037643208,130,0.7888707037643208,136,0.779050736497545,^TWII,yfinance,2y,2026-10-08,scan_20261009_174201,False,False
True,0,-0.12833356857299805,-0.10166692733764647,True,False,賣出 (動能轉弱),9.989999771118164,2026-10-08 00:00:00,10.08900008201599,0.001499986648559215,False,False,0.9371087213062291,False,0.0002025816792792731,22.022373325334073,0.00020989597562774605,0.00022052708183816638,-0.365472497314423,-2.457531701318183,-4.849178945274657,-0.365472497314423,False,False,False,False,False,False,0.0566552439307354,False,-0.03478266638483363,中性,1805.TW,寶徠,0,v1,phase6a,2026-07-12,0,0,1,0,0,0,v1,342,0.44189852700491,342,0.44189852700491,345,0.4369885433715221,^TWII,yfinance,2y,2026-10-08,scan_20261009_174201,False,False
True,0,1.5166664123535154,1.5499998728434243,True,False,觀望 (動能減弱),59.70000076293945,2026-10-08 00:00:00,60.160000038146975,-0.01499996185302166,False,False,0.7916868086984788,False,0.001210623291753738,35.09471301226553,0.0012630288087815953,0.001365648171928819,-0.43485800149655196,-1.9668873312146284,-6.281753085448727,-0.43485800149655196,False,False,False,False,False,False,0.0053620484439765494,False,-0.1471428462437221,中性,6823.TWO,濾能,0,v1,phase6a,2026-07-12,0,0,0,0,0,0,v1,541,0.11620294599018004,541,0.11620294599018004,541,0.11620294599018004,^TWII,yfinance,2y,2026-10-08,scan_20261009_174201,False,False
True,1,-0.04999987284342447,0.04166666666666667,True,False,賣出 (動能轉弱),19.350000381469727,2026-10-08 00:00:00,19.4625,0.0025000572204589844,False,False,0.9509714767992676,False,0.0003923879540683872,18.088557480101123,0.00040887325564607535,0.0004566180933932894,-0.4226153840669933,-2.5876141275882114,-8.739383800524536,-0.4226153840669933,False,False,False,False,False,False,0.04211314581875552,False,-0.25862068587525044,中性,2719.TWO,燦星旅,0,v1,phase6a,2026-07-12,0,0,1,0,0,0,v1,395,0.35515548281505727,395,0.35515548281505727,397,0.3518821603927987,^TWII,yfinance,2y,2026-10-08,scan_20261009_174201,False,False
True,0,0.2999992370605468,0.2749993006388346,True,False,買入 (動能增強),17.799999237060547,2026-10-08 00:00:00,17.760000038146973,0.0024999618530294754,False,True,0.5440432445264318,False,0.00036095633826124676,41.013693062560336,0.0003721128962000091,0.00039055016443947623,-0.31460341993578833,-1.6432830239575869,-5.429966978563893,-0.31460341993578833,False,False,False,False,False,False,0.028190086461636923,False,-0.04301081333343315,中性,9928.TW,中視,2,v1,phase6a,2026-07-12,0,2,4,2,2,2,v1,206,0.6644844517184942,206,0.6644844517184942,207,0.662847790507365,^TWII,yfinance,2y,2026-10-08,scan_20261009_174201,False,False
True,0,-1.1666666666666665,-0.9166666666666667,True,False,賣出 (動能轉弱),131.0,2026-10-08 00:00:00,132.725,-0.17500000000001137,True,False,0.6341453020905727,False,0.0026564765358962966,52.920368248867675,0.002777417240343634,0.002936245805472109,-0.45626974606610693,-2.7680921490330412,-8.307588028096957,-0.45626974606610693,False,False,False,False,False,False,0.03396069411377136,False,-0.1635526634356027,中性,6753.TW,龍德造船,1,v1,phase6a,2026-07-12,0,1,1,1,1,1,v1,283,0.5384615384615384,283,0.5384615384615384,284,0.5368248772504092,^TWII,yfinance,2y,2026-10-08,scan_20261009_174201,True,False
True,0,1.3583329518636067,1.1749998728434243,True,False,買入 (動能增強),22.149999618530273,2026-10-08 00:00:00,21.05500011444092,0.07499999999999929,False,True,0.7786570113197263,False,0.0004491675897460885,40.06431429982375,0.0004448985363012987,0.0004621719398416692,0.1011080872648007,-0.6831804471710834,-4.943837450811317,0.1011080872648007,True,False,False,False,False,True,0.08022826157469241,False,-0.24402729708902138,中性,3288.TWO,點晶,3,v1,phase6a,2026-07-12,0,3,5,3,3,3,v1,48,0.9230769230769231,48,0.9230769230769231,57,0.9083469721767594,^TWII,yfinance,2y,2026-10-08,scan_20261009_174201,True,False
True,1,6.083333333333333,9.166666666666664,True,False,觀望 (動能減弱),420.5,2026-10-08 00:00:00,421.075,-0.7250000000000227,True,False,0.5666262423820579,False,0.008527086895758724,84.81815914563263,0.008860642269640978,0.00948170964995073,-0.3946949804055522,-1.8939288301396684,-8.43889631935405,-0.3946949804055522,False,False,False,False,False,False,0.21175786788386783,False,-0.15900000000000003,中性,6451.TW,訊芯-KY,0,v1,phase6a,2026-07-12,0,0,0,0,0,0,v1,515,0.15875613747954173,515,0.15875613747954173,515,0.15875613747954173,^TWII,yfinance,2y,2026-10-08,scan_20261009_174201,False,False
True,0,0.2166663805643717,0.29166634877522785,True,False,觀望 (動能減弱),12.0,2026-10-08 00:00:00,12.252500009536742,-0.025000000000000355,True,False,0.5785203211308354,False,0.00024334136206683634,44.91662524826771,0.0002558370409259187,0.00026462372513031643,-0.5115000839365225,-2.306836585038563,-5.110546711850628,-0.5115000839365225,False,False,False,False,False,False,0.17067942690426427,False,-0.11439115637760011,中性,3049.TW,精金,0,v1,phase6a,2026-07-12,0,0,0,0,0,0,v1,417,0.3191489361702128,417,0.3191489361702128,418,0.31751227495908346,^TWII,yfinance,2y,2026-10-08,scan_20261009_174201,False,False
True,0,-0.5000025431315104,-0.516668955485026,True,False,觀察 (跌勢收斂),76.19999694824219,2026-10-08 00:00:00,76.60499992370606,-0.06500015258788494,True,False,0.6131846973626925,False,0.0015452175872395022,48.90440713118775,0.0015969072965115445,0.001662375077266918,-0.33956549681988246,-2.2118543109845623,-5.351406250941104,-0.33956549681988246,False,False,False,False,False,False,0.03571792677207898,False,-0.028061282331869886,中性,1726.TW,永記,1,v1,phase6a,2026-07-12,0,1,1,1,1,1,v1,215,0.6497545008183306,215,0.6497545008183306,217,0.646481178396072,^TWII,yfinance,2y,2026-10-08,scan_20261009_174201,False,False
True,2,-0.058333396911621094,-0.058333396911621094,True,False,賣出 (動能轉弱),30.350000381469727,2026-10-08 00:00:00,30.33250036239624,0.0,False,True,0.4153082625578836,False,0.0006154508692963205,45.6403997890275,0.0006323206923115781,0.0006596952365549972,-0.28004742919949255,-2.004052699891945,-4.476168241310285,-0.28004742919949255,False,False,False,False,False,False,0.061239685971103394,False,-0.0016447117660511879,中性,5523.TWO,豐謙,0,v1,phase6a,2026-07-12,0,0,1,0,0,0,v1,483,0.21112929623567922,483,0.21112929623567922,484,0.20949263502454993,^TWII,yfinance,2y,2026-10-08,scan_20261009_174201,False,False
True,0,0.08333365122477213,0.08333365122477214,True,False,觀望 (動能減弱),15.899999618530273,2026-10-08 00:00:00,15.802500009536743,0.002499961853027699,False,True,0.8116655064012313,False,0.00032242729700294456,52.63920115446827,0.00033013355386824427,0.00034683977942015043,-0.24511189878022588,-1.8339709851832198,-5.295039426118276,-0.24511189878022588,False,False,False,False,False,False,0.12140259683800939,False,-0.05074629143102849,中性,4950.TWO,金耘國際,0,v1,phase6a,2026-07-12,0,0,2,0,0,0,v1,467,0.23731587561374795,467,0.23731587561374795,468,0.23567921440261866,^TWII,yfinance,2y,2026-10-08,scan_20261009_174201,False,False
True,0,-0.0749998092651367,-0.04999987284342447,True,False,賣出 (動能轉弱),18.25,2026-10-08 00:00:00,18.8375,-0.04250001907348633,True,False,1.1437598431117992,False,0.00037008165480998024,15.682662957240474,0.0003944197549164723,0.00042477193192356827,-0.6453460024163249,-2.8693714908246126,-8.293400250842108,-0.6453460024163249,False,False,False,False,False,False,0.0,False,-0.12021699752659598,中性,8927.TWO,北基,0,v1,phase6a,2026-07-12,0,0,0,0,0,0,v1,594,0.029459901800327332,594,0.029459901800327332,594,0.029459901800327332,^TWII,yfinance,2y,2026-10-08,scan_20261009_174201,False,False
True,0,0.6000010172526041,0.9666671752929688,True,False,觀望 (動能減弱),88.9000015258789,2026-10-08 00:00:00,89.18999938964843,-0.004999923706051845,False,False,0.5140096176910688,False,0.0018027539549209334,27.131440091587304,0.0018613704131465268,0.001973607474706555,-0.33038926209345565,-2.0757295175208967,-4.481654512486177,-0.33038926209345565,False,False,False,False,False,False,0.046282862939566634,False,-0.053248135449944556,中性,7757.TWO,金色三麥,0,v1,phase6a,2026-07-12,0,0,0,0,0,0,v1,563,0.08019639934533551,563,0.08019639934533551,563,0.08019639934533551,^TWII,yfinance,2y,2026-10-08,scan_20261009_174201,False,False
True,1,-0.11666679382324217,0.04166666666666667,True,False,賣出 (動能轉弱),41.849998474121094,2026-10-08 00:00:00,42.21750011444092,-0.05500011444092223,True,False,0.9199481733870171,False,0.0008486529692656375,46.57508643841463,0.000890281200520329,0.0009605721006404148,-0.4897842532507135,-2.8033441388665925,-11.319346785641793,-0.4897842532507135,False,False,False,False,False,False,0.05758070417298017,False,-0.17941179462507661,中性,4555.TW,氣立,1,v1,phase6a,2026-07-12,0,1,1,1,1,1,v1,254,0.5859247135842881,254,0.5859247135842881,256,0.5826513911620295,^TWII,yfinance,2y,2026-10-08,scan_20261009_174201,True,False
True,0,-0.2666664123535156,-0.04166666666666668,True,False,賣出 (動能轉弱),34.75,2026-10-08 00:00:00,35.01249980926514,-0.042499923706053266,True,False,0.4171069078152299,False,0.0007046760276518802,39.315885162994476,0.0007303049928627478,0.0007748840860916478,-0.3680457823842187,-2.439679216221202,-5.755176519355021,-0.3680457823842187,False,False,False,False,False,False,0.05517213832021157,False,-0.06334227953568039,中性,1423.TW,利華,0,v1,phase6a,2026-07-12,0,0,0,0,0,0,v1,318,0.48117839607201307,318,0.48117839607201307,321,0.4762684124386252,^TWII,yfinance,2y,2026-10-08,scan_20261009_174201,False,False
True,1,-0.13999970753987628,-0.11333290735880533,True,False,賣出 (動能轉弱),9.649999618530273,2026-10-08 00:00:00,9.792999982833862,-0.007500028610229137,False,False,1.4671105321561249,False,0.00019568700425980065,27.14573926785243,0.00020396051222949476,0.0002157588881804216,-0.4251767759099079,-2.26660312718141,-5.322095730408849,-0.4251767759099079,False,False,False,False,False,False,0.011217905390490104,False,-0.053921588335253956,中性,8176.TWO,智捷,0,v1,phase6a,2026-07-12,0,0,0,0,0,0,v1,576,0.058919803600654665,576,0.058919803600654665,576,0.058919803600654665,^TWII,yfinance,2y,2026-10-08,scan_20261009_174201,False,False
True,0,-0.8500003814697266,-0.425000508626302,True,False,賣出 (動能轉弱),44.150001525878906,2026-10-08 00:00:00,44.65250015258789,-0.03249988555908345,False,False,0.5799197663946729,False,0.000895293458880023,37.839941197170056,0.0009286657257173925,0.0009789899486704911,-0.3768451891962843,-2.427844870689755,-4.966255234716788,-0.3768451891962843,False,False,False,False,False,False,0.0461487219282531,False,-0.04849137771569034,中性,6201.TW,亞弘電,0,v1,phase6a,2026-07-12,0,0,0,0,0,0,v1,502,0.18003273322422259,502,0.18003273322422259,503,0.1783960720130933,^TWII,yfinance,2y,2026-10-08,scan_20261009_174201,False,False
True,0,-0.32500012715657556,0.21666653951009107,True,False,賣出 (動能轉弱),36.849998474121094,2026-10-08 00:00:00,37.910000038146975,-0.04500007629394531,True,False,0.27826474107465843,False,0.0007472607350711223,20.752509729109207,0.0007867764634984908,0.0008106893643387072,-0.5259022585758499,-2.5789253781554167,-3.3056624012242297,-0.5259022585758499,False,False,False,False,False,False,0.04330173191032984,False,-0.06590626713652392,中性,6887.TW,寶綠特-KY,0,v1,phase6a,2026-07-12,0,0,0,0,0,0,v1,548,0.10474631751227496,548,0.10474631751227496,548,0.10474631751227496,^TWII,yfinance,2y,2026-10-08,scan_20261009_174201,False,False
True,0,0.3916667302449544,0.44166660308837885,True,False,觀望 (動能減弱),24.200000762939453,2026-10-08 00:00:00,23.835000133514406,0.03250007629394602,False,True,0.520714377791828,False,0.0004907384289726804,36.68191177586809,0.0005018294157418537,0.0005438916035782257,-0.23210328319458462,-2.0762458142986273,-7.316794661278026,-0.23210328319458462,False,False,False,False,False,False,0.08932374912235823,False,-0.13571425846644813,中性,8044.TWO,網家,0,v1,phase6a,2026-07-12,0,0,2,0,0,0,v1,568,0.07201309328968904,568,0.07201309328968904,568,0.07201309328968904,^TWII,yfinance,2y,2026-10-08,scan_20261009_174201,False,False
True,1,0.22500006357828778,0.2583332061767578,True,False,觀望 (動能減弱),22.0,2026-10-08 00:00:00,21.907499694824217,-0.032499980926516514,False,True,0.32133159814270335,False,0.00044612583045586663,22.170385539209057,0.0004601898880784297,0.0004952302526702127,-0.32066759967750436,-2.0257452427901113,-7.8088937174148665,-0.32066759967750436,False,False,False,False,False,False,0.10212550756533191,False,-0.09090911956947512,中性,6929.TWO,佑全,0,v1,phase6a,2026-07-12,0,0,1,0,0,0,v1,553,0.09656301145662848,553,0.09656301145662848,553,0.09656301145662848,^TWII,yfinance,2y,2026-10-08,scan_20261009_174201,False,False
True,0,-0.5666669209798176,-0.3166669209798177,True,False,賣出 (動能轉弱),26.549999237060547,2026-10-08 00:00:00,27.760000038146973,-0.10750007629394531,False,False,0.887299908133863,False,0.0005383927481016483,23.96635941718804,0.0005827680645436954,0.000642533879956503,-0.7951608157903522,-3.824439761214149,-11.899439175391302,-0.7951608157903522,False,False,False,False,False,False,0.0010431827117870509,False,-0.2824324530524176,中性,7715.TWO,裕山,0,v1,phase6a,2026-07-12,0,0,0,0,0,0,v1,561,0.08346972176759411,561,0.08346972176759411,561,0.08346972176759411,^TWII,yfinance,2y,2026-10-08,scan_20261009_174201,False,False
True,0,0.6166674296061196,1.7666676839192705,True,False,觀望 (動能減弱),59.0,2026-10-08 00:00:00,62.24500026702881,-0.13500003814697692,True,False,0.2623076202261954,False,0.0011964283634952786,84.1459029482322,0.0012881883678596978,0.001254016136352021,-0.7442283626958757,-2.826907180079219,0.002946778096069025,-0.7442283626958757,False,False,True,False,False,False,0.1319777846592923,False,-0.3502202861560608,中性,2434.TW,統懋,1,v1,phase6a,2026-07-12,0,1,1,1,1,1,v1,226,0.6317512274959084,226,0.6317512274959084,228,0.6284779050736498,^TWII,yfinance,2y,2026-10-08,scan_20261009_174201,True,False
True,0,1.25,1.25,True,False,觀望 (動能減弱),153.0,2026-10-08 00:00:00,151.725,0.19999999999998863,False,True,0.9466729366597456,False,0.0031026023663521633,85.50621613056045,0.003138558870012827,0.0030261289405906855,-0.12044815606012671,-0.8155064878113905,2.8405405075340395,-0.12044815606012671,False,True,True,False,False,False,0.5890265536211646,False,-0.01607717041800638,中性,2881.TW,富邦金,0,v1,phase6a,2026-07-12,0,0,2,0,0,0,v1,402,0.3436988543371522,402,0.3436988543371522,403,0.34206219312602293,^TWII,yfinance,2y,2026-10-08,scan_20261009_174201,False,False
True,0,1.150000254313151,1.3083337148030598,True,False,觀望 (動能減弱),50.5,2026-10-08 00:00:00,50.12750034332275,0.02499999999999858,False,True,1.2883818986397024,False,0.001024061565364603,43.711732856319266,0.0010493307139238365,0.0010838916578232503,-0.2528454449325479,-1.0282476927003792,-3.516741119328337,-0.2528454449325479,False,False,False,False,False,False,0.002421805664261653,False,-0.07169120250894878,中性,8070.TW,長華*,0,v1,phase6a,2026-07-12,0,0,2,0,0,0,v1,570,0.06873977086743044,570,0.06873977086743044,570,0.06873977086743044,^TWII,yfinance,2y,2026-10-08,scan_20261009_174201,False,False
True,0,0.3583331108093261,0.3999999364217122,True,False,觀望 (動能減弱),11.899999618530273,2026-10-08 00:00:00,11.885000038146973,0.007499980926514382,False,True,0.9735227698361038,False,0.00024131350964733247,41.82463747495003,0.0002503795179713612,0.000267641546526797,-0.37970083377963926,-1.6971439063964477,-7.034113577810286,-0.37970083377963926,False,False,False,False,False,False,0.009458622678752188,False,-0.32489979312093287,中性,5488.TWO,松普,0,v1,phase6a,2026-07-12,0,0,2,0,0,0,v1,480,0.2160392798690671,480,0.2160392798690671,481,0.2144026186579378,^TWII,yfinance,2y,2026-10-08,scan_20261009_174201,False,False
True,0,-10.594126383463541,-6.535736083984375,True,False,賣出 (動能轉弱),302.1276550292969,2026-10-08 00:00:00,314.8325820922852,0.5874008178711279,False,False,0.0,False,0.0061266795910740295,280.3173103203036,0.006339603668902938,0.005786660725073065,-0.3522949054718616,-1.401110964497132,17.341791752096203,-0.3522949054718616,False,True,True,False,False,False,0.6903875070933853,False,-0.09661866606125635,中性,6173.TWO,信昌電,0,v1,phase6a,2026-07-12,0,0,1,0,0,0,v1,499,0.18494271685761046,499,0.18494271685761046,500,0.18330605564648117,^TWII,yfinance,2y,2026-10-08,scan_20261009_174201,False,False
True,0,-0.02500089009602864,-1.2715657552037074e-06,True,False,賣出 (動能轉弱),34.0,2026-10-08 00:00:00,34.00500011444092,-0.004999923706051845,True,False,1.1775387580684646,False,0.000689467192522703,50.50328014876947,0.0007086579218466371,0.0007366737819610305,-0.2842464203014483,-1.922091875251697,-4.291689369477602,-0.2842464203014483,False,False,False,False,False,False,0.051172168691807275,False,-0.01018918456094775,中性,9931.TW,欣高,0,v1,phase6a,2026-07-12,0,0,0,0,0,0,v1,608,0.006546644844517185,608,0.006546644844517185,608,0.006546644844517185,^TWII,yfinance,2y,2026-10-08,scan_20261009_174201,False,False
True,0,-0.6166661580403645,-0.6166661580403646,True,False,觀察 (跌勢收斂),97.0,2026-10-08 00:00:00,97.06999931335449,-0.20000000000000284,True,False,0.9588024372804794,False,0.001967009343373594,34.402983144810186,0.0020454054878765024,0.002263495666260035,-0.4018306304134356,-2.9664908732335293,-11.320598580478414,-0.4018306304134356,False,False,False,False,False,False,0.05226219404902962,False,-0.1673819742489271,中性,1580.TWO,新麥,1,v1,phase6a,2026-07-12,0,1,1,1,1,1,v1,213,0.6530278232405892,213,0.6530278232405892,215,0.6497545008183306,^TWII,yfinance,2y,2026-10-08,scan_20261009_174201,False,False
True,0,-0.00833352406819661,0.00833304723103841,True,False,賣出 (動能轉弱),10.800000190734863,2026-10-08 00:00:00,10.92999997138977,-0.009999990463256836,False,False,1.7181878532584243,True,0.0002190072297279595,29.681574371972182,0.00022793360287558554,0.00023895835831540003,-0.4105409193540299,-2.0180883911032454,-5.271578355784623,-0.4105409193540299,False,False,False,False,False,False,0.0,False,-0.0492307578644261,中性,1453.TW,大將,0,v1,phase6a,2026-07-12,0,0,0,0,0,0,v1,322,0.4746317512274959,322,0.4746317512274959,325,0.469721767594108,^TWII,yfinance,2y,2026-10-08,scan_20261009_174201,False,False
True,0,0.12499968210856119,0.01666609446207682,True,False,買入 (動能增強),17.950000762939453,2026-10-08 00:00:00,17.42750005722046,0.015000057220458274,False,True,0.4695076516705343,False,0.0003639981362295365,35.12396324753064,0.00036802255875571706,0.00039244560764861345,-0.11497565839941881,-2.349875694919046,-10.345746612479978,-0.11497565839941881,False,False,False,False,False,True,0.1444534645792887,False,-0.1243902066858803,中性,1414.TW,東和,2,v1,phase6a,2026-07-12,0,2,4,2,2,2,v1,88,0.8576104746317512,88,0.8576104746317512,95,0.8461538461538461,^TWII,yfinance,2y,2026-10-08,scan_20261009_174201,False,False
False,0,8.666666666666666,7.749999999999998,False,True,強烈買入 (爆發),192.0,2026-10-08 00:00:00,185.1,0.42499999999998295,False,True,3.423612167587033,True,0.0038934617930693814,35.14679898483363,0.003922276020086165,0.004307699449346308,-0.07726975006115966,-1.192312654511496,-8.079424762369502,-0.07726975006115966,False,False,False,False,False,False,0.05862956198122049,False,-0.2210953346855984,中性,6719.TW,力智,3,v1,phase6a,2026-07-12,0,3,5,3,3,3,v1,73,0.8821603927986906,73,0.8821603927986906,80,0.8707037643207856,^TWII,yfinance,2y,2026-10-08,scan_20261009_174201,False,False
True,1,-0.25,-0.3666674296061198,True,False,觀察 (跌勢收斂),62.900001525878906,2026-10-08 00:00:00,62.680000114440915,-0.004999923706058951,False,True,0.5522014430864379,False,0.0012755143371094547,44.30269155047841,0.0013051587058431732,0.0013556001696559143,-0.2385163616829611,-1.9741808667641192,-4.0660335562341166,-0.2385163616829611,False,False,False,False,False,False,0.1334404320173266,False,-0.014106547365894673,中性,2643.TWO,捷迅,1,v1,phase6a,2026-07-12,0,1,2,1,1,1,v1,236,0.6153846153846154,236,0.6153846153846154,238,0.6121112929623568,^TWII,yfinance,2y,2026-10-08,scan_20261009_174201,False,False
False,0,-10.833333333333332,-10.583333333333332,False,True,強烈賣出 (跌破),366.5,2026-10-08 00:00:00,370.175,-0.25,False,False,0.6758731550489552,False,0.0074320507664579595,35.983433380561685,0.007683556685287143,0.007993715637305474,-0.3433748485683008,-2.6304749323431964,-4.984199898805497,-0.3433748485683008,False,False,False,False,False,False,0.06125346723706419,False,-0.07914572864321612,中性,8464.TW,億豐,0,v1,phase6a,2026-07-12,0,0,0,0,0,0,v1,585,0.044189852700491,585,0.044189852700491,585,0.044189852700491,^TWII,yfinance,2y,2026-10-08,scan_20261009_174201,False,False
True,0,-0.29166634877522785,-0.3416665395100911,True,False,觀察 (跌勢收斂),16.950000762939453,2026-10-08 00:00:00,16.95250005722046,-0.017499923706054688,True,False,1.1308910564081802,False,0.0003437196893906335,46.07260318608539,0.0003529136469692568,0.0003657740184968006,-0.27347719343963073,-2.7386051610801765,-6.356339827564095,-0.27347719343963073,False,False,False,False,False,False,0.1814042972577813,False,-0.06868131580221504,中性,8354.TWO,冠好,2,v1,phase6a,2026-07-12,0,2,2,2,2,2,v1,199,0.6759410801963993,199,0.6759410801963993,200,0.67430441898527,^TWII,yfinance,2y,2026-10-08,scan_20261009_174201,True,False
True,0,-0.900000254313151,-0.6833330790201823,True,False,賣出 (動能轉弱),91.80000305175781,2026-10-08 00:00:00,92.78000030517578,-0.03999977111817543,True,False,0.8343934937909793,False,0.0018615614816962064,40.165042480131945,0.001931693295825829,0.0020230501981509815,-0.38071214213811766,-2.3228470723221206,-4.821220477508781,-0.38071214213811766,False,False,False,False,False,False,0.04467482855673709,False,-0.040752288619127386,中性,5403.TWO,中菲,0,v1,phase6a,2026-07-12,0,0,0,0,0,0,v1,477,0.220949263502455,477,0.220949263502455,478,0.2193126022913257,^TWII,yfinance,2y,2026-10-08,scan_20261009_174201,False,False
False,0,-0.11666584014892578,0.05833403269449869,False,True,強烈賣出 (跌破),28.600000381469727,2026-10-08 00:00:00,28.917499923706053,-0.022499942779543147,True,False,0.4200195309081873,False,0.0005799635873282402,34.97687731524756,0.0006007021536996055,0.0006154779271885207,-0.36209333531700416,-2.1409062389566524,-2.6765404126547043,-0.36209333531700416,False,False,False,False,False,False,0.06851249376454574,False,-0.04666665395100911,中性,8906.TWO,花王,0,v1,phase6a,2026-07-12,0,0,0,0,0,0,v1,591,0.03436988543371522,591,0.03436988543371522,591,0.03436988543371522,^TWII,yfinance,2y,2026-10-08,scan_20261009_174201,False,False
True,0,-5.166666666666666,-2.75,True,False,賣出 (動能轉弱),241.0,2026-10-08 00:00:00,241.35,0.07499999999998863,False,False,0.4154120678999972,False,0.004887105688175629,31.707638618737786,0.005050561571272864,0.005392325517223682,-0.33951602137368697,-2.457855311842194,-7.383048095873434,-0.33951602137368697,False,False,False,False,False,False,0.1003710744192736,False,-0.1499118165784833,中性,8454.TW,富邦媒,0,v1,phase6a,2026-07-12,0,0,1,0,0,0,v1,584,0.04582651391162029,584,0.04582651391162029,584,0.04582651391162029,^TWII,yfinance,2y,2026-10-08,scan_20261009_174201,False,False
True,0,9.416666666666666,11.916666666666666,True,False,觀望 (動能減弱),168.0,2026-10-08 00:00:00,170.925,-0.5,False,False,0.8701288565997639,False,0.0034067790689357087,162.5147886518992,0.003591826791420782,0.003884706295972147,-0.5393813299685579,-1.444251744971381,-5.158300390856141,-0.5393813299685579,False,False,False,False,False,False,0.34926941120763405,False,-0.26637554585152834,中性,6217.TWO,中探針,0,v1,phase6a,2026-07-12,0,0,0,0,0,0,v1,504,0.176759410801964,504,0.176759410801964,505,0.1751227495908347,^TWII,yfinance,2y,2026-10-08,scan_20261009_174201,False,False
True,0,-0.23333326975504556,-0.24999999999999997,True,False,觀察 (跌勢收斂),23.549999237060547,2026-10-08 00:00:00,23.71999979019165,-0.03250007629394602,False,False,1.2731149941118431,False,0.00047755740758493914,28.670338644426725,0.0004945327198429213,0.000523271700539029,-0.3600250711805253,-2.2197864191017214,-5.8949078103368695,-0.3600250711805253,False,False,False,False,False,False,0.0484253879170498,False,-0.04462476261633763,中性,2063.TWO,世鎧,1,v1,phase6a,2026-07-12,0,1,1,1,1,1,v1,220,0.6415711947626841,220,0.6415711947626841,222,0.6382978723404256,^TWII,yfinance,2y,2026-10-08,scan_20261009_174201,False,False
True,0,-0.3833332061767578,-0.39999961853027344,True,False,觀察 (跌勢收斂),18.799999237060547,2026-10-08 00:00:00,18.62750005722046,-0.007500076293943891,True,True,1.5513210237241308,True,0.00038123478510014976,23.98889233180349,0.0003888363392697361,0.00041095888567079447,-0.2053615590202118,-2.535571046058638,-7.0515285029781545,-0.2053615590202118,False,False,False,False,False,False,0.16130419711166122,False,-0.08068466818197506,中性,4102.TWO,永日,1,v1,phase6a,2026-07-12,0,1,2,1,1,1,v1,249,0.5941080196399345,249,0.5941080196399345,251,0.5908346972176759,^TWII,yfinance,2y,2026-10-08,scan_20261009_174201,False,False
True,0,-0.5833339691162109,-0.8166675567626953,True,False,觀察 (跌勢收斂),63.599998474121094,2026-10-08 00:00:00,63.3049991607666,-0.005000114440917969,True,True,0.8006140543490471,False,0.0012897091880117782,44.221357567535826,0.0013164908407236346,0.0013539887371409624,-0.21368150163019184,-1.9770694685701473,-4.228321197953722,-0.21368150163019184,False,False,False,False,False,False,0.08438002026018662,False,-0.01851858828892705,中性,2206.TW,三陽工業,1,v1,phase6a,2026-07-12,0,1,2,1,1,1,v1,221,0.6399345335515548,221,0.6399345335515548,223,0.6366612111292962,^TWII,yfinance,2y,2026-10-08,scan_20261009_174201,False,False
True,0,-0.0016667048136393275,-0.08499987920125325,True,False,觀察 (跌勢收斂),8.729999542236328,2026-10-08 00:00:00,8.356500005722046,0.01699995994567871,False,True,0.4539625253935288,False,0.00017703083162088715,32.15191443994692,0.000174651310845878,0.00018713135564503894,0.14362079808263317,-1.196017896696211,-4.940789015772884,0.14362079808263317,True,False,False,False,False,True,0.1717641916876869,False,-0.061290391054658167,中性,6616.TWO,特昇-KY,1,v1,phase6a,2026-07-12,0,1,3,1,1,1,v1,280,0.5433715220949263,280,0.5433715220949263,281,0.5417348608837971,^TWII,yfinance,2y,2026-10-08,scan_20261009_174201,False,False
True,0,0.0,-0.041666666666666664,True,False,觀察 (跌勢收斂),17.149999618530273,2026-10-08 00:00:00,17.057499980926515,-0.00749998092651083,True,True,2.6690009481011,True,0.00034777535555157336,43.59321134831382,0.00035627239658159437,0.00037309057232001947,-0.2504223003385375,-2.0723354272071726,-5.751969891937203,-0.2504223003385375,False,False,False,False,False,False,0.06945311630962744,False,-0.03380283839266063,中性,1451.TW,年興,1,v1,phase6a,2026-07-12,0,1,2,1,1,1,v1,211,0.6563011456628478,211,0.6563011456628478,213,0.6530278232405892,^TWII,yfinance,2y,2026-10-08,scan_20261009_174201,False,False
True,0,3.166666666666666,2.75,True,False,買入 (動能增強),137.0,2026-10-08 00:00:00,137.125,-0.07499999999998863,True,False,0.5841948922105341,False,0.002778147216929715,59.01756182457868,0.002873597344962308,0.003001448045753504,-0.3484264827972261,-1.3400471792319513,-5.840989328194923,-0.3484264827972261,False,False,False,False,False,False,0.01157213345182434,False,-0.13015873015873014,中性,3019.TW,亞光,2,v1,phase6a,2026-07-12,0,2,2,2,2,2,v1,126,0.795417348608838,126,0.795417348608838,133,0.7839607201309329,^TWII,yfinance,2y,2026-10-08,scan_20261009_174201,False,False
True,0,-0.28333330154418945,-0.5083333651224772,True,False,觀察 (跌勢收斂),14.850000381469727,2026-10-08 00:00:00,14.062500047683717,0.027500009536744585,False,True,8.55928429966537,True,0.00030113494329332355,29.0986322420728,0.0002934691407245706,0.00031466798266446876,0.2757194291583387,-2.603960280446027,-7.708959932339221,0.2757194291583387,True,False,False,False,False,True,0.34442499773380414,False,-0.009999974568684844,中性,3713.TWO,新晶投控,1,v1,phase6a,2026-07-12,0,1,3,1,1,1,v1,248,0.5957446808510638,248,0.5957446808510638,250,0.5924713584288053,^TWII,yfinance,2y,2026-10-08,scan_20261009_174201,False,False
True,1,-0.15000025431315103,-0.10833422342936197,True,False,賣出 (動能轉弱),35.25,2026-10-08 00:00:00,35.525000190734865,-0.029999923706050424,False,False,1.2318840579710144,False,0.0007148152510713317,28.244297453703894,0.0007411961684300585,0.0007907009458270339,-0.37325793672386975,-2.0625540973555068,-5.411692239203725,-0.37325793672386975,False,False,False,False,False,False,0.020637115318324746,False,-0.10191082802547768,中性,6614.TW,資拓宏宇,0,v1,phase6a,2026-07-12,0,0,0,0,0,0,v1,526,0.1407528641571195,526,0.1407528641571195,526,0.1407528641571195,^TWII,yfinance,2y,2026-10-08,scan_20261009_174201,False,False
True,0,0.3416678110758463,0.4666678110758463,True,False,觀望 (動能減弱),32.650001525878906,2026-10-08 00:00:00,32.517499923706055,0.002500152587892046,False,True,0.5214278922977362,False,0.0006620913202326381,54.75829621895377,0.0006824840925885253,0.0007412091659653711,-0.31354241283171325,-1.9892135148075196,-6.530165256463372,-0.31354241283171325,False,False,False,False,False,False,0.03398898216075671,False,-0.16282047369541264,中性,1570.TWO,力肯,0,v1,phase6a,2026-07-12,0,0,2,0,0,0,v1,332,0.4582651391162029,332,0.4582651391162029,335,0.4533551554828151,^TWII,yfinance,2y,2026-10-08,scan_20261009_174201,False,False
True,0,2.833333333333333,3.1666666666666665,True,False,觀望 (動能減弱),120.5,2026-10-08 00:00:00,120.0,0.45000000000000284,False,True,0.3327245691246769,False,0.0024435528440878147,40.45740230788023,0.0024826918368073877,0.0025005373822534066,-0.16566971755406223,-0.5310025040408672,3.984690135604141,-0.16566971755406223,False,False,False,False,False,False,0.5060245444212856,False,-0.020325203252032575,中性,6859.TWO,伯特光,0,v1,phase6a,2026-07-12,0,0,2,0,0,0,v1,546,0.10801963993453355,546,0.10801963993453355,546,0.10801963993453355,^TWII,yfinance,2y,2026-10-08,scan_20261009_174201,False,False
True,0,0.04166618982950846,0.09924888610839842,True,False,觀望 (動能減弱),10.949999809265137,2026-10-08 00:00:00,10.942500114440918,0.007409906387328746,False,True,1.01290640706075,False,0.00022204898901818137,19.696615991554687,0.0002285872073586373,0.00024200118559492435,-0.3001775972671372,-1.9928908834824677,-4.604722306409936,-0.3001775972671372,False,False,False,False,False,False,0.058533227661446974,False,-0.08599036039193675,中性,4109.TWO,加捷生醫,0,v1,phase6a,2026-07-12,0,0,2,0,0,0,v1,445,0.2733224222585925,445,0.2733224222585925,446,0.27168576104746317,^TWII,yfinance,2y,2026-10-08,scan_20261009_174201,False,False
False,0,-0.13333320617675778,0.29166666666666663,False,True,強烈賣出 (跌破),37.5,2026-10-08 00:00:00,38.59000015258789,-0.039999961853027344,True,False,1.0162695433873845,False,0.0007604417564588636,40.752243212228564,0.0008151985678328222,0.0008906698940925285,-0.702087523323558,-3.3675507968356944,-12.104221966037532,-0.702087523323558,False,False,False,False,False,False,0.0,False,-0.17853233852048578,中性,2417.TW,圓剛,0,v1,phase6a,2026-07-12,0,0,0,0,0,0,v1,369,0.397708674304419,369,0.397708674304419,372,0.39279869067103107,^TWII,yfinance,2y,2026-10-08,scan_20261009_174201,False,False
True,0,-0.10833326975504556,-0.10833295186360677,True,False,賣出 (動能轉弱),16.549999237060547,2026-10-08 00:00:00,16.925,-0.027500057220457563,True,False,1.0214378968885542,False,0.00033560827971261797,32.23545941850758,0.0003530260378370438,0.0003700774480324251,-0.5166687930417413,-2.8220540153604756,-6.743253338601463,-0.5166687930417413,False,False,False,False,False,False,0.015462770146630217,False,-0.07282919420879819,中性,9946.TW,三發地產,0,v1,phase6a,2026-07-12,0,0,0,0,0,0,v1,610,0.0032733224222585926,610,0.0032733224222585926,610,0.0032733224222585926,^TWII,yfinance,2y,2026-10-08,scan_20261009_174201,False,False
True,0,-0.3000017801920572,0.049999237060546875,True,False,賣出 (動能轉弱),73.5999984741211,2026-10-08 00:00:00,74.55,-0.16000022888184162,True,False,0.19603839085154176,False,0.0014924936564008086,42.13153272545492,0.0015508749920371265,0.0016264136120753682,-0.39468999685645656,-2.3994624566495926,-4.416186515879272,-0.39468999685645656,False,False,False,False,False,False,0.036587542186139736,False,-0.0969325340598639,中性,6934.TW,心誠鎂,1,v1,phase6a,2026-07-12,0,1,1,1,1,1,v1,287,0.5319148936170213,287,0.5319148936170213,288,0.530278232405892,^TWII,yfinance,2y,2026-10-08,scan_20261009_174201,True,False
True,0,0.4750000635782877,0.5249999364217122,True,False,觀望 (動能減弱),20.600000381469727,2026-10-08 00:00:00,20.570000076293944,0.06750001907348491,False,True,0.36524061172498146,False,0.0004177360126170159,34.34760785241191,0.00042662710953164293,0.0004388439154340319,-0.21889286648001383,-0.8128308149399022,0.972499151795625,-0.21889286648001383,False,False,False,False,False,False,0.17403538678738634,False,-0.03512880499294724,中性,5211.TWO,蒙恬,1,v1,phase6a,2026-07-12,0,1,3,1,1,1,v1,259,0.5777414075286416,259,0.5777414075286416,261,0.574468085106383,^TWII,yfinance,2y,2026-10-08,scan_20261009_174201,True,False
False,0,0.41666666666666663,0.3333333333333333,False,True,強烈買入 (爆發),171.0,2026-10-08 00:00:00,169.65,0.125,False,True,0.5526159457331141,False,0.0034676144094524177,56.076332730635265,0.003537451954212967,0.0036782624962585094,-0.20738303176227602,-1.6431363017933909,-3.919100365136974,-0.20738303176227602,False,False,False,False,False,False,0.08256382029434443,False,-0.002915451895043719,中性,8416.TWO,實威,3,v1,phase6a,2026-07-12,0,3,5,3,3,3,v1,78,0.8739770867430442,78,0.8739770867430442,82,0.867430441898527,^TWII,yfinance,2y,2026-10-08,scan_20261009_174201,False,False
True,1,-0.18333276112874347,-0.21666622161865234,True,False,觀察 (跌勢收斂),22.850000381469727,2026-10-08 00:00:00,22.677499961853027,-0.01249999999999929,True,True,2.30858865741898,True,0.00046336251800454777,25.742679850573374,0.00047283273824768,0.0004885826233640435,-0.21038476306896037,-2.190598269634303,-5.541182448208637,-0.21038476306896037,False,False,False,False,False,False,0.13951439281749492,False,-0.037894720780222046,中性,5704.TWO,老爺知,1,v1,phase6a,2026-07-12,0,1,2,1,1,1,v1,265,0.5679214402618658,265,0.5679214402618658,267,0.5646481178396072,^TWII,yfinance,2y,2026-10-08,scan_20261009_174201,False,False
True,0,-0.0749998092651367,-0.04999987284342447,True,False,賣出 (動能轉弱),19.0,2026-10-08 00:00:00,19.152500057220458,-0.010000038146973367,False,False,0.6277545036769796,False,0.00038529048993915754,29.15762658005175,0.0003998426089488581,0.0004195295895994522,-0.3816391775937955,-2.4227928242072205,-6.064611451054258,-0.3816391775937955,False,False,False,False,False,False,0.03915790589595555,False,-0.04282117708487376,中性,3512.TWO,皇龍,0,v1,phase6a,2026-07-12,0,0,0,0,0,0,v1,434,0.29132569558101473,434,0.29132569558101473,435,0.2896890343698854,^TWII,yfinance,2y,2026-10-08,scan_20261009_174201,False,False
True,0,0.5000012715657551,0.4833348592122395,True,False,買入 (動能增強),63.599998474121094,2026-10-08 00:00:00,65.1150001525879,-0.11000022888183025,True,False,0.6679757685551179,False,0.0012897091880117782,38.07065120587196,0.0013597651237290261,0.0014086830770589766,-0.5393969953762845,-2.227120841510488,-6.704572891714311,-0.5393969953762845,False,False,False,False,False,False,0.30804900627641374,False,-0.15425530511796448,中性,6269.TW,台郡,3,v1,phase6a,2026-07-12,0,3,3,3,3,3,v1,68,0.8903436988543372,68,0.8903436988543372,75,0.8788870703764321,^TWII,yfinance,2y,2026-10-08,scan_20261009_174201,True,False
True,1,-0.4583333333333333,-0.46666669845581055,True,False,觀察 (跌勢收斂),12.350000381469727,2026-10-08 00:00:00,12.652500009536743,-0.03499999046325719,False,False,1.65243196674706,True,0.00025043882619606595,31.635587974669953,0.00026369509466286196,0.0002875716156800311,-0.5263850369143674,-3.2735781551956333,-9.248969899390435,-0.5263850369143674,False,False,False,False,False,False,0.04111737762999745,False,-0.2819767538568917,中性,8024.TWO,佑華,1,v1,phase6a,2026-07-12,0,1,1,1,1,1,v1,293,0.5220949263502455,293,0.5220949263502455,294,0.5204582651391162,^TWII,yfinance,2y,2026-10-08,scan_20261009_174201,False,False
False,0,2.583333333333333,3.083333333333333,False,True,強烈買入 (爆發),115.5,2026-10-08 00:00:00,111.675,0.375,False,True,0.3723428312142217,False,0.0023421606098932997,24.78524961336918,0.0023385349936260007,0.002493030314351426,0.016322445986771683,-0.8627022672841433,-2.171789537477875,0.016322445986771683,True,False,False,False,False,True,0.13176932746716036,False,-0.045454545454545414,中性,6230.TW,尼得科超眾,3,v1,phase6a,2026-07-12,0,3,5,3,3,3,v1,67,0.8919803600654664,67,0.8919803600654664,74,0.8805237315875614,^TWII,yfinance,2y,2026-10-08,scan_20261009_174201,False,False
True,0,1.2333329518636067,1.099999745686849,True,False,買入 (動能增強),61.099998474121094,2026-10-08 00:00:00,58.90500011444092,0.19499988555907777,False,True,1.1339967282131913,False,0.0012390130709145207,66.26758589240407,0.0012299348853989371,0.0012945818977579907,0.0777554581669726,-1.0919971397384765,-2.3150012163773215,0.0777554581669726,True,False,False,False,False,True,0.1610494523268566,False,-0.09748890356918194,中性,8926.TW,台汽電,2,v1,phase6a,2026-07-12,0,2,4,2,2,2,v1,203,0.6693944353518821,203,0.6693944353518821,204,0.6677577741407529,^TWII,yfinance,2y,2026-10-08,scan_20261009_174201,False,False
True,0,-0.40833314259847,-0.44166644414265943,True,False,觀察 (跌勢收斂),12.75,2026-10-08 00:00:00,12.615000009536743,-0.007499980926514382,True,True,3.585556261801486,True,0.0002585501971960136,23.016455089648233,0.0002626996747773556,0.00028572964105438875,-0.16599262249187285,-3.4017735558420026,-7.74738702175537,-0.16599262249187285,False,False,False,False,False,False,0.21035686241936927,False,-0.0892857142857143,中性,8092.TWO,建暐,1,v1,phase6a,2026-07-12,0,1,2,1,1,1,v1,296,0.5171849427168577,296,0.5171849427168577,297,0.5155482815057283,^TWII,yfinance,2y,2026-10-08,scan_20261009_174201,False,False
True,0,0.17500003178914386,0.10833342870076497,True,False,買入 (動能增強),13.25,2026-10-08 00:00:00,12.747499942779541,0.022499990463256125,False,True,8.172672019847917,True,0.0002686894206154651,32.751707257233996,0.00026734506901131765,0.0002847982920616305,0.052959884241521316,-1.6085541440465811,-5.770730655262812,0.052959884241521316,True,False,False,False,False,True,0.2127863280071656,False,-0.029304002176473443,中性,4121.TWO,優盛,2,v1,phase6a,2026-07-12,0,2,4,2,2,2,v1,143,0.7675941080196399,143,0.7675941080196399,147,0.7610474631751227,^TWII,yfinance,2y,2026-10-08,scan_20261009_174201,False,False
True,0,2.066665649414062,2.233332316080729,True,False,觀望 (動能減弱),97.5999984741211,2026-10-08 00:00:00,97.225,-0.03500022888184162,True,True,1.1064630207291593,False,0.001979176380534481,26.55007953864027,0.002038850258950736,0.0021136898564203086,-0.3071421182799683,-2.0540584339087564,-6.153598437740326,-0.3071421182799683,False,False,False,False,False,False,0.08648705881312936,False,-0.05700484566066577,中性,6756.TW,威鋒電子,2,v1,phase6a,2026-07-12,0,2,3,2,2,2,v1,187,0.6955810147299509,187,0.6955810147299509,188,0.6939443535188216,^TWII,yfinance,2y,2026-10-08,scan_20261009_174201,False,True
False,0,-0.7083326975504557,-0.7166665395100911,False,True,強烈賣出 (跌破),40.20000076293945,2026-10-08 00:00:00,41.90999984741211,-0.12999992370605185,True,False,0.8633451104430239,False,0.0008151935783951289,31.865753544540773,0.0008712983373058331,0.0008864481405845031,-0.6732485731002269,-3.129024786085466,-7.1828917782274075,-0.6732485731002269,False,False,False,False,False,False,0.15893709070096293,False,-0.13826367742692014,中性,2392.TW,正崴,0,v1,phase6a,2026-07-12,0,0,0,0,0,0,v1,368,0.3993453355155483,368,0.3993453355155483,371,0.3944353518821604,^TWII,yfinance,2y,2026-10-08,scan_20261009_174201,False,False
True,0,-0.8833332061767578,-1.0333334604899087,True,False,觀察 (跌勢收斂),27.600000381469727,2026-10-08 00:00:00,27.549999904632568,-0.039999961853027344,False,True,2.692001654364328,True,0.0005596851404893372,52.6206226198582,0.0005715325012699157,0.0005918920889821857,-0.21772608978476438,-2.782702265219661,-6.383049226333992,-0.21772608978476438,False,False,False,False,False,False,0.10786513996513188,False,-0.12380951169937371,中性,6598.TW,ABC-KY,2,v1,phase6a,2026-07-12,0,2,3,2,2,2,v1,181,0.7054009819967266,181,0.7054009819967266,182,0.7037643207855974,^TWII,yfinance,2y,2026-10-08,scan_20261009_174201,True,False
True,1,-0.08333396911621094,-0.1333338419596354,True,False,觀察 (跌勢收斂),51.29999923706055,2026-10-08 00:00:00,51.26000003814697,0.0,False,True,1.6293582423414346,True,0.0010402843073644983,49.55758010491743,0.0010689631497240982,0.0011126982308917051,-0.2816115924778706,-2.020756503473775,-4.810928694255978,-0.2816115924778706,False,False,False,False,False,False,0.056981122007607035,False,-0.011560737402275034,中性,1730.TW,花仙子,1,v1,phase6a,2026-07-12,0,1,2,1,1,1,v1,216,0.6481178396072013,216,0.6481178396072013,218,0.6448445171849427,^TWII,yfinance,2y,2026-10-08,scan_20261009_174201,False,False
True,0,11.0,6.166666666666666,True,False,買入 (動能增強),203.0,2026-10-08 00:00:00,181.425,0.6500000000000057,False,True,3.0658150549462264,True,0.004116524708297315,641.933435839826,0.003817814936912471,0.004032961590883502,0.8304291143406806,0.20451644092018828,-2.902626711234446,0.8304291143406806,True,True,False,False,False,True,0.8336463612008326,False,-0.007334963325183352,偏強 (RS上升),5475.TWO,德宏,2,v1,phase6a,2026-07-12,1,3,4,3,2,3,v1,164,0.7332242225859247,164,0.7332242225859247,87,0.8592471358428805,^TWII,yfinance,2y,2026-10-08,scan_20261009_174201,False,False
True,0,2.0,2.8333333333333335,True,False,觀望 (動能減弱),116.0,2026-10-08 00:00:00,119.4,-0.5,False,False,1.5072758514211886,True,0.0023522998333127512,204.1795468557517,0.0025012963596387616,0.002710159174467982,-0.6231215028345227,-2.3590956293022547,-7.706999843617968,-0.6231215028345227,False,False,False,False,False,False,0.05595708294087255,False,-0.21885521885521886,中性,2337.TW,旺宏,0,v1,phase6a,2026-07-12,0,0,0,0,0,0,v1,355,0.4206219312602291,355,0.4206219312602291,358,0.4157119476268412,^TWII,yfinance,2y,2026-10-08,scan_20261009_174201,False,False
True,0,-0.01666704813639323,-0.025000254313151046,True,False,觀察 (跌勢收斂),21.549999237060547,2026-10-08 00:00:00,21.417500019073486,0.014999961853028765,False,True,0.3266269303947649,False,0.0004370005139071331,40.15821614170385,0.0004462278556837887,0.00045620796475590947,-0.217196102434436,-1.7000131208610436,-3.519366540083657,-0.217196102434436,False,False,False,False,False,False,0.08351978873630575,False,-0.00691251247028013,中性,1323.TW,永裕,1,v1,phase6a,2026-07-12,0,1,3,1,1,1,v1,208,0.6612111292962357,208,0.6612111292962357,210,0.6579378068739771,^TWII,yfinance,2y,2026-10-08,scan_20261009_174201,False,False
False,0,-0.058333079020182296,0.016666889190673828,False,True,強烈賣出 (跌破),12.75,2026-10-08 00:00:00,12.95750002861023,-0.015000009536741743,False,False,2.136708654687532,True,0.0002585501971960136,25.3081359672163,0.00027061651711071357,0.00029002675263195354,-0.46715751219509327,-2.3682712618975588,-6.1370804807147845,-0.46715751219509327,False,False,False,False,False,False,0.020683314240675876,False,-0.11458330987780119,中性,8929.TWO,富堡,0,v1,phase6a,2026-07-12,0,0,0,0,0,0,v1,596,0.02618657937806874,596,0.02618657937806874,596,0.02618657937806874,^TWII,yfinance,2y,2026-10-08,scan_20261009_174201,False,False
True,1,0.10833358764648438,0.07500028610229492,True,False,買入 (動能增強),14.800000190734863,2026-10-08 00:00:00,14.622500085830689,0.007500028610229137,False,True,0.9376158053017095,False,0.00030012101708357157,37.666827058684866,0.00030578207240488086,0.00031846868663820607,-0.19449849947466014,-2.1429516358108747,-5.369222476308777,-0.19449849947466014,False,False,False,False,False,False,0.06593539463725126,False,-0.19657143135226496,中性,5450.TWO,南良,3,v1,phase6a,2026-07-12,0,3,5,3,3,3,v1,60,0.9034369885433715,60,0.9034369885433715,67,0.8919803600654664,^TWII,yfinance,2y,2026-10-08,scan_20261009_174201,True,False
True,1,-0.08333349227905273,-0.041666666666666664,True,False,賣出 (動能轉弱),12.949999809265137,2026-10-08 00:00:00,12.977500009536744,0.007499980926514382,False,False,0.2501638569710706,False,0.00026260588269598744,48.472524033158365,0.00027031273991045103,0.0002793074643743378,-0.29921665497324446,-1.8788219046513954,-3.6872852838604087,-0.29921665497324446,False,False,False,False,False,False,0.04719708271153326,False,-0.08156032206324793,中性,9912.TW,偉聯,0,v1,phase6a,2026-07-12,0,0,1,0,0,0,v1,603,0.014729950900163666,603,0.014729950900163666,603,0.014729950900163666,^TWII,yfinance,2y,2026-10-08,scan_20261009_174201,False,False
True,0,0.030000050862630197,-0.04499991734822592,True,False,買入 (動能增強),10.449999809265137,2026-10-08 00:00:00,10.163999986648559,0.0025000095367424535,False,True,1.4765596160944998,False,0.00021190976559872985,27.430508898036077,0.00021275780417046183,0.00022900044314514865,-0.041939603629359556,-1.5808250118417466,-6.003719701499566,-0.041939603629359556,False,False,False,False,False,True,0.17043653934072167,False,-0.11063831410509473,中性,1445.TW,大宇,2,v1,phase6a,2026-07-12,0,2,4,2,2,2,v1,91,0.8527004909983633,91,0.8527004909983633,98,0.8412438625204582,^TWII,yfinance,2y,2026-10-08,scan_20261009_174201,False,False
True,0,-0.375,-0.30000050862630206,True,False,賣出 (動能轉弱),38.900001525878906,2026-10-08 00:00:00,39.10000057220459,0.04900989532470845,False,False,0.8258213267030964,False,0.000788831612975782,21.600195238634786,0.0008102953011102303,0.0008435358741953451,-0.27805337524947626,-2.0416889679791606,-1.9011680608730597,-0.27805337524947626,False,False,False,False,False,False,0.10142245855272841,False,-0.021383609411851467,中性,4160.TWO,訊聯基因,0,v1,phase6a,2026-07-12,0,0,1,0,0,0,v1,448,0.2684124386252046,448,0.2684124386252046,449,0.26677577741407527,^TWII,yfinance,2y,2026-10-08,scan_20261009_174201,False,False
True,0,1.125,0.9583333333333333,True,False,買入 (動能增強),30.399999618530273,2026-10-08 00:00:00,30.127499961853026,0.11499996185302663,False,True,0.46939775460116095,False,0.0006164647761670385,47.98322281084005,0.0006271587694061595,0.000660259772190471,-0.17916781063894716,-1.1980245636068365,-1.1005240133622807,-0.17916781063894716,False,False,False,False,False,False,0.13730570823685198,False,-0.08982041228423832,中性,2460.TW,建通,2,v1,phase6a,2026-07-12,0,2,4,2,2,2,v1,116,0.8117839607201309,116,0.8117839607201309,123,0.8003273322422259,^TWII,yfinance,2y,2026-10-08,scan_20261009_174201,False,False
True,0,0.1333332061767578,0.18333339691162104,True,False,觀望 (動能減弱),17.649999618530273,2026-10-08 00:00:00,17.49000005722046,0.019999980926513672,False,True,1.0323304222040255,False,0.00035791457897102485,38.69477964748204,0.0003656370799227939,0.0003824792203945676,-0.22182968836635952,-1.76937373504783,-4.145342911470151,-0.22182968836635952,False,False,False,False,False,False,0.06118451699982151,False,-0.024861920080407884,中性,1463.TW,強盛新,0,v1,phase6a,2026-07-12,0,0,2,0,0,0,v1,324,0.4713584288052373,324,0.4713584288052373,327,0.4664484451718494,^TWII,yfinance,2y,2026-10-08,scan_20261009_174201,False,False
True,1,-0.21666844685872394,-0.016668955485026032,True,False,賣出 (動能轉弱),66.19999694824219,2026-10-08 00:00:00,66.72499923706054,-0.060000228881833095,False,False,0.5799882865057818,False,0.0013424331188504719,72.68552201406796,0.0013934381166343108,0.0014793694717671472,-0.3838232787210183,-2.2303726397380874,-6.180731355913838,-0.3838232787210183,False,False,False,False,False,False,0.05802406790986552,False,-0.06375187396024473,中性,2374.TW,佳能,0,v1,phase6a,2026-07-12,0,0,0,0,0,0,v1,362,0.40916530278232405,362,0.40916530278232405,365,0.40425531914893614,^TWII,yfinance,2y,2026-10-08,scan_20261009_174201,False,False
True,2,0.015000025431315105,0.01333347956339518,True,False,買入 (動能增強),9.359999656677246,2026-10-08 00:00:00,9.317999935150146,-0.0010000228881832385,True,True,0.9372396597972519,False,0.00018980625545008013,34.84073254477974,0.0001950596780718957,0.00020546784445349766,-0.2826973606233185,-2.113960641475243,-6.471060350386759,-0.2826973606233185,False,False,False,False,False,False,0.06574541396606876,False,-0.042944794249636264,中性,4702.TWO,中美實,2,v1,phase6a,2026-07-12,0,2,3,2,2,2,v1,152,0.7528641571194763,152,0.7528641571194763,156,0.7463175122749591,^TWII,yfinance,2y,2026-10-08,scan_20261009_174201,False,False
True,1,-0.1333332061767578,-0.14999993642171222,True,False,觀察 (跌勢收斂),17.75,2026-10-08 00:00:00,17.882499980926514,-0.014999961853025212,True,False,1.402531934695039,False,0.00035994243139052874,24.941263722445346,0.00037451042361479563,0.00040510799113830656,-0.40779092017301233,-2.425158825741769,-8.107054053855745,-0.40779092017301233,False,False,False,False,False,False,0.04089141658265551,False,-0.1057934680661321,中性,4999.TW,鑫禾,1,v1,phase6a,2026-07-12,0,1,1,1,1,1,v1,258,0.5793780687397708,258,0.5793780687397708,260,0.5761047463175123,^TWII,yfinance,2y,2026-10-08,scan_20261009_174201,False,False
False,0,0.6083332697550455,0.7416667938232422,False,True,強烈買入 (爆發),22.200000762939453,2026-10-08 00:00:00,21.977499961853027,0.022500038146972656,False,True,0.712423965837723,False,0.00045018153529487436,34.81271522022208,0.0004611873539506828,0.0004957026007388501,-0.25057155783257956,-1.575541584299489,-4.712618814301028,-0.25057155783257956,False,False,False,False,False,False,0.04574721472838996,False,-0.14195014621031965,中性,3390.TWO,旭軟,3,v1,phase6a,2026-07-12,0,3,5,3,3,3,v1,49,0.9214402618657938,49,0.9214402618657938,58,0.9067103109656302,^TWII,yfinance,2y,2026-10-08,scan_20261009_174201,False,False
True,0,0.3583335876464843,0.29166666666666663,True,False,買入 (動能增強),47.20000076293945,2026-10-08 00:00:00,47.30000019073486,-0.0625,True,False,1.0002722963473392,False,0.00095714270626745,41.25970861212902,0.0010002726763976254,0.001078036110565133,-0.45182519853259606,-2.709312305570355,-11.979510562415442,-0.45182519853259606,False,False,False,False,False,False,0.015361978202144707,False,-0.1833909794816143,中性,6570.TWO,維田,2,v1,phase6a,2026-07-12,0,2,2,2,2,2,v1,179,0.7086743044189853,179,0.7086743044189853,180,0.707037643207856,^TWII,yfinance,2y,2026-10-08,scan_20261009_174201,False,False
True,1,0.21666669845581055,0.15000009536743164,True,False,買入 (動能增強),15.149999618530273,2026-10-08 00:00:00,14.702500057220458,0.0625,False,True,1.4675771882780804,False,0.0003072184618737673,51.840573480563556,0.00030428785780109267,0.000300081668315773,0.10148209597913294,-0.6886008438392821,2.734155357068535,0.10148209597913294,True,True,True,False,False,False,0.6394049734366528,False,-0.03194888256789341,中性,1312.TW,國喬,4,v1,phase6a,2026-07-12,1,5,6,5,4,5,v1,4,0.9950900163666121,4,0.9950900163666121,3,0.9967266775777414,^TWII,yfinance,2y,2026-10-08,scan_20261009_174201,False,True
True,0,-1.25,-1.1666666666666665,True,False,賣出 (動能轉弱),68.30000305175781,2026-10-08 00:00:00,69.19500007629395,-0.11499977111816406,False,False,1.0399406094819799,False,0.0013850179809819854,113.94415629712496,0.0014290972719544423,0.0014240742105789245,-0.3236245369231616,-1.8694639176936811,-0.8853611018293517,-0.3236245369231616,False,False,True,False,False,False,0.24845120803690798,False,-0.03531073294124565,中性,2885.TW,元大金,0,v1,phase6a,2026-07-12,0,0,0,0,0,0,v1,405,0.33878887070376434,405,0.33878887070376434,406,0.337152209492635,^TWII,yfinance,2y,2026-10-08,scan_20261009_174201,False,False
True,0,-0.025000095367431637,-0.04166682561238606,True,False,觀察 (跌勢收斂),12.550000190734863,2026-10-08 00:00:00,12.774999904632569,-0.03249998092651296,False,False,2.970510708401977,True,0.0002544945116960398,22.478416914568093,0.00026539388938198353,0.000285677074632566,-0.43044112785182165,-2.366709689073032,-4.170685218812375,-0.43044112785182165,False,False,False,False,False,False,0.008396784479063887,False,-0.14625847934876635,中性,6246.TWO,臺龍,1,v1,phase6a,2026-07-12,0,1,1,1,1,1,v1,273,0.5548281505728314,273,0.5548281505728314,274,0.5531914893617021,^TWII,yfinance,2y,2026-10-08,scan_20261009_174201,False,False
True,1,0.1916672388712565,0.15000025431315103,True,False,買入 (動能增強),29.0,2026-10-08 00:00:00,28.82749996185303,0.014999961853028765,False,True,1.1420315072377851,False,0.0005880749583281878,57.377372901541825,0.0006012942671321606,0.0006253931957229717,-0.2308841939675621,-1.754289291823008,-4.0697772484416745,-0.2308841939675621,False,False,False,False,False,False,0.07952390944209957,False,0.0,中性,4111.TWO,濟生,4,v1,phase6a,2026-07-12,0,4,6,4,4,4,v1,18,0.972176759410802,18,0.972176759410802,23,0.9639934533551555,^TWII,yfinance,2y,2026-10-08,scan_20261009_174201,False,True
True,0,-0.25,-0.41666666666666663,True,False,觀察 (跌勢收斂),133.0,2026-10-08 00:00:00,134.125,-0.19999999999998863,False,False,0.8679581651503292,False,0.0026970334295741026,27.487905028789267,0.002803949207936746,0.002949948465559344,-0.3997683456149037,-2.371671553879162,-6.961688194757077,-0.3997683456149037,False,False,False,False,False,False,0.02499234689410212,False,-0.08904109589041098,中性,3218.TWO,大學光,1,v1,phase6a,2026-07-12,0,1,1,1,1,1,v1,243,0.6039279869067103,243,0.6039279869067103,245,0.6006546644844517,^TWII,yfinance,2y,2026-10-08,scan_20261009_174201,False,False
True,1,-0.9166666666666665,-1.0,True,False,觀察 (跌勢收斂),144.0,2026-10-08 00:00:00,145.6,-0.15000000000000568,True,False,0.5961646607771361,False,0.002920096344802036,23.016524368382722,0.0030718493963442168,0.0034780699326058774,-0.5173225067320097,-2.642690158835459,-11.776465320235573,-0.5173225067320097,False,False,False,False,False,False,0.005358726375424415,False,-0.2708860759493671,中性,8069.TWO,元太,1,v1,phase6a,2026-07-12,0,1,1,1,1,1,v1,295,0.5188216039279869,295,0.5188216039279869,296,0.5171849427168577,^TWII,yfinance,2y,2026-10-08,scan_20261009_174201,False,False
True,0,-0.41666666666666674,-0.9166666666666664,True,False,觀察 (跌勢收斂),128.0,2026-10-08 00:00:00,126.225,-0.025000000000005684,True,True,0.6910531520594313,False,0.0025956411953795876,39.887516109686665,0.00264679532656175,0.0027697396425931118,-0.2030271491582969,-2.0135726482236938,-7.789360075059026,-0.2030271491582969,False,False,False,False,False,False,0.07775632503067832,False,-0.11418685121107264,中性,9939.TW,宏全,1,v1,phase6a,2026-07-12,0,1,2,1,1,1,v1,300,0.5106382978723404,300,0.5106382978723404,301,0.5090016366612111,^TWII,yfinance,2y,2026-10-08,scan_20261009_174201,False,False
True,0,-0.3833351135253906,-0.4666684468587239,True,False,觀察 (跌勢收斂),79.0999984741211,2026-10-08 00:00:00,78.49999961853027,0.014999771118155536,False,True,1.4354371941628703,False,0.0016040251140147753,47.48833608754586,0.0016352735587574947,0.0016975489941980166,-0.2007435927964485,-1.9255820305825733,-4.210913598634747,-0.2007435927964485,False,False,False,False,False,False,0.10313425268472773,False,-0.005031465734325891,中性,5609.TWO,中菲行,1,v1,phase6a,2026-07-12,0,1,3,1,1,1,v1,264,0.5695581014729951,264,0.5695581014729951,266,0.5662847790507365,^TWII,yfinance,2y,2026-10-08,scan_20261009_174201,False,False
True,1,0.049999872843424484,0.05833307902018228,True,False,觀望 (動能減弱),15.600000381469727,2026-10-08 00:00:00,15.592499923706054,0.0,False,True,1.414543868541723,False,0.0003163437784225008,25.785721101866166,0.0003257278729533509,0.00034308931675800376,-0.30234222224828633,-1.8651393835713792,-5.249212558375637,-0.30234222224828633,False,False,False,False,False,False,0.036238278649892944,False,-0.07964603661974179,中性,1539.TW,巨庭,0,v1,phase6a,2026-07-12,0,0,1,0,0,0,v1,331,0.45990180032733224,331,0.45990180032733224,334,0.45499181669394434,^TWII,yfinance,2y,2026-10-08,scan_20261009_174201,False,False
True,0,0.6916664441426594,0.7583330472310383,True,False,觀望 (動能減弱),16.799999237060547,2026-10-08 00:00:00,15.827499914169312,0.06999998092651438,False,True,0.7182790398859138,False,0.0003406778914223437,31.576380394848908,0.0003398099165343845,0.0003793329894028774,0.026894550643885573,-1.4098314964091974,-12.985408263251664,0.026894550643885573,True,False,False,False,False,True,0.08811069886845681,False,-0.34797756957762926,中性,6241.TWO,鑫永洋,1,v1,phase6a,2026-07-12,0,1,3,1,1,1,v1,272,0.5564648117839607,272,0.5564648117839607,273,0.5548281505728314,^TWII,yfinance,2y,2026-10-08,scan_20261009_174201,True,False
True,0,0.3416671752929688,0.34166717529296875,True,False,買入 (動能增強),32.45000076293945,2026-10-08 00:00:00,32.54749984741211,-0.017499923706054688,False,False,0.8372173126809683,False,0.0006580356153936304,33.09490219458692,0.000679671720794298,0.0007057118199555577,-0.33396692310871945,-1.8911966536677816,-4.635140652480474,-0.33396692310871945,False,False,False,False,False,False,0.04369358350921548,False,-0.021116160805995432,中性,1527.TW,鑽全,4,v1,phase6a,2026-07-12,0,4,4,4,4,4,v1,8,0.9885433715220949,8,0.9885433715220949,13,0.9803600654664485,^TWII,yfinance,2y,2026-10-08,scan_20261009_174201,False,True
True,0,0.7166678110758463,0.7500012715657551,True,False,觀望 (動能減弱),53.0,2026-10-08 00:00:00,52.2850004196167,0.02999992370605753,False,True,0.7805459953089863,False,0.0010747576824618604,46.61488424642039,0.0010952407810318162,0.0011570906253183506,-0.19647546347942857,-1.8906331396228548,-5.681162196372935,-0.19647546347942857,False,False,False,False,False,False,0.10949735935936933,False,-0.04332132598873306,中性,6776.TW,展�眥篕�,0,v1,phase6a,2026-07-12,0,0,2,0,0,0,v1,538,0.12111292962356793,538,0.12111292962356793,538,0.12111292962356793,^TWII,yfinance,2y,2026-10-08,scan_20261009_174201,False,False
True,1,0.15000057220458984,0.12500063578287762,True,False,買入 (動能增強),23.600000381469727,2026-10-08 00:00:00,23.544999980926512,-0.022499942779543147,False,True,0.5068665434318368,False,0.000478571353133725,44.20658471500431,0.0004924756782282574,0.0005142428205265152,-0.2963143838403015,-2.109791207078038,-6.212510112778524,-0.2963143838403015,False,False,False,False,False,False,0.044856398303057106,False,-0.16607770255470145,中性,2910.TW,統領,4,v1,phase6a,2026-07-12,0,4,5,4,4,4,v1,14,0.9787234042553191,14,0.9787234042553191,19,0.9705400981996727,^TWII,yfinance,2y,2026-10-08,scan_20261009_174201,False,True
False,0,-0.32500012715657545,-1.0083332061767578,False,True,強烈賣出 (跌破),25.75,2026-10-08 00:00:00,24.812500286102296,-0.010000038146973367,True,True,0.25738833604573125,False,0.000522170006101753,40.67486899314473,0.000522312938751887,0.0005591996730318053,-0.002880477893540956,-2.70208069786001,-12.101838533605058,-0.002880477893540956,False,False,False,False,False,True,0.23352614790069084,False,-0.14735101491786595,中性,4530.TWO,天意能創,0,v1,phase6a,2026-07-12,0,0,1,0,0,0,v1,459,0.25040916530278234,459,0.25040916530278234,460,0.24877250409165302,^TWII,yfinance,2y,2026-10-08,scan_20261009_174201,False,False
True,0,0.024999936421712256,-0.13333352406819662,True,False,買入 (動能增強),31.149999618530273,2026-10-08 00:00:00,31.162500190734864,0.00500001907348846,False,False,2.256208602601086,True,0.0006316736112962157,20.012571693596662,0.0006490997997351189,0.0006862798024443639,-0.28180049647148486,-2.4122204314201423,-4.277791374548389,-0.28180049647148486,False,False,False,False,False,False,0.08400483838166008,False,-0.08247425865939073,中性,2941.TWO,米斯特,2,v1,phase6a,2026-07-12,0,2,3,2,2,2,v1,125,0.7970540098199672,125,0.7970540098199672,132,0.7855973813420621,^TWII,yfinance,2y,2026-10-08,scan_20261009_174201,False,False
