is_squeezed,energy_level,momentum,prev_momentum,squeeze_on,fired,Signal,Close,timestamp,ma20,ma20_slope,ma20_converging,close_above_ma20,volume_expansion_ratio,volume_expansion,rs_ratio,rs_index,rs_ema20,rs_ema60,rs_slope_1d,rs_slope_5d,rs_slope_20d,rs_slope,rs_above_ema20,rs_above_ema60,rs_ema20_above_ema60,rs_new_high_60,rs_new_high_120,rs_rising_10,rs_percentile_60,rs_high_price_not_high,price_dist_to_high_60,rs_signal,ticker,name,ranking_score,ranking_score_version,feature_schema_version,feature_schema_date,rs_component_score,experimental_score,shadow_score_ma20,shadow_score_rs,composite_score,composite_score_v2,score_version,rank_position_v1,ranking_percentile_v1,rank_position,ranking_percentile,rank_position_v2,ranking_percentile_v2,benchmark_symbol,benchmark_source,benchmark_period,benchmark_last_date,scan_id,has_houyi,has_whale
True,0,-1.3333333333333333,-1.1666666666666665,True,False,賣出 (動能轉弱),107.5,2026-09-17 00:00:00,108.1,0.0,False,False,1.5531068832090402,True,0.0023224161769789145,47.33043191678857,0.002333683187233866,0.0023830786529843227,-0.05079518310512343,0.15926311867247023,-0.7076083377635767,-0.05079518310512343,False,False,False,False,False,False,0.37733478340468046,False,-0.022727272727272707,中性,6728.TWO,上洋,0,v1,phase6a,2026-07-12,0,0,0,0,0,0,v1,546,0.1321656050955414,546,0.1321656050955414,557,0.11464968152866242,^TWII,yfinance,2y,2026-09-17,scan_20260917_153651,False,False
True,3,-0.03333322207132975,-0.036666552225748696,True,False,觀察 (跌勢收斂),7.070000171661377,2026-09-17 00:00:00,7.092500042915344,-0.0009999990463258612,True,False,0.9959327094991113,False,0.00015273937460381475,20.552353615755724,0.00015425209028075166,0.0001637740934361475,-0.10312276686174071,-0.11553748563852828,-4.10996335164977,-0.10312276686174071,False,False,False,False,False,False,0.10005595734479784,False,-0.11403506832544652,中性,3494.TW,誠研,1,v1,phase6a,2026-07-12,0,1,1,1,1,1,v1,155,0.7547770700636943,155,0.7547770700636943,186,0.7054140127388535,^TWII,yfinance,2y,2026-09-17,scan_20260917_153651,False,False
True,0,-24.666666666666664,-17.5,True,False,賣出 (動能轉弱),686.0,2026-09-17 00:00:00,705.55,-1.4500000000000455,True,False,0.9336526761672764,False,0.014820255789837538,122.25039121753149,0.015359409186333604,0.016036618253599602,-0.3681395438046797,-1.5228908144158004,-8.0607245374671,-0.3681395438046797,False,False,False,False,False,False,0.0,False,-0.17249698431845595,中性,6944.TW,兆聯實業,0,v1,phase6a,2026-07-12,0,0,0,0,0,0,v1,570,0.09394904458598727,570,0.09394904458598727,577,0.08280254777070063,^TWII,yfinance,2y,2026-09-17,scan_20260917_153651,False,False
True,0,-7.5,-3.8333333333333335,True,False,賣出 (動能轉弱),130.0,2026-09-17 00:00:00,138.125,-0.4749999999999943,True,False,0.33557685687565947,False,0.002808503283788455,155.44994846335783,0.0029828017631220627,0.003132426694367071,-0.6113394744913792,-2.493170265789979,-6.183737196985528,-0.6113394744913792,False,False,False,False,False,False,0.0,False,-0.3856793595942678,中性,8043.TWO,蜜望實,0,v1,phase6a,2026-07-12,0,0,0,0,0,0,v1,587,0.06687898089171974,587,0.06687898089171974,592,0.0589171974522293,^TWII,yfinance,2y,2026-09-17,scan_20260917_153651,False,False
True,0,-1.3250001271565752,-1.4666665395100908,True,False,觀察 (跌勢收斂),47.5,2026-09-17 00:00:00,46.10999984741211,0.052499961853030186,False,True,4.228461314932086,True,0.0010261838921534739,33.91231214282317,0.0010052879178985938,0.0010699391168721359,0.2192804109070856,-0.6613929283523445,-7.052596699960811,0.2192804109070856,True,False,False,False,False,True,0.15222591682286904,False,-0.26356589147286824,中性,6684.TWO,安格,1,v1,phase6a,2026-07-12,0,1,3,1,1,1,v1,226,0.64171974522293,226,0.64171974522293,242,0.6162420382165605,^TWII,yfinance,2y,2026-09-17,scan_20260917_153651,False,False
True,0,-0.41666539510091144,-0.2666664123535156,True,False,賣出 (動能轉弱),73.9000015258789,2026-09-17 00:00:00,74.39000015258789,-0.004999923706051845,True,False,0.2839123116546004,False,0.0015965261304415595,41.28296631479882,0.0016116675311891682,0.0016261514911899658,-0.09879562570260791,-0.22212163048168643,-2.0747026110508826,-0.09879562570260791,False,False,False,False,False,False,0.43761407154994963,False,-0.018592316987246504,中性,1777.TWO,生泰,0,v1,phase6a,2026-07-12,0,0,0,0,0,0,v1,317,0.4968152866242038,317,0.4968152866242038,371,0.410828025477707,^TWII,yfinance,2y,2026-09-17,scan_20260917_153651,False,False
True,1,-0.03333346048990886,3.469446951953614e-18,True,False,賣出 (動能轉弱),11.649999618530273,2026-09-17 00:00:00,11.909999990463257,0.0,False,False,0.8203266995446127,False,0.00025168509372905016,29.044104815541864,0.0002578883055829414,0.00026043080810698885,-0.25255915837607557,-0.324622766910343,-1.911428134005555,-0.25255915837607557,False,False,False,False,False,False,0.4648690751448617,False,-0.1370370652940538,中性,5516.TWO,雙喜,1,v1,phase6a,2026-07-12,0,1,1,1,1,1,v1,193,0.6942675159235668,193,0.6942675159235668,215,0.6592356687898089,^TWII,yfinance,2y,2026-09-17,scan_20260917_153651,True,False
True,0,-1.5833320617675781,-1.0499992370605469,True,False,賣出 (動能轉弱),83.5,2026-09-17 00:00:00,82.3349998474121,0.17499999999999716,False,True,1.2255804643387773,False,0.0018039232630487384,27.637430042437103,0.00179483022795713,0.0019796124973086005,0.05335726404140928,-0.4962105378092163,-5.161128033888341,0.05335726404140928,True,False,False,False,False,True,0.06834579733842559,False,-0.3266129032258065,中性,8054.TWO,安國,0,v1,phase6a,2026-07-12,0,0,2,0,0,0,v1,590,0.06210191082802548,590,0.06210191082802548,594,0.05573248407643312,^TWII,yfinance,2y,2026-09-17,scan_20260917_153651,False,False
True,0,-1.9250005086263018,-1.4416669209798174,True,False,賣出 (動能轉弱),37.29999923706055,2026-09-17 00:00:00,38.10749988555908,-0.032500076293949576,False,False,0.8159678857610508,False,0.0008058243872507031,87.97164950508918,0.0008243359471254992,0.0008750473819694576,-0.2358249699261128,-1.4571902116352176,-5.699544128044442,-0.2358249699261128,False,False,False,False,False,False,0.13806922310423567,False,-0.3224803059310519,中性,1809.TW,中釉,0,v1,phase6a,2026-07-12,0,0,0,0,0,0,v1,320,0.49203821656050956,320,0.49203821656050956,374,0.40605095541401276,^TWII,yfinance,2y,2026-09-17,scan_20260917_153651,False,False
True,0,-2.6833343505859375,-1.9333343505859373,True,False,賣出 (動能轉弱),97.5999984741211,2026-09-17 00:00:00,99.35000038146973,-0.04500007629394531,False,False,1.1972463359520633,False,0.002108537817017825,21.766977923628417,0.002149688847313517,0.00230324077734547,-0.20109777644823357,-0.8815568082620073,-3.742305022799153,-0.20109777644823357,False,False,False,False,False,False,0.048233713575357065,False,-0.17288136886338057,中性,6462.TWO,神盾,0,v1,phase6a,2026-07-12,0,0,0,0,0,0,v1,523,0.16878980891719744,523,0.16878980891719744,539,0.14331210191082802,^TWII,yfinance,2y,2026-09-17,scan_20260917_153651,False,False
True,0,0.20000076293945307,0.6833343505859374,True,False,觀望 (動能減弱),75.5,2026-09-17 00:00:00,74.45499992370605,0.16500015258789347,False,True,1.124286341677646,False,0.0016310922917386797,47.784038598618906,0.0016174610477454182,0.0016761006575454413,0.08878988512444064,-0.373635822742846,-1.8586588315241293,0.08878988512444064,True,False,False,False,False,True,0.4860125992966037,False,-0.07361963190184051,中性,6934.TW,心誠鎂,2,v1,phase6a,2026-07-12,0,2,4,2,2,2,v1,93,0.8535031847133758,93,0.8535031847133758,108,0.8296178343949044,^TWII,yfinance,2y,2026-09-17,scan_20260917_153651,False,True
True,1,-0.05000050862630208,-0.08333333333333331,True,False,觀察 (跌勢收斂),33.349998474121094,2026-09-17 00:00:00,33.31749973297119,-0.007500076293943891,False,True,0.8503776616841849,False,0.0007204890786839158,40.9251646346555,0.0007242514806083731,0.0007476798486264174,-0.05465309620377168,-0.14304421784184784,-3.7218434109913323,-0.05465309620377168,False,False,False,False,False,False,0.11127002389420387,False,-0.023426149810024777,中性,1234.TW,黑松,1,v1,phase6a,2026-07-12,0,1,2,1,1,1,v1,104,0.8359872611464968,104,0.8359872611464968,147,0.767515923566879,^TWII,yfinance,2y,2026-09-17,scan_20260917_153651,False,False
True,0,-0.033333460489908845,0.04999955495198567,True,False,賣出 (動能轉弱),18.100000381469727,2026-09-17 00:00:00,18.127499771118163,0.010000038146973367,False,False,0.9092724730831382,False,0.00039103008083023086,38.88568253707066,0.0003945667035102683,0.0004142099031132734,-0.09426166846763229,-0.20629948171392298,-4.22896181706276,-0.09426166846763229,False,False,False,False,False,False,0.10278134957856394,False,-0.06701027126922354,中性,8409.TWO,商之器,0,v1,phase6a,2026-07-12,0,0,1,0,0,0,v1,606,0.03662420382165605,606,0.03662420382165605,608,0.03343949044585987,^TWII,yfinance,2y,2026-09-17,scan_20260917_153651,False,False
True,0,-1.3166675567626953,-1.2416674296061196,True,False,賣出 (動能轉弱),36.599998474121094,2026-09-17 00:00:00,37.257500076293944,-0.10000000000000142,True,False,0.5683914626634182,False,0.0007907016607786271,42.402287148757765,0.0008213000584719346,0.0008742460795684474,-0.39063701137613815,-2.382981344487134,-14.79042371746937,-0.39063701137613815,False,False,False,False,False,False,0.020491377056187633,False,-0.3081285932247806,中性,2425.TW,承啟,0,v1,phase6a,2026-07-12,0,0,0,0,0,0,v1,357,0.43312101910828027,357,0.43312101910828027,405,0.35668789808917195,^TWII,yfinance,2y,2026-09-17,scan_20260917_153651,False,False
True,0,-0.2666667302449544,-0.25,True,False,賣出 (動能轉弱),26.049999237060547,2026-09-17 00:00:00,26.122500133514404,0.0024999618530259227,False,False,1.1307523395418513,False,0.000562780833845933,44.66406968330759,0.0005658563685907931,0.000577361629688815,-0.05717977270152108,-0.045692249783579886,-2.3834887757930856,-0.05717977270152108,False,False,False,False,False,False,0.1981847709761867,False,-0.011385242507250593,中性,2633.TW,台灣高鐵,0,v1,phase6a,2026-07-12,0,0,1,0,0,0,v1,378,0.3996815286624204,378,0.3996815286624204,416,0.339171974522293,^TWII,yfinance,2y,2026-09-17,scan_20260917_153651,False,False
True,1,0.18333307902018228,0.15000025431315103,True,False,買入 (動能增強),56.599998474121094,2026-09-17 00:00:00,55.96999988555908,0.044999885559086295,False,True,0.8833923944369425,False,0.0012227790890537741,52.413353924594965,0.0012122878730272872,0.0012265514792390493,0.09117846285462416,0.4229615215178395,-0.23412757175265142,0.09117846285462416,True,False,False,False,False,True,0.36830907647817673,False,0.0,偏強 (RS上升),3705.TW,永信,2,v1,phase6a,2026-07-12,1,3,4,3,2,3,v1,77,0.8789808917197452,77,0.8789808917197452,59,0.9076433121019108,^TWII,yfinance,2y,2026-09-17,scan_20260917_153651,False,False
True,1,-0.15833314259847006,-0.19999996821085608,True,False,觀察 (跌勢收斂),13.949999809265137,2026-09-17 00:00:00,13.949999952316285,-0.005000019073486683,True,False,1.0027238817702553,False,0.0003013740021013035,27.381894394884963,0.00030219560191353995,0.00031176900082747713,-0.02861042540639458,-0.48342954635843816,-3.534310453150702,-0.02861042540639458,False,False,False,False,False,False,0.293354513609711,False,-0.05695792617371953,中性,4401.TWO,東隆興,1,v1,phase6a,2026-07-12,0,1,1,1,1,1,v1,169,0.732484076433121,169,0.732484076433121,198,0.6863057324840764,^TWII,yfinance,2y,2026-09-17,scan_20260917_153651,False,False
True,1,-1.25,-0.9333330790201823,True,False,賣出 (動能轉弱),39.599998474121094,2026-09-17 00:00:00,39.59250030517578,0.02499999999999858,False,True,1.023036107913388,False,0.0008555132750198992,59.70801005411115,0.0008569938449303344,0.0008989560813005284,-0.018182292460178218,-0.15354125894445625,-2.3463391022450764,-0.018182292460178218,False,False,False,False,False,False,0.2089729652984117,False,-0.33108111547674857,中性,2342.TW,茂矽,0,v1,phase6a,2026-07-12,0,0,2,0,0,0,v1,343,0.4554140127388535,343,0.4554140127388535,396,0.37101910828025475,^TWII,yfinance,2y,2026-09-17,scan_20260917_153651,False,False
True,0,-1.3333333333333333,1.0000000000000004,True,False,賣出 (動能轉弱),250.5,2026-09-17 00:00:00,249.8,0.20000000000001705,False,True,0.910773261885509,False,0.005411769789146215,71.95541479897726,0.005439196549576562,0.005547760058549064,-0.0530500381494714,-0.3897282745472075,-3.8777987545078996,-0.0530500381494714,False,False,False,False,False,True,0.35376749679290664,False,-0.07222222222222219,中性,2317.TW,鴻海,1,v1,phase6a,2026-07-12,0,1,3,1,1,1,v1,128,0.7977707006369427,128,0.7977707006369427,166,0.7372611464968153,^TWII,yfinance,2y,2026-09-17,scan_20260917_153651,True,False
True,0,2.4166666666666665,4.083333333333333,True,False,觀望 (動能減弱),113.5,2026-09-17 00:00:00,108.725,0.5249999999999915,False,True,1.3461187327656126,False,0.0024520394054614587,86.42286279866354,0.00237868921168978,0.0024471922756108015,0.3256506446753793,-0.03541663816256646,-1.671341365564527,0.3256506446753793,True,True,False,False,False,True,0.22528497671869055,False,-0.2919936455540294,偏強 (RS上升),6207.TWO,雷科,1,v1,phase6a,2026-07-12,0,1,3,1,1,1,v1,213,0.6624203821656051,213,0.6624203821656051,230,0.6353503184713376,^TWII,yfinance,2y,2026-09-17,scan_20260917_153651,True,False
True,1,-2.0,-1.9166666666666665,True,False,賣出 (動能轉弱),128.5,2026-09-17 00:00:00,125.925,0.09999999999999432,False,True,1.0986075305150218,False,0.002776097476667819,43.14162909485315,0.0027373002164192096,0.0027852341255795387,0.1494181832578656,-0.3783877848103412,-4.025268541406257,0.1494181832578656,True,False,False,False,False,True,0.37932605662077495,False,-0.08214285714285718,中性,6902.TW,GOGOLOOK,0,v1,phase6a,2026-07-12,0,0,2,0,0,0,v1,565,0.10191082802547771,565,0.10191082802547771,573,0.08917197452229299,^TWII,yfinance,2y,2026-09-17,scan_20260917_153651,False,False
True,0,-0.3166666030883789,-0.27499993642171217,True,False,賣出 (動能轉弱),14.149999618530273,2026-09-17 00:00:00,14.319999837875367,-0.007500028610229137,True,False,0.9868269432431764,False,0.00030569477226344353,26.776193975639686,0.0003111567665986376,0.00033818417856698,-0.18443640716203635,-0.8090257596561456,-6.051901039387664,-0.18443640716203635,False,False,False,False,False,False,0.06397816789307671,False,-0.18208091083508582,中性,3686.TW,達能,0,v1,phase6a,2026-07-12,0,0,0,0,0,0,v1,438,0.304140127388535,438,0.304140127388535,464,0.2627388535031847,^TWII,yfinance,2y,2026-09-17,scan_20260917_153651,False,False
False,0,-0.5416666666666666,-0.4250001907348633,False,True,強烈賣出 (跌破),17.100000381469727,2026-09-17 00:00:00,17.64499988555908,-0.014999961853028765,False,False,1.104472032462482,False,0.00036942620941647354,33.36971511676408,0.000381883975751398,0.00041036458896375253,-0.3422129023338494,-0.98392909198316,-4.6551327043745765,-0.3422129023338494,False,False,False,False,False,False,0.002585600337435324,False,-0.14925372851065777,中性,6210.TWO,慶生,0,v1,phase6a,2026-07-12,0,0,0,0,0,0,v1,507,0.1942675159235669,507,0.1942675159235669,524,0.16719745222929935,^TWII,yfinance,2y,2026-09-17,scan_20260917_153651,False,False
True,1,-0.1916666030883789,-0.14999993642171225,True,False,賣出 (動能轉弱),17.549999237060547,2026-09-17 00:00:00,17.679999828338623,-0.01249999999999929,True,False,0.2140483752949688,False,0.0003791479268289956,46.0475462585893,0.00038258727739276516,0.00038176315196609744,-0.09453911730242792,-0.15279000802166376,-1.9345625837266844,-0.09453911730242792,False,False,True,False,False,False,0.5271731062476004,False,-0.05135139259132182,中性,1742.TWO,台蠟,0,v1,phase6a,2026-07-12,0,0,0,0,0,0,v1,314,0.5015923566878981,314,0.5015923566878981,368,0.4156050955414013,^TWII,yfinance,2y,2026-09-17,scan_20260917_153651,False,False
True,1,-0.03333314259847005,-0.05833307902018228,True,False,觀察 (跌勢收斂),29.049999237060547,2026-09-17 00:00:00,29.049999904632568,-0.00500001907348846,False,False,0.789338446314724,False,0.000627592448087205,48.40845952237112,0.0006310161894246268,0.0006469208901840626,-0.05708064482481401,0.008695180980766715,-3.066372959124253,-0.05708064482481401,False,False,False,False,False,False,0.15196167349443954,False,-0.011904775034389026,中性,9908.TW,大台北,1,v1,phase6a,2026-07-12,0,1,1,1,1,1,v1,259,0.589171974522293,259,0.589171974522293,271,0.5700636942675159,^TWII,yfinance,2y,2026-09-17,scan_20260917_153651,False,False
True,0,-5.999999999999999,-3.083333333333333,True,False,賣出 (動能轉弱),197.5,2026-09-17 00:00:00,202.7,-0.20000000000001705,False,False,0.4613875516041465,False,0.004266764604217076,44.97221887042189,0.004371182115736742,0.004540043719122419,-0.25081884984182734,-1.1601558940293355,-2.268496714098278,-0.25081884984182734,False,False,False,False,False,False,0.0031024581058765326,False,-0.1623930573032628,中性,1503.TW,士電,1,v1,phase6a,2026-07-12,0,1,1,1,1,1,v1,115,0.8184713375796179,115,0.8184713375796179,155,0.7547770700636943,^TWII,yfinance,2y,2026-09-17,scan_20260917_153651,True,False
True,0,0.6333338419596354,0.550000508626302,True,False,買入 (動能增強),41.70000076293945,2026-09-17 00:00:00,40.814999961853026,0.06499996185302592,False,True,0.9801845595357286,False,0.0009008814544361272,53.61096807477477,0.0008930641892224297,0.0009686662568988846,0.09222505221260224,1.2375522941650896,-3.9658678289708593,0.09222505221260224,True,False,False,False,False,True,0.12133210210863596,False,-0.3118811582025498,偏強 (RS上升),6909.TW,創控,2,v1,phase6a,2026-07-12,1,3,4,3,2,3,v1,92,0.8550955414012739,92,0.8550955414012739,66,0.8964968152866242,^TWII,yfinance,2y,2026-09-17,scan_20260917_153651,False,False
True,1,-1.0596631368001301,-0.47737312316894526,True,False,賣出 (動能轉弱),42.75,2026-09-17 00:00:00,43.80815525054932,-0.06215839385986044,True,False,0.5853654193427555,False,0.0009235655029381265,101.80203139740973,0.0009519082838151691,0.0010150392956223152,-0.31243862639622755,-1.131248954565811,-5.118706989616673,-0.31243862639622755,False,False,False,False,False,True,0.07685939056066249,False,-0.4076368196388773,中性,3236.TWO,千如,0,v1,phase6a,2026-07-12,0,0,0,0,0,0,v1,410,0.3487261146496815,410,0.3487261146496815,440,0.30095541401273884,^TWII,yfinance,2y,2026-09-17,scan_20260917_153651,False,False
True,1,0.16666793823242188,0.11666742960611978,True,False,買入 (動能增強),54.900001525878906,2026-09-17 00:00:00,54.83499984741211,0.0,False,True,0.3084983434779259,False,0.0011860525735801698,41.27315850771797,0.001193300689089103,0.0012516844511587827,-0.06389605178419577,0.05826150938117447,-3.601795019056231,-0.06389605178419577,False,False,False,False,False,False,0.12801221092079518,False,-0.0833575682951414,中性,2496.TW,卓越,2,v1,phase6a,2026-07-12,0,2,3,2,2,2,v1,57,0.910828025477707,57,0.910828025477707,89,0.8598726114649682,^TWII,yfinance,2y,2026-09-17,scan_20260917_153651,False,False
True,0,-0.20333321889241535,-0.21833340326944986,True,False,觀察 (跌勢收斂),9.0600004196167,2026-09-17 00:00:00,8.933999967575073,0.003000020980834961,False,True,1.2655293497551194,False,0.00019573108407398677,29.163043082195426,0.0001928142893691889,0.00019983402982761694,0.15949062086957344,-0.20418986280573703,-1.068241901619138,0.15949062086957344,True,False,False,False,False,True,0.6821286626882417,False,-0.015217325277273042,中性,4157.TWO,太景*-KY,1,v1,phase6a,2026-07-12,0,1,3,1,1,1,v1,168,0.7340764331210191,168,0.7340764331210191,197,0.6878980891719745,^TWII,yfinance,2y,2026-09-17,scan_20260917_153651,False,False
True,1,-0.18333339691162107,-0.10833342870076496,True,False,賣出 (動能轉弱),14.199999809265137,2026-09-17 00:00:00,14.139999961853027,0.01500000953674352,False,True,0.7056328956602107,False,0.00030677496995474283,46.67035397698307,0.0003090046256986714,0.00033509671048817047,-0.07589610526892443,-0.9092184927868119,-7.161935321715873,-0.07589610526892443,False,False,False,False,False,False,0.07987096034139392,False,-0.21111112170749236,中性,2440.TW,太空梭,0,v1,phase6a,2026-07-12,0,0,2,0,0,0,v1,361,0.4267515923566879,361,0.4267515923566879,406,0.35509554140127386,^TWII,yfinance,2y,2026-09-17,scan_20260917_153651,False,False
True,0,14.666666666666663,22.0,True,False,觀望 (動能減弱),614.0,2026-09-17 00:00:00,605.9,1.1999999999999318,False,True,0.7061746684345422,False,0.01326477704804701,197.4788857581468,0.013231239344575617,0.013293385009582373,0.026688556271703412,0.002707833682946692,-2.1840706719150615,0.026688556271703412,True,False,False,False,False,True,0.2719436604636979,False,-0.14771366133588948,偏強 (RS上升),3711.TW,日月光投控,3,v1,phase6a,2026-07-12,1,4,5,4,3,4,v1,22,0.9665605095541401,22,0.9665605095541401,22,0.9665605095541401,^TWII,yfinance,2y,2026-09-17,scan_20260917_153651,True,True
True,0,8.666666666666666,8.083333333333332,True,False,買入 (動能增強),232.5,2026-09-17 00:00:00,221.625,0.75,False,True,1.5255016871965867,True,0.005022900103698583,80.53285906714564,0.004869700514390469,0.004990905904770834,0.3322556070073146,1.400520441439057,-2.991644882537725,0.3322556070073146,True,True,False,False,False,True,0.18491058317032893,False,-0.22883004058112666,偏強 (RS上升),3147.TWO,大綜,3,v1,phase6a,2026-07-12,1,4,5,4,3,4,v1,19,0.9713375796178344,19,0.9713375796178344,19,0.9713375796178344,^TWII,yfinance,2y,2026-09-17,scan_20260917_153651,True,False
True,1,0.4166666666666667,0.33333333333333326,True,False,買入 (動能增強),133.5,2026-09-17 00:00:00,131.05,0.15000000000000568,False,True,1.4963020864403656,False,0.0028841168337366057,53.26639376841691,0.0028541670399151375,0.0029455490445198114,0.11057853102134363,0.26241227354422136,-3.230503287375408,0.11057853102134363,True,False,False,False,False,True,0.22761349408757323,False,-0.13561158670227602,偏強 (RS上升),3014.TW,聯陽,3,v1,phase6a,2026-07-12,1,4,5,4,3,4,v1,18,0.9729299363057324,18,0.9729299363057324,18,0.9729299363057324,^TWII,yfinance,2y,2026-09-17,scan_20260917_153651,True,False
True,0,-0.2583332061767578,-0.2666667302449544,True,False,觀察 (跌勢收斂),22.950000762939453,2026-09-17 00:00:00,23.010000038146973,-0.027499961853028054,False,False,0.1147227533460803,False,0.000495808865428177,28.689769734183848,0.0004984012003966175,0.0005278714552781571,-0.05472058349690334,-0.20921954251578168,-2.5172131704922163,-0.05472058349690334,False,False,False,False,False,False,0.10357126734432837,False,-0.025891286792460444,中性,6671.TW,三能-KY,1,v1,phase6a,2026-07-12,0,1,1,1,1,1,v1,224,0.6449044585987261,224,0.6449044585987261,240,0.6194267515923567,^TWII,yfinance,2y,2026-09-17,scan_20260917_153651,False,False
False,0,-38.67785644531249,-27.73758951822916,False,True,強烈賣出 (跌破),696.0,2026-09-17 00:00:00,733.4336029052735,-2.3561614990234148,False,False,1.0918433053930758,False,0.015036294503975112,166.62861791761418,0.01588523870632758,0.016655314995832598,-0.5594039325018341,-2.1472078758297153,-7.546083002923487,-0.5594039325018341,False,False,False,False,False,False,0.0,False,-0.2487684811817995,中性,6139.TW,亞翔,0,v1,phase6a,2026-07-12,0,0,0,0,0,0,v1,499,0.2070063694267516,499,0.2070063694267516,517,0.17834394904458598,^TWII,yfinance,2y,2026-09-17,scan_20260917_153651,False,False
True,2,-0.18333371480305988,-0.41666730244954414,True,False,觀察 (跌勢收斂),61.400001525878906,2026-09-17 00:00:00,60.859999656677246,0.10500011444091939,False,True,0.4197963545855695,False,0.0013264777377695928,41.71859222563691,0.001315038812825757,0.0013479045365079653,0.09164755264396973,0.6410800413040318,-0.138585996053886,0.09164755264396973,True,False,False,False,False,True,0.594468701558094,False,-0.023667964993932977,偏強 (RS上升),6150.TWO,撼訊,1,v1,phase6a,2026-07-12,1,2,3,2,1,2,v1,207,0.6719745222929936,207,0.6719745222929936,129,0.7961783439490446,^TWII,yfinance,2y,2026-09-17,scan_20260917_153651,False,False
True,1,0.29166666666666663,0.36666742960611975,True,False,觀望 (動能減弱),35.29999923706055,2026-09-17 00:00:00,35.06750011444092,0.02999992370605753,False,True,1.025296493218812,False,0.0007626166444231885,41.814643030384204,0.0007573366611218544,0.0007590307079105996,0.07344103629740584,0.6664667577830796,2.0057513974630625,0.07344103629740584,True,True,False,False,False,False,0.5176681009457961,False,-0.004231354658692177,偏強 (RS上升),1102.TW,亞泥,0,v1,phase6a,2026-07-12,0,0,2,0,0,0,v1,265,0.5796178343949044,265,0.5796178343949044,325,0.4840764331210191,^TWII,yfinance,2y,2026-09-17,scan_20260917_153651,False,False
False,0,-0.24999999999999956,-2.5,False,True,強烈賣出 (跌破),206.5,2026-09-17 00:00:00,180.4,1.1750000000000114,False,True,2.7367400328934592,True,0.004461199446940892,116.86771939762968,0.004031664149638116,0.004333343353276532,1.1341981679661162,-0.5799859403935792,-14.04841798713713,1.1341981679661162,True,True,False,False,False,True,0.23824208068232738,False,-0.3540669934105515,偏強 (RS上升),2493.TW,揚博,0,v1,phase6a,2026-07-12,0,0,2,0,0,0,v1,366,0.41878980891719747,366,0.41878980891719747,409,0.3503184713375796,^TWII,yfinance,2y,2026-09-17,scan_20260917_153651,False,False
True,1,0.2999998728434245,0.2666670481363932,True,False,買入 (動能增強),43.20000076293945,2026-09-17 00:00:00,43.10500030517578,0.020000076293939628,False,True,2.095902439556484,True,0.0009332872615567632,54.02131213945775,0.0009357459199969294,0.0009555755541158179,-0.0276500902577137,0.1765287505880453,-1.9907795002572115,-0.0276500902577137,False,False,False,False,False,False,0.23430008446007713,False,-0.006896534185299896,中性,9918.TW,欣天然,4,v1,phase6a,2026-07-12,0,4,6,4,4,4,v1,11,0.9840764331210191,11,0.9840764331210191,14,0.9792993630573248,^TWII,yfinance,2y,2026-09-17,scan_20260917_153651,False,True
True,1,-0.16684659322102863,-0.021441777547200516,True,False,賣出 (動能轉弱),62.79999923706055,2026-09-17 00:00:00,62.772810745239255,0.013774681091305752,False,True,0.5563066977556774,False,0.0013567231083015155,32.007585675349375,0.0013612306023735995,0.0013991988062495367,-0.03484403993047058,0.04388932991941097,-1.8842252915249103,-0.03484403993047058,False,False,False,False,False,False,0.14696357772020374,False,-0.022862822943628625,中性,2732.TWO,六角,0,v1,phase6a,2026-07-12,0,0,2,0,0,0,v1,384,0.39012738853503187,384,0.39012738853503187,422,0.32961783439490444,^TWII,yfinance,2y,2026-09-17,scan_20260917_153651,False,False
True,1,0.14166704813639322,0.30000050862630206,True,False,觀望 (動能減弱),38.75,2026-09-17 00:00:00,38.847500038146975,0.017499923706054688,False,False,0.5646444667996613,False,0.0008371500172830971,34.33721030137074,0.0008429978596965073,0.0008614306973298315,-0.07296735011709243,0.0919997054321886,-1.6875718792403238,-0.07296735011709243,False,False,False,False,False,False,0.1869327102200751,False,-0.016497500017911615,中性,2748.TW,雲品,2,v1,phase6a,2026-07-12,0,2,3,2,2,2,v1,66,0.8964968152866242,66,0.8964968152866242,94,0.8519108280254777,^TWII,yfinance,2y,2026-09-17,scan_20260917_153651,False,True
True,0,0.633332888285319,0.3416662216186523,True,False,買入 (動能增強),33.150001525878906,2026-09-17 00:00:00,32.16249952316284,0.057500076293948155,False,True,0.5924060888540278,False,0.0007161683703309476,31.39187340666598,0.0007039146309365097,0.0007393164207889453,0.1835784007968133,1.0682370309275768,-4.312574491183452,0.1835784007968133,True,False,False,False,False,True,0.2600342483276799,False,-0.16288339421402265,偏強 (RS上升),4545.TW,銘鈺,2,v1,phase6a,2026-07-12,1,3,4,3,2,3,v1,80,0.8742038216560509,80,0.8742038216560509,61,0.9044585987261147,^TWII,yfinance,2y,2026-09-17,scan_20260917_153651,False,False
True,1,0.1333332061767578,0.03333282470703125,True,False,買入 (動能增強),64.0,2026-09-17 00:00:00,63.54999980926514,0.02499999999999858,False,True,1.0088063444438347,False,0.00138264777048047,43.8251691686693,0.0013761084483855123,0.0013830587672018877,0.05004650541760025,0.2703331968219258,-0.8508511603881885,0.05004650541760025,True,False,False,False,False,True,0.38931323559785846,False,-0.012345725525951368,偏強 (RS上升),2206.TW,三陽工業,2,v1,phase6a,2026-07-12,1,3,4,3,2,3,v1,45,0.9299363057324841,45,0.9299363057324841,48,0.9251592356687898,^TWII,yfinance,2y,2026-09-17,scan_20260917_153651,False,False
True,0,-0.5833333333333334,-0.6666666666666667,True,False,觀察 (跌勢收斂),118.0,2026-09-17 00:00:00,115.55,0.024999999999991473,False,True,1.5886360531872474,True,0.002549256826823367,56.887124067235526,0.002508548305088622,0.002525085288542702,0.1711125074728148,0.46341153045814654,-2.5821831631657632,0.1711125074728148,True,True,False,False,False,True,0.6582074067836856,False,-0.028806584362139898,偏強 (RS上升),3005.TW,神基,1,v1,phase6a,2026-07-12,1,2,3,2,1,2,v1,142,0.7754777070063694,142,0.7754777070063694,116,0.8168789808917197,^TWII,yfinance,2y,2026-09-17,scan_20260917_153651,False,False
True,1,-0.4333337148030598,-0.2666667302449544,True,False,賣出 (動能轉弱),23.299999237060547,2026-09-17 00:00:00,23.585000038146973,-0.01249999999999929,True,False,0.6948073523743703,False,0.0005033701874581003,34.85006044068569,0.0005119690400298078,0.0005362916873234292,-0.17648429322829617,-0.610842841031789,-4.148153416979783,-0.17648429322829617,False,False,False,False,False,False,0.03404400282202171,False,-0.13768849967564256,中性,6229.TWO,研通,0,v1,phase6a,2026-07-12,0,0,0,0,0,0,v1,511,0.18789808917197454,511,0.18789808917197454,528,0.160828025477707,^TWII,yfinance,2y,2026-09-17,scan_20260917_153651,False,False
True,0,-0.17499987284342447,-0.14999993642171222,True,False,賣出 (動能轉弱),13.050000190734863,2026-09-17 00:00:00,13.177499961853027,-0.007499980926514382,False,False,0.916679601119728,False,0.0002819305260701448,36.69549448741347,0.00028530508514191627,0.0002931420148179515,-0.12434935552871895,-0.38923590400634644,-2.937836433279184,-0.12434935552871895,False,False,False,False,False,False,0.15765666775477746,False,-0.02973974901135168,中性,1103.TW,嘉泥,0,v1,phase6a,2026-07-12,0,0,0,0,0,0,v1,266,0.5780254777070064,266,0.5780254777070064,326,0.482484076433121,^TWII,yfinance,2y,2026-09-17,scan_20260917_153651,False,False
True,0,-1.6166655222574868,-1.56666628519694,True,False,賣出 (動能轉弱),60.70000076293945,2026-09-17 00:00:00,61.474999809265135,-0.11499996185303019,False,False,0.34041657704942385,False,0.0013113550112975167,29.749404731112904,0.0013286441744275353,0.0013437125506768498,-0.1367877515157101,-0.2386907965211349,-3.053692313581402,-0.1367877515157101,False,False,False,False,False,True,0.42737744061040767,False,-0.07750762997391858,中性,7704.TWO,明遠精密,0,v1,phase6a,2026-07-12,0,0,0,0,0,0,v1,574,0.0875796178343949,574,0.0875796178343949,581,0.07643312101910828,^TWII,yfinance,2y,2026-09-17,scan_20260917_153651,False,False
True,1,-0.16666603088378906,-0.10833295186360678,True,False,賣出 (動能轉弱),37.650001525878906,2026-09-17 00:00:00,37.51249942779541,0.03750000000000142,False,True,0.8630042931825714,False,0.0008133857916928557,36.75990289179363,0.000812959107781786,0.0008285772383135212,0.005525072172551937,0.17861573384780893,-1.3821362778814517,0.005525072172551937,True,False,False,False,False,True,0.18334306941310102,False,-0.13942853655133924,偏強 (RS上升),1609.TW,大亞,0,v1,phase6a,2026-07-12,1,1,2,1,0,1,v1,307,0.5127388535031847,307,0.5127388535031847,279,0.5573248407643312,^TWII,yfinance,2y,2026-09-17,scan_20260917_153651,False,False
True,0,-1.0249989827473958,-0.8666655222574869,True,False,賣出 (動能轉弱),36.75,2026-09-17 00:00:00,37.6125,0.042499923706053266,False,False,0.47026097000870914,False,0.0007939422744555825,33.87937813815129,0.0008049475970162866,0.0008012167058953384,-0.14370999987943778,-0.30554731302471216,2.3899411528528702,-0.14370999987943778,False,False,True,False,False,False,0.37326040222368384,False,-0.039215686274509776,中性,2739.TW,寒舍,0,v1,phase6a,2026-07-12,0,0,1,0,0,0,v1,385,0.3885350318471338,385,0.3885350318471338,423,0.32802547770700635,^TWII,yfinance,2y,2026-09-17,scan_20260917_153651,False,False
True,0,-0.6666666666666667,-0.699999491373698,True,False,觀察 (跌勢收斂),35.45000076293945,2026-09-17 00:00:00,34.597500038146975,0.10249996185302734,False,True,1.6400004986578884,True,0.0007658572581001437,38.55116480463322,0.0007455257201435585,0.0007710113436987278,0.28789392885102405,0.26527273679386454,1.3515935118339373,0.28789392885102405,True,False,False,False,False,True,0.5594071789623745,False,-0.019363782389838602,偏強 (RS上升),5244.TW,弘凱,1,v1,phase6a,2026-07-12,1,2,3,2,1,2,v1,184,0.7085987261146497,184,0.7085987261146497,125,0.802547770700637,^TWII,yfinance,2y,2026-09-17,scan_20260917_153651,False,False
True,1,-2.5,-3.5,True,False,觀察 (跌勢收斂),300.0,2026-09-17 00:00:00,296.025,-0.025000000000034106,True,True,1.131035221178624,False,0.006481161424127204,30.82505106137834,0.006451837653663956,0.00677679686773099,0.047865279781933445,0.195998426195243,-4.849008087471319,0.047865279781933445,True,False,False,False,False,True,0.2683763328076544,False,-0.11894273127753308,偏強 (RS上升),4585.TW,達明,1,v1,phase6a,2026-07-12,1,2,2,2,1,2,v1,176,0.7213375796178344,176,0.7213375796178344,123,0.8057324840764332,^TWII,yfinance,2y,2026-09-17,scan_20260917_153651,False,False
True,0,-0.26833295822143555,-0.20833301544189453,True,False,賣出 (動能轉弱),9.890000343322754,2026-09-17 00:00:00,9.926500034332275,-0.00549998283386266,True,False,0.8561172135257124,False,0.00021366229569916078,41.27865589346579,0.0002132562088803284,0.00021358742228182984,0.020048443634101965,-0.5864955705347397,-0.12219901255337007,0.020048443634101965,True,True,False,False,False,False,0.4182820977214324,False,-0.10090905969793151,中性,1455.TW,集盛,0,v1,phase6a,2026-07-12,0,0,0,0,0,0,v1,290,0.5398089171974523,290,0.5398089171974523,347,0.44904458598726116,^TWII,yfinance,2y,2026-09-17,scan_20260917_153651,False,False
True,1,0.05833371480305989,-0.049999872843424484,True,False,買入 (動能增強),21.450000762939453,2026-09-17 00:00:00,21.407500076293946,-0.007499980926514382,False,True,1.0600776339382476,False,0.0004634030583075409,39.93577072515334,0.0004634428644049323,0.00046425504056213563,-0.000904119569655748,0.6260257432477712,-0.7350541027601132,-0.000904119569655748,False,False,False,False,False,False,0.5750768185415314,False,-0.011520736922137065,中性,1323.TW,永裕,2,v1,phase6a,2026-07-12,0,2,3,2,2,2,v1,32,0.9506369426751592,32,0.9506369426751592,81,0.8726114649681529,^TWII,yfinance,2y,2026-09-17,scan_20260917_153651,False,False
True,3,0.0,0.0,True,False,賣出 (動能轉弱),3.2699999809265137,2026-09-16 00:00:00,3.2699999809265137,0.0,False,False,1.0,False,7.132123327639139e-05,35.38127309263788,7.110531004711124e-05,7.522363325690498e-05,0.03197514857453676,-0.031345050433384536,-3.011725055136427,0.03197514857453676,True,False,False,False,False,True,0.17405120342449168,False,0.0,中性,4804.TWO,大略-KY,0,v1,phase6a,2026-07-12,0,0,0,0,0,0,v1,460,0.26910828025477707,460,0.26910828025477707,483,0.23248407643312102,^TWII,yfinance,2y,2026-09-17,scan_20260917_153651,False,False
True,0,0.40145365397135413,0.8695729573567708,True,False,觀望 (動能減弱),90.9000015258789,2026-09-17 00:00:00,91.23350410461425,0.05506057739258097,False,False,0.6830781084464991,False,0.0019637919444754344,61.57324301286313,0.0019787850037302516,0.002006879320966963,-0.07969329804415892,0.2228705012450538,-0.9010836407438605,-0.07969329804415892,False,False,False,False,False,False,0.3163774226529761,False,-0.018358498663661238,中性,6183.TW,關貿,2,v1,phase6a,2026-07-12,0,2,3,2,2,2,v1,85,0.8662420382165605,85,0.8662420382165605,104,0.8359872611464968,^TWII,yfinance,2y,2026-09-17,scan_20260917_153651,False,True
True,1,-1.0833326975504556,-1.1333325703938801,True,False,觀察 (跌勢收斂),57.599998474121094,2026-09-17 00:00:00,57.50500011444092,-0.04500007629394531,True,True,1.3510173546481195,False,0.0012443829604675315,41.498104595071624,0.0012494548449788715,0.001292021206964005,-0.042710991576999646,-0.5869205258993926,-5.278916387429067,-0.042710991576999646,False,False,False,False,False,False,0.1864162655801464,False,-0.08571430993458584,中性,6516.TWO,勤崴國際,1,v1,phase6a,2026-07-12,0,1,2,1,1,1,v1,218,0.6544585987261147,218,0.6544585987261147,234,0.6289808917197452,^TWII,yfinance,2y,2026-09-17,scan_20260917_153651,False,False
True,0,0.8916664123535156,0.7416667938232422,True,False,買入 (動能增強),40.95000076293945,2026-09-17 00:00:00,39.00250015258789,0.2225000381469755,False,True,1.3732334394375012,False,0.0008846785508758091,65.77578402728895,0.0008384306605038657,0.0008028823774142666,0.5840232989449579,2.124489968444121,9.688626230431318,0.5840232989449579,True,True,True,True,False,True,1.0,False,0.0,強勢 (RS強勁),2816.TW,旺旺保,2,v1,phase6a,2026-07-12,3,5,4,5,2,5,v1,67,0.8949044585987261,67,0.8949044585987261,11,0.9840764331210191,^TWII,yfinance,2y,2026-09-17,scan_20260917_153651,False,False
True,0,-4.583333333333333,-4.349999745686849,True,False,賣出 (動能轉弱),96.5,2026-09-17 00:00:00,100.5849998474121,-0.17499999999999716,False,False,0.35844965798190953,False,0.002084773591427584,19.93275490144726,0.0021363812973468634,0.0022404589271884765,-0.25363504438381534,0.1590539746074926,5.019840705095335,-0.25363504438381534,False,False,False,False,False,False,0.5621475389000147,False,-0.10232558139534886,中性,7842.TWO,天能綠電,0,v1,phase6a,2026-07-12,0,0,0,0,0,0,v1,584,0.07165605095541401,584,0.07165605095541401,589,0.06369426751592357,^TWII,yfinance,2y,2026-09-17,scan_20260917_153651,False,False
True,0,1.8499997456868489,2.7499987284342446,True,False,觀望 (動能減弱),77.0,2026-09-17 00:00:00,75.93999938964843,0.3400001525878906,False,True,0.3022893145455543,False,0.0016634980988593155,77.01373205281321,0.0016297961664536653,0.0015565261445738396,0.21814449795107826,1.0501194313038642,10.070278804633892,0.21814449795107826,True,True,True,False,False,False,0.8627340652360542,False,-0.033877001902466675,偏強 (RS上升),2606.TW,裕民,0,v1,phase6a,2026-07-12,1,1,2,1,0,1,v1,373,0.40764331210191085,373,0.40764331210191085,289,0.5414012738853503,^TWII,yfinance,2y,2026-09-17,scan_20260917_153651,False,False
True,0,1.7833334604899087,2.150000254313151,True,False,觀望 (動能減弱),63.400001525878906,2026-09-17 00:00:00,62.500000190734866,0.23500003814697834,False,True,0.2599202830926881,False,0.0013696854805971073,77.27203855334702,0.0013427618982816843,0.001300550693794127,0.2115085020351959,1.3945349701081744,9.27241527954681,0.2115085020351959,True,True,True,False,False,False,0.8660335750261401,False,-0.024615361140324477,偏強 (RS上升),2612.TW,中航,0,v1,phase6a,2026-07-12,1,1,2,1,0,1,v1,375,0.40445859872611467,375,0.40445859872611467,291,0.5382165605095541,^TWII,yfinance,2y,2026-09-17,scan_20260917_153651,False,False
True,2,0.023681004842122398,0.015347798665364586,True,False,買入 (動能增強),36.95000076293945,2026-09-17 00:00:00,36.775665855407716,0.009802246093748579,False,True,0.5112745458087303,False,0.0007982630652207797,25.90809915963244,0.0007998556768011666,0.0008248732117777322,-0.02095480469556099,0.10375863021248044,-3.683298416410452,-0.02095480469556099,False,False,False,False,False,True,0.23320099232324454,False,-0.07322698426655472,中性,6504.TW,南六,4,v1,phase6a,2026-07-12,1,5,6,5,4,5,v1,10,0.9856687898089171,10,0.9856687898089171,8,0.9888535031847133,^TWII,yfinance,2y,2026-09-17,scan_20260917_153651,False,True
True,0,-2.7499999999999996,-2.083333333333333,True,False,賣出 (動能轉弱),165.0,2026-09-17 00:00:00,165.275,-0.04999999999998295,True,False,0.87283514918526,False,0.003564638783269962,49.154142481966,0.00357619276491435,0.00364555193207012,-0.03399691237854219,-0.2837442193325934,-2.250782320672129,-0.03399691237854219,False,False,False,False,False,True,0.20839048092319823,False,-0.0421183267472236,中性,1513.TW,中興電,0,v1,phase6a,2026-07-12,0,0,0,0,0,0,v1,298,0.5270700636942676,298,0.5270700636942676,354,0.43789808917197454,^TWII,yfinance,2y,2026-09-17,scan_20260917_153651,False,False
True,0,2.1666666666666665,0.33333333333333326,True,False,買入 (動能增強),161.5,2026-09-17 00:00:00,157.6,0.07499999999998863,False,True,1.030176037753071,False,0.0034890252333218113,68.49904076965615,0.0034314580669450694,0.0034744300153067764,0.17690502177478695,0.8537607512642209,-2.589306095223698,0.17690502177478695,True,True,False,False,False,True,0.2871297046128763,False,-0.027108433734939763,偏強 (RS上升),2480.TW,敦陽科,2,v1,phase6a,2026-07-12,1,3,4,3,2,3,v1,55,0.9140127388535032,55,0.9140127388535032,53,0.9171974522292994,^TWII,yfinance,2y,2026-09-17,scan_20260917_153651,False,False
True,0,-0.10833295186360677,-0.16666634877522785,True,False,觀察 (跌勢收斂),17.450000762939453,2026-09-17 00:00:00,17.39749994277954,-0.007499980926514382,False,True,0.3816144693514006,False,0.0003769875726525115,37.15016937608231,0.0003787361661706114,0.0003933497027201708,-0.04857552109240881,0.12411608191891244,-4.620584502893788,-0.04857552109240881,False,False,False,False,False,False,0.16186141630117634,False,-0.03591158037740838,中性,1463.TW,強盛新,1,v1,phase6a,2026-07-12,0,1,2,1,1,1,v1,113,0.821656050955414,113,0.821656050955414,153,0.7579617834394905,^TWII,yfinance,2y,2026-09-17,scan_20260917_153651,False,False
True,0,-1.5833333333333333,-1.1166667938232422,True,False,賣出 (動能轉弱),61.0,2026-09-17 00:00:00,62.55500030517578,-0.1799999237060561,True,False,0.32535508267745283,False,0.001317836156239198,30.635531057266345,0.0013649340785138343,0.0014744703903726544,-0.36190275709512276,-1.3618514253286307,-8.587129244823831,-0.36190275709512276,False,False,False,False,False,False,0.0,False,-0.2000004002303326,中性,3687.TWO,歐買尬,0,v1,phase6a,2026-07-12,0,0,0,0,0,0,v1,439,0.30254777070063693,439,0.30254777070063693,465,0.2611464968152866,^TWII,yfinance,2y,2026-09-17,scan_20260917_153651,False,False
True,0,0.15833282470703125,0.3333330154418945,True,False,觀望 (動能減弱),25.549999237060547,2026-09-17 00:00:00,25.82750005722046,0.0,False,False,1.8646164479729772,True,0.0005519788981390543,55.15500492671604,0.0005588180001963721,0.000559982814308174,-0.1286607167119036,0.04674977391510016,0.1599825885241657,-0.1286607167119036,False,False,False,False,False,False,0.4961848069369902,False,-0.026666695731026757,中性,1236.TW,宏亞,0,v1,phase6a,2026-07-12,0,0,0,0,0,0,v1,273,0.5668789808917197,273,0.5668789808917197,333,0.4713375796178344,^TWII,yfinance,2y,2026-09-17,scan_20260917_153651,False,False
True,0,-0.13666677474975586,-0.1316666603088379,True,False,賣出 (動能轉弱),8.319999694824219,2026-09-17 00:00:00,8.420000028610229,-0.013500022888184304,False,False,0.1410231227555918,False,0.00017974420356948277,9.469369763144833,0.00018312256524159339,0.00019571832427074806,-0.19381978485786266,-0.5804436315097306,-5.888343083532166,-0.19381978485786266,False,False,False,False,False,False,0.07647127897623124,False,-0.07452726288674993,中性,5364.TWO,力麗店,0,v1,phase6a,2026-07-12,0,0,0,0,0,0,v1,479,0.23885350318471338,479,0.23885350318471338,501,0.20382165605095542,^TWII,yfinance,2y,2026-09-17,scan_20260917_153651,False,False
True,0,-0.16666634877522785,-0.1749995549519857,True,False,觀察 (跌勢收斂),19.5,2026-09-16 00:00:00,19.512499809265137,0.007499980926514382,False,False,0.343718402969727,False,0.00042531010917485577,17.36389831578453,0.0004243639354993235,0.0004471663312031031,0.02347527709007924,-0.33432540864963833,-3.8616334086392423,0.02347527709007924,True,False,False,False,False,True,0.22023626105550675,False,-0.08665107018337082,中性,6198.TWO,瑞築,1,v1,phase6a,2026-07-12,0,1,2,1,1,1,v1,211,0.6656050955414012,211,0.6656050955414012,229,0.6369426751592356,^TWII,yfinance,2y,2026-09-17,scan_20260917_153651,False,False
True,1,-0.5666681925455729,-0.38333511352539057,True,False,賣出 (動能轉弱),32.54999923706055,2026-09-17 00:00:00,32.79750022888184,-0.010000038146969814,False,False,0.5984342306010986,False,0.0007032059980353558,45.058864883032015,0.0007084788174854721,0.0007341766290820623,-0.0782802718738651,-0.1105310167824669,-1.3484085013068081,-0.0782802718738651,False,False,False,False,False,False,0.2695616798985717,False,-0.07988963575961838,中性,8213.TW,志超,0,v1,phase6a,2026-07-12,0,0,0,0,0,0,v1,600,0.04617834394904458,600,0.04617834394904458,603,0.041401273885350316,^TWII,yfinance,2y,2026-09-17,scan_20260917_153651,False,False
False,0,-0.05000050862630204,-0.24166711171468097,False,True,強烈賣出 (跌破),18.600000381469727,2026-09-17 00:00:00,17.187500095367433,0.09000005722046112,False,True,7.172862891252931,True,0.00040183201653710954,60.86768006772762,0.0003739180466587524,0.0003945844970155399,0.792041275887545,0.36531352973139253,-2.179093176406932,0.792041275887545,True,True,False,False,False,True,0.4084065643659169,False,-0.13871761289532247,偏強 (RS上升),3002.TW,歐格,0,v1,phase6a,2026-07-12,1,1,2,1,0,1,v1,392,0.37738853503184716,392,0.37738853503184716,295,0.5318471337579618,^TWII,yfinance,2y,2026-09-17,scan_20260917_153651,False,False
True,1,-0.1416667302449544,-0.12499999999999997,True,False,賣出 (動能轉弱),15.800000190734863,2026-09-17 00:00:00,15.9,-0.0049999713897701525,False,False,0.6738500008682515,False,0.00034134117245797753,35.07921531895388,0.00034573695787556714,0.0003616594094973129,-0.13365531273792364,-0.31858493571619295,-4.486696828301417,-0.13365531273792364,False,False,False,False,False,False,0.09134484287365621,False,-0.04819278146691419,中性,3164.TW,景岳,0,v1,phase6a,2026-07-12,0,0,0,0,0,0,v1,405,0.35668789808917195,405,0.35668789808917195,437,0.3057324840764331,^TWII,yfinance,2y,2026-09-17,scan_20260917_153651,False,False
True,0,-2.9166666666666665,-0.8333333333333335,True,False,賣出 (動能轉弱),355.0,2026-09-17 00:00:00,351.35,0.5500000000000114,False,True,1.028406624420099,False,0.007669374351883858,72.65795720237456,0.007626416335480593,0.007577454504074898,0.05932772356900262,-0.33637966450768,-2.1473348617666255,0.05932772356900262,True,True,True,False,False,True,0.4289283833960402,False,-0.10691823899371067,偏強 (RS上升),2376.TW,技嘉,0,v1,phase6a,2026-07-12,1,1,2,1,0,1,v1,349,0.445859872611465,349,0.445859872611465,282,0.552547770700637,^TWII,yfinance,2y,2026-09-17,scan_20260917_153651,False,False
True,0,0.15000009536743164,0.125,True,False,買入 (動能增強),11.5,2026-09-17 00:00:00,11.077499961853027,0.04749999046325648,False,True,1.3390459910581938,False,0.00024844452125820946,27.38758348693612,0.00024088217952711796,0.0002558528852405716,0.33156264660065826,2.1360971769446513,1.2270001662176844,0.33156264660065826,True,False,False,False,False,True,0.5010503433804513,False,-0.10156251338776179,偏強 (RS上升),4714.TWO,永捷,2,v1,phase6a,2026-07-12,1,3,4,3,2,3,v1,83,0.8694267515923567,83,0.8694267515923567,62,0.9028662420382165,^TWII,yfinance,2y,2026-09-17,scan_20260917_153651,False,False
False,0,0.23333390553792316,0.025000254313151032,False,True,強烈買入 (爆發),21.850000381469727,2026-09-17 00:00:00,20.9125,0.08000001907348775,False,True,1.9788903576048935,True,0.0004720445986318209,42.81748709699685,0.0004534258679624313,0.00046160818457526037,0.4341116228927966,1.9819684000565774,1.8598112470085137,0.4341116228927966,True,True,False,False,False,True,0.6451802179800444,False,-0.0022830702251812607,偏強 (RS上升),5481.TWO,新華,3,v1,phase6a,2026-07-12,1,4,5,4,3,4,v1,24,0.9633757961783439,24,0.9633757961783439,24,0.9633757961783439,^TWII,yfinance,2y,2026-09-17,scan_20260917_153651,False,False
True,0,-0.8749999999999999,-0.6583334604899088,True,False,賣出 (動能轉弱),39.0,2026-09-17 00:00:00,39.54999942779541,-0.01499996185302166,False,False,1.4149914999465192,False,0.0008425509851365364,21.508200165116918,0.0008539906526219374,0.0008855519523760667,-0.14080715705315772,-0.5235264294854214,-1.9295753983818775,-0.14080715705315772,False,False,False,False,False,False,0.03344650394259335,False,-0.15125137426645952,中性,6609.TWO,瀧澤科,0,v1,phase6a,2026-07-12,0,0,0,0,0,0,v1,536,0.1480891719745223,536,0.1480891719745223,549,0.12738853503184713,^TWII,yfinance,2y,2026-09-17,scan_20260917_153651,False,False
True,0,-2.666666666666666,-3.583333333333333,True,False,觀察 (跌勢收斂),159.0,2026-09-17 00:00:00,157.125,0.3499999999999943,False,True,1.2435331975433894,False,0.003435015554787418,50.19283310251982,0.0033867500203424387,0.0034011580439685515,0.15023888841445565,0.27988573452415455,0.8677318965457204,0.15023888841445565,True,True,False,False,False,True,0.2888099484197707,False,-0.1311475409836066,偏強 (RS上升),6712.TWO,長聖,2,v1,phase6a,2026-07-12,1,3,4,3,2,3,v1,91,0.856687898089172,91,0.856687898089172,65,0.8980891719745223,^TWII,yfinance,2y,2026-09-17,scan_20260917_153651,True,False
True,1,0.25,0.41666666666666663,True,False,觀望 (動能減弱),126.0,2026-09-17 00:00:00,124.1,0.04999999999999716,False,True,1.0512624898997343,False,0.0027220877981334254,72.03753929540198,0.00272231784057357,0.002836790497389799,-0.0008894912250201337,-0.46124155542465184,-7.949353142025439,-0.0008894912250201337,False,False,False,False,False,True,0.17455497165351422,False,-0.18181818181818177,中性,3088.TWO,艾訊,0,v1,phase6a,2026-07-12,0,0,2,0,0,0,v1,401,0.3630573248407643,401,0.3630573248407643,433,0.31210191082802546,^TWII,yfinance,2y,2026-09-17,scan_20260917_153651,False,False
True,1,-0.11666679382324219,-0.09166653951009113,True,False,賣出 (動能轉弱),23.950000762939453,2026-09-17 00:00:00,23.907499885559083,0.020000076293946734,False,True,0.6022621463573554,False,0.0005174127368419342,41.012805673787945,0.0005147544431306608,0.0005081360502850372,0.054389541931176844,0.3456710022917253,1.7690301931662322,0.054389541931176844,True,True,True,False,False,False,0.7505955367671726,False,-0.012371102559197822,偏強 (RS上升),2115.TW,六暉-KY,0,v1,phase6a,2026-07-12,1,1,2,1,0,1,v1,333,0.4713375796178344,333,0.4713375796178344,280,0.5557324840764332,^TWII,yfinance,2y,2026-09-17,scan_20260917_153651,False,False
True,1,-1.1333325703938801,-0.8833332061767577,True,False,賣出 (動能轉弱),46.900001525878906,2026-09-17 00:00:00,47.55749988555908,-0.05499992370605611,False,False,0.8275591557705879,False,0.001013221602270111,38.07238251405766,0.001033106539341408,0.0010855709244391514,-0.20219782614359083,-1.3595051427338078,-6.057520115228298,-0.20219782614359083,False,False,False,False,False,False,0.05251305159769393,False,-0.18717502763010974,中性,6928.TW,攸泰科技,0,v1,phase6a,2026-07-12,0,0,0,0,0,0,v1,569,0.09554140127388536,569,0.09554140127388536,576,0.08439490445859872,^TWII,yfinance,2y,2026-09-17,scan_20260917_153651,False,False
True,1,-1.5833333333333333,0.33333333333333326,True,False,賣出 (動能轉弱),219.0,2026-09-17 00:00:00,218.45,1.1499999999999773,False,True,0.5937511582224528,False,0.0047312478396128585,100.14976320467302,0.004673817208045194,0.004652601743089288,0.1295121054794679,0.7773322686855044,7.657376426351825,0.1295121054794679,True,True,True,False,False,False,0.7884078558293731,False,-0.030973451327433676,偏強 (RS上升),7810.TWO,捷創科技,0,v1,phase6a,2026-07-12,1,1,2,1,0,1,v1,581,0.07643312101910828,581,0.07643312101910828,317,0.4968152866242038,^TWII,yfinance,2y,2026-09-17,scan_20260917_153651,False,False
True,0,-0.24166679382324222,-0.1916669209798177,True,False,賣出 (動能轉弱),34.95000076293945,2026-09-17 00:00:00,34.847500038146975,0.020000076293946734,False,True,0.6545181969806102,False,0.0007550553223932651,55.61412184449096,0.000751607937534612,0.0007581120195548702,0.04830416045000785,0.4640886810096223,1.3744130335512361,0.04830416045000785,True,False,False,False,False,False,0.7652670448060104,False,-0.01549293625522663,中性,1612.TW,宏泰,0,v1,phase6a,2026-07-12,0,0,2,0,0,0,v1,308,0.5111464968152867,308,0.5111464968152867,363,0.42356687898089174,^TWII,yfinance,2y,2026-09-17,scan_20260917_153651,False,False
True,1,-1.7083339691162107,-0.7750008900960287,True,False,賣出 (動能轉弱),48.400001525878906,2026-09-17 00:00:00,48.81000022888183,-0.027499961853031607,True,False,0.5864850251526714,False,0.0010456274093907471,88.58287353892943,0.0010665831526520265,0.001195333617157509,-0.20638944353702504,-1.6261663364699586,-8.846535226441542,-0.20638944353702504,False,False,False,False,False,True,0.02308235572333229,False,-0.5005159879904356,中性,6127.TWO,九豪,0,v1,phase6a,2026-07-12,0,0,0,0,0,0,v1,497,0.21019108280254778,497,0.21019108280254778,515,0.18152866242038215,^TWII,yfinance,2y,2026-09-17,scan_20260917_153651,False,False
True,0,-0.11166667938232422,-0.08166670799255371,True,False,賣出 (動能轉弱),4.5,2026-09-17 00:00:00,4.5754999160766605,0.0019999980926517225,False,False,0.27656921123326067,False,9.721742136190805e-05,22.78444224569908,9.873422537138409e-05,0.00010423832735319212,-0.16144938947990628,-0.7792876421817363,-1.7753629046342367,-0.16144938947990628,False,False,False,False,False,False,0.1594245561304318,False,-0.06444905331961448,中性,8933.TWO,愛地雅,0,v1,phase6a,2026-07-12,0,0,1,0,0,0,v1,620,0.014331210191082803,620,0.014331210191082803,620,0.014331210191082803,^TWII,yfinance,2y,2026-09-17,scan_20260917_153651,False,False
True,0,-0.6763903299967446,0.13933054606119802,True,False,賣出 (動能轉弱),118.5,2026-09-17 00:00:00,114.88975982666015,0.37035369873046875,False,True,1.4323625175460448,False,0.0025600587625302456,104.577282951249,0.0025076346576630906,0.002583672335664138,0.22054637348856154,0.12188118135603165,-3.4719963221069516,0.22054637348856154,True,False,False,False,False,True,0.34647080189704055,False,-0.1613730474102938,偏強 (RS上升),2441.TW,超豐,0,v1,phase6a,2026-07-12,1,1,2,1,0,1,v1,362,0.4251592356687898,362,0.4251592356687898,287,0.5445859872611465,^TWII,yfinance,2y,2026-09-17,scan_20260917_153651,False,False
True,0,-1.6749992370605469,-1.57499885559082,True,False,賣出 (動能轉弱),51.099998474121094,2026-09-17 00:00:00,50.12749977111817,0.014999961853028765,False,True,1.5636125630279183,True,0.0011039577962781086,64.41694234032474,0.0010833394457914365,0.0011027342992756713,0.20074128058611418,-0.868368534424413,-3.497581600498345,0.20074128058611418,True,True,False,False,False,True,0.20890065038359162,False,-0.1717990625242476,偏強 (RS上升),1708.TW,東鹼,1,v1,phase6a,2026-07-12,0,1,3,1,1,1,v1,119,0.8121019108280255,119,0.8121019108280255,159,0.7484076433121019,^TWII,yfinance,2y,2026-09-17,scan_20260917_153651,True,False
False,0,7.249999999999999,6.249999999999999,False,True,強烈買入 (爆發),165.5,2026-09-17 00:00:00,154.025,0.5999999999999943,False,True,2.6224598795661573,True,0.0035754407189768408,82.12973161030682,0.0033920371490318607,0.003509314076861816,0.5724036699577217,1.3291458797913602,-3.6883622324354493,0.5724036699577217,True,True,False,False,False,True,0.270175959410181,False,-0.2156621583412216,偏強 (RS上升),5347.TWO,世界,3,v1,phase6a,2026-07-12,1,4,5,4,3,4,v1,23,0.964968152866242,23,0.964968152866242,23,0.964968152866242,^TWII,yfinance,2y,2026-09-17,scan_20260917_153651,False,False
True,1,0.0,0.008333206176757812,True,False,賣出 (動能轉弱),17.600000381469727,2026-09-17 00:00:00,17.594999885559083,0.00500001907348846,False,True,0.6261061895716834,False,0.0003802281451233522,35.932656821555454,0.0003823489515310015,0.00039246296937478216,-0.05835311166687562,0.16863954770522938,-2.680222628122708,-0.05835311166687562,False,False,False,False,False,False,0.22203193892793946,False,-0.038251305178920725,中性,4440.TW,宜新實業,0,v1,phase6a,2026-07-12,0,0,2,0,0,0,v1,450,0.28503184713375795,450,0.28503184713375795,475,0.24522292993630573,^TWII,yfinance,2y,2026-09-17,scan_20260917_153651,False,False
True,0,-3.5000000000000004,-1.2500000000000002,True,False,賣出 (動能轉弱),213.0,2026-09-17 00:00:00,207.925,0.6000000000000227,False,True,1.9177275663306876,True,0.004601624611130314,49.312051534963004,0.004488549855093016,0.004455020091677578,0.2658821487622198,0.40343378896916526,1.9619030004144333,0.2658821487622198,True,True,True,False,False,True,0.9090997080000321,False,-0.009302325581395321,偏強 (RS上升),4771.TW,望隼,0,v1,phase6a,2026-07-12,2,2,2,2,0,2,v1,459,0.27070063694267515,459,0.27070063694267515,141,0.7770700636942676,^TWII,yfinance,2y,2026-09-17,scan_20260917_153651,False,False
True,1,0.5833326975504557,0.5833326975504557,True,False,觀望 (動能減弱),52.599998474121094,2026-09-17 00:00:00,52.30999984741211,0.014999961853028765,False,True,0.6496682286156737,False,0.0011363636033987446,79.62147110299033,0.0011450127061466882,0.0011843944135841583,-0.07944964526868104,-0.06548448602085033,-6.2063276420915585,-0.07944964526868104,False,False,False,False,False,False,0.136923090290982,False,-0.1407728086683605,中性,2414.TW,精技,1,v1,phase6a,2026-07-12,0,1,3,1,1,1,v1,131,0.7929936305732485,131,0.7929936305732485,168,0.7340764331210191,^TWII,yfinance,2y,2026-09-17,scan_20260917_153651,True,False
True,1,-2.5,-1.1666666666666663,True,False,賣出 (動能轉弱),545.0,2026-09-17 00:00:00,543.1,0.8999999999999773,False,True,0.6965852000923128,False,0.011774109920497754,56.318526422533914,0.01174169186309523,0.011552071134772532,0.029070930825980668,0.9357011205680887,0.8035338010028203,0.029070930825980668,True,True,True,False,False,True,0.6371338452637305,False,-0.021543985637342944,偏強 (RS上升),3034.TW,聯詠,0,v1,phase6a,2026-07-12,2,2,2,2,0,2,v1,396,0.37101910828025475,396,0.37101910828025475,139,0.7802547770700637,^TWII,yfinance,2y,2026-09-17,scan_20260917_153651,False,False
True,2,-0.20000012715657553,-0.21666653951009113,True,False,觀察 (跌勢收斂),41.5,2026-09-17 00:00:00,41.714362907409665,0.004531288146971235,False,False,2.633887098251475,True,0.0008965606636709299,28.218926690117808,0.0009049071223263883,0.0009326938273661832,-0.09699585655825738,-0.05050701384758938,-2.7764576967897137,-0.09699585655825738,False,False,False,False,False,False,0.24219837119774987,False,-0.0470456027219921,中性,6968.TWO,萬達寵物,1,v1,phase6a,2026-07-12,0,1,2,1,1,1,v1,238,0.6226114649681529,238,0.6226114649681529,252,0.6003184713375797,^TWII,yfinance,2y,2026-09-17,scan_20260917_153651,False,False
True,1,-0.24999936421712238,-0.24166615804036456,True,False,賣出 (動能轉弱),19.700000762939453,2026-09-17 00:00:00,19.779999828338624,-0.009999942779540305,True,False,0.6855645811058017,False,0.00042559628333346556,37.02798418395548,0.0004305957132373847,0.00045077124499577116,-0.12206656519038184,-0.16761175279316198,-5.313763718766373,-0.12206656519038184,False,False,False,False,False,False,0.1321514415318035,False,-0.06413294646321377,中性,5220.TWO,萬達光電,0,v1,phase6a,2026-07-12,0,0,0,0,0,0,v1,468,0.25636942675159236,468,0.25636942675159236,491,0.2197452229299363,^TWII,yfinance,2y,2026-09-17,scan_20260917_153651,False,False
True,1,-0.9833329518636068,-0.7333329518636067,True,False,賣出 (動能轉弱),59.099998474121094,2026-09-17 00:00:00,59.25999984741211,0.004999923706058951,False,False,0.6159737688151656,False,0.0012767887675881673,46.42413434967871,0.001279636719840781,0.0013136453428251851,-0.023421821835623025,-0.051540052219556376,-0.3259738545269397,-0.023421821835623025,False,False,False,False,False,False,0.36168239947112807,False,-0.1139430108223024,中性,6792.TW,詠業,0,v1,phase6a,2026-07-12,0,0,1,0,0,0,v1,550,0.12579617834394904,550,0.12579617834394904,561,0.10828025477707007,^TWII,yfinance,2y,2026-09-17,scan_20260917_153651,False,False
True,0,-1.116668701171875,-0.7270469665527343,True,False,賣出 (動能轉弱),69.4000015258789,2026-09-17 00:00:00,68.3804874420166,0.12355117797851278,False,True,1.0709452057879856,False,0.0014993087090796515,15.373156369861727,0.0014969070430083415,0.0016499464188639587,0.016891473580527006,-0.7480493825453238,-7.561626116375086,0.016891473580527006,True,False,False,False,False,True,0.16257289387599544,False,-0.1992672417852991,中性,6873.TW,泓德能源,0,v1,phase6a,2026-07-12,0,0,2,0,0,0,v1,562,0.10668789808917198,562,0.10668789808917198,570,0.09394904458598727,^TWII,yfinance,2y,2026-09-17,scan_20260917_153651,False,False
True,1,-0.2333348592122396,-0.20000076293945312,True,False,賣出 (動能轉弱),68.19999694824219,2026-09-17 00:00:00,68.41000022888184,0.004999923706066056,False,False,1.7063087210149692,True,0.0014733839644884676,39.91889771317976,0.0014853005773815561,0.001522721089158227,-0.08438169729614309,0.28350385889557295,-2.8732279080101453,-0.08438169729614309,False,False,False,False,False,False,0.2977990850494561,False,-0.035360680451375304,中性,3310.TWO,佳穎,0,v1,phase6a,2026-07-12,0,0,1,0,0,0,v1,416,0.339171974522293,416,0.339171974522293,446,0.2914012738853503,^TWII,yfinance,2y,2026-09-17,scan_20260917_153651,False,False
True,1,-0.6666666666666665,-1.0833333333333333,True,False,觀察 (跌勢收斂),154.5,2026-09-17 00:00:00,151.45,-0.20000000000001705,True,True,2.1394167596199334,True,0.0033377981334255097,48.228801586890825,0.0032981669812715752,0.0034211939915446497,0.1266456042221975,0.15403372969282625,-4.224648684480914,0.1266456042221975,True,False,False,False,False,True,0.30939993080518813,False,-0.10951008645533145,偏強 (RS上升),5474.TWO,聰泰,1,v1,phase6a,2026-07-12,1,2,2,2,1,2,v1,190,0.6990445859872612,190,0.6990445859872612,126,0.8009554140127388,^TWII,yfinance,2y,2026-09-17,scan_20260917_153651,False,False
True,1,-0.5939369201660156,-0.6233622233072916,True,False,觀察 (跌勢收斂),60.099998474121094,2026-09-17 00:00:00,60.480998039245605,-0.014151000976561079,False,False,0.6851680707117384,False,0.0012983926390019247,17.376335677959354,0.0013152490731477573,0.001437204570415392,-0.13472512655208213,-0.3931135698336141,-4.824354621730709,-0.13472512655208213,False,False,False,False,False,False,0.08414280333710479,False,-0.11904218448696913,中性,7818.TW,溢泰實業,1,v1,phase6a,2026-07-12,0,1,1,1,1,1,v1,244,0.6130573248407644,244,0.6130573248407644,258,0.5907643312101911,^TWII,yfinance,2y,2026-09-17,scan_20260917_153651,False,False
True,0,-0.2749997774759928,-0.2749997774759928,True,False,賣出 (動能轉弱),11.350000381469727,2026-09-17 00:00:00,11.460000038146973,-0.007499980926514382,False,False,1.9130547393153037,True,0.0002452039487873688,27.12110730284506,0.00024828224359770554,0.0002609416135619181,-0.13033904037569322,-0.4233967122653559,-4.151484402593142,-0.13033904037569322,False,False,False,False,False,False,0.08873458591395768,False,-0.05809126955892996,中性,1813.TWO,寶利徠,0,v1,phase6a,2026-07-12,0,0,0,0,0,0,v1,321,0.49044585987261147,321,0.49044585987261147,375,0.40445859872611467,^TWII,yfinance,2y,2026-09-17,scan_20260917_153651,False,False
True,0,-4.416666666666666,-3.833333333333333,True,False,賣出 (動能轉弱),153.0,2026-09-17 00:00:00,152.1,0.549999999999983,False,True,0.804810850827826,False,0.0033053923263048736,34.08593763924695,0.0032721898549155424,0.003320015660753669,0.10692331772343966,0.2360600057719875,2.617946880625932,0.10692331772343966,True,False,False,False,False,False,0.29702284359481684,False,-0.26387225642685186,中性,7712.TWO,博盛半導體,1,v1,phase6a,2026-07-12,0,1,3,1,1,1,v1,239,0.6210191082802548,239,0.6210191082802548,253,0.5987261146496815,^TWII,yfinance,2y,2026-09-17,scan_20260917_153651,True,False
True,1,-0.7250003814697265,-0.8250001271565754,True,False,觀察 (跌勢收斂),48.849998474121094,2026-09-17 00:00:00,48.87000026702881,-0.032500076293949576,True,False,1.1769614574105671,False,0.0010553490855971547,36.72350575615865,0.0010669120014317472,0.0011510604572209798,-0.11395148561278434,-0.7631455778760343,-7.670792770102485,-0.11395148561278434,False,False,False,False,False,False,0.09048718709124912,False,-0.18583335876464846,中性,8097.TWO,常珵,1,v1,phase6a,2026-07-12,0,1,1,1,1,1,v1,248,0.606687898089172,248,0.606687898089172,261,0.5859872611464968,^TWII,yfinance,2y,2026-09-17,scan_20260917_153651,False,False
True,1,-0.026666482289632157,-0.038333257039388016,True,False,觀察 (跌勢收斂),10.0,2026-09-17 00:00:00,9.979000043869018,0.0,False,True,1.1914917354849648,False,0.00021603871413757345,39.653793729726495,0.00021650810951664344,0.00022219605789219988,-0.022816127559688315,0.11689921807453985,-2.5525845497795574,-0.022816127559688315,False,False,False,False,False,False,0.16912906056375485,False,-0.01960782480441492,中性,1217.TW,愛之味,1,v1,phase6a,2026-07-12,0,1,2,1,1,1,v1,102,0.839171974522293,102,0.839171974522293,145,0.7707006369426752,^TWII,yfinance,2y,2026-09-17,scan_20260917_153651,False,False
True,0,-0.20000044504801434,-0.1916666030883789,True,False,賣出 (動能轉弱),19.049999237060547,2026-09-17 00:00:00,19.01226987838745,0.00015344619750834454,False,True,0.6750471793525897,False,0.0004115537339496316,32.4663032020208,0.0004113636213732549,0.0004250131628950845,0.004864995998854482,0.12551322870217874,-1.4698505671706719,0.004864995998854482,True,False,False,False,False,False,0.28001434927328533,False,-0.007812579162415734,中性,8403.TWO,盛弘,0,v1,phase6a,2026-07-12,0,0,2,0,0,0,v1,605,0.03821656050955414,605,0.03821656050955414,607,0.03503184713375796,^TWII,yfinance,2y,2026-09-17,scan_20260917_153651,False,False
True,0,0.3833335240681965,0.47499974568684883,True,False,觀望 (動能減弱),17.450000762939453,2026-09-17 00:00:00,17.144999980926514,0.0025000572204589844,False,True,0.2906202320118186,False,0.0003769875726525115,22.05844366777445,0.0003747756047193741,0.00039066459963960624,0.062166126527296584,0.5332592734859976,-3.0827460574519683,0.062166126527296584,True,False,False,False,False,True,0.2896179282976235,False,-0.08157890721371297,偏強 (RS上升),2924.TWO,宏太-KY,0,v1,phase6a,2026-07-12,1,1,2,1,0,1,v1,389,0.3821656050955414,389,0.3821656050955414,293,0.535031847133758,^TWII,yfinance,2y,2026-09-17,scan_20260917_153651,False,False
True,0,-2.833333333333333,-0.6666666666666665,True,False,賣出 (動能轉弱),163.0,2026-09-17 00:00:00,161.275,0.3499999999999943,False,True,1.0332336137909734,False,0.0035214310404424473,55.11262551095092,0.00349130992635633,0.003624125678164453,0.09089784928244526,-0.4799220969531781,-1.8383688059984693,0.09089784928244526,True,False,False,False,False,True,0.18634710786258582,False,-0.11891891891891893,中性,1773.TW,勝一,0,v1,phase6a,2026-07-12,0,0,2,0,0,0,v1,316,0.4984076433121019,316,0.4984076433121019,370,0.4124203821656051,^TWII,yfinance,2y,2026-09-17,scan_20260917_153651,False,False
True,0,-2.6833337148030596,-2.550000508626302,True,False,賣出 (動能轉弱),52.70000076293945,2026-09-17 00:00:00,54.00999984741211,-0.11499996185302308,True,False,0.370650942285619,False,0.001138524039987458,51.425001932603,0.0011662750246370036,0.0012468389669685145,-0.24984312526672436,-1.4222622795319495,-5.514130701305864,-0.24984312526672436,False,False,False,False,False,False,0.014369525809993771,False,-0.303147656546503,中性,3537.TWO,堡達,0,v1,phase6a,2026-07-12,0,0,0,0,0,0,v1,430,0.31687898089171973,430,0.31687898089171973,456,0.2754777070063694,^TWII,yfinance,2y,2026-09-17,scan_20260917_153651,False,False
True,0,6.083333333333333,15.083333333333334,True,False,觀望 (動能減弱),450.0,2026-09-17 00:00:00,431.85,2.0750000000000455,False,True,1.5424128176560996,True,0.009721742136190805,616.9950418951203,0.009412923562297943,0.009562437692109488,0.3465434487385677,0.7902390132352055,1.853098840422751,0.3465434487385677,True,True,False,False,False,True,0.4689313495664022,False,-0.2128434801482879,偏強 (RS上升),8021.TW,尖點,1,v1,phase6a,2026-07-12,1,2,3,2,1,2,v1,246,0.6098726114649682,246,0.6098726114649682,133,0.7898089171974523,^TWII,yfinance,2y,2026-09-17,scan_20260917_153651,True,False
True,0,-0.36666647593180335,-0.13333288828531897,True,False,賣出 (動能轉弱),22.450000762939453,2026-09-17 00:00:00,22.715000057220458,0.0025000572204589844,False,False,0.5923446411954596,False,0.0004850069297212982,33.02949101317895,0.0004931458743657371,0.0005245480655665832,-0.17342641635328393,-0.9920254020420627,-4.576385248439896,-0.17342641635328393,False,False,False,False,False,False,0.05167754803386824,False,-0.22048606397009063,中性,3041.TW,揚智,0,v1,phase6a,2026-07-12,0,0,1,0,0,0,v1,398,0.3678343949044586,398,0.3678343949044586,431,0.31528662420382164,^TWII,yfinance,2y,2026-09-17,scan_20260917_153651,False,False
True,0,0.0666669209798177,0.09166685740152994,True,False,觀望 (動能減弱),19.850000381469727,2026-09-17 00:00:00,19.822500133514403,-0.007499980926514382,False,True,1.1677706778459302,False,0.0004288368558043062,61.45287159511816,0.00043130469120102803,0.00044142620490076766,-0.060193127350660625,0.1985865882283555,-3.200434431228738,-0.060193127350660625,False,False,False,False,False,True,0.16946287591952558,False,-0.034063205916252226,中性,5547.TWO,久舜,0,v1,phase6a,2026-07-12,1,1,1,1,0,1,v1,492,0.21815286624203822,492,0.21815286624203822,306,0.5143312101910829,^TWII,yfinance,2y,2026-09-17,scan_20260917_153651,False,False
True,0,8.916666666666668,13.083333333333332,True,False,觀望 (動能減弱),313.0,2026-09-17 00:00:00,308.325,0.7749999999999773,False,True,0.81979604942585,False,0.006762011752506049,107.36958693334616,0.0065359479510718015,0.006156159075393542,0.3654120864555743,2.3932839540410145,22.385458561860183,0.3654120864555743,True,True,True,False,False,True,0.9595895336546706,False,-0.029457364341085257,偏強 (RS上升),7792.TWO,安葆,0,v1,phase6a,2026-07-12,2,2,2,2,0,2,v1,580,0.07802547770700637,580,0.07802547770700637,143,0.7738853503184714,^TWII,yfinance,2y,2026-09-17,scan_20260917_153651,False,False
True,1,-0.9583333333333333,-0.7833334604899088,True,False,賣出 (動能轉弱),50.099998474121094,2026-09-17 00:00:00,49.925,-0.005000114440917969,True,True,0.8992238401189067,False,0.0010823539248643512,43.20530859088479,0.0010810229092390283,0.0011077911831852928,0.01296226636473552,-0.05453155890829953,-1.8900628581397072,0.01296226636473552,True,False,False,False,False,True,0.22255020907042625,False,-0.12412591248457694,中性,8070.TW,長華*,1,v1,phase6a,2026-07-12,0,1,2,1,1,1,v1,247,0.60828025477707,247,0.60828025477707,260,0.5875796178343949,^TWII,yfinance,2y,2026-09-17,scan_20260917_153651,True,False
True,0,-0.08333206176757811,-0.11666615804036458,True,False,觀察 (跌勢收斂),33.900001525878906,2026-09-17 00:00:00,33.974999809265135,-0.004999923706058951,True,False,1.3368967241810454,False,0.0007323712738912657,40.67290758391948,0.00073962190425704,0.0007750279883520875,-0.10308476219247353,-0.22989482008328732,-4.447268792460091,-0.10308476219247353,False,False,False,False,False,False,0.10983129906016462,False,-0.06740019397762642,中性,6242.TWO,立康,1,v1,phase6a,2026-07-12,0,1,1,1,1,1,v1,215,0.6592356687898089,215,0.6592356687898089,232,0.6321656050955414,^TWII,yfinance,2y,2026-09-17,scan_20260917_153651,False,False
True,0,-0.2666664123535156,-0.29166650772094727,True,False,觀察 (跌勢收斂),12.300000190734863,2026-09-17 00:00:00,12.32000002861023,0.005000019073486683,False,False,2.1450857924642115,True,0.00026572762250982683,32.3977519835138,0.000267144964877686,0.00028234072461393907,-0.05581638376328524,-0.4451170453729225,-4.424434245686171,-0.05581638376328524,False,False,False,False,False,True,0.13977482956822568,False,-0.16610168198407704,中性,1449.TW,佳和,1,v1,phase6a,2026-07-12,0,1,2,1,1,1,v1,112,0.8232484076433121,112,0.8232484076433121,152,0.7595541401273885,^TWII,yfinance,2y,2026-09-17,scan_20260917_153651,False,False
False,0,-1.5833333333333333,-1.4999999999999998,False,True,強烈賣出 (跌破),114.0,2026-09-17 00:00:00,114.35,-0.025000000000005684,False,False,0.5430563180480492,False,0.0024628413411683374,52.440958599798066,0.0024821923294034696,0.002544480224701535,-0.0819950940146752,-0.1767228600364712,-3.635387275192281,-0.0819950940146752,False,False,False,False,False,False,0.23373293057471767,False,-0.03797468354430378,中性,9942.TW,茂順,0,v1,phase6a,2026-07-12,0,0,0,0,0,0,v1,628,0.0015923566878980893,628,0.0015923566878980893,628,0.0015923566878980893,^TWII,yfinance,2y,2026-09-17,scan_20260917_153651,False,False
False,0,-0.7999998728434243,-0.9666665395100912,False,True,強烈賣出 (跌破),32.70000076293945,2026-09-17 00:00:00,30.660000038146972,0.08500003814697266,False,True,2.340467611849012,True,0.000706446611712311,46.40891804082131,0.0006752351863695283,0.0007054233426999158,0.4889373172120903,-0.8666975830047607,-11.537861205606337,0.4889373172120903,True,True,False,False,False,True,0.21461906268792488,False,-0.213942260519991,偏強 (RS上升),5227.TWO,立凱-KY,0,v1,phase6a,2026-07-12,0,0,2,0,0,0,v1,471,0.2515923566878981,471,0.2515923566878981,494,0.21496815286624205,^TWII,yfinance,2y,2026-09-17,scan_20260917_153651,False,False
True,1,0.125,0.03333346048990885,True,False,買入 (動能增強),28.899999618530273,2026-09-17 00:00:00,28.64749994277954,0.01249999999999929,False,True,0.8978090736755815,False,0.0006243518756163643,38.400363502926204,0.0006233007126625036,0.0006432829202520095,0.01775521440241512,0.35176056416501567,-3.2302944300546588,0.01775521440241512,True,False,False,False,False,True,0.15310377484994303,False,-0.02857144139394041,偏強 (RS上升),2608.TW,嘉里大榮,2,v1,phase6a,2026-07-12,1,3,4,3,2,3,v1,61,0.9044585987261147,61,0.9044585987261147,54,0.9156050955414012,^TWII,yfinance,2y,2026-09-17,scan_20260917_153651,False,False
True,0,-0.8416665395100911,-0.53333314259847,True,False,賣出 (動能轉弱),25.0,2026-09-17 00:00:00,25.93000011444092,-0.039999961853027344,False,False,0.13279734787032402,False,0.0005400967853439337,47.1982486039608,0.0005594431102856831,0.0005669050923832529,-0.36269445621905927,-1.0095516101530255,-2.506061418956851,-0.36269445621905927,False,False,False,False,False,False,0.0,False,-0.14040201053799772,中性,3516.TWO,亞帝歐,0,v1,phase6a,2026-07-12,0,0,0,0,0,0,v1,426,0.3232484076433121,426,0.3232484076433121,452,0.2818471337579618,^TWII,yfinance,2y,2026-09-17,scan_20260917_153651,False,False
True,0,-1.050000508626302,-1.1166674296061196,True,False,觀察 (跌勢收斂),100.0,2026-09-17 00:00:00,100.32000007629395,-0.024999999999991473,False,False,0.7383610028566995,False,0.0021603871413757346,54.629832821601035,0.0021801285317536705,0.0022931316357012463,-0.09522659853894444,-0.014069927804627458,-4.201031493820961,-0.09522659853894444,False,False,False,False,False,False,0.13833333460893235,False,-0.15254237288135597,中性,6791.TWO,虎門科技,1,v1,phase6a,2026-07-12,0,1,1,1,1,1,v1,231,0.6337579617834395,231,0.6337579617834395,246,0.6098726114649682,^TWII,yfinance,2y,2026-09-17,scan_20260917_153651,False,False
True,1,-1.8333333333333335,-0.8333333333333333,True,False,賣出 (動能轉弱),110.5,2026-09-17 00:00:00,108.65,0.05000000000001137,False,True,1.277036563035348,False,0.0023872277912201866,164.88157721599697,0.0023675767417180487,0.002394665475977104,0.08744554415953676,-0.6930718362283428,-5.135364716604651,0.08744554415953676,True,False,False,False,False,True,0.16624849175294695,False,-0.41688654353562005,中性,6182.TWO,合晶,1,v1,phase6a,2026-07-12,0,1,3,1,1,1,v1,209,0.6687898089171974,209,0.6687898089171974,227,0.6401273885350318,^TWII,yfinance,2y,2026-09-17,scan_20260917_153651,True,False
True,0,-0.7333335876464843,-1.0250008900960286,True,False,觀察 (跌勢收斂),46.650001525878906,2026-09-17 00:00:00,47.09749984741211,-0.09499988555908345,True,False,0.6426756454016476,False,0.0010078206344166717,58.57475220277598,0.0010241443731737608,0.0010946920085291181,-0.16749691306318093,-0.8110148733152744,-6.631399871177079,-0.16749691306318093,False,False,False,False,False,False,0.09156106056111088,False,-0.1231202846452486,中性,3205.TWO,佰研,1,v1,phase6a,2026-07-12,0,1,1,1,1,1,v1,151,0.7611464968152867,151,0.7611464968152867,182,0.7117834394904459,^TWII,yfinance,2y,2026-09-17,scan_20260917_153651,False,False
True,1,-6.357828776087926e-07,-0.008333841959635421,True,False,觀察 (跌勢收斂),18.75,2026-09-17 00:00:00,19.02500009536743,-0.014999961853028765,True,False,0.3788235433827602,False,0.00040507258900795024,9.144620684346302,0.000415150849570974,0.0004628358513796852,-0.2548869924263175,-0.5580813086709102,-6.619998960436114,-0.2548869924263175,False,False,False,False,False,False,0.09198358933352896,False,-0.19354838709677424,中性,7723.TWO,築間,1,v1,phase6a,2026-07-12,0,1,1,1,1,1,v1,240,0.6194267515923567,240,0.6194267515923567,254,0.5971337579617835,^TWII,yfinance,2y,2026-09-17,scan_20260917_153651,False,False
True,0,-0.31666628519694007,-0.3249994913736979,True,False,觀察 (跌勢收斂),24.25,2026-09-17 00:00:00,24.60999975204468,-0.0625,False,False,1.4322033797200096,False,0.0005238938817836156,31.434584256329444,0.000536248289313035,0.000570890398655538,-0.24192483799284625,-0.8964785644164031,-7.298597326478962,-0.24192483799284625,False,False,False,False,False,False,0.021132967984978053,False,-0.1213768237379762,中性,1410.TW,南染,1,v1,phase6a,2026-07-12,0,1,1,1,1,1,v1,109,0.8280254777070064,109,0.8280254777070064,149,0.7643312101910829,^TWII,yfinance,2y,2026-09-17,scan_20260917_153651,False,False
True,0,-0.2916668256123861,-0.35833342870076496,True,False,觀察 (跌勢收斂),14.649999618530273,2026-09-17 00:00:00,14.70750002861023,-0.02499999999999858,True,False,0.6893767425923807,False,0.00031649670797032216,38.48897663319418,0.0003188001620166658,0.00032720914230283777,-0.07599888652095599,-0.7213207956311973,-4.98252922532606,-0.07599888652095599,False,False,False,False,False,False,0.06470264124704507,False,-0.20471431942453133,中性,5450.TWO,南良,2,v1,phase6a,2026-07-12,0,2,2,2,2,2,v1,84,0.8678343949044586,84,0.8678343949044586,103,0.8375796178343949,^TWII,yfinance,2y,2026-09-17,scan_20260917_153651,True,False
True,0,-0.5000001589457194,-0.4083334604899088,True,False,賣出 (動能轉弱),13.449999809265137,2026-09-17 00:00:00,13.642499971389771,-0.005000019073484907,True,False,0.8935300170284299,False,0.00029057206639442485,41.46788954704938,0.0002924888092617603,0.0002962276848372447,-0.06893368854947735,-1.1110497795392194,-0.66404869172495,-0.06893368854947735,False,False,False,False,False,False,0.45756553139738004,False,-0.05775046481630064,中性,1440.TW,南紡,0,v1,phase6a,2026-07-12,0,0,0,0,0,0,v1,288,0.5429936305732485,288,0.5429936305732485,345,0.45222929936305734,^TWII,yfinance,2y,2026-09-17,scan_20260917_153651,False,False
True,1,0.01666673024495443,0.01666673024495443,True,False,觀望 (動能減弱),14.449999809265137,2026-09-17 00:00:00,14.41749997138977,0.0049999713897701525,False,True,0.7358544452346865,False,0.00031217593780818217,37.830060527422965,0.00031289859104715565,0.0003215149634196376,-0.024305086566300815,0.1335469771521547,-2.396442244088448,-0.024305086566300815,False,False,False,False,False,False,0.2147162270865682,False,-0.017006802941754384,中性,1457.TW,宜進,2,v1,phase6a,2026-07-12,0,2,4,2,2,2,v1,36,0.9442675159235668,36,0.9442675159235668,82,0.8710191082802548,^TWII,yfinance,2y,2026-09-17,scan_20260917_153651,False,True
True,0,0.0,0.03333346048990885,True,False,賣出 (動能轉弱),51.5,2026-09-17 00:00:00,51.304999923706056,0.014999961853028765,False,True,0.6506745371387903,False,0.0011125993778085034,36.920024152217046,0.001112062108067484,0.00113748416013738,0.005085829779383211,0.24578813920366205,-1.284626033838987,0.005085829779383211,True,False,False,False,False,False,0.26464564328397777,False,-0.005791491148245287,中性,4175.TWO,杏一,0,v1,phase6a,2026-07-12,0,0,2,0,0,0,v1,446,0.2914012738853503,446,0.2914012738853503,472,0.25,^TWII,yfinance,2y,2026-09-17,scan_20260917_153651,False,False
True,0,0.024999936421712263,0.0416666666666667,True,False,觀望 (動能減弱),22.399999618530273,2026-09-17 00:00:00,22.414999771118165,-0.09999999999999787,True,False,0.548146317165339,False,0.00048392671142694164,23.417343419190722,0.0004902146277192812,0.0004918574833169927,-0.13483756242376188,-1.036722483010799,-7.7779020563128025,-0.13483756242376188,False,False,False,False,False,True,0.21515647618724792,False,-0.3222390276665398,中性,1435.TW,中福,0,v1,phase6a,2026-07-12,0,0,0,0,0,0,v1,287,0.5445859872611465,287,0.5445859872611465,344,0.4538216560509554,^TWII,yfinance,2y,2026-09-17,scan_20260917_153651,False,False
True,1,1.7499999999999998,1.75,True,False,觀望 (動能減弱),152.0,2026-09-17 00:00:00,148.125,0.09999999999999432,False,True,0.9844169042330855,False,0.0032837884548911167,53.27932966757352,0.0032609317067635248,0.003400274316833953,0.07383625860446497,-0.24189203873412612,-8.386936372052055,0.07383625860446497,True,False,False,False,False,True,0.17166621172810195,False,-0.17166212534059944,中性,6579.TW,研揚,0,v1,phase6a,2026-07-12,0,0,2,0,0,0,v1,532,0.15445859872611464,532,0.15445859872611464,546,0.1321656050955414,^TWII,yfinance,2y,2026-09-17,scan_20260917_153651,False,False
True,0,0.05000019073486327,0.10833342870076496,True,False,觀望 (動能減弱),14.75,2026-09-17 00:00:00,14.582499980926514,0.05749998092651332,False,True,0.26134172079626244,False,0.00031865710335292086,26.79675334731971,0.00031629399900442377,0.0003301469755499037,0.07870639575509042,0.6616982248897729,0.6485271601340603,0.07870639575509042,True,False,False,False,False,False,0.32719895492500906,False,-0.07934126140369469,中性,5546.TW,永固-KY,0,v1,phase6a,2026-07-12,0,0,2,0,0,0,v1,491,0.2197452229299363,491,0.2197452229299363,511,0.18789808917197454,^TWII,yfinance,2y,2026-09-17,scan_20260917_153651,False,False
True,0,-2.5166664123535156,-1.7666664123535154,True,False,賣出 (動能轉弱),101.0,2026-09-17 00:00:00,101.92000007629395,0.0,False,False,0.5428025143286406,False,0.002181991012789492,40.3794197731153,0.002204802033589529,0.0023312450746598794,-0.10878745061155826,-0.6998973196891356,-3.1372437944055753,-0.10878745061155826,False,False,False,False,False,False,0.037549490418458266,False,-0.16842507417624075,中性,1514.TW,亞力,0,v1,phase6a,2026-07-12,0,0,0,0,0,0,v1,299,0.5254777070063694,299,0.5254777070063694,355,0.43630573248407645,^TWII,yfinance,2y,2026-09-17,scan_20260917_153651,False,False
True,1,-0.7000007629394531,-0.75,True,False,觀察 (跌勢收斂),76.0,2026-09-17 00:00:00,76.28500022888184,-0.07000007629393679,False,False,1.1681508281717827,False,0.0016418942274455583,37.77227949506376,0.001654696175444044,0.0017130824599082017,-0.08137306000555178,-0.09874723875918923,-3.119793627048506,-0.08137306000555178,False,False,False,False,False,False,0.2098521695402891,False,-0.05472638609916747,中性,6923.TW,中台,1,v1,phase6a,2026-07-12,0,1,1,1,1,1,v1,236,0.6257961783439491,236,0.6257961783439491,250,0.6035031847133758,^TWII,yfinance,2y,2026-09-17,scan_20260917_153651,False,False
True,1,-1.0999997456868487,-0.4166653951009113,True,False,賣出 (動能轉弱),82.19999694824219,2026-09-17 00:00:00,82.45499954223632,-0.02000007629395384,False,False,0.8786452072309837,False,0.0017758381642810704,70.35769625111699,0.001800542288263515,0.0019438478452886256,-0.14421676504906555,-0.5257001551198459,-6.505583402557047,-0.14421676504906555,False,False,False,False,False,True,0.07359758324782653,False,-0.23384578253931332,中性,6191.TW,精成科,0,v1,phase6a,2026-07-12,0,0,0,0,0,0,v1,504,0.19904458598726116,504,0.19904458598726116,521,0.17197452229299362,^TWII,yfinance,2y,2026-09-17,scan_20260917_153651,False,False
True,0,-0.3916667302449544,-0.3666667938232422,True,False,賣出 (動能轉弱),16.5,2026-09-17 00:00:00,16.620000076293945,-0.010000038146973367,False,False,0.27916118191579065,False,0.0003564638783269962,44.48902803101815,0.0003592233041072475,0.0003676076634826462,-0.08079408797679877,-0.5090885810071777,-2.599462702055011,-0.08079408797679877,False,False,False,False,False,False,0.20444394723275497,False,-0.04552726062663359,中性,4711.TWO,永純,0,v1,phase6a,2026-07-12,0,0,0,0,0,0,v1,457,0.27388535031847133,457,0.27388535031847133,481,0.2356687898089172,^TWII,yfinance,2y,2026-09-17,scan_20260917_153651,False,False
True,1,-0.5833333333333331,0.8333333333333329,True,False,賣出 (動能轉弱),271.0,2026-09-17 00:00:00,275.425,0.25,False,False,0.4087101235539216,False,0.005854649153128241,134.38606060754407,0.005906437143837846,0.005790668970211881,-0.092210254518732,0.35927801638433454,4.547333888402338,-0.092210254518732,False,True,True,False,False,False,0.7664795441367708,False,-0.03730017761989346,中性,4967.TW,十銓,0,v1,phase6a,2026-07-12,0,0,1,0,0,0,v1,464,0.2627388535031847,464,0.2627388535031847,487,0.22611464968152867,^TWII,yfinance,2y,2026-09-17,scan_20260917_153651,False,False
True,0,-2.2333329518636065,-1.650000254313151,True,False,賣出 (動能轉弱),59.400001525878906,2026-09-17 00:00:00,60.695000076293944,-0.02999992370605753,True,False,1.6033281833469832,True,0.001283269994942078,49.20441438282706,0.0013195653379939585,0.0014957201644758696,-0.28869602020846763,-1.2851892919391816,-6.804263566308033,-0.28869602020846763,False,False,False,False,False,False,0.001968314551569691,False,-0.282618288353526,中性,6485.TWO,點序,0,v1,phase6a,2026-07-12,0,0,0,0,0,0,v1,524,0.16719745222929935,524,0.16719745222929935,540,0.14171974522292993,^TWII,yfinance,2y,2026-09-17,scan_20260917_153651,False,False
True,0,-0.22499974568684894,-0.24166647593180338,True,False,觀察 (跌勢收斂),27.100000381469727,2026-09-17 00:00:00,26.909999752044676,0.02499999999999858,False,True,0.5748653313111239,False,0.000585464923554047,36.788986411192816,0.000584420258884015,0.000615287484644374,0.018819572956974007,-0.10748302496169648,-3.153191234906083,0.018819572956974007,True,False,False,False,False,True,0.20551090755941484,False,-0.10708401842341642,中性,6124.TWO,業強,1,v1,phase6a,2026-07-12,0,1,3,1,1,1,v1,205,0.6751592356687898,205,0.6751592356687898,224,0.6449044585987261,^TWII,yfinance,2y,2026-09-17,scan_20260917_153651,False,False
True,0,-1.2833334604899085,-1.2999998728434243,True,False,觀察 (跌勢收斂),37.5,2026-09-17 00:00:00,37.52750034332276,0.014999961853028765,False,False,1.003569012792124,False,0.0008101451780159005,61.640395916667906,0.0008143294281311757,0.0008735776542514655,-0.05405788723824578,-0.4590219267920914,-5.523744978954426,-0.05405788723824578,False,False,False,False,False,True,0.12173961854820789,False,-0.27206319626488096,中性,2495.TW,普安,1,v1,phase6a,2026-07-12,0,1,2,1,1,1,v1,135,0.7866242038216561,135,0.7866242038216561,172,0.7277070063694268,^TWII,yfinance,2y,2026-09-17,scan_20260917_153651,False,False
True,0,-6.666666666666667,-11.166666666666666,True,False,觀察 (跌勢收斂),725.0,2026-09-17 00:00:00,709.45,-1.6499999999999773,True,True,0.6664039957204569,False,0.015662806774974076,46.222064704362445,0.015525993112601534,0.016220093445786708,0.09284307147017223,-0.6933819103502881,-8.276794796166564,0.09284307147017223,True,False,False,False,False,True,0.17695415005135742,False,-0.09825870646766166,中性,3293.TWO,鈊象,1,v1,phase6a,2026-07-12,0,1,2,1,1,1,v1,152,0.7595541401273885,152,0.7595541401273885,183,0.7101910828025477,^TWII,yfinance,2y,2026-09-17,scan_20260917_153651,False,False
True,0,-0.21666669845581055,-0.15833330154418945,True,False,賣出 (動能轉弱),14.149999618530273,2026-09-17 00:00:00,14.47000012397766,-0.037499999999999645,False,False,0.9526344052806911,False,0.00030569477226344353,28.813513082481837,0.0003168928725612225,0.00035201745279743907,-0.37059181825489507,-1.2897280669530442,-10.424740749280259,-0.37059181825489507,False,False,False,False,False,False,0.06050492306099255,False,-0.2330623830133709,中性,3432.TW,台端,0,v1,phase6a,2026-07-12,0,0,0,0,0,0,v1,420,0.3328025477707006,420,0.3328025477707006,449,0.28662420382165604,^TWII,yfinance,2y,2026-09-17,scan_20260917_153651,False,False
True,1,-0.2499996821085612,-0.1916662851969401,True,False,賣出 (動能轉弱),27.700000762939453,2026-09-17 00:00:00,27.842500019073487,0.0025000572204589844,False,False,0.2063676504764118,False,0.0005984272546435243,37.23806736531946,0.0006031752736669386,0.0006059016000037946,-0.08279147259965258,0.037164818519541676,-2.126720416311423,-0.08279147259965258,False,False,False,False,False,False,0.49143028306641634,False,-0.04482755989863951,中性,6195.TWO,詩肯,0,v1,phase6a,2026-07-12,0,0,1,0,0,0,v1,505,0.19745222929936307,505,0.19745222929936307,522,0.17038216560509553,^TWII,yfinance,2y,2026-09-17,scan_20260917_153651,False,False
False,0,-0.558333396911621,-0.5916668574015299,False,True,強烈賣出 (跌破),13.350000381469727,2026-09-17 00:00:00,14.43250002861023,-0.08249998092651367,False,False,5.395477120041744,True,0.0002884116916148835,34.45871898051046,0.00031353574893652834,0.00035718499507538524,-0.8364331645195455,-1.6818376327725981,-9.351438068782835,-0.8364331645195455,False,False,False,False,False,False,0.0,False,-0.31007751326691557,中性,1516.TW,川飛,0,v1,phase6a,2026-07-12,0,0,0,0,0,0,v1,300,0.5238853503184714,300,0.5238853503184714,356,0.43471337579617836,^TWII,yfinance,2y,2026-09-17,scan_20260917_153651,False,False
True,0,0.18333180745442706,-0.05000178019205731,True,False,買入 (動能增強),78.5999984741211,2026-09-17 00:00:00,77.74000053405761,-0.02000007629395384,False,True,1.3722069861148711,False,0.0016980642601564357,56.222487452606984,0.0016879184197113742,0.0017201345976210732,0.06331226418359037,0.6100432380611975,-1.921561390848292,0.06331226418359037,True,False,False,False,False,True,0.2976768017522634,False,-0.006321112637740267,偏強 (RS上升),4105.TWO,東洋,4,v1,phase6a,2026-07-12,1,5,5,5,4,5,v1,6,0.9920382165605095,6,0.9920382165605095,6,0.9920382165605095,^TWII,yfinance,2y,2026-09-17,scan_20260917_153651,False,True
True,0,-0.3916667302449544,-0.3666667938232422,True,False,賣出 (動能轉弱),18.100000381469727,2026-09-17 00:00:00,17.73499994277954,0.00500001907348846,False,True,2.1393175641759887,True,0.00039103008083023086,35.32116040169663,0.0003898386318080435,0.00041853867095501283,0.03218153281896452,-1.7356809726292166,-11.286053857347934,0.03218153281896452,True,False,False,False,False,True,0.13480001467460423,False,-0.1991150408868867,中性,3268.TWO,海德威,0,v1,phase6a,2026-07-12,0,0,2,0,0,0,v1,412,0.34554140127388533,412,0.34554140127388533,442,0.29777070063694266,^TWII,yfinance,2y,2026-09-17,scan_20260917_153651,False,False
True,0,-0.8583335876464844,-0.8083333969116211,True,False,賣出 (動能轉弱),25.0,2026-09-17 00:00:00,24.997500038146974,0.02500000000000213,False,True,0.9491692365814189,False,0.0005400967853439337,7.194530049329091,0.0005414820586606191,0.0005847475702054734,-0.026922219124880797,-0.4084346322844712,-3.8965247862831065,-0.026922219124880797,False,False,False,False,False,False,0.13297516420112282,False,-0.14965985291227812,中性,1225.TW,福懋油,0,v1,phase6a,2026-07-12,0,0,2,0,0,0,v1,270,0.571656050955414,270,0.571656050955414,330,0.47611464968152867,^TWII,yfinance,2y,2026-09-17,scan_20260917_153651,False,False
True,1,-0.10833358764648438,-0.15833346048990882,True,False,觀察 (跌勢收斂),44.04999923706055,2026-09-17 00:00:00,44.02499942779541,-0.030000114440923653,True,True,0.3329056344892767,False,0.0009516505192935652,44.827848946346656,0.000959309011041094,0.0009984724106127142,-0.0839646172529962,-0.2893552969765678,-5.2322474182645795,-0.0839646172529962,False,False,False,False,False,False,0.09402844163454198,False,-0.04446853155995967,中性,6115.TW,鎰勝,1,v1,phase6a,2026-07-12,0,1,2,1,1,1,v1,202,0.6799363057324841,202,0.6799363057324841,221,0.6496815286624203,^TWII,yfinance,2y,2026-09-17,scan_20260917_153651,False,False
True,0,0.8916664123535156,0.7583332061767578,True,False,買入 (動能增強),37.349998474121094,2026-09-17 00:00:00,36.40749988555908,0.039999961853027344,False,True,1.4773914023336907,False,0.0008069045643389451,41.60990778280028,0.0007887990041093917,0.0007756597793439308,0.24219913866292408,0.8163070535532224,1.6363594131649783,0.24219913866292408,True,True,True,False,False,True,0.7815711665389236,False,0.0,偏強 (RS上升),2520.TW,冠德,2,v1,phase6a,2026-07-12,2,4,4,4,2,4,v1,59,0.9076433121019108,59,0.9076433121019108,35,0.945859872611465,^TWII,yfinance,2y,2026-09-17,scan_20260917_153651,False,False
True,0,-0.11666647593180338,-0.12499968210856119,True,False,觀察 (跌勢收斂),10.149999618530273,2026-09-17 00:00:00,10.145500087738037,-0.005000019073486683,False,True,1.1024216759243983,False,0.00021927928660841412,23.768602677177817,0.00021974044709159298,0.00022744471667696166,-0.022086278611732624,0.10535516633733977,-2.3212317424256,-0.022086278611732624,False,False,False,False,False,False,0.20114320520799375,False,-0.024038462420187034,中性,1805.TW,寶徠,1,v1,phase6a,2026-07-12,0,1,2,1,1,1,v1,123,0.8057324840764332,123,0.8057324840764332,162,0.7436305732484076,^TWII,yfinance,2y,2026-09-17,scan_20260917_153651,False,False
True,2,-0.29166762034098304,-0.3166675567626953,True,False,觀察 (跌勢收斂),26.049999237060547,2026-09-17 00:00:00,26.249999904632567,-0.0025000572204589844,False,False,0.8057395716071734,False,0.000562780833845933,22.305885705828562,0.0005695514980457232,0.0005939230647774181,-0.12497742191937,-0.2725065010437122,-3.819086329093613,-0.12497742191937,False,False,False,False,False,False,0.09821957290450853,False,-0.06797858583239214,中性,1475.TW,業旺,1,v1,phase6a,2026-07-12,0,1,1,1,1,1,v1,114,0.8200636942675159,114,0.8200636942675159,154,0.7563694267515924,^TWII,yfinance,2y,2026-09-17,scan_20260917_153651,False,False
True,0,-0.13833332061767578,-0.16666666666666666,True,False,觀察 (跌勢收斂),6.320000171661377,2026-09-17 00:00:00,6.440500020980835,-0.014499998092651012,False,False,0.934251053017179,False,0.00013653647104349672,33.635820732131116,0.00014056175757323964,0.0001498831799783077,-0.3005376126398507,-1.1554606180955385,-9.246979968391011,-0.3005376126398507,False,False,False,False,False,False,0.038000397748393526,False,-0.20999997854232788,中性,2911.TW,麗嬰房,1,v1,phase6a,2026-07-12,0,1,1,1,1,1,v1,141,0.7770700636942676,141,0.7770700636942676,177,0.7197452229299363,^TWII,yfinance,2y,2026-09-17,scan_20260917_153651,False,False
True,1,3.8333333333333335,7.833333333333332,True,False,觀望 (動能減弱),530.0,2026-09-17 00:00:00,530.65,0.1999999999999318,False,False,1.0305985165866498,False,0.011450051849291393,96.02015076618444,0.01154002649866905,0.011415528125573025,-0.08200370372961618,0.4771137341528231,-1.3950507266296541,-0.08200370372961618,False,True,True,False,False,False,0.2955682579649591,False,-0.11073825503355705,中性,5434.TW,崇越,0,v1,phase6a,2026-07-12,0,0,1,0,0,0,v1,482,0.2340764331210191,482,0.2340764331210191,503,0.20063694267515925,^TWII,yfinance,2y,2026-09-17,scan_20260917_153651,False,False
True,0,-3.333333333333333,-2.9166666666666665,True,False,賣出 (動能轉弱),103.5,2026-09-17 00:00:00,104.65,-0.09999999999999432,True,False,0.4556887085101105,False,0.0022360006913238854,44.13067935789587,0.002264348970430513,0.0023827759914026273,-0.13160966562454357,-0.9223447949058938,-4.644618498030506,-0.13160966562454357,False,False,False,False,False,False,0.08742384901846868,False,-0.12087607866573324,中性,5222.TW,全訊,0,v1,phase6a,2026-07-12,0,0,0,0,0,0,v1,469,0.25477707006369427,469,0.25477707006369427,492,0.21815286624203822,^TWII,yfinance,2y,2026-09-17,scan_20260917_153651,False,False
True,0,0.6666666666666666,0.8999996185302733,True,False,觀望 (動能減弱),53.400001525878906,2026-09-17 00:00:00,52.91499996185303,0.08000011444092081,False,True,0.6219716138439638,False,0.001153646766459534,51.68408931370704,0.001140765534407828,0.0011229185993960166,0.1190019063553871,0.9450785044256893,4.100891848529509,0.1190019063553871,True,True,True,False,False,False,0.8565325437900184,False,-0.0037312864540238744,偏強 (RS上升),2607.TW,榮運,0,v1,phase6a,2026-07-12,1,1,2,1,0,1,v1,374,0.40605095541401276,374,0.40605095541401276,290,0.5398089171974523,^TWII,yfinance,2y,2026-09-17,scan_20260917_153651,False,False
True,0,5.000000000000001,31.66666666666666,True,False,觀望 (動能減弱),1485.0,2026-09-17 00:00:00,1411.5,10.0,False,True,1.2913133671015402,False,0.032081749049429654,222.49526840430386,0.03043205386653449,0.03073046926521944,0.5738972137253828,1.063414765984283,8.341606514579492,0.5738972137253828,True,True,False,False,False,True,0.9496485119480075,False,-0.01655629139072845,偏強 (RS上升),3491.TWO,昇達科,0,v1,phase6a,2026-07-12,1,1,2,1,0,1,v1,424,0.32643312101910826,424,0.32643312101910826,300,0.5238853503184714,^TWII,yfinance,2y,2026-09-17,scan_20260917_153651,False,False
True,0,-0.5249996185302734,-0.09999974568684897,True,False,賣出 (動能轉弱),46.349998474121094,2026-09-17 00:00:00,46.02249984741211,0.037499999999994316,False,True,0.7102740805720553,False,0.0010013394070627613,65.38516157184947,0.0009976149378288853,0.0010405508933433573,0.03931411899846804,-0.18705926295101705,-1.7945596707131029,0.03931411899846804,True,False,False,False,False,True,0.28953750834571373,False,-0.11206900772636963,中性,2328.TW,廣宇,0,v1,phase6a,2026-07-12,0,0,2,0,0,0,v1,340,0.4601910828025478,340,0.4601910828025478,393,0.37579617834394907,^TWII,yfinance,2y,2026-09-17,scan_20260917_153651,False,False
True,0,-0.18333307902018228,-0.20833317438761392,True,False,觀察 (跌勢收斂),10.75,2026-09-17 00:00:00,10.65249981880188,0.00250000953674423,False,True,0.23192916157237597,False,0.00023224161769789145,12.762303517762625,0.00023149638138236233,0.00025574733411831024,0.03389794649941713,-0.44068840962229183,-5.054865023116484,0.03389794649941713,True,False,False,False,False,True,0.1649701018732539,False,-0.12244897959183676,中性,2724.TWO,藝舍-KY,1,v1,phase6a,2026-07-12,0,1,3,1,1,1,v1,139,0.7802547770700637,139,0.7802547770700637,175,0.7229299363057324,^TWII,yfinance,2y,2026-09-17,scan_20260917_153651,False,False
True,1,-0.03333330154418945,-0.008333365122477211,True,False,賣出 (動能轉弱),13.100000381469727,2026-09-17 00:00:00,13.17999997138977,0.0,False,False,1.0197498890234324,False,0.00028301072376144416,44.94757747948367,0.0002866166370940771,0.0002914040523496566,-0.13225604218364273,-0.43217463084114227,-3.9745802095415117,-0.13225604218364273,False,False,False,False,False,True,0.2866451258605723,False,-0.12374578270221037,中性,1468.TW,昶和,0,v1,phase6a,2026-07-12,0,0,0,0,0,0,v1,293,0.535031847133758,293,0.535031847133758,350,0.4442675159235669,^TWII,yfinance,2y,2026-09-17,scan_20260917_153651,False,False
True,0,-1.8166675567626953,-1.9833329518636067,True,False,觀察 (跌勢收斂),64.69999694824219,2026-09-17 00:00:00,64.65999984741211,-0.18000030517578125,True,True,0.5575028879448636,False,0.0013977704145403168,35.25936098468276,0.001415433129402946,0.001478114012943505,-0.13118204772474273,-1.1179249444074002,-10.684795892220677,-0.13118204772474273,False,False,False,False,False,True,0.18748985189880432,False,-0.1520315286966215,中性,4566.TW,時碩工業,2,v1,phase6a,2026-07-12,0,2,3,2,2,2,v1,81,0.8726114649681529,81,0.8726114649681529,101,0.8407643312101911,^TWII,yfinance,2y,2026-09-17,scan_20260917_153651,True,False
True,1,-0.11666663487752277,-0.11666663487752277,True,False,賣出 (動能轉弱),15.600000381469727,2026-09-17 00:00:00,15.679999923706054,-0.0049999713897701525,False,False,0.9532970084833247,False,0.00033702040229583753,35.350450637680765,0.00034041285316980505,0.0003503369634382016,-0.10479212987485331,-0.1659353673126529,-3.544389820027394,-0.10479212987485331,False,False,False,False,False,False,0.2877482207525524,False,-0.04273188862258093,中性,4432.TWO,銘旺實,0,v1,phase6a,2026-07-12,0,0,0,0,0,0,v1,449,0.28662420382165604,449,0.28662420382165604,474,0.24681528662420382,^TWII,yfinance,2y,2026-09-17,scan_20260917_153651,False,False
True,1,-0.09166717529296875,0.008332888285319008,True,False,賣出 (動能轉弱),24.299999237060547,2026-09-17 00:00:00,24.29250011444092,0.0024999618530294754,False,True,1.1510274795429252,False,0.0005249740588718577,35.09034967539621,0.0005239374142017519,0.0005327204970508873,0.02083134739003789,0.407686270022789,1.4359438436929217,0.02083134739003789,True,False,False,False,False,False,0.7325098183099022,False,-0.020161290942816268,中性,5465.TWO,富驊,0,v1,phase6a,2026-07-12,0,0,2,0,0,0,v1,484,0.23089171974522293,484,0.23089171974522293,505,0.19745222929936307,^TWII,yfinance,2y,2026-09-17,scan_20260917_153651,False,False
True,1,0.05000019073486328,0.0666669209798177,True,False,觀望 (動能減弱),22.100000381469727,2026-09-17 00:00:00,22.04250011444092,0.012500000000002842,False,True,0.939497795997307,False,0.00047744556648526024,54.815784748170756,0.0004783922355818407,0.00048487840696582595,-0.0208257196662065,0.052971911764165824,-1.8957133180108054,-0.0208257196662065,False,False,False,False,False,False,0.2438841454492692,False,-0.00674155588900105,中性,2908.TW,特力,0,v1,phase6a,2026-07-12,0,0,2,0,0,0,v1,388,0.3837579617834395,388,0.3837579617834395,425,0.3248407643312102,^TWII,yfinance,2y,2026-09-17,scan_20260917_153651,False,False
True,1,-2.2833321889241533,-2.38333257039388,True,False,觀察 (跌勢收斂),61.900001525878906,2026-09-17 00:00:00,61.65,-0.05000000000000426,False,True,1.8946023661556006,True,0.0013372796734764715,50.95021281223228,0.0013384783352058402,0.0014498240050253974,-0.009425854905364961,-0.7267927513234018,-5.841101455778341,-0.009425854905364961,False,False,False,False,False,True,0.16454367841138892,False,-0.3197802030123197,中性,3707.TWO,漢磊,1,v1,phase6a,2026-07-12,0,1,2,1,1,1,v1,162,0.7436305732484076,162,0.7436305732484076,192,0.695859872611465,^TWII,yfinance,2y,2026-09-17,scan_20260917_153651,False,False
True,1,-0.2000001271565755,-0.10000006357828775,True,False,賣出 (動能轉弱),25.799999237060547,2026-09-17 00:00:00,25.987499904632568,-0.007500076293947444,False,False,0.7102416474763401,False,0.0005573798659924936,37.773237681747915,0.0005622104505554481,0.0005701561506776803,-0.09036173400739367,0.013026125679971301,-1.0686924235926765,-0.09036173400739367,False,False,False,False,False,False,0.2220623531421872,False,-0.017142886207217267,中性,5356.TWO,協益,0,v1,phase6a,2026-07-12,0,0,0,0,0,0,v1,478,0.24044585987261147,478,0.24044585987261147,500,0.2054140127388535,^TWII,yfinance,2y,2026-09-17,scan_20260917_153651,False,False
True,0,-0.3166666030883789,-0.2749999364217122,True,False,賣出 (動能轉弱),10.75,2026-09-17 00:00:00,10.759999990463257,0.0,False,False,1.3078515324452578,False,0.00023224161769789145,43.443878928645304,0.0002322562564947079,0.00023935644863578478,-0.000663455004656921,-0.5291921428835833,-2.4109016166052655,-0.000663455004656921,False,False,False,False,False,False,0.25782980250714777,False,-0.10416666666666663,中性,2323.TW,中環,0,v1,phase6a,2026-07-12,0,0,0,0,0,0,v1,338,0.46337579617834396,338,0.46337579617834396,391,0.37898089171974525,^TWII,yfinance,2y,2026-09-17,scan_20260917_153651,False,False
True,0,6.800001780192056,6.300001780192057,True,False,買入 (動能增強),102.0,2026-09-17 00:00:00,97.98999977111816,0.3650001525878963,False,True,0.44907115833837224,False,0.0022035948842032494,82.78432333341428,0.0021151400590121903,0.0019870639610625675,0.442155280465073,2.4458594489119356,9.531501103649887,0.442155280465073,True,True,True,False,False,True,0.929663436699811,False,-0.004878048780487809,偏強 (RS上升),2637.TW,慧洋-KY,2,v1,phase6a,2026-07-12,2,4,4,4,2,4,v1,63,0.9012738853503185,63,0.9012738853503185,37,0.9426751592356688,^TWII,yfinance,2y,2026-09-17,scan_20260917_153651,False,False
True,0,-1.9999999999999998,-1.5833333333333333,True,False,賣出 (動能轉弱),105.5,2026-09-17 00:00:00,106.725,-0.07500000000000284,False,False,0.8456119389923015,False,0.0022792084341513997,33.56065260333419,0.002308402785861463,0.0024176856661471363,-0.13294924192128743,-0.3883590312850904,-2.3285125330725576,-0.13294924192128743,False,False,False,False,False,False,0.18033734183805272,False,-0.04524886877828049,中性,2385.TW,群光,0,v1,phase6a,2026-07-12,0,0,0,0,0,0,v1,352,0.4410828025477707,352,0.4410828025477707,401,0.3630573248407643,^TWII,yfinance,2y,2026-09-17,scan_20260917_153651,False,False
True,0,-2.083333333333333,-1.4166666666666665,True,False,賣出 (動能轉弱),118.5,2026-09-17 00:00:00,109.9,0.875,False,True,2.2737548343199614,True,0.0025600587625302456,147.407972521155,0.002337147489399853,0.0022760384851358106,1.0141554859044,1.0534281734046802,14.106816089170282,1.0141554859044,True,True,True,True,False,True,1.0,False,0.0,強勢 (RS強勁),6588.TWO,東典光電,0,v1,phase6a,2026-07-12,3,3,2,3,0,3,v1,533,0.15286624203821655,533,0.15286624203821655,80,0.8742038216560509,^TWII,yfinance,2y,2026-09-17,scan_20260917_153651,False,False
True,0,-1.0833333333333333,-0.24999999999999978,True,False,賣出 (動能轉弱),172.0,2026-09-17 00:00:00,170.225,0.15000000000000568,False,True,1.0474167606454188,False,0.0037158658831662633,73.4577870007886,0.0036852932576329537,0.0037303181989046656,0.0874010179897633,0.013957159467414826,-0.7787404793479724,0.0874010179897633,True,False,False,False,False,True,0.3498522071259187,False,-0.017142857142857126,偏強 (RS上升),2597.TW,潤弘,0,v1,phase6a,2026-07-12,1,1,2,1,0,1,v1,372,0.40923566878980894,372,0.40923566878980894,288,0.5429936305732485,^TWII,yfinance,2y,2026-09-17,scan_20260917_153651,False,False
True,0,-0.6166667938232421,-0.4916667938232421,True,False,賣出 (動能轉弱),19.299999237060547,2026-09-17 00:00:00,19.594999885559083,-0.005000019073484907,True,False,0.42456678804764497,False,0.00041695470180307093,54.03000702791573,0.0004152109578373079,0.00039631530356733344,0.04422647608637309,0.4649765695718733,9.989678668723334,0.04422647608637309,True,True,True,False,False,False,0.8479162671780165,False,-0.03500003814697261,偏強 (RS上升),4413.TWO,飛寶企業,0,v1,phase6a,2026-07-12,1,1,0,1,0,1,v1,448,0.28821656050955413,448,0.28821656050955413,301,0.5222929936305732,^TWII,yfinance,2y,2026-09-17,scan_20260917_153651,False,False
True,0,-0.6333338419596354,-0.16666666666666663,True,False,賣出 (動能轉弱),73.0,2026-09-17 00:00:00,72.41999969482421,0.07000007629393679,False,True,2.076955521119548,True,0.0015770826132042862,66.19528226355746,0.0015775549806071195,0.0016659678959363975,-0.0031517961628146907,0.32008840952246764,-3.5092001342057366,-0.0031517961628146907,False,False,False,False,False,True,0.16310199095991876,False,-0.1570798814587202,中性,5469.TW,瀚宇博,0,v1,phase6a,2026-07-12,1,1,2,1,0,1,v1,485,0.22929936305732485,485,0.22929936305732485,305,0.5159235668789809,^TWII,yfinance,2y,2026-09-17,scan_20260917_153651,False,False
True,0,-0.5083325703938801,-0.5499995549519856,True,False,觀察 (跌勢收斂),23.450000762939453,2026-09-17 00:00:00,23.7,-0.039999961853027344,True,False,0.9860887992617152,False,0.0005066108011350555,28.476207682801896,0.000513159751293923,0.000546011637298342,-0.134156731072832,-0.336252048797514,-3.836203651011283,-0.134156731072832,False,False,False,False,False,False,0.15388062333747202,False,-0.10299815230615172,中性,6692.TWO,進能服,1,v1,phase6a,2026-07-12,0,1,1,1,1,1,v1,228,0.6385350318471338,228,0.6385350318471338,244,0.6130573248407644,^TWII,yfinance,2y,2026-09-17,scan_20260917_153651,False,False
True,0,-0.29166666666666663,-0.12499968210856119,True,False,賣出 (動能轉弱),24.25,2026-09-17 00:00:00,24.07249984741211,0.027499961853028054,False,True,2.510886265957673,True,0.0005238938817836156,55.24658279272763,0.0005200436531796539,0.0005199177965170109,0.07799409127968726,0.13499712506974682,-0.06485911049168847,0.07799409127968726,True,True,True,False,False,False,0.5999514054504063,False,-0.024144884195540617,偏強 (RS上升),1470.TW,大統新創,0,v1,phase6a,2026-07-12,1,1,2,1,0,1,v1,294,0.5334394904458599,294,0.5334394904458599,278,0.5589171974522293,^TWII,yfinance,2y,2026-09-17,scan_20260917_153651,False,False
True,1,-0.03333409627278645,-0.15000025431315106,True,False,觀察 (跌勢收斂),40.849998474121094,2026-09-17 00:00:00,40.8649995803833,-0.01000003814697692,False,False,1.6231714325991953,True,0.0008825181142870958,48.692173189122904,0.0008874660393759435,0.0009157342020787843,-0.05865336925191533,0.36579958319622463,-2.6538275089777907,-0.05865336925191533,False,False,False,False,False,False,0.18072540195054324,False,-0.02038374756035477,中性,6697.TWO,東捷資訊,1,v1,phase6a,2026-07-12,0,1,1,1,1,1,v1,229,0.6369426751592356,229,0.6369426751592356,245,0.6114649681528662,^TWII,yfinance,2y,2026-09-17,scan_20260917_153651,False,False
True,0,-1.6333332061767578,-1.0499986012776692,True,False,賣出 (動能轉弱),66.19999694824219,2026-09-17 00:00:00,65.63999919891357,0.0,False,True,0.5891232732223004,False,0.0014301762216609528,76.8449488625532,0.0014383123016544085,0.0014847904012644268,-0.05950862150294611,-1.2299316325382947,-9.398409549572396,-0.05950862150294611,False,False,False,False,False,True,0.19107043100571824,False,-0.26769916116327674,中性,8383.TWO,千附,1,v1,phase6a,2026-07-12,0,1,2,1,1,1,v1,251,0.6019108280254777,251,0.6019108280254777,264,0.5812101910828026,^TWII,yfinance,2y,2026-09-17,scan_20260917_153651,True,False
True,1,-0.03333346048990885,-0.03333346048990885,True,False,賣出 (動能轉弱),10.25,2026-09-17 00:00:00,10.307500123977661,0.0,False,False,2.249760962897692,True,0.0002214396819910128,33.33719116739854,0.00022399062237830598,0.00023291253786118367,-0.11973649674711373,-0.137908604417325,-3.5404789559223993,-0.11973649674711373,False,False,False,False,False,False,0.0846349269947077,False,-0.04205605769034515,中性,9950.TWO,萬國通,0,v1,phase6a,2026-07-12,0,0,0,0,0,0,v1,629,0.0,629,0.0,629,0.0,^TWII,yfinance,2y,2026-09-17,scan_20260917_153651,False,False
True,1,-0.08333333333333333,-0.07499996821085611,True,False,賣出 (動能轉弱),12.050000190734863,2026-09-17 00:00:00,11.9875,0.005000019073486683,False,True,2.6423453131130765,True,0.0002603266546563875,48.628265147672465,0.0002601716367311279,0.00027196894708526225,0.006272282420516362,-0.18991523842497582,-3.283749754920029,0.006272282420516362,True,False,False,False,False,False,0.20078871154001968,False,-0.11512547651325566,中性,2515.TW,中工,0,v1,phase6a,2026-07-12,0,0,2,0,0,0,v1,368,0.4156050955414013,368,0.4156050955414013,411,0.3471337579617834,^TWII,yfinance,2y,2026-09-17,scan_20260917_153651,False,False
True,1,0.3083333969116211,0.17500019073486325,True,False,買入 (動能增強),30.350000381469727,2026-09-17 00:00:00,29.057500267028807,0.05749998092651154,False,True,2.2613679691298936,True,0.0006556775056487583,55.528742002203266,0.0006339970835482664,0.000671020344930562,0.36126258419559854,0.28572054048841,-3.184318401352104,0.36126258419559854,True,False,False,False,False,True,0.19286625055944037,False,-0.23164555996279168,偏強 (RS上升),1568.TW,倉佑,2,v1,phase6a,2026-07-12,1,3,4,3,2,3,v1,38,0.9410828025477707,38,0.9410828025477707,43,0.9331210191082803,^TWII,yfinance,2y,2026-09-17,scan_20260917_153651,False,False
True,1,-0.400000254313151,-0.45000044504801434,True,False,觀察 (跌勢收斂),19.299999237060547,2026-09-17 00:00:00,19.252499961853026,0.00749998092651083,False,True,3.019780240875965,True,0.00041695470180307093,72.70966729665352,0.00041812764038696916,0.0004502486634101488,-0.0295198786356643,-1.3195278386890719,-6.539202321389304,-0.0295198786356643,False,False,False,False,False,True,0.16551993054747613,False,-0.1941545460438724,中性,7803.TW,雲象科技-創,1,v1,phase6a,2026-07-12,0,1,3,1,1,1,v1,243,0.6146496815286624,243,0.6146496815286624,257,0.5923566878980892,^TWII,yfinance,2y,2026-09-17,scan_20260917_153651,False,False
True,1,0.4083328247070312,0.7416664759318032,True,False,觀望 (動能減弱),31.049999237060547,2026-09-17 00:00:00,30.60000009536743,0.034999942779538884,False,True,0.36792693931738557,False,0.0006708001909147197,63.83130191792681,0.0006680761858225588,0.0006805667250019898,0.04293829122190562,0.22946180687908324,-3.4839211962128025,0.04293829122190562,True,False,False,False,False,True,0.3247048483048177,False,-0.04461540809044473,偏強 (RS上升),9960.TWO,邁達康,3,v1,phase6a,2026-07-12,1,4,5,4,3,4,v1,31,0.9522292993630573,31,0.9522292993630573,31,0.9522292993630573,^TWII,yfinance,2y,2026-09-17,scan_20260917_153651,True,True
True,1,3.833333333333333,6.25,True,False,觀望 (動能減弱),372.5,2026-09-17 00:00:00,371.05,-0.0999999999999659,False,True,0.9764224449640423,False,0.008047442101624612,39.62713703240845,0.008098878442795221,0.008219696039587476,-0.06680844139597131,0.5779848443489888,-3.4575677711003228,-0.06680844139597131,False,False,False,False,False,True,0.26295880705757635,False,-0.06407035175879394,中性,8464.TW,億豐,0,v1,phase6a,2026-07-12,1,1,1,1,0,1,v1,615,0.022292993630573247,615,0.022292993630573247,321,0.49044585987261147,^TWII,yfinance,2y,2026-09-17,scan_20260917_153651,False,False
True,0,1.0083338419596353,0.6666673024495442,True,False,買入 (動能增強),37.150001525878906,2026-09-17 00:00:00,35.94249973297119,0.03750000000000142,False,True,0.8935295445755836,False,0.000802583855985977,74.680259495578,0.0007741564983490991,0.000755705332595493,0.3880306748177409,1.1772468490390375,4.79296330926926,0.3880306748177409,True,True,True,False,False,True,0.8496751526608267,False,-0.017195706992087945,偏強 (RS上升),2605.TW,新興,2,v1,phase6a,2026-07-12,2,4,4,4,2,4,v1,60,0.9060509554140127,60,0.9060509554140127,36,0.9442675159235668,^TWII,yfinance,2y,2026-09-17,scan_20260917_153651,False,False
True,0,-0.9072691599527994,-0.9572690327962239,True,False,觀察 (跌勢收斂),38.29999923706055,2026-09-17 00:00:00,38.05530223846436,-0.0039022445678682516,True,True,0.7338996688578066,False,0.0008274282586644605,54.36775058776705,0.0008279809030608483,0.0008834669652961254,-0.007025404480520692,-0.6726099391978657,-6.102356887443894,-0.007025404480520692,False,False,False,False,False,True,0.1202139799451142,False,-0.21829263051482783,中性,3059.TW,華晶科,1,v1,phase6a,2026-07-12,0,1,2,1,1,1,v1,146,0.7691082802547771,146,0.7691082802547771,179,0.7165605095541401,^TWII,yfinance,2y,2026-09-17,scan_20260917_153651,False,False
True,1,-0.0666666030883789,-0.04999987284342448,True,False,賣出 (動能轉弱),28.799999237060547,2026-09-17 00:00:00,28.774892044067382,0.0023920059204094457,False,True,0.3591889318558706,False,0.0006221914802337658,58.20238713118337,0.0006247278783460441,0.0006418221154582512,-0.04271863479342608,0.002347671302915799,-2.7962651188809917,-0.04271863479342608,False,False,False,False,False,False,0.14435696122501462,False,-0.021138287066845618,中性,4111.TWO,濟生,0,v1,phase6a,2026-07-12,0,0,2,0,0,0,v1,444,0.2945859872611465,444,0.2945859872611465,470,0.2531847133757962,^TWII,yfinance,2y,2026-09-17,scan_20260917_153651,False,False
True,0,-0.16666698455810547,-0.1250003178914388,True,False,賣出 (動能轉弱),20.149999618530273,2026-09-17 00:00:00,19.862499904632568,0.034999942779538884,False,True,0.5430967607388114,False,0.0004353180007459876,30.102676569190148,0.0004318637028685546,0.00045821031286814867,0.08426656428406343,0.23850719354061578,-2.8802051735202894,0.08426656428406343,True,False,False,False,False,True,0.26895979820066523,False,-0.06928406588590175,偏強 (RS上升),8171.TWO,天宇,0,v1,phase6a,2026-07-12,1,1,2,1,0,1,v1,597,0.050955414012738856,597,0.050955414012738856,319,0.49363057324840764,^TWII,yfinance,2y,2026-09-17,scan_20260917_153651,False,False
True,1,-21.5,-11.5,True,False,賣出 (動能轉弱),825.0,2026-09-17 00:00:00,852.45,-2.6499999999999773,False,False,0.5785746347628822,False,0.01782319391634981,126.58725858297082,0.018813679907219185,0.021147220718480634,-0.5511259391028922,-2.0470898784757052,-14.184131859034476,-0.5511259391028922,False,False,False,False,False,True,0.0005532102319157921,False,-0.42508710801393723,中性,5536.TWO,聖暉*,0,v1,phase6a,2026-07-12,0,0,0,0,0,0,v1,490,0.2213375796178344,490,0.2213375796178344,510,0.18949044585987262,^TWII,yfinance,2y,2026-09-17,scan_20260917_153651,False,False
True,1,-1.0416673024495442,-0.7083339691162108,True,False,賣出 (動能轉弱),41.25,2026-09-17 00:00:00,40.8875,0.05499992370605611,False,True,1.1490971986655605,False,0.0008911596958174905,49.66081068979741,0.0008832201779097817,0.0009555999185642346,0.09471367467692726,-0.9039638386444282,-2.2621645234227827,0.09471367467692726,True,False,False,False,False,True,0.3877911475423751,False,-0.09240925615922524,中性,3701.TW,大眾控,0,v1,phase6a,2026-07-12,0,0,2,0,0,0,v1,441,0.29936305732484075,441,0.29936305732484075,467,0.25796178343949044,^TWII,yfinance,2y,2026-09-17,scan_20260917_153651,False,False
True,0,0.2583338419596354,0.2000004450480143,True,False,買入 (動能增強),30.950000762939453,2026-09-17 00:00:00,30.802499961853027,0.01249999999999929,False,True,1.151440732952776,False,0.0006686398367382357,37.73030418782393,0.0006705134327243368,0.0006913071794385141,-0.029404726036408313,0.35422060583398807,-3.089621685257271,-0.029404726036408313,False,False,False,False,False,True,0.15094608106401086,False,-0.015341871475667901,中性,1614.TW,三洋電,4,v1,phase6a,2026-07-12,1,5,6,5,4,5,v1,2,0.9984076433121019,2,0.9984076433121019,2,0.9984076433121019,^TWII,yfinance,2y,2026-09-17,scan_20260917_153651,False,True
True,0,-3.0,-2.4166666666666665,True,False,賣出 (動能轉弱),114.5,2026-09-17 00:00:00,114.45,-0.14999999999999147,True,True,0.6378476124353023,False,0.002473643276875216,92.79117505270843,0.0025016742777309972,0.0027154509862037067,-0.11780732747468381,-1.620718586961778,-8.933446061855655,-0.11780732747468381,False,False,False,False,False,True,0.15908315271094994,False,-0.17295079744818342,中性,6877.TWO,鏵友益,0,v1,phase6a,2026-07-12,0,0,1,0,0,0,v1,563,0.10509554140127389,563,0.10509554140127389,571,0.09235668789808917,^TWII,yfinance,2y,2026-09-17,scan_20260917_153651,False,False
True,0,-0.24999999999999997,-0.19166660308837888,True,False,賣出 (動能轉弱),11.449999809265137,2026-09-17 00:00:00,11.377500057220459,0.019999980926513672,False,True,0.2717622153383252,False,0.00024736432356691016,29.46467763113708,0.00024638341313910726,0.00025834486105076815,0.041925313630564176,0.011460294578036212,-1.9745967885101523,0.041925313630564176,True,False,False,False,False,False,0.2128739803922796,False,-0.08400001525878908,中性,4108.TW,懷特,0,v1,phase6a,2026-07-12,0,0,2,0,0,0,v1,443,0.2961783439490446,443,0.2961783439490446,469,0.25477707006369427,^TWII,yfinance,2y,2026-09-17,scan_20260917_153651,False,False
True,0,-1.6916662851969402,-1.7333329518636067,True,False,觀察 (跌勢收斂),42.900001525878906,2026-09-17 00:00:00,42.95250015258789,0.007500076293943891,False,False,1.541893497219435,True,0.0009268061166150818,54.07440063264128,0.0009313797898598882,0.0010202959262442207,-0.05166426865583773,-1.0117040626781315,-6.042945107235143,-0.05166426865583773,False,False,False,False,False,True,0.09294347731975464,False,-0.2142856643812484,中性,2329.TW,華泰,1,v1,phase6a,2026-07-12,0,1,2,1,1,1,v1,129,0.7961783439490446,129,0.7961783439490446,167,0.7356687898089171,^TWII,yfinance,2y,2026-09-17,scan_20260917_153651,False,False
True,0,-0.14999993642171225,-0.26666641235351557,True,False,觀察 (跌勢收斂),17.549999237060547,2026-09-17 00:00:00,17.417499923706053,0.042499923706053266,False,True,0.7622660574447246,False,0.0003791479268289956,30.536425190302996,0.00037779630664978126,0.0003947096267127672,0.0376735839470177,0.18578630319672218,-2.3208882822297605,0.0376735839470177,True,False,False,False,False,True,0.38591805530017403,False,-0.05898125490451955,偏強 (RS上升),4558.TWO,寶緯,1,v1,phase6a,2026-07-12,1,2,3,2,1,2,v1,175,0.7229299363057324,175,0.7229299363057324,122,0.8073248407643312,^TWII,yfinance,2y,2026-09-17,scan_20260917_153651,False,False
True,1,0.24166742960611975,0.31666755676269526,True,False,觀望 (動能減弱),34.75,2026-09-17 00:00:00,34.54000053405762,0.02499999999999858,False,True,1.027224678589212,False,0.0007507345316280677,38.35366204653628,0.0007510433128297078,0.0007748554332626904,-0.004327563700745607,0.05713451408806414,-2.2785291378660144,-0.004327563700745607,False,False,False,False,False,True,0.27006928451160295,False,-0.069548452097828,中性,3206.TWO,志豐,0,v1,phase6a,2026-07-12,1,1,2,1,0,1,v1,408,0.3519108280254777,408,0.3519108280254777,298,0.5270700636942676,^TWII,yfinance,2y,2026-09-17,scan_20260917_153651,False,False
True,1,-0.08333333333333333,-0.049999237060546875,True,False,賣出 (動能轉弱),77.80000305175781,2026-09-17 00:00:00,77.73499984741211,0.0,False,True,2.1170150392261484,True,0.0016807812619201049,45.73158423435913,0.0016865332265915552,0.001722271789195372,-0.03588738534960889,0.129952950890444,-2.075960612543637,-0.03588738534960889,False,False,False,False,False,False,0.23566262374022331,False,-0.00511501166360806,中性,4126.TWO,太醫,0,v1,phase6a,2026-07-12,0,0,1,0,0,0,v1,445,0.2929936305732484,445,0.2929936305732484,471,0.2515923566878981,^TWII,yfinance,2y,2026-09-17,scan_20260917_153651,False,False
True,3,0.03333346048990885,0.04166682561238606,True,False,觀望 (動能減弱),15.699999809265137,2026-09-17 00:00:00,15.69499979019165,-0.00250000953674423,False,True,0.6889507796339259,False,0.0003391807770753789,28.835473507042394,0.0003412407541773891,0.0003514919134996177,-0.06350413604493399,0.08829265245275941,-3.046495748888145,-0.06350413604493399,False,False,False,False,False,False,0.1411942288085546,False,-0.009463758270943368,中性,4502.TWO,健信,0,v1,phase6a,2026-07-12,0,0,1,0,0,0,v1,451,0.28343949044585987,451,0.28343949044585987,476,0.24363057324840764,^TWII,yfinance,2y,2026-09-17,scan_20260917_153651,False,False
True,0,-0.8750006357828775,-0.6583337783813475,True,False,賣出 (動能轉弱),30.899999618530273,2026-09-17 00:00:00,31.31999988555908,-0.00500001907348846,False,False,0.4377363003796365,False,0.0006675596184438791,28.183718627752153,0.0006786008821569709,0.000721932971797671,-0.17097695515342348,-0.9832429159076672,-4.6890131952154075,-0.17097695515342348,False,False,False,False,False,False,0.07178083218673727,False,-0.18573165336518194,中性,6962.TW,奕力-KY,0,v1,phase6a,2026-07-12,0,0,0,0,0,0,v1,571,0.09235668789808917,571,0.09235668789808917,578,0.08121019108280254,^TWII,yfinance,2y,2026-09-17,scan_20260917_153651,False,False
True,1,-0.14166657129923502,-0.09166653951009114,True,False,賣出 (動能轉弱),12.0,2026-09-17 00:00:00,12.14500002861023,-0.009999990463256836,False,False,0.9805818253215092,False,0.00025924645696508814,30.134919761723157,0.0002639059411493368,0.00027681928437326184,-0.18550630604872165,-0.3623957466509897,-4.337627686342893,-0.18550630604872165,False,False,False,False,False,False,0.05154723602786308,False,-0.11764708357286224,中性,3521.TWO,台鋼建設,0,v1,phase6a,2026-07-12,0,0,0,0,0,0,v1,427,0.321656050955414,427,0.321656050955414,453,0.2802547770700637,^TWII,yfinance,2y,2026-09-17,scan_20260917_153651,False,False
True,1,0.18333371480305988,0.28333409627278644,True,False,觀望 (動能減弱),62.599998474121094,2026-09-17 00:00:00,62.724999809265135,0.034999847412109375,False,False,0.7092602240736929,False,0.0013524023175363181,44.97526744283946,0.0013597751385146107,0.0013902163376825715,-0.05704205799422768,0.28080097286449224,-1.3302736647514801,-0.05704205799422768,False,False,False,False,False,False,0.34267490934881517,False,-0.018808789612686838,中性,2643.TWO,捷迅,2,v1,phase6a,2026-07-12,0,2,3,2,2,2,v1,64,0.8996815286624203,64,0.8996815286624203,92,0.8550955414012739,^TWII,yfinance,2y,2026-09-17,scan_20260917_153651,False,True
True,0,-0.10000006357828774,-0.08333333333333333,True,False,賣出 (動能轉弱),20.299999237060547,2026-09-17 00:00:00,20.442499923706055,0.007499980926514382,False,False,0.4843922172234493,False,0.00043855857321682825,35.51401904220649,0.0004424647872569987,0.0004502664124472819,-0.09284324625535856,-0.16283857076510033,-1.6018960888375622,-0.09284324625535856,False,False,False,False,False,True,0.29537563120870863,False,-0.03791474549506413,中性,1598.TW,岱宇,0,v1,phase6a,2026-07-12,0,0,1,0,0,0,v1,305,0.5159235668789809,305,0.5159235668789809,361,0.4267515923566879,^TWII,yfinance,2y,2026-09-17,scan_20260917_153651,False,False
False,0,0.2833340962727865,0.016667048136393248,False,True,強烈買入 (爆發),52.20000076293945,2026-09-17 00:00:00,50.95999984741211,0.06000003814696697,False,True,1.1773528754667912,False,0.0011277221042805792,38.35815805139407,0.0011115511365731206,0.001164000738620624,0.15337286741812228,0.41462645429317657,-4.11336730311117,0.15337286741812228,True,False,False,False,False,True,0.1922732246948609,False,-0.19692306518554692,偏強 (RS上升),8936.TWO,國統,3,v1,phase6a,2026-07-12,1,4,5,4,3,4,v1,30,0.9538216560509554,30,0.9538216560509554,30,0.9538216560509554,^TWII,yfinance,2y,2026-09-17,scan_20260917_153651,False,False
True,0,0.07499917348225912,-0.008334159851074205,True,False,買入 (動能增強),32.45000076293945,2026-09-17 00:00:00,32.022500133514406,0.0024999618530259227,False,True,1.7689098059722632,True,0.0007010456438588717,46.505301034331026,0.0006932888545699891,0.0006952352361530319,0.11791144226331873,0.7094445052595377,-0.009484020010952499,0.11791144226331873,True,True,False,False,False,True,0.4770710323373543,False,0.0,偏強 (RS上升),1437.TW,勤益控,2,v1,phase6a,2026-07-12,1,3,4,3,2,3,v1,33,0.9490445859872612,33,0.9490445859872612,40,0.9378980891719745,^TWII,yfinance,2y,2026-09-17,scan_20260917_153651,False,False
True,0,-0.5000012715657551,-0.35000165303548175,True,False,賣出 (動能轉弱),55.599998474121094,2026-09-17 00:00:00,56.13500003814697,-0.0350000381469755,False,False,0.47718461821746894,False,0.0012011752176400168,51.710129191380574,0.0012177761880009092,0.0012553793650976633,-0.1432912393319441,-0.34550499727368233,-3.2882893050042328,-0.1432912393319441,False,False,False,False,False,False,0.050600547208006816,False,-0.022847153196763115,中性,5007.TW,三星,0,v1,phase6a,2026-07-12,0,0,0,0,0,0,v1,467,0.25796178343949044,467,0.25796178343949044,490,0.2213375796178344,^TWII,yfinance,2y,2026-09-17,scan_20260917_153651,False,False
True,0,1.0833346048990884,0.9833335876464844,True,False,買入 (動能增強),76.9000015258789,2026-09-17 00:00:00,74.83000030517579,0.004999923706066056,False,True,0.7800852796747254,False,0.0016613377446828316,36.391032477080955,0.0016383214978077298,0.0017300232256133225,0.1480998045389148,0.08605174337423804,-5.337340058428818,0.1480998045389148,True,False,False,False,False,True,0.21987172984699405,False,-0.07438137580690807,偏強 (RS上升),2228.TW,劍麟,2,v1,phase6a,2026-07-12,1,3,4,3,2,3,v1,48,0.9251592356687898,48,0.9251592356687898,49,0.9235668789808917,^TWII,yfinance,2y,2026-09-17,scan_20260917_153651,False,False
True,2,-0.5833333333333333,-0.5833333333333333,True,False,賣出 (動能轉弱),120.0,2026-09-17 00:00:00,119.775,-0.14999999999999147,False,True,1.462597439917643,False,0.0025924645696508816,111.75866984732298,0.0026197196455757083,0.002667223462023501,-0.10939402998562109,-0.29520943641322406,-6.707093952275189,-0.10939402998562109,False,False,False,False,False,False,0.21485539995671757,False,-0.20177380891360297,中性,6574.TWO,霈方,1,v1,phase6a,2026-07-12,0,1,2,1,1,1,v1,221,0.6496815286624203,221,0.6496815286624203,237,0.6242038216560509,^TWII,yfinance,2y,2026-09-17,scan_20260917_153651,True,False
True,0,0.47499990463256836,0.6249998410542805,True,False,觀望 (動能減弱),14.100000381469727,2026-09-17 00:00:00,13.6125,0.06750001907348668,False,True,1.2774507073444308,False,0.0003046145951752015,34.63181061111058,0.00029654270264942205,0.0003122763852862777,0.28734965384988875,1.0950349927904446,0.933321634472839,0.28734965384988875,True,False,False,False,False,True,0.3620509012817156,False,-0.147043840850983,偏強 (RS上升),1309.TW,台達化,0,v1,phase6a,2026-07-12,1,1,2,1,0,1,v1,277,0.5605095541401274,277,0.5605095541401274,276,0.5621019108280255,^TWII,yfinance,2y,2026-09-17,scan_20260917_153651,False,False
True,0,-0.37500015894571936,-0.24166679382324216,True,False,賣出 (動能轉弱),13.949999809265137,2026-09-17 00:00:00,14.214999961853028,0.007499980926514382,False,False,0.686420330564631,False,0.0003013740021013035,70.47937866229927,0.000307378894158281,0.00031695749545536004,-0.2052179711891866,-0.8296560475862358,-2.4619277524318472,-0.2052179711891866,False,False,False,False,False,False,0.09497633324425743,False,-0.28826532970612717,中性,6116.TW,彩晶,1,v1,phase6a,2026-07-12,0,1,2,1,1,1,v1,203,0.678343949044586,203,0.678343949044586,222,0.6480891719745223,^TWII,yfinance,2y,2026-09-17,scan_20260917_153651,True,False
False,0,-0.3416668574015299,-0.3333333333333333,False,True,強烈賣出 (跌破),23.8799991607666,2026-09-17 00:00:00,24.195499897003174,-0.028500080108642578,True,False,0.4543347677857592,False,0.000515900431229835,70.03207662459194,0.0005259385908408112,0.0005478424351672978,-0.20050435022238577,-0.8402055212162085,-5.574268223759704,-0.20050435022238577,False,False,False,False,False,False,0.0539813638737162,False,-0.07692313930847816,中性,0061.TW,元大寶滬深,0,v1,phase6a,2026-07-12,0,0,0,0,0,0,v1,263,0.5828025477707006,263,0.5828025477707006,323,0.4872611464968153,^TWII,yfinance,2y,2026-09-17,scan_20260917_153651,False,False
True,1,-0.4250001907348632,-0.2666667302449544,True,False,賣出 (動能轉弱),23.799999237060547,2026-09-17 00:00:00,24.492500019073486,-0.03250007629394602,False,False,1.0449196305483803,False,0.000514172123164979,18.363517248948863,0.0005348994140933539,0.0006080804202638375,-0.4062365167179727,-1.1089799317887339,-8.204557566033655,-0.4062365167179727,False,False,False,False,False,False,0.01237415653115483,False,-0.30409360508403205,中性,3466.TWO,德晉,0,v1,phase6a,2026-07-12,0,0,0,0,0,0,v1,423,0.32802547770700635,423,0.32802547770700635,450,0.28503184713375795,^TWII,yfinance,2y,2026-09-17,scan_20260917_153651,False,False
True,0,-2.799999872843424,-1.9749997456868489,True,False,賣出 (動能轉弱),47.099998474121094,2026-09-17 00:00:00,48.45999946594238,-0.052500152587889204,False,False,0.4065169795193793,False,0.0010175423106230793,87.87908913429794,0.0010417008185155767,0.001088452365832258,-0.2435255812556325,-1.7644264281591715,-3.3698022039575504,-0.2435255812556325,False,False,False,False,False,False,0.07140104309623019,False,-0.2861297944776997,中性,3221.TWO,台嘉碩,0,v1,phase6a,2026-07-12,0,0,0,0,0,0,v1,409,0.3503184713375796,409,0.3503184713375796,439,0.30254777070063693,^TWII,yfinance,2y,2026-09-17,scan_20260917_153651,False,False
True,0,-1.5212491353352864,-1.3723042805989583,True,False,賣出 (動能轉弱),35.0,2026-09-17 00:00:00,34.9418140411377,-0.010035133361817827,True,True,0.58358845514703,False,0.0007561354994815071,65.30691935045739,0.0007579540978517996,0.0008231276310680759,-0.02524995532008356,-1.128625648044057,-5.818111574506313,-0.02524995532008356,False,False,False,False,False,True,0.09144205381369508,False,-0.29924702416139903,中性,6234.TWO,高僑,0,v1,phase6a,2026-07-12,0,0,1,0,0,0,v1,513,0.18471337579617833,513,0.18471337579617833,529,0.1592356687898089,^TWII,yfinance,2y,2026-09-17,scan_20260917_153651,False,False
True,0,0.17499987284342447,-0.03333314259847006,True,False,買入 (動能增強),21.0,2026-09-17 00:00:00,19.75999994277954,0.06999998092651438,False,True,0.1449306810024176,False,0.0004536812996889043,33.798227172268376,0.00042923382536032425,0.000447981501368944,0.6031537747810845,0.4596353083288873,-0.8498866111603665,0.6031537747810845,True,True,False,False,False,True,0.582611634850108,False,0.0,偏強 (RS上升),2939.TW,永邑-KY,2,v1,phase6a,2026-07-12,1,3,4,3,2,3,v1,70,0.8901273885350318,70,0.8901273885350318,56,0.9124203821656051,^TWII,yfinance,2y,2026-09-17,scan_20260917_153651,False,False
True,0,-0.2583341598510742,-0.16666698455810547,True,False,賣出 (動能轉弱),20.549999237060547,2026-09-17 00:00:00,20.67250003814697,0.00749998092651083,False,False,5.160196537943371,True,0.0004439595410702676,52.51910339206284,0.0004491115060080292,0.0004693467956262334,-0.12060658152424075,-0.535222372599875,-4.2492040019810995,-0.12060658152424075,False,False,False,False,False,False,0.08729716762976708,False,-0.10457522640933947,中性,6020.TWO,大展證,0,v1,phase6a,2026-07-12,0,0,1,0,0,0,v1,494,0.21496815286624205,494,0.21496815286624205,513,0.18471337579617833,^TWII,yfinance,2y,2026-09-17,scan_20260917_153651,False,False
True,1,3.373341878255208,6.213307698567708,True,False,觀望 (動能減弱),715.0,2026-09-17 00:00:00,702.6754455566406,1.805416870117142,False,True,1.3524626162096163,False,0.015446768060836502,78.26794238055348,0.015334274420018324,0.015460125977152553,0.07728169467506874,0.6545883243951778,-3.482516567796634,0.07728169467506874,True,False,False,False,False,True,0.23673574301928174,False,-0.11858259447114206,偏強 (RS上升),2379.TW,瑞昱,0,v1,phase6a,2026-07-12,1,1,2,1,0,1,v1,350,0.4442675159235669,350,0.4442675159235669,283,0.5509554140127388,^TWII,yfinance,2y,2026-09-17,scan_20260917_153651,False,False
True,1,-0.22500022252400714,-0.20000028610229492,True,False,賣出 (動能轉弱),14.149999618530273,2026-09-17 00:00:00,14.482499980926514,-0.030000019073485262,False,False,0.7817265071154893,False,0.00030569477226344353,28.080965685806945,0.0003147038376113324,0.00033366508201076203,-0.30043281419617207,-0.8388007356357696,-5.886428060507698,-0.30043281419617207,False,False,False,False,False,False,0.00782934888266687,False,-0.0870967988044985,中性,8450.TWO,霹靂,0,v1,phase6a,2026-07-12,0,0,0,0,0,0,v1,613,0.025477707006369428,613,0.025477707006369428,615,0.022292993630573247,^TWII,yfinance,2y,2026-09-17,scan_20260917_153651,False,False
True,1,-0.0666669209798177,-0.05833371480305989,True,False,賣出 (動能轉弱),14.800000190734863,2026-09-17 00:00:00,14.800000047683715,0.0,False,True,0.3067678841052622,False,0.00031973730104422016,39.736170620397864,0.00032071838313603435,0.0003276059738176404,-0.03218978443308984,-0.008550066024870517,-1.915418909000166,-0.03218978443308984,False,False,False,False,False,False,0.16976928105397882,False,-0.010033419427692092,中性,2109.TW,華豐,0,v1,phase6a,2026-07-12,0,0,1,0,0,0,v1,331,0.4745222929936306,331,0.4745222929936306,385,0.3885350318471338,^TWII,yfinance,2y,2026-09-17,scan_20260917_153651,False,False
True,1,-0.20833333333333331,-0.24166663487752274,True,False,觀察 (跌勢收斂),15.149999618530273,2026-09-17 00:00:00,15.200000047683716,-0.01500000953674352,False,False,0.3419477996452403,False,0.00032729864367720085,35.47727438677318,0.0003307572494002099,0.00035417094607385473,-0.10994875468502974,-0.5367292360984433,-5.741689750054757,-0.10994875468502974,False,False,False,False,False,False,0.10085687950723397,False,-0.1268011939232644,中性,6118.TWO,建達,1,v1,phase6a,2026-07-12,0,1,1,1,1,1,v1,204,0.6767515923566879,204,0.6767515923566879,223,0.6464968152866242,^TWII,yfinance,2y,2026-09-17,scan_20260917_153651,False,False
True,0,-8.916666666666668,-7.916666666666667,True,False,賣出 (動能轉弱),117.0,2026-09-17 00:00:00,122.45,-0.7999999999999972,True,False,0.6269042822055989,False,0.0025276529554096095,60.73484770440749,0.0025769594293861653,0.002416672091721402,-0.20100133572812373,-0.6320812477112248,6.2806049330641045,-0.20100133572812373,False,True,True,False,False,False,0.5914762108027847,False,-0.14909090909090905,中性,6716.TWO,應廣,0,v1,phase6a,2026-07-12,0,0,0,0,0,0,v1,544,0.13535031847133758,544,0.13535031847133758,555,0.1178343949044586,^TWII,yfinance,2y,2026-09-17,scan_20260917_153651,False,False
True,0,-2.8333333333333335,-3.083333333333333,True,False,觀察 (跌勢收斂),112.0,2026-09-17 00:00:00,113.525,0.025000000000005684,False,False,0.5258493858437262,False,0.0024196335983408227,42.367414549726014,0.002447917432007423,0.002484243035564166,-0.12147587067928844,-0.1542738030289148,-1.5959207344858672,-0.12147587067928844,False,False,False,False,False,False,0.2775808106527143,False,-0.042735042735042694,中性,5871.TW,中租-KY,1,v1,phase6a,2026-07-12,0,1,2,1,1,1,v1,197,0.6878980891719745,197,0.6878980891719745,218,0.6544585987261147,^TWII,yfinance,2y,2026-09-17,scan_20260917_153651,False,False
False,0,-8.583333333333332,-6.833333333333333,False,True,強烈賣出 (跌破),130.0,2026-09-17 00:00:00,137.0,-0.3499999999999943,False,False,0.7947623803171449,False,0.002808503283788455,27.11918576175769,0.0029635044909896257,0.0033175347791620296,-0.5475469765299334,-2.32115228481119,-7.979927473604698,-0.5475469765299334,False,False,False,False,False,False,0.0,False,-0.3378607638311665,中性,6862.TW,三集瑞-KY,0,v1,phase6a,2026-07-12,0,0,0,0,0,0,v1,560,0.10987261146496816,560,0.10987261146496816,569,0.09554140127388536,^TWII,yfinance,2y,2026-09-17,scan_20260917_153651,False,False
False,0,0.5158494313557942,0.49084949493408203,False,True,強烈買入 (爆發),17.799999237060547,2026-09-17 00:00:00,17.415203666687013,0.026737022399903054,False,True,0.6166559216191925,False,0.00038454889468243493,40.783629396774415,0.00037997723544173234,0.0003865084164502915,0.1268069434608332,1.09941584753952,-1.0079564842148114,0.1268069434608332,True,False,False,False,False,True,0.38853946633277664,False,-0.005586613608986046,偏強 (RS上升),8423.TWO,保綠-KY,3,v1,phase6a,2026-07-12,1,4,5,4,3,4,v1,28,0.9570063694267515,28,0.9570063694267515,28,0.9570063694267515,^TWII,yfinance,2y,2026-09-17,scan_20260917_153651,False,False
True,1,0.4583333333333333,0.3166666030883789,True,False,買入 (動能增強),29.5,2026-09-17 00:00:00,29.250000095367433,-0.08500003814697266,False,True,0.23057576542285824,False,0.0006373142067058417,33.90486531858288,0.0006362774852041272,0.0006463365245926641,0.01715404074902338,0.7588227858629004,-2.3187330824492314,0.01715404074902338,True,False,False,False,False,True,0.41701772832370376,False,-0.054487202607981344,偏強 (RS上升),5487.TWO,通泰,4,v1,phase6a,2026-07-12,1,5,5,5,4,5,v1,7,0.9904458598726115,7,0.9904458598726115,7,0.9904458598726115,^TWII,yfinance,2y,2026-09-17,scan_20260917_153651,False,True
True,1,-0.3083330790201823,-0.1916662851969401,True,False,賣出 (動能轉弱),28.700000762939453,2026-09-17 00:00:00,28.557499980926515,0.040000057220460405,False,True,1.0625926460594837,False,0.0006200311260572816,48.69311364732167,0.0006172967864507948,0.0006455804233240017,0.04664846701125658,0.0550915466716706,-0.043813617220234136,0.04664846701125658,True,False,False,False,False,False,0.24730527507422373,False,-0.20110711510091528,中性,6134.TWO,萬旭,0,v1,phase6a,2026-07-12,0,0,2,0,0,0,v1,498,0.2085987261146497,498,0.2085987261146497,516,0.17993630573248406,^TWII,yfinance,2y,2026-09-17,scan_20260917_153651,False,False
True,2,0.3666667938232422,0.3666667938232422,True,False,觀望 (動能減弱),44.79999923706055,2026-09-17 00:00:00,44.80499954223633,0.007499885559084873,False,False,0.516788858022566,False,0.0009678534228538833,43.415488015231276,0.0009725803905704356,0.0009983722524583825,-0.0511341913428609,0.639040488357745,-1.2398278100316351,-0.0511341913428609,False,False,False,False,False,False,0.18101270338198397,False,-0.10877287269394842,中性,3306.TWO,鼎天,0,v1,phase6a,2026-07-12,0,0,1,0,0,0,v1,415,0.34076433121019106,415,0.34076433121019106,445,0.2929936305732484,^TWII,yfinance,2y,2026-09-17,scan_20260917_153651,False,False
True,0,0.3416665395100911,0.0749998092651367,True,False,買入 (動能增強),30.899999618530273,2026-09-17 00:00:00,30.059999847412108,0.030000019073483486,False,True,2.413137681455258,True,0.0006675596184438791,21.814452043746122,0.0006530036740065213,0.000658064027451646,0.23519137057452788,0.5373479298443007,-1.7400621152302898,0.23519137057452788,True,True,False,False,False,True,0.5299773599176605,False,0.0,偏強 (RS上升),1442.TW,名軒,2,v1,phase6a,2026-07-12,1,3,4,3,2,3,v1,34,0.947452229299363,34,0.947452229299363,41,0.9363057324840764,^TWII,yfinance,2y,2026-09-17,scan_20260917_153651,False,False
False,0,-0.15000025431315103,-0.150000254313151,False,True,強烈賣出 (跌破),13.399999618530273,2026-09-17 00:00:00,13.484999942779542,-0.005000019073484907,True,False,1.0870265037197995,False,0.0002894918687031255,38.31286459246088,0.00029288173677761715,0.00030481487851904434,-0.12168529687506258,-0.2603089488278143,-4.101883299699638,-0.12168529687506258,False,False,False,False,False,False,0.07285986987609212,False,-0.035971224008772174,中性,1109.TW,信大,0,v1,phase6a,2026-07-12,0,0,0,0,0,0,v1,267,0.5764331210191083,267,0.5764331210191083,327,0.48089171974522293,^TWII,yfinance,2y,2026-09-17,scan_20260917_153651,False,False
True,0,-0.400000254313151,-0.3333336512247721,True,False,賣出 (動能轉弱),20.649999618530273,2026-09-17 00:00:00,20.78999967575073,-0.027500057220461116,False,False,0.20820166945583424,False,0.00044611993645286624,22.893812942259192,0.0004510008565733214,0.00046813468305322015,-0.11379056679049482,-0.5442040613029664,-4.405830432239421,-0.11379056679049482,False,False,False,False,False,False,0.3468187437290204,False,-0.039534901463708194,中性,8426.TWO,紅木-KY,0,v1,phase6a,2026-07-12,0,0,0,0,0,0,v1,608,0.03343949044585987,608,0.03343949044585987,610,0.030254777070063694,^TWII,yfinance,2y,2026-09-17,scan_20260917_153651,False,False
True,1,0.12601089477539062,0.36467234293619777,True,False,觀望 (動能減弱),71.19999694824219,2026-09-17 00:00:00,70.40939331054688,0.20602455139160725,False,True,0.8791034810282665,False,0.0015381955787297397,163.19955704260457,0.0015228489139753707,0.0015308037208897458,0.106192666748961,-0.0741834380126205,0.8276748145626733,0.106192666748961,True,True,False,False,False,True,0.5862251436850322,False,-0.10371340883186009,偏強 (RS上升),6770.TW,力積電,0,v1,phase6a,2026-07-12,0,0,2,0,0,0,v1,549,0.12738853503184713,549,0.12738853503184713,560,0.10987261146496816,^TWII,yfinance,2y,2026-09-17,scan_20260917_153651,False,False
True,0,-0.09166669845581055,-0.03333346048990885,True,False,賣出 (動能轉弱),12.600000381469727,2026-09-17 00:00:00,12.849999952316285,-0.017499971389769442,False,False,1.2360428915658772,False,0.00027220878805456547,42.49552430983571,0.0002787975440488173,0.0002840397399706384,-0.24814860624351454,-0.47689434529433194,-3.443092595851127,-0.24814860624351454,False,False,False,False,False,False,0.23317767013875818,False,-0.052631563851613716,中性,8411.TW,福貞-KY,0,v1,phase6a,2026-07-12,0,0,0,0,0,0,v1,607,0.03503184713375796,607,0.03503184713375796,609,0.03184713375796178,^TWII,yfinance,2y,2026-09-17,scan_20260917_153651,False,False
True,0,0.025000890096028655,-0.05833244323730469,True,False,買入 (動能增強),33.5,2026-09-17 00:00:00,33.08500003814697,-0.04500007629394531,False,True,0.8737042183781366,False,0.0007237296923608711,41.64747562881037,0.0007230245719937189,0.0007370548804004329,0.010266707342454495,0.19955406153011612,-6.021588091876929,0.010266707342454495,True,False,False,False,False,True,0.27159374860942154,False,-0.12015389900763351,偏強 (RS上升),3652.TW,精聯,3,v1,phase6a,2026-07-12,1,4,4,4,3,4,v1,21,0.9681528662420382,21,0.9681528662420382,21,0.9681528662420382,^TWII,yfinance,2y,2026-09-17,scan_20260917_153651,True,False
True,0,-0.18333323796590167,-0.21666653951009113,True,False,觀察 (跌勢收斂),11.149999618530273,2026-09-17 00:00:00,11.13250002861023,-0.005000019073486683,True,True,0.8822132866460165,False,0.00024088315802217147,18.750092197081475,0.00024179823734602027,0.0002549541074636465,-0.03982071310781876,-0.18754941457563845,-4.634977187339917,-0.03982071310781876,False,False,False,False,False,True,0.17874524005986697,False,-0.1289062927826301,中性,4109.TWO,加捷生醫,1,v1,phase6a,2026-07-12,0,1,2,1,1,1,v1,167,0.7356687898089171,167,0.7356687898089171,196,0.6894904458598726,^TWII,yfinance,2y,2026-09-17,scan_20260917_153651,False,False
True,0,-1.1000000635782878,-1.0166667302449544,True,False,賣出 (動能轉弱),27.25,2026-09-17 00:00:00,27.30000009536743,-0.02500000000000213,True,False,0.6873723791555141,False,0.0005887054960248876,34.261616546198496,0.000598871306342887,0.000690443488994756,-0.17836497223622239,-2.00393826544083,-12.09096677695387,-0.17836497223622239,False,False,False,False,False,True,0.034183056319898146,False,-0.46358266910917434,中性,8121.TWO,越峰,0,v1,phase6a,2026-07-12,0,0,0,0,0,0,v1,595,0.054140127388535034,595,0.054140127388535034,599,0.04777070063694268,^TWII,yfinance,2y,2026-09-17,scan_20260917_153651,False,False
False,0,-1.8750006357828775,-1.5666675567626953,False,True,強烈賣出 (跌破),37.150001525878906,2026-09-17 00:00:00,38.00500011444092,0.015000152587887783,False,False,0.5385731023270519,False,0.000802583855985977,56.7923594502718,0.0008134957258617689,0.0008139768064308206,-0.1409962384792518,-0.7913633715311952,0.7622465782113563,-0.1409962384792518,False,False,False,False,False,False,0.5313745122041237,False,-0.07124996185302734,中性,1605.TW,華新,0,v1,phase6a,2026-07-12,0,0,1,0,0,0,v1,306,0.5143312101910829,306,0.5143312101910829,362,0.4251592356687898,^TWII,yfinance,2y,2026-09-17,scan_20260917_153651,False,False
True,0,-0.3833338419596354,-0.5333337783813477,True,False,觀察 (跌勢收斂),16.899999618530273,2026-09-17 00:00:00,17.1125,-0.007499980926514382,True,False,0.2285535321585344,False,0.0003651054186512762,45.751804890664054,0.0003610011853678727,0.0003516446601535406,0.11981738958903865,0.2416059726327413,10.306745465466815,0.11981738958903865,True,True,True,False,False,False,0.5790982198267093,False,-0.09866668701171877,偏強 (RS上升),5608.TW,四維航,1,v1,phase6a,2026-07-12,1,2,1,2,1,2,v1,195,0.6910828025477707,195,0.6910828025477707,127,0.7993630573248408,^TWII,yfinance,2y,2026-09-17,scan_20260917_153651,False,False
True,0,-3.2166671752929688,-1.4999999999999998,True,False,賣出 (動能轉弱),86.69999694824219,2026-09-17 00:00:00,89.04999923706055,-0.060000228881833095,False,False,0.7736407956010131,False,0.0018730555856429785,116.90499854085402,0.0019280673680528645,0.0020020905299244014,-0.2994384123534921,-1.6384366543983009,-4.59013616126377,-0.2994384123534921,False,False,False,False,False,False,0.21343210281727837,False,-0.2922449228714924,中性,8150.TW,南茂,0,v1,phase6a,2026-07-12,0,0,0,0,0,0,v1,596,0.052547770700636945,596,0.052547770700636945,600,0.04617834394904458,^TWII,yfinance,2y,2026-09-17,scan_20260917_153651,False,False
True,0,-0.07499980926513672,-0.09999990463256835,True,False,觀察 (跌勢收斂),15.550000190734863,2026-09-17 00:00:00,15.640000009536744,-0.017499971389769442,False,False,0.8563765920439881,False,0.0003359402046045382,25.04664376697799,0.00034042209519132526,0.0003546084249509134,-0.13839437832880996,-0.32828862429692407,-5.169939429172832,-0.13839437832880996,False,False,False,False,False,False,0.06970662940577231,False,-0.08259590024713381,中性,1539.TW,巨庭,1,v1,phase6a,2026-07-12,0,1,1,1,1,1,v1,116,0.8168789808917197,116,0.8168789808917197,156,0.7531847133757962,^TWII,yfinance,2y,2026-09-17,scan_20260917_153651,False,False
True,1,0.033333460489908866,0.050000508626302086,True,False,觀望 (動能減弱),41.25,2026-09-17 00:00:00,40.902499961853025,0.037499999999994316,False,True,1.480072902638162,False,0.0008911596958174905,38.6915151975989,0.0008873061443960135,0.0009135248833640363,0.04573647081582699,0.24658079033978986,-1.3575749482443222,0.04573647081582699,True,False,False,False,False,False,0.23260252240603876,False,-0.001210635302280605,中性,8916.TWO,光隆,0,v1,phase6a,2026-07-12,0,0,2,0,0,0,v1,618,0.01751592356687898,618,0.01751592356687898,618,0.01751592356687898,^TWII,yfinance,2y,2026-09-17,scan_20260917_153651,False,False
False,0,-2.6250006357828775,-2.400000890096029,False,True,強烈賣出 (跌破),38.849998474121094,2026-09-17 00:00:00,39.36499996185303,-0.04500007629394531,True,False,0.7428931174742642,False,0.0008393103714595812,54.21996922393211,0.0008496973423357718,0.0009036681727936645,-0.12851167102607697,-1.5272253960327942,-6.348165049182041,-0.12851167102607697,False,False,False,False,False,True,0.07986274785329234,False,-0.3378874577699271,中性,8182.TWO,加高,0,v1,phase6a,2026-07-12,0,0,0,0,0,0,v1,598,0.04936305732484077,598,0.04936305732484077,601,0.044585987261146494,^TWII,yfinance,2y,2026-09-17,scan_20260917_153651,False,False
False,0,-0.1333332061767578,-0.08333333333333334,False,True,強烈賣出 (跌破),30.0,2026-09-17 00:00:00,30.130000114440918,-0.02499999999999858,False,False,0.28510420021710864,False,0.0006481161424127204,26.979542782530093,0.0006558893883434614,0.0007009349242143167,-0.12459675857496855,-0.23809206693753415,-4.7026542528193715,-0.12459675857496855,False,False,False,False,False,False,0.12509974231263576,False,-0.11764705882352944,中性,2926.TWO,誠品生活,0,v1,phase6a,2026-07-12,0,0,0,0,0,0,v1,390,0.38057324840764334,390,0.38057324840764334,426,0.3232484076433121,^TWII,yfinance,2y,2026-09-17,scan_20260917_153651,False,False
True,0,-0.45000012715657545,-0.40833314259847,True,False,賣出 (動能轉弱),31.299999237060547,2026-09-17 00:00:00,31.585000133514406,-0.030000019073483486,False,False,0.7749721477823612,False,0.0006762011587681591,36.518280332885624,0.0006850421846216882,0.0007098707731177321,-0.13566635217907574,-0.4254810618444571,-3.931704565597338,-0.13566635217907574,False,False,False,False,False,False,0.0666170553110332,False,-0.03395068632758402,中性,1752.TW,南光,0,v1,phase6a,2026-07-12,0,0,0,0,0,0,v1,315,0.5,315,0.5,369,0.4140127388535032,^TWII,yfinance,2y,2026-09-17,scan_20260917_153651,False,False
True,0,0.06666723887125652,0.05833403269449869,True,False,買入 (動能增強),23.5,2026-09-17 00:00:00,23.11000003814697,0.08249998092651367,False,True,0.781239153709279,False,0.0005076909782232976,69.63378213753921,0.0004922799755837448,0.0004604718496195423,0.3306196132231154,1.1436480702047502,11.685718443365722,0.3306196132231154,True,True,True,False,False,False,0.8866087014008395,False,-0.012605010364596936,偏強 (RS上升),2030.TW,彰源,2,v1,phase6a,2026-07-12,1,3,4,3,2,3,v1,43,0.9331210191082803,43,0.9331210191082803,46,0.928343949044586,^TWII,yfinance,2y,2026-09-17,scan_20260917_153651,False,False
True,2,-0.15833314259847003,-0.2000001271565755,True,False,觀察 (跌勢收斂),29.25,2026-09-17 00:00:00,29.225,-0.00749998092651083,True,True,1.2289210044427978,False,0.0006319132388524024,21.857182792719627,0.0006369928293178014,0.0006839454608584675,-0.08386990582633924,-0.25141885592518953,-5.5147028076755085,-0.08386990582633924,False,False,False,False,False,False,0.0841166982392794,False,-0.18067228641729516,中性,3465.TWO,進泰電子,1,v1,phase6a,2026-07-12,0,1,2,1,1,1,v1,153,0.7579617834394905,153,0.7579617834394905,184,0.7085987261146497,^TWII,yfinance,2y,2026-09-17,scan_20260917_153651,False,False
True,1,-0.4916667938232422,-0.5,True,False,觀察 (跌勢收斂),33.0,2026-09-17 00:00:00,32.5625,0.014999961853028765,False,True,1.3864000293366256,False,0.0007129277566539924,23.741086050577724,0.0007094980108756091,0.0007594872306036622,0.05091059683013377,-0.28264296478487383,-5.193237088799208,0.05091059683013377,True,False,False,False,False,False,0.19826718877809985,False,-0.1428571428571429,中性,6875.TWO,國邑*,1,v1,phase6a,2026-07-12,0,1,3,1,1,1,v1,233,0.6305732484076433,233,0.6305732484076433,248,0.606687898089172,^TWII,yfinance,2y,2026-09-17,scan_20260917_153651,False,False
True,2,0.008333206176757812,-0.16666730244954425,True,False,買入 (動能增強),48.650001525878906,2026-09-17 00:00:00,48.47249984741211,-0.0024999618530259227,False,True,0.5037634645947379,False,0.0010510283772441865,52.97263161954264,0.0010558534495544024,0.0010932923342169296,-0.048080360714541914,-0.014038141318983843,-4.598733001307609,-0.048080360714541914,False,False,False,False,False,False,0.14432784052405473,False,-0.05278124176040466,中性,2488.TW,漢平,2,v1,phase6a,2026-07-12,0,2,3,2,2,2,v1,56,0.9124203821656051,56,0.9124203821656051,88,0.8614649681528662,^TWII,yfinance,2y,2026-09-17,scan_20260917_153651,False,False
True,0,-0.2000001271565755,-0.29166650772094727,True,False,觀察 (跌勢收斂),15.649999618530273,2026-09-17 00:00:00,16.009999895095824,-0.022500038146972656,False,False,0.25313251487153526,False,0.00033810057938407954,29.978028968639396,0.00034453255576158024,0.0003623762204184752,-0.19612726106564837,-0.22178043191681818,-0.22035487394143072,-0.19612726106564837,False,False,False,False,False,False,0.2438852492712479,False,-0.09537570469920009,中性,6674.TW,鋐寶科技,1,v1,phase6a,2026-07-12,0,1,1,1,1,1,v1,225,0.643312101910828,225,0.643312101910828,241,0.6178343949044586,^TWII,yfinance,2y,2026-09-17,scan_20260917_153651,False,False
True,0,-0.25,-0.23333326975504556,True,False,賣出 (動能轉弱),14.399999618530273,2026-09-17 00:00:00,14.472499990463257,-0.025000000000000355,False,False,0.6362351972833008,False,0.0003110957401168829,37.95432412446426,0.00031622168395353497,0.00034543532040325146,-0.17034060306682086,-0.9361499719991451,-8.252611037133995,-0.17034060306682086,False,False,False,False,False,False,0.046864571542807563,False,-0.2000000211927626,中性,1218.TW,泰山,0,v1,phase6a,2026-07-12,0,0,0,0,0,0,v1,269,0.5732484076433121,269,0.5732484076433121,329,0.47770700636942676,^TWII,yfinance,2y,2026-09-17,scan_20260917_153651,False,False
True,0,-1.866666793823242,-0.8500003814697266,True,False,賣出 (動能轉弱),58.5,2026-09-17 00:00:00,59.10999984741211,0.039999961853027344,False,False,0.89902636665038,False,0.0012638264777048048,176.7631729061493,0.0012699288827914318,0.0013159142933804827,-0.05055666375334278,-0.5740211053399946,1.6677014767044085,-0.05055666375334278,False,False,False,False,False,False,0.3630900462599376,False,-0.21791447041090406,中性,1802.TW,台玻,0,v1,phase6a,2026-07-12,0,0,1,0,0,0,v1,318,0.49522292993630573,318,0.49522292993630573,372,0.40923566878980894,^TWII,yfinance,2y,2026-09-17,scan_20260917_153651,False,False
True,0,-0.4000008900960286,-0.6250009536743164,True,False,觀察 (跌勢收斂),25.0,2026-09-17 00:00:00,24.982499980926512,-0.02500000000000213,False,True,0.6373696650907871,False,0.0005400967853439337,50.856684167126595,0.0005358412943435678,0.000522012611957611,0.08366678869458077,0.16360279835663238,1.7199526201302495,0.08366678869458077,True,True,True,False,False,False,0.7310798024757638,False,-0.029126213592232997,偏強 (RS上升),1904.TW,正隆,1,v1,phase6a,2026-07-12,1,2,2,2,1,2,v1,124,0.804140127388535,124,0.804140127388535,115,0.8184713375796179,^TWII,yfinance,2y,2026-09-17,scan_20260917_153651,False,False
True,0,-0.005409081776936844,-0.08651320139567058,True,False,觀察 (跌勢收斂),8.321319580078125,2026-09-16 00:00:00,8.294556999206543,-0.009732675552367454,True,True,0.0,False,0.00018149442764522526,21.371179646841817,0.00018079122613524643,0.00019639108217603938,0.04095969258044452,0.02384520188964956,-5.40943350948001,0.04095969258044452,True,False,False,False,False,True,0.21710432027984305,False,-0.14925399765120773,偏強 (RS上升),3710.TWO,連展投控,1,v1,phase6a,2026-07-12,1,2,2,2,1,2,v1,163,0.7420382165605095,163,0.7420382165605095,120,0.8105095541401274,^TWII,yfinance,2y,2026-09-17,scan_20260917_153651,False,False
True,0,-0.14166625340779623,-0.1416662534077962,True,False,賣出 (動能轉弱),13.300000190734863,2026-09-17 00:00:00,13.392499971389771,-0.009999990463256836,False,False,1.2118306894523174,False,0.00028733149392358415,31.709260610007423,0.00029021296640272096,0.00030084486256691344,-0.10440478353795912,-0.22497356767834376,-3.1230321530633987,-0.10440478353795912,False,False,False,False,False,False,0.15872533286314622,False,-0.021582685863748674,中性,2616.TW,山隆,0,v1,phase6a,2026-07-12,0,0,0,0,0,0,v1,376,0.4028662420382166,376,0.4028662420382166,414,0.34235668789808915,^TWII,yfinance,2y,2026-09-17,scan_20260917_153651,False,False
True,1,-0.2999998728434245,-0.30833307902018225,True,False,觀察 (跌勢收斂),16.75,2026-09-17 00:00:00,16.5375,-0.02499999999999858,True,True,1.1950415954457634,False,0.00036186484618043555,32.72120866657588,0.0003570865209040578,0.0003540424651386334,0.14105575625638078,0.03649060457073805,-1.3925417915979788,0.14105575625638078,True,True,True,False,False,True,0.6640478347885781,False,-0.06944444444444442,偏強 (RS上升),1336.TWO,台翰,1,v1,phase6a,2026-07-12,2,3,2,3,1,3,v1,107,0.8312101910828026,107,0.8312101910828026,69,0.89171974522293,^TWII,yfinance,2y,2026-09-17,scan_20260917_153651,False,False
True,0,-4.916666666666667,-6.0,True,False,觀察 (跌勢收斂),188.5,2026-09-17 00:00:00,187.125,-0.05000000000001137,True,True,1.9406133964856884,True,0.0040723297614932595,50.943715309800425,0.004048190728562719,0.0040655320305521955,0.06280698959120201,-0.559741324365437,-3.8892218816200086,0.06280698959120201,True,True,False,False,False,False,0.49373988119865764,False,-0.04556962025316458,中性,5288.TW,豐祥-KY,1,v1,phase6a,2026-07-12,0,1,2,1,1,1,v1,186,0.7054140127388535,186,0.7054140127388535,209,0.6687898089171974,^TWII,yfinance,2y,2026-09-17,scan_20260917_153651,False,False
True,1,-0.24999984105428058,-0.1916664441426595,True,False,賣出 (動能轉弱),10.899999618530273,2026-09-17 00:00:00,10.672499895095825,0.027499961853028054,False,True,1.2193806186480833,False,0.00023548219016873215,60.77358236376481,0.00023118556760607248,0.00023447637031278256,0.19601681933076875,-0.32042641108892544,-3.178359812414755,0.19601681933076875,True,True,False,False,False,True,0.2615397105575402,False,-0.28289475294031285,偏強 (RS上升),1718.TW,中纖,0,v1,phase6a,2026-07-12,0,0,2,0,0,0,v1,310,0.5079617834394905,310,0.5079617834394905,365,0.42038216560509556,^TWII,yfinance,2y,2026-09-17,scan_20260917_153651,False,False
True,0,-8.916666666666666,-4.75,True,False,賣出 (動能轉弱),304.5,2026-09-17 00:00:00,302.575,0.19999999999998863,False,True,0.9870095495303951,False,0.006578378845489112,99.8080899203336,0.006564679168597807,0.00667260782230938,0.021971951193089367,-0.802658409430157,-3.8866451122231083,0.021971951193089367,True,False,False,False,False,True,0.11788744236084359,False,-0.18255033557046985,中性,6197.TW,佳必琪,1,v1,phase6a,2026-07-12,0,1,3,1,1,1,v1,210,0.6671974522292994,210,0.6671974522292994,228,0.6385350318471338,^TWII,yfinance,2y,2026-09-17,scan_20260917_153651,True,False
True,0,-0.5249999364217123,-0.4416666030883789,True,False,賣出 (動能轉弱),14.050000190734863,2026-09-17 00:00:00,14.485000038146973,-0.03249998092651296,True,False,0.9936087952296363,False,0.0003035343974839022,26.749079219849712,0.00031291033040212077,0.0003291347089482891,-0.3144150648238475,-1.093860547634229,-4.90207671913655,-0.3144150648238475,False,False,False,False,False,False,0.02447716446946809,False,-0.06333332061767583,中性,3713.TWO,新晶投控,1,v1,phase6a,2026-07-12,0,1,1,1,1,1,v1,164,0.7404458598726115,164,0.7404458598726115,193,0.6942675159235668,^TWII,yfinance,2y,2026-09-17,scan_20260917_153651,True,False
True,0,-0.14999985694885254,-0.14499990145365396,True,False,賣出 (動能轉弱),8.039999961853027,2026-09-17 00:00:00,8.09150002002716,-0.00549998283386266,True,False,0.8869380005568748,False,0.00017369512534248677,19.976173621945875,0.00017578184351900702,0.00018789795166831443,-0.12480265640530952,-0.6293950947525384,-5.557571283286833,-0.12480265640530952,False,False,False,False,False,False,0.11518246246973325,False,-0.16683934925610433,中性,3058.TW,立德,0,v1,phase6a,2026-07-12,0,0,0,0,0,0,v1,400,0.3646496815286624,400,0.3646496815286624,432,0.31369426751592355,^TWII,yfinance,2y,2026-09-17,scan_20260917_153651,False,False
False,0,0.596069018046061,0.5114781061808268,False,True,強烈買入 (爆發),31.5,2026-09-17 00:00:00,30.909575366973876,0.041981124877928266,False,True,0.6668577493568993,False,0.0006805219495333564,56.675825320212546,0.0006710191436015652,0.0006654305569253255,0.1492936152271307,1.012867480589419,0.6197829284539491,0.1492936152271307,True,True,True,False,False,True,0.5250015269932943,False,0.0,偏強 (RS上升),1734.TW,杏輝,3,v1,phase6a,2026-07-12,2,5,5,5,3,5,v1,15,0.9777070063694268,15,0.9777070063694268,9,0.9872611464968153,^TWII,yfinance,2y,2026-09-17,scan_20260917_153651,False,False
True,1,-0.053333282470703104,-0.09166661898295081,True,False,觀察 (跌勢收斂),7.880000114440918,2026-09-17 00:00:00,8.088500142097473,-0.007000017166138406,False,False,3.0585421460091893,True,0.00017023850921277475,5.76652090072266,0.00017692639516944748,0.0002223590972600243,-0.39632183576709945,-0.2694465379207367,-7.753159665366038,-0.39632183576709945,False,False,False,False,False,False,0.0205387990804865,False,-0.24952379862467444,中性,2424.TW,隴華,1,v1,phase6a,2026-07-12,0,1,1,1,1,1,v1,133,0.7898089171974523,133,0.7898089171974523,170,0.7308917197452229,^TWII,yfinance,2y,2026-09-17,scan_20260917_153651,False,False
True,0,-0.2833334604899088,-0.1333335240681966,True,False,賣出 (動能轉弱),17.850000381469727,2026-09-17 00:00:00,17.9375,0.007499980926514382,False,False,0.9689447453988291,False,0.0003856291129767915,45.134839591065,0.00038767338355069056,0.0003924987178528768,-0.05547633853724143,-0.5502295332417306,-1.9392502318717475,-0.05547633853724143,False,False,False,False,False,False,0.3615708401586702,False,-0.08461536505283451,中性,1434.TW,福懋,1,v1,phase6a,2026-07-12,0,1,2,1,1,1,v1,111,0.8248407643312102,111,0.8248407643312102,151,0.7611464968152867,^TWII,yfinance,2y,2026-09-17,scan_20260917_153651,True,False
True,0,0.9999999999999998,1.2499999999999998,True,False,觀望 (動能減弱),110.5,2026-09-17 00:00:00,109.175,0.17499999999999716,False,True,1.035424668565271,False,0.0023872277912201866,23.40018522386238,0.0023851323969321238,0.0025810562029914435,0.00924846852212724,0.5125206877530042,-3.868171397731379,0.00924846852212724,True,False,False,False,False,True,0.19145914835429026,False,-0.1333333333333333,偏強 (RS上升),6230.TW,尼得科超眾,0,v1,phase6a,2026-07-12,1,1,2,1,0,1,v1,512,0.18630573248407642,512,0.18630573248407642,309,0.5095541401273885,^TWII,yfinance,2y,2026-09-17,scan_20260917_153651,False,False
True,0,-1.5083332061767576,-1.650000254313151,True,False,觀察 (跌勢收斂),44.20000076293945,2026-09-17 00:00:00,42.81749992370605,0.047500038146971235,False,True,2.9898499268612024,True,0.0009548911329705205,125.30779488071066,0.0009278199843973441,0.0009140097307089821,0.30807414140396894,-0.31807544782939123,-3.542393269705113,0.30807414140396894,True,True,True,False,False,True,0.3373666031388544,False,-0.20216607318517155,偏強 (RS上升),2302.TW,麗正,2,v1,phase6a,2026-07-12,1,3,4,3,2,3,v1,49,0.9235668789808917,49,0.9235668789808917,50,0.9219745222929936,^TWII,yfinance,2y,2026-09-17,scan_20260917_153651,True,False
True,0,-7.0,-4.333333333333333,True,False,賣出 (動能轉弱),160.0,2026-09-17 00:00:00,167.125,-0.5999999999999943,True,False,0.4601199654686159,False,0.0034566194262011752,131.06215128125945,0.0036186636346035458,0.003952346321621645,-0.4691582624664292,-1.7554874167127532,-5.509021118934787,-0.4691582624664292,False,False,False,False,False,False,0.13530363522614314,False,-0.5294117647058824,中性,3090.TW,日電貿,0,v1,phase6a,2026-07-12,0,0,0,0,0,0,v1,402,0.3614649681528662,402,0.3614649681528662,434,0.3105095541401274,^TWII,yfinance,2y,2026-09-17,scan_20260917_153651,False,False
False,0,-0.15833282470703125,0.02500025431315106,False,True,強烈賣出 (跌破),38.75,2026-09-17 00:00:00,39.22749996185303,-0.017499923706054688,False,False,0.548708569528372,False,0.0008371500172830971,32.44526850225893,0.0008527685197702646,0.000915755476603187,-0.19241908955771603,-0.7841672148221068,-4.545312542398483,-0.19241908955771603,False,False,False,False,False,False,0.0004102039667121785,False,-0.08066432746844387,中性,7821.TW,神數,0,v1,phase6a,2026-07-12,0,0,0,0,0,0,v1,582,0.07484076433121019,582,0.07484076433121019,587,0.06687898089171974,^TWII,yfinance,2y,2026-09-17,scan_20260917_153651,False,False
True,0,-0.6916669209798177,-0.5666669209798176,True,False,賣出 (動能轉弱),25.049999237060547,2026-09-17 00:00:00,25.5875,-0.04750003814697479,True,False,0.6995297993865124,False,0.0005411769624321756,44.381212722379054,0.0005552076846038764,0.0005708353577351928,-0.2653060846485533,-0.993704364578818,-5.695781340685935,-0.2653060846485533,False,False,False,False,False,False,0.10277477833900338,False,-0.0790441715284187,中性,6606.TW,建德工業,0,v1,phase6a,2026-07-12,0,0,0,0,0,0,v1,535,0.14968152866242038,535,0.14968152866242038,548,0.12898089171974522,^TWII,yfinance,2y,2026-09-17,scan_20260917_153651,False,False
True,2,-0.10833358764648436,-0.16666698455810547,True,False,觀察 (跌勢收斂),24.399999618530273,2026-09-17 00:00:00,24.469999980926513,-0.0025000572204589844,False,False,1.112224400161481,False,0.0005271344542544563,47.50444740775927,0.0005305638140244984,0.0005345828434189577,-0.06799178329069955,0.04259883887687277,-2.4755840604759882,-0.06799178329069955,False,False,False,False,False,False,0.43319372715498017,False,-0.02594808935437498,中性,4106.TW,雃博,1,v1,phase6a,2026-07-12,0,1,1,1,1,1,v1,166,0.7372611464968153,166,0.7372611464968153,195,0.6910828025477707,^TWII,yfinance,2y,2026-09-17,scan_20260917_153651,False,False
True,1,-1.1959737141927083,-1.1272913614908853,True,False,賣出 (動能轉弱),173.0,2026-09-17 00:00:00,172.64368133544923,0.021703338623069612,False,True,0.5915273276238311,False,0.0037374697545800206,59.60451041349547,0.003738021293966343,0.0037544236679782996,-0.00155311784635348,0.1597223860761554,-1.4642217718253692,-0.00155311784635348,False,False,False,False,False,False,0.5201497387729237,False,-0.021870155281191073,中性,1268.TWO,漢來美食,0,v1,phase6a,2026-07-12,0,0,2,0,0,0,v1,274,0.5652866242038217,274,0.5652866242038217,334,0.4697452229299363,^TWII,yfinance,2y,2026-09-17,scan_20260917_153651,False,False
True,0,-0.4666665395100911,-0.39999961853027344,True,False,賣出 (動能轉弱),39.0,2026-09-17 00:00:00,38.59499988555908,0.0024999618530259227,False,True,1.1099645188200167,False,0.0008425509851365364,40.76240011079506,0.0008366939554771715,0.0008888197955605434,0.07374071092298706,-0.4454872958271294,-2.735950418054822,0.07374071092298706,True,False,False,False,False,True,0.4429546635999342,False,-0.04878048780487809,中性,2543.TW,皇昌,0,v1,phase6a,2026-07-12,0,0,2,0,0,0,v1,371,0.410828025477707,371,0.410828025477707,413,0.34394904458598724,^TWII,yfinance,2y,2026-09-17,scan_20260917_153651,False,False
True,1,-0.5,-0.43333339691162104,True,False,賣出 (動能轉弱),30.75,2026-09-17 00:00:00,30.892500114440917,-0.01249999999999929,False,False,0.6400444389581533,False,0.0006643190459730383,30.81379676194764,0.0006705021080051946,0.0007171919746824057,-0.09697471023923931,-0.7522312413628773,-4.362074622939782,-0.09697471023923931,False,False,False,False,False,False,0.09164442458080646,False,-0.131355969645356,中性,6835.TW,圓裕,0,v1,phase6a,2026-07-12,0,0,0,0,0,0,v1,556,0.11624203821656051,556,0.11624203821656051,565,0.10191082802547771,^TWII,yfinance,2y,2026-09-17,scan_20260917_153651,False,False
True,0,-0.10333339373270671,-0.08666674296061198,True,False,賣出 (動能轉弱),5.150000095367432,2026-09-17 00:00:00,5.20249993801117,0.0025000095367433417,False,False,0.7551023771462474,False,0.00011125993984115606,23.8810527301257,0.00011259722901781869,0.00011881912231694157,-0.12486232359487648,-0.29821464421668775,-2.7160388810351987,-0.12486232359487648,False,False,False,False,False,False,0.1572292994898944,False,-0.11815069164248193,中性,1340.TW,勝悅-KY,0,v1,phase6a,2026-07-12,0,0,1,0,0,0,v1,282,0.552547770700637,282,0.552547770700637,339,0.46178343949044587,^TWII,yfinance,2y,2026-09-17,scan_20260917_153651,False,False
True,1,-0.017364501953124993,-0.009031136830647785,True,False,賣出 (動能轉弱),12.149999618530273,2026-09-17 00:00:00,12.172918653488159,-6.976127624547246e-05,False,False,0.5322428336221349,False,0.00026248702943592884,40.58485075134583,0.0002644023929608234,0.00027194761257510786,-0.07619582674284198,-0.055925573993376165,-3.034966275102635,-0.07619582674284198,False,False,False,False,False,False,0.09300256873473114,False,-0.03111900061706263,中性,2706.TW,第一店,0,v1,phase6a,2026-07-12,0,0,0,0,0,0,v1,382,0.39331210191082805,382,0.39331210191082805,420,0.3328025477707006,^TWII,yfinance,2y,2026-09-17,scan_20260917_153651,False,False
True,1,-0.5666675567626953,-0.5250008900960286,True,False,賣出 (動能轉弱),42.04999923706055,2026-09-17 00:00:00,42.23499984741211,-0.010000038146969814,True,False,0.854242573549634,False,0.0009084427764660505,60.72647578061402,0.0009139706703524049,0.0009179989262087767,-0.06362494582633493,-0.3498657336874156,-2.7489852155041405,-0.06362494582633493,False,False,False,False,False,False,0.21471649388402061,False,-0.05292797765893409,中性,2618.TW,長榮航,0,v1,phase6a,2026-07-12,0,0,0,0,0,0,v1,377,0.4012738853503185,377,0.4012738853503185,415,0.34076433121019106,^TWII,yfinance,2y,2026-09-17,scan_20260917_153651,False,False
True,0,-0.050000508626302086,0.09999974568684897,True,False,賣出 (動能轉弱),45.849998474121094,2026-09-17 00:00:00,45.85749988555908,-0.057500076293948155,False,False,0.580683762493854,False,0.0009905374713558826,59.734335044184384,0.0009984484744976947,0.0010281482994081868,-0.0833336165132259,-0.33972423564762044,-4.307085787299392,-0.0833336165132259,False,False,False,False,False,False,0.09934135905654325,False,-0.1755736971884676,中性,6509.TWO,聚和,0,v1,phase6a,2026-07-12,0,0,0,0,0,0,v1,526,0.16401273885350318,526,0.16401273885350318,542,0.13853503184713375,^TWII,yfinance,2y,2026-09-17,scan_20260917_153651,False,False
True,0,-0.7333335876464843,-0.5750001271565754,True,False,賣出 (動能轉弱),20.0,2026-09-17 00:00:00,20.085000228881835,0.019999980926513672,False,False,0.44430845538798486,False,0.0004320774282751469,23.89524792186228,0.00043368639475845777,0.00048057153990231443,-0.03903714292422533,-0.7784790366038186,-2.651020080571498,-0.03903714292422533,False,False,False,False,False,False,0.2891709692683613,False,-0.13043478260869568,中性,6276.TWO,安鈦克,0,v1,phase6a,2026-07-12,0,0,1,0,0,0,v1,518,0.1767515923566879,518,0.1767515923566879,534,0.15127388535031847,^TWII,yfinance,2y,2026-09-17,scan_20260917_153651,False,False
True,0,-2.0166651407877603,-1.5999997456868489,True,False,賣出 (動能轉弱),66.80000305175781,2026-09-17 00:00:00,67.86999969482422,-0.014999771118169747,False,False,0.5404884979176906,False,0.001443138676368774,76.57509405851818,0.001465618399405031,0.0015362465851692221,-0.161192869237492,-0.7016943274761878,-3.0265745544250655,-0.161192869237492,False,False,False,False,False,False,0.08281836663238101,False,-0.11141311600888582,中性,2374.TW,佳能,0,v1,phase6a,2026-07-12,0,0,0,0,0,0,v1,347,0.44904458598726116,347,0.44904458598726116,399,0.3662420382165605,^TWII,yfinance,2y,2026-09-17,scan_20260917_153651,False,False
True,0,-0.3333331743876139,-0.2749999364217122,True,False,賣出 (動能轉弱),10.449999809265137,2026-09-17 00:00:00,10.754999923706055,-0.02750000953674281,True,False,1.0893296081590746,False,0.0002257604521531528,38.23612978399339,0.00023391248298176213,0.0002511991989360165,-0.3655093693074818,-1.544012024356367,-7.793765511688222,-0.3655093693074818,False,False,False,False,False,False,0.0005711833383404077,False,-0.26408451058944526,中性,6109.TWO,亞元,0,v1,phase6a,2026-07-12,0,0,0,0,0,0,v1,496,0.21178343949044587,496,0.21178343949044587,514,0.18312101910828024,^TWII,yfinance,2y,2026-09-17,scan_20260917_153651,False,False
True,1,-0.08333365122477213,-0.05833355585734049,True,False,賣出 (動能轉弱),14.899999618530273,2026-09-17 00:00:00,15.010000038146973,-0.007500028610229137,False,False,1.5811227896255786,True,0.0003218976758237615,43.73628971043325,0.00032608299369183997,0.0003372334711030805,-0.13492434800148612,-0.1529314809711968,-3.6297740111649435,-0.13492434800148612,False,False,False,False,False,False,0.06764459838966713,False,-0.026143827922748386,中性,1432.TW,大魯閣,0,v1,phase6a,2026-07-12,0,0,0,0,0,0,v1,286,0.5461783439490446,286,0.5461783439490446,343,0.4554140127388535,^TWII,yfinance,2y,2026-09-17,scan_20260917_153651,False,False
True,2,-0.07346089680989583,-0.08505884806315103,True,False,觀察 (跌勢收斂),18.67371940612793,2026-09-16 00:00:00,18.667922973632812,0.0023195266723625707,False,True,0.0,False,0.00040728828919594324,26.160132190723527,0.00040637623774992284,0.0004284387173130792,0.023630343720859592,-0.08255985425611456,-3.8048164432943343,0.023630343720859592,True,False,False,False,False,True,0.11185343737045111,False,-0.24056621153470692,中性,8277.TWO,商丞,1,v1,phase6a,2026-07-12,0,1,3,1,1,1,v1,250,0.6035031847133758,250,0.6035031847133758,263,0.5828025477707006,^TWII,yfinance,2y,2026-09-17,scan_20260917_153651,False,False
True,1,-0.5416673024495442,-0.5083338419596354,True,False,賣出 (動能轉弱),50.099998474121094,2026-09-17 00:00:00,50.36249980926514,0.0,False,False,0.5653919661097201,False,0.0010823539248643512,45.744253854990525,0.0010921011495861194,0.0011224985843322523,-0.09386132556570281,-0.1461662332135072,-3.085848580335615,-0.09386132556570281,False,False,False,False,False,False,0.12727500745945244,False,-0.04571431477864585,中性,8432.TWO,東生華,0,v1,phase6a,2026-07-12,0,0,0,0,0,0,v1,609,0.03184713375796178,609,0.03184713375796178,611,0.028662420382165606,^TWII,yfinance,2y,2026-09-17,scan_20260917_153651,False,False
True,0,-13.166666666666664,-4.833333333333333,True,False,賣出 (動能轉弱),336.0,2026-09-17 00:00:00,350.0,-1.5249999999999773,True,False,0.6013637739391975,False,0.007258900795022468,78.89126906179264,0.007562384014185707,0.007635855613686689,-0.42065071746458793,-2.2586313694382576,-4.966216284278446,-0.42065071746458793,False,False,False,False,False,False,0.21606616381946916,False,-0.13178294573643412,中性,2049.TW,上銀,1,v1,phase6a,2026-07-12,0,1,1,1,1,1,v1,126,0.8009554140127388,126,0.8009554140127388,164,0.7404458598726115,^TWII,yfinance,2y,2026-09-17,scan_20260917_153651,True,False
False,0,-0.6833330790201823,-0.6000003814697266,False,True,強烈賣出 (跌破),33.5,2026-09-17 00:00:00,34.08250045776367,-0.017499923706054688,False,False,0.7407407407407407,False,0.0007237296923608711,30.43975370968429,0.0007376086415588576,0.0007633839268021931,-0.19767313569645228,-0.4691189227240433,-3.4493597352017957,-0.19767313569645228,False,False,False,False,False,False,0.06482208191385816,False,-0.09703500329338977,中性,6615.TWO,慧智,0,v1,phase6a,2026-07-12,0,0,0,0,0,0,v1,537,0.1464968152866242,537,0.1464968152866242,550,0.12579617834394904,^TWII,yfinance,2y,2026-09-17,scan_20260917_153651,False,False
True,0,-0.24999999999999997,-0.2666667302449544,True,False,觀察 (跌勢收斂),13.850000381469727,2026-09-17 00:00:00,13.672499990463256,0.0,False,True,1.2837368091111037,False,0.00029921362732176213,17.239651431632325,0.00029826101031960386,0.0003211197012803055,0.03363134785780986,-0.5144576136179024,-7.105813549001283,0.03363134785780986,True,False,False,False,False,True,0.20072251545962908,False,-0.18289086973068236,中性,3047.TW,訊舟,1,v1,phase6a,2026-07-12,0,1,2,1,1,1,v1,145,0.7707006369426752,145,0.7707006369426752,178,0.7181528662420382,^TWII,yfinance,2y,2026-09-17,scan_20260917_153651,False,False
True,0,-2.7166659037272134,-1.4166666666666665,True,False,賣出 (動能轉弱),75.0999984741211,2026-09-17 00:00:00,77.325,-0.09500007629394247,True,False,0.42049704934600746,False,0.0016224507102082849,45.57981321653636,0.0016761991529397149,0.0018118125431826775,-0.33639787478277894,-1.349898434940111,-4.875776681114264,-0.33639787478277894,False,False,False,False,False,False,0.0,False,-0.29123688310345497,中性,6284.TWO,佳邦,0,v1,phase6a,2026-07-12,0,0,0,0,0,0,v1,520,0.1735668789808917,520,0.1735668789808917,536,0.1480891719745223,^TWII,yfinance,2y,2026-09-17,scan_20260917_153651,False,False
True,2,0.11499993006388345,0.10333331425984701,True,False,買入 (動能增強),5.71999979019165,2026-09-17 00:00:00,5.705999946594238,0.0004999876022333538,False,True,1.7421868507025655,True,0.00012357413995401942,31.66600445405098,0.00012437965186111105,0.00012924385934711853,-0.06812445811759105,0.19958654731719871,-3.0630945497336026,-0.06812445811759105,False,False,False,False,False,True,0.2366682995457477,False,-0.04666670163472497,中性,2929.TW,淘帝-KY,2,v1,phase6a,2026-07-12,1,3,4,3,2,3,v1,69,0.89171974522293,69,0.89171974522293,55,0.9140127388535032,^TWII,yfinance,2y,2026-09-17,scan_20260917_153651,False,False
True,0,2.1214218139648438,2.8666610717773438,True,False,觀望 (動能減弱),161.0,2026-09-17 00:00:00,162.09428787231445,0.200714111328125,False,False,0.4294970753986272,False,0.0034782232976149326,50.3740072861783,0.003517367345279095,0.0035985373641971977,-0.11700810388823868,-0.054374446998106674,-0.47191317400134825,-0.11700810388823868,False,False,False,False,False,False,0.25035595423067053,False,-0.04166666666666663,中性,7738.TWO,東聯互動,0,v1,phase6a,2026-07-12,0,0,1,0,0,0,v1,577,0.08280254777070063,577,0.08280254777070063,584,0.07165605095541401,^TWII,yfinance,2y,2026-09-17,scan_20260917_153651,False,False
True,0,-1.0833333333333333,-1.0,True,False,賣出 (動能轉弱),112.5,2026-09-16 00:00:00,113.55,-0.07500000000000284,False,False,0.23060248743216444,False,0.0024537121683164756,45.122831875520326,0.0024695001484622606,0.00254745755235874,-0.06725146385700986,-0.3549270985373054,-4.346649043416118,-0.06725146385700986,False,False,False,False,False,True,0.150612120250421,False,-0.0451217159626941,中性,7747.TWO,昕奇雲端,0,v1,phase6a,2026-07-12,0,0,0,0,0,0,v1,578,0.08121019108280254,578,0.08121019108280254,585,0.07006369426751592,^TWII,yfinance,2y,2026-09-17,scan_20260917_153651,False,False
True,0,-0.21666590372721356,-0.2416661580403646,True,False,觀察 (跌勢收斂),36.0,2026-09-17 00:00:00,35.65500011444092,-0.012500000000002842,True,True,1.1716696515285165,False,0.0007777393708952644,31.872375757057576,0.0007791122777838149,0.0008264752965698663,-0.018545428880645254,-0.8441551372920242,-7.5578167443211335,-0.018545428880645254,False,False,False,False,False,True,0.16382467628476938,False,-0.10669973494952811,中性,3095.TWO,及成,1,v1,phase6a,2026-07-12,0,1,2,1,1,1,v1,149,0.7643312101910829,149,0.7643312101910829,181,0.7133757961783439,^TWII,yfinance,2y,2026-09-17,scan_20260917_153651,False,False
True,1,-2.4499994913736978,-2.1999994913736978,True,False,賣出 (動能轉弱),61.0,2026-09-17 00:00:00,61.13999996185303,-0.029999923706050424,True,False,2.4952071383135404,True,0.001317836156239198,31.919316117707655,0.0013295978656383545,0.0014556188522414336,-0.09302984959251859,-1.3578757947688813,-7.403851653567806,-0.09302984959251859,False,False,False,False,False,True,0.08509606447511162,False,-0.3099547630421433,中性,3663.TWO,鑫科,0,v1,phase6a,2026-07-12,0,0,0,0,0,0,v1,435,0.3089171974522293,435,0.3089171974522293,461,0.267515923566879,^TWII,yfinance,2y,2026-09-17,scan_20260917_153651,False,False
True,0,6.416666666666666,10.499999999999998,True,False,觀望 (動能減弱),278.5,2026-09-17 00:00:00,281.6,1.400000000000034,False,False,0.6193227495537332,False,0.00601667818873142,192.38569792153703,0.0060284787100713545,0.005611335838823451,-0.02060062427071685,-0.07505489645310837,10.801117370274005,-0.02060062427071685,False,True,True,False,False,False,0.7519413137090957,False,-0.10737179487179482,中性,3006.TW,晶豪科,0,v1,phase6a,2026-07-12,0,0,1,0,0,0,v1,394,0.37420382165605093,394,0.37420382165605093,428,0.3200636942675159,^TWII,yfinance,2y,2026-09-17,scan_20260917_153651,False,False
True,0,-0.25000127156575513,-0.31666755676269526,True,False,觀察 (跌勢收斂),52.0,2026-09-17 00:00:00,52.134999656677245,-0.02999992370605753,True,False,0.6085126561146955,False,0.001123401313515382,52.53648551419596,0.0011333649750535836,0.0011709944174977931,-0.09245360861974694,-0.3481459449766855,-4.533277618883225,-0.09245360861974694,False,False,False,False,False,False,0.08719831710610071,False,-0.06482132078917446,中性,1210.TW,大成,1,v1,phase6a,2026-07-12,0,1,1,1,1,1,v1,101,0.8407643312101911,101,0.8407643312101911,144,0.7722929936305732,^TWII,yfinance,2y,2026-09-17,scan_20260917_153651,False,False
True,0,-0.13333336512247723,-0.14999993642171222,True,False,觀察 (跌勢收斂),11.199999809265137,2026-09-17 00:00:00,11.195000076293946,0.0,False,True,0.3096898069471166,False,0.00024196335571347082,32.37953450328643,0.0002429631993443016,0.0002527488439356061,-0.04329920221890493,-0.6783885338068396,-4.2919192732419065,-0.04329920221890493,False,False,False,False,False,False,0.18931884689579898,False,-0.04680852687105219,中性,9929.TW,秋雨,1,v1,phase6a,2026-07-12,0,1,2,1,1,1,v1,260,0.5875796178343949,260,0.5875796178343949,272,0.5684713375796179,^TWII,yfinance,2y,2026-09-17,scan_20260917_153651,False,False
True,0,-1.8333333333333333,-1.75,True,False,賣出 (動能轉弱),156.5,2026-09-17 00:00:00,158.025,-0.15000000000000568,False,False,0.4593563895265662,False,0.0033810058762530244,51.13706997884551,0.003427204432421939,0.0035490660405462083,-0.14169319221994936,-0.3314047050894997,-3.715924823251937,-0.14169319221994936,False,False,False,False,False,False,0.07015021392334139,False,-0.042813455657492394,中性,8083.TWO,瑞穎,0,v1,phase6a,2026-07-12,0,0,0,0,0,0,v1,592,0.0589171974522293,592,0.0589171974522293,596,0.052547770700636945,^TWII,yfinance,2y,2026-09-17,scan_20260917_153651,False,False
True,2,0.07499949137369791,0.11666679382324217,True,False,觀望 (動能減弱),44.75,2026-09-17 00:00:00,44.39499988555908,0.14999999999999858,False,True,0.4920484667739772,False,0.0009667732457656412,39.3241224003482,0.000956362965588087,0.0009548363775878289,0.11471335216890477,0.5260565860717215,2.976080269667647,0.11471335216890477,True,True,True,False,False,True,0.47486181303068514,False,-0.004449405106670246,偏強 (RS上升),6666.TW,羅麗芬-KY,0,v1,phase6a,2026-07-12,2,2,2,2,0,2,v1,540,0.14171974522292993,540,0.14171974522292993,142,0.7754777070063694,^TWII,yfinance,2y,2026-09-17,scan_20260917_153651,False,False
False,0,0.4489154815673828,0.3260478973388672,False,True,強烈買入 (爆發),23.100000381469727,2026-09-17 00:00:00,22.65161018371582,0.029520225524901633,False,True,0.43862260593430585,False,0.0004990494378990176,34.123112475047044,0.0004952795824142774,0.0005142997834100493,0.08018604178532396,0.7568215216803065,-3.968921479044407,0.08018604178532396,True,False,False,False,False,True,0.19393044778133123,False,-0.03463116990217785,偏強 (RS上升),1599.TWO,宏佳騰,3,v1,phase6a,2026-07-12,1,4,5,4,3,4,v1,14,0.9792993630573248,14,0.9792993630573248,16,0.9761146496815286,^TWII,yfinance,2y,2026-09-17,scan_20260917_153651,False,False
True,0,1.0666681925455728,2.100001017252604,True,False,觀望 (動能減弱),89.30000305175781,2026-09-17 00:00:00,88.82000045776367,0.10500030517577841,False,True,0.3300799152038635,False,0.0019292257831783142,45.35345319139479,0.0019270208046782513,0.0019135991022852566,0.012046105512464322,-0.04234256391262292,-0.11300413493801065,0.012046105512464322,True,True,True,False,False,False,0.6391390776082277,False,-0.05999996787623352,中性,4590.TW,富田-創,0,v1,phase6a,2026-07-12,1,1,2,1,0,1,v1,456,0.2754777070063694,456,0.2754777070063694,302,0.5207006369426752,^TWII,yfinance,2y,2026-09-17,scan_20260917_153651,False,False
True,0,-0.5104955037434895,-0.15816624959309894,True,False,賣出 (動能轉弱),90.0999984741211,2026-09-17 00:00:00,91.09686050415038,-0.06435585021972656,False,False,0.4707181608333431,False,0.0019465087814146452,63.466901735771785,0.0019791359760746117,0.0020418225357300575,-0.17323175573662475,-0.5579747726108031,-4.075803579548632,-0.17323175573662475,False,False,False,False,False,False,0.12410962829091916,False,-0.04408593490410373,中性,6534.TW,正瀚-創,0,v1,phase6a,2026-07-12,0,0,0,0,0,0,v1,528,0.160828025477707,528,0.160828025477707,543,0.13694267515923567,^TWII,yfinance,2y,2026-09-17,scan_20260917_153651,False,False
True,1,0.19166676203409827,0.33333349227905273,True,False,觀望 (動能減弱),13.899999618530273,2026-09-17 00:00:00,13.997499942779541,0.022499990463256125,False,False,0.7382850917329254,False,0.0003002938044100042,34.083880428561166,0.0003043389961860524,0.0003115520257219928,-0.13971746490007986,0.28855869054240646,-1.7780766529521985,-0.13971746490007986,False,False,False,False,False,False,0.20752652261024648,False,-0.03472222314204698,中性,1456.TW,怡華,0,v1,phase6a,2026-07-12,0,0,1,0,0,0,v1,291,0.5382165605095541,291,0.5382165605095541,348,0.44745222929936307,^TWII,yfinance,2y,2026-09-17,scan_20260917_153651,False,False
True,1,-6.499999999999999,-4.75,True,False,賣出 (動能轉弱),178.5,2026-09-17 00:00:00,181.3,-0.5,False,False,0.954115637114182,False,0.003856291047355686,83.38861336249775,0.003910877642476291,0.003964239091099025,-0.14670690799406527,0.13124168874969477,-1.9070287242480832,-0.14670690799406527,False,False,False,False,False,True,0.23366458672616916,False,-0.2831325301204819,中性,3042.TW,晶技,0,v1,phase6a,2026-07-12,1,1,0,1,0,1,v1,399,0.3662420382165605,399,0.3662420382165605,296,0.5302547770700637,^TWII,yfinance,2y,2026-09-17,scan_20260917_153651,False,False
True,0,-0.23333358764648438,-0.06666692097981768,True,False,賣出 (動能轉弱),12.300000190734863,2026-09-17 00:00:00,12.189999961853028,0.025000000000000355,False,True,1.2549044775393563,False,0.00026572762250982683,36.311433847524,0.0002630810291089098,0.0002745682043927184,0.1060069224221083,-0.4254686829024523,-0.48242389465008584,0.1060069224221083,True,False,False,False,False,False,0.19855398040781566,False,-0.16514351165741947,中性,1305.TW,華夏,0,v1,phase6a,2026-07-12,0,0,2,0,0,0,v1,276,0.5621019108280255,276,0.5621019108280255,335,0.4681528662420382,^TWII,yfinance,2y,2026-09-17,scan_20260917_153651,False,False
True,1,-3.25,-2.583333333333333,True,False,賣出 (動能轉弱),172.5,2026-09-17 00:00:00,173.775,-0.32499999999998863,True,False,0.3493559639164932,False,0.003726667818873142,89.5344286616817,0.0038064428103979156,0.004019535193632548,-0.22012370472325182,-1.1559369908070938,-9.877233429029541,-0.22012370472325182,False,False,False,False,False,False,0.03441225560277435,False,-0.31411530815109345,中性,2645.TW,長榮航太,0,v1,phase6a,2026-07-12,0,0,0,0,0,0,v1,379,0.3980891719745223,379,0.3980891719745223,417,0.3375796178343949,^TWII,yfinance,2y,2026-09-17,scan_20260917_153651,False,False
True,0,-7.083333333333334,-5.25,True,False,賣出 (動能轉弱),438.0,2026-09-17 00:00:00,420.45,1.4499999999999886,False,True,2.088147603681288,True,0.009462495679225717,21.46564886499779,0.009164716277041176,0.009814915455604999,0.3431942047064762,-0.1392339657029118,-4.195939054908193,0.3431942047064762,True,False,False,False,False,True,0.35235235717029284,False,-0.14044702984842394,中性,6643.TWO,M31,0,v1,phase6a,2026-07-12,0,0,2,0,0,0,v1,538,0.1449044585987261,538,0.1449044585987261,551,0.12420382165605096,^TWII,yfinance,2y,2026-09-17,scan_20260917_153651,False,False
True,1,-0.3166669209798177,-0.3166669209798177,True,False,賣出 (動能轉弱),92.0,2026-09-17 00:00:00,92.06000137329102,0.0,False,False,2.94693444262032,True,0.0019875561700656756,45.90044528727471,0.0019975845255113434,0.0020290809339726,-0.05281672976468199,0.0509928610986643,-2.57552971725048,-0.05281672976468199,False,False,False,False,False,False,0.2962095780651655,False,-0.016042780748663055,中性,7708.TWO,全家餐飲,0,v1,phase6a,2026-07-12,0,0,0,0,0,0,v1,575,0.08598726114649681,575,0.08598726114649681,582,0.07484076433121019,^TWII,yfinance,2y,2026-09-17,scan_20260917_153651,False,False
True,0,-0.08333333333333331,0.4000002543131511,True,False,賣出 (動能轉弱),66.19999694824219,2026-09-17 00:00:00,66.64000015258789,0.08499984741210653,False,False,0.47614935443442136,False,0.0014301762216609528,69.27340682473618,0.0014414130242114854,0.0014627152983284245,-0.0819925639444774,-0.037319269172397806,-0.530347118451302,-0.0819925639444774,False,False,False,False,False,False,0.23918075735209932,False,-0.030746793699617192,中性,1419.TW,新紡,0,v1,phase6a,2026-07-12,0,0,1,0,0,0,v1,284,0.5493630573248408,284,0.5493630573248408,341,0.4585987261146497,^TWII,yfinance,2y,2026-09-17,scan_20260917_153651,False,False
True,0,-0.016666730244954436,-0.14999993642171222,True,False,觀察 (跌勢收斂),19.899999618530273,2026-09-17 00:00:00,19.654999828338624,-0.005000019073484907,True,True,0.8986419878062609,False,0.00042991703289254826,17.73775323291283,0.0004293616650376907,0.00044938788422863604,0.013617362618956186,-0.09849038094695839,-6.7069002669758016,0.013617362618956186,True,False,False,False,False,True,0.18034411501036557,False,-0.18940935898322386,中性,8476.TW,台境*,1,v1,phase6a,2026-07-12,0,1,2,1,1,1,v1,253,0.5987261146496815,253,0.5987261146496815,266,0.5780254777070064,^TWII,yfinance,2y,2026-09-17,scan_20260917_153651,False,False
True,0,-0.38333193461100257,-0.24999872843424475,True,False,賣出 (動能轉弱),53.0,2026-09-17 00:00:00,53.360000419616696,-0.039999961853027344,False,False,2.7087779710768753,True,0.0011450051849291392,38.68435596478723,0.0011572024612095462,0.0011882551961965857,-0.11082770031506373,-0.14600968166057493,-2.943655076391083,-0.11082770031506373,False,False,False,False,False,False,0.16993558483921437,False,-0.01851851851851849,中性,8435.TWO,鉅邁,0,v1,phase6a,2026-07-12,0,0,0,0,0,0,v1,610,0.030254777070063694,610,0.030254777070063694,612,0.027070063694267517,^TWII,yfinance,2y,2026-09-17,scan_20260917_153651,False,False
True,2,-0.07499949137369791,-0.09999974568684894,True,False,觀察 (跌勢收斂),17.950000762939453,2026-09-17 00:00:00,18.04749994277954,-0.009999942779540305,True,False,0.9122169407161012,False,0.0003877895083593902,27.053992598106976,0.0003930596831379417,0.0004207869089371276,-0.14093874252526506,-0.3314313645951028,-5.237647930502454,-0.14093874252526506,False,False,False,False,False,False,0.08481374421989168,False,-0.09571786307389452,中性,1586.TWO,和勤,1,v1,phase6a,2026-07-12,0,1,1,1,1,1,v1,117,0.8152866242038217,117,0.8152866242038217,157,0.7515923566878981,^TWII,yfinance,2y,2026-09-17,scan_20260917_153651,False,False
False,0,0.1916665236155192,0.11333322525024414,False,True,強烈買入 (爆發),8.960000038146973,2026-09-17 00:00:00,8.16599998474121,0.056999993324279075,False,True,5.018942704655832,True,0.0001935706886913881,43.8952696066225,0.0001777400238542104,0.00018070333186577016,0.9464141199601928,1.4375764286798542,0.7366248465051184,0.9464141199601928,True,True,False,False,False,True,0.476399770830266,False,-0.1384615031925166,偏強 (RS上升),1314.TW,中石化,3,v1,phase6a,2026-07-12,1,4,5,4,3,4,v1,13,0.9808917197452229,13,0.9808917197452229,15,0.9777070063694268,^TWII,yfinance,2y,2026-09-17,scan_20260917_153651,False,False
True,0,-46.66666666666666,-34.99999999999999,True,False,賣出 (動能轉弱),1030.0,2026-09-17 00:00:00,1054.75,-2.25,True,False,0.6004756771868003,False,0.022251987556170066,160.0919794840989,0.022970368197406707,0.024341061211204867,-0.3281222634140102,-1.810594658539133,-8.822981858613222,-0.3281222634140102,False,False,False,False,False,False,0.06536322584006947,False,-0.23242430913493817,中性,2404.TW,漢唐,0,v1,phase6a,2026-07-12,0,0,0,0,0,0,v1,355,0.43630573248407645,355,0.43630573248407645,403,0.35987261146496813,^TWII,yfinance,2y,2026-09-17,scan_20260917_153651,False,False
True,0,-3.6666666666666665,-3.999999999999999,True,False,觀察 (跌勢收斂),152.0,2026-09-17 00:00:00,153.0,-0.44999999999998863,True,False,0.5374061459717351,False,0.0032837884548911167,64.49954824273449,0.003292556273741664,0.00327419199234552,-0.02802289747224629,-1.1025084545594366,-2.7128453167651223,-0.02802289747224629,False,True,True,False,False,True,0.4077154522716218,False,-0.15555555555555556,中性,6419.TWO,京晨科,1,v1,phase6a,2026-07-12,0,1,1,1,1,1,v1,217,0.6560509554140127,217,0.6560509554140127,233,0.6305732484076433,^TWII,yfinance,2y,2026-09-17,scan_20260917_153651,False,False
True,0,1.416667302449544,1.5500005086263018,True,False,觀望 (動能減弱),64.9000015258789,2026-09-17 00:00:00,63.625000381469725,0.14999999999999858,False,True,0.5667268641323684,False,0.0014020912877177434,36.02513120490782,0.0013925507082250066,0.0014591978995235246,0.07216945831380883,0.6227224271364795,-3.7050766336654273,0.07216945831380883,True,False,False,False,False,True,0.20261383672809136,False,-0.05668606617567962,偏強 (RS上升),8272.TWO,全景軟體,0,v1,phase6a,2026-07-12,1,1,2,1,0,1,v1,601,0.044585987261146494,601,0.044585987261146494,320,0.49203821656050956,^TWII,yfinance,2y,2026-09-17,scan_20260917_153651,False,False
True,0,-13.833333333333334,-5.0,True,False,賣出 (動能轉弱),529.0,2026-09-17 00:00:00,552.4,-1.6499999999999773,True,False,0.5867437522585547,False,0.011428447977877636,172.32918447946108,0.012129093245184618,0.013475135508730189,-0.6043847243214384,-2.258574428234328,-11.516759580203573,-0.6043847243214384,False,False,False,False,False,True,0.021019456310874422,False,-0.5359649122807018,中性,2327.TW,國巨*,0,v1,phase6a,2026-07-12,0,0,0,0,0,0,v1,339,0.46178343949044587,339,0.46178343949044587,392,0.37738853503184716,^TWII,yfinance,2y,2026-09-17,scan_20260917_153651,False,False
True,0,-1.0833333333333333,-0.8333333333333333,True,False,賣出 (動能轉弱),267.5,2026-09-17 00:00:00,269.825,-0.07499999999998863,False,False,1.0343377949164392,False,0.00577903560318009,48.538183581445956,0.005857168685997233,0.006050481539256761,-0.14022137516532807,-0.09340629503531428,-3.1048489734271656,-0.14022137516532807,False,False,False,False,False,False,0.0725999565769811,False,-0.04293381037567079,中性,6803.TWO,崑鼎,0,v1,phase6a,2026-07-12,0,0,0,0,0,0,v1,553,0.12101910828025478,553,0.12101910828025478,563,0.10509554140127389,^TWII,yfinance,2y,2026-09-17,scan_20260917_153651,False,False
True,0,-0.8333358764648438,-0.35000356038411456,True,False,賣出 (動能轉弱),89.80000305175781,2026-09-17 00:00:00,92.16500053405761,-0.10999984741211222,False,False,0.45247404946543607,False,0.001940027718885193,90.45955389164949,0.0019726986536376654,0.0020634610749378796,-0.1740286501522914,0.38536841979126546,4.840604221459599,-0.1740286501522914,False,False,False,False,False,False,0.4480335525835944,False,-0.1488151369501629,中性,4946.TWO,辣椒,0,v1,phase6a,2026-07-12,0,0,0,0,0,0,v1,463,0.2643312101910828,463,0.2643312101910828,486,0.22770700636942676,^TWII,yfinance,2y,2026-09-17,scan_20260917_153651,False,False
True,0,0.5000003178914388,0.5333334604899088,True,False,觀望 (動能減弱),26.5,2026-09-17 00:00:00,25.920000076293945,-0.005000019073484907,False,True,1.1718429758567719,False,0.0005725025924645696,28.775785561307316,0.0005675360900654896,0.0005993747050597232,0.09220061079804331,1.4396212327323799,-2.392028844563665,0.09220061079804331,True,False,False,False,False,True,0.33191625968826266,False,-0.08777966623170796,偏強 (RS上升),6865.TWO,偉康科技,0,v1,phase6a,2026-07-12,1,1,1,1,0,1,v1,561,0.10828025477707007,561,0.10828025477707007,315,0.5,^TWII,yfinance,2y,2026-09-17,scan_20260917_153651,False,False
True,0,-41.49999999999999,-25.583333333333332,True,False,賣出 (動能轉弱),495.0,2026-09-17 00:00:00,528.475,-0.75,False,False,1.9368994058391082,True,0.010693916349809885,331.02942960607544,0.011046864208647417,0.009583429413840923,-0.335189015719084,1.3190393733993,19.2105413102057,-0.335189015719084,False,True,True,False,False,False,0.6985910069822895,False,-0.15094339622641506,中性,6213.TW,聯茂,0,v1,phase6a,2026-07-12,0,0,0,0,0,0,v1,508,0.1926751592356688,508,0.1926751592356688,525,0.16560509554140126,^TWII,yfinance,2y,2026-09-17,scan_20260917_153651,False,False
True,0,-0.3916667302449544,-0.43333339691162104,True,False,觀察 (跌勢收斂),31.549999237060547,2026-09-17 00:00:00,31.65,-0.015000057220461827,True,False,1.9708963430883506,True,0.0006816021266215984,40.62217305060177,0.0006843397978628959,0.0006936210812796147,-0.04209233790786193,-0.05493975310056909,-1.8107315229521026,-0.04209233790786193,False,False,False,False,False,False,0.3702977683320585,False,-0.01406252384185791,中性,1593.TWO,祺驊,1,v1,phase6a,2026-07-12,0,1,1,1,1,1,v1,118,0.8136942675159236,118,0.8136942675159236,158,0.75,^TWII,yfinance,2y,2026-09-17,scan_20260917_153651,False,False
True,0,-0.2166668574015299,-0.25833384195963544,True,False,觀察 (跌勢收斂),17.600000381469727,2026-09-17 00:00:00,17.694999980926514,-0.0024999618530259227,False,False,1.876036010518625,True,0.0003802281451233522,23.961932257515162,0.0003848677019277821,0.0004027478738494503,-0.12673328136398876,-0.2870661101803118,-4.829036358151462,-0.12673328136398876,False,False,False,False,False,False,0.09313911787073113,False,-0.0857142658976765,中性,1418.TW,東華,1,v1,phase6a,2026-07-12,0,1,1,1,1,1,v1,110,0.8264331210191083,110,0.8264331210191083,150,0.7627388535031847,^TWII,yfinance,2y,2026-09-17,scan_20260917_153651,False,False
True,0,-0.5916659037272135,-0.34166590372721356,True,False,賣出 (動能轉弱),31.649999618530273,2026-09-17 00:00:00,31.732499885559083,-0.017500019073484196,False,False,0.9459291907567671,False,0.000683762522004197,29.89909537708864,0.0006919857370018507,0.000744373358129016,-0.12493323322053662,-0.5483287650855373,-6.096048394779441,-0.12493323322053662,False,False,False,False,False,False,0.06326103494916004,False,-0.2749434613100058,中性,6698.TW,旭暉應材,0,v1,phase6a,2026-07-12,0,0,0,0,0,0,v1,543,0.13694267515923567,543,0.13694267515923567,554,0.11942675159235669,^TWII,yfinance,2y,2026-09-17,scan_20260917_153651,False,False
True,0,-0.0774141947428385,0.6359329223632811,True,False,賣出 (動能轉弱),24.799999237060547,2026-09-17 00:00:00,24.542354011535643,0.06418514251708984,False,True,0.6150029881024058,False,0.0005357759945787364,77.80863622289313,0.0005299989776967051,0.0005240692085655048,0.1148691966409654,-0.1425110458276757,2.3968687295028213,0.1148691966409654,True,True,True,False,False,False,0.34610610463149527,False,-0.18826682482207513,中性,1409.TW,新纖,1,v1,phase6a,2026-07-12,1,2,3,2,1,2,v1,108,0.8296178343949044,108,0.8296178343949044,114,0.8200636942675159,^TWII,yfinance,2y,2026-09-17,scan_20260917_153651,True,False
True,0,1.7999992370605469,3.733333587646484,True,False,觀望 (動能減弱),81.5,2026-09-17 00:00:00,81.95500030517579,0.16500015258789347,False,False,0.6187281693204483,False,0.0017607155202212237,87.13404007676127,0.0017722668456019353,0.0018331058659835065,-0.06856164631905415,1.5354723304474849,5.848147466053222,-0.06856164631905415,False,False,False,False,False,True,0.5329683085562794,False,-0.14838032811978075,中性,5340.TWO,建榮,0,v1,phase6a,2026-07-12,1,1,1,1,0,1,v1,476,0.24363057324840764,476,0.24363057324840764,303,0.5191082802547771,^TWII,yfinance,2y,2026-09-17,scan_20260917_153651,False,False
True,0,-7.0,-4.5,True,False,賣出 (動能轉弱),196.5,2026-09-17 00:00:00,200.625,-0.17500000000001137,False,False,0.8662817213044609,False,0.0042451607328033185,31.270076450657477,0.004372629024611817,0.004891777432353766,-0.30591819294247813,-1.5614750902480101,-8.168674131743881,-0.30591819294247813,False,False,False,False,False,False,0.03886451327216671,False,-0.2762430939226519,中性,6679.TWO,鈺太,0,v1,phase6a,2026-07-12,0,0,0,0,0,0,v1,541,0.14012738853503184,541,0.14012738853503184,553,0.12101910828025478,^TWII,yfinance,2y,2026-09-17,scan_20260917_153651,False,False
True,0,-0.1916666030883789,-0.04166666666666666,True,False,賣出 (動能轉弱),18.100000381469727,2026-09-17 00:00:00,18.492500019073486,-0.044999980926515804,False,False,0.4591457416881376,False,0.00039103008083023086,32.57074459244882,0.00040108772326331085,0.0004195384977905263,-0.26326212153970907,-1.066244965761376,-4.499202883772114,-0.26326212153970907,False,False,False,False,False,False,0.0,False,-0.1401424685278403,中性,6916.TW,華凌,0,v1,phase6a,2026-07-12,0,0,0,0,0,0,v1,568,0.09713375796178345,568,0.09713375796178345,575,0.08598726114649681,^TWII,yfinance,2y,2026-09-17,scan_20260917_153651,False,False
True,0,-2.283334096272786,-1.9500007629394531,True,False,賣出 (動能轉弱),70.9000015258789,2026-09-17 00:00:00,71.35499992370606,-0.109999847412098,False,False,0.5995932669769063,False,0.0015317145162002874,72.67735309087502,0.001534113087619212,0.0015585105971257134,-0.016455087830613557,-0.4122142671657891,-0.33519422166780055,-0.016455087830613557,False,False,False,False,False,False,0.5364893684242353,False,-0.03537412889960667,中性,1504.TW,東元,0,v1,phase6a,2026-07-12,0,0,0,0,0,0,v1,297,0.5286624203821656,297,0.5286624203821656,353,0.4394904458598726,^TWII,yfinance,2y,2026-09-17,scan_20260917_153651,False,False
False,0,-0.949999491373698,-1.1249993642171223,False,True,強烈賣出 (跌破),49.849998474121094,2026-09-17 00:00:00,50.02250003814697,-0.012500000000002842,False,False,0.3039326653182431,False,0.001076952957010912,49.15176984061588,0.0010803726406626094,0.0010997885459550303,-0.03330765609609321,0.13957788924223724,-1.542555263998635,-0.03330765609609321,False,False,False,False,False,False,0.3358311732034208,False,-0.026367231810581204,中性,5530.TWO,龍巖,0,v1,phase6a,2026-07-12,0,0,0,0,0,0,v1,488,0.22452229299363058,488,0.22452229299363058,508,0.1926751592356688,^TWII,yfinance,2y,2026-09-17,scan_20260917_153651,False,False
True,0,-0.9166666666666666,-0.9083334604899088,True,False,賣出 (動能轉弱),38.349998474121094,2026-09-17 00:00:00,38.82500019073486,-0.052500152587889204,True,False,0.9574162640175224,False,0.0008285084357527025,31.31879540024342,0.0008418306030637815,0.000879815210120177,-0.1663043911739437,-0.7075509815761549,-4.975465091717957,-0.1663043911739437,False,False,False,False,False,False,0.0734873740909115,False,-0.0519160012165536,中性,8349.TWO,�矬�,0,v1,phase6a,2026-07-12,0,0,0,0,0,0,v1,602,0.042993630573248405,602,0.042993630573248405,604,0.03980891719745223,^TWII,yfinance,2y,2026-09-17,scan_20260917_153651,False,False
True,0,-1.4749991099039712,-1.4666659037272136,True,False,賣出 (動能轉弱),50.20000076293945,2026-09-17 00:00:00,50.210000610351564,-0.06000003814697408,True,False,1.3915809684349318,False,0.0010845143614530645,61.278295037420335,0.0010981761121876242,0.0012058142498781914,-0.13078032606190781,-1.3076393806977449,-10.02471119034103,-0.13078032606190781,False,False,False,False,False,False,0.0903431284891895,False,-0.2331551903396274,中性,3694.TW,海華,0,v1,phase6a,2026-07-12,0,0,0,0,0,0,v1,440,0.30095541401273884,440,0.30095541401273884,466,0.25955414012738853,^TWII,yfinance,2y,2026-09-17,scan_20260917_153651,False,False
True,0,-4.200000762939453,-3.150001525878906,True,False,賣出 (動能轉弱),86.5,2026-09-17 00:00:00,86.87999992370605,-0.07500000000000284,True,False,1.2744388641195397,False,0.0018687348772900103,66.58467585596573,0.0018822587332392208,0.00209751466989389,-0.07557345452452457,-1.8063149707047366,-5.926318827439148,-0.07557345452452457,False,False,False,False,False,True,0.14920138836479252,False,-0.2575107296137339,中性,3535.TW,晶彩科,0,v1,phase6a,2026-07-12,0,0,0,0,0,0,v1,429,0.3184713375796178,429,0.3184713375796178,455,0.2770700636942675,^TWII,yfinance,2y,2026-09-17,scan_20260917_153651,False,False
True,1,-0.16666666666666666,0.033334096272786454,True,False,賣出 (動能轉弱),93.30000305175781,2026-09-17 00:00:00,93.12000045776367,0.030000305175775566,False,True,0.7607780944829015,False,0.0020156412688333435,42.602279092632386,0.002022608961621747,0.0020847195378746095,-0.03624899794874015,0.1803932448049439,-2.492621593730071,-0.03624899794874015,False,False,False,False,False,False,0.13272301255683,False,-0.02507830692808044,中性,5403.TWO,中菲,0,v1,phase6a,2026-07-12,0,0,2,0,0,0,v1,480,0.2372611464968153,480,0.2372611464968153,502,0.20222929936305734,^TWII,yfinance,2y,2026-09-17,scan_20260917_153651,False,False
True,0,-0.033334096272786454,-0.26666768391927087,True,False,觀察 (跌勢收斂),47.099998474121094,2026-09-17 00:00:00,46.63999996185303,0.02499999999999858,False,True,3.145939544222282,True,0.0010175423106230793,42.4303876250537,0.0010143147803237161,0.0010486614668826348,0.0335057588216392,0.23648477294857528,-3.452870485925441,0.0335057588216392,True,False,False,False,False,True,0.2002008614055633,False,-0.03285425592921054,偏強 (RS上升),5212.TWO,凌網,1,v1,phase6a,2026-07-12,1,2,3,2,1,2,v1,183,0.7101910828025477,183,0.7101910828025477,124,0.804140127388535,^TWII,yfinance,2y,2026-09-17,scan_20260917_153651,False,False
True,0,-2.783332824707031,-2.766666412353515,True,False,賣出 (動能轉弱),59.400001525878906,2026-09-17 00:00:00,60.749999618530275,-0.17499999999999716,False,False,0.6221589679839739,False,0.001283269994942078,43.46844483849872,0.001316625438987338,0.0014282268495064262,-0.26596486584227197,-1.4850746857564046,-7.713392073136582,-0.26596486584227197,False,False,False,False,False,False,0.05782119292791316,False,-0.16573027988949374,中性,6823.TWO,濾能,0,v1,phase6a,2026-07-12,0,0,0,0,0,0,v1,555,0.1178343949044586,555,0.1178343949044586,564,0.1035031847133758,^TWII,yfinance,2y,2026-09-17,scan_20260917_153651,False,False
True,1,0.16666603088378906,0.08333333333333334,True,False,買入 (動能增強),54.099998474121094,2026-09-17 00:00:00,54.01999988555908,0.014999961853028765,False,True,0.6184089599202456,False,0.0011687694105193807,62.66357904112609,0.0011701148456683323,0.001196861027159923,-0.012102026871951832,0.44000605094582923,-0.38944422765480047,-0.012102026871951832,False,False,False,False,False,False,0.6064396792033405,False,-0.0073394775390625,中性,3684.TWO,榮昌,2,v1,phase6a,2026-07-12,0,2,4,2,2,2,v1,75,0.8821656050955414,75,0.8821656050955414,98,0.8455414012738853,^TWII,yfinance,2y,2026-09-17,scan_20260917_153651,False,False
True,1,-0.2666670481363932,-0.2583335240681966,True,False,賣出 (動能轉弱),18.399999618530273,2026-09-17 00:00:00,18.282499980926513,-0.01750001907348775,True,True,0.9097082487099167,False,0.00039751122577191226,28.475814792761188,0.00039739680066657346,0.0003970321456767215,0.0030310040209258204,-0.19990423701110593,-4.30839335161326,0.0030310040209258204,True,True,True,False,False,False,0.455899278928479,False,-0.09582313151773114,中性,6804.TWO,明係,0,v1,phase6a,2026-07-12,1,1,1,1,0,1,v1,554,0.11942675159235669,554,0.11942675159235669,314,0.5015923566878981,^TWII,yfinance,2y,2026-09-17,scan_20260917_153651,False,False
True,1,-0.09166622161865236,-0.09999974568684897,True,False,觀察 (跌勢收斂),23.700000762939453,2026-09-17 00:00:00,23.877499866485596,-0.04499998092651225,False,False,1.5795011049983543,True,0.0005120117689884949,28.76552074293994,0.0005209967215470993,0.0005549399294208585,-0.1812047244537318,-0.4913688397042093,-6.655649023574228,-0.1812047244537318,False,False,False,False,False,False,0.12540293697639054,False,-0.13686547005084493,中性,4523.TWO,永彰,1,v1,phase6a,2026-07-12,0,1,1,1,1,1,v1,172,0.7277070063694268,172,0.7277070063694268,200,0.6831210191082803,^TWII,yfinance,2y,2026-09-17,scan_20260917_153651,False,False
True,0,-13.0,-6.416666666666666,True,False,賣出 (動能轉弱),211.5,2026-09-17 00:00:00,222.775,-0.5749999999999886,False,False,0.43153394985322274,False,0.004569218804009678,64.64602331424118,0.004853020320224391,0.005428321333675691,-0.61180608894007,-2.61880423983768,-9.29884524788025,-0.61180608894007,False,False,False,False,False,False,0.0,False,-0.3991477272727273,中性,6449.TW,鈺邦,0,v1,phase6a,2026-07-12,0,0,0,0,0,0,v1,522,0.17038216560509553,522,0.17038216560509553,538,0.1449044585987261,^TWII,yfinance,2y,2026-09-17,scan_20260917_153651,False,False
True,0,-5.833333333333333,-1.9166666666666665,True,False,賣出 (動能轉弱),158.0,2026-09-17 00:00:00,161.075,-0.20000000000001705,True,False,0.5002054502406985,False,0.0034134116833736605,60.022288091513246,0.0035093163515895203,0.0037289907320727732,-0.28684420688745993,-2.05081331461493,-7.69524214895333,-0.28684420688745993,False,False,False,False,False,False,0.01608814682115731,False,-0.42466073407612404,中性,4551.TW,智伸科,0,v1,phase6a,2026-07-12,0,0,0,0,0,0,v1,454,0.2786624203821656,454,0.2786624203821656,479,0.23885350318471338,^TWII,yfinance,2y,2026-09-17,scan_20260917_153651,False,False
True,0,-0.059999942779541016,-0.03333330154418945,True,False,賣出 (動能轉弱),9.210000038146973,2026-09-17 00:00:00,9.280500030517578,-0.00549998283386266,False,False,0.5005371888141941,False,0.00019897165654482745,43.134746756809456,0.00020179084549031343,0.00020997027814938246,-0.14684558965603056,-0.39117902209386823,-4.399564317474159,-0.14684558965603056,False,False,False,False,False,True,0.04793559186570505,False,-0.1627272692593661,中性,1413.TW,宏洲,0,v1,phase6a,2026-07-12,0,0,0,0,0,0,v1,283,0.5509554140127388,283,0.5509554140127388,340,0.4601910828025478,^TWII,yfinance,2y,2026-09-17,scan_20260917_153651,False,False
False,0,1.700002034505208,1.6666679382324217,False,True,強烈買入 (爆發),83.30000305175781,2026-09-17 00:00:00,81.04500007629395,0.17499999999999716,False,True,0.6302294317180225,False,0.0017996025546957702,48.888839691333295,0.00176731864975229,0.001801397705813542,0.1926564198402536,0.8983206701447255,-1.2191479689887763,0.1926564198402536,True,False,False,False,False,True,0.3460244151955802,False,-0.018845682513131456,偏強 (RS上升),6576.TWO,逸達,3,v1,phase6a,2026-07-12,1,4,5,4,3,4,v1,26,0.9601910828025477,26,0.9601910828025477,26,0.9601910828025477,^TWII,yfinance,2y,2026-09-17,scan_20260917_153651,False,False
True,0,-0.9833335876464843,-1.4500007629394531,True,False,觀察 (跌勢收斂),89.69999694824219,2026-09-17 00:00:00,89.81999931335449,-0.11500015258789631,False,False,0.582478959970122,False,0.0019378671998842504,91.67522075251263,0.0019449677678728128,0.0019634763005942873,-0.03841406033253669,-0.04339910792520163,-2.8397920185695424,-0.03841406033253669,False,False,False,False,False,True,0.2043200898852519,False,-0.04878055095068079,中性,2535.TW,達欣工,1,v1,phase6a,2026-07-12,0,1,1,1,1,1,v1,136,0.785031847133758,136,0.785031847133758,173,0.7261146496815286,^TWII,yfinance,2y,2026-09-17,scan_20260917_153651,False,False
True,0,3.8699645996093746,8.370450337727865,True,False,觀望 (動能減弱),256.5,2026-09-17 00:00:00,259.83969650268557,0.3486801147461165,False,False,0.6192192545297823,False,0.005541393017628759,113.25821195387309,0.005628609435546362,0.005906220358333697,-0.16284174098947224,-0.23205386942394268,1.2953121684220248,-0.16284174098947224,False,False,False,False,False,False,0.28279603836212924,False,-0.24498530077954783,中性,4760.TWO,勤凱,0,v1,phase6a,2026-07-12,0,0,1,0,0,0,v1,458,0.27229299363057324,458,0.27229299363057324,482,0.2340764331210191,^TWII,yfinance,2y,2026-09-17,scan_20260917_153651,False,False
True,0,-0.4666671752929688,-1.266667048136393,True,False,觀察 (跌勢收斂),49.0,2026-09-17 00:00:00,46.420000076293945,0.22749996185302734,False,True,3.104422710684117,True,0.00105858969927411,80.6643090874765,0.0009976716402192185,0.0009882905935361503,0.6468971168349436,1.278232809950497,4.336137585407451,0.6468971168349436,True,True,True,False,False,True,0.707747655393336,False,-0.10909090909090913,偏強 (RS上升),2399.TW,映泰,2,v1,phase6a,2026-07-12,2,4,4,4,2,4,v1,51,0.9203821656050956,51,0.9203821656050956,33,0.9490445859872612,^TWII,yfinance,2y,2026-09-17,scan_20260917_153651,True,False
True,0,-0.3249998092651367,-0.2666667302449544,True,False,賣出 (動能轉弱),21.5,2026-09-17 00:00:00,21.7375,-0.01249999999999929,False,False,0.49554579090541934,False,0.0004644832353957829,41.58561109007026,0.0004698321833560528,0.00048273181397743344,-0.11969661195384562,-0.2924662434713343,-1.8700645314815967,-0.11969661195384562,False,False,False,False,False,False,0.12164924693381701,False,-0.020501172997644646,中性,2020.TW,美亞,0,v1,phase6a,2026-07-12,0,0,0,0,0,0,v1,325,0.4840764331210191,325,0.4840764331210191,379,0.3980891719745223,^TWII,yfinance,2y,2026-09-17,scan_20260917_153651,False,False
True,0,-159.16666666666663,29.99999999999997,True,False,賣出 (動能轉弱),5355.0,2026-09-17 00:00:00,5614.5,-12.25,False,False,0.8047327396784435,False,0.11568873142067058,185.34207278379796,0.11808861326062886,0.10568370816849344,-0.21346671478863488,0.5408848640432007,18.17332767422466,-0.21346671478863488,False,True,True,False,False,False,0.7702425861209768,False,-0.10601001669449084,中性,3653.TW,健策,0,v1,phase6a,2026-07-12,0,0,0,0,0,0,v1,434,0.3105095541401274,434,0.3105095541401274,460,0.26910828025477707,^TWII,yfinance,2y,2026-09-17,scan_20260917_153651,False,False
True,1,-0.9916664759318032,-0.9249995549519856,True,False,賣出 (動能轉弱),20.049999237060547,2026-09-17 00:00:00,20.8625,-0.06750001907348491,True,False,1.1017756322271999,False,0.0004331576053633889,36.824919034412446,0.0004542973173975409,0.0004730913633739392,-0.48743109064701695,-1.8030546080663346,-10.507100965343119,-0.48743109064701695,False,False,False,False,False,False,0.10762060119232439,False,-0.31569966692354035,中性,3288.TWO,點晶,0,v1,phase6a,2026-07-12,0,0,0,0,0,0,v1,414,0.34235668789808915,414,0.34235668789808915,444,0.2945859872611465,^TWII,yfinance,2y,2026-09-17,scan_20260917_153651,False,False
True,0,-0.18333307902018228,-0.15833314259847003,True,False,賣出 (動能轉弱),18.200000762939453,2026-09-17 00:00:00,18.022500038146973,0.010000038146973367,False,True,1.1309626592348454,False,0.0003931904762128295,23.866566653661664,0.0003914806138655179,0.0004135669678094816,0.045996734275610685,0.1368326583973678,-3.4094743670989303,0.045996734275610685,True,False,False,False,False,False,0.20302726715839112,False,-0.13126491168748544,中性,1584.TWO,精剛,0,v1,phase6a,2026-07-12,0,0,2,0,0,0,v1,303,0.5191082802547771,303,0.5191082802547771,359,0.4299363057324841,^TWII,yfinance,2y,2026-09-17,scan_20260917_153651,False,False
False,0,-2.7666664123535156,-1.6666666666666665,False,True,強烈賣出 (跌破),69.9000015258789,2026-09-17 00:00:00,73.00500030517578,-0.10499992370604616,True,False,2.4460047995733714,True,0.0015101106447865302,43.303838451886165,0.0015577213920432936,0.001546995457841355,-0.3206982540684078,-0.19718317163848198,3.9058838843946786,-0.3206982540684078,False,False,True,False,False,False,0.5862149078243754,False,-0.07905138180997584,中性,6597.TWO,立誠,0,v1,phase6a,2026-07-12,0,0,0,0,0,0,v1,534,0.15127388535031847,534,0.15127388535031847,547,0.1305732484076433,^TWII,yfinance,2y,2026-09-17,scan_20260917_153651,False,False
True,0,0.206666628519694,0.19666671752929685,True,False,買入 (動能增強),8.359999656677246,2026-09-17 00:00:00,8.34500002861023,-0.0055000305175774145,True,True,0.8492097341847115,False,0.00018060835760191077,32.09327639432474,0.00018305127511528016,0.0001953807608673098,-0.140282266282854,-0.006188255858208258,-6.604678473652492,-0.140282266282854,False,False,False,False,False,False,0.11907533874902936,False,-0.10107532416978804,中性,6616.TWO,特昇-KY,2,v1,phase6a,2026-07-12,0,2,3,2,2,2,v1,88,0.8614649681528662,88,0.8614649681528662,106,0.8328025477707006,^TWII,yfinance,2y,2026-09-17,scan_20260917_153651,False,False
True,1,-6.583333333333333,-3.083333333333333,True,False,賣出 (動能轉弱),274.5,2026-09-17 00:00:00,276.625,0.30000000000001137,False,False,1.083816731359657,False,0.005930262703076391,99.67145789949859,0.005981812639340663,0.006168825805893849,-0.09063124300192626,-0.5650701323390517,-1.6135928803115873,-0.09063124300192626,False,False,False,False,False,False,0.29640781860965454,False,-0.18750097104427277,中性,6239.TW,力成,0,v1,phase6a,2026-07-12,0,0,1,0,0,0,v1,514,0.18312101910828024,514,0.18312101910828024,530,0.15764331210191082,^TWII,yfinance,2y,2026-09-17,scan_20260917_153651,False,False
False,0,-0.920263926188151,-1.6037381490071614,False,True,強烈賣出 (跌破),79.30000305175781,2026-09-17 00:00:00,77.68591499328613,0.06896324157715128,False,True,1.12614972266516,False,0.001713187069040741,32.949663274279025,0.0016847671610830423,0.0017720674025786401,0.1778815956925417,0.21919598888382463,-3.0051974540069137,0.1778815956925417,True,False,False,False,False,True,0.367647347980525,False,-0.0948863654175518,偏強 (RS上升),2439.TW,美律,0,v1,phase6a,2026-07-12,1,1,2,1,0,1,v1,360,0.428343949044586,360,0.428343949044586,286,0.5461783439490446,^TWII,yfinance,2y,2026-09-17,scan_20260917_153651,False,False
True,1,-0.30854860941569007,-0.2898476918538411,True,False,賣出 (動能轉弱),43.20000076293945,2026-09-17 00:00:00,43.029114151000975,0.022030258178709516,False,True,0.7419971348822026,False,0.0009332872615567632,39.245172027169176,0.0009329006886468818,0.0009470187993482889,0.004362057049500656,0.0644296423300661,-2.2930476524788967,0.004362057049500656,True,False,False,False,False,True,0.32992348480622297,False,-0.014762526767601258,偏強 (RS上升),1339.TW,昭輝,0,v1,phase6a,2026-07-12,1,1,2,1,0,1,v1,281,0.554140127388535,281,0.554140127388535,277,0.5605095541401274,^TWII,yfinance,2y,2026-09-17,scan_20260917_153651,False,False
True,0,0.7833328247070311,0.9333330790201821,True,False,觀望 (動能減弱),58.79999923706055,2026-09-17 00:00:00,58.11000003814697,0.07499999999999574,False,True,0.16500152626411793,False,0.001270307622646486,41.005095857885664,0.0012720635539881593,0.0013496803200980338,-0.014528206888553274,0.19857828485112528,-4.9655978335628514,-0.014528206888553274,False,False,False,False,False,False,0.15463156666178365,False,-0.12107626463483767,中性,6846.TWO,綠茵,0,v1,phase6a,2026-07-12,0,0,2,0,0,0,v1,558,0.11305732484076433,558,0.11305732484076433,567,0.09872611464968153,^TWII,yfinance,2y,2026-09-17,scan_20260917_153651,False,False
True,1,-0.23333263397216797,-0.2416661580403646,True,False,觀察 (跌勢收斂),30.200000762939453,2026-09-17 00:00:00,30.29500017166138,-0.03249998092651296,True,False,0.9663974032680461,False,0.0006524369331779177,22.764170441406172,0.0006660482235027617,0.0007475418143787023,-0.2146529147851517,-0.7710706682306556,-10.21625655312689,-0.2146529147851517,False,False,False,False,False,False,0.07150665968119517,False,-0.2052631378173828,中性,6908.TW,宏�砦C戲-創,1,v1,phase6a,2026-07-12,0,1,1,1,1,1,v1,235,0.6273885350318471,235,0.6273885350318471,249,0.6050955414012739,^TWII,yfinance,2y,2026-09-17,scan_20260917_153651,False,False
True,0,0.38333511352539057,0.10000228881835935,True,False,買入 (動能增強),78.5,2026-09-17 00:00:00,78.46000061035156,0.020000076293939628,False,True,0.37600778639526683,False,0.0016959039059799516,48.75132622484567,0.0017040579640506413,0.0017412759702017755,-0.05034393238247947,0.2061297563455522,-2.6900185915964325,-0.05034393238247947,False,False,False,False,False,False,0.21146072818172215,False,-0.012578616352201255,中性,5609.TWO,中菲行,4,v1,phase6a,2026-07-12,0,4,6,4,4,4,v1,8,0.9888535031847133,8,0.9888535031847133,12,0.982484076433121,^TWII,yfinance,2y,2026-09-17,scan_20260917_153651,False,True
True,2,-0.07499996821085612,-0.0666666030883789,True,False,賣出 (動能轉弱),13.899999618530273,2026-09-17 00:00:00,13.922499799728394,-0.0025000095367424535,False,False,1.4139355077930782,False,0.0003002938044100042,32.38331283074249,0.00030230263903181873,0.00030987597281688514,-0.06989964410263338,-0.07840068198441408,-3.2753578433083907,-0.06989964410263338,False,False,False,False,False,False,0.20834055446286992,False,-0.02797206761324067,中性,5533.TW,皇鼎,0,v1,phase6a,2026-07-12,0,0,0,0,0,0,v1,489,0.2229299363057325,489,0.2229299363057325,509,0.1910828025477707,^TWII,yfinance,2y,2026-09-17,scan_20260917_153651,False,False
True,0,-0.7499974568684896,-0.8333320617675781,True,False,觀察 (跌勢收斂),76.9000015258789,2026-09-17 00:00:00,77.29500045776368,-0.02999992370604332,False,False,0.772306279948693,False,0.0016613377446828316,51.19354795145406,0.0016755982307742028,0.0017093408264487857,-0.08950595639426462,-0.20084068927238574,-2.9837910528903167,-0.08950595639426462,False,False,False,False,False,False,0.18826346931980983,False,-0.01913265268885067,中性,1726.TW,永記,1,v1,phase6a,2026-07-12,0,1,1,1,1,1,v1,121,0.8089171974522293,121,0.8089171974522293,160,0.7468152866242038,^TWII,yfinance,2y,2026-09-17,scan_20260917_153651,False,False
True,0,-0.6499996185302734,-0.5583330790201823,True,False,賣出 (動能轉弱),37.75,2026-09-17 00:00:00,37.97749996185303,0.020000076293946734,False,False,0.5077156241388813,False,0.0008155461458693398,34.65019166988381,0.0008178352912178188,0.0008178818912407324,-0.029454793134042756,0.0360684424715485,0.6882933790862911,-0.029454793134042756,False,False,False,False,False,True,0.6385278940661647,False,-0.027061836538842532,中性,2948.TWO,寶陞,0,v1,phase6a,2026-07-12,1,1,1,1,0,1,v1,391,0.37898089171974525,391,0.37898089171974525,294,0.5334394904458599,^TWII,yfinance,2y,2026-09-17,scan_20260917_153651,False,False
False,0,-0.8759803771972656,-0.5838769276936848,False,True,強烈賣出 (跌破),22.299999237060547,2026-09-17 00:00:00,22.999862003326417,-0.02728395462036204,False,False,0.6460352806304657,False,0.00048176631604434294,37.78345641976466,0.00050295500201786,0.0005516646268158101,-0.44149891134930286,-2.102059778567966,-10.830927573836869,-0.44149891134930286,False,False,False,False,False,False,0.0,False,-0.20396177313375363,中性,4582.TW,聚恆-創,0,v1,phase6a,2026-07-12,0,0,0,0,0,0,v1,455,0.2770700636942675,455,0.2770700636942675,480,0.2372611464968153,^TWII,yfinance,2y,2026-09-17,scan_20260917_153651,False,False
True,1,0.5166670481363932,0.6166667938232421,True,False,觀望 (動能減弱),52.900001525878906,2026-09-17 00:00:00,51.354999732971194,0.09500007629394958,False,True,1.0502010265186708,False,0.0011428448307526553,40.937169652622224,0.0011250534833417414,0.0012056199182241293,0.1667383881434059,-0.16295751003502223,-5.446989277162595,0.1667383881434059,True,False,False,False,False,True,0.11130259500322248,False,-0.2716701407519234,中性,2363.TW,矽統,0,v1,phase6a,2026-07-12,0,0,2,0,0,0,v1,345,0.45222929936305734,345,0.45222929936305734,397,0.36942675159235666,^TWII,yfinance,2y,2026-09-17,scan_20260917_153651,False,False
True,0,-0.46666590372721356,-0.41666603088378906,True,False,賣出 (動能轉弱),52.79999923706055,2026-09-17 00:00:00,53.130000305175784,-0.030000114440916548,False,False,1.1452227747603148,False,0.001140684394163942,41.816869077461526,0.001153505571265514,0.0011927371159504974,-0.1168629301782742,-0.29798316723633755,-3.7093624624808252,-0.1168629301782742,False,False,False,False,False,False,0.0595408511434537,False,-0.03841951305183422,中性,2373.TW,震旦行,0,v1,phase6a,2026-07-12,0,0,0,0,0,0,v1,346,0.45063694267515925,346,0.45063694267515925,398,0.3678343949044586,^TWII,yfinance,2y,2026-09-17,scan_20260917_153651,False,False
True,0,-0.4083337783813477,-0.9333337148030599,True,False,觀察 (跌勢收斂),23.950000762939453,2026-09-16 00:00:00,23.337500190734865,0.03250007629394602,False,True,0.5966349787200191,False,0.0005223680738063414,33.405112984702896,0.000510294254788077,0.0005581507343229827,0.24967977922050189,-0.10013171748417538,-8.1364010496081,0.24967977922050189,True,False,False,False,False,True,0.3042396879281785,False,-0.17979451585026274,中性,8455.TWO,大拓-KY,1,v1,phase6a,2026-07-12,0,1,3,1,1,1,v1,252,0.6003184713375797,252,0.6003184713375797,265,0.5796178343949044,^TWII,yfinance,2y,2026-09-17,scan_20260917_153651,False,False
True,0,-0.024999618530273438,0.008333841959635421,True,False,賣出 (動能轉弱),41.0,2026-09-17 00:00:00,41.04750022888184,0.014999961853028765,False,False,0.6082915217430213,False,0.0008857587279640512,43.24432190107492,0.0008899412015373714,0.0009019934277573578,-0.04944626488435633,0.08567155444196839,-1.6575374693452716,-0.04944626488435633,False,False,False,False,False,True,0.3159707992551806,False,-0.012048192771084376,中性,8481.TW,政伸,0,v1,phase6a,2026-07-12,1,1,1,1,0,1,v1,617,0.01910828025477707,617,0.01910828025477707,322,0.4888535031847134,^TWII,yfinance,2y,2026-09-17,scan_20260917_153651,False,False
True,0,4.25,8.25,True,False,觀望 (動能減弱),180.5,2026-09-17 00:00:00,175.75,0.5749999999999886,False,True,1.0726538728207855,False,0.003899498790183201,102.3757232324536,0.003864631594596063,0.003956422275834948,0.0950600321761863,0.0695995658586579,-3.123110224029302,0.0950600321761863,True,False,False,False,False,True,0.19201853583557196,False,-0.34562030066869354,偏強 (RS上升),6693.TWO,廣閎科,0,v1,phase6a,2026-07-12,1,1,2,1,0,1,v1,542,0.13853503184713375,542,0.13853503184713375,312,0.5047770700636943,^TWII,yfinance,2y,2026-09-17,scan_20260917_153651,False,False
True,0,-0.14119752248128253,-0.08158524831136067,True,False,賣出 (動能轉弱),18.049999237060547,2026-09-17 00:00:00,18.232473850250244,-0.006023025512696734,False,False,0.396925028548132,False,0.0003899498625358742,25.08322009432625,0.00039439212957807627,0.00040651199446730264,-0.11842358531125585,-0.19222489387902275,-1.3559379215148715,-0.11842358531125585,False,False,False,False,False,False,0.10452253824592875,False,-0.026954179006167478,中性,2062.TW,橋椿,0,v1,phase6a,2026-07-12,0,0,0,0,0,0,v1,328,0.47929936305732485,328,0.47929936305732485,382,0.39331210191082805,^TWII,yfinance,2y,2026-09-17,scan_20260917_153651,False,False
True,0,-0.24166695276896158,-0.12500031789143878,True,False,賣出 (動能轉弱),11.550000190734863,2026-09-17 00:00:00,11.967499923706054,-0.03750000000000142,False,False,2.1339327652150573,True,0.0002495247189495088,38.91252794354893,0.0002597776302463398,0.0002710891089187506,-0.41373407666773776,-0.8255748939369534,-5.605493205183776,-0.41373407666773776,False,False,False,False,False,False,0.0,False,-0.13337464055348147,中性,1465.TW,偉全,0,v1,phase6a,2026-07-12,0,0,0,0,0,0,v1,292,0.5366242038216561,292,0.5366242038216561,349,0.445859872611465,^TWII,yfinance,2y,2026-09-17,scan_20260917_153651,False,False
True,1,-4.583333333333333,-3.333333333333333,True,False,賣出 (動能轉弱),118.0,2026-09-17 00:00:00,121.8,-0.5250000000000057,True,False,0.48328525077785,False,0.002549256826823367,113.50297521833963,0.0026528142542087186,0.002876070670037377,-0.4092322820780425,-1.7694812640534519,-8.463241506977825,-0.4092322820780425,False,False,False,False,False,True,0.020674760024108157,False,-0.4986620287206295,中性,2478.TW,大毅,0,v1,phase6a,2026-07-12,0,0,0,0,0,0,v1,364,0.42197452229299365,364,0.42197452229299365,408,0.3519108280254777,^TWII,yfinance,2y,2026-09-17,scan_20260917_153651,False,False
True,0,-0.31666628519694007,-0.08333333333333331,True,False,賣出 (動能轉弱),54.400001525878906,2026-09-17 00:00:00,55.0649995803833,-0.039999961853027344,True,False,0.4188856359496259,False,0.0011752506378732914,41.331827624605836,0.0011948249005512145,0.0012259204454941179,-0.17215088347628527,-0.3674274852809245,-3.195350184027812,-0.17215088347628527,False,False,False,False,False,False,0.16314270774419762,False,-0.03374773955469135,中性,9937.TW,全國,0,v1,phase6a,2026-07-12,0,0,0,0,0,0,v1,627,0.0031847133757961785,627,0.0031847133757961785,627,0.0031847133757961785,^TWII,yfinance,2y,2026-09-17,scan_20260917_153651,False,False
True,0,0.2583335240681966,0.2666664123535156,True,False,觀望 (動能減弱),32.400001525878906,2026-09-17 00:00:00,31.505000114440918,0.07000007629394389,False,True,1.2499358443582702,False,0.0006999654667706296,39.941303338269094,0.0006842402148914524,0.000695098058417788,0.24250310991835722,0.3877409829951217,-0.662259540245369,0.24250310991835722,True,True,False,False,False,True,0.6982608811841048,False,-0.021147945030555615,偏強 (RS上升),2353.TW,宏��,0,v1,phase6a,2026-07-12,1,1,2,1,0,1,v1,344,0.4538216560509554,344,0.4538216560509554,281,0.554140127388535,^TWII,yfinance,2y,2026-09-17,scan_20260917_153651,False,False
True,0,-2.583333333333333,2.1500002543131504,True,False,賣出 (動能轉弱),96.0,2026-09-17 00:00:00,96.33000030517579,1.059999847412115,False,False,1.087217941082098,False,0.002073971655720705,187.11473748954973,0.0020099092209155196,0.001771514691480787,0.33663784432516053,2.2614104873373675,36.22018435132779,0.33663784432516053,True,True,True,False,False,True,0.8079076830270356,False,-0.10697674418604652,偏強 (RS上升),2426.TW,鼎元,0,v1,phase6a,2026-07-12,2,2,1,2,0,2,v1,358,0.4315286624203822,358,0.4315286624203822,136,0.785031847133758,^TWII,yfinance,2y,2026-09-17,scan_20260917_153651,False,False
True,0,-0.3666674296061198,-0.21666653951009113,True,False,賣出 (動能轉弱),36.349998474121094,2026-09-17 00:00:00,36.5024995803833,0.004999923706051845,False,False,0.8261950801518927,False,0.0007853006929251878,35.89029077472823,0.0007942194215941414,0.0008388807527013524,-0.11806625431441953,-0.4148276061711198,-4.855268306137339,-0.11806625431441953,False,False,False,False,False,False,0.11710940988872091,False,-0.12091898874262963,中性,2387.TW,精元,0,v1,phase6a,2026-07-12,0,0,1,0,0,0,v1,353,0.4394904458598726,353,0.4394904458598726,402,0.3614649681528662,^TWII,yfinance,2y,2026-09-17,scan_20260917_153651,False,False
True,1,0.02333291371663411,0.011666456858317057,True,False,買入 (動能增強),9.779999732971191,2026-09-17 00:00:00,9.84500002861023,-0.008500003814697621,False,False,2.9397262000409596,True,0.0002112858566576908,30.638343185080938,0.00021431962987992974,0.0002235877583513759,-0.14878218206082483,0.14297654432986473,-4.240068991724566,-0.14878218206082483,False,False,False,False,False,False,0.12432080865775111,False,-0.10684932389715407,中性,8176.TWO,智捷,2,v1,phase6a,2026-07-12,0,2,2,2,2,2,v1,95,0.8503184713375797,95,0.8503184713375797,109,0.8280254777070064,^TWII,yfinance,2y,2026-09-17,scan_20260917_153651,False,False
True,3,0.0,0.0,True,False,賣出 (動能轉弱),30.350000381469727,2026-09-17 00:00:00,30.350000381469727,0.0,False,False,0.3597898827084982,False,0.0006556775056487583,46.84482586243044,0.000659552763573271,0.0006783646229049744,-0.06181002835137228,0.1026379225093299,-3.0099357150718764,-0.06181002835137228,False,False,False,False,False,False,0.1232459737175392,False,-0.0016447117660511879,中性,5523.TWO,豐謙,0,v1,phase6a,2026-07-12,0,0,0,0,0,0,v1,487,0.22611464968152867,487,0.22611464968152867,507,0.1942675159235669,^TWII,yfinance,2y,2026-09-17,scan_20260917_153651,False,False
True,1,-0.1833333969116211,-0.1416667302449544,True,False,賣出 (動能轉弱),14.850000381469727,2026-09-17 00:00:00,14.964999914169312,-0.01749997138977122,False,False,5.778802513836736,True,0.0003208174987355195,24.07551414171954,0.00032517357079378837,0.00034148982249281804,-0.14081348069177047,-0.3618220157562413,-4.619364645160095,-0.14081348069177047,False,False,False,False,False,False,0.09091005902585363,False,-0.07187497615814209,中性,4528.TWO,江興鍛,0,v1,phase6a,2026-07-12,0,0,0,0,0,0,v1,452,0.2818471337579618,452,0.2818471337579618,477,0.24203821656050956,^TWII,yfinance,2y,2026-09-17,scan_20260917_153651,False,False
True,0,-1.7583332061767578,-1.4000002543131511,True,False,賣出 (動能轉弱),43.20000076293945,2026-09-17 00:00:00,40.01250038146973,0.5375000000000014,False,True,2.4713374532641037,True,0.0009332872615567632,101.00983694724565,0.0008461408773644423,0.0008353597638611292,1.0960166064646781,1.7724666254359533,18.4265073024269,1.0960166064646781,True,True,True,False,False,True,0.9627305676552428,False,-0.002309433623165158,偏強 (RS上升),2489.TW,瑞軒,0,v1,phase6a,2026-07-12,2,2,2,2,0,2,v1,365,0.42038216560509556,365,0.42038216560509556,137,0.7834394904458599,^TWII,yfinance,2y,2026-09-17,scan_20260917_153651,False,False
True,0,-0.05000003178914389,0.024999936421712235,True,False,賣出 (動能轉弱),11.699999809265137,2026-09-17 00:00:00,12.212500047683715,-0.055000019073487394,False,False,1.2197604762329188,False,0.0002527652914203495,30.27435444902241,0.0002671944690215303,0.0002849999917871612,-0.5652346316918244,-0.6197569662798164,-8.75864231123491,-0.5652346316918244,False,False,False,False,False,False,0.0639780582245254,False,-0.17605634039296347,中性,8067.TWO,志旭,0,v1,phase6a,2026-07-12,0,0,0,0,0,0,v1,591,0.06050955414012739,591,0.06050955414012739,595,0.054140127388535034,^TWII,yfinance,2y,2026-09-17,scan_20260917_153651,False,False
True,0,-0.16666666666666666,-0.15833314259847003,True,False,賣出 (動能轉弱),20.549999237060547,2026-09-17 00:00:00,20.45750026702881,0.004999923706055398,False,True,0.8838920389009629,False,0.0004439595410702676,42.966642642284896,0.0004432393076354407,0.0004514861864114902,0.01710746640188887,0.14056383417413443,-1.723498942566215,0.01710746640188887,True,False,False,False,False,True,0.2903492209653574,False,-0.014388543833112055,偏強 (RS上升),6512.TWO,啟發電,0,v1,phase6a,2026-07-12,1,1,2,1,0,1,v1,527,0.1624203821656051,527,0.1624203821656051,310,0.5079617834394905,^TWII,yfinance,2y,2026-09-17,scan_20260917_153651,False,False
False,0,-62.33333333333332,-44.5,False,True,強烈賣出 (跌破),556.0,2026-09-17 00:00:00,582.5,-0.7000000000000455,False,False,0.10161836832057272,False,0.012011752506049083,194.79692481892,0.012183199955308734,0.011769773441695308,-0.1479119293329334,-2.351229001428612,9.646073312515547,-0.1479119293329334,False,True,True,False,False,False,0.7267166479536252,False,-0.11605723370429255,中性,4979.TWO,華星光,0,v1,phase6a,2026-07-12,0,0,0,0,0,0,v1,465,0.2611464968152866,465,0.2611464968152866,488,0.22452229299363058,^TWII,yfinance,2y,2026-09-17,scan_20260917_153651,False,False
True,1,-0.1633335749308268,-0.14333359400431314,True,False,賣出 (動能轉弱),9.119999885559082,2026-09-17 00:00:00,9.158500003814698,0.0019999980926517225,False,False,1.587250492713309,True,0.00019702730482110012,15.942564681629424,0.00019874498849703918,0.00021615758713961007,-0.09089258931878064,-0.520619106910003,-3.961666874339609,-0.09089258931878064,False,False,False,False,False,False,0.07270040318061126,False,-0.10147781001792155,中性,8437.TWO,大地-KY,0,v1,phase6a,2026-07-12,0,0,1,0,0,0,v1,611,0.028662420382165606,611,0.028662420382165606,613,0.025477707006369428,^TWII,yfinance,2y,2026-09-17,scan_20260917_153651,False,False
True,1,-0.08333333333333331,-0.4333337148030599,True,False,觀察 (跌勢收斂),38.400001525878906,2026-09-17 00:00:00,37.900000381469724,-0.03249988555908345,False,True,0.5426284951487723,False,0.0008295886952531737,46.05511091408884,0.000820023199793936,0.0008534099193126898,0.12293946433818981,0.6324597568141188,-1.1133332516645944,0.12293946433818981,True,False,False,False,False,True,0.19335466957056507,False,-0.19581148636902812,偏強 (RS上升),6101.TWO,寬魚國際,1,v1,phase6a,2026-07-12,1,2,2,2,1,2,v1,200,0.6831210191082803,200,0.6831210191082803,128,0.7977707006369427,^TWII,yfinance,2y,2026-09-17,scan_20260917_153651,False,False
True,0,-1.8249998092651365,-1.6250003178914385,True,False,賣出 (動能轉弱),32.95000076293945,2026-09-17 00:00:00,32.9274998664856,0.09000005722045756,False,True,0.8219146319322834,False,0.0007118475795657504,43.53181759787187,0.0007060869500407357,0.0007341329540660445,0.0859530485717297,-0.37523252416018504,0.8992726426236164,0.0859530485717297,True,False,False,False,False,False,0.4039271528050685,False,-0.15404364268226,中性,2340.TW,台亞,0,v1,phase6a,2026-07-12,0,0,2,0,0,0,v1,342,0.4570063694267516,342,0.4570063694267516,395,0.37261146496815284,^TWII,yfinance,2y,2026-09-17,scan_20260917_153651,False,False
True,0,-0.15166648228963214,-0.15499981244405112,True,False,觀察 (跌勢收斂),4.880000114440918,2026-09-17 00:00:00,4.921000003814697,-0.001499986648559215,False,False,0.4373183856478216,False,0.00010542689497150273,27.047725714798847,0.00010629598930174164,0.00011099045057949577,-0.08599096416366248,-0.4319392696883195,-3.2699856394028504,-0.08599096416366248,False,False,False,False,False,False,0.2394290928970257,False,-0.07924529456209528,中性,5907.TW,大洋-KY,1,v1,phase6a,2026-07-12,0,1,1,1,1,1,v1,199,0.6847133757961783,199,0.6847133757961783,220,0.6512738853503185,^TWII,yfinance,2y,2026-09-17,scan_20260917_153651,False,False
False,0,1.9500001271565754,1.3833332061767578,False,True,強烈買入 (爆發),51.20000076293945,2026-09-17 00:00:00,45.06750011444092,0.375,False,True,3.4563404274508143,True,0.0011061182328668219,39.33692018485361,0.0009899544248099697,0.0010519194382783265,1.2506326998294348,1.9203029243313186,-1.2670000125185266,1.2506326998294348,True,True,False,False,False,True,0.3212553588262788,False,-0.2448377808500406,偏強 (RS上升),6742.TW,澤米,3,v1,phase6a,2026-07-12,1,4,5,4,3,4,v1,27,0.9585987261146497,27,0.9585987261146497,27,0.9585987261146497,^TWII,yfinance,2y,2026-09-17,scan_20260917_153651,False,False
True,1,-0.14166673024495444,-0.15833314259847003,True,False,觀察 (跌勢收斂),21.299999237060547,2026-09-17 00:00:00,21.402500057220458,-0.010000038146973367,False,False,1.2682512431353243,False,0.0004601624446305856,48.23519778122376,0.00046343997925904544,0.00046851005684812674,-0.07438870550329213,-0.0728933818725519,-2.005935642003298,-0.07438870550329213,False,False,False,False,False,False,0.3669325284453461,False,-0.016166299659892913,中性,9905.TW,大華,1,v1,phase6a,2026-07-12,0,1,1,1,1,1,v1,258,0.5907643312101911,258,0.5907643312101911,270,0.571656050955414,^TWII,yfinance,2y,2026-09-17,scan_20260917_153651,False,False
True,0,-0.925000508626302,-1.0000003178914387,True,False,觀察 (跌勢收斂),24.299999237060547,2026-09-17 00:00:00,23.39749994277954,-0.08500003814697266,True,True,1.005343544997727,False,0.0005249740588718577,71.50020006587904,0.0004956681746447233,0.00046907860074195905,0.6262554249294006,0.37167217508273787,7.907193967684578,0.6262554249294006,True,True,True,False,False,True,0.7424201169663648,False,-0.06538464472844052,偏強 (RS上升),6108.TW,競國,1,v1,phase6a,2026-07-12,2,3,2,3,1,3,v1,201,0.6815286624203821,201,0.6815286624203821,76,0.8805732484076433,^TWII,yfinance,2y,2026-09-17,scan_20260917_153651,False,False
True,0,-0.05833339691162109,-0.07500012715657552,True,False,觀察 (跌勢收斂),10.100000381469727,2026-09-17 00:00:00,10.032000064849854,0.0025000095367424535,False,True,0.7153965785381027,False,0.0002181991095201721,44.8369996570321,0.0002178717254640081,0.00022351443135378165,0.01581982759326639,0.23542336803266117,-2.891768808962425,0.01581982759326639,True,False,False,False,False,True,0.1637416441581535,False,-0.028846081544659063,偏強 (RS上升),4406.TWO,新昕纖,1,v1,phase6a,2026-07-12,1,2,3,2,1,2,v1,170,0.7308917197452229,170,0.7308917197452229,121,0.8089171974522293,^TWII,yfinance,2y,2026-09-17,scan_20260917_153651,False,False
True,0,-1.3833338419596353,-1.533333460489909,True,False,觀察 (跌勢收斂),43.0,2026-09-17 00:00:00,44.13000011444092,-0.11499996185303019,False,False,0.4605263157894737,False,0.0009289664707915658,26.135429546880594,0.0009564956353364666,0.0010335834395110396,-0.30204571627719945,-1.0001638881184882,-6.026888341911829,-0.30204571627719945,False,False,False,False,False,False,0.08833946003847072,False,-0.07526881720430112,中性,7839.TWO,達人網,1,v1,phase6a,2026-07-12,0,1,1,1,1,1,v1,245,0.6114649681528662,245,0.6114649681528662,259,0.589171974522293,^TWII,yfinance,2y,2026-09-17,scan_20260917_153651,False,False
True,1,0.3333326975504557,0.56666628519694,True,False,觀望 (動能減弱),43.75,2026-09-17 00:00:00,43.25750026702881,0.05457763671875426,False,True,0.47542112694563476,False,0.0009451693743518838,64.95278663858842,0.0009419501935175913,0.0009354858583323913,0.035987368545820075,0.019203487592101,-2.9288766098961583,0.035987368545820075,True,True,True,False,False,True,0.350066976246902,False,-0.10337186996546721,偏強 (RS上升),2527.TW,宏璟,0,v1,phase6a,2026-07-12,2,2,2,2,0,2,v1,369,0.4140127388535032,369,0.4140127388535032,138,0.7818471337579618,^TWII,yfinance,2y,2026-09-17,scan_20260917_153651,False,False
True,0,0.05000050862630208,0.05000114440917968,True,False,觀望 (動能減弱),34.099998474121094,2026-09-17 00:00:00,34.025000381469724,0.004999923706051845,False,True,1.0249450691482487,False,0.0007366919822442338,51.73693076751942,0.0007387856267743019,0.0007561689034267209,-0.029821629545612183,0.12445045221065598,-2.4206857276788063,-0.029821629545612183,False,False,False,False,False,False,0.21572327626347346,False,-0.007278020701757759,中性,9931.TW,欣高,0,v1,phase6a,2026-07-12,0,0,2,0,0,0,v1,626,0.004777070063694267,626,0.004777070063694267,626,0.004777070063694267,^TWII,yfinance,2y,2026-09-17,scan_20260917_153651,False,False
True,0,-6.833333333333333,-6.75,True,False,賣出 (動能轉弱),281.0,2026-09-17 00:00:00,282.275,-0.30000000000001137,True,False,0.916531683222367,False,0.006070687867265814,40.1480374097583,0.00617577645106362,0.006674726471780638,-0.17879820776107724,-1.4329504578164398,-9.901097443214802,-0.17879820776107724,False,False,False,False,False,False,0.034863801096905137,False,-0.26439790575916233,中性,3413.TW,京鼎,0,v1,phase6a,2026-07-12,0,0,0,0,0,0,v1,419,0.3343949044585987,419,0.3343949044585987,448,0.28821656050955413,^TWII,yfinance,2y,2026-09-17,scan_20260917_153651,False,False
True,0,-0.40015729268391925,-0.5885833104451498,True,False,觀察 (跌勢收斂),20.25,2026-09-17 00:00:00,20.36671323776245,-0.013008499145509944,False,False,0.8298951898037564,False,0.00043747839612858625,38.495132168847526,0.0004411692472673938,0.00046498454870174067,-0.08798637080369431,0.3552793359963946,-3.380296564981966,-0.08798637080369431,False,False,False,False,False,True,0.21055096794422534,False,-0.13731642088151452,中性,3128.TWO,昇銳,1,v1,phase6a,2026-07-12,1,2,1,2,1,2,v1,150,0.7627388535031847,150,0.7627388535031847,119,0.8121019108280255,^TWII,yfinance,2y,2026-09-17,scan_20260917_153651,False,False
True,0,-0.28333282470703125,-0.2666664123535156,True,False,賣出 (動能轉弱),50.900001525878906,2026-09-17 00:00:00,51.38999996185303,-0.029999923706050424,False,False,1.0098050264848417,False,0.0010996370879251406,31.72727652548024,0.0011151877633775965,0.001153651047371061,-0.14656850263460308,-0.1763368243209107,-3.370055729600119,-0.14656850263460308,False,False,False,False,False,False,0.06059533650367909,False,-0.024904199579696362,中性,6281.TW,全國電,0,v1,phase6a,2026-07-12,0,0,0,0,0,0,v1,519,0.1751592356687898,519,0.1751592356687898,535,0.14968152866242038,^TWII,yfinance,2y,2026-09-17,scan_20260917_153651,False,False
True,0,-0.15833346048990884,-0.1416667302449544,True,False,賣出 (動能轉弱),13.899999618530273,2026-09-17 00:00:00,13.944999980926514,-0.0025000095367424535,False,False,0.5699291717127234,False,0.0003002938044100042,32.256911310893926,0.0003017897060758984,0.0003051806052389451,-0.05214929934932444,-0.200679182467145,-2.169408982263632,-0.05214929934932444,False,False,False,False,False,True,0.3334121845362736,False,-0.01766784499927543,中性,3266.TW,昇陽,0,v1,phase6a,2026-07-12,0,0,0,0,0,0,v1,411,0.3471337579617834,411,0.3471337579617834,441,0.29936305732484075,^TWII,yfinance,2y,2026-09-17,scan_20260917_153651,False,False
True,1,-0.041666348775227874,0.025000095367431634,True,False,賣出 (動能轉弱),12.300000190734863,2026-09-17 00:00:00,11.929999923706054,0.037499999999999645,False,True,1.9850265115307064,True,0.00026572762250982683,51.52147910589626,0.0002582888516487082,0.00026253165995303096,0.304081865861372,0.5583583650075941,0.28325942085549727,0.304081865861372,True,True,False,False,False,True,0.39142810432546116,False,-0.139860137994671,偏強 (RS上升),1313.TW,聯成,1,v1,phase6a,2026-07-12,1,2,3,2,1,2,v1,106,0.8328025477707006,106,0.8328025477707006,113,0.821656050955414,^TWII,yfinance,2y,2026-09-17,scan_20260917_153651,True,False
False,0,-0.05000050862630201,-0.7333342234293619,False,True,強烈賣出 (跌破),58.900001525878906,2026-09-17 00:00:00,56.589999961853025,0.09000015258789062,False,True,2.1214656869990187,True,0.0012724680592351993,41.95281106660403,0.0012384431862463223,0.0012541008808744413,0.29003780810983315,0.5168511069709503,-6.222760462043054,0.29003780810983315,True,True,False,False,False,True,0.4102358163834564,False,-0.14637678948001587,偏強 (RS上升),8050.TWO,廣積,0,v1,phase6a,2026-07-12,1,1,2,1,0,1,v1,589,0.06369426751592357,589,0.06369426751592357,318,0.49522292993630573,^TWII,yfinance,2y,2026-09-17,scan_20260917_153651,False,False
True,0,-1.25,-1.1666666666666665,True,False,賣出 (動能轉弱),184.0,2026-09-17 00:00:00,185.0,-0.05000000000001137,True,False,1.3865230460921845,False,0.003975112340131351,50.34109362371063,0.004011468934890086,0.004112576040670446,-0.09531078224753742,-0.04618474899120706,-2.7055154089039912,-0.09531078224753742,False,False,False,False,False,False,0.14622866896615908,False,-0.010752688172043001,中性,5903.TWO,全家,0,v1,phase6a,2026-07-12,0,0,0,0,0,0,v1,493,0.21656050955414013,493,0.21656050955414013,512,0.18630573248407642,^TWII,yfinance,2y,2026-09-17,scan_20260917_153651,False,False
True,0,-2.0,-4.416666666666666,True,False,觀察 (跌勢收斂),120.5,2026-09-17 00:00:00,115.6,0.3499999999999943,False,True,0.5253461562494748,False,0.0026032665053577603,75.45642818769075,0.002427199902369386,0.0022122803554737417,0.769443426376637,1.9982662684637553,17.37158906349363,0.769443426376637,True,True,True,False,False,True,0.8349819771915019,False,-0.04743083003952564,偏強 (RS上升),2615.TW,萬海,1,v1,phase6a,2026-07-12,2,3,3,3,1,3,v1,137,0.7834394904458599,137,0.7834394904458599,72,0.8869426751592356,^TWII,yfinance,2y,2026-09-17,scan_20260917_153651,False,False
True,0,-1.34747314453125,-1.349438985188802,True,False,觀察 (跌勢收斂),136.0,2026-09-17 00:00:00,135.7054214477539,0.06522216796875568,False,True,0.7775134578210156,False,0.002938126512270999,43.50290526239323,0.002932942672608835,0.0029862804274670583,0.018608235238182225,0.1451683840617557,-0.7518999754721034,0.018608235238182225,True,False,False,False,False,False,0.33838599820795273,False,-0.010909090909090868,中性,5287.TWO,數字,1,v1,phase6a,2026-07-12,0,1,3,1,1,1,v1,185,0.7070063694267515,185,0.7070063694267515,208,0.6703821656050956,^TWII,yfinance,2y,2026-09-17,scan_20260917_153651,False,False
True,0,-14.333333333333332,-10.166666666666666,True,False,賣出 (動能轉弱),184.5,2026-09-17 00:00:00,193.225,0.04999999999998295,False,False,1.4827958504197325,False,0.00398591427583823,156.82395573458695,0.003985944130545321,0.003465239507606434,-7.884200494689964e-05,0.9938456057082545,28.101856876442135,-7.884200494689964e-05,False,True,True,False,False,False,0.7839613220604575,False,-0.11298076923076927,中性,3498.TWO,陽程,0,v1,phase6a,2026-07-12,0,0,1,0,0,0,v1,425,0.3248407643312102,425,0.3248407643312102,451,0.28343949044585987,^TWII,yfinance,2y,2026-09-17,scan_20260917_153651,False,False
True,1,-2.333333333333333,-3.4999999999999996,True,False,觀察 (跌勢收斂),118.5,2026-09-17 00:00:00,112.725,0.17499999999999716,False,True,1.612717910082408,True,0.0025600587625302456,84.85252009995132,0.0024921155317848887,0.00264239992795402,0.2878077968267112,-0.780367049070585,-13.057345083846549,0.2878077968267112,True,False,False,False,False,True,0.20310185519273907,False,-0.259375,中性,3577.TWO,泓格,1,v1,phase6a,2026-07-12,0,1,3,1,1,1,v1,158,0.75,158,0.75,188,0.7022292993630573,^TWII,yfinance,2y,2026-09-17,scan_20260917_153651,False,False
True,0,58.33333333333333,70.83333333333333,True,False,觀望 (動能減弱),1300.0,2026-09-17 00:00:00,1240.75,8.25,False,True,0.3350074765554654,False,0.02808503283788455,167.0684565236487,0.026958959865169146,0.026403128094901536,0.44162487477172885,2.0652101123561417,7.534739508783006,0.44162487477172885,True,True,True,False,False,True,0.6091942979225945,False,-0.16398713826366562,偏強 (RS上升),8996.TW,高力,2,v1,phase6a,2026-07-12,2,4,4,4,2,4,v1,97,0.8471337579617835,97,0.8471337579617835,38,0.9410828025477707,^TWII,yfinance,2y,2026-09-17,scan_20260917_153651,False,True
False,0,-1.4250011444091797,-1.4166673024495442,False,True,強烈賣出 (跌破),42.45000076293945,2026-09-17 00:00:00,43.8875,-0.07999992370605469,True,False,2.5341491927415194,True,0.0009170843579964452,33.547628630188825,0.0009534002541161965,0.0010148267256432657,-0.39935584363510745,-1.126809835064324,-7.4164733598445,-0.39935584363510745,False,False,False,False,False,False,0.005368855853832302,False,-0.12923075358072922,中性,6542.TWO,隆中,0,v1,phase6a,2026-07-12,0,0,0,0,0,0,v1,530,0.15764331210191082,530,0.15764331210191082,545,0.1337579617834395,^TWII,yfinance,2y,2026-09-17,scan_20260917_153651,False,False
True,0,-0.43333307902018225,-0.28333314259847003,True,False,賣出 (動能轉弱),20.75,2026-09-17 00:00:00,20.910000133514405,0.01249999999999929,False,False,0.25092464084220634,False,0.00044828033183546493,19.438600329576406,0.000450681433651495,0.00044831593709514597,-0.05604976737476619,-0.19949816267847975,-0.21331848836156908,-0.05604976737476619,False,False,True,False,False,False,0.6419909802949957,False,-0.08991225024816452,中性,3712.TW,永崴投控,0,v1,phase6a,2026-07-12,0,0,1,0,0,0,v1,442,0.29777070063694266,442,0.29777070063694266,468,0.25636942675159236,^TWII,yfinance,2y,2026-09-17,scan_20260917_153651,False,False
True,3,-0.03333346048990885,-0.02500009536743164,True,False,賣出 (動能轉弱),12.25,2026-09-17 00:00:00,12.28250012397766,0.0025000095367424535,False,False,0.8280349305548218,False,0.0002646474248185275,46.08232309716291,0.0002664701061090036,0.00027109526598597473,-0.07194921361136641,0.14055589194981177,-2.368519936465363,-0.07194921361136641,False,False,False,False,False,False,0.1404924390546334,False,-0.012096743802001209,中性,5324.TWO,士開,0,v1,phase6a,2026-07-12,0,0,1,0,0,0,v1,475,0.24522292993630573,475,0.24522292993630573,498,0.2085987261146497,^TWII,yfinance,2y,2026-09-17,scan_20260917_153651,False,False
True,1,0.3499997456868489,0.3500000635782877,True,False,觀望 (動能減弱),25.049999237060547,2026-09-17 00:00:00,24.805000019073486,0.027499961853028054,False,True,0.66996264360081,False,0.0005411769624321756,42.78610775160564,0.000540402771129345,0.0005722142643949311,0.015082474959471348,0.4084692803804746,-2.6307973688246222,0.015082474959471348,True,False,False,False,False,True,0.21735715063752156,False,-0.08576643847397902,偏強 (RS上升),6910.TWO,德鴻,0,v1,phase6a,2026-07-12,1,1,2,1,0,1,v1,567,0.09872611464968153,567,0.09872611464968153,316,0.4984076433121019,^TWII,yfinance,2y,2026-09-17,scan_20260917_153651,False,False
True,0,-2.033335367838542,-1.5166676839192703,True,False,賣出 (動能轉弱),76.19999694824219,2026-09-17 00:00:00,77.825,-0.25,True,False,0.4658766977148561,False,0.0016462149357985264,13.944692798012351,0.0017097979632107923,0.0020142640612921853,-0.3899205175757814,-2.50318610567265,-13.250793320159193,-0.3899205175757814,False,False,False,False,False,False,0.07518763283163128,False,-0.2911628190861192,中性,6535.TWO,順藥,0,v1,phase6a,2026-07-12,0,0,0,0,0,0,v1,529,0.1592356687898089,529,0.1592356687898089,544,0.13535031847133758,^TWII,yfinance,2y,2026-09-17,scan_20260917_153651,False,False
True,1,-1.350001017252604,-1.1666679382324219,True,False,賣出 (動能轉弱),72.5999984741211,2026-09-17 00:00:00,72.1150001525879,0.10000000000000853,False,True,1.2569554962185019,False,0.0015684410316738917,95.78417285807802,0.0015667029571344035,0.0016063226054918833,0.011679085773463882,-0.22691993200070204,-3.5542087670542677,0.011679085773463882,True,False,False,False,False,True,0.16281875904952128,False,-0.22929935428754977,中性,6548.TWO,長科*,1,v1,phase6a,2026-07-12,0,1,3,1,1,1,v1,220,0.6512738853503185,220,0.6512738853503185,236,0.6257961783439491,^TWII,yfinance,2y,2026-09-17,scan_20260917_153651,True,False
False,0,-1.2333335876464844,-1.2500006357828775,False,True,強烈賣出 (跌破),53.29999923706055,2026-09-17 00:00:00,53.204999923706055,-0.005000114440917969,False,True,1.1668025926481655,False,0.0011514863298708207,30.203417560159526,0.0011570595278830775,0.0012416212982581053,-0.05067631477763124,-0.8767411626619648,-6.021656049461043,-0.05067631477763124,False,False,False,False,False,True,0.08148555523195183,False,-0.21270307770014651,中性,6841.TWO,長佳智能,0,v1,phase6a,2026-07-12,0,0,1,0,0,0,v1,557,0.11464968152866242,557,0.11464968152866242,566,0.10031847133757962,^TWII,yfinance,2y,2026-09-17,scan_20260917_153651,False,False
True,0,-1.3833351135253906,-1.7833353678385417,True,False,觀察 (跌勢收斂),79.30000305175781,2026-09-17 00:00:00,79.90500068664551,-0.06999969482421875,False,False,0.39891446078171544,False,0.001713187069040741,44.1064224963142,0.0017310198243591678,0.0017620998629271807,-0.1083233559700747,-0.22159166336126468,-3.5457420909393744,-0.1083233559700747,False,False,False,False,False,False,0.228074372283295,False,-0.15995760836912243,中性,6577.TWO,勁豐,1,v1,phase6a,2026-07-12,0,1,1,1,1,1,v1,222,0.6480891719745223,222,0.6480891719745223,238,0.6226114649681529,^TWII,yfinance,2y,2026-09-17,scan_20260917_153651,False,False
True,0,-0.4249997138977051,-0.42499987284342444,True,False,觀察 (跌勢收斂),15.050000190734863,2026-09-17 00:00:00,15.009999990463257,0.017500019073485973,False,True,2.2997692075582483,True,0.0003251382688976595,26.05774734680709,0.00032670622042783106,0.000342191518097391,-0.05049312854051857,-0.4970934853151254,-5.303500909374836,-0.05049312854051857,False,False,False,False,False,False,0.28825404418551387,False,-0.1886792016321558,中性,3523.TWO,迎輝,1,v1,phase6a,2026-07-12,0,1,3,1,1,1,v1,157,0.7515923566878981,157,0.7515923566878981,187,0.7038216560509554,^TWII,yfinance,2y,2026-09-17,scan_20260917_153651,False,False
True,1,-0.4499994913736979,-0.049999237060546944,True,False,賣出 (動能轉弱),98.0,2026-09-17 00:00:00,97.77499961853027,-0.05999984741211506,True,True,0.6494481831172951,False,0.00211717939854822,69.55560810602067,0.002128831970803283,0.002249292804893381,-0.057584640052654734,-0.46923465106437634,-4.76701022708953,-0.057584640052654734,False,False,False,False,False,False,0.21955971304850558,False,-0.16150586492920382,中性,6215.TW,和椿,0,v1,phase6a,2026-07-12,0,0,1,0,0,0,v1,509,0.1910828025477707,509,0.1910828025477707,526,0.16401273885350318,^TWII,yfinance,2y,2026-09-17,scan_20260917_153651,False,False
True,0,-0.4583333333333333,-0.4750000635782877,True,False,觀察 (跌勢收斂),17.25,2026-09-17 00:00:00,17.617500019073486,-0.0625,False,False,0.44173700720431475,False,0.0003726667818873142,40.05523087558388,0.0003794837190470747,0.00038629374777888315,-0.18873484884873726,-0.36972580775053165,-2.02397112968683,-0.18873484884873726,False,False,False,False,False,False,0.2615772412438143,False,-0.06756756756756754,中性,4430.TWO,耀億,1,v1,phase6a,2026-07-12,0,1,1,1,1,1,v1,171,0.7292993630573248,171,0.7292993630573248,199,0.6847133757961783,^TWII,yfinance,2y,2026-09-17,scan_20260917_153651,False,False
True,0,-0.03333346048990886,-0.1916669209798177,True,False,觀察 (跌勢收斂),21.600000381469727,2026-09-17 00:00:00,21.51500015258789,-0.16999998092651225,False,True,0.7116457084252308,False,0.0004666436307783816,40.791503415181516,0.0004576929540897904,0.00045520691038987936,0.20627802726342903,1.8314963751226099,8.982984301430763,0.20627802726342903,True,True,True,False,False,True,0.5545406360471284,False,-0.1359999847412109,偏強 (RS上升),3508.TWO,位速,1,v1,phase6a,2026-07-12,2,3,2,3,1,3,v1,156,0.7531847133757962,156,0.7531847133757962,74,0.8837579617834395,^TWII,yfinance,2y,2026-09-17,scan_20260917_153651,False,False
True,0,0.07500076293945312,0.06666755676269531,True,False,買入 (動能增強),40.25,2026-09-17 00:00:00,40.18499984741211,0.010000038146969814,False,True,0.37068941133513506,False,0.0008695558244037332,50.01536329313448,0.0008704565866205448,0.0008770297750556702,-0.01089161134555372,0.4542113897140876,-0.6762989946094033,-0.01089161134555372,False,False,False,False,False,False,0.343436836727344,False,-0.006172839506172867,中性,1817.TW,凱撒衛,2,v1,phase6a,2026-07-12,0,2,4,2,2,2,v1,41,0.9363057324840764,41,0.9363057324840764,85,0.8662420382165605,^TWII,yfinance,2y,2026-09-17,scan_20260917_153651,False,False
True,0,-79.16666666666667,-28.33333333333333,True,False,賣出 (動能轉弱),2395.0,2026-09-17 00:00:00,2414.5,3.75,False,False,0.7017906121777632,False,0.05174127203594884,61.334642912797406,0.0526885661366782,0.057949234403946996,-0.18889641040094052,-2.167435892991265,-7.228418308466978,-0.18889641040094052,False,False,False,False,False,True,0.05336454671286949,False,-0.3753956735132815,中性,3131.TWO,弘塑,0,v1,phase6a,2026-07-12,0,0,1,0,0,0,v1,404,0.35828025477707004,404,0.35828025477707004,436,0.3073248407643312,^TWII,yfinance,2y,2026-09-17,scan_20260917_153651,False,False
True,0,-7.083333333333332,-5.666666666666666,True,False,賣出 (動能轉弱),116.5,2026-09-17 00:00:00,122.125,-0.2750000000000057,False,False,0.9514833564586312,False,0.002516851019702731,209.85542371813224,0.0026380126833790442,0.002842985146185864,-0.48113853592303135,-2.220203507195595,-6.510948384831606,-0.48113853592303135,False,False,False,False,False,False,0.16185753142986517,False,-0.2830769230769231,中性,2337.TW,旺宏,0,v1,phase6a,2026-07-12,0,0,0,0,0,0,v1,341,0.4585987261146497,341,0.4585987261146497,394,0.37420382165605093,^TWII,yfinance,2y,2026-09-17,scan_20260917_153651,False,False
True,1,0.6166664759318033,0.5416663487752278,True,False,買入 (動能增強),29.0,2026-09-17 00:00:00,28.62249994277954,-0.01249999999999929,False,True,1.4542557801456122,False,0.000626512270998963,34.67713070294112,0.000624775534774999,0.00063990774917477,0.02926936760281329,0.21621386275878507,-3.5361895751487293,0.02926936760281329,True,False,False,False,False,True,0.1655689253358855,False,-0.15292672528964402,偏強 (RS上升),2352.TW,佳世達,3,v1,phase6a,2026-07-12,1,4,4,4,3,4,v1,16,0.9761146496815286,16,0.9761146496815286,17,0.9745222929936306,^TWII,yfinance,2y,2026-09-17,scan_20260917_153651,True,False
True,0,2.333333333333333,1.7999992370605467,True,False,買入 (動能增強),89.5,2026-09-17 00:00:00,87.93000030517578,0.125,False,True,0.8051956608908636,False,0.0019335464915312824,66.42267082994924,0.0019234583468648813,0.001948095078100813,0.05523886460154781,0.5108299709422726,-3.859908103916143,0.05523886460154781,True,False,False,False,False,True,0.32232235795694875,False,-0.0782698104382219,偏強 (RS上升),2347.TW,聯強,5,v1,phase6a,2026-07-12,1,6,7,6,5,6,v1,1,1.0,1,1.0,1,1.0,^TWII,yfinance,2y,2026-09-17,scan_20260917_153651,True,True
True,0,-1.7500006357828775,-1.2500006357828775,True,False,賣出 (動能轉弱),51.29999923706055,2026-09-17 00:00:00,52.43999977111817,-0.04500007629394531,True,False,0.5433504466019676,False,0.001108278587043306,34.70303917328485,0.0011386539364090862,0.001223843595685591,-0.28001939305883905,-1.4064635862107489,-6.409331789885875,-0.28001939305883905,False,False,False,False,False,False,0.0,False,-0.3025788530584913,中性,3588.TW,通嘉,0,v1,phase6a,2026-07-12,0,0,0,0,0,0,v1,432,0.31369426751592355,432,0.31369426751592355,458,0.27229299363057324,^TWII,yfinance,2y,2026-09-17,scan_20260917_153651,False,False
True,0,-0.08333333333333333,-0.00833320617675784,True,False,賣出 (動能轉弱),14.0,2026-09-17 00:00:00,14.134999990463257,0.0,False,False,0.7980702455451537,False,0.00030245419979260283,21.92928508704677,0.00030704364764352877,0.0003294685133122272,-0.15709195308662993,-0.570624292063937,-3.3873794276999436,-0.15709195308662993,False,False,False,False,False,False,0.0625285465382223,False,-0.12225704279522365,中性,3272.TWO,東碩,0,v1,phase6a,2026-07-12,0,0,0,0,0,0,v1,413,0.34394904458598724,413,0.34394904458598724,443,0.2961783439490446,^TWII,yfinance,2y,2026-09-17,scan_20260917_153651,False,False
True,0,0.050000508626302086,0.4666665395100911,True,False,觀望 (動能減弱),37.5,2026-09-17 00:00:00,37.634999656677245,0.06749992370605185,False,False,0.6364817220263499,False,0.0008101451780159005,16.109353269116582,0.0008137250053065586,0.0008401598727298926,-0.04628707513014696,-0.5410517598256726,-0.02160594670671534,-0.04628707513014696,False,False,False,False,False,False,0.20090863043198337,False,-0.03969268290252648,中性,1235.TW,興泰,0,v1,phase6a,2026-07-12,0,0,1,0,0,0,v1,272,0.5684713375796179,272,0.5684713375796179,332,0.4729299363057325,^TWII,yfinance,2y,2026-09-17,scan_20260917_153651,False,False
True,0,0.0666666030883789,-0.28333314259847003,True,False,買入 (動能增強),31.899999618530273,2026-09-17 00:00:00,31.320000171661377,-0.0025000572204589844,True,True,0.531259723017217,False,0.0006891634898576363,47.42941245328103,0.0006853337478207863,0.0007291698254362346,0.05885716460445334,0.48223174998442975,-6.639122495451721,0.05885716460445334,True,False,False,False,False,True,0.20820644098898644,False,-0.09631727172845661,偏強 (RS上升),4131.TWO,浩泰,2,v1,phase6a,2026-07-12,1,3,3,3,2,3,v1,78,0.8773885350318471,78,0.8773885350318471,60,0.9060509554140127,^TWII,yfinance,2y,2026-09-17,scan_20260917_153651,False,False
True,0,-11.416666666666666,-9.083333333333334,True,False,賣出 (動能轉弱),247.5,2026-09-17 00:00:00,249.125,0.0,False,False,0.3275415676751996,False,0.005346958174904943,97.68267685213222,0.005328981320714578,0.0053882922506796535,0.03552222299814112,-0.4543964354865371,1.9421598276387897,0.03552222299814112,True,False,False,False,False,True,0.4870372874155435,False,-0.09548182572125408,中性,7556.TWO,意德士,0,v1,phase6a,2026-07-12,0,0,0,0,0,0,v1,573,0.08917197452229299,573,0.08917197452229299,580,0.07802547770700637,^TWII,yfinance,2y,2026-09-17,scan_20260917_153651,False,False
True,0,-0.53333314259847,-0.44999980926513666,True,False,賣出 (動能轉弱),17.700000762939453,2026-09-17 00:00:00,18.032499980926513,-0.02500000000000213,False,False,0.6182975188476669,False,0.00038238854050595087,24.562192378411314,0.0003909243629185617,0.0004174974651959647,-0.22931474651788353,-1.0003167230383858,-5.2456281073582245,-0.22931474651788353,False,False,False,False,False,False,0.009826958605287763,False,-0.22197798844222183,中性,3027.TW,盛達,0,v1,phase6a,2026-07-12,0,0,0,0,0,0,v1,395,0.37261146496815284,395,0.37261146496815284,429,0.3184713375796178,^TWII,yfinance,2y,2026-09-17,scan_20260917_153651,False,False
True,1,-0.22499974568684894,-0.1333332061767578,True,False,賣出 (動能轉弱),20.899999618530273,2026-09-17 00:00:00,21.34999990463257,-0.022500038146972656,False,False,4.662933554084935,True,0.0004515209043063056,37.83938465322016,0.00046223361901697585,0.0004776313919823879,-0.2433639247168995,-0.3425655801307048,-2.4618899368952674,-0.2433639247168995,False,False,False,False,False,False,0.03487833986087313,False,-0.03908047730895292,中性,8463.TW,潤泰材,0,v1,phase6a,2026-07-12,0,0,0,0,0,0,v1,614,0.02388535031847134,614,0.02388535031847134,616,0.020700636942675158,^TWII,yfinance,2y,2026-09-17,scan_20260917_153651,False,False
True,0,-0.30833307902018225,-0.3333333333333333,True,False,觀察 (跌勢收斂),19.0,2026-09-17 00:00:00,19.027499961853028,-0.01249999999999929,False,False,0.4330625627633471,False,0.0004104735568613896,51.58603187995637,0.0004130880166004932,0.00042922334252157854,-0.06657735209324445,-0.09402154104732885,-4.429962330685222,-0.06657735209324445,False,False,False,False,False,False,0.2539724807954914,False,-0.12442399391757963,中性,2208.TW,台船,2,v1,phase6a,2026-07-12,0,2,2,2,2,2,v1,47,0.9267515923566879,47,0.9267515923566879,86,0.8646496815286624,^TWII,yfinance,2y,2026-09-17,scan_20260917_153651,True,False
True,1,-0.4249486923217773,-0.29516251881917316,True,False,賣出 (動能轉弱),22.950000762939453,2026-09-17 00:00:00,23.43453378677368,-0.02856407165527486,False,False,2.2975749734755726,True,0.000495808865428177,40.435908861694415,0.0005072460278969742,0.0005237349239056451,-0.23678080076995345,-0.8532223430517738,-3.5467248280840025,-0.23678080076995345,False,False,False,False,False,False,0.0,False,-0.04818291162095678,中性,2901.TW,欣欣,0,v1,phase6a,2026-07-12,0,0,0,0,0,0,v1,387,0.3853503184713376,387,0.3853503184713376,424,0.32643312101910826,^TWII,yfinance,2y,2026-09-17,scan_20260917_153651,False,False
False,0,-2.083333333333333,-1.7499999999999998,False,True,強烈賣出 (跌破),154.5,2026-09-17 00:00:00,156.275,-0.09999999999999432,False,False,0.8958419813368763,False,0.0033377981334255097,54.00979349413322,0.0033797352563446864,0.00341920852428162,-0.1304444068800592,-0.34347621487973434,-2.243925553539916,-0.1304444068800592,False,False,False,False,False,False,0.3421225865027119,False,-0.08308605341246289,中性,1232.TW,大統益,0,v1,phase6a,2026-07-12,0,0,0,0,0,0,v1,271,0.5700636942675159,271,0.5700636942675159,331,0.4745222929936306,^TWII,yfinance,2y,2026-09-17,scan_20260917_153651,False,False
False,0,-4.5,-1.0,False,True,強烈賣出 (跌破),179.0,2026-09-17 00:00:00,185.875,-0.75,False,False,0.35052657097931056,False,0.003867092983062565,258.5879133210383,0.004011634769612071,0.003934305448119889,-0.37783692102248967,-1.8258131136345224,-2.5078377853869793,-0.37783692102248967,False,False,True,False,False,False,0.34291957894748293,False,-0.2510460251046025,中性,6907.TWO,雅特力-KY,0,v1,phase6a,2026-07-12,0,0,0,0,0,0,v1,566,0.10031847133757962,566,0.10031847133757962,574,0.0875796178343949,^TWII,yfinance,2y,2026-09-17,scan_20260917_153651,False,False
True,0,-0.4666668574015299,-0.3833335240681966,True,False,賣出 (動能轉弱),16.75,2026-09-17 00:00:00,16.955000114440917,-0.014999961853028765,True,False,0.8797851034503766,False,0.00036186484618043555,25.428881518396775,0.0003696791519940236,0.00040873736748838217,-0.2220120672538406,-1.044277439450636,-7.886903806842649,-0.2220120672538406,False,False,False,False,False,False,0.07333754924142513,False,-0.2154566884908441,中性,5272.TWO,笙科,0,v1,phase6a,2026-07-12,0,0,0,0,0,0,v1,474,0.24681528662420382,474,0.24681528662420382,497,0.21019108280254778,^TWII,yfinance,2y,2026-09-17,scan_20260917_153651,False,False
True,1,-0.16666730244954425,-0.25000063578287757,True,False,觀察 (跌勢收斂),17.5,2026-09-17 00:00:00,17.460000133514406,-0.005000019073484907,False,True,0.7290475683343949,False,0.00037806774974075353,30.9744812999218,0.00037850455150454694,0.00038533893149690445,-0.01214610185685805,-0.029817225349570986,-2.978518603557123,-0.01214610185685805,False,False,False,False,False,True,0.3747919278151289,False,-0.02777777777777779,中性,6958.TW,日盛台駿,1,v1,phase6a,2026-07-12,0,1,2,1,1,1,v1,237,0.6242038216560509,237,0.6242038216560509,251,0.6019108280254777,^TWII,yfinance,2y,2026-09-17,scan_20260917_153651,False,False
True,0,-3.4999999999999987,-0.16666666666666652,True,False,賣出 (動能轉弱),686.0,2026-09-17 00:00:00,676.65,0.6499999999999773,False,True,0.9848859456864225,False,0.014820255789837538,105.17651769322094,0.014605740559303184,0.013608098741919029,0.15483990142781678,1.167903295133299,2.812880610577939,0.15483990142781678,True,True,True,False,False,True,0.8732925319636263,False,-0.035161744022503494,偏強 (RS上升),2395.TW,研華,0,v1,phase6a,2026-07-12,2,2,2,2,0,2,v1,354,0.43789808917197454,354,0.43789808917197454,135,0.7866242038216561,^TWII,yfinance,2y,2026-09-17,scan_20260917_153651,False,False
True,1,-0.016666412353515625,-0.11666615804036458,True,False,觀察 (跌勢收斂),89.69999694824219,2026-09-17 00:00:00,89.76500015258789,0.00999984741210369,False,False,0.37256072651855576,False,0.0019378671998842504,33.30969773039651,0.0019520671624695255,0.002050297060328171,-0.07651320939731088,0.11600232947273081,-3.5353548009937508,-0.07651320939731088,False,False,False,False,False,False,0.11667277468050018,False,-0.07046635286795666,中性,6523.TWO,達爾膚,1,v1,phase6a,2026-07-12,0,1,2,1,1,1,v1,219,0.6528662420382165,219,0.6528662420382165,235,0.6273885350318471,^TWII,yfinance,2y,2026-09-17,scan_20260917_153651,False,False
True,1,-1.0833333333333333,-0.5833333333333333,True,False,賣出 (動能轉弱),117.0,2026-09-17 00:00:00,120.825,-0.29999999999999716,True,False,0.9389150712498069,False,0.0025276529554096095,50.71619214819917,0.0026523114452369134,0.0029123108647785053,-0.4923006644730332,-1.9893436404760712,-11.401226001559206,-0.4923006644730332,False,False,False,False,False,False,0.026251379944911925,False,-0.36585365853658536,中性,2236.TW,百達-KY,0,v1,phase6a,2026-07-12,0,0,0,0,0,0,v1,334,0.4697452229299363,334,0.4697452229299363,387,0.3853503184713376,^TWII,yfinance,2y,2026-09-17,scan_20260917_153651,False,False
True,1,-0.3999999364217122,-0.2749999364217122,True,False,賣出 (動能轉弱),25.149999618530273,2026-09-17 00:00:00,25.68499994277954,-0.019999980926513672,False,False,0.9758986476295812,False,0.0005433373578147743,50.80631535169361,0.0005593126351873003,0.0006169640235655876,-0.299754973329025,-0.7193964018163634,-6.370752044571293,-0.299754973329025,False,False,False,False,False,False,0.0003594536804734124,False,-0.3043958527445566,中性,6220.TWO,岳豐,0,v1,phase6a,2026-07-12,0,0,0,0,0,0,v1,510,0.18949044585987262,510,0.18949044585987262,527,0.1624203821656051,^TWII,yfinance,2y,2026-09-17,scan_20260917_153651,False,False
True,1,-0.26666704813639325,-0.08333396911621094,True,False,賣出 (動能轉弱),35.0,2026-09-17 00:00:00,35.329999923706055,-0.03750000000000142,False,False,0.7470480412634809,False,0.0007561354994815071,40.80981064196614,0.0007677426942333798,0.0008043210616989295,-0.15889029561135803,-0.4181315348943171,-4.070714216635696,-0.15889029561135803,False,False,False,False,False,False,0.035051735715248736,False,-0.06040268456375841,中性,1423.TW,利華,0,v1,phase6a,2026-07-12,0,0,0,0,0,0,v1,285,0.5477707006369427,285,0.5477707006369427,342,0.4570063694267516,^TWII,yfinance,2y,2026-09-17,scan_20260917_153651,False,False
True,0,-0.36666615804036456,-0.2833334604899088,True,False,賣出 (動能轉弱),41.79999923706055,2026-09-17 00:00:00,42.02249984741211,0.0024999618530259227,False,False,4.097972956499266,True,0.0009030418086126112,30.6417289427226,0.0009108637524367932,0.0009383608223982205,-0.09031196057418533,-0.4990734590449186,-3.1233279706299966,-0.09031196057418533,False,False,False,False,False,True,0.12495905909258613,False,-0.040183697604081026,中性,6754.TW,匯僑設計,0,v1,phase6a,2026-07-12,0,0,1,0,0,0,v1,548,0.12898089171974522,548,0.12898089171974522,559,0.11146496815286625,^TWII,yfinance,2y,2026-09-17,scan_20260917_153651,False,False
True,2,-0.3333346048990885,-0.14886856079101562,True,False,賣出 (動能轉弱),96.0999984741211,2026-09-17 00:00:00,96.64830055236817,-0.049369049072254256,True,False,1.1880592584491723,False,0.002076132009897189,43.8168786632009,0.0020987956582295703,0.0021714865230700793,-0.11353837894548802,0.18602254783381955,-2.9332014303882437,-0.11353837894548802,False,False,False,False,False,False,0.20859563756766977,False,-0.04364251386795981,中性,6752.TWO,叡揚,0,v1,phase6a,2026-07-12,0,0,0,0,0,0,v1,547,0.1305732484076433,547,0.1305732484076433,558,0.11305732484076433,^TWII,yfinance,2y,2026-09-17,scan_20260917_153651,False,False
True,0,-0.35833263397216797,-0.29166603088378906,True,False,賣出 (動能轉弱),16.450000762939453,2026-09-17 00:00:00,16.692500019073485,-0.022499942779543147,True,False,1.1963534139097565,False,0.00035538370123875415,29.696442496654367,0.00036284301125639724,0.00038688861795548756,-0.2159322418666898,-0.8690912346156376,-5.904334309991999,-0.2159322418666898,False,False,False,False,False,False,0.03401867535545415,False,-0.1649746129002213,中性,5438.TWO,東友,0,v1,phase6a,2026-07-12,0,0,0,0,0,0,v1,483,0.23248407643312102,483,0.23248407643312102,504,0.19904458598726116,^TWII,yfinance,2y,2026-09-17,scan_20260917_153651,False,False
True,1,-2.0833333333333335,-2.75,True,False,觀察 (跌勢收斂),141.5,2026-09-17 00:00:00,137.975,-0.05000000000001137,True,True,1.3321906301064004,False,0.0030569478050466643,87.03037461108049,0.0029994602653667123,0.002978581294566576,0.2021548033257936,0.22472940174054212,-4.237312910056978,0.2021548033257936,True,True,True,False,False,True,0.5207261549554603,False,-0.10443037974683544,偏強 (RS上升),6206.TW,飛捷,1,v1,phase6a,2026-07-12,2,3,2,3,1,3,v1,212,0.6640127388535032,212,0.6640127388535032,77,0.8789808917197452,^TWII,yfinance,2y,2026-09-17,scan_20260917_153651,False,False
True,0,0.07500076293945311,-0.05151049296061197,True,False,買入 (動能增強),46.099998474121094,2026-09-17 00:00:00,45.74377002716064,0.14881038665771484,False,True,0.21150357304078973,False,0.000995938439209322,22.025025995556152,0.0009828065650499137,0.0009830971354729886,0.1408465834709327,0.8641111658781231,5.3027983686322555,0.1408465834709327,True,True,False,False,False,True,0.7991101569656291,False,-0.01178999000573877,偏強 (RS上升),8442.TW,威宏-KY,2,v1,phase6a,2026-07-12,1,3,4,3,2,3,v1,96,0.8487261146496815,96,0.8487261146496815,68,0.893312101910828,^TWII,yfinance,2y,2026-09-17,scan_20260917_153651,False,False
True,0,-7.083333333333333,-5.083333333333333,True,False,賣出 (動能轉弱),115.0,2026-09-17 00:00:00,117.775,-0.17499999999999716,False,False,0.7026644262593674,False,0.0024844452125820948,68.65468277229188,0.0025664193779895593,0.0028916841867354095,-0.3350950631096694,-2.2885693925054795,-9.76817117475287,-0.3350950631096694,False,False,False,False,False,False,0.031922716535273316,False,-0.3783783783783784,中性,4919.TW,新唐,0,v1,phase6a,2026-07-12,0,0,0,0,0,0,v1,461,0.267515923566879,461,0.267515923566879,484,0.23089171974522293,^TWII,yfinance,2y,2026-09-17,scan_20260917_153651,False,False
True,1,-0.3416665395100911,-0.22499974568684894,True,False,賣出 (動能轉弱),17.350000381469727,2026-09-17 00:00:00,17.567500114440918,-0.0024999618530259227,False,False,0.7025185289262005,False,0.0003748271772699129,38.34310854523845,0.0003804567663531888,0.00039515231389437264,-0.15551484795361947,-0.5815803659452556,-3.2083757510778854,-0.15551484795361947,False,False,False,False,False,False,0.07798794804553073,False,-0.08201054329868185,中性,4538.TWO,大詠城,0,v1,phase6a,2026-07-12,0,0,0,0,0,0,v1,453,0.2802547770700637,453,0.2802547770700637,478,0.24044585987261147,^TWII,yfinance,2y,2026-09-17,scan_20260917_153651,False,False
True,0,-2.1166687011718746,-1.7000007629394531,True,False,賣出 (動能轉弱),81.19999694824219,2026-09-17 00:00:00,79.8849998474121,0.09999999999999432,False,True,1.9976666638723979,True,0.001754234292867313,38.89144879172119,0.0017355161117863205,0.0018454804104129766,0.11365923397268496,-0.5999740113447727,-4.968857161092788,0.11365923397268496,True,False,False,False,False,True,0.13910426959833602,False,-0.24942681153190815,中性,6799.TW,來頡,0,v1,phase6a,2026-07-12,0,0,2,0,0,0,v1,552,0.12261146496815287,552,0.12261146496815287,562,0.10668789808917198,^TWII,yfinance,2y,2026-09-17,scan_20260917_153651,False,False
True,0,3.666666666666667,5.999999999999999,True,False,觀望 (動能減弱),317.0,2026-09-17 00:00:00,322.7,-0.10000000000002274,False,False,0.6498463491758782,False,0.006848427238161078,53.573577784294514,0.006968736485107769,0.006924448422280703,-0.18139814563656875,-0.13497145401375477,1.3595090227277673,-0.18139814563656875,False,False,True,False,False,False,0.5356256020225403,False,-0.0676470588235294,中性,3023.TW,信邦,2,v1,phase6a,2026-07-12,0,2,2,2,2,2,v1,71,0.8885350318471338,71,0.8885350318471338,96,0.8487261146496815,^TWII,yfinance,2y,2026-09-17,scan_20260917_153651,False,True
True,0,0.09166653951009114,0.0583333969116211,True,False,買入 (動能增強),21.049999237060547,2026-09-17 00:00:00,20.582500171661376,0.029999923706053977,False,True,1.377167910208001,False,0.0004547614767771463,47.150178814262226,0.0004452797236618472,0.00044736836143827955,0.22465012631180947,0.42080442293377374,0.9879073652464765,0.22465012631180947,True,True,False,False,False,True,0.8363648989617117,False,-0.0023697224410048623,偏強 (RS上升),2034.TW,允強,4,v1,phase6a,2026-07-12,1,5,6,5,4,5,v1,3,0.9968152866242038,3,0.9968152866242038,3,0.9968152866242038,^TWII,yfinance,2y,2026-09-17,scan_20260917_153651,False,True
True,0,-0.26666688919067383,-0.1916667620340983,True,False,賣出 (動能轉弱),13.199999809265137,2026-09-17 00:00:00,13.437499952316283,-0.022499990463257902,False,False,0.9233900881838083,False,0.0002851710985409855,33.05977711823632,0.0002929481600104577,0.0003170554855956517,-0.2786693577438659,-1.0441837151057953,-7.310505679508939,-0.2786693577438659,False,False,False,False,False,False,0.030964704353344294,False,-0.2457142966134208,中性,5344.TWO,立衛,0,v1,phase6a,2026-07-12,0,0,0,0,0,0,v1,477,0.24203821656050956,477,0.24203821656050956,499,0.2070063694267516,^TWII,yfinance,2y,2026-09-17,scan_20260917_153651,False,False
True,0,-3.7499999999999996,-2.6333338419596353,True,False,賣出 (動能轉弱),89.0,2026-09-17 00:00:00,91.6699993133545,-0.1700000762939453,False,False,0.44483104199677875,False,0.0019227445558244037,48.13264667506396,0.0019869312841034764,0.0022761371639328327,-0.33889447360853087,-1.7546304566874116,-6.810349881185851,-0.33889447360853087,False,False,False,False,False,False,0.016047098169584075,False,-0.28800000000000003,中性,6854.TW,錼創科技-KY創,0,v1,phase6a,2026-07-12,0,0,0,0,0,0,v1,559,0.11146496815286625,559,0.11146496815286625,568,0.09713375796178345,^TWII,yfinance,2y,2026-09-17,scan_20260917_153651,False,False
True,0,2.5,4.999999999999999,True,False,觀望 (動能減弱),344.0,2026-09-17 00:00:00,335.55,0.8500000000000227,False,True,1.2115432439003426,False,0.0074317317663325265,70.40152790387477,0.007279776134206833,0.007380118735571156,0.22020666823412416,0.6452925637608908,0.9545024417518144,0.22020666823412416,True,True,False,False,False,True,0.4926159148247907,False,-0.05856593939228927,偏強 (RS上升),2382.TW,廣達,0,v1,phase6a,2026-07-12,1,1,2,1,0,1,v1,351,0.4426751592356688,351,0.4426751592356688,284,0.5493630573248408,^TWII,yfinance,2y,2026-09-17,scan_20260917_153651,False,False
True,2,-0.3749993642171224,-0.35833263397216797,True,False,賣出 (動能轉弱),27.75,2026-09-17 00:00:00,27.897500133514406,-0.017500019073484196,False,False,0.6413995084760402,False,0.0005995074317317663,44.00087641326809,0.0006058300693614392,0.0006270949380307013,-0.10973546913932708,-0.3716392620031983,-4.307534551828618,-0.10973546913932708,False,False,False,False,False,False,0.10193750567010094,False,-0.12183545363902493,中性,5353.TWO,台林,1,v1,phase6a,2026-07-12,0,1,1,1,1,1,v1,188,0.7022292993630573,188,0.7022292993630573,211,0.6656050955414012,^TWII,yfinance,2y,2026-09-17,scan_20260917_153651,True,False
True,0,-0.17499987284342447,-0.2083330154418945,True,False,觀察 (跌勢收斂),21.899999618530273,2026-09-17 00:00:00,22.067500114440918,-0.019999980926513672,False,False,0.48410721578790794,False,0.00047312477572006295,32.98219596051395,0.0004773928746433186,0.0004888470376089299,-0.09402133582147032,-0.31546187809330384,-2.286140881924903,-0.09402133582147032,False,False,False,False,False,False,0.34238375752733785,False,-0.028824817761501698,中性,5525.TW,順天,1,v1,phase6a,2026-07-12,0,1,1,1,1,1,v1,194,0.6926751592356688,194,0.6926751592356688,216,0.6576433121019108,^TWII,yfinance,2y,2026-09-17,scan_20260917_153651,False,False
True,0,0.15833377838134766,0.11666711171468097,True,False,買入 (動能增強),19.950000762939453,2026-09-17 00:00:00,19.719999885559083,0.0025000572204589844,False,True,0.48294936754384715,False,0.0004309972511869049,31.88184133868353,0.0004300395781550313,0.00044800768931152815,0.023446986987485374,-0.17146258817889448,-4.555508359157134,0.023446986987485374,True,False,False,False,False,False,0.14666374078145739,False,-0.04316544854023796,中性,3703.TW,欣陸,2,v1,phase6a,2026-07-12,0,2,4,2,2,2,v1,76,0.8805732484076433,76,0.8805732484076433,99,0.8439490445859873,^TWII,yfinance,2y,2026-09-17,scan_20260917_153651,False,False
True,0,-0.20000028610229495,-0.21666685740152994,True,False,觀察 (跌勢收斂),12.0,2026-09-17 00:00:00,12.182500123977661,-0.009999990463256836,False,False,0.6425888667217865,False,0.00025924645696508814,12.99116456242627,0.00026432778648754655,0.0002799556684087473,-0.2019449571393772,-0.802546186501174,-4.894264293901096,-0.2019449571393772,False,False,False,False,False,False,0.04556642181874803,False,-0.1578947368421053,中性,6219.TWO,富旺,1,v1,phase6a,2026-07-12,0,1,1,1,1,1,v1,214,0.660828025477707,214,0.660828025477707,231,0.6337579617834395,^TWII,yfinance,2y,2026-09-17,scan_20260917_153651,False,False
True,1,-8.333333333333332,-3.5,True,False,賣出 (動能轉弱),610.0,2026-09-17 00:00:00,615.05,0.0,False,False,0.9056936920807555,False,0.013178361562391981,122.67020060811998,0.013382597217293941,0.013686145538049203,-0.16038747006258403,-0.32755855052111205,-4.102176473284958,-0.16038747006258403,False,False,False,False,False,True,0.047365875646377585,False,-0.1274245603570402,中性,6691.TW,洋基工程,1,v1,phase6a,2026-07-12,0,1,1,1,1,1,v1,227,0.6401273885350318,227,0.6401273885350318,243,0.6146496815286624,^TWII,yfinance,2y,2026-09-17,scan_20260917_153651,True,False
True,0,-0.016666730244954422,-0.008333365122477204,True,False,賣出 (動能轉弱),13.699999809265137,2026-09-17 00:00:00,13.865000009536743,-0.01500000953674352,False,False,0.7543106733911789,False,0.0002959730342478642,42.492396327367906,0.0003007111553930547,0.00030965367257081703,-0.1655820695045329,-0.2651175587637722,-2.723663646891139,-0.1655820695045329,False,False,False,False,False,False,0.1522934227598728,False,-0.03521126807859265,中性,2023.TW,燁輝,0,v1,phase6a,2026-07-12,0,0,0,0,0,0,v1,326,0.482484076433121,326,0.482484076433121,380,0.3964968152866242,^TWII,yfinance,2y,2026-09-17,scan_20260917_153651,False,False
True,0,-0.7833328247070311,-0.5104713439941405,True,False,賣出 (動能轉弱),53.5,2026-09-17 00:00:00,54.15548667907715,-0.0378759384155245,False,False,0.5655433561265303,False,0.001155807120636018,37.61548314096137,0.0011728607481325337,0.0012139648990069415,-0.15282081625395127,-0.3912184205881908,-2.9004900301572767,-0.15282081625395127,False,False,False,False,False,False,0.11266565054861258,False,-0.08870963759442851,中性,2420.TW,新巨,0,v1,phase6a,2026-07-12,0,0,0,0,0,0,v1,356,0.43471337579617836,356,0.43471337579617836,404,0.35828025477707004,^TWII,yfinance,2y,2026-09-17,scan_20260917_153651,False,False
False,0,1.3333333333333333,-1.7499999999999998,False,True,強烈買入 (爆發),172.0,2026-09-17 00:00:00,156.875,0.8249999999999886,False,True,6.117701532620272,True,0.0037158658831662633,77.04096138669294,0.003401956536354762,0.003418315807881413,0.9808233323818749,1.4882294280367026,1.3883797481931692,0.9808233323818749,True,True,False,True,False,True,1.0,False,0.0,強勢 (RS強勁),2640.TWO,大車隊,3,v1,phase6a,2026-07-12,2,5,5,5,3,5,v1,17,0.9745222929936306,17,0.9745222929936306,10,0.9856687898089171,^TWII,yfinance,2y,2026-09-17,scan_20260917_153651,False,False
True,0,-0.6000003814697265,0.2999998728434247,True,False,賣出 (動能轉弱),55.29999923706055,2026-09-17 00:00:00,53.35999984741211,0.09499988555908345,False,True,0.9091216563784493,False,0.0011946940726983353,66.40918324180674,0.0011517002553880955,0.0011277411630331324,0.39450533666505194,0.5991868857571969,4.076770703698651,0.39450533666505194,True,True,True,False,False,True,0.5158380742299463,False,-0.16842106410435265,偏強 (RS上升),4923.TWO,力士,1,v1,phase6a,2026-07-12,2,3,3,3,1,3,v1,180,0.714968152866242,180,0.714968152866242,75,0.8821656050955414,^TWII,yfinance,2y,2026-09-17,scan_20260917_153651,True,False
True,1,-0.0564425786336263,0.018179257710774735,True,False,賣出 (動能轉弱),25.950000762939453,2026-09-17 00:00:00,25.959716415405275,0.007443332672121272,False,False,0.5440558041138381,False,0.000560620479669449,45.10506429504356,0.0005638581213360232,0.0005797890113135663,-0.06040500440852581,0.026407929914284978,-2.652068253294926,-0.06040500440852581,False,False,False,False,False,False,0.1544051188014195,False,-0.05170273260242375,中性,1732.TW,毛寶,0,v1,phase6a,2026-07-12,0,0,1,0,0,0,v1,313,0.5031847133757962,313,0.5031847133757962,367,0.4171974522292994,^TWII,yfinance,2y,2026-09-17,scan_20260917_153651,False,False
True,1,-0.15000025431315106,-0.016667048136393234,True,False,賣出 (動能轉弱),59.599998474121094,2026-09-17 00:00:00,59.98500022888184,-0.03500003814696839,True,False,0.8694099711262268,False,0.001287590703295046,45.65606651685433,0.0013043625241987858,0.0013644219371992583,-0.13516706328294825,-0.36983530381964336,-4.190242857691839,-0.13516706328294825,False,False,False,False,False,False,0.06674047595371482,False,-0.07625638334428708,中性,6203.TWO,海韻電,0,v1,phase6a,2026-07-12,0,0,0,0,0,0,v1,506,0.19585987261146498,506,0.19585987261146498,523,0.16878980891719744,^TWII,yfinance,2y,2026-09-17,scan_20260917_153651,False,False
True,0,0.16666793823242188,-0.016665140787760407,True,False,買入 (動能增強),69.5,2026-09-17 00:00:00,69.14999961853027,0.034999847412109375,False,True,1.1292104814096808,False,0.0015014690632561354,34.157641997506154,0.0015029698891566125,0.0015436135816843445,-0.010510195226920427,0.4439787949648277,-3.0729111706907064,-0.010510195226920427,False,False,False,False,False,True,0.2874470891911894,False,-0.034648367152858794,中性,2754.TWO,亞洲藏壽司,4,v1,phase6a,2026-07-12,1,5,6,5,4,5,v1,5,0.9936305732484076,5,0.9936305732484076,5,0.9936305732484076,^TWII,yfinance,2y,2026-09-17,scan_20260917_153651,False,True
True,0,-9.583333333333332,-5.833333333333333,True,False,賣出 (動能轉弱),173.0,2026-09-17 00:00:00,175.575,0.125,False,False,1.0652371387976598,False,0.0037374697545800206,80.2217903271286,0.003813481003284415,0.004165083679595665,-0.20937384192485364,-2.149828348643368,-6.987978649299798,-0.20937384192485364,False,False,False,False,False,False,0.07683946922067035,False,-0.30522088353413657,中性,8027.TWO,鈦昇,0,v1,phase6a,2026-07-12,0,0,1,0,0,0,v1,586,0.06847133757961783,586,0.06847133757961783,591,0.06050955414012739,^TWII,yfinance,2y,2026-09-17,scan_20260917_153651,False,False
True,1,0.23333326975504556,0.14166641235351562,True,False,買入 (動能增強),26.600000381469727,2026-09-17 00:00:00,26.245000171661378,0.01249999999999929,False,True,0.7776121748439595,False,0.0005746629878471683,49.84784088758214,0.0005729089485257675,0.0005985810494248896,0.032238149125696225,0.635451807750953,-3.988078556856267,0.032238149125696225,True,False,False,False,False,True,0.27857068138649005,False,-0.09215013398961747,偏強 (RS上升),8072.TW,陞泰,2,v1,phase6a,2026-07-12,1,3,4,3,2,3,v1,94,0.8519108280254777,94,0.8519108280254777,67,0.8949044585987261,^TWII,yfinance,2y,2026-09-17,scan_20260917_153651,False,False
True,0,0.016668955485026005,-0.5833320617675781,True,False,買入 (動能增強),73.9000015258789,2026-09-17 00:00:00,71.2649990081787,0.10499992370604616,False,True,3.4287943657002504,True,0.0015965261304415595,21.200166515753413,0.0015431884272219722,0.001550652843789574,0.3651528527092607,0.23764626289950463,-0.8440816441383836,0.3651528527092607,True,True,False,False,False,True,0.7284609381812804,False,0.0,偏強 (RS上升),2348.TW,海悅,2,v1,phase6a,2026-07-12,1,3,4,3,2,3,v1,50,0.9219745222929936,50,0.9219745222929936,51,0.9203821656050956,^TWII,yfinance,2y,2026-09-17,scan_20260917_153651,False,False
True,0,-13.0,-11.25,True,False,賣出 (動能轉弱),208.5,2026-09-17 00:00:00,217.875,-0.75,True,False,0.7262919008961359,False,0.004504407189768407,139.65163326814582,0.004768671772320953,0.005426829375173998,-0.5799517921925901,-2.6224680119518506,-13.21368986635365,-0.5799517921925901,False,False,False,False,False,False,0.0,False,-0.53326143380467,中性,2472.TW,立隆電,0,v1,phase6a,2026-07-12,0,0,0,0,0,0,v1,363,0.42356687898089174,363,0.42356687898089174,407,0.3535031847133758,^TWII,yfinance,2y,2026-09-17,scan_20260917_153651,False,False
True,0,-0.5333334604899088,-0.525000254313151,True,False,賣出 (動能轉弱),18.950000762939453,2026-09-17 00:00:00,19.062500095367433,-0.00749998092651083,False,False,1.4462598897431695,False,0.00040939337977314753,24.3758781607372,0.0004127840607504772,0.00042684928008361643,-0.08639031446513457,-0.44594964947043403,-3.8431178180283743,-0.08639031446513457,False,False,False,False,False,False,0.1659901393043451,False,-0.07560971888100232,中性,4102.TWO,永日,1,v1,phase6a,2026-07-12,0,1,1,1,1,1,v1,165,0.7388535031847133,165,0.7388535031847133,194,0.6926751592356688,^TWII,yfinance,2y,2026-09-17,scan_20260917_153651,True,False
True,0,-0.06833330790201822,-0.07999996344248453,True,False,觀察 (跌勢收斂),2.9600000381469727,2026-09-17 00:00:00,3.027999985218048,-0.007499992847442627,False,False,0.256398751338081,False,6.394746020884403e-05,19.281039461048767,6.578260363082199e-05,6.914371092173371e-05,-0.2927938126323526,-0.5045619522796474,-6.244580691831414,-0.2927938126323526,False,False,False,False,False,False,0.07412823453801129,False,-0.13702624474132385,中性,9110.TW,越南控-DR,1,v1,phase6a,2026-07-12,0,1,1,1,1,1,v1,257,0.5923566878980892,257,0.5923566878980892,269,0.5732484076433121,^TWII,yfinance,2y,2026-09-17,scan_20260917_153651,False,False
True,0,-12.25,-13.499135335286457,True,False,觀察 (跌勢收斂),308.5,2026-09-17 00:00:00,307.58025817871095,-0.0006164550781022626,False,True,1.1091116274251551,False,0.006664794331144141,66.41195606342906,0.006621946408634327,0.0072568762541435315,0.0681579325250814,-0.2784828787742111,-2.4373608960004844,0.0681579325250814,True,False,False,False,False,True,0.21927465179836192,False,-0.16603592992605976,中性,4768.TWO,晶呈科技,1,v1,phase6a,2026-07-12,0,1,2,1,1,1,v1,178,0.7181528662420382,178,0.7181528662420382,204,0.6767515923566879,^TWII,yfinance,2y,2026-09-17,scan_20260917_153651,False,False
True,0,-0.24166679382324216,-0.19724337259928384,True,False,賣出 (動能轉弱),16.75,2026-09-17 00:00:00,16.95567970275879,-0.01900682449340607,False,False,0.8403107767808723,False,0.00036186484618043555,28.10091641961221,0.0003667399743163196,0.0003794593400465602,-0.1397323314271004,-0.23578506643967545,-2.2675692519077306,-0.1397323314271004,False,False,False,False,False,False,0.11672503752713369,False,-0.030119255091920705,中性,6248.TWO,沛波,0,v1,phase6a,2026-07-12,0,0,0,0,0,0,v1,515,0.18152866242038215,515,0.18152866242038215,531,0.15605095541401273,^TWII,yfinance,2y,2026-09-17,scan_20260917_153651,False,False
True,0,0.22500006357828772,0.19999980926513672,True,False,買入 (動能增強),22.0,2026-09-17 00:00:00,21.829999732971192,0.0024999618530294754,False,True,0.30638133188085886,False,0.0004752851711026616,33.782397063750544,0.0004744385155215229,0.0004895966846523337,0.018788184673446118,0.486585679611351,-1.9128093597887696,0.018788184673446118,True,False,False,False,False,True,0.31249288766798894,False,-0.015659972057983085,偏強 (RS上升),3541.TWO,西柏,2,v1,phase6a,2026-07-12,1,3,4,3,2,3,v1,72,0.8869426751592356,72,0.8869426751592356,57,0.910828025477707,^TWII,yfinance,2y,2026-09-17,scan_20260917_153651,False,False
True,0,-8.583333333333332,-10.0,True,False,觀察 (跌勢收斂),243.5,2026-09-17 00:00:00,246.575,-0.5250000000000057,True,False,0.6078001715914677,False,0.005260542689249913,38.91197481949341,0.005277734960870492,0.005136924941625753,-0.03427781966104382,-0.31937938107670094,0.345877145609208,-0.03427781966104382,False,True,True,False,False,False,0.6393612666302606,False,-0.06346153846153846,中性,3617.TW,碩天,1,v1,phase6a,2026-07-12,0,1,1,1,1,1,v1,160,0.7468152866242038,160,0.7468152866242038,190,0.6990445859872612,^TWII,yfinance,2y,2026-09-17,scan_20260917_153651,False,False
True,1,-0.28333282470703125,-0.3166656494140625,True,False,觀察 (跌勢收斂),32.79999923706055,2026-09-17 00:00:00,32.99000015258789,-0.020000076293946734,True,False,0.46156626163432246,False,0.0007086069658887951,30.743025480326594,0.0007165010581105144,0.0007437045343291333,-0.11583995393742441,-0.3280747533553785,-4.13415377975147,-0.11583995393742441,False,False,False,False,False,False,0.07739496447273089,False,-0.10626706934069663,中性,7760.TW,享溫馨,1,v1,phase6a,2026-07-12,0,1,1,1,1,1,v1,242,0.6162420382165605,242,0.6162420382165605,256,0.5939490445859873,^TWII,yfinance,2y,2026-09-17,scan_20260917_153651,False,False
False,0,-0.20833349227905273,-0.1916669209798177,False,True,強烈賣出 (跌破),15.0,2026-09-17 00:00:00,15.3625,-0.03249998092651296,True,False,0.9991662087859308,False,0.0003240580712063602,59.035321436631065,0.00033387066450971516,0.00034885888526377945,-0.3084184982329097,-0.6481877428929916,-5.643724926074711,-0.3084184982329097,False,False,False,False,False,False,0.04561141170222603,False,-0.09365554734223924,中性,8477.TWO,創業家,0,v1,phase6a,2026-07-12,0,0,0,0,0,0,v1,616,0.020700636942675158,616,0.020700636942675158,617,0.01910828025477707,^TWII,yfinance,2y,2026-09-17,scan_20260917_153651,False,False
True,0,0.2500006357828777,1.1583334604899085,True,False,觀望 (動能減弱),48.5,2026-09-17 00:00:00,48.09499969482422,0.125,False,True,0.7897705825341171,False,0.0010477877635672313,165.1050641991181,0.0010533973060024404,0.001084119690965509,-0.05602324428730654,-0.6323421736491364,-4.992988659915943,-0.05602324428730654,False,False,False,False,False,False,0.08648924469326184,False,-0.2991329170682573,中性,3481.TW,群創,1,v1,phase6a,2026-07-12,0,1,3,1,1,1,v1,154,0.7563694267515924,154,0.7563694267515924,185,0.7070063694267515,^TWII,yfinance,2y,2026-09-17,scan_20260917_153651,True,False
False,0,1.3166669209798176,1.4333337148030596,False,True,強烈買入 (爆發),58.79999923706055,2026-09-17 00:00:00,57.41500015258789,0.10000000000000142,False,True,0.7581404406019672,False,0.001270307622646486,66.00780145778056,0.0012604506640165887,0.0013355547610273278,0.08238556525528296,0.18493257063156854,-5.691591598226919,0.08238556525528296,True,False,False,False,False,True,0.11765455500306912,False,-0.2740740834930797,偏強 (RS上升),8926.TW,台汽電,3,v1,phase6a,2026-07-12,1,4,5,4,3,4,v1,29,0.9554140127388535,29,0.9554140127388535,29,0.9554140127388535,^TWII,yfinance,2y,2026-09-17,scan_20260917_153651,False,False
True,0,-0.5083332061767578,-0.749999682108561,True,False,觀察 (跌勢收斂),26.649999618530273,2026-09-17 00:00:00,24.342500019073487,0.1999999999999993,False,True,3.777805337565212,True,0.0005757431649354104,66.153447481757,0.0005257201329473793,0.0005541290060319156,1.011727596218881,0.4228452943508154,1.1745353860434848,1.011727596218881,True,True,False,False,False,True,0.4056576856125118,False,-0.196882884009685,偏強 (RS上升),3031.TW,佰鴻,1,v1,phase6a,2026-07-12,1,2,3,2,1,2,v1,144,0.7722929936305732,144,0.7722929936305732,117,0.8152866242038217,^TWII,yfinance,2y,2026-09-17,scan_20260917_153651,False,False
False,0,-4.699999491373697,-3.8499991099039708,False,True,強烈賣出 (跌破),63.79999923706055,2026-09-17 00:00:00,64.98499965667725,-0.06499996185303303,False,False,0.5528739972063681,False,0.0013783269797152727,70.80479093189345,0.0013911440292506587,0.0014525274241513157,-0.09688830914151847,-0.9463676399250387,-0.5149166189267973,-0.09688830914151847,False,False,False,False,False,False,0.23067011895077497,False,-0.21973528045100577,中性,3673.TW,TPK-KY,0,v1,phase6a,2026-07-12,0,0,0,0,0,0,v1,436,0.3073248407643312,436,0.3073248407643312,462,0.2659235668789809,^TWII,yfinance,2y,2026-09-17,scan_20260917_153651,False,False
True,0,-0.0666666030883789,-3.1789143879398796e-07,True,False,賣出 (動能轉弱),19.5,2026-09-17 00:00:00,19.400000190734865,0.019999980926513672,False,True,1.6228258262750601,True,0.0004212754925682682,21.478104846479003,0.00042233299042005265,0.00044427876626026665,-0.026350352406001587,-0.3415293162524313,-4.10334821123185,-0.026350352406001587,False,False,False,False,False,False,0.11956936149489328,False,-0.1207149585213696,中性,1540.TW,喬福,0,v1,phase6a,2026-07-12,0,0,2,0,0,0,v1,301,0.5222929936305732,301,0.5222929936305732,357,0.43312101910828027,^TWII,yfinance,2y,2026-09-17,scan_20260917_153651,False,False
True,1,-0.15833314259847006,-0.09166653951009116,True,False,賣出 (動能轉弱),26.850000381469727,2026-09-17 00:00:00,26.802499961853027,0.03749999999999787,False,True,0.6653358558760599,False,0.0005800639557006076,53.95182191128169,0.0005786686056309308,0.0005817331610357878,0.02538866699901554,0.2894169631376675,0.5103235433344677,0.02538866699901554,True,False,False,False,False,False,0.348632619847457,False,-0.007393673243317744,中性,2107.TW,厚生,0,v1,phase6a,2026-07-12,0,0,2,0,0,0,v1,330,0.47611464968152867,330,0.47611464968152867,384,0.39012738853503187,^TWII,yfinance,2y,2026-09-17,scan_20260917_153651,False,False
True,1,0.04999987284342448,0.044999917348225914,True,False,買入 (動能增強),8.609999656677246,2026-09-17 00:00:00,8.592999982833863,-0.0010000228881832385,False,True,0.5238776976345652,False,0.00018600932545535012,38.30020365619696,0.00018692884002625924,0.0001927619425717613,-0.051752803575177975,0.15734324106837505,-3.132624527993777,-0.051752803575177975,False,False,False,False,False,False,0.13569834992912228,False,-0.022552795421753258,中性,2506.TW,太設,2,v1,phase6a,2026-07-12,0,2,3,2,2,2,v1,58,0.9092356687898089,58,0.9092356687898089,90,0.85828025477707,^TWII,yfinance,2y,2026-09-17,scan_20260917_153651,False,False
True,0,0.9083334604899088,1.06666628519694,True,False,觀望 (動能減弱),50.5,2026-09-17 00:00:00,50.15750007629394,0.09999999999999432,False,True,0.954884232189441,False,0.001090995506394746,34.80606123998198,0.0010910027987589986,0.0010789651383149431,-7.035882496619905e-05,1.2838459324103102,0.2054094391839012,-7.035882496619905e-05,False,True,True,False,False,False,0.6868962096608185,False,-0.026974980437733165,中性,4995.TWO,晶達,0,v1,phase6a,2026-07-12,0,0,2,0,0,0,v1,466,0.25955414012738853,466,0.25955414012738853,489,0.2229299363057325,^TWII,yfinance,2y,2026-09-17,scan_20260917_153651,False,False
True,0,-1.449999491373698,-1.0499992370605469,True,False,賣出 (動能轉弱),76.0,2026-09-17 00:00:00,76.025,0.2599998474121179,False,False,0.8021229994637972,False,0.0016418942274455583,45.2279077222568,0.001643890970019194,0.0017112937573990632,-0.012784093506845728,0.5424425239025199,0.006311354858068441,-0.012784093506845728,False,False,False,False,False,True,0.35587284083653403,False,-0.10798118870627493,中性,6794.TW,向榮生技,0,v1,phase6a,2026-07-12,1,1,1,1,0,1,v1,551,0.12420382165605096,551,0.12420382165605096,313,0.5031847133757962,^TWII,yfinance,2y,2026-09-17,scan_20260917_153651,False,False
True,1,-0.20833333333333331,-0.23333326975504556,True,False,觀察 (跌勢收斂),25.0,2026-09-17 00:00:00,25.07749996185303,-0.00749998092651083,False,False,0.31471963901258004,False,0.0005400967853439337,34.43726973410401,0.0005442472615328552,0.0005655339349465849,-0.08021019656884176,-0.011997493523696612,-3.1961185142641235,-0.08021019656884176,False,False,False,False,False,False,0.16574215963600433,False,-0.015748016714081325,中性,3666.TWO,光耀,1,v1,phase6a,2026-07-12,0,1,1,1,1,1,v1,161,0.7452229299363057,161,0.7452229299363057,191,0.697452229299363,^TWII,yfinance,2y,2026-09-17,scan_20260917_153651,False,False
True,0,-0.31666946411132807,-0.050001780192057296,True,False,賣出 (動能轉弱),89.0999984741211,2026-09-17 00:00:00,89.12500038146973,0.02999992370605753,False,False,0.45760152475448723,False,0.0019249049100008879,48.760651825841556,0.0019331676858678295,0.0019745309826901354,-0.04497151179488901,0.026482584256526387,-2.0113634760760113,-0.04497151179488901,False,False,False,False,False,False,0.11148264429290675,False,-0.015469630120208855,中性,2114.TW,鑫永銓,0,v1,phase6a,2026-07-12,0,0,1,0,0,0,v1,332,0.4729299363057325,332,0.4729299363057325,386,0.3869426751592357,^TWII,yfinance,2y,2026-09-17,scan_20260917_153651,False,False
True,0,-0.7333323160807291,-0.7833321889241536,True,False,觀察 (跌勢收斂),42.650001525878906,2026-09-17 00:00:00,42.42749996185303,-0.00999984741210369,True,True,0.9161805814265505,False,0.0009214051487616425,45.85163868145028,0.0009253678476866731,0.0010098127596019863,-0.045056488752726054,-0.7977946088781773,-7.241776406074507,-0.045056488752726054,False,False,False,False,False,False,0.14124066614976452,False,-0.17664088505691,中性,6591.TW,動力-KY,1,v1,phase6a,2026-07-12,0,1,2,1,1,1,v1,223,0.6464968152866242,223,0.6464968152866242,239,0.6210191082802548,^TWII,yfinance,2y,2026-09-17,scan_20260917_153651,False,False
True,0,-0.7166684468587239,-0.3333346048990885,True,False,賣出 (動能轉弱),88.19999694824219,2026-09-17 00:00:00,88.82999954223632,-0.04500007629394531,True,False,0.6633470045559263,False,0.0019054613927636144,25.557187355179746,0.0019317174533318258,0.002042195106444629,-0.14287012864329096,-0.4323646450669738,-4.665805095551978,-0.14287012864329096,False,False,False,False,False,False,0.09485571609353245,False,-0.07933200272874286,中性,7757.TWO,金色三麥,0,v1,phase6a,2026-07-12,0,0,0,0,0,0,v1,579,0.07961783439490445,579,0.07961783439490445,586,0.06847133757961783,^TWII,yfinance,2y,2026-09-17,scan_20260917_153651,False,False
True,1,0.09166717529296875,0.02500089009602864,True,False,買入 (動能增強),44.79999923706055,2026-09-17 00:00:00,44.68249988555908,-0.007500076293943891,False,True,0.8764102823554303,False,0.0009678534228538833,38.87917319795189,0.0009732379293560004,0.0010116223111618396,-0.058203677468360304,0.12862967939053505,-4.099965133767125,-0.058203677468360304,False,False,False,False,False,False,0.12868285990678174,False,-0.03402322561965898,中性,6201.TW,亞弘電,2,v1,phase6a,2026-07-12,0,2,3,2,2,2,v1,86,0.8646496815286624,86,0.8646496815286624,105,0.8343949044585988,^TWII,yfinance,2y,2026-09-17,scan_20260917_153651,False,False
False,0,-0.47500038146972656,-0.16666730244954428,False,True,強烈賣出 (跌破),34.400001525878906,2026-09-17 00:00:00,35.01000003814697,-0.05499992370605611,False,False,0.3837749930733621,False,0.0007431732095981444,44.501553502610875,0.0007537352364141825,0.0007611495402642622,-0.14728709978818477,-0.45001516589805446,-0.09465727894413245,-0.14728709978818477,False,False,False,False,False,False,0.36665917717448154,False,-0.048409403212534285,中性,2539.TW,櫻花建,0,v1,phase6a,2026-07-12,0,0,0,0,0,0,v1,370,0.4124203821656051,370,0.4124203821656051,412,0.34554140127388533,^TWII,yfinance,2y,2026-09-17,scan_20260917_153651,False,False
True,0,-0.46666653951009107,-0.18333307902018225,True,False,賣出 (動能轉弱),62.79999923706055,2026-09-17 00:00:00,60.839999771118165,0.19499988555908487,False,True,0.8347462078995997,False,0.0013567231083015155,34.7330941507172,0.0013176213106152722,0.0013753154378168516,0.31335835522079414,0.011797411862923823,-0.8674978171996583,0.31335835522079414,True,False,False,False,False,True,0.24508816470679382,False,-0.11173971785267611,偏強 (RS上升),3178.TWO,公準,0,v1,phase6a,2026-07-12,1,1,2,1,0,1,v1,406,0.35509554140127386,406,0.35509554140127386,297,0.5286624203821656,^TWII,yfinance,2y,2026-09-17,scan_20260917_153651,False,False
True,0,-1.807848612467448,-1.1957969665527346,True,False,賣出 (動能轉弱),88.80000305175781,2026-09-17 00:00:00,88.3647087097168,0.1334041595458899,False,True,0.9738058870853772,False,0.0019184238474714357,71.28200871860513,0.0019108727708298666,0.002011645661407971,0.04161349462243891,-0.33464683241765103,-0.9620799511888878,0.04161349462243891,True,False,False,False,False,True,0.41379730585442137,False,-0.12043240240072084,中性,5243.TW,乙盛-KY,0,v1,phase6a,2026-07-12,0,0,2,0,0,0,v1,473,0.2484076433121019,473,0.2484076433121019,496,0.21178343949044587,^TWII,yfinance,2y,2026-09-17,scan_20260917_153651,False,False
True,0,-2.69999885559082,-2.733332316080729,True,False,觀察 (跌勢收斂),43.900001525878906,2026-09-17 00:00:00,43.86000022888184,-0.014999961853028765,False,True,0.6873275402685136,False,0.0009484099880288392,97.15830597856377,0.0009464163611434903,0.0009850125229629175,0.022178611154699546,-1.1241013484755702,-4.865841353009792,0.022178611154699546,True,False,False,False,False,True,0.15966814056223227,False,-0.3031745789543031,中性,6174.TWO,安��,1,v1,phase6a,2026-07-12,0,1,2,1,1,1,v1,208,0.6703821656050956,208,0.6703821656050956,226,0.64171974522293,^TWII,yfinance,2y,2026-09-17,scan_20260917_153651,False,False
True,0,0.016666730244954422,-0.04999987284342448,True,False,買入 (動能增強),17.25,2026-09-17 00:00:00,17.2625,-0.010000038146973367,False,False,1.010443681662944,False,0.0003726667818873142,34.68029090314055,0.00037413778996726714,0.0003837972425749942,-0.04136949065101092,0.21147832607957273,-1.9065890367277794,-0.04136949065101092,False,False,False,False,False,True,0.21800370787524753,False,-0.014285714285714235,中性,2505.TW,國揚,4,v1,phase6a,2026-07-12,1,5,4,5,4,5,v1,4,0.9952229299363057,4,0.9952229299363057,4,0.9952229299363057,^TWII,yfinance,2y,2026-09-17,scan_20260917_153651,False,True
True,0,0.20833349227905273,0.1416667302449544,True,False,買入 (動能增強),12.600000381469727,2026-09-17 00:00:00,12.392500114440917,0.015000009536741743,False,True,0.9379382776927461,False,0.00027220878805456547,32.52677483650642,0.0002707679556237602,0.00028108176707901427,0.05604487896679888,0.5613709177644033,-3.7861216726147395,0.05604487896679888,True,False,False,False,False,True,0.21574882512097698,False,-0.030348163808792128,偏強 (RS上升),1454.TW,台富,2,v1,phase6a,2026-07-12,1,3,4,3,2,3,v1,35,0.945859872611465,35,0.945859872611465,42,0.9347133757961783,^TWII,yfinance,2y,2026-09-17,scan_20260917_153651,False,False
True,0,-0.038333257039388016,-0.08499987920125324,True,False,觀察 (跌勢收斂),8.829999923706055,2026-09-17 00:00:00,8.759499979019164,-0.008500003814697621,False,True,0.8983972157435239,False,0.00019076218293523277,35.65088513879066,0.0001920904667944094,0.0002033525136111995,-0.07273534072038679,-0.11815545136979466,-8.807053956318256,-0.07273534072038679,False,False,False,False,False,True,0.14995147358768318,False,-0.21511111789279513,中性,6142.TW,友勁,1,v1,phase6a,2026-07-12,0,1,2,1,1,1,v1,206,0.6735668789808917,206,0.6735668789808917,225,0.643312101910828,^TWII,yfinance,2y,2026-09-17,scan_20260917_153651,False,False
True,1,-0.09833335876464844,-0.12000004450480142,True,False,觀察 (跌勢收斂),10.050000190734863,2026-09-17 00:00:00,9.9760000705719,0.0,False,True,5.186579518192753,True,0.00021711891182887277,40.31035257280578,0.00021650520081054698,0.0002236378265718744,0.029847061932009034,-0.3239976190503868,-3.8406640274621484,0.029847061932009034,True,False,False,False,False,False,0.166379580796168,False,-0.09240093627955825,中性,1474.TW,弘裕,2,v1,phase6a,2026-07-12,0,2,3,2,2,2,v1,37,0.9426751592356688,37,0.9426751592356688,83,0.8694267515923567,^TWII,yfinance,2y,2026-09-17,scan_20260917_153651,True,False
True,0,-1.1733309427897136,-0.5933303833007811,True,False,賣出 (動能轉弱),82.19999694824219,2026-09-17 00:00:00,82.63883399963379,-0.04509010314941975,True,False,1.0935674706547474,False,0.0017758381642810704,77.86685395510602,0.0018015224582785868,0.0019201241216700846,-0.14984873249354047,-1.0829076157966133,-6.79324321364656,-0.14984873249354047,False,False,False,False,False,False,0.11686701539301281,False,-0.16832811389163993,中性,3528.TW,安馳,0,v1,phase6a,2026-07-12,0,0,0,0,0,0,v1,428,0.3200636942675159,428,0.3200636942675159,454,0.2786624203821656,^TWII,yfinance,2y,2026-09-17,scan_20260917_153651,False,False
True,1,0.21666717529296872,0.2083339691162109,True,False,買入 (動能增強),18.049999237060547,2026-09-17 00:00:00,17.842499828338624,0.027499961853028054,False,True,0.8892660542395457,False,0.0003899498625358742,27.320594379780722,0.0003868806933307793,0.00040141821929990404,0.08357627000803447,0.6488830244969268,0.10006680381677846,0.08357627000803447,True,False,False,False,False,True,0.3035533877951364,False,-0.01366120275533722,偏強 (RS上升),2430.TW,燦坤,2,v1,phase6a,2026-07-12,1,3,4,3,2,3,v1,52,0.9187898089171974,52,0.9187898089171974,52,0.9187898089171974,^TWII,yfinance,2y,2026-09-17,scan_20260917_153651,False,False
True,1,-0.3166669209798177,-0.24999999999999997,True,False,賣出 (動能轉弱),41.349998474121094,2026-09-17 00:00:00,41.6875,-0.002500152587892046,False,False,0.3218383478886539,False,0.0008933200499939745,40.95194816313483,0.0009024035872721427,0.0009225674252355298,-0.10584507663937703,-0.105616090318017,-1.9298187980917425,-0.10584507663937703,False,False,False,False,False,False,0.0950741314200991,False,-0.017814727486534898,中性,2013.TW,中鋼構,0,v1,phase6a,2026-07-12,0,0,0,0,0,0,v1,323,0.4872611464968153,323,0.4872611464968153,377,0.4012738853503185,^TWII,yfinance,2y,2026-09-17,scan_20260917_153651,False,False
False,0,-0.40000009536743164,-0.09166685740152994,False,True,強烈賣出 (跌破),11.75,2026-09-17 00:00:00,12.287500047683716,0.0,False,False,0.8050635997712947,False,0.0002538454891116488,44.74045218027787,0.00027647526897947784,0.0003216735947709198,-0.854229620342839,-2.871784985239745,-20.7959335674216,-0.854229620342839,False,False,False,False,False,False,0.04497146143961721,False,-0.381578947368421,中性,3625.TWO,西勝,0,v1,phase6a,2026-07-12,0,0,0,0,0,0,v1,433,0.31210191082802546,433,0.31210191082802546,459,0.27070063694267515,^TWII,yfinance,2y,2026-09-17,scan_20260917_153651,False,False
True,0,-0.24999936421712238,-0.16666666666666663,True,False,賣出 (動能轉弱),49.900001525878906,2026-09-17 00:00:00,50.375,-0.02999992370605753,True,False,1.1956960678122182,False,0.0010780332165113832,31.802840811202554,0.0010995133770051772,0.0011893124962111751,-0.20522072669064695,-0.7214718529371278,-6.635212399620727,-0.20522072669064695,False,False,False,False,False,False,0.032628529566015585,False,-0.17520658634910902,中性,8924.TWO,大田,0,v1,phase6a,2026-07-12,0,0,0,0,0,0,v1,619,0.01592356687898089,619,0.01592356687898089,619,0.01592356687898089,^TWII,yfinance,2y,2026-09-17,scan_20260917_153651,False,False
True,0,-0.10000006357828775,-0.16666666666666666,True,False,觀察 (跌勢收斂),25.0,2026-09-17 00:00:00,24.917500019073486,-0.005000019073484907,False,True,0.9065754399595664,False,0.0005400967853439337,43.94440166368165,0.0005409108232166776,0.0005603465898754978,-0.015838955579772218,0.1557654698438382,-2.9461126679196425,-0.015838955579772218,False,False,False,False,False,True,0.23365384626159177,False,-0.04580155450365042,中性,6266.TWO,泰詠,1,v1,phase6a,2026-07-12,1,2,2,2,1,2,v1,216,0.6576433121019108,216,0.6576433121019108,130,0.7945859872611465,^TWII,yfinance,2y,2026-09-17,scan_20260917_153651,False,False
False,0,-1.0773709615071614,-0.47692426045735675,False,True,強烈賣出 (跌破),46.29999923706055,2026-09-17 00:00:00,47.99209785461426,-0.13849163055419922,False,False,0.419637328090218,False,0.0010002592299745193,40.882283827896465,0.0010313035669667742,0.0010408586836657464,-0.3158626820822463,-0.5880936637671086,1.029781841459676,-0.3158626820822463,False,False,False,False,False,False,0.22299321469734126,False,-0.06085192791939831,中性,1583.TW,程泰,0,v1,phase6a,2026-07-12,0,0,0,0,0,0,v1,302,0.5207006369426752,302,0.5207006369426752,358,0.4315286624203822,^TWII,yfinance,2y,2026-09-17,scan_20260917_153651,False,False
True,0,-0.6749998728434244,-0.4999993642171224,True,False,賣出 (動能轉弱),39.849998474121094,2026-09-17 00:00:00,40.53250026702881,-0.007500076293943891,False,False,0.6924716504183214,False,0.0008609142428733386,42.11368146505264,0.0008771709328584899,0.0009216876315325442,-0.1947053423140832,-0.7490986425098822,-3.476498330956046,-0.1947053423140832,False,False,False,False,False,False,0.05289448950576223,False,-0.12127894564623998,中性,2498.TW,宏達電,0,v1,phase6a,2026-07-12,0,0,0,0,0,0,v1,367,0.4171974522292994,367,0.4171974522292994,410,0.3487261146496815,^TWII,yfinance,2y,2026-09-17,scan_20260917_153651,False,False
True,0,-3.751219431559244,-2.046337127685547,True,False,賣出 (動能轉弱),89.0999984741211,2026-09-17 00:00:00,91.28823547363281,-0.20391883850098225,False,False,0.33758265191300607,False,0.0019249049100008879,136.4704969002978,0.0019647592398369437,0.0019848976121768077,-0.21306702406002076,-0.9072404947520041,-0.5286278974911185,-0.21306702406002076,False,False,False,False,False,False,0.3285124892435239,False,-0.1729898850458479,中性,8932.TWO,智通*,1,v1,phase6a,2026-07-12,0,1,1,1,1,1,v1,256,0.5939490445859873,256,0.5939490445859873,268,0.5748407643312102,^TWII,yfinance,2y,2026-09-17,scan_20260917_153651,True,False
True,0,-1.9166666666666667,-1.5666669209798176,True,False,賣出 (動能轉弱),72.80000305175781,2026-09-17 00:00:00,73.725,-0.12999992370606606,False,False,0.2377777296899598,False,0.001572761904851318,93.68118440499475,0.0015964532616735058,0.0016268323275102714,-0.15596682664030803,-0.7444873395504592,-4.300404905552502,-0.15596682664030803,False,False,False,False,False,False,0.06028244175153048,False,-0.1415094288696639,中性,2423.TW,固緯,1,v1,phase6a,2026-07-12,0,1,1,1,1,1,v1,132,0.7914012738853503,132,0.7914012738853503,169,0.732484076433121,^TWII,yfinance,2y,2026-09-17,scan_20260917_153651,True,False
True,0,-0.2592328389485677,0.2040843963623047,True,False,賣出 (動能轉弱),59.599998474121094,2026-09-17 00:00:00,58.72892112731934,0.13605384826660583,False,True,0.20771747515139694,False,0.001287590703295046,41.53523856908205,0.0012711279542238167,0.0012950747173533497,0.13651549828452847,0.7626034741447629,1.2741970434818617,0.13651549828452847,True,False,False,False,False,False,0.555321884434907,False,-0.018795503177026718,中性,8099.TWO,大世科,0,v1,phase6a,2026-07-12,0,0,2,0,0,0,v1,593,0.05732484076433121,593,0.05732484076433121,597,0.050955414012738856,^TWII,yfinance,2y,2026-09-17,scan_20260917_153651,False,False
True,0,-0.25,-0.10000038146972656,True,False,賣出 (動能轉弱),24.450000762939453,2026-09-17 00:00:00,24.462499809265136,-0.017499923706054688,False,False,0.4263341172490585,False,0.0005282146725488129,38.36783728345972,0.0005291564349060886,0.0005393941337818558,-0.018730625759488806,-0.4509751071390178,-2.2975208320345386,-0.018730625759488806,False,False,False,False,False,False,0.3281831542174103,False,-0.033596778646379555,中性,1101.TW,台泥,0,v1,phase6a,2026-07-12,0,0,0,0,0,0,v1,264,0.5812101910828026,264,0.5812101910828026,324,0.4856687898089172,^TWII,yfinance,2y,2026-09-17,scan_20260917_153651,False,False
True,0,-0.2583338419596354,-0.2500003178914388,True,False,賣出 (動能轉弱),30.600000381469727,2026-09-17 00:00:00,30.607500076293945,-0.007499980926514382,False,False,0.724600885611378,False,0.0006610784735021977,44.212774328828374,0.0006653660821615159,0.0006941491111750386,-0.06778543500550738,-0.37233488764149003,-4.619283649001482,-0.06778543500550738,False,False,False,False,False,False,0.13501619447136307,False,-0.08928566157412132,中性,1307.TW,三芳,1,v1,phase6a,2026-07-12,0,1,1,1,1,1,v1,105,0.8343949044585988,105,0.8343949044585988,148,0.7659235668789809,^TWII,yfinance,2y,2026-09-17,scan_20260917_153651,True,False
True,0,-0.22500006357828775,-0.25000015894571936,True,False,觀察 (跌勢收斂),14.149999618530273,2026-09-17 00:00:00,14.297499942779542,0.004999971389771929,False,False,0.21484306846579396,False,0.00030569477226344353,33.38593391241104,0.0003101728531869409,0.0003391664246584823,-0.15174173334040475,-0.161056513309199,-3.5588504034109625,-0.15174173334040475,False,False,False,False,False,False,0.07898817564129611,False,-0.16272189716411112,中性,5398.TWO,慕康生醫,1,v1,phase6a,2026-07-12,0,1,2,1,1,1,v1,189,0.7006369426751592,189,0.7006369426751592,212,0.6640127388535032,^TWII,yfinance,2y,2026-09-17,scan_20260917_153651,False,False
True,0,-4.083333333333334,-2.25,True,False,賣出 (動能轉弱),179.0,2026-09-17 00:00:00,176.275,0.3499999999999943,False,True,1.4151019128205449,False,0.003867092983062565,34.06954278047767,0.0038245882650006007,0.004035060074431501,0.11712165527173468,-0.8859139815306061,-3.473697193645342,0.11712165527173468,True,False,False,False,False,False,0.30190053703091574,False,-0.2008928571428571,中性,3035.TW,智原,0,v1,phase6a,2026-07-12,0,0,2,0,0,0,v1,397,0.36942675159235666,397,0.36942675159235666,430,0.31687898089171973,^TWII,yfinance,2y,2026-09-17,scan_20260917_153651,False,False
True,1,-1.233332951863607,-0.5666662851969401,True,False,賣出 (動能轉弱),55.5,2026-09-17 00:00:00,56.46999988555908,-0.06000003814697408,True,False,0.5108587575021755,False,0.0011990148634635326,104.89361688798344,0.0012300434219938978,0.0013225441819906558,-0.26482921180313035,-0.9013276980663454,-6.083393137283055,-0.26482921180313035,False,False,False,False,False,True,0.039733360518176976,False,-0.3904779269015516,中性,6155.TW,鈞寶,0,v1,phase6a,2026-07-12,0,0,0,0,0,0,v1,502,0.20222929936305734,502,0.20222929936305734,520,0.1735668789808917,^TWII,yfinance,2y,2026-09-17,scan_20260917_153651,False,False
True,1,-0.15833346048990884,-0.1416667302449544,True,False,賣出 (動能轉弱),10.0,2026-09-17 00:00:00,10.297499942779542,-0.017500019073485973,False,False,1.4178108034899037,False,0.00021603871413757345,26.319031614118874,0.00022336383069082707,0.0002395456797379973,-0.3440182298739103,-0.7222903207626419,-5.055019929006955,-0.3440182298739103,False,False,False,False,False,False,0.0,False,-0.20634923037728115,中性,1445.TW,大宇,0,v1,phase6a,2026-07-12,0,0,0,0,0,0,v1,289,0.5414012738853503,289,0.5414012738853503,346,0.45063694267515925,^TWII,yfinance,2y,2026-09-17,scan_20260917_153651,False,False
True,1,-0.19166660308837888,-0.14999977747599283,True,False,賣出 (動能轉弱),11.149999618530273,2026-09-17 00:00:00,11.227500009536744,-0.007500028610229137,True,False,0.8408474401675652,False,0.00024088315802217147,23.417343419190715,0.0002449733102616403,0.00026421319773370936,-0.17544237241208238,-0.8636702233820293,-7.174767822264316,-0.17544237241208238,False,False,False,False,False,False,0.0771115685141269,False,-0.16791045254125037,中性,3325.TWO,旭品,0,v1,phase6a,2026-07-12,0,0,0,0,0,0,v1,417,0.3375796178343949,417,0.3375796178343949,447,0.2898089171974522,^TWII,yfinance,2y,2026-09-17,scan_20260917_153651,False,False
True,1,-0.13333257039388022,-0.16666666666666666,True,False,觀察 (跌勢收斂),69.5,2026-09-17 00:00:00,69.35000038146973,-0.06500015258788494,False,True,0.2747514978797919,False,0.0015014690632561354,30.70849055364961,0.0015077845436375443,0.0015788334957055228,-0.04407091407626629,-0.3103866150318546,-4.148421964370841,-0.04407091407626629,False,False,False,False,False,False,0.1284606776687409,False,-0.03203346732589729,中性,7736.TW,虎山,1,v1,phase6a,2026-07-12,0,1,2,1,1,1,v1,241,0.6178343949044586,241,0.6178343949044586,255,0.5955414012738853,^TWII,yfinance,2y,2026-09-17,scan_20260917_153651,False,False
True,1,-0.25,-1.2499999999999998,True,False,觀察 (跌勢收斂),129.0,2026-09-17 00:00:00,126.3,-0.07500000000000284,True,True,1.7680340750768024,True,0.0027868994123746976,52.223936661138424,0.002758385504416192,0.0028273913965004252,0.10893087684336056,-0.1407027760908286,-6.635965319829018,0.10893087684336056,True,False,False,False,False,True,0.325723735920936,False,-0.1103448275862069,中性,1736.TW,喬山,2,v1,phase6a,2026-07-12,0,2,3,2,2,2,v1,39,0.9394904458598726,39,0.9394904458598726,84,0.8678343949044586,^TWII,yfinance,2y,2026-09-17,scan_20260917_153651,True,False
True,0,-0.6499993006388346,-0.633332888285319,True,False,賣出 (動能轉弱),23.75,2026-09-17 00:00:00,23.924999809265138,-0.017500019073484196,True,False,0.3962678384536668,False,0.0005130919460767369,26.373887409722176,0.0005189724954162097,0.0005704431368567886,-0.11913304834705318,-0.8859787223292503,-5.485590891937575,-0.11913304834705318,False,False,False,False,False,False,0.08915436831817967,False,-0.17534720037638352,中性,1587.TW,吉茂,0,v1,phase6a,2026-07-12,0,0,0,0,0,0,v1,304,0.517515923566879,304,0.517515923566879,360,0.428343949044586,^TWII,yfinance,2y,2026-09-17,scan_20260917_153651,False,False
True,0,-0.10833358764648438,-0.024999936421712235,True,False,賣出 (動能轉弱),30.899999618530273,2026-09-17 00:00:00,30.717499828338624,0.00500001907348846,False,True,0.883743186937594,False,0.0006675596184438791,47.69876756248148,0.0006671601205752639,0.0006758062595824654,0.006303592906431454,-0.10067890908934674,-3.0332799985443137,0.006303592906431454,True,False,False,False,False,True,0.2837830230935576,False,-0.01592356707243181,中性,2008.TW,高興昌,0,v1,phase6a,2026-07-12,0,0,2,0,0,0,v1,322,0.4888535031847134,322,0.4888535031847134,376,0.4028662420382166,^TWII,yfinance,2y,2026-09-17,scan_20260917_153651,False,False
True,0,-0.3166666030883789,-0.3083332379659016,True,False,賣出 (動能轉弱),11.949999809265137,2026-09-17 00:00:00,12.352500009536744,-0.02499999999999858,False,False,2.2686693372404765,True,0.0002581662592737888,35.876569557681115,0.00026677913730092874,0.00027984134666919565,-0.338687703488183,-0.645933091550599,-3.6450688370754714,-0.338687703488183,False,False,False,False,False,False,0.0,False,-0.14642858505249023,中性,2064.TWO,晉椿,0,v1,phase6a,2026-07-12,0,0,0,0,0,0,v1,329,0.47770700636942676,329,0.47770700636942676,383,0.39171974522292996,^TWII,yfinance,2y,2026-09-17,scan_20260917_153651,False,False
True,1,-0.07499980926513672,-0.04999987284342448,True,False,賣出 (動能轉弱),11.649999618530273,2026-09-17 00:00:00,11.794999885559083,-0.017500019073485973,False,False,0.5758315421326824,False,0.00025168509372905016,30.56717490984183,0.00025622638641206833,0.00027101741900289805,-0.18621838062394813,-0.09236618959245213,-4.049083752902427,-0.18621838062394813,False,False,False,False,False,False,0.13994907855408745,False,-0.13059701864319473,中性,8201.TW,無敵,0,v1,phase6a,2026-07-12,0,0,0,0,0,0,v1,599,0.04777070063694268,599,0.04777070063694268,602,0.042993630573248405,^TWII,yfinance,2y,2026-09-17,scan_20260917_153651,False,False
False,0,0.06780306498209632,-0.27617359161376953,False,True,強烈買入 (爆發),31.600000381469727,2026-09-17 00:00:00,29.236604976654053,0.14645547866821218,False,True,5.147878224470762,True,0.0006826823449159551,52.718010039669025,0.0006399352016913613,0.0006865676221156914,0.7081284048140235,0.5553305515908047,-4.887616785106797,0.7081284048140235,True,False,False,False,False,True,0.40783405363617703,False,-0.11311492434644588,偏強 (RS上升),6126.TWO,信音,3,v1,phase6a,2026-07-12,1,4,5,4,3,4,v1,25,0.9617834394904459,25,0.9617834394904459,25,0.9617834394904459,^TWII,yfinance,2y,2026-09-17,scan_20260917_153651,False,False
True,0,0.03333346048990882,-0.29166730244954425,True,False,買入 (動能增強),39.150001525878906,2026-09-17 00:00:00,37.83749942779541,0.02499999999999858,False,True,5.135242495802231,True,0.0008457915988134918,45.89682168135664,0.0008240713006545093,0.0008614874508766854,0.27821721059118065,-0.4650561256138386,-4.912523509667865,0.27821721059118065,True,False,False,False,False,False,0.31873735889204463,False,-0.035714211890092384,中性,6708.TWO,天擎,2,v1,phase6a,2026-07-12,0,2,4,2,2,2,v1,90,0.85828025477707,90,0.85828025477707,107,0.8312101910828026,^TWII,yfinance,2y,2026-09-17,scan_20260917_153651,False,False
True,0,-1.4250017801920574,-1.4166679382324219,True,False,賣出 (動能轉弱),41.349998474121094,2026-09-17 00:00:00,39.320000076293944,0.12749996185302592,False,True,1.190098302174024,False,0.0008933200499939745,55.317419496415575,0.0008535509032437694,0.0009628598307445192,0.49286556007492877,-1.1358653670486052,-5.7010582629726585,0.49286556007492877,True,False,False,False,False,True,0.16165538734619717,False,-0.3330645407399824,中性,6405.TW,悅城,0,v1,phase6a,2026-07-12,0,0,2,0,0,0,v1,521,0.17197452229299362,521,0.17197452229299362,537,0.1464968152866242,^TWII,yfinance,2y,2026-09-17,scan_20260917_153651,False,False
True,0,-0.5916665395100911,-0.5833330154418945,True,False,賣出 (動能轉弱),21.0,2026-09-17 00:00:00,21.58499994277954,-0.044999980926515804,False,False,0.4394074105813418,False,0.0004536812996889043,24.587804926635897,0.00046664761582520094,0.0004916471747156907,-0.29163225520867364,-0.8441136891705892,-4.721830629223723,-0.29163225520867364,False,False,False,False,False,False,0.0,False,-0.0948276159737812,中性,2722.TW,夏都,0,v1,phase6a,2026-07-12,0,0,0,0,0,0,v1,383,0.39171974522292996,383,0.39171974522292996,421,0.33121019108280253,^TWII,yfinance,2y,2026-09-17,scan_20260917_153651,False,False
True,0,-0.2916673024495443,-0.29166730244954425,True,False,賣出 (動能轉弱),50.5,2026-09-17 00:00:00,50.027499771118165,0.047500038146971235,False,True,0.7182782577673297,False,0.001090995506394746,33.121288856170715,0.0010841981724435449,0.001132701712307259,0.0660378666869299,-0.5688595453783862,-2.658469693740617,0.0660378666869299,True,False,False,False,False,False,0.1982764003790967,False,-0.122478137639638,中性,3545.TW,敦泰,0,v1,phase6a,2026-07-12,0,0,2,0,0,0,v1,431,0.31528662420382164,431,0.31528662420382164,457,0.27388535031847133,^TWII,yfinance,2y,2026-09-17,scan_20260917_153651,False,False
True,0,-0.28333377838134766,-0.34166717529296875,True,False,觀察 (跌勢收斂),21.200000762939453,2026-09-17 00:00:00,20.667499923706053,0.035000038146971946,False,True,1.4214943122820307,False,0.00045800209045410156,26.583545843881893,0.0004493385555572214,0.0004888221899432995,0.2033668458994109,0.0938791566146957,-3.882749393644347,0.2033668458994109,True,False,False,False,False,True,0.22019060382316402,False,-0.1519999694824219,偏強 (RS上升),3062.TW,建漢,1,v1,phase6a,2026-07-12,1,2,3,2,1,2,v1,148,0.7659235668789809,148,0.7659235668789809,118,0.8136942675159236,^TWII,yfinance,2y,2026-09-17,scan_20260917_153651,False,False
True,1,-0.38333257039388025,-0.2666664123535156,True,False,賣出 (動能轉弱),32.400001525878906,2026-09-17 00:00:00,32.70250015258789,0.005000114440917969,False,False,0.8576045836853124,False,0.0006999654667706296,29.8991593035931,0.00071014237250342,0.000755314518104969,-0.15062327214531157,-0.5719510285408957,-4.107951325111947,-0.15062327214531157,False,False,False,False,False,False,0.06431142365681487,False,-0.09370625102436625,中性,6722.TW,輝創,0,v1,phase6a,2026-07-12,0,0,1,0,0,0,v1,545,0.1337579617834395,545,0.1337579617834395,556,0.11624203821656051,^TWII,yfinance,2y,2026-09-17,scan_20260917_153651,False,False
True,0,-0.6500015258789061,-0.8000017801920571,True,False,觀察 (跌勢收斂),71.0,2026-09-17 00:00:00,70.91000061035156,0.020000076293939628,False,True,0.7662465155102448,False,0.0015338748703767715,56.56996158890091,0.00154490073035983,0.0016140411413157428,-0.07506926180023132,-0.46254331104115254,-5.611248587210516,-0.07506926180023132,False,False,False,False,False,False,0.08978534893276832,False,-0.09898480646802232,中性,8487.TW,愛爾達-創,1,v1,phase6a,2026-07-12,0,1,3,1,1,1,v1,255,0.5955414012738853,255,0.5955414012738853,267,0.5764331210191083,^TWII,yfinance,2y,2026-09-17,scan_20260917_153651,False,False
True,1,-0.10000038146972656,-0.11666711171468097,True,False,觀察 (跌勢收斂),17.25,2026-09-17 00:00:00,17.29500017166138,-0.01249999999999929,False,False,1.3101394817730982,False,0.0003726667818873142,41.416019837260315,0.00037609379748525685,0.0003878391483915317,-0.09582524568740869,-0.20170697925282477,-4.537555114961089,-0.09582524568740869,False,False,False,False,False,False,0.11568568155680996,False,-0.06504068906869076,中性,9944.TW,新麗,1,v1,phase6a,2026-07-12,0,1,1,1,1,1,v1,262,0.5843949044585988,262,0.5843949044585988,274,0.5652866242038217,^TWII,yfinance,2y,2026-09-17,scan_20260917_153651,False,False
True,0,2.48126220703125,1.980087280273437,True,False,買入 (動能增強),284.0,2026-09-17 00:00:00,271.9518844604492,0.9391036987304346,False,True,2.754217550410788,True,0.006135499481507086,52.287058478093286,0.005945018330698349,0.006199992435262675,0.3384093977466307,1.237788201291301,-1.519539522966118,0.3384093977466307,True,False,False,False,False,True,0.2725356689471096,False,-0.35988906528145004,偏強 (RS上升),3675.TWO,德微,2,v1,phase6a,2026-07-12,1,3,4,3,2,3,v1,74,0.8837579617834395,74,0.8837579617834395,58,0.9092356687898089,^TWII,yfinance,2y,2026-09-17,scan_20260917_153651,False,False
True,1,-0.036666711171468094,-0.035000006357828774,True,False,賣出 (動能轉弱),7.710000038146973,2026-09-17 00:00:00,7.742999935150147,-0.0065000057220458984,False,False,0.5357717907054927,False,0.00016656584942419141,32.908479087400494,0.00016811604395515064,0.00017332850342966806,-0.09696881731661167,-0.18279767704743044,-3.586757524969486,-0.09696881731661167,False,False,False,False,False,False,0.1200075374650098,False,-0.06658597766277752,中性,5512.TWO,力麒,1,v1,phase6a,2026-07-12,0,1,1,1,1,1,v1,192,0.695859872611465,192,0.695859872611465,214,0.660828025477707,^TWII,yfinance,2y,2026-09-17,scan_20260917_153651,True,False
True,0,-1.8166656494140623,-1.5499992370605467,True,False,賣出 (動能轉弱),81.5,2026-09-17 00:00:00,82.83500022888184,-0.22499999999999432,False,False,0.9312899444923594,False,0.0017607155202212237,36.336123331771624,0.0018064237314859995,0.0019301175716891859,-0.26564141787129847,-0.858371532143043,-7.6448907252321,-0.26564141787129847,False,False,False,False,False,False,0.05615800572221126,False,-0.12740900783156517,中性,4994.TW,傳奇,1,v1,phase6a,2026-07-12,0,1,1,1,1,1,v1,181,0.7133757961783439,181,0.7133757961783439,206,0.6735668789808917,^TWII,yfinance,2y,2026-09-17,scan_20260917_153651,True,False
True,0,-0.12499968210856116,-0.20000012715657553,True,False,觀察 (跌勢收斂),29.700000762939453,2026-09-17 00:00:00,28.08750009536743,0.10750007629394531,False,True,3.1992164279423765,True,0.000641634997471039,30.340419186317142,0.0006068065294577226,0.0006201912783759821,0.6078443228316299,1.0656667643956563,2.696945256126493,0.6078443228316299,True,True,False,True,False,True,1.0,False,0.0,強勢 (RS強勁),2371.TW,大同,1,v1,phase6a,2026-07-12,2,3,3,3,1,3,v1,130,0.7945859872611465,130,0.7945859872611465,71,0.8885350318471338,^TWII,yfinance,2y,2026-09-17,scan_20260917_153651,False,False
True,2,-0.2916666666666667,-0.25,True,False,賣出 (動能轉弱),12.949999809265137,2026-09-17 00:00:00,13.019999933242797,-0.012500000000001066,True,False,1.1982853459867318,False,0.00027977013068754617,34.75697186857117,0.0002849369841690857,0.0003041809953935679,-0.19051340507059145,-1.1668556352648851,-9.49679247874834,-0.19051340507059145,False,False,False,False,False,False,0.07689344652706971,False,-0.2578796995374051,中性,8024.TWO,佑華,0,v1,phase6a,2026-07-12,0,0,0,0,0,0,v1,585,0.07006369426751592,585,0.07006369426751592,590,0.06210191082802548,^TWII,yfinance,2y,2026-09-17,scan_20260917_153651,False,False
True,1,-0.1999994913736979,-0.16666539510091144,True,False,賣出 (動能轉弱),64.19999694824219,2026-09-17 00:00:00,64.5449993133545,-0.015000152587887783,False,False,0.4070001618665091,False,0.001386968478833438,39.77683232214425,0.0013993182642809499,0.001428115312012158,-0.09281454266601985,-0.03556245451591389,-2.335676286965638,-0.09281454266601985,False,False,False,False,False,False,0.243580607165942,False,-0.03458651205650842,中性,2015.TW,豐興,0,v1,phase6a,2026-07-12,0,0,0,0,0,0,v1,324,0.4856687898089172,324,0.4856687898089172,378,0.3996815286624204,^TWII,yfinance,2y,2026-09-17,scan_20260917_153651,False,False
True,0,2.650000254313151,5.1500002543131504,True,False,觀望 (動能減弱),83.9000015258789,2026-09-17 00:00:00,92.93000068664551,-0.04500007629394531,False,False,0.6789664529680973,False,0.001812564844579133,67.33380396284677,0.001958585216637161,0.0019564754577114205,-0.7786681758042535,-0.3121931504347586,18.805879321823472,-0.7786681758042535,False,False,True,False,False,False,0.3791068211482554,False,-0.23378994040293233,中性,7825.TWO,和亞智慧,0,v1,phase6a,2026-07-12,0,0,0,0,0,0,v1,583,0.0732484076433121,583,0.0732484076433121,588,0.06528662420382166,^TWII,yfinance,2y,2026-09-17,scan_20260917_153651,False,False
True,0,-0.29166603088378906,-0.26666641235351557,True,False,賣出 (動能轉弱),39.5,2026-09-17 00:00:00,39.69750003814697,-0.032500076293949576,False,False,0.17935498906446812,False,0.0008533529208434151,49.73050121338906,0.0008620730873435756,0.0008841644044029417,-0.10636405983295294,-0.20703090603826357,-3.776453553730974,-0.10636405983295294,False,False,False,False,False,False,0.16203938756064581,False,-0.027093559494152375,中性,9925.TW,新保,0,v1,phase6a,2026-07-12,0,0,0,0,0,0,v1,625,0.006369426751592357,625,0.006369426751592357,625,0.006369426751592357,^TWII,yfinance,2y,2026-09-17,scan_20260917_153651,False,False
True,0,-1.683333079020182,-1.7166665395100908,True,False,觀察 (跌勢收斂),41.400001525878906,2026-09-17 00:00:00,41.3375,-0.004999923706058951,True,True,0.4679222129561581,False,0.0008944003094944458,56.16304975166088,0.0008965899627050444,0.0010050668449251082,-0.025700775556047883,-0.9243860804979187,-6.445453019113156,-0.025700775556047883,False,False,False,False,False,False,0.07761493222605743,False,-0.35813951122668364,中性,6821.TWO,聯寶,1,v1,phase6a,2026-07-12,0,1,2,1,1,1,v1,232,0.6321656050955414,232,0.6321656050955414,247,0.60828025477707,^TWII,yfinance,2y,2026-09-17,scan_20260917_153651,False,False
True,0,-1.8000005086263018,-1.3833338419596353,True,False,賣出 (動能轉弱),39.04999923706055,2026-09-17 00:00:00,40.77499961853027,-0.1425001144409208,True,False,0.7615401797749347,False,0.0008436311622247785,84.67103949107992,0.0008849406420174575,0.0009748407944686427,-0.4889711053803425,-2.1839362425721487,-7.907984914709976,-0.4889711053803425,False,False,False,False,False,False,0.0,False,-0.4460993016019781,中性,5228.TWO,鈺鎧,0,v1,phase6a,2026-07-12,0,0,0,0,0,0,v1,472,0.25,472,0.25,495,0.21337579617834396,^TWII,yfinance,2y,2026-09-17,scan_20260917_153651,False,False
True,0,-0.1333335240681966,0.0833330154418945,True,False,賣出 (動能轉弱),25.700000762939453,2026-09-17 00:00:00,25.775000190734865,0.02500000000000213,False,False,2.448027362864402,True,0.0005552195118160096,26.54823009846617,0.0005582109182950203,0.0005691297329180811,-0.056377859488376814,0.08115567350954755,-0.6256521458438358,-0.056377859488376814,False,False,False,False,False,False,0.3278277410658825,False,-0.03269553503863232,中性,4190.TW,佐登-KY,0,v1,phase6a,2026-07-12,0,0,1,0,0,0,v1,447,0.2898089171974522,447,0.2898089171974522,473,0.2484076433121019,^TWII,yfinance,2y,2026-09-17,scan_20260917_153651,False,False
True,0,-3.9499994913736973,-2.8666661580403643,True,False,賣出 (動能轉弱),92.5999984741211,2026-09-17 00:00:00,91.55999984741212,0.11499977111816406,False,True,0.930685310090874,False,0.0020005184599490387,74.58054709738475,0.001975763214725739,0.0020260032767428432,0.13206322452552488,0.1236372987750034,0.04028151844166494,0.13206322452552488,True,False,False,False,False,True,0.2376920184120231,False,-0.34127811052954926,偏強 (RS上升),5425.TWO,台半,0,v1,phase6a,2026-07-12,1,1,2,1,0,1,v1,481,0.2356687898089172,481,0.2356687898089172,304,0.517515923566879,^TWII,yfinance,2y,2026-09-17,scan_20260917_153651,False,False
True,1,-0.11666679382324217,-0.13333352406819662,True,False,觀察 (跌勢收斂),20.950000762939453,2026-09-17 00:00:00,20.935000038146974,0.007500076293947444,False,True,0.8675153649127044,False,0.0004526011226006622,46.64018278699636,0.0004537510175187648,0.0004644250781724796,-0.026668654283212856,-0.043299534634821946,-2.481127815110662,-0.026668654283212856,False,False,False,False,False,False,0.16897442307072483,False,-0.011792452405805287,中性,1731.TW,美吾華,1,v1,phase6a,2026-07-12,0,1,3,1,1,1,v1,122,0.8073248407643312,122,0.8073248407643312,161,0.7452229299363057,^TWII,yfinance,2y,2026-09-17,scan_20260917_153651,False,False
True,0,0.5,1.1666666666666667,True,False,觀望 (動能減弱),141.0,2026-09-17 00:00:00,141.425,0.025000000000005684,False,False,0.8370326712752337,False,0.0030461458693397856,45.636319202197924,0.0030756061108832616,0.003163729102985383,-0.10072663189107933,0.24243415642954957,-2.6610507548454843,-0.10072663189107933,False,False,False,False,False,False,0.13850452648846878,False,-0.05369127516778527,中性,4572.TW,駐龍,2,v1,phase6a,2026-07-12,0,2,3,2,2,2,v1,82,0.8710191082802548,82,0.8710191082802548,102,0.839171974522293,^TWII,yfinance,2y,2026-09-17,scan_20260917_153651,False,True
True,0,-3.7499999999999996,-4.0,True,False,觀察 (跌勢收斂),223.5,2026-09-17 00:00:00,223.05,0.0,False,True,0.6715369687368121,False,0.004828465260974767,35.6630389494148,0.004867903544075339,0.005190931818105581,-0.0852083621855737,-0.6007855145362617,-7.355872031354926,-0.0852083621855737,False,False,False,False,False,True,0.13869239182511492,False,-0.18874773139745915,中性,3592.TW,瑞鼎,1,v1,phase6a,2026-07-12,0,1,2,1,1,1,v1,159,0.7484076433121019,159,0.7484076433121019,189,0.7006369426751592,^TWII,yfinance,2y,2026-09-17,scan_20260917_153651,False,False
True,1,0.41666666666666663,0.33333333333333326,True,False,買入 (動能增強),102.5,2026-09-17 00:00:00,101.94999961853027,0.3200000762939368,False,True,0.4659308044498007,False,0.002214396819910128,141.6092974883616,0.0021963274682593116,0.0020611261364570648,0.08667585550161672,1.6193853126005742,3.4101697658676544,0.08667585550161672,True,True,True,False,False,True,0.5861650219994486,False,-0.1598360655737705,偏強 (RS上升),2466.TW,冠西電,2,v1,phase6a,2026-07-12,2,4,4,4,2,4,v1,54,0.9156050955414012,54,0.9156050955414012,34,0.947452229299363,^TWII,yfinance,2y,2026-09-17,scan_20260917_153651,False,False
True,0,1.20691172281901,2.101058959960937,True,False,觀望 (動能減弱),254.5,2026-09-17 00:00:00,252.07292633056642,-0.31244049072265057,False,True,0.45658486866826803,False,0.005498185274801244,73.24827558406713,0.005466118948220144,0.005540523754544663,0.06178951601782945,0.7212937232820682,0.4009689486578871,0.06178951601782945,True,False,False,False,False,True,0.2700344922540909,False,-0.2413351225892283,偏強 (RS上升),2428.TW,興勤,0,v1,phase6a,2026-07-12,1,1,1,1,0,1,v1,359,0.4299363057324841,359,0.4299363057324841,285,0.5477707006369427,^TWII,yfinance,2y,2026-09-17,scan_20260917_153651,False,False
True,0,-0.7166671752929688,-0.6333338419596354,True,False,賣出 (動能轉弱),49.599998474121094,2026-09-17 00:00:00,49.82999973297119,-0.030000114440923653,True,False,1.4555586746098583,False,0.0010715519891574727,40.73819273525716,0.0010833086939876144,0.0011446537835138853,-0.11410743305232396,-0.49048230261268255,-4.898221931468216,-0.11410743305232396,False,False,False,False,False,False,0.11032551147400366,False,-0.11683295744363487,中性,6899.TWO,創為精密,0,v1,phase6a,2026-07-12,0,0,0,0,0,0,v1,564,0.1035031847133758,564,0.1035031847133758,572,0.09076433121019108,^TWII,yfinance,2y,2026-09-17,scan_20260917_153651,False,False
True,0,0.2666676839192708,0.14166768391927081,True,False,買入 (動能增強),49.400001525878906,2026-09-17 00:00:00,49.20999984741211,0.017500114440913705,False,True,0.5835379371171129,False,0.0010672312808045045,46.5593949475059,0.0010693190742892328,0.0010909110804675647,-0.020547896588629655,0.17609277059975614,-2.5578599286375736,-0.020547896588629655,False,False,False,False,False,False,0.24063196503737297,False,-0.008032082676900254,中性,9926.TW,新海,2,v1,phase6a,2026-07-12,0,2,4,2,2,2,v1,98,0.8455414012738853,98,0.8455414012738853,110,0.8264331210191083,^TWII,yfinance,2y,2026-09-17,scan_20260917_153651,False,False
True,0,0.016666730244954436,0.1833332379659017,True,False,觀望 (動能減弱),12.600000381469727,2026-09-17 00:00:00,12.335000038146973,0.040000009536743875,False,True,1.1120485343312354,False,0.00027220878805456547,39.74403549217334,0.0002676330287838223,0.000278485339401168,0.18029436673336896,0.12271158885439615,-0.6010101443377103,0.18029436673336896,True,False,False,False,False,True,0.21546739770352505,False,-0.17785922126833764,偏強 (RS上升),1304.TW,台聚,0,v1,phase6a,2026-07-12,1,1,2,1,0,1,v1,275,0.5636942675159236,275,0.5636942675159236,275,0.5636942675159236,^TWII,yfinance,2y,2026-09-17,scan_20260917_153651,False,False
False,0,-2.75,-3.083333333333333,False,True,強烈賣出 (跌破),194.0,2026-09-17 00:00:00,196.425,-0.3499999999999943,False,False,0.9504762166175813,False,0.004191151054268925,27.911929288811415,0.004286570785159797,0.004610809645848317,-0.2337696599612693,-1.1425315478780895,-8.500070787393444,-0.2337696599612693,False,False,False,False,False,False,0.056134387115201696,False,-0.138269724220209,中性,1477.TW,聚陽,0,v1,phase6a,2026-07-12,0,0,0,0,0,0,v1,296,0.5302547770700637,296,0.5302547770700637,352,0.4410828025477707,^TWII,yfinance,2y,2026-09-17,scan_20260917_153651,False,False
True,0,-15.287584940592447,-11.683616638183594,True,False,賣出 (動能轉弱),246.0,2026-09-17 00:00:00,239.5968795776367,0.3132438659667969,False,True,2.1456376167723503,True,0.005314552367784307,97.10229136310515,0.005098128989382292,0.004996715813396728,0.4488640017000334,0.46598508709638775,6.348540107719769,0.4488640017000334,True,True,True,False,False,True,0.828756032202939,False,-0.07169811320754715,偏強 (RS上升),3455.TWO,由田,0,v1,phase6a,2026-07-12,2,2,2,2,0,2,v1,422,0.32961783439490444,422,0.32961783439490444,140,0.7786624203821656,^TWII,yfinance,2y,2026-09-17,scan_20260917_153651,False,False
True,1,0.7083326975504558,0.650000254313151,True,False,買入 (動能增強),36.099998474121094,2026-09-17 00:00:00,35.45000019073486,0.04999999999999716,False,True,1.3683613231378207,False,0.0007798997250717484,54.85585447324851,0.0007748673426080292,0.0008191711445287014,0.068410013598319,0.5040934833286936,-3.9659947470505386,0.068410013598319,True,False,False,False,False,True,0.19491638767925876,False,-0.09182393775795994,偏強 (RS上升),6649.TWO,台生材,2,v1,phase6a,2026-07-12,1,3,4,3,2,3,v1,89,0.8598726114649682,89,0.8598726114649682,64,0.8996815286624203,^TWII,yfinance,2y,2026-09-17,scan_20260917_153651,False,False
True,0,-2.4166666666666665,-1.5,True,False,賣出 (動能轉弱),117.0,2026-09-17 00:00:00,119.425,-0.22500000000000853,True,False,0.607960430666614,False,0.0025276529554096095,63.686984849013825,0.002607251557744352,0.0027890184191603743,-0.3203357928679429,-1.931321351716031,-9.133607118374144,-0.3203357928679429,False,False,False,False,False,False,0.02460610637886991,False,-0.26645768025078365,中性,3004.TW,豐達科,0,v1,phase6a,2026-07-12,0,0,0,0,0,0,v1,393,0.37579617834394907,393,0.37579617834394907,427,0.321656050955414,^TWII,yfinance,2y,2026-09-17,scan_20260917_153651,False,False
True,1,0.18650690714518228,0.39285659790039057,True,False,觀望 (動能減弱),106.0,2026-09-17 00:00:00,105.89285736083984,0.0619049072265625,False,True,1.2453626390024024,False,0.0022900103698582784,41.101671279036616,0.0022948734624132503,0.002334262685138438,-0.022301461308160686,0.3551807855216138,-0.8126694249853017,-0.022301461308160686,False,False,False,False,False,False,0.3135813546425136,False,-0.0046948356807511304,中性,9917.TW,中保科,0,v1,phase6a,2026-07-12,0,0,2,0,0,0,v1,623,0.009554140127388535,623,0.009554140127388535,623,0.009554140127388535,^TWII,yfinance,2y,2026-09-17,scan_20260917_153651,False,False
False,0,0.4250001907348633,0.18333339691162112,False,True,強烈買入 (爆發),20.350000381469727,2026-09-17 00:00:00,18.272500038146973,0.15749998092651296,False,True,3.346759406440462,True,0.0004396387915111849,34.59477028750608,0.0003981302794609999,0.00042143119685585876,1.109636930804081,0.9704705353517085,0.8483651298745842,1.109636930804081,True,True,False,False,False,True,0.6355702760965192,False,-0.07499998266046692,偏強 (RS上升),3437.TW,榮創,3,v1,phase6a,2026-07-12,1,4,5,4,3,4,v1,20,0.9697452229299363,20,0.9697452229299363,20,0.9697452229299363,^TWII,yfinance,2y,2026-09-17,scan_20260917_153651,False,False
True,0,-0.03333298365275064,-0.0666662851969401,True,False,觀察 (跌勢收斂),10.800000190734863,2026-09-17 00:00:00,10.819999980926514,-0.009999990463256836,False,False,1.5870056658030351,True,0.0002333218153891908,32.64112857897723,0.00023574476378320264,0.00024855755648277707,-0.10807093374686216,-0.2502602554942168,-5.288130084428799,-0.10807093374686216,False,False,False,False,False,False,0.13176238726646147,False,-0.07233277736969979,中性,1220.TW,台榮,1,v1,phase6a,2026-07-12,0,1,1,1,1,1,v1,103,0.8375796178343949,103,0.8375796178343949,146,0.7691082802547771,^TWII,yfinance,2y,2026-09-17,scan_20260917_153651,False,False
True,2,-0.028333663940429688,-0.011667013168334961,True,False,賣出 (動能轉弱),7.96999979019165,2026-09-17 00:00:00,8.021000051498413,-0.002500033378600719,False,False,0.7112983122237713,False,0.00017218285063497343,34.435272161201205,0.00017412176652678636,0.00018002404735245254,-0.11707752723927323,-0.08037560532803134,-3.028420791595088,-0.11707752723927323,False,False,False,False,False,False,0.11897184779531378,False,-0.04750463701997987,中性,1806.TW,冠軍,0,v1,phase6a,2026-07-12,0,0,0,0,0,0,v1,319,0.49363057324840764,319,0.49363057324840764,373,0.40764331210191085,^TWII,yfinance,2y,2026-09-17,scan_20260917_153651,False,False
True,0,-0.4666662216186523,-0.44166628519694007,True,False,賣出 (動能轉弱),16.850000381469727,2026-09-17 00:00:00,17.08249988555908,-0.009999942779543858,False,False,0.869128463817574,False,0.0003640252415630342,56.243310803722586,0.00036770513710287643,0.0003749910316411232,-0.1052337200580844,-0.42180170219481283,-1.2140191954692736,-0.1052337200580844,False,False,False,False,False,False,0.3563548954822219,False,-0.05602240776633882,中性,2032.TW,新鋼,1,v1,phase6a,2026-07-12,0,1,1,1,1,1,v1,125,0.802547770700637,125,0.802547770700637,163,0.7420382165605095,^TWII,yfinance,2y,2026-09-17,scan_20260917_153651,True,False
True,1,0.03333298365275064,0.09166653951009114,True,False,觀望 (動能減弱),16.649999618530273,2026-09-17 00:00:00,15.962500047683715,0.07249999046325684,False,True,2.1465732160261775,True,0.00035970445079783685,41.36856775661429,0.00034422849393742663,0.00034230302437983996,0.4754964172644094,0.9292402420933765,3.6305262649973358,0.4754964172644094,True,True,True,False,False,True,0.5833387293957975,False,-0.11671091344391371,偏強 (RS上升),1710.TW,東聯,1,v1,phase6a,2026-07-12,2,3,3,3,1,3,v1,120,0.8105095541401274,120,0.8105095541401274,70,0.8901273885350318,^TWII,yfinance,2y,2026-09-17,scan_20260917_153651,True,False
True,0,-0.47500006357828783,-0.8000001907348633,True,False,觀察 (跌勢收斂),22.600000381469727,2026-09-17 00:00:00,21.889999771118163,0.035000038146971946,False,True,0.2438107929080267,False,0.0004882475021921389,35.57861984582977,0.0004757130374994555,0.0005091383267722224,0.2781271248162076,-0.7100579430896814,-5.774235669660732,0.2781271248162076,True,False,False,False,False,True,0.2133656900691027,False,-0.2528925493729016,中性,5345.TWO,馥鴻,1,v1,phase6a,2026-07-12,0,1,3,1,1,1,v1,187,0.7038216560509554,187,0.7038216560509554,210,0.6671974522292994,^TWII,yfinance,2y,2026-09-17,scan_20260917_153651,False,False
True,0,-0.20833333333333331,-0.18333339691162107,True,False,賣出 (動能轉弱),16.149999618530273,2026-09-17 00:00:00,16.095000076293946,-0.0025000572204589844,False,True,2.2987070293312017,True,0.0003489025150909582,24.885325425911077,0.0003495978777226468,0.00036926983375499796,-0.020932834306353065,-0.3379681769086207,-3.935385112519918,-0.020932834306353065,False,False,False,False,False,False,0.1630736801908039,False,-0.06916430758244174,中性,4930.TW,燦星網,0,v1,phase6a,2026-07-12,0,0,1,0,0,0,v1,462,0.2659235668789809,462,0.2659235668789809,485,0.22929936305732485,^TWII,yfinance,2y,2026-09-17,scan_20260917_153651,False,False
True,0,-93.33333333333334,-89.99999999999999,True,False,賣出 (動能轉弱),1320.0,2026-09-17 00:00:00,1412.0,-12.75,False,False,3.513562819673462,True,0.028517110266159697,374.57738515420846,0.03046276193994862,0.03117389076491005,-0.6678242092474473,-1.1616298253635304,-7.68010049474811,-0.6678242092474473,False,False,False,False,False,False,0.24861641244556912,False,-0.26256983240223464,中性,6274.TWO,台燿,0,v1,phase6a,2026-07-12,0,0,0,0,0,0,v1,517,0.17834394904458598,517,0.17834394904458598,533,0.15286624203821655,^TWII,yfinance,2y,2026-09-17,scan_20260917_153651,False,False
True,0,287.5,296.66666666666663,True,False,觀望 (動能減弱),6500.0,2026-09-17 00:00:00,5973.25,43.5,False,True,1.2518778140229287,False,0.14042516418942275,310.96906284078267,0.12845954127891457,0.11591232810797464,0.9902038000662916,4.0480956185359185,17.50682456279067,0.9902038000662916,True,True,True,True,True,True,1.0,False,0.0,強勢 (RS強勁),3443.TW,創意,0,v1,phase6a,2026-07-12,3,3,2,3,0,3,v1,421,0.33121019108280253,421,0.33121019108280253,79,0.8757961783439491,^TWII,yfinance,2y,2026-09-17,scan_20260917_153651,False,False
True,0,-8.083333333333332,-6.083333333333333,True,False,賣出 (動能轉弱),117.5,2026-09-17 00:00:00,123.175,-0.375,False,False,0.4520617900301549,False,0.002538454891116488,87.28269615280928,0.002672233641595261,0.002922853974961411,-0.5242114386800445,-2.1194682858051817,-8.511581348495834,-0.5242114386800445,False,False,False,False,False,False,0.0,False,-0.4896649342202536,中性,2375.TW,凱美,0,v1,phase6a,2026-07-12,0,0,0,0,0,0,v1,348,0.44745222929936307,348,0.44745222929936307,400,0.3646496815286624,^TWII,yfinance,2y,2026-09-17,scan_20260917_153651,False,False
True,0,-0.32499949137369794,-0.33333269755045575,True,False,觀察 (跌勢收斂),20.350000381469727,2026-09-17 00:00:00,20.39000015258789,0.01750001907348775,False,False,0.6514000135784916,False,0.0004396387915111849,48.50223366748609,0.0004428446943075589,0.00045682319970754475,-0.07614554113725136,-0.6102474962167759,-4.872066916565021,-0.07614554113725136,False,False,False,False,False,False,0.08230585183085462,False,-0.10737813529002016,中性,2610.TW,華航,2,v1,phase6a,2026-07-12,0,2,3,2,2,2,v1,62,0.9028662420382165,62,0.9028662420382165,91,0.856687898089172,^TWII,yfinance,2y,2026-09-17,scan_20260917_153651,True,False
True,1,-0.1333338419596354,-0.10833358764648438,True,False,賣出 (動能轉弱),40.79999923706055,2026-09-17 00:00:00,40.75250034332275,0.01499996185302166,False,True,0.8904299299350643,False,0.0008814379371988539,42.02958102862531,0.0008839647667450435,0.0009098217821011306,-0.030080616157457385,0.02064953328690944,-2.288512128615927,-0.030080616157457385,False,False,False,False,False,False,0.16246700057188584,False,-0.00970877472018683,中性,8367.TW,建新國際,0,v1,phase6a,2026-07-12,0,0,2,0,0,0,v1,603,0.041401273885350316,603,0.041401273885350316,605,0.03821656050955414,^TWII,yfinance,2y,2026-09-17,scan_20260917_153651,False,False
True,1,-0.04166634877522786,-0.03333314259847006,True,False,賣出 (動能轉弱),31.649999618530273,2026-09-17 00:00:00,31.522499752044677,-0.0025000572204589844,True,True,0.6203762856518625,False,0.000683762522004197,50.89648570952989,0.0006858276259148963,0.0007065309632847688,-0.03168587444700721,0.09207757767102365,-3.762831792667054,-0.03168587444700721,False,False,False,False,False,False,0.15734927890487632,False,-0.029141070553882376,中性,3118.TWO,進階,0,v1,phase6a,2026-07-12,0,0,1,0,0,0,v1,403,0.35987261146496813,403,0.35987261146496813,435,0.3089171974522293,^TWII,yfinance,2y,2026-09-17,scan_20260917_153651,False,False
True,0,-0.5833333333333333,-0.9166666666666666,True,False,觀察 (跌勢收斂),143.5,2026-09-17 00:00:00,142.175,0.07500000000001705,False,True,1.3833473560807552,False,0.003100155547874179,24.30603553121647,0.0030925125472717353,0.0032408029723638905,0.026022068506104112,0.04515262972664136,-3.9659311253516183,0.026022068506104112,True,False,False,False,False,True,0.18000837773294112,False,-0.0744891118519595,偏強 (RS上升),8478.TW,東哥遊艇,1,v1,phase6a,2026-07-12,1,2,3,2,1,2,v1,254,0.5971337579617835,254,0.5971337579617835,134,0.7882165605095541,^TWII,yfinance,2y,2026-09-17,scan_20260917_153651,False,False
True,0,-0.46666669845581044,-0.516666571299235,True,False,觀察 (跌勢收斂),14.449999809265137,2026-09-17 00:00:00,14.592500114440918,-0.017500019073485973,True,False,0.07395378060378421,False,0.00031217593780818217,14.262617597472929,0.00031908416611490365,0.00034168075973456505,-0.22737840025861544,-1.4183994223300078,-10.768625994749758,-0.22737840025861544,False,False,False,False,False,False,0.13297280767898892,False,-0.2016574859269814,中性,4402.TWO,郡都開發,2,v1,phase6a,2026-07-12,0,2,2,2,2,2,v1,79,0.8757961783439491,79,0.8757961783439491,100,0.8423566878980892,^TWII,yfinance,2y,2026-09-17,scan_20260917_153651,True,False
True,2,-2.8333333333333335,-2.6666666666666665,True,False,賣出 (動能轉弱),182.0,2026-09-17 00:00:00,180.175,-0.22499999999999432,False,True,1.3938115520848862,False,0.0039319045973038366,49.99015743638176,0.0039245647705903,0.004005497464864649,0.019690475624178916,-0.4064592366000208,-5.062452517791927,0.019690475624178916,True,False,False,False,False,True,0.13477844405973907,False,-0.3382537854326034,中性,5483.TWO,中美晶,1,v1,phase6a,2026-07-12,0,1,2,1,1,1,v1,191,0.697452229299363,191,0.697452229299363,213,0.6624203821656051,^TWII,yfinance,2y,2026-09-17,scan_20260917_153651,True,False
False,0,-0.5416668256123861,-0.5083335240681965,False,True,強烈賣出 (跌破),10.649999618530273,2026-09-17 00:00:00,10.952499961853027,0.0,False,False,0.1927240166874489,False,0.0002300812223152928,26.744740330566003,0.0002336264922183955,0.00023957793291915045,-0.15948154627550837,-0.6347833665987457,1.5980839787550272,-0.15948154627550837,False,False,False,False,False,False,0.33413027585389504,False,-0.09361705374210438,中性,1316.TW,上曜,0,v1,phase6a,2026-07-12,0,0,0,0,0,0,v1,278,0.5589171974522293,278,0.5589171974522293,336,0.46656050955414013,^TWII,yfinance,2y,2026-09-17,scan_20260917_153651,False,False
True,0,-0.2833334604899088,-0.291666825612386,True,False,觀察 (跌勢收斂),13.800000190734863,2026-09-17 00:00:00,13.870000076293945,0.007500028610229137,False,False,0.7505961555876016,False,0.00029813342963046284,37.35736692260193,0.00029865848749948765,0.00030003548693021304,-0.018502411798015928,-0.05231465136616986,-0.30011883597586,-0.018502411798015928,False,False,False,False,False,False,0.24589225947655496,False,-0.07606838589145115,中性,2906.TW,高林,2,v1,phase6a,2026-07-12,0,2,3,2,2,2,v1,68,0.893312101910828,68,0.893312101910828,95,0.8503184713375797,^TWII,yfinance,2y,2026-09-17,scan_20260917_153651,True,False
True,0,-47.166666666666664,-42.666666666666664,True,False,賣出 (動能轉弱),912.0,2026-09-17 00:00:00,947.7,-4.0499999999999545,False,False,1.2619319498960753,False,0.0197027307293467,97.46382865835574,0.02051409971123028,0.02128078356269729,-0.4146082785621896,-1.917517079690978,-7.427465493105334,-0.4146082785621896,False,False,False,False,False,False,0.05943057665715962,False,-0.3956923844468867,中性,6488.TWO,環球晶,0,v1,phase6a,2026-07-12,0,0,0,0,0,0,v1,525,0.16560509554140126,525,0.16560509554140126,541,0.14012738853503184,^TWII,yfinance,2y,2026-09-17,scan_20260917_153651,False,False
True,1,0.008333524068196617,0.05833307902018228,True,False,觀望 (動能減弱),24.450000762939453,2026-09-17 00:00:00,24.465000057220458,-0.0024999618530294754,False,False,1.0611875668700894,False,0.0005282146725488129,38.028388391159865,0.0005326821698703105,0.0005517418876072461,-0.08820420710168309,0.03890765913110439,-4.006848725469158,-0.08820420710168309,False,False,False,False,False,False,0.17048137950113199,False,-0.07798326510728193,中性,8049.TWO,晶采,0,v1,phase6a,2026-07-12,0,0,0,0,0,0,v1,588,0.06528662420382166,588,0.06528662420382166,593,0.05732484076433121,^TWII,yfinance,2y,2026-09-17,scan_20260917_153651,False,False
True,0,-0.5749994913736979,-0.3833332061767578,True,False,賣出 (動能轉弱),47.650001525878906,2026-09-17 00:00:00,47.65,0.030000114440916548,False,True,0.6352019485007676,False,0.0010294245058304291,48.025796498921366,0.0010255487502249245,0.0010242636919558705,0.039796902419131364,-0.004556515103470993,1.4723379800515968,0.039796902419131364,True,True,True,False,False,False,0.5836716475199792,False,-0.03150404904522086,中性,6177.TW,達麗,0,v1,phase6a,2026-07-12,1,1,2,1,0,1,v1,503,0.20063694267515925,503,0.20063694267515925,308,0.5111464968152867,^TWII,yfinance,2y,2026-09-17,scan_20260917_153651,False,False
True,0,-2.5833333333333335,-2.1666666666666665,True,False,賣出 (動能轉弱),130.5,2026-09-17 00:00:00,129.725,-0.05000000000001137,True,True,0.20063510234935433,False,0.0028193052194953336,75.61060474076226,0.002813373208902105,0.0028621717248812958,0.02219971334280757,-0.3844582396948848,-3.6922077087976013,0.02219971334280757,True,False,False,False,False,False,0.20983124411332524,False,-0.19195046439628483,中性,8109.TWO,博大,1,v1,phase6a,2026-07-12,0,1,2,1,1,1,v1,249,0.6050955414012739,249,0.6050955414012739,262,0.5843949044585988,^TWII,yfinance,2y,2026-09-17,scan_20260917_153651,True,False
True,2,0.00833320617675781,0.024999777475992843,True,False,觀望 (動能減弱),12.699999809265137,2026-09-17 00:00:00,12.684999895095824,0.019999980926513672,False,True,0.5848285242810711,False,0.0002743691628341068,34.38153411245465,0.0002751662786270875,0.0002849001627517086,-0.030483876117448627,0.2930359875958244,-1.4471772954562145,-0.030483876117448627,False,False,False,False,False,False,0.1889133681492468,False,-0.05223879322333247,中性,2702.TW,華園,0,v1,phase6a,2026-07-12,0,0,2,0,0,0,v1,381,0.39490445859872614,381,0.39490445859872614,419,0.3343949044585987,^TWII,yfinance,2y,2026-09-17,scan_20260917_153651,False,False
True,0,0.7666664123535156,1.5083332061767576,True,False,觀望 (動能減弱),28.549999237060547,2026-09-17 00:00:00,28.612500190734863,0.16250000000000142,False,False,0.3378383153775228,False,0.0006167905123803264,87.73258643242896,0.0006129758723714517,0.0006162774931221861,0.06554976809132196,1.134895292581528,12.425202820679182,0.06554976809132196,True,True,False,False,False,False,0.7654668530228348,False,-0.0639344512439165,偏強 (RS上升),8937.TWO,合騏*,0,v1,phase6a,2026-07-12,0,0,1,0,0,0,v1,622,0.011146496815286623,622,0.011146496815286623,622,0.011146496815286623,^TWII,yfinance,2y,2026-09-17,scan_20260917_153651,False,False
False,0,-0.37499968210856116,-0.31666628519694007,False,True,強烈賣出 (跌破),22.899999618530273,2026-09-17 00:00:00,23.339999961853028,-0.03749999999999787,False,False,0.2741488672566763,False,0.0004947286471338203,33.00044033024369,0.0005056605739002097,0.0005324204701709923,-0.2270527761351282,-0.5707980104517563,-4.021235106415766,-0.2270527761351282,False,False,False,False,False,False,0.09722199402815317,False,-0.11240308931345055,中性,5223.TWO,安力-KY,0,v1,phase6a,2026-07-12,0,0,0,0,0,0,v1,470,0.2531847133757962,470,0.2531847133757962,493,0.21656050955414013,^TWII,yfinance,2y,2026-09-17,scan_20260917_153651,False,False
True,2,-0.035000006357828774,-0.03333338101704915,True,False,賣出 (動能轉弱),6.010000228881836,2026-09-17 00:00:00,6.027500104904175,-0.0009999990463258612,False,False,1.3053584463138246,False,0.0001298392721414154,23.166789091004958,0.00013092084949447493,0.00013566373495795748,-0.08688557146655507,0.009106705140915494,-3.3391448150313474,-0.08688557146655507,False,False,False,False,False,False,0.11108080648398132,False,-0.027508026566157362,中性,6264.TWO,富裔,0,v1,phase6a,2026-07-12,0,0,0,0,0,0,v1,516,0.17993630573248406,516,0.17993630573248406,532,0.15445859872611464,^TWII,yfinance,2y,2026-09-17,scan_20260917_153651,False,False
True,0,0.07500028610229492,0.10000022252400716,True,False,觀望 (動能減弱),10.75,2026-09-17 00:00:00,10.417500019073486,0.01500000953674352,False,True,1.3955289173897156,False,0.00023224161769789145,32.37767699916712,0.0002261434670672848,0.00023270246025178137,0.2846590519067105,0.5237966721286513,-1.280606985033983,0.2846590519067105,True,False,False,False,False,True,0.5515445689497728,False,-0.057017512305327034,偏強 (RS上升),2104.TW,國際中橡,2,v1,phase6a,2026-07-12,1,3,4,3,2,3,v1,44,0.9315286624203821,44,0.9315286624203821,47,0.9267515923566879,^TWII,yfinance,2y,2026-09-17,scan_20260917_153651,False,True
True,1,0.024999777475992836,0.05833307902018228,True,False,觀望 (動能減弱),14.050000190734863,2026-09-17 00:00:00,13.977500104904175,0.007500028610229137,False,True,1.7304726469765495,True,0.0003035343974839022,44.41794831179809,0.00030345930185564856,0.000307621448557081,0.00260496509516539,0.39202189698048784,-1.6592234074705114,0.00260496509516539,True,False,False,False,False,False,0.25510804473086884,False,-0.003546112722136785,中性,6154.TWO,順發,0,v1,phase6a,2026-07-12,0,0,2,0,0,0,v1,501,0.20382165605095542,501,0.20382165605095542,519,0.1751592356687898,^TWII,yfinance,2y,2026-09-17,scan_20260917_153651,False,False
True,0,-2.666666030883789,-2.1333325703938804,True,False,賣出 (動能轉弱),60.5,2026-09-17 00:00:00,60.814999961853026,-0.02999992370605753,True,False,1.2952543432326955,False,0.0013070342205323193,42.096666148679574,0.001316771918970826,0.001414040716693737,-0.07778291611252319,-1.640863021113237,-5.950659322731067,-0.07778291611252319,False,False,False,False,False,False,0.1326263255380501,False,-0.18779120467398291,中性,7721.TW,微程式,0,v1,phase6a,2026-07-12,0,0,0,0,0,0,v1,576,0.08439490445859872,576,0.08439490445859872,583,0.0732484076433121,^TWII,yfinance,2y,2026-09-17,scan_20260917_153651,False,False
True,1,-0.0666666825612386,-0.0066667397816975865,True,False,賣出 (動能轉弱),4.28000020980835,2026-09-17 00:00:00,4.224000000953675,0.004000020027160822,False,True,0.6089919192020736,False,9.246457418355404e-05,40.41380402276545,9.207966238402115e-05,9.65559395964782e-05,0.044021520815529236,-0.48861853130323096,-4.5972425825392405,0.044021520815529236,True,False,False,False,False,False,0.19274742485295301,False,-0.15748026100639678,中性,5701.TWO,劍湖山,1,v1,phase6a,2026-07-12,0,1,3,1,1,1,v1,196,0.6894904458598726,196,0.6894904458598726,217,0.6560509554140127,^TWII,yfinance,2y,2026-09-17,scan_20260917_153651,True,False
True,1,-0.20833333333333331,-0.15833330154418945,True,False,賣出 (動能轉弱),12.100000381469727,2026-09-17 00:00:00,12.367500114440919,0.0,False,False,0.887984195253912,False,0.0002614068523476868,23.292783150210536,0.0002667016642024548,0.00027363081567861837,-0.20854249606517827,-0.0799243866281274,-0.46141522729821194,-0.20854249606517827,False,False,False,False,False,False,0.26826218145898656,False,-0.08333329118863442,中性,8107.TWO,大億金茂,0,v1,phase6a,2026-07-12,0,0,0,0,0,0,v1,594,0.05573248407643312,594,0.05573248407643312,598,0.04936305732484077,^TWII,yfinance,2y,2026-09-17,scan_20260917_153651,False,False
True,0,-0.23333295186360675,-0.28333282470703125,True,False,觀察 (跌勢收斂),40.70000076293945,2026-09-17 00:00:00,40.912499809265135,0.0,False,False,0.9189566735785223,False,0.0008792775830223698,46.7095299000721,0.0008862345972239049,0.0009036581708125587,-0.08256421658954238,0.20364281375444548,-1.7787671292383012,-0.08256421658954238,False,False,False,False,False,False,0.26853521423889604,False,-0.02045724403679261,中性,4527.TWO,方土霖,1,v1,phase6a,2026-07-12,0,1,1,1,1,1,v1,173,0.7261146496815286,173,0.7261146496815286,201,0.6815286624203821,^TWII,yfinance,2y,2026-09-17,scan_20260917_153651,False,False
True,2,0.05833307902018228,0.03333314259847005,True,False,買入 (動能增強),28.299999237060547,2026-09-17 00:00:00,28.239999961853027,0.0,False,True,0.61632395856913,False,0.0006113895445268871,41.671410022956,0.0006143167738836658,0.0006346385930794572,-0.05013291917191909,0.10643489032118314,-3.4186138376744446,-0.05013291917191909,False,False,False,False,False,False,0.11337615322220772,False,-0.02915953319359199,中性,2450.TW,神腦,2,v1,phase6a,2026-07-12,0,2,3,2,2,2,v1,53,0.9171974522292994,53,0.9171974522292994,87,0.8630573248407644,^TWII,yfinance,2y,2026-09-17,scan_20260917_153651,False,False
True,0,1.2583338419596353,1.5083338419596353,True,False,觀望 (動能減弱),47.0,2026-09-17 00:00:00,45.945000076293944,0.13999996185302876,False,True,0.8086793950028804,False,0.0010153819564465952,99.59741065898464,0.0009789458066638268,0.0009043353218115561,0.39332819127504415,2.8135186883590624,16.095405021028107,0.39332819127504415,True,True,True,False,False,False,0.9053983256048879,False,-0.010526315789473717,偏強 (RS上升),2851.TW,中再保,0,v1,phase6a,2026-07-12,1,1,2,1,0,1,v1,386,0.3869426751592357,386,0.3869426751592357,292,0.5366242038216561,^TWII,yfinance,2y,2026-09-17,scan_20260917_153651,False,False
True,0,-0.8749993642171223,-0.7583332061767578,True,False,賣出 (動能轉弱),33.70000076293945,2026-09-17 00:00:00,34.34249992370606,0.007500076293950997,False,False,0.8932044318599184,False,0.0007280504831260684,48.86467552527163,0.0007410839490670336,0.0007838024578701193,-0.18478455036469166,-0.8351128353197401,-2.570449106701167,-0.18478455036469166,False,False,False,False,False,False,0.09106830374557387,False,-0.2920167679992409,中性,2241.TW,艾姆勒,0,v1,phase6a,2026-07-12,0,0,1,0,0,0,v1,336,0.46656050955414013,336,0.46656050955414013,389,0.3821656050955414,^TWII,yfinance,2y,2026-09-17,scan_20260917_153651,False,False
True,1,-4.083333333333333,-1.3333333333333333,True,False,賣出 (動能轉弱),155.5,2026-09-17 00:00:00,158.6,0.0,False,False,1.0041400089656909,False,0.003359402004839267,158.39836940441816,0.003441944579863937,0.0035683999158972863,-0.2517999283909722,-0.7190497588076883,-4.435951034316766,-0.2517999283909722,False,False,False,False,False,True,0.062373483998534276,False,-0.317349110031956,中性,2316.TW,楠梓電,1,v1,phase6a,2026-07-12,0,1,1,1,1,1,v1,127,0.7993630573248408,127,0.7993630573248408,165,0.7388535031847133,^TWII,yfinance,2y,2026-09-17,scan_20260917_153651,True,False
True,0,-0.1333325703938802,-0.5999997456868489,True,False,觀察 (跌勢收斂),42.400001525878906,2026-09-17 00:00:00,42.03250026702881,0.02499999999999858,False,True,1.488255375463935,False,0.0009160041809082031,35.45321534926763,0.0009050666205953933,0.0009086272475734704,0.1273705777693479,0.6347324945890076,1.2717170755577767,0.1273705777693479,True,True,False,False,False,True,0.6027476137168033,False,-0.028636883305924066,偏強 (RS上升),6771.TW,平和環保-創,1,v1,phase6a,2026-07-12,1,2,3,2,1,2,v1,230,0.6353503184713376,230,0.6353503184713376,131,0.7929936305732485,^TWII,yfinance,2y,2026-09-17,scan_20260917_153651,False,False
True,0,9.666666666666664,8.666666666666666,True,False,買入 (動能增強),532.0,2026-09-17 00:00:00,525.95,1.2000000000000455,False,True,1.0129448948513657,False,0.011493259592118908,41.382499529952966,0.011419108977061602,0.011398391243739262,0.06839996674126159,0.6339431198210566,-0.004513506471370832,0.06839996674126159,True,True,True,False,False,True,0.41030693795393564,False,-0.04659498207885304,偏強 (RS上升),2207.TW,和泰車,2,v1,phase6a,2026-07-12,2,4,4,4,2,4,v1,46,0.928343949044586,46,0.928343949044586,32,0.9506369426751592,^TWII,yfinance,2y,2026-09-17,scan_20260917_153651,False,False
False,0,-4.049999237060547,-3.650000254313151,False,True,強烈賣出 (跌破),77.30000305175781,2026-09-17 00:00:00,80.13499946594239,-0.2899997711181612,False,False,0.41688657161280734,False,0.0016699793262132262,25.68157753188148,0.0017293473554298817,0.0018297939058485634,-0.3600644386679841,-1.886189226677193,-5.891789265760772,-0.3600644386679841,False,False,False,False,False,False,0.07063737252181848,False,-0.1766118592702809,中性,8374.TW,羅昇,0,v1,phase6a,2026-07-12,0,0,0,0,0,0,v1,604,0.03980891719745223,604,0.03980891719745223,606,0.03662420382165605,^TWII,yfinance,2y,2026-09-17,scan_20260917_153651,False,False
True,0,-18.166666666666664,-12.583333333333332,True,False,賣出 (動能轉弱),332.0,2026-09-17 00:00:00,350.65,0.024999999999977263,False,False,0.5408644990848802,False,0.007172485309367439,56.505857942835945,0.007511358376259268,0.007887080718374274,-0.4726475554967857,-1.966213175682674,-2.5969605904532678,-0.4726475554967857,False,False,False,False,False,False,0.0,False,-0.16340338925805742,中性,6664.TWO,群翊,0,v1,phase6a,2026-07-12,0,0,1,0,0,0,v1,539,0.14331210191082802,539,0.14331210191082802,552,0.12261146496815287,^TWII,yfinance,2y,2026-09-17,scan_20260917_153651,False,False
True,0,-0.6166667938232422,-0.6333332061767578,True,False,觀察 (跌勢收斂),50.79999923706055,2026-09-17 00:00:00,51.14999980926514,-0.020000076293939628,False,False,1.3072831447754039,False,0.0010974766513364273,33.05255647654216,0.001109807569847715,0.001158647221707582,-0.11681981149993526,-0.3481656225149288,-3.9542742223682703,-0.11681981149993526,False,False,False,False,False,False,0.06873625960402753,False,-0.057513955492746294,中性,9943.TW,好樂迪,1,v1,phase6a,2026-07-12,0,1,1,1,1,1,v1,261,0.5859872611464968,261,0.5859872611464968,273,0.5668789808917197,^TWII,yfinance,2y,2026-09-17,scan_20260917_153651,False,False
True,0,0.20000076293945312,0.1250006357828776,True,False,買入 (動能增強),45.95000076293945,2026-09-17 00:00:00,45.59249973297119,-0.0274999618530245,False,True,0.1536279903642542,False,0.0009926979079445959,35.919832465301084,0.0009918168880524555,0.0010107300606869202,0.009351283428693513,-0.03154001335904377,-3.742920329929744,0.009351283428693513,True,False,False,False,False,True,0.25446789245490237,False,-0.042708317438761356,中性,2704.TW,國賓,2,v1,phase6a,2026-07-12,0,2,3,2,2,2,v1,65,0.8980891719745223,65,0.8980891719745223,93,0.8535031847133758,^TWII,yfinance,2y,2026-09-17,scan_20260917_153651,False,False
False,0,-1.1166658401489256,-0.7666660944620767,False,True,強烈賣出 (跌破),31.0,2026-09-17 00:00:00,31.68499975204468,-0.017500019073484196,True,False,0.680688712125646,False,0.0006697200138264777,72.63305356660756,0.0006862707894666529,0.0007108010394255395,-0.25322006550929643,-1.2935322473255129,-5.030523146588384,-0.25322006550929643,False,False,False,False,False,False,0.0998524118327131,False,-0.12798872952765672,中性,2312.TW,金寶,0,v1,phase6a,2026-07-12,0,0,0,0,0,0,v1,337,0.46496815286624205,337,0.46496815286624205,390,0.38057324840764334,^TWII,yfinance,2y,2026-09-17,scan_20260917_153651,False,False
True,0,-59.166666666666664,-44.666666666666664,True,False,賣出 (動能轉弱),805.0,2026-09-17 00:00:00,828.0,-2.2999999999999545,False,False,0.9021288239487562,False,0.017391116488074662,367.36791733758093,0.01777517619711501,0.017197765127773056,-0.22692095563590087,-0.7010471696399678,-1.9978733151509998,-0.22692095563590087,False,True,True,False,False,True,0.5469616221953555,False,-0.11925601750547044,中性,3189.TW,景碩,0,v1,phase6a,2026-07-12,0,0,0,0,0,0,v1,407,0.3535031847133758,407,0.3535031847133758,438,0.304140127388535,^TWII,yfinance,2y,2026-09-17,scan_20260917_153651,False,False
True,1,-0.3666667938232421,-0.39166704813639314,True,False,觀察 (跌勢收斂),38.29999923706055,2026-09-17 00:00:00,37.64500007629395,0.11250000000000426,False,True,0.29576270629448764,False,0.0008274282586644605,22.97887762889053,0.000813707815215111,0.0008245597276539667,0.17780647561402851,0.41915220789650043,0.09498829050125224,0.17780647561402851,True,True,False,False,False,True,0.5794462699829392,False,-0.02915086194267591,偏強 (RS上升),6887.TW,寶綠特-KY,1,v1,phase6a,2026-07-12,1,2,3,2,1,2,v1,234,0.6289808917197452,234,0.6289808917197452,132,0.7914012738853503,^TWII,yfinance,2y,2026-09-17,scan_20260917_153651,False,False
False,0,-2.8333358764648438,-4.2666689554850254,False,True,強烈賣出 (跌破),105.0,2026-09-17 00:00:00,93.28999938964844,0.6700000762939453,False,True,2.752823965559507,True,0.002268406498444521,138.19143134572937,0.001993681261010462,0.0019276401918732046,1.4718543035032505,2.0735468790231693,10.31794116825775,1.4718543035032505,True,True,True,True,False,True,1.0,False,0.0,強勢 (RS強勁),1727.TW,中華化,0,v1,phase6a,2026-07-12,3,3,2,3,0,3,v1,311,0.5063694267515924,311,0.5063694267515924,78,0.8773885350318471,^TWII,yfinance,2y,2026-09-17,scan_20260917_153651,False,False
True,0,-0.6333332061767578,-0.4749997456868489,True,False,賣出 (動能轉弱),19.200000762939453,2026-09-17 00:00:00,19.80250005722046,-0.039999961853027344,False,False,5.357110716741241,True,0.00041479434762658687,20.553737669233232,0.00042728814692912886,0.00045739838212291006,-0.3068424388497859,-1.0872424394057334,-3.32108874749939,-0.3068424388497859,False,False,False,False,False,False,0.04950891204752474,False,-0.1724137874335655,中性,2239.TW,英利-KY,0,v1,phase6a,2026-07-12,0,0,0,0,0,0,v1,335,0.4681528662420382,335,0.4681528662420382,388,0.3837579617834395,^TWII,yfinance,2y,2026-09-17,scan_20260917_153651,False,False
True,1,-0.04978084564208984,-0.036228338877360024,True,False,賣出 (動能轉弱),10.399999618530273,2026-09-17 00:00:00,10.381802749633788,0.001499986648559215,False,True,1.762375131581774,True,0.00022468025446185347,40.53977439913965,0.00022532438565883036,0.0002319907884780678,-0.030082357427896333,-0.12604352041568623,-3.0196976937720277,-0.030082357427896333,False,False,False,False,False,False,0.12326289738114973,False,-0.029017318538919534,中性,2701.TW,萬企,0,v1,phase6a,2026-07-12,0,0,2,0,0,0,v1,380,0.3964968152866242,380,0.3964968152866242,418,0.3359872611464968,^TWII,yfinance,2y,2026-09-17,scan_20260917_153651,False,False
True,1,-0.20833333333333331,-0.23333326975504556,True,False,觀察 (跌勢收斂),16.0,2026-09-17 00:00:00,15.919999885559083,0.012500000000001066,False,True,0.7076853973606968,False,0.0003456619426201175,26.17337161096442,0.0003463243875912325,0.00036576594292395164,-0.0201305524079487,-0.31513910076503837,-5.223299705241969,-0.0201305524079487,False,False,False,False,False,False,0.16766954135987236,False,-0.19533527808657158,中性,2482.TW,連宇,1,v1,phase6a,2026-07-12,0,1,3,1,1,1,v1,134,0.7882165605095541,134,0.7882165605095541,171,0.7292993630573248,^TWII,yfinance,2y,2026-09-17,scan_20260917_153651,False,False
True,0,3.5,4.333333333333333,True,False,觀望 (動能減弱),139.0,2026-09-17 00:00:00,133.025,0.6500000000000057,False,True,2.1548565341741157,True,0.003002938126512271,55.10455912337398,0.0029210737627283793,0.00325335669679619,0.2958774342383119,0.3705619778799685,-3.9416886335689627,0.2958774342383119,True,False,False,False,False,True,0.26610093597146134,False,-0.1446153846153846,偏強 (RS上升),6568.TWO,宏觀,0,v1,phase6a,2026-07-12,1,1,2,1,0,1,v1,531,0.15605095541401273,531,0.15605095541401273,311,0.5063694267515924,^TWII,yfinance,2y,2026-09-17,scan_20260917_153651,False,False
True,1,0.06666628519694011,0.01666673024495443,True,False,買入 (動能增強),26.299999237060547,2026-09-17 00:00:00,26.399999809265136,-0.040000057220460405,False,False,0.7061414445447264,False,0.0005681818016993723,40.11335421481913,0.000574205164685372,0.0005898311244034733,-0.11029835923855869,-0.1453586576342536,-3.7989306221617336,-0.11029835923855869,False,False,False,False,False,False,0.18559959529915948,False,-0.0522522797455659,中性,3597.TWO,映興,2,v1,phase6a,2026-07-12,0,2,2,2,2,2,v1,73,0.8853503184713376,73,0.8853503184713376,97,0.8471337579617835,^TWII,yfinance,2y,2026-09-17,scan_20260917_153651,False,False
True,1,-0.11666663487752277,-0.09166669845581055,True,False,賣出 (動能轉弱),15.600000381469727,2026-09-17 00:00:00,15.75,-0.009999990463256836,False,False,0.6129264997179625,False,0.00033702040229583753,31.7979087283838,0.00034108602767111864,0.0003550943060612199,-0.12531274868956555,-0.1885545441436265,-2.372628927261089,-0.12531274868956555,False,False,False,False,False,False,0.08531430173437025,False,-0.02499997615814209,中性,2028.TW,威致,0,v1,phase6a,2026-07-12,0,0,0,0,0,0,v1,327,0.48089171974522293,327,0.48089171974522293,381,0.39490445859872614,^TWII,yfinance,2y,2026-09-17,scan_20260917_153651,False,False
True,0,0.25,0.40000025431315106,True,False,觀望 (動能減弱),85.0999984741211,2026-09-17 00:00:00,85.34499931335449,0.014999771118169747,False,False,0.7117275849290347,False,0.0018384894243458584,39.99187067471959,0.0018556448067496686,0.0019182192980384905,-0.09722087312870054,-0.01507544640135805,-3.1849535552323616,-0.09722087312870054,False,False,False,False,False,False,0.1100048136664549,False,-0.03950338668484632,中性,8446.TWO,華研,0,v1,phase6a,2026-07-12,0,0,1,0,0,0,v1,612,0.027070063694267517,612,0.027070063694267517,614,0.02388535031847134,^TWII,yfinance,2y,2026-09-17,scan_20260917_153651,False,False
True,0,-0.07392120361328125,0.026078859965006508,True,False,賣出 (動能轉弱),24.399999618530273,2026-09-17 00:00:00,24.72396287918091,-0.002110671997069602,False,False,0.9175160871873039,False,0.0005271344542544563,21.124931690775473,0.0005363265753018195,0.0005603988481452118,-0.18008602152054243,-0.09582218368958673,-2.350633111430245,-0.18008602152054243,False,False,False,False,False,False,0.08398155525335477,False,-0.07659757319908178,中性,6971.TWO,惠民實業,0,v1,phase6a,2026-07-12,0,0,0,0,0,0,v1,572,0.09076433121019108,572,0.09076433121019108,579,0.07961783439490445,^TWII,yfinance,2y,2026-09-17,scan_20260917_153651,False,False
True,0,-0.5666669209798176,-0.01666641235351557,True,False,賣出 (動能轉弱),95.5999984741211,2026-09-17 00:00:00,95.58999900817871,-0.195000076293951,True,True,0.3184707906239177,False,0.0020653300741903103,46.79999716411586,0.002055219006386204,0.002006855849131198,0.0518131830732349,0.40420679457349173,2.6790727939895564,0.0518131830732349,True,True,True,False,False,False,0.7080907067262565,False,-0.039195995234963865,偏強 (RS上升),6028.TWO,公勝保經,0,v1,phase6a,2026-07-12,1,1,1,1,0,1,v1,495,0.21337579617834396,495,0.21337579617834396,307,0.5127388535031847,^TWII,yfinance,2y,2026-09-17,scan_20260917_153651,False,False
True,0,345.83333333333326,339.16666666666663,True,False,買入 (動能增強),5500.0,2026-09-17 00:00:00,5404.75,-7.5,False,True,0.8112019000481949,False,0.1188212927756654,342.1340024184197,0.12006381991701973,0.12547178715626958,-0.10881713266760462,0.35662800365572345,-9.080689554613542,-0.10881713266760462,False,False,False,False,False,True,0.21078548117373702,False,-0.2521958282963549,中性,6223.TWO,旺矽,2,v1,phase6a,2026-07-12,1,3,3,3,2,3,v1,87,0.8630573248407644,87,0.8630573248407644,63,0.9012738853503185,^TWII,yfinance,2y,2026-09-17,scan_20260917_153651,False,False
True,1,-0.048333485921223954,-0.028333504994710285,True,False,賣出 (動能轉弱),9.6899995803833,2026-09-17 00:00:00,9.659999990463257,0.009499979019166105,False,True,0.7262877385587541,False,0.00020934150493396347,28.632686743772638,0.00021003101454648176,0.0002207888838539918,-0.034544844119965834,-0.2132054482257395,-3.633998443003539,-0.034544844119965834,False,False,False,False,False,False,0.07394747517532958,False,-0.18227854274706157,中性,1626.TW,艾美特-KY,0,v1,phase6a,2026-07-12,0,0,2,0,0,0,v1,309,0.5095541401273885,309,0.5095541401273885,364,0.42197452229299365,^TWII,yfinance,2y,2026-09-17,scan_20260917_153651,False,False
True,0,-0.3666674296061198,-0.3333333333333333,True,False,賣出 (動能轉弱),51.29999923706055,2026-09-17 00:00:00,51.47500038146973,-0.020000076293946734,False,False,0.3270435508124237,False,0.001108278587043306,50.71476617500164,0.0011170132369293815,0.0011434724614282088,-0.0822443830200581,-0.05727116696373491,-2.8954701652050274,-0.0822443830200581,False,False,False,False,False,False,0.16131311306712048,False,-0.011560737402275034,中性,1730.TW,花仙子,0,v1,phase6a,2026-07-12,0,0,0,0,0,0,v1,312,0.5047770700636943,312,0.5047770700636943,366,0.41878980891719747,^TWII,yfinance,2y,2026-09-17,scan_20260917_153651,False,False
True,1,-0.3749993642171224,-0.41666603088378906,True,False,觀察 (跌勢收斂),34.45000076293945,2026-09-17 00:00:00,34.50999984741211,-0.014999961853028765,False,False,0.19920192465277747,False,0.0007442533866863864,43.682517350408226,0.0007484731881257614,0.0007731705031992148,-0.05931089842396986,0.14700202992123934,-3.0909479791955574,-0.05931089842396986,False,False,False,False,False,False,0.21670533335009315,False,-0.01430615133291191,中性,5902.TWO,德記,1,v1,phase6a,2026-07-12,0,1,1,1,1,1,v1,198,0.6863057324840764,198,0.6863057324840764,219,0.6528662420382165,^TWII,yfinance,2y,2026-09-17,scan_20260917_153651,False,False
True,1,-0.8166656494140625,-0.6999994913736979,True,False,賣出 (動能轉弱),40.900001525878906,2026-09-17 00:00:00,41.02250003814697,-0.034999847412109375,True,False,0.6628273730130086,False,0.0008835983737875671,51.09630477616763,0.0008910708009195138,0.0009494313100178286,-0.0881947384826609,-0.9608494468985374,-5.916928133946541,-0.0881947384826609,False,False,False,False,False,False,0.03964259275582816,False,-0.36514080520616166,中性,5489.TWO,彩富,0,v1,phase6a,2026-07-12,0,0,0,0,0,0,v1,486,0.22770700636942676,486,0.22770700636942676,506,0.19585987261146498,^TWII,yfinance,2y,2026-09-17,scan_20260917_153651,False,False
True,1,-0.8333339691162109,-0.4333337148030599,True,False,賣出 (動能轉弱),35.849998474121094,2026-09-17 00:00:00,36.712500381469724,0.022499847412106533,False,False,0.34912561761116784,False,0.0007744987572183092,92.00128502421445,0.0007941206123521396,0.000792856849270043,-0.2594190618152359,-0.662543612869726,-3.219232468363875,-0.2594190618152359,False,False,True,False,False,False,0.5225394022988145,False,-0.1256097933141197,中性,3685.TWO,元創精密,0,v1,phase6a,2026-07-12,0,0,1,0,0,0,v1,437,0.3057324840764331,437,0.3057324840764331,463,0.2643312101910828,^TWII,yfinance,2y,2026-09-17,scan_20260917_153651,False,False
True,1,0.3047637939453125,0.2570838928222656,True,False,買入 (動能增強),80.69999694824219,2026-09-17 00:00:00,80.67393035888672,0.06394538879395384,False,True,0.4132352666298398,False,0.0017434323571604343,32.470751305946514,0.0017466278133060151,0.0017498928324691688,-0.019254190166295704,0.5146944559607736,0.04433998325827915,-0.019254190166295704,False,False,False,False,False,False,0.4565339581384539,False,-0.023002440205542873,中性,9941.TW,裕融,2,v1,phase6a,2026-07-12,0,2,4,2,2,2,v1,100,0.8423566878980892,100,0.8423566878980892,112,0.8232484076433121,^TWII,yfinance,2y,2026-09-17,scan_20260917_153651,False,False
True,0,-0.7500006357828777,-0.5333334604899089,True,False,賣出 (動能轉弱),59.0,2026-09-17 00:00:00,58.61499996185303,0.01000003814697692,False,True,1.035759033986512,False,0.0012746284134116834,67.31416747432738,0.001268285592263372,0.0012892795756694788,0.052670869500603956,0.07590845881066954,-0.5831863535170401,0.052670869500603956,True,False,False,False,False,False,0.6995134634247538,False,-0.078125,中性,4540.TW,全球傳動,1,v1,phase6a,2026-07-12,0,1,3,1,1,1,v1,174,0.7245222929936306,174,0.7245222929936306,202,0.6799363057324841,^TWII,yfinance,2y,2026-09-17,scan_20260917_153651,True,False
True,0,-0.1999999682108561,-0.20833317438761392,True,False,觀察 (跌勢收斂),11.699999809265137,2026-09-17 00:00:00,11.78999991416931,-0.009999990463256836,False,False,0.19101000454040173,False,0.0002527652914203495,26.28133415110417,0.00025655919140223353,0.0002889600630502716,-0.1554172429465761,-0.679297096094511,-6.139736603789958,-0.1554172429465761,False,False,False,False,False,False,0.06124769449963386,False,-0.19863017098857483,中性,4745.TWO,合富-KY,1,v1,phase6a,2026-07-12,0,1,1,1,1,1,v1,177,0.7197452229299363,177,0.7197452229299363,203,0.678343949044586,^TWII,yfinance,2y,2026-09-17,scan_20260917_153651,False,False
True,0,2.1666666666666665,2.75,True,False,觀望 (動能減弱),125.5,2026-09-17 00:00:00,122.6,0.19999999999998863,False,True,0.7855429928560865,False,0.0027112858624265468,62.71068600066647,0.0026918798101050285,0.0028402750032869716,0.07594297714612619,0.2390761851502443,-5.533321034940397,0.07594297714612619,True,False,False,False,False,True,0.15431791459154623,False,-0.17116119913229966,偏強 (RS上升),3402.TWO,漢科,0,v1,phase6a,2026-07-12,1,1,2,1,0,1,v1,418,0.3359872611464968,418,0.3359872611464968,299,0.5254777070063694,^TWII,yfinance,2y,2026-09-17,scan_20260917_153651,False,False
True,0,-0.11833333969116211,-0.10833326975504556,True,False,賣出 (動能轉弱),9.989999771118164,2026-09-17 00:00:00,10.077500009536744,-0.003000020980834961,False,False,0.7265992746353885,False,0.00021582267047870213,36.66337706823863,0.000218631985145837,0.0002276781201031042,-0.1350753376725744,-0.20823167884881366,-3.4068283370248587,-0.1350753376725744,False,False,False,False,False,False,0.10269512318615652,False,-0.07926272627790154,中性,1324.TW,地球,0,v1,phase6a,2026-07-12,0,0,0,0,0,0,v1,279,0.5573248407643312,279,0.5573248407643312,337,0.46496815286624205,^TWII,yfinance,2y,2026-09-17,scan_20260917_153651,False,False
True,2,0.016666730244954426,0.008333206176757799,True,False,買入 (動能增強),24.450000762939453,2026-09-17 00:00:00,24.492500019073486,-0.027499961853028054,False,False,0.7666404955072843,False,0.0005282146725488129,38.23399331419815,0.0005329331506533161,0.0005508143012530633,-0.09311101018748547,0.14709644396952992,-3.2498537512064662,-0.09311101018748547,False,False,False,False,False,False,0.13933458618100983,False,-0.052325523800089146,中性,6496.TWO,科懋,4,v1,phase6a,2026-07-12,0,4,4,4,4,4,v1,9,0.9872611464968153,9,0.9872611464968153,13,0.9808917197452229,^TWII,yfinance,2y,2026-09-17,scan_20260917_153651,False,True
True,0,-0.31666628519694007,-0.35833295186360675,True,False,觀察 (跌勢收斂),20.399999618530273,2026-09-17 00:00:00,20.407500171661376,0.0,False,False,0.9006044219301462,False,0.00044071896859942695,29.601610481672687,0.0004419078188778375,0.000460432957482497,-0.028310588939539638,-0.18413559123194867,-3.1118313788511265,-0.028310588939539638,False,False,False,False,False,False,0.15701422216096625,False,-0.04000001795151653,中性,2642.TW,宅配通,1,v1,phase6a,2026-07-12,0,1,1,1,1,1,v1,138,0.7818471337579618,138,0.7818471337579618,174,0.7245222929936306,^TWII,yfinance,2y,2026-09-17,scan_20260917_153651,False,False
True,0,0.09999974568684895,0.29166650772094727,True,False,觀望 (動能減弱),14.399999618530273,2026-09-17 00:00:00,14.187499904632569,0.04499998092651403,False,True,0.8168610907625478,False,0.0003110957401168829,38.44619462782032,0.00030660801702953717,0.00031182707365749003,0.15430804687868171,0.2991545619987601,1.7887040874099869,0.15430804687868171,True,False,False,False,False,False,0.4726208400006326,False,-0.07886441527891819,中性,1308.TW,亞聚,3,v1,phase6a,2026-07-12,0,3,5,3,3,3,v1,12,0.982484076433121,12,0.982484076433121,39,0.9394904458598726,^TWII,yfinance,2y,2026-09-17,scan_20260917_153651,True,True
True,0,-0.1999999682108561,-0.22333335876464844,True,False,觀察 (跌勢收斂),8.100000381469727,2026-09-17 00:00:00,8.191500043869018,-0.02049999237060618,False,False,0.5153234742482168,False,0.0001749913666926574,12.730234596285337,0.0001786153656492328,0.00019520298625876005,-0.2131174919238754,-0.9718199074643663,-8.6487100589569,-0.2131174919238754,False,False,False,False,False,False,0.10205734280980566,False,-0.15448847119236564,中性,2726.TWO,雅茗-KY,1,v1,phase6a,2026-07-12,0,1,1,1,1,1,v1,140,0.7786624203821656,140,0.7786624203821656,176,0.7213375796178344,^TWII,yfinance,2y,2026-09-17,scan_20260917_153651,False,False
True,1,-0.1100002924601237,-0.1550002098083496,True,False,觀察 (跌勢收斂),9.149999618530273,2026-09-17 00:00:00,9.10600004196167,-0.006000041961669922,False,True,0.7036530629007087,False,0.00019767541519465678,14.777150576040516,0.00019922978047905054,0.00021453621810707966,-0.08205758069173008,-0.6515532419086534,-8.677504968747286,-0.08205758069173008,False,False,False,False,False,False,0.1702020436554399,False,-0.1201923121009354,中性,4806.TWO,桂田文創,1,v1,phase6a,2026-07-12,0,1,2,1,1,1,v1,179,0.7165605095541401,179,0.7165605095541401,205,0.6751592356687898,^TWII,yfinance,2y,2026-09-17,scan_20260917_153651,False,False
True,1,-0.01666673024495443,-0.008333365122477211,True,False,賣出 (動能轉弱),14.350000381469727,2026-09-17 00:00:00,14.415000009536744,-0.014999961853026988,True,False,0.49931523179993537,False,0.0003100155630286408,22.177151325539853,0.0003150989264542743,0.0003386393421288988,-0.16952890294151812,-0.472100774937978,-7.307847494373787,-0.16952890294151812,False,False,False,False,False,False,0.11429638209048365,False,-0.17210755831067326,中性,1338.TW,廣華-KY,0,v1,phase6a,2026-07-12,0,0,0,0,0,0,v1,280,0.5557324840764332,280,0.5557324840764332,338,0.46337579617834396,^TWII,yfinance,2y,2026-09-17,scan_20260917_153651,False,False
True,0,-0.16666666666666666,-0.07499996821085611,True,False,賣出 (動能轉弱),12.899999618530273,2026-09-17 00:00:00,13.2375,-0.022500038146972656,False,False,0.4692476714566278,False,0.0002786899329962468,5.981855864842627,0.00028772832353045195,0.0003073245409246398,-0.32957267897892883,-0.7422396798147934,-5.694321056008656,-0.32957267897892883,False,False,False,False,False,False,0.0,False,-0.1313131793163267,中性,6144.TWO,得利影,0,v1,phase6a,2026-07-12,0,0,0,0,0,0,v1,500,0.2054140127388535,500,0.2054140127388535,518,0.1767515923566879,^TWII,yfinance,2y,2026-09-17,scan_20260917_153651,False,False
True,0,-0.24166679382324216,-0.1916666030883789,True,False,賣出 (動能轉弱),19.799999237060547,2026-09-17 00:00:00,19.972500038146972,-0.010000038146973367,False,False,0.4851058235835415,False,0.0004277566375099496,28.051846158342396,0.000432857127135906,0.0004510808315004547,-0.12388118411748028,-0.4992792100353305,-3.2400836542251343,-0.12388118411748028,False,False,False,False,False,False,0.04438566411848893,False,-0.04807692484037418,中性,1473.TW,台南,0,v1,phase6a,2026-07-12,0,0,0,0,0,0,v1,295,0.5318471337579618,295,0.5318471337579618,351,0.4426751592356688,^TWII,yfinance,2y,2026-09-17,scan_20260917_153651,False,False
True,0,-0.3416665395100911,-0.44166628519694007,True,False,觀察 (跌勢收斂),29.049999237060547,2026-09-17 00:00:00,28.822500038146973,0.019999980926513672,False,True,0.7291233185863779,False,0.000627592448087205,48.94056310293657,0.0006252024146694978,0.0006391959365905195,0.04025636130997601,-0.12225672700038048,-3.023157644615504,0.04025636130997601,True,False,False,False,False,True,0.28316424034546517,False,-0.07631165238975313,中性,5210.TWO,寶碩,1,v1,phase6a,2026-07-12,0,1,3,1,1,1,v1,182,0.7117834394904459,182,0.7117834394904459,207,0.6719745222929936,^TWII,yfinance,2y,2026-09-17,scan_20260917_153651,False,False
True,0,-0.7416667938232422,-0.8249998092651366,True,False,觀察 (跌勢收斂),26.649999618530273,2026-09-17 00:00:00,26.61750011444092,-0.03749999999999787,True,True,1.0882033770175248,False,0.0005757431649354104,50.27608011914882,0.0005812770101869654,0.0006370318321549075,-0.10011179782118962,-1.2111811870218814,-9.805995217795305,-0.10011179782118962,False,False,False,False,False,True,0.09267017066485868,False,-0.29101270235449983,中性,3060.TW,銘異,1,v1,phase6a,2026-07-12,0,1,2,1,1,1,v1,147,0.767515923566879,147,0.767515923566879,180,0.714968152866242,^TWII,yfinance,2y,2026-09-17,scan_20260917_153651,False,False
True,1,0.4499994913736979,0.14999898274739581,True,False,買入 (動能增強),82.5,2026-09-17 00:00:00,81.67999954223633,0.025000000000005684,False,True,2.8197634351907768,True,0.001782319391634981,56.82912082381896,0.0017699186665412015,0.001740270900725753,0.07380581518783291,0.3889295801897008,-1.0717068419347497,0.07380581518783291,True,True,True,False,False,False,0.6072294907660833,False,-0.06779661016949157,偏強 (RS上升),2006.TW,東和鋼鐵,2,v1,phase6a,2026-07-12,1,3,4,3,2,3,v1,42,0.9347133757961783,42,0.9347133757961783,45,0.9299363057324841,^TWII,yfinance,2y,2026-09-17,scan_20260917_153651,False,False
True,0,0.34999974568684894,0.4666646321614583,True,False,觀望 (動能減弱),69.80000305175781,2026-09-17 00:00:00,69.56000061035157,0.02000007629395384,False,True,0.7294653740813982,False,0.001507950290610046,37.81918146298916,0.0015120427052932252,0.0015492798975544626,-0.028481854195439027,0.2116493509209949,-2.44948174064481,-0.028481854195439027,False,False,False,False,False,False,0.1865037682609913,False,-0.009929034726839592,中性,9927.TW,泰銘,2,v1,phase6a,2026-07-12,0,2,4,2,2,2,v1,99,0.8439490445859873,99,0.8439490445859873,111,0.8248407643312102,^TWII,yfinance,2y,2026-09-17,scan_20260917_153651,False,True
True,1,-0.43333339691162104,-0.400000254313151,True,False,賣出 (動能轉弱),17.549999237060547,2026-09-17 00:00:00,17.95250015258789,-0.010000038146973367,False,False,1.056069456190397,False,0.0003791479268289956,44.67112691968731,0.0003885279224614994,0.0004162627728579871,-0.2534863163508705,-0.8443387501227306,-4.177593410016511,-0.2534863163508705,False,False,False,False,False,False,0.0,False,-0.27926082291086773,中性,8935.TWO,邦泰,0,v1,phase6a,2026-07-12,0,0,0,0,0,0,v1,621,0.012738853503184714,621,0.012738853503184714,621,0.012738853503184714,^TWII,yfinance,2y,2026-09-17,scan_20260917_153651,False,False
True,0,-0.15833330154418943,-0.2416666348775228,True,False,觀察 (跌勢收斂),14.800000190734863,2026-09-17 00:00:00,14.467500019073487,0.055000019073487394,False,True,0.7556785990760367,False,0.00031973730104422016,37.208058075997805,0.000310404837974093,0.000304711070726537,0.31748325284033374,1.3416942230819462,5.411641802738498,0.31748325284033374,True,True,True,False,False,True,0.8390722762792834,False,-0.010033419427692092,偏強 (RS上升),3024.TW,憶聲,1,v1,phase6a,2026-07-12,2,3,3,3,1,3,v1,143,0.7738853503184714,143,0.7738853503184714,73,0.8853503184713376,^TWII,yfinance,2y,2026-09-17,scan_20260917_153651,False,False
True,1,0.04166603088378907,-0.10000069936116537,True,False,買入 (動能增強),25.149999618530273,2026-09-17 00:00:00,24.70499982833862,0.00749998092651083,False,True,1.615855472645914,True,0.0005433373578147743,75.74524745125325,0.000534287414155662,0.000556351438433892,0.17861682171411708,0.5283206317570732,-0.04902308811836065,0.17861682171411708,True,False,False,False,False,True,0.4651960317502557,False,-0.02330098568814476,偏強 (RS上升),1780.TWO,立弘,2,v1,phase6a,2026-07-12,1,3,4,3,2,3,v1,40,0.9378980891719745,40,0.9378980891719745,44,0.9315286624203821,^TWII,yfinance,2y,2026-09-17,scan_20260917_153651,False,False
True,1,0.07499965031941731,0.12499952316284178,True,False,觀望 (動能減弱),13.949999809265137,2026-09-17 00:00:00,13.952499961853027,0.0025000095367424535,False,False,0.8126362611875972,False,0.0003013740021013035,33.55142148271917,0.0003033457798881505,0.00031382866211176244,-0.06837531737418079,0.06623927324276302,-2.623358705028156,-0.06837531737418079,False,False,False,False,False,False,0.17975048881688002,False,-0.051020408825263264,中性,9919.TW,康那香,0,v1,phase6a,2026-07-12,0,0,1,0,0,0,v1,624,0.007961783439490446,624,0.007961783439490446,624,0.007961783439490446,^TWII,yfinance,2y,2026-09-17,scan_20260917_153651,False,False
True,0,-0.05499998728434244,0.08999999364217123,True,False,賣出 (動能轉弱),7.090000152587891,2026-09-17 00:00:00,7.40849997997284,-0.007999992370605113,False,False,1.5912882613975552,True,0.00015317145162002874,28.20209133338212,0.00016094026981649574,0.0001710086873303037,-0.5055515853783166,-0.7917212821964115,-3.6265443249210882,-0.5055515853783166,False,False,False,False,False,False,0.0,False,-0.13431007132529416,中性,1213.TW,大飲,0,v1,phase6a,2026-07-12,0,0,0,0,0,0,v1,268,0.5748407643312102,268,0.5748407643312102,328,0.47929936305732485,^TWII,yfinance,2y,2026-09-17,scan_20260917_153651,False,False
