is_squeezed,energy_level,momentum,prev_momentum,squeeze_on,fired,Signal,Close,timestamp,ma20,ma20_slope,ma20_converging,close_above_ma20,volume_expansion_ratio,volume_expansion,rs_ratio,rs_index,rs_ema20,rs_ema60,rs_slope_1d,rs_slope_5d,rs_slope_20d,rs_slope,rs_above_ema20,rs_above_ema60,rs_ema20_above_ema60,rs_new_high_60,rs_new_high_120,rs_rising_10,rs_percentile_60,rs_high_price_not_high,price_dist_to_high_60,rs_signal,ticker,name,ranking_score,ranking_score_version,feature_schema_version,feature_schema_date,rs_component_score,experimental_score,shadow_score_ma20,shadow_score_rs,composite_score,composite_score_v2,score_version,rank_position_v1,ranking_percentile_v1,rank_position,ranking_percentile,rank_position_v2,ranking_percentile_v2,benchmark_symbol,benchmark_source,benchmark_period,benchmark_last_date,scan_id,has_houyi,has_whale
True,0,3.208333969116211,2.916667302449544,True,False,買入 (動能增強),45.900001525878906,2026-10-05 00:00:00,44.925,0.19000015258788494,False,True,0.767821840509513,False,0.0009468654455466567,57.24705870579798,0.0009497400331855583,0.0009366522452757418,-0.03184995764542453,0.2595115909559409,4.825462764820054,-0.03184995764542453,False,True,True,False,False,False,0.7192732229976676,False,-0.05360821596125964,中性,3339.TWO,泰谷,2,v1,phase6a,2026-07-12,0,2,4,2,2,2,v1,152,0.7516447368421053,152,0.7516447368421053,158,0.7417763157894737,^TWII,yfinance,2y,2026-10-02,scan_20261005_194006,False,False
True,1,0.1833343505859375,0.05000114440917969,True,False,買入 (動能增強),47.0,2026-10-05 00:00:00,46.725,-0.0024999618530259227,True,True,1.0471644966795741,False,0.00096955717780536,58.932882013461445,0.0009929132171741,0.0010609335652564885,-0.24699620676509326,-1.2956461672874453,-6.004630860146909,-0.24699620676509326,False,False,False,False,False,False,0.01632169069351845,False,-0.0978886492032115,中性,3205.TWO,佰研,2,v1,phase6a,2026-07-12,0,2,3,2,2,2,v1,144,0.7648026315789473,144,0.7648026315789473,151,0.7532894736842105,^TWII,yfinance,2y,2026-10-02,scan_20261005_194006,False,False
True,0,1.7333348592122395,1.0000012715657551,True,False,買入 (動能增強),70.0999984741211,2026-10-05 00:00:00,67.13999977111817,0.3500000000000085,False,True,2.017985344631969,True,0.0014460841847814656,49.41453787490378,0.0014180330057472217,0.0014499588130077626,0.2086634795228859,0.29912852082683017,1.376391180544112,0.2086634795228859,True,False,False,False,False,True,0.49394771670864746,False,0.0,偏強 (RS上升),3338.TW,泰碩,2,v1,phase6a,2026-07-12,1,3,4,3,2,3,v1,151,0.7532894736842105,151,0.7532894736842105,86,0.8601973684210527,^TWII,yfinance,2y,2026-10-02,scan_20261005_194006,False,False
True,0,-2.0333334604899087,-2.31666628519694,True,False,觀察 (跌勢收斂),61.599998474121094,2026-10-05 00:00:00,62.900000190734865,-0.08500003814697266,False,False,0.5616699516047362,False,0.00127073873773156,66.91138429050818,0.0013106826520624627,0.0012990179173335387,-0.3197705721466715,-1.4665931635932106,0.96527403632094,-0.3197705721466715,False,False,True,False,False,False,0.4299278562864133,False,-0.052307715782752395,中性,2612.TW,中航,1,v1,phase6a,2026-07-12,0,1,1,1,1,1,v1,309,0.4934210526315789,309,0.4934210526315789,309,0.4934210526315789,^TWII,yfinance,2y,2026-10-02,scan_20261005_194006,False,False
False,0,6.5,2.0833333333333335,False,True,強烈買入 (爆發),218.0,2026-10-05 00:00:00,207.075,0.75,False,True,2.04155966298232,True,0.004497094994926989,83.87457086421674,0.004423716973800447,0.00474107152573547,0.1749097490317819,-0.5512762716412656,-6.524001568397264,0.1749097490317819,True,False,False,False,False,True,0.13058699969468202,False,-0.20727272727272728,中性,3357.TWO,臺慶科,3,v1,phase6a,2026-07-12,0,3,5,3,3,3,v1,49,0.9210526315789473,49,0.9210526315789473,60,0.9029605263157895,^TWII,yfinance,2y,2026-10-02,scan_20261005_194006,False,False
False,0,1.1833343505859375,-0.5833320617675779,False,True,強烈買入 (爆發),80.19999694824219,2026-10-05 00:00:00,76.95500030517579,0.22999992370606037,False,True,3.2972761472280276,True,0.0016544358021518336,43.04287811264045,0.001634570426626317,0.001753273871694015,0.1280930249120349,-0.028617534276886847,-4.856236889698096,0.1280930249120349,True,False,False,False,False,True,0.1660795607020037,False,-0.19396987991716397,中性,6284.TWO,佳邦,3,v1,phase6a,2026-07-12,0,3,5,3,3,3,v1,67,0.8914473684210527,67,0.8914473684210527,73,0.881578947368421,^TWII,yfinance,2y,2026-10-02,scan_20261005_194006,False,False
True,0,-0.3166669209798177,-0.3500000635782878,True,False,觀察 (跌勢收斂),18.299999237060547,2026-10-05 00:00:00,18.549999904632568,-0.02500000000000213,True,False,0.9796686107645987,False,0.0003775084173218014,42.025284527901285,0.000393550988932159,0.0004247142576501041,-0.4272576441592735,-1.84205839614493,-8.03854492899222,-0.4272576441592735,False,False,False,False,False,False,0.0,False,-0.16055046433441666,中性,1616.TW,億泰,1,v1,phase6a,2026-07-12,0,1,1,1,1,1,v1,287,0.5296052631578947,287,0.5296052631578947,288,0.5279605263157895,^TWII,yfinance,2y,2026-10-02,scan_20261005_194006,False,False
True,0,0.16666698455810547,0.16666698455810547,True,False,觀望 (動能減弱),27.100000381469727,2026-10-05 00:00:00,26.875,0.01750001907348775,False,True,1.1674409406474757,False,0.0005590425508166376,55.08763319906506,0.0005678474698306241,0.0005762471427784699,-0.162952787223547,-0.9612645804780606,-2.3287104898732536,-0.162952787223547,False,False,False,False,False,False,0.03654384313213536,False,-0.007325965610992302,中性,2107.TW,厚生,0,v1,phase6a,2026-07-12,0,0,2,0,0,0,v1,458,0.24835526315789475,458,0.24835526315789475,459,0.24671052631578946,^TWII,yfinance,2y,2026-10-02,scan_20261005_194006,False,False
True,0,0.20833365122477213,0.08333396911621094,True,False,買入 (動能增強),23.399999618530273,2026-10-05 00:00:00,23.73750009536743,-0.040000057220460405,False,False,1.7452588884422846,True,0.0004827156934210364,26.167390018292483,0.0005036288712050104,0.0005491647941924837,-0.43520273824243505,-1.1458976441716229,-5.728729019740896,-0.43520273824243505,False,False,False,False,False,False,0.0,False,-0.12030077883640411,中性,1587.TW,吉茂,2,v1,phase6a,2026-07-12,0,2,2,2,2,2,v1,98,0.8404605263157895,98,0.8404605263157895,108,0.8240131578947368,^TWII,yfinance,2y,2026-10-02,scan_20261005_194006,False,False
True,0,-0.29166730244954425,-0.3166669209798177,True,False,觀察 (跌勢收斂),35.29999923706055,2026-10-05 00:00:00,35.54499988555908,-0.005000114440917969,False,False,2.5548902195608783,True,0.0007281993114216124,29.416154384101723,0.0007517949961219112,0.0007987461003005657,-0.3292889102760488,-1.6767115552934864,-5.0876953593332885,-0.3292889102760488,False,False,False,False,False,False,0.0,False,-0.10063696211310713,中性,6614.TW,資拓宏宇,1,v1,phase6a,2026-07-12,0,1,1,1,1,1,v1,372,0.38980263157894735,372,0.38980263157894735,372,0.38980263157894735,^TWII,yfinance,2y,2026-10-02,scan_20261005_194006,False,False
True,0,-103.3333333333333,-85.83333333333331,True,False,賣出 (動能轉弱),1840.0,2026-10-05 00:00:00,1952.75,4.25,False,False,0.5011836129923963,False,0.03795713206727366,304.32627528399723,0.040115771504551735,0.03945284467803425,-0.5632333303496551,-2.206635709811944,7.490592059059931,-0.5632333303496551,False,False,True,False,False,False,0.4410666132402159,False,-0.14814814814814814,中性,7828.TWO,創新服務,0,v1,phase6a,2026-07-12,0,0,1,0,0,0,v1,585,0.039473684210526314,585,0.039473684210526314,585,0.039473684210526314,^TWII,yfinance,2y,2026-10-02,scan_20261005_194006,False,False
True,0,0.09999910990397132,-0.966667811075846,True,False,買入 (動能增強),64.5999984741211,2026-10-05 00:00:00,64.19500007629395,0.009999847412117902,False,True,1.1913162097596481,False,0.001332625366102115,65.9296032883404,0.001363089115357805,0.001373696367071211,-0.23470103526637143,-1.1839222697896723,-6.910436489979832,-0.23470103526637143,False,False,False,False,False,False,0.15875205361143346,False,-0.1186903712881644,中性,2634.TW,漢翔,2,v1,phase6a,2026-07-12,0,2,4,2,2,2,v1,132,0.7845394736842105,132,0.7845394736842105,140,0.7713815789473685,^TWII,yfinance,2y,2026-10-02,scan_20261005_194006,False,False
True,0,-0.2999998728434245,-0.3999999364217123,True,False,觀察 (跌勢收斂),24.049999237060547,2026-10-05 00:00:00,24.305000019073486,-0.02500000000000213,True,False,0.3379245744107852,False,0.0004961244550320316,31.13196784328809,0.0005146952375689742,0.0005517209461313635,-0.37836426973134607,-1.929072879481486,-6.93182605902315,-0.37836426973134607,False,False,False,False,False,False,0.013213298486241865,False,-0.128623228092149,中性,1410.TW,南染,1,v1,phase6a,2026-07-12,0,1,1,1,1,1,v1,268,0.5608552631578947,268,0.5608552631578947,269,0.5592105263157895,^TWII,yfinance,2y,2026-10-02,scan_20261005_194006,False,False
True,0,-0.2583332061767578,-0.15833330154418945,True,False,賣出 (動能轉弱),12.199999809265137,2026-10-05 00:00:00,12.707499980926514,-0.037499999999999645,True,False,0.6359260036502152,False,0.00025167228477227736,22.36244795939308,0.00026844695884925004,0.0002897058821731376,-0.6534685728731171,-2.558019857436411,-6.9103003504974,-0.6534685728731171,False,False,False,False,False,False,0.0,False,-0.12857144219534733,中性,8092.TWO,建暐,0,v1,phase6a,2026-07-12,0,0,0,0,0,0,v1,590,0.03125,590,0.03125,590,0.03125,^TWII,yfinance,2y,2026-10-02,scan_20261005_194006,False,False
True,1,-0.0666667620340983,-0.0666667620340983,True,False,賣出 (動能轉弱),11.800000190734863,2026-10-05 00:00:00,11.934999895095824,-0.007499980926514382,True,False,1.0071146477896638,False,0.00024342074219216176,53.00033933306926,0.00025220620810052357,0.00026518382886671783,-0.36533885895586593,-1.5309323548742038,-4.567828643558391,-0.36533885895586593,False,False,False,False,False,False,0.0,False,-0.10854811868679048,中性,2515.TW,中工,0,v1,phase6a,2026-07-12,0,0,0,0,0,0,v1,470,0.22861842105263158,470,0.22861842105263158,471,0.22697368421052633,^TWII,yfinance,2y,2026-10-02,scan_20261005_194006,False,False
True,0,0.7249997456868489,0.016666412353515625,True,False,買入 (動能增強),44.45000076293945,2026-10-05 00:00:00,43.20999984741211,0.0625,False,True,1.9107847601480499,True,0.0009169535594289718,63.342923301882976,0.0009221421310496809,0.0010066211493573105,-0.05919284289617188,-1.0119967329776935,-7.694346426387522,-0.05919284289617188,False,False,False,False,False,False,0.06778193207121287,False,-0.2205770243253018,中性,6282.TW,康舒,2,v1,phase6a,2026-07-12,0,2,4,2,2,2,v1,212,0.6529605263157895,212,0.6529605263157895,216,0.6463815789473685,^TWII,yfinance,2y,2026-10-02,scan_20261005_194006,False,False
False,0,-0.7500006357828776,-0.5583343505859375,False,True,強烈賣出 (跌破),48.25,2026-10-05 00:00:00,49.19250011444092,-0.07749996185302876,False,False,1.6097016067239536,True,0.0009953432729597578,48.0783849346673,0.0010385709236029525,0.0010761111966798374,-0.43621767093344754,-1.8326725085912932,-5.334751316330266,-0.43621767093344754,False,False,False,False,False,False,0.0,False,-0.05761720154259797,中性,5530.TWO,龍巖,0,v1,phase6a,2026-07-12,0,0,0,0,0,0,v1,546,0.10361842105263158,546,0.10361842105263158,546,0.10361842105263158,^TWII,yfinance,2y,2026-10-02,scan_20261005_194006,False,False
False,0,-0.34999974568684894,-0.38333257039388025,False,True,強烈賣出 (跌破),50.70000076293945,2026-10-05 00:00:00,51.14000015258789,-0.02999992370605753,False,False,1.3226490648275613,False,0.001045884035200961,31.563604051036236,0.00108070020588133,0.0011277527102302063,-0.3379729010724808,-1.4119110713110006,-4.570242365090449,-0.3379729010724808,False,False,False,False,False,False,0.0,False,-0.02873563176391669,中性,6281.TW,全國電,0,v1,phase6a,2026-07-12,0,0,0,0,0,0,v1,562,0.07730263157894737,562,0.07730263157894737,562,0.07730263157894737,^TWII,yfinance,2y,2026-10-02,scan_20261005_194006,False,False
False,0,-0.16666666666666652,-4.249999999999998,False,True,強烈賣出 (跌破),140.5,2026-10-05 00:00:00,135.45,0.25,False,True,1.1200591316996058,False,0.0028983570953543206,174.6671771121863,0.002876257399709323,0.003039669950670748,0.08094431140637237,-0.7115533636326887,-7.175854786891467,0.08094431140637237,True,False,False,False,False,True,0.16507661159243714,False,-0.18254930086000132,中性,8043.TWO,蜜望實,0,v1,phase6a,2026-07-12,0,0,2,0,0,0,v1,587,0.03618421052631579,587,0.03618421052631579,587,0.03618421052631579,^TWII,yfinance,2y,2026-10-02,scan_20261005_194006,False,False
True,1,-0.08333333333333336,-0.2000001271565755,True,False,觀察 (跌勢收斂),16.799999237060547,2026-10-05 00:00:00,16.432499980926515,0.009999942779543858,False,True,4.892725585580519,True,0.0003465651031365239,47.07743154324102,0.0003477347155424957,0.00036014602090426296,-0.03539293464569493,-1.3810257091041667,-5.024062370932148,-0.03539293464569493,False,False,False,False,False,False,0.23756693967733242,False,-0.014662757254357506,中性,4711.TWO,永純,1,v1,phase6a,2026-07-12,0,1,3,1,1,1,v1,348,0.4292763157894737,348,0.4292763157894737,348,0.4292763157894737,^TWII,yfinance,2y,2026-10-02,scan_20261005_194006,False,False
True,0,0.49841562906901044,0.5921087265014648,True,False,觀望 (動能減弱),24.0,2026-10-05 00:00:00,24.245927810668945,0.0020154953002915477,False,False,1.2827121374296584,False,0.0004950930269644391,33.31434156303306,0.0005111744698549947,0.000512594691214393,-0.33006269189834736,-0.055890364805355475,0.7370429186788652,-0.33006269189834736,False,False,False,False,False,False,0.37145383243675983,False,-0.05325445211655877,中性,6171.TWO,大城地產,0,v1,phase6a,2026-07-12,0,0,1,0,0,0,v1,556,0.08717105263157894,556,0.08717105263157894,556,0.08717105263157894,^TWII,yfinance,2y,2026-10-02,scan_20261005_194006,False,False
True,0,0.08333365122477214,0.11666695276896158,True,False,觀望 (動能減弱),12.75,2026-10-05 00:00:00,12.582499980926514,0.017500019073485973,False,True,0.6576773654071101,False,0.0002630181705748583,20.951529622470233,0.0002679876299185859,0.00028704928196574643,-0.1948156715349092,-0.9142105077698859,-5.580296657311113,-0.1948156715349092,False,False,False,False,False,False,0.057773999381225606,False,-0.19303798442504994,中性,6645.TW,金萬林-創,1,v1,phase6a,2026-07-12,0,1,3,1,1,1,v1,376,0.3832236842105263,376,0.3832236842105263,376,0.3832236842105263,^TWII,yfinance,2y,2026-10-02,scan_20261005_194006,True,False
True,0,0.15000025431315103,0.17500050862630206,True,False,觀望 (動能減弱),24.549999237060547,2026-10-05 00:00:00,24.5125,0.004999923706055398,False,True,1.5902840283019248,True,0.0005064388930937908,37.043447021253904,0.0005194118210193795,0.000540474646124433,-0.2622178651703,-0.972745171417766,-3.985284048155746,-0.2622178651703,False,False,False,False,False,False,0.0,False,-0.02731501500598288,中性,8049.TWO,晶采,0,v1,phase6a,2026-07-12,0,0,2,0,0,0,v1,589,0.03289473684210526,589,0.03289473684210526,589,0.03289473684210526,^TWII,yfinance,2y,2026-10-02,scan_20261005_194006,False,False
True,0,-0.16666539510091144,-0.3833325703938802,True,False,觀察 (跌勢收斂),70.0,2026-10-05 00:00:00,70.70000038146972,-0.02000007629395384,True,False,2.8701816825005024,True,0.0014440213286462807,57.90431095043388,0.0014963972699035938,0.0015735941409574618,-0.3670829171105283,-1.6090445347445748,-5.227443381947971,-0.3670829171105283,False,False,False,False,False,False,0.0,False,-0.10941474098059467,中性,8487.TW,愛爾達-創,1,v1,phase6a,2026-07-12,0,1,1,1,1,1,v1,417,0.3157894736842105,417,0.3157894736842105,417,0.3157894736842105,^TWII,yfinance,2y,2026-10-02,scan_20261005_194006,False,False
True,0,-0.1916650136311849,-0.3749980926513672,True,False,觀察 (跌勢收斂),44.0,2026-10-05 00:00:00,44.2100004196167,-0.0350000381469755,True,False,1.0064568598140688,False,0.000907670549434805,41.651356648424425,0.0009363318786466693,0.000987223191264137,-0.32117801475299856,-1.507452278014243,-5.8013066797957595,-0.32117801475299856,False,False,False,False,False,False,0.0,False,-0.06779662523760033,中性,5706.TW,鳳凰,1,v1,phase6a,2026-07-12,0,1,1,1,1,1,v1,362,0.40625,362,0.40625,362,0.40625,^TWII,yfinance,2y,2026-10-02,scan_20261005_194006,False,False
True,0,0.04166666666666667,0.025000095367431644,True,False,買入 (動能增強),13.0,2026-10-05 00:00:00,12.990000009536743,-0.005000019073486683,False,True,0.8753774568275358,False,0.00026817538960573786,26.413311154983205,0.0002757298730339021,0.0002935531626253191,-0.2875720266278248,-1.1283173233967214,-5.685958249096323,-0.2875720266278248,False,False,False,False,False,False,0.035850118145651824,False,-0.1333333333333333,中性,8929.TWO,富堡,2,v1,phase6a,2026-07-12,0,2,3,2,2,2,v1,253,0.5855263157894737,253,0.5855263157894737,254,0.5838815789473685,^TWII,yfinance,2y,2026-10-02,scan_20261005_194006,False,False
True,0,-0.2666664123535156,-0.3833332061767578,True,False,觀察 (跌勢收斂),43.0,2026-10-05 00:00:00,43.347500038146975,-0.06499996185302592,False,False,1.1471726972898044,False,0.0008870416733112868,24.955922400751398,0.0009189708237703708,0.0009953464701527184,-0.36439850102495397,-1.7782947435094898,-7.00889676127926,-0.36439850102495397,False,False,False,False,False,False,0.004070521182774109,False,-0.07526881720430112,中性,7839.TWO,達人網,1,v1,phase6a,2026-07-12,0,1,1,1,1,1,v1,402,0.3404605263157895,402,0.3404605263157895,402,0.3404605263157895,^TWII,yfinance,2y,2026-10-02,scan_20261005_194006,False,False
False,0,-0.3833338419596354,-0.06666692097981772,False,True,強烈賣出 (跌破),66.69999694824219,2026-10-05 00:00:00,68.71000099182129,-0.04999999999999716,False,False,2.1016163526764218,True,0.0013759459744843365,23.138143781039002,0.00144991512710023,0.0015251268678114131,-0.5341441558951332,-1.6299625265784101,-4.293050125777165,-0.5341441558951332,False,False,False,False,False,False,0.0,False,-0.07103072265664434,中性,9910.TW,豐泰,0,v1,phase6a,2026-07-12,0,0,0,0,0,0,v1,605,0.006578947368421052,605,0.006578947368421052,605,0.006578947368421052,^TWII,yfinance,2y,2026-10-02,scan_20261005_194006,False,False
True,0,0.0,0.0,True,False,賣出 (動能轉弱),113.5,2026-10-05 00:00:00,115.075,-0.14999999999999147,True,False,1.236329787938009,False,0.0023413774400193265,39.31045150251451,0.0024429043110021625,0.002568065961163221,-0.4355671962486318,-1.721088857087616,-6.685469563049473,-0.4355671962486318,False,False,False,False,False,False,0.0,False,-0.06198347107438018,中性,1537.TW,廣隆,0,v1,phase6a,2026-07-12,0,0,0,0,0,0,v1,442,0.2746710526315789,442,0.2746710526315789,443,0.2730263157894737,^TWII,yfinance,2y,2026-10-02,scan_20261005_194006,False,False
True,2,-0.05499998728434244,-0.04499991734822591,True,False,賣出 (動能轉弱),8.0,2026-10-05 00:00:00,8.059000062942506,-0.010500001907347567,True,False,0.8409629391289087,False,0.00016503100898814638,12.700428724289035,0.0001712689125891802,0.0001872885485031134,-0.3819219963033915,-1.918529817656922,-7.810055640550773,-0.3819219963033915,False,False,False,False,False,False,0.0,False,-0.12184409423810061,中性,2726.TWO,雅茗-KY,0,v1,phase6a,2026-07-12,0,0,0,0,0,0,v1,486,0.20230263157894737,486,0.20230263157894737,487,0.20065789473684212,^TWII,yfinance,2y,2026-10-02,scan_20261005_194006,False,False
True,0,-0.6499989827473958,-0.2999992370605469,True,False,賣出 (動能轉弱),65.9000015258789,2026-10-05 00:00:00,68.31000022888183,-0.10999984741211222,False,False,2.0613497042908087,True,0.0013594429680170226,15.065323834209975,0.001445810020660738,0.0015853523923900982,-0.6248718566561506,-2.088964968252627,-6.1198791782727575,-0.6248718566561506,False,False,False,False,False,False,0.0,False,-0.23965001688806897,中性,6873.TW,泓德能源,0,v1,phase6a,2026-07-12,0,0,0,0,0,0,v1,577,0.05263157894736842,577,0.05263157894736842,577,0.05263157894736842,^TWII,yfinance,2y,2026-10-02,scan_20261005_194006,False,False
True,0,0.75,0.7499999999999999,True,False,買入 (動能增強),108.5,2026-10-05 00:00:00,107.975,0.024999999999991473,False,True,0.7260232924074599,False,0.0022382330594017353,43.9422593630986,0.002290129798781939,0.0023880144590557257,-0.23796969199084694,-1.2321978365757102,-4.387792828269211,-0.23796969199084694,False,False,False,False,False,False,0.01600954347178884,False,-0.05652173913043479,中性,3679.TW,新至陞,2,v1,phase6a,2026-07-12,0,2,4,2,2,2,v1,165,0.7302631578947368,165,0.7302631578947368,171,0.7203947368421053,^TWII,yfinance,2y,2026-10-02,scan_20261005_194006,False,False
True,1,0.02499993642171224,0.024999618530273434,True,False,買入 (動能增強),18.850000381469727,2026-10-05 00:00:00,18.942500114440918,-0.007499980926514382,False,False,0.8808545317464123,False,0.0003888543227976116,32.337274800603964,0.0004003668034877226,0.0004163923924805556,-0.3017690537273521,-1.2712318468702133,-3.768935129984108,-0.3017690537273521,False,False,False,False,False,False,0.0,False,-0.0182291858105188,中性,8403.TWO,盛弘,4,v1,phase6a,2026-07-12,0,4,4,4,4,4,v1,27,0.9572368421052632,27,0.9572368421052632,36,0.9424342105263158,^TWII,yfinance,2y,2026-10-02,scan_20261005_194006,False,True
True,0,2.583333333333333,1.6666666666666665,True,False,買入 (動能增強),205.5,2026-10-05 00:00:00,200.575,1.0,False,True,0.610497092551242,False,0.00423923404338301,61.75335510662071,0.004201301400742665,0.004229686488911164,0.09513024263492209,0.32630840880056855,5.966550761178402,0.09513024263492209,True,True,False,False,False,False,0.621957016473471,False,-0.0024271844660194164,偏強 (RS上升),7703.TWO,銳澤,2,v1,phase6a,2026-07-12,0,2,4,2,2,2,v1,238,0.6101973684210527,238,0.6101973684210527,240,0.6069078947368421,^TWII,yfinance,2y,2026-10-02,scan_20261005_194006,False,False
True,1,-0.3166669209798177,-0.22500022252400714,True,False,賣出 (動能轉弱),13.550000190734863,2026-10-05 00:00:00,14.155000019073487,-0.06500000953674245,False,False,1.2154441353934575,False,0.0002795212754083188,21.22357444835649,0.0003008339372355415,0.0003272432219789924,-0.740219584087376,-2.4570352650693406,-10.380389101718713,-0.740219584087376,False,False,False,False,False,False,0.0,False,-0.20527854562702552,中性,4402.TWO,郡都開發,0,v1,phase6a,2026-07-12,0,0,0,0,0,0,v1,522,0.14309210526315788,522,0.14309210526315788,522,0.14309210526315788,^TWII,yfinance,2y,2026-10-02,scan_20261005_194006,False,False
True,0,0.4666652679443359,0.38333193461100257,True,False,買入 (動能增強),60.900001525878906,2026-10-05 00:00:00,61.305000114440915,0.010000038146969814,False,False,1.5095605501509561,True,0.0012562985873994313,32.19126188308665,0.0012970175252219017,0.001371033274661972,-0.3293776760278089,-1.1710526887648065,-3.858709452248965,-0.3293776760278089,False,False,False,False,False,False,0.005743393241732027,False,-0.1109488828338846,中性,6556.TWO,勝品,2,v1,phase6a,2026-07-12,0,2,3,2,2,2,v1,218,0.6430921052631579,218,0.6430921052631579,221,0.6381578947368421,^TWII,yfinance,2y,2026-10-02,scan_20261005_194006,False,False
True,0,0.11666679382324219,-0.008333206176757812,True,False,買入 (動能增強),24.100000381469727,2026-10-05 00:00:00,24.090000057220458,-0.009999942779543858,False,True,0.4191252855291007,False,0.0004971559224460827,56.55484016569306,0.0005090999490761112,0.0005152617594627058,-0.24635018845851064,-1.0430637644161855,-2.88362737052279,-0.24635018845851064,False,False,False,False,False,False,0.2399694211304445,False,-0.03018108605580805,中性,1470.TW,大統新創,2,v1,phase6a,2026-07-12,0,2,3,2,2,2,v1,94,0.8470394736842105,94,0.8470394736842105,104,0.8305921052631579,^TWII,yfinance,2y,2026-10-02,scan_20261005_194006,False,False
True,0,1.1666666666666667,-1.9166666666666667,True,False,買入 (動能增強),133.0,2026-10-05 00:00:00,118.225,0.14999999999999147,False,True,1.756713149933493,True,0.0027436405244279333,67.17371330090772,0.002518562680509175,0.002433342648167344,0.9496447511529116,-0.30302026034135787,-4.570735968081074,0.9496447511529116,True,True,True,False,False,True,0.7596355794210894,False,-0.032727272727272716,偏強 (RS上升),6716.TWO,應廣,2,v1,phase6a,2026-07-12,1,3,4,3,2,3,v1,227,0.6282894736842105,227,0.6282894736842105,88,0.8569078947368421,^TWII,yfinance,2y,2026-10-02,scan_20261005_194006,False,False
True,0,-0.3416662216186523,-0.3916660944620768,True,False,觀察 (跌勢收斂),22.5,2026-10-05 00:00:00,22.757499980926514,-0.04499998092651225,True,False,1.719144427428423,True,0.00046414971277916167,25.890385158858958,0.00047983908656969924,0.0004922391559946318,-0.34300005689704705,-1.657169142182091,-4.689888553170752,-0.34300005689704705,False,False,False,False,False,False,0.014172777003899842,False,-0.052631578947368474,中性,5704.TWO,老爺知,1,v1,phase6a,2026-07-12,0,1,1,1,1,1,v1,361,0.40789473684210525,361,0.40789473684210525,361,0.40789473684210525,^TWII,yfinance,2y,2026-10-02,scan_20261005_194006,False,False
True,1,-0.3333346048990885,-0.7000020345052083,True,False,觀察 (跌勢收斂),66.5,2026-10-05 00:00:00,66.93499984741212,-0.07000007629393679,True,False,1.0270665739003528,False,0.0013718202622139666,75.59027845444517,0.0014166016184743795,0.0014948261371877849,-0.33165241325375794,-1.4585366589685012,-5.621045966275473,-0.33165241325375794,False,False,False,False,False,False,0.0,False,-0.09314241261718093,中性,2374.TW,佳能,1,v1,phase6a,2026-07-12,0,1,1,1,1,1,v1,301,0.506578947368421,301,0.506578947368421,301,0.506578947368421,^TWII,yfinance,2y,2026-10-02,scan_20261005_194006,False,False
True,1,-0.09166622161865234,-0.11666647593180338,True,False,觀察 (跌勢收斂),17.25,2026-10-05 00:00:00,17.222500133514405,0.0024999618530294754,False,True,1.1394817336306955,False,0.0003558481131306906,40.51188406059306,0.0003644373612025938,0.00037944759826165835,-0.24747568900768124,-1.4853290696917987,-4.883924282658459,-0.24747568900768124,False,False,False,False,False,False,0.034196966745619416,False,-0.06504068906869076,中性,9944.TW,新麗,1,v1,phase6a,2026-07-12,0,1,3,1,1,1,v1,425,0.3026315789473684,425,0.3026315789473684,425,0.3026315789473684,^TWII,yfinance,2y,2026-10-02,scan_20261005_194006,False,False
True,0,0.016666730244954422,0.0,True,False,買入 (動能增強),13.050000190734863,2026-10-05 00:00:00,13.12999997138977,-0.009999990463256836,False,False,0.6682434565035706,False,0.00026920683734655963,36.79624895101347,0.0002777367782168818,0.0002876529408971989,-0.322245800640808,-1.2472313454672257,-4.306107193605069,-0.322245800640808,False,False,False,False,False,False,0.0,False,-0.02973974901135168,中性,1103.TW,嘉泥,4,v1,phase6a,2026-07-12,0,4,4,4,4,4,v1,3,0.9967105263157895,3,0.9967105263157895,17,0.9736842105263158,^TWII,yfinance,2y,2026-10-02,scan_20261005_194006,False,True
True,0,0.46666749318440753,0.23333390553792316,True,False,買入 (動能增強),27.200000762939453,2026-10-05 00:00:00,27.032500076293946,0.027500057220461116,False,True,1.648675495323944,True,0.0005611054462982811,36.6576413460951,0.0005720082899685712,0.0006010745970510684,-0.20023655678744756,-0.8430065526298325,-3.2835726986183644,-0.20023655678744756,False,False,False,False,False,False,0.033238095328952263,False,-0.05061078097372773,中性,6124.TWO,業強,2,v1,phase6a,2026-07-12,0,2,4,2,2,2,v1,192,0.6858552631578947,192,0.6858552631578947,197,0.6776315789473685,^TWII,yfinance,2y,2026-10-02,scan_20261005_194006,False,False
True,0,0.04999987284342448,-0.01666673024495444,True,False,買入 (動能增強),20.600000381469727,2026-10-05 00:00:00,20.612499904632568,-0.014999961853028765,True,False,0.9189900736661275,False,0.00042495485601376867,52.50735423247765,0.00043623175872510925,0.0004580202300310775,-0.27137434139535843,-1.3516073550261076,-4.806262717875942,-0.27137434139535843,False,False,False,False,False,False,0.010778915377113096,False,-0.08035711016581926,中性,6020.TWO,大展證,2,v1,phase6a,2026-07-12,0,2,2,2,2,2,v1,190,0.6891447368421053,190,0.6891447368421053,195,0.680921052631579,^TWII,yfinance,2y,2026-10-02,scan_20261005_194006,False,False
True,0,-0.0366668701171875,-0.005000273386637369,True,False,賣出 (動能轉弱),9.960000038146973,2026-10-05 00:00:00,10.100000143051147,-0.009499979019164329,False,False,0.5112618532455623,False,0.0002054636069771714,22.69854087958485,0.00021345551745742926,0.00022261827618701212,-0.39256482031151396,-1.6697818724268343,-4.271852232471041,-0.39256482031151396,False,False,False,False,False,False,0.0,False,-0.03768119120275559,中性,1805.TW,寶徠,0,v1,phase6a,2026-07-12,0,0,0,0,0,0,v1,453,0.2565789473684211,453,0.2565789473684211,454,0.25493421052631576,^TWII,yfinance,2y,2026-10-02,scan_20261005_194006,False,False
True,1,0.055000146230061844,0.010000149408976238,True,False,買入 (動能增強),4.559999942779541,2026-10-05 00:00:00,4.532999968528747,-0.004999995231628418,False,True,0.9820518652548961,False,9.406767394284967e-05,23.28873550079984,9.598832885974775e-05,0.00010143743240319247,-0.21018104214448607,-0.8532910643724412,-4.622054970772426,-0.21018104214448607,False,False,False,False,False,False,0.18653070348565529,False,-0.051975052593354776,中性,8933.TWO,愛地雅,2,v1,phase6a,2026-07-12,0,2,3,2,2,2,v1,254,0.5838815789473685,254,0.5838815789473685,255,0.5822368421052632,^TWII,yfinance,2y,2026-10-02,scan_20261005_194006,False,False
True,1,0.141666571299235,0.07499980926513672,True,False,買入 (動能增強),12.600000381469727,2026-10-05 00:00:00,12.400000047683715,0.007500028610229137,False,True,0.7433944123300897,False,0.0002599238470256223,38.60696281631867,0.0002624146499886045,0.0002730136003787544,-0.09981458045652536,-0.514787648630366,-2.4640579781522454,-0.09981458045652536,False,False,False,False,False,False,0.10095288076237091,False,-0.08977273353578885,中性,1304.TW,台聚,2,v1,phase6a,2026-07-12,0,2,4,2,2,2,v1,82,0.8667763157894737,82,0.8667763157894737,92,0.850328947368421,^TWII,yfinance,2y,2026-10-02,scan_20261005_194006,False,False
True,0,-0.16666650772094727,-0.10833311080932617,True,False,賣出 (動能轉弱),15.300000190734863,2026-10-05 00:00:00,15.549999952316284,-0.01500000953674352,False,False,0.6155590119421085,False,0.0003156218086244758,32.2857506570013,0.0003284326750221646,0.0003423430984778211,-0.4089112127750316,-1.7613220063163237,-5.132992393272017,-0.4089112127750316,False,False,False,False,False,False,0.0,False,-0.05263154475992271,中性,4432.TWO,銘旺實,0,v1,phase6a,2026-07-12,0,0,0,0,0,0,v1,525,0.13815789473684212,525,0.13815789473684212,525,0.13815789473684212,^TWII,yfinance,2y,2026-10-02,scan_20261005_194006,False,False
True,0,-0.6583328247070312,-0.6666653951009115,True,False,觀察 (跌勢收斂),44.599998474121094,2026-10-05 00:00:00,45.42249984741211,-0.03250007629394247,False,False,1.5972925407122687,True,0.0009200478436317491,33.97631267043346,0.0009581790481744927,0.0009908890305458187,-0.4171524415515049,-1.6541684544456703,-4.534804005358872,-0.4171524415515049,False,False,False,False,False,False,0.0,False,-0.07083336512247718,中性,2704.TW,國賓,1,v1,phase6a,2026-07-12,0,1,1,1,1,1,v1,313,0.4868421052631579,313,0.4868421052631579,313,0.4868421052631579,^TWII,yfinance,2y,2026-10-02,scan_20261005_194006,False,False
True,1,-0.25,-0.2833328247070312,True,False,觀察 (跌勢收斂),81.30000305175781,2026-10-05 00:00:00,81.55500030517578,-0.03999977111816122,False,False,1.7971663739493906,True,0.0016771276917963713,48.01001441558914,0.0017268300029340058,0.001801656273838407,-0.30205747560621,-1.396189010784521,-4.966329740140695,-0.30205747560621,False,False,False,False,False,False,0.0,False,-0.03786978636973004,中性,9911.TW,櫻花,1,v1,phase6a,2026-07-12,0,1,1,1,1,1,v1,420,0.31085526315789475,420,0.31085526315789475,420,0.31085526315789475,^TWII,yfinance,2y,2026-10-02,scan_20261005_194006,False,False
True,2,0.16666666666666669,-0.49999999999999994,True,False,買入 (動能增強),172.0,2026-10-05 00:00:00,172.8,0.025000000000005684,False,False,1.3138682226675296,False,0.0035481666932451472,87.54413091952294,0.0036744895793779323,0.0039015454239023617,-0.36057253033472403,-1.5409969079591468,-7.161473381445626,-0.36057253033472403,False,False,False,False,False,False,0.0,False,-0.31610337972167,中性,2645.TW,長榮航太,2,v1,phase6a,2026-07-12,0,2,3,2,2,2,v1,133,0.7828947368421053,133,0.7828947368421053,141,0.7697368421052632,^TWII,yfinance,2y,2026-10-02,scan_20261005_194006,False,False
True,0,-0.39166641235351557,-0.508332888285319,True,False,觀察 (跌勢收斂),23.049999237060547,2026-10-05 00:00:00,23.377499866485596,-0.03749999999999787,True,False,1.0611284761383044,False,0.0004754955789085133,32.76165984822541,0.0004967677824511601,0.0005365797398132666,-0.44872707032576065,-2.182405735786608,-9.144574281818807,-0.44872707032576065,False,False,False,False,False,False,0.02254641498216697,False,-0.14787431100994997,中性,1443.TW,立益物流,1,v1,phase6a,2026-07-12,0,1,1,1,1,1,v1,273,0.5526315789473685,273,0.5526315789473685,274,0.5509868421052632,^TWII,yfinance,2y,2026-10-02,scan_20261005_194006,False,False
True,0,0.29166650772094727,0.2583332061767578,True,False,買入 (動能增強),13.800000190734863,2026-10-05 00:00:00,13.727500009536744,0.007500028610230913,False,True,0.6837466079183739,False,0.00028467849443919837,35.34384131547018,0.0002923417438797229,0.00030964910132681543,-0.27517047035696685,-0.975570073600085,-5.595154671303614,-0.27517047035696685,False,False,False,False,False,False,0.0,False,-0.14814817649237666,中性,3607.TW,谷崧,2,v1,phase6a,2026-07-12,0,2,4,2,2,2,v1,160,0.7384868421052632,160,0.7384868421052632,166,0.7286184210526315,^TWII,yfinance,2y,2026-10-02,scan_20261005_194006,False,False
True,2,-0.09999974568684894,-0.03333218892415365,True,False,賣出 (動能轉弱),34.099998474121094,2026-10-05 00:00:00,34.310000038146974,-0.015000152587887783,False,False,1.1511967828255318,False,0.000703444644334807,44.28617203922225,0.0007260632971317341,0.0007564531065324101,-0.32684875447379635,-1.3876753690714505,-4.591315128268092,-0.32684875447379635,False,False,False,False,False,False,0.0,False,-0.024320522754313956,中性,5902.TWO,德記,0,v1,phase6a,2026-07-12,0,0,0,0,0,0,v1,551,0.09539473684210527,551,0.09539473684210527,551,0.09539473684210527,^TWII,yfinance,2y,2026-10-02,scan_20261005_194006,False,False
True,0,-1.5833333333333335,-6.249999999999999,True,False,觀察 (跌勢收斂),235.0,2026-10-05 00:00:00,235.25,0.19999999999998863,False,False,0.7855968310653242,False,0.0048477858890267995,111.0962644914108,0.004902008277187952,0.004847903301274662,-0.11629890413852317,0.022596829732091095,3.26975747881193,-0.11629890413852317,False,False,True,False,False,False,0.648791130402711,False,-0.04858299595141702,中性,4576.TW,大銀微系統,1,v1,phase6a,2026-07-12,0,1,2,1,1,1,v1,347,0.4309210526315789,347,0.4309210526315789,347,0.4309210526315789,^TWII,yfinance,2y,2026-10-02,scan_20261005_194006,False,False
True,0,-0.049999872843424484,-0.17500019073486328,True,False,觀察 (跌勢收斂),23.0,2026-10-05 00:00:00,23.032500076293946,-0.02499999999999858,True,False,0.49260113101219677,False,0.0004744641508409208,33.661097224336366,0.0004880397586178093,0.0005169869894773972,-0.29195148549404637,-1.2145923067433895,-5.863230203609094,-0.29195148549404637,False,False,False,False,False,False,0.03170011675282699,False,-0.08366535257186958,中性,5223.TWO,安力-KY,1,v1,phase6a,2026-07-12,0,1,1,1,1,1,v1,353,0.42105263157894735,353,0.42105263157894735,353,0.42105263157894735,^TWII,yfinance,2y,2026-10-02,scan_20261005_194006,False,False
True,0,0.24999999999999997,0.01666673024495438,True,False,買入 (動能增強),27.700000762939453,2026-10-05 00:00:00,27.549999904632568,-0.039999961853027344,True,True,0.6946048306292947,False,0.0005714198843600403,39.416581286325545,0.0005871016248284789,0.0006430409172256063,-0.2803741788662162,-1.5174999802597622,-8.197668657498047,-0.2803741788662162,False,False,False,False,False,False,0.025920130446719234,False,-0.1538956931974108,中性,3379.TWO,彬台,2,v1,phase6a,2026-07-12,0,2,3,2,2,2,v1,154,0.7483552631578947,154,0.7483552631578947,160,0.7384868421052632,^TWII,yfinance,2y,2026-10-02,scan_20261005_194006,False,False
True,0,-0.3833325703938802,-0.34999974568684905,True,False,賣出 (動能轉弱),78.0,2026-10-05 00:00:00,80.89999923706054,-0.25499992370606606,False,False,3.8663773820683627,True,0.001609052337634427,49.712010331871426,0.0016942176267112218,0.001720235150133526,-0.5263539185770716,-1.1873521222218852,0.09160165637054352,-0.5263539185770716,False,False,False,False,False,False,0.0,False,-0.07363417070018818,中性,6486.TWO,互動,1,v1,phase6a,2026-07-12,0,1,1,1,1,1,v1,369,0.39473684210526316,369,0.39473684210526316,369,0.39473684210526316,^TWII,yfinance,2y,2026-10-02,scan_20261005_194006,True,False
True,2,-0.04999955495198567,-0.03333314259847005,True,False,賣出 (動能轉弱),26.100000381469727,2026-10-05 00:00:00,26.127499771118163,-0.007499980926514382,False,False,0.8330448047941728,False,0.0005384136746931193,22.710603334842652,0.0005527837636531612,0.0005797462834433456,-0.2728938760235944,-1.5129537484887101,-4.716152723405898,-0.2728938760235944,False,False,False,False,False,False,0.0,False,-0.04918034039883801,中性,1475.TW,業旺,0,v1,phase6a,2026-07-12,0,0,0,0,0,0,v1,439,0.27960526315789475,439,0.27960526315789475,440,0.2779605263157895,^TWII,yfinance,2y,2026-10-02,scan_20261005_194006,False,False
True,1,-0.2333329518636067,-0.2583332061767578,True,False,觀察 (跌勢收斂),23.350000381469727,2026-10-05 00:00:00,23.562499904632567,0.005000019073484907,False,False,0.47156432547523736,False,0.000481684265353444,44.34076553371577,0.000498940429720963,0.000518388125718607,-0.36273858039266305,-1.8194342726653323,-6.1209704062515025,-0.36273858039266305,False,False,False,False,False,False,0.01639178162788879,False,-0.17491162505433921,中性,2910.TW,統領,1,v1,phase6a,2026-07-12,0,1,2,1,1,1,v1,321,0.47368421052631576,321,0.47368421052631576,321,0.47368421052631576,^TWII,yfinance,2y,2026-10-02,scan_20261005_194006,False,False
True,0,3.400001525878906,2.050001780192057,True,False,買入 (動能增強),93.0,2026-10-05 00:00:00,91.65499954223633,0.015000152587887783,False,True,0.9904373276020026,False,0.0019184854794872016,43.123299758771,0.0019550315810235113,0.00218025053319829,-0.1963857370279043,-0.6756075116020499,-5.599547106199488,-0.1963857370279043,False,False,False,False,False,False,0.02551969725659506,False,-0.1806167400881057,中性,6854.TW,錼創科技-KY創,2,v1,phase6a,2026-07-12,0,2,4,2,2,2,v1,233,0.618421052631579,233,0.618421052631579,235,0.6151315789473685,^TWII,yfinance,2y,2026-10-02,scan_20261005_194006,False,False
True,0,1.4999999999999998,1.3333333333333333,True,False,買入 (動能增強),182.5,2026-10-05 00:00:00,182.5,-0.025000000000005684,False,False,1.9347656429325621,True,0.003764769892542089,42.58495631946856,0.0038735597048333167,0.004033324454590206,-0.2947625736532622,-1.1234131722893448,-5.096613973787035,-0.2947625736532622,False,False,False,False,False,False,0.0,False,-0.04228855522203823,中性,3611.TWO,鼎翰,2,v1,phase6a,2026-07-12,0,2,2,2,2,2,v1,161,0.7368421052631579,161,0.7368421052631579,167,0.7269736842105263,^TWII,yfinance,2y,2026-10-02,scan_20261005_194006,False,False
False,0,0.6499989827473958,-0.15000025431315112,False,True,強烈買入 (爆發),78.69999694824219,2026-10-05 00:00:00,78.31500015258788,-0.015000152587901994,True,True,1.5532175739479082,True,0.001623492487966556,40.19293961857484,0.001658850235332837,0.0017564979409999564,-0.22386205903708323,-1.2542239318437343,-4.9222522914280304,-0.22386205903708323,False,False,False,False,False,False,0.010510799431318094,False,-0.16415861024644418,中性,6411.TWO,晶焱,3,v1,phase6a,2026-07-12,0,3,4,3,3,3,v1,68,0.8898026315789473,68,0.8898026315789473,74,0.8799342105263158,^TWII,yfinance,2y,2026-10-02,scan_20261005_194006,False,False
True,0,0.11666679382324216,-0.19999980926513672,True,False,買入 (動能增強),21.799999237060547,2026-10-05 00:00:00,21.79749994277954,-0.010000038146973367,True,True,1.0840168354451383,False,0.0004497094837541154,7.4329848801443745,0.0004650269110379916,0.0005223914024473498,-0.34552616210119513,-1.7148185479361588,-9.986829990332657,-0.34552616210119513,False,False,False,False,False,False,0.052970417078490664,False,-0.19852946229459367,中性,2230.TWO,泰茂,2,v1,phase6a,2026-07-12,0,2,3,2,2,2,v1,109,0.8223684210526315,109,0.8223684210526315,119,0.805921052631579,^TWII,yfinance,2y,2026-10-02,scan_20261005_194006,False,False
True,1,0.5916662216186523,0.6416664123535155,True,False,觀望 (動能減弱),21.549999237060547,2026-10-05 00:00:00,20.842500019073487,0.03499994277954244,False,True,0.3447031513408414,False,0.0004445522647232358,39.500880655567386,0.0004464428410078326,0.0004643614573722301,-0.04455651220015566,-0.9377256109734944,-6.712264831803926,-0.04455651220015566,False,False,False,False,False,True,0.14717526467310815,False,-0.2645051263413446,中性,3288.TWO,點晶,1,v1,phase6a,2026-07-12,0,1,3,1,1,1,v1,331,0.45723684210526316,331,0.45723684210526316,331,0.45723684210526316,^TWII,yfinance,2y,2026-10-02,scan_20261005_194006,True,False
True,0,-0.15833314259847006,-0.21666653951009116,True,False,觀察 (跌勢收斂),21.149999618530273,2026-10-05 00:00:00,21.227499771118165,-0.007499980926514382,True,False,0.8695022099847837,False,0.00043630072214312024,34.74585105582241,0.0004493738575442531,0.0004745691207837404,-0.30529552655420567,-1.609934691887649,-5.742313996831627,-0.30529552655420567,False,False,False,False,False,False,0.021358725327667652,False,-0.08639308997651618,中性,3531.TWO,先益,1,v1,phase6a,2026-07-12,0,1,1,1,1,1,v1,334,0.45230263157894735,334,0.45230263157894735,334,0.45230263157894735,^TWII,yfinance,2y,2026-10-02,scan_20261005_194006,False,False
True,0,-0.07499980926513672,-0.11666647593180338,True,False,觀察 (跌勢收斂),16.200000762939453,2026-10-05 00:00:00,16.332500076293947,-0.02499999999999858,True,False,2.4238101232185065,True,0.0003341878089395799,29.395269753839532,0.0003457240603629881,0.0003624529372228568,-0.3500166732572363,-1.5618746614998291,-5.700672852000277,-0.3500166732572363,False,False,False,False,False,False,0.0,False,-0.04705877865062036,中性,4972.TWO,湯石照明,1,v1,phase6a,2026-07-12,0,1,1,1,1,1,v1,351,0.4243421052631579,351,0.4243421052631579,351,0.4243421052631579,^TWII,yfinance,2y,2026-10-02,scan_20261005_194006,False,False
True,2,-0.04166634877522786,-0.01666625340779622,True,False,賣出 (動能轉弱),14.800000190734863,2026-10-05 00:00:00,14.8875,-0.007499980926514382,True,False,1.0345259420992163,False,0.0003053073705627167,23.51601845540222,0.00031520760962581377,0.00033254179336091565,-0.3295276788268908,-1.486543217869296,-5.0971474176780385,-0.3295276788268908,False,False,False,False,False,False,0.0,False,-0.07499998807907104,中性,4528.TWO,江興鍛,0,v1,phase6a,2026-07-12,0,0,0,0,0,0,v1,527,0.13486842105263158,527,0.13486842105263158,527,0.13486842105263158,^TWII,yfinance,2y,2026-10-02,scan_20261005_194006,False,False
True,0,-0.8666661580403645,-0.9249998728434244,True,False,觀察 (跌勢收斂),41.0,2026-10-05 00:00:00,41.79249992370605,-0.017499923706054688,False,False,4.333547535012287,True,0.0008457839210642502,30.42513123967136,0.0008803819541608406,0.0009175965479440185,-0.41196832086403123,-1.8440672911696154,-4.602567465646312,-0.41196832086403123,False,False,False,False,False,False,0.0,False,-0.05855337041867337,中性,6754.TW,匯僑設計,1,v1,phase6a,2026-07-12,0,1,1,1,1,1,v1,382,0.37335526315789475,382,0.37335526315789475,382,0.37335526315789475,^TWII,yfinance,2y,2026-10-02,scan_20261005_194006,False,False
False,0,-0.24166742960611978,-0.2000004450480143,False,True,強烈賣出 (跌破),29.049999237060547,2026-10-05 00:00:00,29.539999961853027,-0.027500057220457563,False,False,2.405146263457017,True,0.0005992688356496231,45.72870244133009,0.0006241942136918315,0.0006446108156261003,-0.4185783218147665,-1.6161054908160777,-4.853451910754336,-0.4185783218147665,False,False,False,False,False,False,0.0,False,-0.07040002441406246,中性,4114.TWO,健喬,0,v1,phase6a,2026-07-12,0,0,0,0,0,0,v1,516,0.15296052631578946,516,0.15296052631578946,516,0.15296052631578946,^TWII,yfinance,2y,2026-10-02,scan_20261005_194006,False,False
False,0,-1.25,-0.5,False,True,強烈賣出 (跌破),160.5,2026-10-05 00:00:00,163.375,-0.15000000000000568,True,False,1.1980549255505646,False,0.0033109346178246866,40.07488292953718,0.003456686135763156,0.003582225279773444,-0.44188189942739875,-2.142640150406905,-5.829385812570154,-0.44188189942739875,False,False,False,False,False,False,0.0,False,-0.06686046511627908,中性,4536.TW,拓凱,0,v1,phase6a,2026-07-12,0,0,0,0,0,0,v1,528,0.13322368421052633,528,0.13322368421052633,528,0.13322368421052633,^TWII,yfinance,2y,2026-10-02,scan_20261005_194006,False,False
True,0,1.2333335876464844,1.5000006357828775,True,False,觀望 (動能減弱),59.599998474121094,2026-10-05 00:00:00,59.48999938964844,0.010514640808104048,False,True,0.32890525658877345,False,0.0012294809854845237,39.259134622899985,0.0012579058460588195,0.001282923159899508,-0.2372983966274056,-0.7511166919567436,-0.9919200120267035,-0.2372983966274056,False,False,False,False,False,False,0.115734375153618,False,-0.018795503177026718,中性,8099.TWO,大世科,0,v1,phase6a,2026-07-12,0,0,2,0,0,0,v1,591,0.029605263157894735,591,0.029605263157894735,591,0.029605263157894735,^TWII,yfinance,2y,2026-10-02,scan_20261005_194006,False,False
True,0,0.641665776570638,0.31666628519694007,True,False,買入 (動能增強),44.04999923706055,2026-10-05 00:00:00,43.75249977111817,-0.030000114440916548,True,True,1.1533783231952957,False,0.0009087019775023975,26.395378655798257,0.0009332329046990662,0.0010262447877430227,-0.27593088014307154,-1.390434195050072,-8.145268610053868,-0.27593088014307154,False,False,False,False,False,False,0.018499992451893217,False,-0.25674911819984036,中性,2497.TW,怡利電,2,v1,phase6a,2026-07-12,0,2,3,2,2,2,v1,129,0.7894736842105263,129,0.7894736842105263,137,0.7763157894736842,^TWII,yfinance,2y,2026-10-02,scan_20261005_194006,False,False
True,1,0.05000019073486328,0.008333524068196613,True,False,買入 (動能增強),22.700000762939453,2026-10-05 00:00:00,22.719999885559083,-0.004999923706051845,False,False,0.6780212627467997,False,0.0004682755037424488,44.91279099005693,0.0004809482241575468,0.0005028464521210735,-0.2765954423766148,-1.2464919041509592,-4.509508449414302,-0.2765954423766148,False,False,False,False,False,False,0.00019188724380164745,False,-0.021551723429195646,中性,8401.TWO,白紗科,2,v1,phase6a,2026-07-12,0,2,2,2,2,2,v1,244,0.600328947368421,244,0.600328947368421,245,0.5986842105263158,^TWII,yfinance,2y,2026-10-02,scan_20261005_194006,False,False
True,1,0.06666692097981769,0.07500012715657553,True,False,觀望 (動能減弱),41.900001525878906,2026-10-05 00:00:00,42.109999656677246,-0.04499988555907919,False,False,0.5841748685235142,False,0.0008643499410525836,60.591152581471206,0.0008910782333297156,0.0009068931304606234,-0.31474778558888694,-1.1977915447988208,-4.110114286239364,-0.31474778558888694,False,False,False,False,False,False,0.0,False,-0.05630630437124773,中性,2618.TW,長榮航,0,v1,phase6a,2026-07-12,0,0,0,0,0,0,v1,481,0.21052631578947367,481,0.21052631578947367,482,0.20888157894736842,^TWII,yfinance,2y,2026-10-02,scan_20261005_194006,False,False
True,1,-0.3166675567626953,-0.34166717529296875,True,False,觀察 (跌勢收斂),41.099998474121094,2026-10-05 00:00:00,41.447499656677245,-0.030000114440916548,False,False,0.5595232988390735,False,0.0008478467771994351,39.13437935336978,0.0008752248841463273,0.0009049465842507318,-0.328195388848751,-1.2905805125008163,-4.123687986076807,-0.328195388848751,False,False,False,False,False,False,0.0,False,-0.023752969982046457,中性,2013.TW,中鋼構,1,v1,phase6a,2026-07-12,0,1,1,1,1,1,v1,295,0.5164473684210527,295,0.5164473684210527,295,0.5164473684210527,^TWII,yfinance,2y,2026-10-02,scan_20261005_194006,False,False
True,1,-0.16666666666666674,-0.9166666666666666,True,False,觀察 (跌勢收斂),111.5,2026-10-05 00:00:00,111.75,-0.04999999999999716,False,False,0.7168157035586951,False,0.0023001196877722903,83.8571818652495,0.0023341616567161966,0.0022811811884067604,-0.15328297647817513,-0.7632870954545568,2.318498614934139,-0.15328297647817513,False,True,True,False,False,False,0.5182246866486856,False,-0.0304347826086957,中性,2882.TW,國泰金,1,v1,phase6a,2026-07-12,0,1,1,1,1,1,v1,317,0.48026315789473684,317,0.48026315789473684,317,0.48026315789473684,^TWII,yfinance,2y,2026-10-02,scan_20261005_194006,False,False
False,0,7.583333333333332,5.0,False,True,強烈買入 (爆發),259.0,2026-10-05 00:00:00,251.525,0.375,False,True,1.9100996181591265,True,0.005342878915991239,58.624782053688776,0.0053615402263534956,0.0056082885238113575,-0.03662434573860063,-0.6653424779502926,-5.438963726097079,-0.03662434573860063,False,False,False,False,False,False,0.13600411200416132,False,-0.0848056537102474,中性,8081.TW,致新,3,v1,phase6a,2026-07-12,0,3,5,3,3,3,v1,77,0.875,77,0.875,82,0.8667763157894737,^TWII,yfinance,2y,2026-10-02,scan_20261005_194006,False,False
True,1,-0.09166653951009114,-0.07000001271565755,True,False,賣出 (動能轉弱),9.760000228881836,2026-10-05 00:00:00,9.805000019073486,0.0,False,False,0.580626340259407,False,0.0002013378356871136,30.780365573371654,0.0002073747736647266,0.00021795025132106824,-0.30549801444020863,-1.5557882962773495,-4.844295546640676,-0.30549801444020863,False,False,False,False,False,False,0.012590559501991946,False,-0.052427179791586065,中性,8176.TWO,智捷,0,v1,phase6a,2026-07-12,0,0,0,0,0,0,v1,593,0.02631578947368421,593,0.02631578947368421,593,0.02631578947368421,^TWII,yfinance,2y,2026-10-02,scan_20261005_194006,False,False
True,0,-0.2000001271565755,-0.1250003178914388,True,False,賣出 (動能轉弱),16.649999618530273,2026-10-05 00:00:00,17.364999866485597,-0.027500057220457563,False,False,2.0293773892379146,True,0.0003434707795872879,27.990776424151015,0.00036618673681121676,0.00037828549539619814,-0.6487511745954633,-1.9597873889056316,-4.532439252675891,-0.6487511745954633,False,False,False,False,False,False,0.0,False,-0.07500002119276261,中性,6958.TW,日盛台駿,0,v1,phase6a,2026-07-12,0,0,0,0,0,0,v1,580,0.047697368421052634,580,0.047697368421052634,580,0.047697368421052634,^TWII,yfinance,2y,2026-10-02,scan_20261005_194006,False,False
True,0,-0.35833295186360675,-0.599999745686849,True,False,觀察 (跌勢收斂),37.650001525878906,2026-10-05 00:00:00,38.0225004196167,-0.0724998474121108,False,False,1.2338308457711442,False,0.0007766772175276308,39.69356007159675,0.000805824781769291,0.0008531586791354753,-0.3793041675752007,-1.7508343214316158,-7.089030357725756,-0.3793041675752007,False,False,False,False,False,False,0.0,False,-0.10463728397178484,中性,5215.TW,科嘉-KY,1,v1,phase6a,2026-07-12,0,1,1,1,1,1,v1,352,0.42269736842105265,352,0.42269736842105265,352,0.42269736842105265,^TWII,yfinance,2y,2026-10-02,scan_20261005_194006,False,False
True,1,-0.04166682561238607,-0.03333346048990885,True,False,賣出 (動能轉弱),4.75,2026-10-05 00:00:00,4.834000039100647,-0.007999992370606002,True,False,0.7171274945969992,False,9.798716158671192e-05,16.478218286953716,0.00010222943348471286,0.00010790889323406912,-0.43491661828388706,-1.9621622835758856,-6.070669551090013,-0.43491661828388706,False,False,False,False,False,False,0.0,False,-0.0865384280328908,中性,5907.TW,大洋-KY,0,v1,phase6a,2026-07-12,0,0,0,0,0,0,v1,552,0.09375,552,0.09375,552,0.09375,^TWII,yfinance,2y,2026-10-02,scan_20261005_194006,False,False
True,1,-0.05833307902018228,-0.016666412353515625,True,False,賣出 (動能轉弱),39.400001525878906,2026-10-05 00:00:00,39.56500015258789,-0.014999961853028765,True,False,1.9161428865189272,True,0.0008127777507437879,48.946836287464734,0.0008373150276821797,0.0008671852959255336,-0.3075220523751865,-1.4049902197856068,-4.580609425118764,-0.3075220523751865,False,False,False,False,False,False,0.0,False,-0.0295565761906883,中性,9925.TW,新保,0,v1,phase6a,2026-07-12,0,0,0,0,0,0,v1,607,0.003289473684210526,607,0.003289473684210526,607,0.003289473684210526,^TWII,yfinance,2y,2026-10-02,scan_20261005_194006,False,False
True,2,-0.009999752044677734,-0.013333161671956379,True,False,觀察 (跌勢收斂),8.300000190734863,2026-10-05 00:00:00,8.35450005531311,-0.005999994277953391,True,False,0.790853086246018,False,0.00017121967575984773,9.299342408379427,0.00017713328599646257,0.00018954350524926048,-0.3501913235032572,-1.4859840736914376,-5.841335602424291,-0.3501913235032572,False,False,False,False,False,False,0.0,False,-0.06950671303319966,中性,5364.TWO,力麗店,1,v1,phase6a,2026-07-12,0,1,1,1,1,1,v1,356,0.4161184210526316,356,0.4161184210526316,356,0.4161184210526316,^TWII,yfinance,2y,2026-10-02,scan_20261005_194006,False,False
False,0,0.03333409627278644,-0.25,False,True,強烈買入 (爆發),77.0,2026-10-05 00:00:00,80.84999961853028,-0.20000000000000284,False,False,1.7615551363589417,True,0.0015884234615109087,43.05324003565625,0.0017022068038878985,0.001760182174581012,-0.6987111039209126,-1.6738166441930158,-3.9837245655996334,-0.6987111039209126,False,False,False,False,False,False,0.2037874508255985,False,-0.1415830254216197,中性,3444.TWO,利機,3,v1,phase6a,2026-07-12,0,3,3,3,3,3,v1,50,0.9194078947368421,50,0.9194078947368421,61,0.9013157894736842,^TWII,yfinance,2y,2026-10-02,scan_20261005_194006,False,False
True,1,0.2500003178914388,0.20833365122477213,True,False,買入 (動能增強),18.549999237060547,2026-10-05 00:00:00,18.227499961853027,0.009999942779540305,False,True,0.8286004038526316,False,0.0003826656363526809,28.444254659077917,0.00038704133137824437,0.00039253245326965067,-0.11886378871951431,-1.049310736684439,-4.670772524018895,-0.11886378871951431,False,False,False,False,False,False,0.29192571584187643,False,-0.08845214303033733,中性,6804.TWO,明係,3,v1,phase6a,2026-07-12,0,3,5,3,3,3,v1,72,0.8832236842105263,72,0.8832236842105263,77,0.875,^TWII,yfinance,2y,2026-10-02,scan_20261005_194006,True,False
True,1,0.09166590372721353,0.09999942779541014,True,False,觀望 (動能減弱),20.149999618530273,2026-10-05 00:00:00,20.307499980926515,-0.010000038146969814,True,False,1.6140428428091298,True,0.0004156718460196019,28.232380870443148,0.00042989138595092634,0.0004500211602077971,-0.3469714163870985,-1.3811253278669389,-4.489899507683592,-0.3469714163870985,False,False,False,False,False,False,0.0,False,-0.03818621075300299,中性,2642.TW,宅配通,0,v1,phase6a,2026-07-12,0,0,0,0,0,0,v1,484,0.20559210526315788,484,0.20559210526315788,485,0.20394736842105263,^TWII,yfinance,2y,2026-10-02,scan_20261005_194006,False,False
True,1,-1.2999992370605469,-1.9666671752929683,True,False,觀察 (跌勢收斂),97.9000015258789,2026-10-05 00:00:00,98.1349998474121,-0.05000000000001137,True,False,0.6797426494329246,False,0.0020195670039696084,19.309307381244558,0.002068060252622899,0.0021806708275797482,-0.2462202945579417,-1.226687700112794,-3.686967146972242,-0.2462202945579417,False,False,False,False,False,False,0.46541510731278724,False,-0.08930231138717293,中性,7842.TWO,天能綠電,1,v1,phase6a,2026-07-12,0,1,1,1,1,1,v1,403,0.33881578947368424,403,0.33881578947368424,403,0.33881578947368424,^TWII,yfinance,2y,2026-10-02,scan_20261005_194006,False,False
True,0,0.008333365122477213,0.03333346048990885,True,False,觀望 (動能減弱),13.850000381469727,2026-10-05 00:00:00,13.939999866485596,-0.0024999618530259227,True,False,1.3564540933545617,False,0.00028570994218002013,33.62568717089187,0.00029475578456302507,0.0003045626066575346,-0.3220048170121781,-1.4560440678494602,-3.9307251468917226,-0.3220048170121781,False,False,False,False,False,False,0.0,False,-0.03146851771069881,中性,5533.TW,皇鼎,0,v1,phase6a,2026-07-12,0,0,0,0,0,0,v1,547,0.10197368421052631,547,0.10197368421052631,547,0.10197368421052631,^TWII,yfinance,2y,2026-10-02,scan_20261005_194006,False,False
True,0,0.05833435058593749,0.18333371480305988,True,False,觀望 (動能減弱),36.150001525878906,2026-10-05 00:00:00,36.517499923706055,-0.022499847412106533,True,False,1.4068754926944276,False,0.0007457339033423533,35.07176668718893,0.0007735740138721243,0.0008175573845847886,-0.3774012584502717,-1.582461183641759,-4.712166237784365,-0.3774012584502717,False,False,False,False,False,False,0.0,False,-0.09284810765162255,中性,2387.TW,精元,0,v1,phase6a,2026-07-12,0,0,0,0,0,0,v1,464,0.23848684210526316,464,0.23848684210526316,465,0.23684210526315788,^TWII,yfinance,2y,2026-10-02,scan_20261005_194006,False,False
True,0,-0.4083334604899088,-0.3249994913736979,True,False,賣出 (動能轉弱),44.04999923706055,2026-10-05 00:00:00,44.73999996185303,-0.020000076293939628,False,False,1.9543820277724424,True,0.0009087019775023975,38.62916644964583,0.0009445819949609557,0.0009887191685855183,-0.3982505132098635,-1.6766768846939728,-4.223836525029512,-0.3982505132098635,False,False,False,False,False,False,0.0,False,-0.05064659938659011,中性,6201.TW,亞弘電,0,v1,phase6a,2026-07-12,0,0,0,0,0,0,v1,558,0.08388157894736842,558,0.08388157894736842,558,0.08388157894736842,^TWII,yfinance,2y,2026-10-02,scan_20261005_194006,False,False
True,0,-0.7000007629394531,-0.6666673024495442,True,False,賣出 (動能轉弱),63.79999923706055,2026-10-05 00:00:00,64.34999866485596,-0.030000114440909442,True,False,0.9285489128363937,False,0.0013161222809418838,38.28933731941676,0.001357582844672511,0.0014020505895217471,-0.3204434166196979,-1.58359623791402,-4.019184710737145,-0.3204434166196979,False,False,False,False,False,False,0.0,False,-0.04060151523217226,中性,2015.TW,豐興,0,v1,phase6a,2026-07-12,0,0,0,0,0,0,v1,457,0.25,457,0.25,458,0.24835526315789475,^TWII,yfinance,2y,2026-10-02,scan_20261005_194006,False,False
False,0,0.8083333969116211,0.3166666030883789,False,True,強烈買入 (爆發),24.600000381469727,2026-10-05 00:00:00,23.005000019073485,0.06999998092651083,False,True,5.382423560724318,True,0.0005074703605078419,30.1853518681867,0.0004888596410717466,0.0005068075731331665,0.40234557653491265,-0.3284525547037509,-3.1624319971572445,0.40234557653491265,True,True,False,False,False,True,0.5520610690338662,False,-0.03529410268746169,偏強 (RS上升),3540.TWO,曜越,3,v1,phase6a,2026-07-12,0,3,5,3,3,3,v1,53,0.9144736842105263,53,0.9144736842105263,63,0.8980263157894737,^TWII,yfinance,2y,2026-10-02,scan_20261005_194006,False,False
True,0,-0.04166634877522786,-0.016666730244954426,True,False,賣出 (動能轉弱),18.950000762939453,2026-10-05 00:00:00,19.190000152587892,-0.034999942779538884,False,False,1.2013960221777706,False,0.0003909172182792552,29.833380420956214,0.0004066183982726741,0.0004235388086075693,-0.4048181636981729,-1.5897192659447112,-5.711785913382017,-0.4048181636981729,False,False,False,False,False,False,0.0,False,-0.04534003028888789,中性,3512.TWO,皇龍,0,v1,phase6a,2026-07-12,0,0,0,0,0,0,v1,506,0.16940789473684212,506,0.16940789473684212,507,0.16776315789473684,^TWII,yfinance,2y,2026-10-02,scan_20261005_194006,False,False
True,0,-0.3916667302449544,-0.3166666030883789,True,False,賣出 (動能轉弱),16.75,2026-10-05 00:00:00,17.200000095367432,-0.027499961853028054,True,False,0.4885247570098214,False,0.00034553367506893145,29.41115910987423,0.0003624767012905743,0.0003834354867101754,-0.48961609129866135,-2.3090982170797303,-5.388031514556635,-0.48961609129866135,False,False,False,False,False,False,0.0,False,-0.10187665723287587,中性,4558.TWO,寶緯,1,v1,phase6a,2026-07-12,0,1,1,1,1,1,v1,346,0.43256578947368424,346,0.43256578947368424,346,0.43256578947368424,^TWII,yfinance,2y,2026-10-02,scan_20261005_194006,True,False
True,0,-1.4166666666666667,-1.5083335240681963,True,False,觀察 (跌勢收斂),28.100000381469727,2026-10-05 00:00:00,29.6875,-0.19499998092651438,True,False,0.48253039254785024,False,0.0005796714269401559,42.553378645223006,0.0006369394254090947,0.000748565958974718,-0.9375604664599413,-4.523458191574825,-17.56459204615006,-0.9375604664599413,False,False,False,False,False,False,0.06640883011232603,False,-0.36136362769386987,中性,8291.TWO,尚茂,1,v1,phase6a,2026-07-12,0,1,1,1,1,1,v1,407,0.33223684210526316,407,0.33223684210526316,407,0.33223684210526316,^TWII,yfinance,2y,2026-10-02,scan_20261005_194006,False,False
True,0,-0.7416667938232421,-1.200000762939453,True,False,觀察 (跌勢收斂),39.5,2026-10-05 00:00:00,39.02499980926514,0.01000003814697692,False,True,0.1582391151268682,False,0.0008148406068789727,49.86191174137828,0.0008266655633436315,0.0008940728817379679,-0.150346271334989,-1.8862821085634418,-8.51177226328833,-0.150346271334989,False,False,False,False,False,False,0.11756445909447774,False,-0.10523427366208182,中性,6624.TWO,萬年清,1,v1,phase6a,2026-07-12,0,1,3,1,1,1,v1,375,0.3848684210526316,375,0.3848684210526316,375,0.3848684210526316,^TWII,yfinance,2y,2026-10-02,scan_20261005_194006,False,False
True,0,0.4583334922790527,0.3916667302449544,True,False,買入 (動能增強),12.300000190734863,2026-10-05 00:00:00,12.040000104904175,0.01500000953674352,False,True,0.3456020866541081,False,0.00025373518025392094,28.168401357843692,0.0002576672372618844,0.000269464027191508,-0.16037620606006442,-0.687303984013643,-6.35122908095842,-0.16037620606006442,False,False,False,False,False,False,0.07453723105325503,False,-0.12765958454160253,中性,3672.TWO,康聯訊,2,v1,phase6a,2026-07-12,0,2,4,2,2,2,v1,164,0.7319078947368421,164,0.7319078947368421,170,0.7220394736842105,^TWII,yfinance,2y,2026-10-02,scan_20261005_194006,False,False
True,0,2.033334096272786,1.2166671752929688,True,False,買入 (動能增強),85.9000015258789,2026-10-05 00:00:00,83.00499992370605,0.22499999999999432,False,True,2.268883569029916,True,0.0017720204904873886,68.66764885002938,0.0017669271548607878,0.001887925033603869,0.030352316556347958,-0.5113007412767767,-4.370026105775315,0.030352316556347958,True,False,False,False,False,False,0.11151509961839133,False,-0.15369456624749844,中性,6191.TW,精成科,2,v1,phase6a,2026-07-12,0,2,4,2,2,2,v1,201,0.6710526315789473,201,0.6710526315789473,206,0.662828947368421,^TWII,yfinance,2y,2026-10-02,scan_20261005_194006,False,False
False,0,7.666666666666666,-10.000000000000002,False,True,強烈買入 (爆發),570.0,2026-10-05 00:00:00,506.65,5.0,False,True,3.1949616156527463,True,0.011758459390405429,449.1312080965788,0.01061434734654923,0.010361986657893176,1.1476446346469382,1.1484368405019652,6.196126772461241,1.1476446346469382,True,True,True,True,False,True,1.0,False,0.0,強勢 (RS強勁),8358.TWO,金居,3,v1,phase6a,2026-07-12,3,6,5,6,3,6,v1,78,0.8733552631578947,78,0.8733552631578947,4,0.9950657894736842,^TWII,yfinance,2y,2026-10-02,scan_20261005_194006,False,False
True,1,-0.07499996821085612,-0.050000031789143876,True,False,賣出 (動能轉弱),14.300000190734863,2026-10-05 00:00:00,14.412500047683716,-0.0049999713897701525,False,False,1.5064283242001133,True,0.0002949929325009575,38.095957505813544,0.00030439950439701424,0.0003154354299488585,-0.32423017556472145,-1.3901014916953391,-3.750438929664679,-0.32423017556472145,False,False,False,False,False,False,0.0,False,-0.017182130358953218,中性,1457.TW,宜進,0,v1,phase6a,2026-07-12,0,0,0,0,0,0,v1,437,0.28289473684210525,437,0.28289473684210525,438,0.28125,^TWII,yfinance,2y,2026-10-02,scan_20261005_194006,False,False
True,0,-0.025000254313151053,-0.058333714803059905,True,False,觀察 (跌勢收斂),20.100000381469727,2026-10-05 00:00:00,20.295000267028808,-0.022499942779543147,False,False,0.9036653524844944,False,0.0004146404179520095,48.82573587585358,0.000429724448527147,0.000447160147085309,-0.36813068129744053,-1.4300704980799828,-5.1315239198158835,-0.36813068129744053,False,False,False,False,False,False,0.0,False,-0.11061946715938153,中性,2610.TW,華航,1,v1,phase6a,2026-07-12,0,1,1,1,1,1,v1,308,0.49506578947368424,308,0.49506578947368424,308,0.49506578947368424,^TWII,yfinance,2y,2026-10-02,scan_20261005_194006,False,False
True,0,-3.8333333333333335,-5.166666666666667,True,False,觀察 (跌勢收斂),197.5,2026-10-05 00:00:00,193.7,0.17499999999998295,False,True,1.7268993676030322,True,0.004074203034394864,28.929548273562173,0.004106700574010952,0.004438778424461474,-0.08322853117475049,-1.7124374311238588,-7.339117950031349,-0.08322853117475049,False,False,False,False,False,False,0.0932388340627286,False,-0.1013733477094787,中性,1477.TW,聚陽,1,v1,phase6a,2026-07-12,0,1,3,1,1,1,v1,279,0.5427631578947368,279,0.5427631578947368,280,0.5411184210526315,^TWII,yfinance,2y,2026-10-02,scan_20261005_194006,False,False
True,1,0.29999987284342455,-0.7666670481363934,True,False,買入 (動能增強),59.29999923706055,2026-10-05 00:00:00,58.864999771118164,0.0350000381469755,False,True,1.3757177225595245,False,0.0012232923383860516,146.5533892381214,0.001242095643850679,0.001290651853418154,-0.1590977560723239,-0.8767395029055436,-2.928174261128935,-0.1590977560723239,False,False,False,False,False,False,0.43784627879232246,False,-0.0876923194298378,中性,1802.TW,台玻,2,v1,phase6a,2026-07-12,0,2,4,2,2,2,v1,104,0.8305921052631579,104,0.8305921052631579,114,0.8141447368421053,^TWII,yfinance,2y,2026-10-02,scan_20261005_194006,False,False
True,0,1.4166641235351562,0.4499982198079427,True,False,買入 (動能增強),98.19999694824219,2026-10-05 00:00:00,97.58500022888184,-0.1150001525878821,True,True,1.0715027576910774,False,0.002025755572375163,26.898031477322984,0.0020695259138965396,0.002130921023734996,-0.22213636558909844,-1.0789772468467906,-5.499053705231882,-0.22213636558909844,False,False,False,False,False,False,0.07159891164062089,False,-0.051207758954181726,中性,6756.TW,威鋒電子,4,v1,phase6a,2026-07-12,0,4,5,4,4,4,v1,24,0.962171052631579,24,0.962171052631579,33,0.9473684210526315,^TWII,yfinance,2y,2026-10-02,scan_20261005_194006,False,True
True,0,0.4666678110758463,-0.0499992370605469,True,False,買入 (動能增強),62.5,2026-10-05 00:00:00,61.88500003814697,-0.07500000000000284,True,True,1.2072018026454407,False,0.0012893047577198936,31.894164247994837,0.0013131787673669399,0.0014146357034046507,-0.19100625290204842,-1.1228324572455262,-5.893911953671838,-0.19100625290204842,False,False,False,False,False,False,0.020151401327017704,False,-0.11010418472638095,中性,6117.TW,迎廣,2,v1,phase6a,2026-07-12,0,2,3,2,2,2,v1,191,0.6875,191,0.6875,196,0.6792763157894737,^TWII,yfinance,2y,2026-10-02,scan_20261005_194006,False,False
True,0,-0.224999745686849,-0.3249998092651367,True,False,觀察 (跌勢收斂),23.350000381469727,2026-10-05 00:00:00,24.207500171661376,-0.08999996185302805,False,False,1.4401718039413844,False,0.000481684265353444,29.006541054008544,0.0005139810212535148,0.0005632541995411424,-0.6570903492787328,-2.160207886822285,-9.040850888726482,-0.6570903492787328,False,False,False,False,False,False,0.0,False,-0.22553894935644536,中性,3122.TWO,笙泉,1,v1,phase6a,2026-07-12,0,1,1,1,1,1,v1,326,0.4654605263157895,326,0.4654605263157895,326,0.4654605263157895,^TWII,yfinance,2y,2026-10-02,scan_20261005_194006,False,False
True,0,-0.15833346048990882,-0.19166692097981766,True,False,觀察 (跌勢收斂),20.350000381469727,2026-10-05 00:00:00,20.45249996185303,0.022500038146972656,False,False,0.8793257285618197,False,0.0004197976369828891,34.855829216926054,0.00043162106370449424,0.00044333537715921987,-0.2875190667492977,-1.1424676490663699,-3.113900240865386,-0.2875190667492977,False,False,False,False,False,False,0.0,False,-0.035545023054059266,中性,1598.TW,岱宇,1,v1,phase6a,2026-07-12,0,1,2,1,1,1,v1,285,0.5328947368421053,285,0.5328947368421053,286,0.53125,^TWII,yfinance,2y,2026-10-02,scan_20261005_194006,False,False
True,0,2.400000254313151,1.0833333333333333,True,False,買入 (動能增強),78.0,2026-10-05 00:00:00,72.76499977111817,0.33499984741212074,False,True,3.036597450226122,True,0.001609052337634427,99.33894071591278,0.0015468107093906344,0.0015855569473023283,0.4253668062087712,-0.18322827823004095,-2.923954735517076,0.4253668062087712,True,True,False,False,False,True,0.3361960245233858,False,-0.07910268228623873,偏強 (RS上升),6548.TWO,長科*,2,v1,phase6a,2026-07-12,0,2,4,2,2,2,v1,217,0.6447368421052632,217,0.6447368421052632,220,0.6398026315789473,^TWII,yfinance,2y,2026-10-02,scan_20261005_194006,False,False
True,0,0.3166666030883789,0.3833335240681966,True,False,觀望 (動能減弱),17.5,2026-10-05 00:00:00,17.442500019073485,0.00749998092651083,False,True,0.2533088387912492,False,0.0003610053321615702,38.43909341070912,0.00037010153609857234,0.00038551836082284936,-0.25804388806769385,-1.2496444985338306,-4.13983449852039,-0.25804388806769385,False,False,False,False,False,False,0.01168445472980734,False,-0.033149191647752096,中性,1463.TW,強盛新,0,v1,phase6a,2026-07-12,0,0,2,0,0,0,v1,438,0.28125,438,0.28125,439,0.27960526315789475,^TWII,yfinance,2y,2026-10-02,scan_20261005_194006,False,False
True,0,0.07166679700215658,0.06333343187967937,True,False,買入 (動能增強),6.050000190734863,2026-10-05 00:00:00,6.032500123977661,0.0019999980926508343,False,True,0.5462274819581072,False,0.00012480470448193156,26.23505842589343,0.00012795552974673836,0.00013297675344272806,-0.2585338434515916,-0.7147952382281608,-3.776549910223692,-0.2585338434515916,False,False,False,False,False,False,0.0036948506701965033,False,-0.047244050142243865,中性,6264.TWO,富裔,2,v1,phase6a,2026-07-12,0,2,4,2,2,2,v1,209,0.6578947368421053,209,0.6578947368421053,214,0.649671052631579,^TWII,yfinance,2y,2026-10-02,scan_20261005_194006,False,False
True,0,-0.15833473205566403,-0.2000007629394531,True,False,觀察 (跌勢收斂),33.849998474121094,2026-10-05 00:00:00,34.00500011444092,-0.002500152587892046,True,False,1.097203046567126,False,0.0006982874253039274,50.762744757149335,0.0007181468554098094,0.0007422785055512644,-0.2902468761121768,-1.2753722541707924,-3.724270824676712,-0.2902468761121768,False,False,False,False,False,False,0.0,False,-0.014556041403515518,中性,9931.TW,欣高,1,v1,phase6a,2026-07-12,0,1,1,1,1,1,v1,424,0.3042763157894737,424,0.3042763157894737,424,0.3042763157894737,^TWII,yfinance,2y,2026-10-02,scan_20261005_194006,False,False
True,0,0.8333339691162107,0.6833340326944985,True,False,買入 (動能增強),30.0,2026-10-05 00:00:00,30.090000057220458,-0.00500001907348846,True,False,1.0067924681404654,False,0.0006188662837055489,21.91864213837236,0.0006424630275312742,0.0006915754442366515,-0.3851274871188193,-1.1467392896539863,-7.0556666565452115,-0.3851274871188193,False,False,False,False,False,False,0.0,False,-0.12023456473854777,中性,4562.TW,穎漢,2,v1,phase6a,2026-07-12,0,2,2,2,2,2,v1,179,0.7072368421052632,179,0.7072368421052632,184,0.6990131578947368,^TWII,yfinance,2y,2026-10-02,scan_20261005_194006,False,False
True,1,-0.03333330154418945,-0.08333333333333333,True,False,觀察 (跌勢收斂),15.149999618530273,2026-10-05 00:00:00,15.034999990463257,0.007499980926514382,False,True,0.0,False,0.00031252746540201044,33.54082022439829,0.00031632799834432446,0.00032129813631386165,-0.1263090192290761,-0.5856970448022025,-0.6932216642564271,-0.1263090192290761,False,False,False,False,False,False,0.33783886289561627,False,-0.00655740206358868,中性,5514.TWO,三豐,1,v1,phase6a,2026-07-12,0,1,3,1,1,1,v1,359,0.41118421052631576,359,0.41118421052631576,359,0.41118421052631576,^TWII,yfinance,2y,2026-10-02,scan_20261005_194006,False,False
True,1,-0.5999994277954102,-0.5916662216186523,True,False,賣出 (動能轉弱),27.450000762939453,2026-10-05 00:00:00,27.39000005722046,-0.0674999237060554,False,True,0.86845342918486,False,0.0005662626653291607,40.9820982808905,0.0005765423994415625,0.0006016494695928085,-0.18733230993615013,-1.4823439848080877,-3.6318059200990738,-0.18733230993615013,False,False,False,False,False,False,0.24495237264380532,False,-0.08499997456868491,中性,5543.TWO,桓鼎-KY,0,v1,phase6a,2026-07-12,0,0,1,0,0,0,v1,548,0.10032894736842106,548,0.10032894736842106,548,0.10032894736842106,^TWII,yfinance,2y,2026-10-02,scan_20261005_194006,False,False
True,0,-0.30833339691162104,-0.3500000635782878,True,False,觀察 (跌勢收斂),11.699999809265137,2026-10-05 00:00:00,11.844999885559082,0.019999980926513672,False,False,0.3421240199572345,False,0.0002413578467105182,23.013696870786262,0.00024917128679317316,0.00027081738975298305,-0.32899517023986524,-2.174934401786477,-4.555146297324441,-0.32899517023986524,False,False,False,False,False,False,0.061773277154727815,False,-0.13970592050816255,中性,6988.TW,威力暘-創,1,v1,phase6a,2026-07-12,0,1,2,1,1,1,v1,391,0.35855263157894735,391,0.35855263157894735,391,0.35855263157894735,^TWII,yfinance,2y,2026-10-02,scan_20261005_194006,False,False
True,1,-1.6666666666666665,-1.1666666666666667,True,False,賣出 (動能轉弱),543.0,2026-10-05 00:00:00,544.35,0.8000000000000682,False,False,0.7980628110836602,False,0.011201479735070435,54.95443211476678,0.011489641834237155,0.011501638482698326,-0.2633065902364451,-1.3255693861599194,-2.280183859671836,-0.2633065902364451,False,False,False,False,False,False,0.38933519278447976,False,-0.026881720430107503,中性,3034.TW,聯詠,0,v1,phase6a,2026-07-12,0,0,1,0,0,0,v1,499,0.18092105263157895,499,0.18092105263157895,500,0.17927631578947367,^TWII,yfinance,2y,2026-10-02,scan_20261005_194006,False,False
True,0,1.75,1.25,True,False,買入 (動能增強),181.0,2026-10-05 00:00:00,180.025,-0.19999999999998863,False,True,0.5415734321761276,False,0.0037338265783568116,44.60856913358509,0.0038342310867168195,0.004039306471334392,-0.2748880478934068,-1.1475625725929084,-6.850122275822345,-0.2748880478934068,False,False,False,False,False,False,0.0,False,-0.09551685933865006,中性,6146.TWO,耕興,2,v1,phase6a,2026-07-12,0,2,3,2,2,2,v1,195,0.680921052631579,195,0.680921052631579,200,0.6726973684210527,^TWII,yfinance,2y,2026-10-02,scan_20261005_194006,False,False
True,0,-0.6499996185302735,-1.5833333333333333,True,False,觀察 (跌勢收斂),65.0999984741211,2026-10-05 00:00:00,65.49500007629395,0.004999923706051845,False,False,0.7620871343221749,False,0.0013429398041638742,38.59262305675799,0.0013838123577371996,0.0014202439667060289,-0.30994369282275613,-1.2451993444881237,-5.751815821769557,-0.30994369282275613,False,False,False,False,False,False,0.4183217786292426,False,-0.13430849579784698,中性,6269.TW,台郡,2,v1,phase6a,2026-07-12,0,2,3,2,2,2,v1,210,0.65625,210,0.65625,215,0.6480263157894737,^TWII,yfinance,2y,2026-10-02,scan_20261005_194006,True,False
True,0,7.9000002543131504,3.8166681925455728,True,False,買入 (動能增強),114.0,2026-10-05 00:00:00,99.69000091552735,0.9500000000000028,False,True,0.6529110865135992,False,0.0023516918780810856,222.18994570164645,0.0020938086138186556,0.001873464686563579,1.3134994274252465,3.023924047498916,11.70189302341742,1.3134994274252465,True,True,True,True,True,True,1.0,False,0.0,強勢 (RS強勁),2426.TW,鼎元,2,v1,phase6a,2026-07-12,3,5,4,5,2,5,v1,120,0.8042763157894737,120,0.8042763157894737,16,0.975328947368421,^TWII,yfinance,2y,2026-10-02,scan_20261005_194006,False,False
True,0,1.333333333333333,-3.2499999999999996,True,False,買入 (動能增強),175.0,2026-10-05 00:00:00,172.3,0.125,False,True,1.3816096385212275,False,0.0036100533216157017,79.73898359791227,0.003590744101243683,0.0036064284314816595,0.05663730515939047,-0.3963763749506022,3.2839012166504533,0.05663730515939047,True,True,False,False,False,False,0.7214827504545289,False,-0.05405405405405406,中性,4977.TW,眾達-KY,2,v1,phase6a,2026-07-12,0,2,4,2,2,2,v1,182,0.7023026315789473,182,0.7023026315789473,187,0.694078947368421,^TWII,yfinance,2y,2026-10-02,scan_20261005_194006,False,False
True,0,-0.4166666666666665,-1.0833333333333333,True,False,觀察 (跌勢收斂),331.0,2026-10-05 00:00:00,338.075,-0.19999999999998863,True,False,0.9368081240545946,False,0.006828157996884556,63.306842462485285,0.0071019999205642155,0.007279536880145408,-0.4042374352093314,-1.727938407221996,-1.9868914775844515,-0.4042374352093314,False,False,False,False,False,False,0.06393952134066411,False,-0.09414338935711553,中性,2382.TW,廣達,1,v1,phase6a,2026-07-12,0,1,1,1,1,1,v1,302,0.5049342105263158,302,0.5049342105263158,302,0.5049342105263158,^TWII,yfinance,2y,2026-10-02,scan_20261005_194006,False,False
True,0,-0.0666669209798177,-0.10000038146972655,True,False,觀察 (跌勢收斂),28.0,2026-10-05 00:00:00,28.040000247955323,-0.014999961853025212,True,False,0.45782829149927323,False,0.0005776085314585124,40.714307088754445,0.0005935484556985119,0.0006190279823433805,-0.28189054186832374,-1.446425383178429,-4.752796009246552,-0.28189054186832374,False,False,False,False,False,False,0.0,False,-0.0410959154652657,中性,1233.TW,天仁,1,v1,phase6a,2026-07-12,0,1,1,1,1,1,v1,262,0.5707236842105263,262,0.5707236842105263,264,0.5674342105263158,^TWII,yfinance,2y,2026-10-02,scan_20261005_194006,False,False
True,0,0.20000012715657547,6.357828775671592e-07,True,False,買入 (動能增強),53.0,2026-10-05 00:00:00,53.52000007629395,-0.06000003814697408,False,False,0.8282565835039071,False,0.0010933304345464698,13.350976796876536,0.0011287886336028654,0.0011581105165271734,-0.3295693198406946,-1.3849570420153112,-3.1200660792018553,-0.3295693198406946,False,False,False,False,False,False,0.0,False,-0.0535714285714286,中性,5508.TWO,永信建,2,v1,phase6a,2026-07-12,0,2,2,2,2,2,v1,189,0.6907894736842105,189,0.6907894736842105,194,0.6825657894736842,^TWII,yfinance,2y,2026-10-02,scan_20261005_194006,False,False
True,0,-0.4166660308837891,-0.3833325703938802,True,False,賣出 (動能轉弱),51.599998474121094,2026-10-05 00:00:00,52.02499961853027,-0.010000038146969814,True,False,1.1956544049285147,False,0.0010644499764963771,51.135439998969595,0.001099437073271419,0.001145877685793339,-0.33385783419950243,-1.616367119612705,-4.671971757386839,-0.33385783419950243,False,False,False,False,False,False,0.0069482079546424385,False,-0.07043418102956267,中性,1210.TW,大成,0,v1,phase6a,2026-07-12,0,0,0,0,0,0,v1,429,0.29605263157894735,429,0.29605263157894735,430,0.2944078947368421,^TWII,yfinance,2y,2026-10-02,scan_20261005_194006,False,False
False,0,2.3333346048990884,1.7666676839192708,False,True,強烈買入 (爆發),78.0999984741211,2026-10-05 00:00:00,77.80500030517578,-0.025000000000005684,True,True,0.9441098164956954,False,0.001611115193769612,57.16324678731626,0.00165192002027939,0.001755074618260015,-0.2593409797676194,-0.7678303562676847,-3.8119996638003695,-0.2593409797676194,False,False,False,False,False,False,0.011265574835765907,False,-0.1283151870047411,中性,6261.TWO,久元,3,v1,phase6a,2026-07-12,0,3,4,3,3,3,v1,66,0.8930921052631579,66,0.8930921052631579,72,0.8832236842105263,^TWII,yfinance,2y,2026-10-02,scan_20261005_194006,False,False
True,0,-0.5250000953674316,-0.4750000635782877,True,False,賣出 (動能轉弱),13.550000190734863,2026-10-05 00:00:00,14.110000085830688,-0.03249998092651474,True,False,1.315379873161978,False,0.0002795212754083188,26.775731961242432,0.00029780395003498386,0.0003180618504632683,-0.642078560337811,-2.576813793345356,-7.71020607470475,-0.642078560337811,False,False,False,False,False,False,0.0,False,-0.09666665395100915,中性,3713.TWO,新晶投控,0,v1,phase6a,2026-07-12,0,0,0,0,0,0,v1,511,0.1611842105263158,511,0.1611842105263158,511,0.1611842105263158,^TWII,yfinance,2y,2026-10-02,scan_20261005_194006,False,False
True,0,-2.199999491373698,-2.1166661580403647,True,False,賣出 (動能轉弱),76.0,2026-10-05 00:00:00,75.12000007629395,0.04999999999999716,False,True,2.7685252894939953,True,0.0015677945853873906,47.45726866642669,0.001585633692660052,0.0016661278729947892,-0.11828580601273009,-1.5235728663924641,-4.207774871292647,-0.11828580601273009,False,False,False,False,False,False,0.1750297937815177,False,-0.07766991999228168,中性,6794.TW,向榮生技,0,v1,phase6a,2026-07-12,0,0,2,0,0,0,v1,574,0.05756578947368421,574,0.05756578947368421,574,0.05756578947368421,^TWII,yfinance,2y,2026-10-02,scan_20261005_194006,False,False
True,1,0.3392480214436849,0.2633686065673828,True,False,買入 (動能增強),37.04999923706055,2026-10-05 00:00:00,36.929544639587405,0.03184032440185547,False,True,0.951944644418927,False,0.0007642998446377694,25.647430744248553,0.0007826343407049074,0.0008102916821667945,-0.24598965117230698,-0.9223454686918209,-3.509649695872741,-0.24598965117230698,False,False,False,False,False,False,0.005052874203762752,False,-0.07071884122145633,中性,6504.TW,南六,4,v1,phase6a,2026-07-12,0,4,6,4,4,4,v1,21,0.9671052631578947,21,0.9671052631578947,31,0.9506578947368421,^TWII,yfinance,2y,2026-10-02,scan_20261005_194006,False,True
True,0,-0.21666685740152994,-0.17500019073486328,True,False,賣出 (動能轉弱),19.399999618530273,2026-10-05 00:00:00,19.739999866485597,-0.027500057220457563,False,False,1.258811110800668,False,0.00040020018892696324,31.942609984106657,0.0004164717269308772,0.0004371636875784506,-0.4095784015241577,-1.798003998767428,-4.452018655235057,-0.4095784015241577,False,False,False,False,False,False,0.0,False,-0.06954439982783545,中性,3703.TW,欣陸,0,v1,phase6a,2026-07-12,0,0,0,0,0,0,v1,509,0.16447368421052633,509,0.16447368421052633,509,0.16447368421052633,^TWII,yfinance,2y,2026-10-02,scan_20261005_194006,False,False
True,0,0.6500002543131509,0.49999999999999994,True,False,買入 (動能增強),22.200000762939453,2026-10-05 00:00:00,21.942500019073485,0.02000007629394318,False,True,1.1503563089921078,False,0.0004579610656806897,35.38560401154873,0.0004669967066794663,0.0005009403127812375,-0.20325345063996192,-0.4461199120266546,-4.6562443887416265,-0.20325345063996192,False,False,False,False,False,False,0.02443864195277485,False,-0.16436187359595533,中性,3390.TWO,旭軟,2,v1,phase6a,2026-07-12,0,2,4,2,2,2,v1,155,0.7467105263157895,155,0.7467105263157895,161,0.7368421052631579,^TWII,yfinance,2y,2026-10-02,scan_20261005_194006,False,False
True,0,2.9166666666666665,3.333333333333333,True,False,觀望 (動能減弱),137.5,2026-10-05 00:00:00,138.325,0.14999999999997726,False,False,0.6546869528862287,False,0.0028364704669837657,81.44553293754139,0.002934823215282656,0.002957591213715015,-0.35152128072989397,-1.1599345886156187,-3.995956640658682,-0.35152128072989397,False,False,False,False,False,False,0.25806451283312337,False,-0.129746835443038,中性,6206.TW,飛捷,3,v1,phase6a,2026-07-12,0,3,4,3,3,3,v1,63,0.8980263157894737,63,0.8980263157894737,70,0.8865131578947368,^TWII,yfinance,2y,2026-10-02,scan_20261005_194006,True,True
True,0,2.9166666666666665,1.9999999999999998,True,False,買入 (動能增強),113.0,2026-10-05 00:00:00,111.0,0.3499999999999943,False,True,0.4070647273592844,False,0.0023310630019575673,24.201811021385048,0.002351151107827695,0.002511080801528706,-0.0898554510515126,-0.7573501005589289,-2.236926873733436,-0.0898554510515126,False,False,False,False,False,False,0.0807080564219835,False,-0.08870967741935487,中性,6230.TW,尼得科超眾,2,v1,phase6a,2026-07-12,0,2,4,2,2,2,v1,207,0.6611842105263158,207,0.6611842105263158,212,0.6529605263157895,^TWII,yfinance,2y,2026-10-02,scan_20261005_194006,False,False
True,0,0.0583337148030599,-0.13333288828531903,True,False,買入 (動能增強),16.850000381469727,2026-10-05 00:00:00,16.460000038146973,0.0025000572204589844,False,True,3.413837067103791,True,0.00034759657055057503,25.051848218446146,0.00034996041930880764,0.0003729208253734322,-0.07105071847152145,-1.370255065933934,-7.250531562987572,-0.07105071847152145,False,False,False,False,False,False,0.08288629250750475,False,-0.14030611971823792,中性,4171.TWO,瑞基,2,v1,phase6a,2026-07-12,0,2,4,2,2,2,v1,173,0.7171052631578947,173,0.7171052631578947,178,0.7088815789473685,^TWII,yfinance,2y,2026-10-02,scan_20261005_194006,False,False
True,1,0.5333334604899088,0.4916661580403645,True,False,買入 (動能增強),48.95000076293945,2026-10-05 00:00:00,48.6649995803833,0.027499961853031607,False,True,0.7446199190704558,False,0.0010097835019848042,53.29717417629123,0.0010313700810349053,0.0010720542036335538,-0.21983149910912436,-1.1106075496372436,-3.952779615393198,-0.21983149910912436,False,False,False,False,False,False,0.009739415545649383,False,-0.036417293344592205,中性,2488.TW,漢平,2,v1,phase6a,2026-07-12,0,2,4,2,2,2,v1,126,0.7944078947368421,126,0.7944078947368421,134,0.78125,^TWII,yfinance,2y,2026-10-02,scan_20261005_194006,False,False
True,0,0.22500069936116535,0.25833384195963544,True,False,觀望 (動能減弱),28.950000762939453,2026-10-05 00:00:00,28.97499990463257,-0.019999980926513672,False,False,1.0868501994370117,False,0.0005972059795144382,35.454756106331146,0.0006100276173841813,0.0006197357174369355,-0.22075503493195203,-1.4129163192787564,-1.0890392273461114,-0.22075503493195203,False,False,False,False,False,False,0.25797565519618215,False,-0.034999974568684866,中性,8906.TWO,花王,0,v1,phase6a,2026-07-12,0,0,0,0,0,0,v1,600,0.014802631578947368,600,0.014802631578947368,600,0.014802631578947368,^TWII,yfinance,2y,2026-10-02,scan_20261005_194006,False,False
True,0,0.9000002543131509,0.9166666666666665,True,False,觀望 (動能減弱),102.0,2026-10-05 00:00:00,101.84500007629394,0.07500000000000284,False,True,1.150283630737422,False,0.0021041453645988663,41.59972955403396,0.0021574483141677367,0.002275043937409536,-0.2593935905183864,-1.1270800145983806,-4.031522986383507,-0.2593935905183864,False,False,False,False,False,False,0.0,False,-0.13276934411701402,中性,1514.TW,亞力,0,v1,phase6a,2026-07-12,0,0,2,0,0,0,v1,440,0.2779605263157895,440,0.2779605263157895,441,0.27631578947368424,^TWII,yfinance,2y,2026-10-02,scan_20261005_194006,False,False
False,0,-0.1333333651224772,-0.11666663487752277,False,True,強烈賣出 (跌破),11.25,2026-10-05 00:00:00,11.592500066757202,-0.022499990463257902,False,False,1.4938497661523562,False,0.00023207485638958083,25.452624562336545,0.0002455174247676453,0.00026507571665880216,-0.5730341642160797,-2.1022903382174163,-7.064495222954726,-0.5730341642160797,False,False,False,False,False,False,0.0,False,-0.13127411847904924,中性,2514.TW,龍邦,0,v1,phase6a,2026-07-12,0,0,0,0,0,0,v1,469,0.23026315789473684,469,0.23026315789473684,470,0.22861842105263158,^TWII,yfinance,2y,2026-10-02,scan_20261005_194006,False,False
True,1,0.13333511352539057,-0.2999992370605468,True,False,買入 (動能增強),97.80000305175781,2026-10-05 00:00:00,97.58999977111816,0.0,False,True,1.3550856623903376,False,0.0020175041478344233,74.1185876080938,0.0020663191720611514,0.0021879933382218907,-0.24805835338214122,-1.341228393055549,-4.904973602341656,-0.24805835338214122,False,False,False,False,False,False,0.024253431612337582,False,-0.1300406128569217,中性,6215.TW,和椿,2,v1,phase6a,2026-07-12,0,2,3,2,2,2,v1,204,0.6661184210526315,204,0.6661184210526315,209,0.6578947368421053,^TWII,yfinance,2y,2026-10-02,scan_20261005_194006,False,False
True,0,0.2500012715657552,0.2666676839192708,True,False,觀望 (動能減弱),77.5999984741211,2026-10-05 00:00:00,77.77999992370606,-0.024999999999991473,False,False,0.8724064084482175,False,0.001600800755707853,45.71494115255143,0.0016441277685049858,0.001693639467561158,-0.27662825152561243,-1.1089983348436472,-3.4756193038931182,-0.27662825152561243,False,False,False,False,False,False,0.0,False,-0.007672615058005872,中性,4126.TWO,太醫,0,v1,phase6a,2026-07-12,0,0,0,0,0,0,v1,517,0.1513157894736842,517,0.1513157894736842,517,0.1513157894736842,^TWII,yfinance,2y,2026-10-02,scan_20261005_194006,False,False
True,1,-0.10000006357828775,-0.10833358764648436,True,False,觀察 (跌勢收斂),20.600000381469727,2026-10-05 00:00:00,20.72750005722046,-0.019999980926513672,True,False,1.083202006954901,False,0.00042495485601376867,19.010367142173397,0.0004376582928815757,0.0004433745237749191,-0.3046053753816724,-1.4416939916984228,-4.089930752176773,-0.3046053753816724,False,False,False,False,False,False,0.4832910372203308,False,-0.09649118110560306,中性,3712.TW,永崴投控,2,v1,phase6a,2026-07-12,0,2,2,2,2,2,v1,167,0.7269736842105263,167,0.7269736842105263,173,0.7171052631578947,^TWII,yfinance,2y,2026-10-02,scan_20261005_194006,True,False
True,0,-0.15000025431315103,-0.23333295186360675,True,False,觀察 (跌勢收斂),51.099998474121094,2026-10-05 00:00:00,51.310000038146974,-0.020000076293946734,False,False,2.335508995718217,True,0.001054135538434618,50.136651863524314,0.001084503597689905,0.0011218293569384848,-0.2938895949450737,-1.3421775845897765,-4.234775499679866,-0.2938895949450737,False,False,False,False,False,False,0.0,False,-0.015414316536366712,中性,1730.TW,花仙子,1,v1,phase6a,2026-07-12,0,1,1,1,1,1,v1,289,0.5263157894736842,289,0.5263157894736842,290,0.524671052631579,^TWII,yfinance,2y,2026-10-02,scan_20261005_194006,False,False
True,0,-0.08333333333333334,-0.24999999999999997,True,False,觀察 (跌勢收斂),169.5,2026-10-05 00:00:00,169.425,0.025000000000005684,False,True,1.1074270557029178,False,0.0034965945029363514,57.33140144477004,0.00358109172825136,0.0037056700893775274,-0.24775707596988994,-1.1570939865432228,-3.5354053802972074,-0.24775707596988994,False,False,False,False,False,False,0.002140750790393011,False,-0.011661807580174877,中性,8416.TWO,實威,1,v1,phase6a,2026-07-12,0,1,3,1,1,1,v1,410,0.32730263157894735,410,0.32730263157894735,410,0.32730263157894735,^TWII,yfinance,2y,2026-10-02,scan_20261005_194006,False,False
True,1,0.07638947168986003,0.061667124430338546,True,False,買入 (動能增強),14.25,2026-10-05 00:00:00,14.31991629600525,-0.002833318710326438,False,False,0.9831293062646688,False,0.0002939614847601357,39.16170443407295,0.0003026773602640613,0.0003115942353796801,-0.3021990219766457,-1.097011757438382,-3.3275406871205004,-0.3021990219766457,False,False,False,False,False,False,0.0,False,-0.017241379310344862,中性,2109.TW,華豐,4,v1,phase6a,2026-07-12,0,4,4,4,4,4,v1,8,0.9884868421052632,8,0.9884868421052632,21,0.9671052631578947,^TWII,yfinance,2y,2026-10-02,scan_20261005_194006,False,True
True,1,0.3166666030883789,0.23333326975504554,True,False,買入 (動能增強),30.350000381469727,2026-10-05 00:00:00,30.23500003814697,0.0,False,True,1.3546759677369127,False,0.000626086398218072,41.33706809653505,0.0006408779213858357,0.0006615711596231441,-0.2423595575163806,-0.9193255185086291,-4.151440120067229,-0.2423595575163806,False,False,False,False,False,False,0.0,False,-0.024115755331208022,中性,1603.TW,華電,4,v1,phase6a,2026-07-12,0,4,5,4,4,4,v1,6,0.9917763157894737,6,0.9917763157894737,19,0.9703947368421053,^TWII,yfinance,2y,2026-10-02,scan_20261005_194006,False,True
True,0,-0.07500012715657552,-0.08333333333333333,True,False,觀察 (跌勢收斂),11.25,2026-10-05 00:00:00,11.337500143051148,-0.007499980926512606,True,False,0.27833787715221486,False,0.00023207485638958083,26.409490110793783,0.000240007197554577,0.0002537697237959974,-0.3466931239497373,-1.6298907588254252,-5.5793926847159225,-0.3466931239497373,False,False,False,False,False,False,0.0,False,-0.0625,中性,1813.TWO,寶利徠,1,v1,phase6a,2026-07-12,0,1,1,1,1,1,v1,293,0.5197368421052632,293,0.5197368421052632,294,0.5180921052631579,^TWII,yfinance,2y,2026-10-02,scan_20261005_194006,False,False
True,1,-0.05000019073486328,-0.04166698455810547,True,False,賣出 (動能轉弱),17.25,2026-10-05 00:00:00,17.435000038146974,-0.022500038146972656,True,False,0.671614224789281,False,0.0003558481131306906,40.984121421719706,0.00036873322687961573,0.0003859025528470921,-0.3664863668887741,-1.480675933539155,-4.975885166909921,-0.3664863668887741,False,False,False,False,False,False,0.0,False,-0.0725806641818495,中性,4538.TWO,大詠城,0,v1,phase6a,2026-07-12,0,0,0,0,0,0,v1,529,0.13157894736842105,529,0.13157894736842105,529,0.13157894736842105,^TWII,yfinance,2y,2026-10-02,scan_20261005_194006,False,False
True,0,-0.25833257039388013,-0.31666580835978186,True,False,觀察 (跌勢收斂),16.600000381469727,2026-10-05 00:00:00,16.279999923706054,-0.03000001907348704,True,True,0.760926427926,False,0.00034243935151969545,31.034931530084766,0.0003462498211697526,0.00036968245173612895,-0.11570777446089364,-1.527436860543685,-8.112314850652957,-0.11570777446089364,False,False,False,False,False,False,0.11769469363704944,False,-0.10027101923951276,中性,6661.TWO,威健生技,1,v1,phase6a,2026-07-12,0,1,2,1,1,1,v1,377,0.3815789473684211,377,0.3815789473684211,377,0.3815789473684211,^TWII,yfinance,2y,2026-10-02,scan_20261005_194006,False,False
True,0,0.16666666666666666,0.11666679382324219,True,False,買入 (動能增強),19.399999618530273,2026-10-05 00:00:00,19.51999988555908,-0.019999980926513672,True,False,0.4882001220256254,False,0.00040020018892696324,18.523076781457814,0.00041672254937602385,0.00046368430543845547,-0.4156164468173684,-1.8328016141113124,-9.07419472728942,-0.4156164468173684,False,False,False,False,False,False,0.0,False,-0.2567050063223856,中性,2719.TWO,燦星旅,2,v1,phase6a,2026-07-12,0,2,2,2,2,2,v1,134,0.78125,134,0.78125,142,0.7680921052631579,^TWII,yfinance,2y,2026-10-02,scan_20261005_194006,False,False
True,0,-0.05833307902018228,-0.0666664441426595,True,False,觀察 (跌勢收斂),12.050000190734863,2026-10-05 00:00:00,12.150000095367432,-0.005069732666015625,False,False,1.0632530836783916,False,0.00024857796122304136,39.712567577261446,0.00025669833633455626,0.0002664550943180888,-0.33188351664356075,-1.3018764178260867,-4.1189229605186455,-0.33188351664356075,False,False,False,False,False,False,0.0,False,-0.03909328445097926,中性,2706.TW,第一店,1,v1,phase6a,2026-07-12,0,1,1,1,1,1,v1,314,0.48519736842105265,314,0.48519736842105265,314,0.48519736842105265,^TWII,yfinance,2y,2026-10-02,scan_20261005_194006,False,False
True,0,1.2999992370605469,0.19999949137369794,True,False,買入 (動能增強),91.4000015258789,2026-10-05 00:00:00,91.83500022888184,0.08500022888183878,False,False,0.9163353132721351,False,0.0018854793091667393,132.00242112033047,0.0019394178391786041,0.0019695340369731786,-0.2919003087572203,-1.0677839849599358,-2.5248315515812303,-0.2919003087572203,False,False,False,False,False,False,0.26785757719754655,False,-0.1516416715688118,中性,8932.TWO,智通*,5,v1,phase6a,2026-07-12,0,5,6,5,5,5,v1,2,0.9983552631578947,2,0.9983552631578947,6,0.9917763157894737,^TWII,yfinance,2y,2026-10-02,scan_20261005_194006,True,True
True,0,0.08333365122477213,-0.016666094462076828,True,False,買入 (動能增強),16.799999237060547,2026-10-05 00:00:00,16.95749988555908,-0.03250007629394602,False,False,0.8128004468374447,False,0.0003465651031365239,43.349396158433805,0.000356194462937715,0.00035232340093235923,-0.2837608885729037,-0.9297849987442652,-0.17665171933508583,-0.2837608885729037,False,False,True,False,False,False,0.421432116092214,False,-0.10400004069010416,中性,5608.TW,四維航,3,v1,phase6a,2026-07-12,0,3,3,3,3,3,v1,61,0.9013157894736842,61,0.9013157894736842,68,0.8898026315789473,^TWII,yfinance,2y,2026-10-02,scan_20261005_194006,True,False
True,0,7.916666666666666,3.166666666666666,True,False,買入 (動能增強),227.0,2026-10-05 00:00:00,216.975,1.0,False,True,1.2746167013083949,False,0.004682754880038653,148.02523495611558,0.004650428643680094,0.0051838750412312,0.07322450548779003,-0.49561335442560583,-7.928075978536353,0.07322450548779003,True,False,False,False,False,True,0.061755559338818135,False,-0.3871094286540837,中性,2472.TW,立隆電,2,v1,phase6a,2026-07-12,0,2,4,2,2,2,v1,124,0.7976973684210527,124,0.7976973684210527,132,0.7845394736842105,^TWII,yfinance,2y,2026-10-02,scan_20261005_194006,False,False
True,0,0.22499974568684894,-0.06666723887125653,True,False,買入 (動能增強),27.600000381469727,2026-10-05 00:00:00,27.722499942779542,-0.03249998092651296,True,False,0.9219510117245326,False,0.0005693569888783967,31.83156846930835,0.0005872654131183477,0.0006472287188970193,-0.3199687100524429,-1.704927036544912,-6.041047106028518,-0.3199687100524429,False,False,False,False,False,False,0.0036160353297233863,False,-0.25506070310895257,中性,3447.TW,展達,2,v1,phase6a,2026-07-12,0,2,2,2,2,2,v1,156,0.7450657894736842,156,0.7450657894736842,162,0.7351973684210527,^TWII,yfinance,2y,2026-10-02,scan_20261005_194006,False,False
True,1,-0.055000027020772294,-0.05333336194356282,True,False,賣出 (動能轉弱),2.950000047683716,2026-10-05 00:00:00,2.9480000138282776,-0.005999994277954279,False,True,0.8390534186586118,False,6.085518554804044e-05,19.32263658836641,6.257253051330195e-05,6.67331432537221e-05,-0.2880695416384249,-1.3543379583219606,-7.930026938688462,-0.2880695416384249,False,False,False,False,False,False,0.20059721899098337,False,-0.13994169379923338,中性,9110.TW,越南控-DR,0,v1,phase6a,2026-07-12,0,0,1,0,0,0,v1,604,0.008223684210526315,604,0.008223684210526315,604,0.008223684210526315,^TWII,yfinance,2y,2026-10-02,scan_20261005_194006,False,False
True,0,9.333333333333332,-9.166666666666668,True,False,買入 (動能增強),744.0,2026-10-05 00:00:00,705.75,0.10000000000002274,False,True,1.499327169959236,False,0.015347883835897613,72.47274667508066,0.015031747786825228,0.015793385501385163,0.2218724854362586,-0.43234712735021885,-6.32856029531853,0.2218724854362586,True,False,False,False,False,True,0.2539994159034142,False,-0.10817499813436382,中性,3583.TW,辛耘,2,v1,phase6a,2026-07-12,0,2,4,2,2,2,v1,158,0.7417763157894737,158,0.7417763157894737,164,0.7319078947368421,^TWII,yfinance,2y,2026-10-02,scan_20261005_194006,False,False
True,2,-0.07499980926513672,-0.03333314259847005,True,False,賣出 (動能轉弱),29.850000381469727,2026-10-05 00:00:00,29.89250020980835,0.0025000572204589844,False,False,1.4698869763451679,False,0.0006157719601563128,17.71046047431685,0.0006336510361395186,0.0006652234358388697,-0.2961306285475085,-1.5661646111768457,-5.548550594541046,-0.2961306285475085,False,False,False,False,False,False,0.010841891816368163,False,-0.05388269086212527,中性,7705.TW,三商餐飲,0,v1,phase6a,2026-07-12,0,0,1,0,0,0,v1,582,0.044407894736842105,582,0.044407894736842105,582,0.044407894736842105,^TWII,yfinance,2y,2026-10-02,scan_20261005_194006,False,False
True,0,-0.8833332061767577,-1.1249999999999998,True,False,觀察 (跌勢收斂),42.5,2026-10-05 00:00:00,43.837500190734865,-0.03500003814696839,False,False,1.7255298765325784,True,0.0008767272352495276,42.91384986108702,0.0009226557439811271,0.0009595649530635338,-0.5212539411115658,-1.8291161532722144,-4.918682586596934,-0.5212539411115658,False,False,False,False,False,False,0.0,False,-0.12952172496136172,中性,1203.TW,味王,1,v1,phase6a,2026-07-12,0,1,1,1,1,1,v1,258,0.5773026315789473,258,0.5773026315789473,260,0.5740131578947368,^TWII,yfinance,2y,2026-10-02,scan_20261005_194006,False,False
True,0,-0.9833329518636067,-1.0666656494140625,True,False,觀察 (跌勢收斂),37.25,2026-10-05 00:00:00,37.33500022888184,0.022500038146972656,False,False,1.0206034317790393,False,0.0007684256356010566,35.429941745787474,0.0007853520275479466,0.0008035220424579794,-0.22635612578759678,-1.6449275862520096,-4.4756766845202245,-0.22635612578759678,False,False,False,False,False,False,0.1287565538581856,False,-0.03994843473038101,中性,2948.TWO,寶陞,1,v1,phase6a,2026-07-12,0,1,2,1,1,1,v1,322,0.4720394736842105,322,0.4720394736842105,322,0.4720394736842105,^TWII,yfinance,2y,2026-10-02,scan_20261005_194006,False,False
True,1,0.49999999999999994,0.4166673024495442,True,False,買入 (動能增強),33.849998474121094,2026-10-05 00:00:00,34.03249988555908,0.0024999618530259227,False,False,0.977092470586392,False,0.0006982874253039274,30.42785607749732,0.0007277704633203079,0.0008167512076618491,-0.4246255765614104,-1.51912645696628,-8.793480613619387,-0.4246255765614104,False,False,False,False,False,False,0.0,False,-0.23761267317994694,中性,6492.TWO,生華科,2,v1,phase6a,2026-07-12,0,2,3,2,2,2,v1,216,0.6463815789473685,216,0.6463815789473685,219,0.6414473684210527,^TWII,yfinance,2y,2026-10-02,scan_20261005_194006,False,False
True,0,2.25,2.25,True,False,觀望 (動能減弱),106.0,2026-10-05 00:00:00,105.075,-0.04999999999999716,False,True,0.9098652177270755,False,0.0021866608690929395,88.69210167780324,0.0022193798441381227,0.002142395390015006,-0.15494266387281463,-0.8477696765039622,-1.7891853551024184,-0.15494266387281463,False,True,True,False,False,False,0.5365348738377397,False,-0.09012875536480691,中性,2546.TW,根基,0,v1,phase6a,2026-07-12,0,0,1,0,0,0,v1,475,0.22039473684210525,475,0.22039473684210525,476,0.21875,^TWII,yfinance,2y,2026-10-02,scan_20261005_194006,False,False
True,0,-4.761866251627604,-7.649836222330728,True,False,觀察 (跌勢收斂),128.5,2026-10-05 00:00:00,120.21585350036621,0.7329463958740234,False,True,1.3581562357506798,False,0.0026508105818721013,267.29735402404475,0.0024872830071641385,0.002330065267622405,0.6968803254862266,0.09076543563035777,9.164114273788737,0.6968803254862266,True,True,True,False,False,True,0.9173010140585031,False,0.0,偏強 (RS上升),1815.TWO,富喬,1,v1,phase6a,2026-07-12,2,3,3,3,1,3,v1,294,0.5180921052631579,294,0.5180921052631579,90,0.8536184210526315,^TWII,yfinance,2y,2026-10-02,scan_20261005_194006,False,False
True,1,5.083333333333333,2.75,True,False,買入 (動能增強),262.0,2026-10-05 00:00:00,255.675,0.875,False,True,1.1460244540329008,False,0.005404765544361794,76.06147485091049,0.005398964339679588,0.005489400407394554,0.011311839866356976,-0.47533247823317026,-0.8746594789318163,0.011311839866356976,True,False,False,False,False,False,0.25248285444433716,False,-0.17451941604559273,中性,2428.TW,興勤,2,v1,phase6a,2026-07-12,0,2,4,2,2,2,v1,121,0.8026315789473685,121,0.8026315789473685,129,0.7894736842105263,^TWII,yfinance,2y,2026-10-02,scan_20261005_194006,False,False
True,0,0.01666704813639322,-0.14166609446207684,True,False,買入 (動能增強),23.299999237060547,2026-10-05 00:00:00,22.940000152587892,0.009999942779543858,False,True,0.7567117630843572,False,0.00048065279793939287,28.186595865056027,0.00048502681491246086,0.0005136506887797621,-0.0948372693384325,-1.1890619661009239,-3.9995574762734076,-0.0948372693384325,False,False,False,False,False,False,0.08688881671990278,False,-0.008510670763380968,中性,6671.TW,三能-KY,2,v1,phase6a,2026-07-12,0,2,4,2,2,2,v1,226,0.6299342105263158,226,0.6299342105263158,229,0.625,^TWII,yfinance,2y,2026-10-02,scan_20261005_194006,False,False
True,0,-0.21666685740152994,-0.4500001271565755,True,False,觀察 (跌勢收斂),19.75,2026-10-05 00:00:00,19.80000009536743,-0.027499961853028054,True,False,0.9605386700861842,False,0.00040742030343948635,21.287650044762355,0.00041756085789788027,0.0004602153088958008,-0.2549820029247307,-1.7593251731713444,-5.548763888015717,-0.2549820029247307,False,False,False,False,False,False,0.054222208070218506,False,-0.10633485705457912,中性,6276.TWO,安鈦克,1,v1,phase6a,2026-07-12,0,1,1,1,1,1,v1,366,0.3996710526315789,366,0.3996710526315789,366,0.3996710526315789,^TWII,yfinance,2y,2026-10-02,scan_20261005_194006,False,False
True,0,-1.589457194056676e-07,-0.0666667620340983,True,False,觀察 (跌勢收斂),13.800000190734863,2026-10-05 00:00:00,13.890000009536744,-0.01500000953674352,False,False,0.6940882121046815,False,0.00028467849443919837,28.5091114357272,0.0002937381484410244,0.0003054168185255356,-0.3236085299501812,-1.287464742435207,-4.600499859741403,-0.3236085299501812,False,False,False,False,False,False,0.007633552034706415,False,-0.03911108696957155,中性,4401.TWO,東隆興,1,v1,phase6a,2026-07-12,0,1,1,1,1,1,v1,343,0.4375,343,0.4375,343,0.4375,^TWII,yfinance,2y,2026-10-02,scan_20261005_194006,False,False
False,0,-0.14166657129923504,-0.04166650772094728,False,True,強烈賣出 (跌破),13.75,2026-10-05 00:00:00,14.350000047683716,-0.04499998092651403,False,False,1.1619038761131908,False,0.0002836470466983766,35.474191573505735,0.0003017940154096008,0.000302971385156852,-0.6289695994809663,-2.281022459729909,-2.615192222577978,-0.6289695994809663,False,False,False,False,False,False,0.20418879790188726,False,-0.0894039965142257,中性,3024.TW,憶聲,0,v1,phase6a,2026-07-12,0,0,0,0,0,0,v1,498,0.1825657894736842,498,0.1825657894736842,499,0.18092105263157895,^TWII,yfinance,2y,2026-10-02,scan_20261005_194006,False,False
True,0,0.050000031789143876,0.041666666666666664,True,False,買入 (動能增強),12.0,2026-10-05 00:00:00,11.952500009536744,0.009999990463256836,False,True,0.8693804215529065,False,0.00024754651348221954,29.346944242546243,0.00025240175278805734,0.00025735009109529217,-0.2020766682477082,-1.1831957837648344,-2.9655427700032044,-0.2020766682477082,False,False,False,False,False,False,0.24962360461358682,False,-0.11111111111111116,中性,5516.TWO,雙喜,3,v1,phase6a,2026-07-12,0,3,5,3,3,3,v1,60,0.9029605263157895,60,0.9029605263157895,67,0.8914473684210527,^TWII,yfinance,2y,2026-10-02,scan_20261005_194006,True,False
True,1,0.15833377838134766,0.16666698455810547,True,False,觀望 (動能減弱),31.850000381469727,2026-10-05 00:00:00,32.03249979019165,-0.05749998092651509,False,False,1.9274067229352836,True,0.0006570297124033495,41.10148701334898,0.0006815457263235087,0.0007312112856166714,-0.3772158474660059,-1.6889392245720836,-7.568740081117465,-0.3772158474660059,False,False,False,False,False,False,0.0,False,-0.15292548739354106,中性,6730.TWO,常廣,0,v1,phase6a,2026-07-12,0,0,0,0,0,0,v1,570,0.06414473684210527,570,0.06414473684210527,570,0.06414473684210527,^TWII,yfinance,2y,2026-10-02,scan_20261005_194006,False,False
True,0,0.041666666666666664,0.08333333333333333,True,False,觀望 (動能減弱),10.899999618530273,2026-10-05 00:00:00,11.019999980926514,-0.010000038146973367,False,False,1.4329636553453218,False,0.0002248547418770577,23.909968620639624,0.0002334211600241391,0.0002436819379701906,-0.3848229392964475,-1.3213773153200936,-4.67543587134095,-0.3848229392964475,False,False,False,False,False,False,0.0,False,-0.0723404579974235,中性,2913.TW,農林,0,v1,phase6a,2026-07-12,0,0,0,0,0,0,v1,495,0.1875,495,0.1875,496,0.18585526315789475,^TWII,yfinance,2y,2026-10-02,scan_20261005_194006,False,False
True,0,-0.45000004768371576,-0.25,True,False,賣出 (動能轉弱),6.71999979019165,2026-10-05 00:00:00,7.068499994277954,-0.05900001525878906,True,False,0.7444375721815664,False,0.0001386260432219325,18.404479938082538,0.0001516293427038474,0.0001742144277481057,-0.8946308924610458,-4.500669640882238,-16.876575059266983,-0.8946308924610458,False,False,False,False,False,False,0.009228221643134754,False,-0.25333335664537215,中性,4943.TW,康控-KY,0,v1,phase6a,2026-07-12,0,0,0,0,0,0,v1,536,0.12006578947368421,536,0.12006578947368421,536,0.12006578947368421,^TWII,yfinance,2y,2026-10-02,scan_20261005_194006,False,False
True,0,0.6333335240681967,0.6416670481363932,True,False,觀望 (動能減弱),23.649999618530273,2026-10-05 00:00:00,23.8,-0.005000019073484907,False,False,0.8818353740835023,False,0.000487872912451916,36.79722323504851,0.0005092439682786949,0.0005503455180756178,-0.43980707288022725,-1.181595320079376,-8.088328692060909,-0.43980707288022725,False,False,False,False,False,False,0.0,False,-0.15535715648106163,中性,8044.TWO,網家,0,v1,phase6a,2026-07-12,0,0,0,0,0,0,v1,588,0.03453947368421053,588,0.03453947368421053,588,0.03453947368421053,^TWII,yfinance,2y,2026-10-02,scan_20261005_194006,False,False
True,0,-0.35000022252400714,-0.3166669209798177,True,False,賣出 (動能轉弱),11.949999809265137,2026-10-05 00:00:00,12.175000047683715,-0.020000028610230203,False,False,1.0179354572368142,False,0.0002465150657413978,22.52388562134752,0.00025620096316976676,0.0002671463632589116,-0.3963789924241179,-2.096560100617384,-4.967278358437522,-0.3963789924241179,False,False,False,False,False,False,0.07230578543939307,False,-0.051587345438538046,中性,8107.TWO,大億金茂,0,v1,phase6a,2026-07-12,0,0,0,0,0,0,v1,592,0.027960526315789474,592,0.027960526315789474,592,0.027960526315789474,^TWII,yfinance,2y,2026-10-02,scan_20261005_194006,False,False
True,0,0.8833325703938802,0.6833330790201823,True,False,買入 (動能增強),59.099998474121094,2026-10-05 00:00:00,58.520000267028806,0.125,False,True,0.7285966200819586,False,0.0012191665474227645,64.20188007170762,0.0012389314461756565,0.0013051358154206063,-0.16764670463972342,-0.8746050091820612,-2.5686282665385973,-0.16764670463972342,False,False,False,False,False,False,0.02450052872539403,False,-0.22236844112998566,中性,8926.TW,台汽電,2,v1,phase6a,2026-07-12,0,2,4,2,2,2,v1,251,0.5888157894736842,251,0.5888157894736842,252,0.587171052631579,^TWII,yfinance,2y,2026-10-02,scan_20261005_194006,False,False
True,0,-1.7166671752929685,-1.7999992370605469,True,False,觀察 (跌勢收斂),68.19999694824219,2026-10-05 00:00:00,69.34499969482422,-0.015000152587887783,False,False,0.7235676740836522,False,0.001406889288669614,115.30227591088112,0.001444878751943485,0.0014288436609843232,-0.275999211580491,-1.644631904660343,1.4837086598507687,-0.275999211580491,False,False,True,False,False,False,0.3520090496381436,False,-0.03672324846673958,中性,2885.TW,元大金,1,v1,phase6a,2026-07-12,0,1,1,1,1,1,v1,318,0.4786184210526316,318,0.4786184210526316,318,0.4786184210526316,^TWII,yfinance,2y,2026-10-02,scan_20261005_194006,False,False
True,1,0.00833352406819661,-0.01666657129923503,True,False,買入 (動能增強),14.300000190734863,2026-10-05 00:00:00,14.237499904632568,-0.004999971389771929,True,True,0.8916280468533518,False,0.0002949929325009575,38.17769575873077,0.0003004512888668098,0.0003076175632008767,-0.19086859910566467,-0.7988236375091273,-1.9283698610460531,-0.19086859910566467,False,False,False,False,False,False,0.11095781221621538,False,-0.03663713652971523,中性,1308.TW,亞聚,4,v1,phase6a,2026-07-12,0,4,5,4,4,4,v1,4,0.9950657894736842,4,0.9950657894736842,18,0.9720394736842105,^TWII,yfinance,2y,2026-10-02,scan_20261005_194006,False,True
True,2,-0.10000038146972656,-0.09166685740152994,True,False,賣出 (動能轉弱),17.799999237060547,2026-10-05 00:00:00,17.972500038146972,-0.010000038146973367,True,False,1.5452862728274703,True,0.00036719397926004223,26.869365308416867,0.00038033756870319615,0.0004074174122964854,-0.3624467483686944,-1.5556943946228086,-5.2345016001260625,-0.3624467483686944,False,False,False,False,False,False,0.0,False,-0.07291674324207531,中性,1586.TWO,和勤,0,v1,phase6a,2026-07-12,0,0,0,0,0,0,v1,444,0.2713815789473684,444,0.2713815789473684,445,0.26973684210526316,^TWII,yfinance,2y,2026-10-02,scan_20261005_194006,False,False
True,1,-0.06166680653889975,-0.09000007311503093,True,False,觀察 (跌勢收斂),6.21999979019165,2026-10-05 00:00:00,6.204999995231629,0.0009999990463258612,False,True,0.5106262482780871,False,0.00012831160516017334,40.741285960302605,0.0001318122108428656,0.00014210976916579634,-0.27877354320768877,-1.8710459594870943,-7.83198299991803,-0.27877354320768877,False,False,False,False,False,False,0.02512335424953696,False,-0.12146894672058606,中性,1512.TW,瑞利,1,v1,phase6a,2026-07-12,0,1,3,1,1,1,v1,280,0.5411184210526315,280,0.5411184210526315,281,0.5394736842105263,^TWII,yfinance,2y,2026-10-02,scan_20261005_194006,False,False
True,0,-1.1333338419596353,-0.39166641235351557,True,False,賣出 (動能轉弱),47.29999923706055,2026-10-05 00:00:00,50.177499771118164,-0.15500011444091655,False,False,3.214405952403107,True,0.000975745824903832,31.927088019580044,0.0010537538167163384,0.0010670223580288112,-0.7732238006289194,-2.0197789388544884,-3.111866967406307,-0.7732238006289194,False,False,False,False,False,False,0.0,False,-0.08863202608047438,中性,4995.TWO,晶達,0,v1,phase6a,2026-07-12,0,0,0,0,0,0,v1,540,0.11348684210526316,540,0.11348684210526316,540,0.11348684210526316,^TWII,yfinance,2y,2026-10-02,scan_20261005_194006,False,False
True,0,-1.4999999999999998,-1.25,True,False,賣出 (動能轉弱),111.5,2026-10-05 00:00:00,112.8,-0.07500000000000284,False,False,0.06086586403988812,False,0.0023001196877722903,44.13407848868566,0.002382315918252161,0.00248586571175663,-0.3618716031978719,-1.853553196345925,-5.113129816190664,-0.3618716031978719,False,False,False,False,False,False,0.0,False,-0.047008547008547064,中性,7747.TWO,昕奇雲端,0,v1,phase6a,2026-07-12,0,0,0,0,0,0,v1,583,0.04276315789473684,583,0.04276315789473684,583,0.04276315789473684,^TWII,yfinance,2y,2026-10-02,scan_20261005_194006,False,False
True,1,0.20833396911621094,0.13333415985107422,True,False,買入 (動能增強),23.700000762939453,2026-10-05 00:00:00,23.870000171661378,-0.014999961853025212,True,False,0.9671625951691183,False,0.0004889043798659671,59.59024043196375,0.0005089531089165988,0.0005265654349006709,-0.41294135184083425,-1.540445960571657,-8.228155239698044,-0.41294135184083425,False,False,False,False,False,False,0.0,False,-0.3060029369257987,中性,1810.TW,和成,2,v1,phase6a,2026-07-12,0,2,2,2,2,2,v1,105,0.8289473684210527,105,0.8289473684210527,115,0.8125,^TWII,yfinance,2y,2026-10-02,scan_20261005_194006,False,False
True,0,0.025000254313151046,-0.12499968210856116,True,False,買入 (動能增強),30.5,2026-10-05 00:00:00,30.694999980926514,0.0,False,False,0.6832948433501782,False,0.000629180721767308,48.51755767741187,0.0006484517325668606,0.0006652197216307869,-0.311850732030472,-1.2084798710978784,-3.9619042936594684,-0.311850732030472,False,False,False,False,False,False,0.0,False,-0.028662408581659693,中性,2008.TW,高興昌,2,v1,phase6a,2026-07-12,0,2,2,2,2,2,v1,106,0.8273026315789473,106,0.8273026315789473,116,0.8108552631578947,^TWII,yfinance,2y,2026-10-02,scan_20261005_194006,False,False
True,0,0.37499968210856116,0.15833282470703125,True,False,買入 (動能增強),18.0,2026-10-05 00:00:00,17.567499828338622,0.010000038146973367,False,True,2.218187494351837,True,0.00037131977022332934,33.855059015637146,0.00037373720858642826,0.00039854890774624957,-0.06804087165395156,-0.5115343272297124,-4.92533482216615,-0.06804087165395156,False,False,False,False,False,True,0.08373933976453951,False,-0.09547736959557784,中性,6210.TWO,慶生,2,v1,phase6a,2026-07-12,0,2,4,2,2,2,v1,203,0.6677631578947368,203,0.6677631578947368,208,0.6595394736842105,^TWII,yfinance,2y,2026-10-02,scan_20261005_194006,False,False
True,1,0.6999994913736979,0.6916662851969401,True,False,買入 (動能增強),37.54999923706055,2026-10-05 00:00:00,38.06750011444092,0.01999988555908061,False,False,3.6694235625274603,True,0.0007746142826995286,21.512157247896777,0.0008040144850314819,0.0008177884711898177,-0.3834373309917982,-1.084799057325403,-1.4930900130152858,-0.3834373309917982,False,False,False,False,False,False,0.32189877280590634,False,-0.048162268419113086,中性,6887.TW,寶綠特-KY,2,v1,phase6a,2026-07-12,0,2,3,2,2,2,v1,235,0.6151315789473685,235,0.6151315789473685,237,0.6118421052631579,^TWII,yfinance,2y,2026-10-02,scan_20261005_194006,False,False
False,0,4.6500002543131504,2.4166666666666665,False,True,強烈買入 (爆發),87.9000015258789,2026-10-05 00:00:00,80.02499961853027,0.3400001525878906,False,True,2.1051535146269647,True,0.0018132782427344252,158.54873006195356,0.0016952600604828417,0.0016788005031511326,0.7382156358216374,1.6930291854022395,2.8787319420057855,0.7382156358216374,True,True,True,False,False,True,0.9668994924080958,False,0.0,偏強 (RS上升),6209.TW,今國光,3,v1,phase6a,2026-07-12,2,5,5,5,3,5,v1,64,0.8963815789473685,64,0.8963815789473685,14,0.9786184210526315,^TWII,yfinance,2y,2026-10-02,scan_20261005_194006,False,False
True,0,0.24166552225748691,0.891665776570638,True,False,觀望 (動能減弱),45.599998474121094,2026-10-05 00:00:00,46.640000343322754,-0.08500003814697266,False,False,0.49795349366445685,False,0.0009406767197552674,93.49798165358968,0.0009756064107141263,0.0009251177989357093,-0.3754592643313792,-1.0103681365593253,3.7803927939985327,-0.3754592643313792,False,True,True,False,False,False,0.6076737216585826,False,-0.052959563259562414,中性,2851.TW,中再保,0,v1,phase6a,2026-07-12,0,0,0,0,0,0,v1,492,0.1924342105263158,492,0.1924342105263158,493,0.19078947368421054,^TWII,yfinance,2y,2026-10-02,scan_20261005_194006,False,False
True,0,-7.916666666666666,-14.749999999999996,True,False,觀察 (跌勢收斂),282.0,2026-10-05 00:00:00,285.0,0.25,False,False,1.0392882465755673,False,0.00581734306683216,189.6121084611465,0.005930461091449642,0.0056876965061516,-0.20037735766665898,-0.4902952630770785,2.0940953019097597,-0.20037735766665898,False,True,True,False,False,False,0.673458775682008,False,-0.09615384615384615,中性,3006.TW,晶豪科,1,v1,phase6a,2026-07-12,0,1,2,1,1,1,v1,323,0.47039473684210525,323,0.47039473684210525,323,0.47039473684210525,^TWII,yfinance,2y,2026-10-02,scan_20261005_194006,False,False
True,0,-0.6583340962727864,-0.8000011444091796,True,False,觀察 (跌勢收斂),45.95000076293945,2026-10-05 00:00:00,45.76250019073486,0.03250007629394247,False,True,0.6971165516631832,False,0.0009478968736142492,22.247817064881428,0.0009611003589031248,0.0009736516731088016,-0.14440048922095272,-1.0027297325184037,-0.8886576029007887,-0.14440048922095272,False,False,False,False,False,False,0.3825789357213297,False,-0.015005374920537329,中性,8442.TW,威宏-KY,1,v1,phase6a,2026-07-12,0,1,3,1,1,1,v1,412,0.32401315789473684,412,0.32401315789473684,412,0.32401315789473684,^TWII,yfinance,2y,2026-10-02,scan_20261005_194006,False,False
False,0,-0.3166666030883789,-0.3249999682108561,False,True,強烈賣出 (跌破),10.300000190734863,2026-10-05 00:00:00,10.65499997138977,-0.022499990463256125,False,False,1.1230514751965064,False,0.00021247742800688433,29.146718408111052,0.00022443801188572242,0.00023394759412558513,-0.5578313906681065,-1.947938850264408,-5.385734115265651,-0.5578313906681065,False,False,False,False,False,False,0.0,False,-0.12340423908639464,中性,1316.TW,上曜,0,v1,phase6a,2026-07-12,0,0,0,0,0,0,v1,432,0.2911184210526316,432,0.2911184210526316,433,0.2894736842105263,^TWII,yfinance,2y,2026-10-02,scan_20261005_194006,False,False
True,0,0.16666666666666657,0.24999999999999994,True,False,觀望 (動能減弱),110.5,2026-10-05 00:00:00,114.225,-0.25,False,False,0.5229316082608882,False,0.002279490811648772,64.99340926044434,0.0023888340118476195,0.002259448161226435,-0.4795067456529467,-1.679526824401567,1.2840521559156048,-0.4795067456529467,False,True,True,False,False,False,0.506242021626794,False,-0.12648221343873522,中性,2615.TW,萬海,0,v1,phase6a,2026-07-12,0,0,0,0,0,0,v1,480,0.21217105263157895,480,0.21217105263157895,481,0.21052631578947367,^TWII,yfinance,2y,2026-10-02,scan_20261005_194006,False,False
True,2,0.05666677157084146,0.05833347638448079,True,False,觀望 (動能減弱),5.809999942779541,2026-10-05 00:00:00,5.780499958992005,0.007999992370606002,False,True,0.9275795546192487,False,0.00011985376909724755,20.00726009838087,0.0001221704622191291,0.00012691301774215555,-0.1992107006867916,-0.8658220607586031,-2.2350327689994454,-0.1992107006867916,False,False,False,False,False,False,0.07239850795805976,False,-0.031666676203409794,中性,2929.TW,淘帝-KY,0,v1,phase6a,2026-07-12,0,0,2,0,0,0,v1,497,0.18421052631578946,497,0.18421052631578946,498,0.1825657894736842,^TWII,yfinance,2y,2026-10-02,scan_20261005_194006,False,False
True,0,0.06666660308837892,0.1833333969116211,True,False,觀望 (動能減弱),17.5,2026-10-05 00:00:00,17.997500133514404,-0.014999961853028765,False,False,1.1753964497750407,False,0.0003610053321615702,26.369521732021333,0.0003793699374835773,0.00039421388881257733,-0.5069763617813194,-1.1993718131058095,-1.8423139681961742,-0.5069763617813194,False,False,False,False,False,False,0.0,False,-0.04109589041095896,中性,2430.TW,燦坤,0,v1,phase6a,2026-07-12,0,0,0,0,0,0,v1,465,0.23684210526315788,465,0.23684210526315788,466,0.23519736842105263,^TWII,yfinance,2y,2026-10-02,scan_20261005_194006,False,False
True,0,0.08333333333333323,-0.2500000000000001,True,False,買入 (動能增強),177.5,2026-10-05 00:00:00,177.85,-0.20000000000001705,True,False,0.9141797584219185,False,0.0036616255119244975,33.388710284192506,0.0037766022088260597,0.004039062779620838,-0.3194445104431898,-1.6658026711687368,-7.315808029565263,-0.3194445104431898,False,False,False,False,False,False,0.041275918405149895,False,-0.10655483241067465,中性,1795.TW,美時,2,v1,phase6a,2026-07-12,0,2,2,2,2,2,v1,103,0.8322368421052632,103,0.8322368421052632,113,0.8157894736842105,^TWII,yfinance,2y,2026-10-02,scan_20261005_194006,False,False
True,0,0.2833334604899088,0.07500012715657552,True,False,買入 (動能增強),31.399999618530273,2026-10-05 00:00:00,31.682499980926515,0.007499980926514382,False,False,0.781623479867478,False,0.0006477467024091828,39.374371963648564,0.0006674663393389719,0.0006848837657254983,-0.31002550622671876,-1.2928379371504484,-2.548674511914051,-0.31002550622671876,False,False,False,False,False,False,0.0,False,-0.039755385751627736,中性,2353.TW,宏��,2,v1,phase6a,2026-07-12,0,2,3,2,2,2,v1,114,0.8141447368421053,114,0.8141447368421053,124,0.7976973684210527,^TWII,yfinance,2y,2026-10-02,scan_20261005_194006,False,False
True,0,0.16531499226888022,0.1984984079996745,True,False,觀望 (動能減弱),10.899999618530273,2026-10-05 00:00:00,10.92763524055481,0.004909896850586293,False,False,1.075903509022959,False,0.0002248547418770577,19.730876706524107,0.00023189348708419166,0.00024432873559414883,-0.3184913855436178,-1.1920583530716011,-4.468720641229728,-0.3184913855436178,False,False,False,False,False,False,0.0,False,-0.09016393638371334,中性,4109.TWO,加捷生醫,0,v1,phase6a,2026-07-12,0,0,1,0,0,0,v1,514,0.15625,514,0.15625,514,0.15625,^TWII,yfinance,2y,2026-10-02,scan_20261005_194006,False,False
True,0,-0.033333460489908845,-0.01666673024495442,True,False,賣出 (動能轉弱),18.950000762939453,2026-10-05 00:00:00,19.40250015258789,-0.03750000000000142,False,False,1.6555311965404624,True,0.0003909172182792552,21.795003628252417,0.0004097282367690013,0.0004327486983040717,-0.48094901121328304,-1.6961457178356398,-4.586963907949504,-0.48094901121328304,False,False,False,False,False,False,0.0,False,-0.14551527144301046,中性,1540.TW,喬福,0,v1,phase6a,2026-07-12,0,0,0,0,0,0,v1,443,0.2730263157894737,443,0.2730263157894737,444,0.2713815789473684,^TWII,yfinance,2y,2026-10-02,scan_20261005_194006,False,False
True,0,0.7664356231689452,0.6016991933186848,True,False,買入 (動能增強),38.25,2026-10-05 00:00:00,37.96602172851563,0.03986587524414631,False,True,1.2104451719018252,False,0.0007890545117245749,53.6087599889342,0.0008073397780903526,0.0008585761210908609,-0.23784124700952924,-0.9008865423146717,-5.202215526277976,-0.23784124700952924,False,False,False,False,False,False,0.004803940951114051,False,-0.15551505834117085,中性,3059.TW,華晶科,2,v1,phase6a,2026-07-12,0,2,4,2,2,2,v1,139,0.7730263157894737,139,0.7730263157894737,146,0.7615131578947368,^TWII,yfinance,2y,2026-10-02,scan_20261005_194006,False,False
True,0,-0.20833333333333331,0.04166666666666667,True,False,賣出 (動能轉弱),13.850000381469727,2026-10-05 00:00:00,14.130000019073487,-0.009999990463256836,True,False,0.26114625251047235,False,0.00028570994218002013,29.086760013903277,0.0002942845893010737,0.0002793442863973387,-0.3057701971931781,-0.5274734439688289,5.225916326106739,-0.3057701971931781,False,True,True,False,False,False,0.5237865730454363,False,-0.14241481680417878,中性,4188.TWO,安克,1,v1,phase6a,2026-07-12,0,1,1,1,1,1,v1,342,0.43914473684210525,342,0.43914473684210525,342,0.43914473684210525,^TWII,yfinance,2y,2026-10-02,scan_20261005_194006,True,False
True,1,0.1916662851969401,0.14166641235351562,True,False,買入 (動能增強),24.399999618530273,2026-10-05 00:00:00,24.099999809265135,0.009999942779540305,False,True,0.18864142580697132,False,0.0005033445695445547,49.83088092862811,0.000510320307745001,0.0005333118597950059,-0.14368097604575691,-0.7597659221201924,-3.406562976650074,-0.14368097604575691,False,False,False,False,False,False,0.03273407992447411,False,-0.17288136886338057,中性,9949.TWO,琉園,3,v1,phase6a,2026-07-12,0,3,5,3,3,3,v1,80,0.8700657894736842,80,0.8700657894736842,84,0.8634868421052632,^TWII,yfinance,2y,2026-10-02,scan_20261005_194006,True,False
True,0,0.9999999999999998,-1.9166666666666663,True,False,買入 (動能增強),126.0,2026-10-05 00:00:00,120.875,0.4000000000000057,False,True,1.3160772740120985,False,0.0025992383915633055,91.76616877281624,0.002576192178342473,0.002806596499745644,0.09425553585604707,-0.6996533995981102,-7.783777926444236,0.09425553585604707,True,False,False,False,False,True,0.09141243102646317,False,-0.32500636367247904,中性,2375.TW,凱美,2,v1,phase6a,2026-07-12,0,2,4,2,2,2,v1,115,0.8125,115,0.8125,125,0.7960526315789473,^TWII,yfinance,2y,2026-10-02,scan_20261005_194006,False,False
True,0,2.3333333333333335,1.0833333333333335,True,False,買入 (動能增強),254.0,2026-10-05 00:00:00,251.45,0.32499999999998863,False,True,1.4979781796529208,False,0.0052397345353736476,64.27682067069007,0.005318225429130699,0.005464067253203213,-0.15511533902156094,-1.0288526838077905,-3.528745602722083,-0.15511533902156094,False,False,False,False,False,False,0.07936195628136453,False,-0.059259259259259234,中性,2317.TW,鴻海,5,v1,phase6a,2026-07-12,0,5,7,5,5,5,v1,1,1.0,1,1.0,5,0.993421052631579,^TWII,yfinance,2y,2026-10-02,scan_20261005_194006,True,True
True,1,-0.10000006357828777,0.29166634877522796,True,False,賣出 (動能轉弱),30.850000381469727,2026-10-05 00:00:00,31.285000133514405,0.00500001907348846,False,False,1.991118612436545,True,0.0006364008362798312,45.721292225670446,0.0006629884558921344,0.0007072809932373462,-0.4203590877314145,-1.9588592795631632,-5.268625994560572,-0.4203590877314145,False,False,False,False,False,False,0.004609104172882948,False,-0.1260622932512384,中性,4131.TWO,浩泰,0,v1,phase6a,2026-07-12,0,0,1,0,0,0,v1,519,0.14802631578947367,519,0.14802631578947367,519,0.14802631578947367,^TWII,yfinance,2y,2026-10-02,scan_20261005_194006,False,False
True,1,-0.17499987284342447,-0.10000006357828775,True,False,賣出 (動能轉弱),31.200000762939453,2026-10-05 00:00:00,31.41999979019165,-0.014999961853028765,True,False,0.9133984129702574,False,0.0006436209507923544,50.40064424235739,0.0006647404556681399,0.0006914947887757146,-0.3333174261549776,-1.348225982357576,-4.6142443324296405,-0.3333174261549776,False,False,False,False,False,False,0.008246332279745767,False,-0.04294471707699632,中性,3118.TWO,進階,0,v1,phase6a,2026-07-12,0,0,0,0,0,0,v1,500,0.17927631578947367,500,0.17927631578947367,501,0.17763157894736842,^TWII,yfinance,2y,2026-10-02,scan_20261005_194006,False,False
True,0,-0.44999949137369794,-0.7333335876464843,True,False,觀察 (跌勢收斂),66.5,2026-10-05 00:00:00,67.56499977111817,-0.07500000000000284,False,False,0.7737348389795066,False,0.0013718202622139666,23.976395436775213,0.0014287495070668128,0.0015006342890124674,-0.417674525642342,-1.3719950194955866,-5.048236924288729,-0.417674525642342,False,False,False,False,False,False,0.0,False,-0.08904109589041098,中性,6997.TWO,博弘,1,v1,phase6a,2026-07-12,0,1,1,1,1,1,v1,392,0.3569078947368421,392,0.3569078947368421,392,0.3569078947368421,^TWII,yfinance,2y,2026-10-02,scan_20261005_194006,False,False
True,1,-0.18333371480305988,-0.26666704813639325,True,False,觀察 (跌勢收斂),60.0,2026-10-05 00:00:00,60.15500011444092,-0.039999961853027344,False,False,1.5931237940217209,True,0.0012377325674110978,16.564524416443348,0.0012734732034341352,0.0013843844959670647,-0.2945559044702617,-1.4398093528279698,-5.195905268648371,-0.2945559044702617,False,False,False,False,False,False,0.0,False,-0.11800587717946531,中性,7818.TW,溢泰實業,1,v1,phase6a,2026-07-12,0,1,1,1,1,1,v1,400,0.34375,400,0.34375,400,0.34375,^TWII,yfinance,2y,2026-10-02,scan_20261005_194006,False,False
True,0,0.20000076293945312,0.10833390553792317,True,False,買入 (動能增強),17.850000381469727,2026-10-05 00:00:00,17.91500005722046,-0.01249999999999929,False,False,1.3805969166231806,False,0.00036822544667409335,42.978728017219716,0.00037915929469854064,0.0003874054423249055,-0.30262961448320747,-0.9053094494247182,-3.722765260010996,-0.30262961448320747,False,False,False,False,False,False,0.0,False,-0.08461536505283451,中性,1434.TW,福懋,3,v1,phase6a,2026-07-12,0,3,3,3,3,3,v1,31,0.9506578947368421,31,0.9506578947368421,47,0.9243421052631579,^TWII,yfinance,2y,2026-10-02,scan_20261005_194006,True,False
True,0,0.15833377838134766,0.033333778381347656,True,False,買入 (動能增強),12.350000381469727,2026-10-05 00:00:00,12.144999980926514,0.0,False,True,0.8781013827400912,False,0.0002547666279947427,33.943282944288065,0.0002573352603709688,0.00026865340188744286,-0.10495979534090871,-0.4938011728211511,-3.4433179168774197,-0.10495979534090871,False,False,False,False,False,False,0.10353696409144088,False,-0.05338276827950117,中性,1305.TW,華夏,2,v1,phase6a,2026-07-12,0,2,3,2,2,2,v1,83,0.8651315789473685,83,0.8651315789473685,93,0.8486842105263158,^TWII,yfinance,2y,2026-10-02,scan_20261005_194006,False,False
False,0,-0.06666692097981769,-0.21666717529296875,False,True,強烈賣出 (跌破),53.20000076293945,2026-10-05 00:00:00,53.15500049591064,-0.01000003814697692,True,True,2.00688300214929,True,0.0010974562255097568,38.19571982075328,0.0011242812412487154,0.0011649769134623059,-0.2505255543939544,-1.167529016270219,-4.289049224206465,-0.2505255543939544,False,False,False,False,False,False,0.005036818155294481,False,-0.014814800686306473,中性,8435.TWO,鉅邁,0,v1,phase6a,2026-07-12,0,0,1,0,0,0,v1,596,0.02138157894736842,596,0.02138157894736842,596,0.02138157894736842,^TWII,yfinance,2y,2026-10-02,scan_20261005_194006,False,False
True,0,167.5,97.5,True,False,買入 (動能增強),3585.0,2026-10-05 00:00:00,3395.0,14.25,False,True,1.5118546112232187,True,0.0739545209028131,278.8377916591861,0.07134218609464121,0.06663628543700707,0.3869332095659539,0.7870397548136454,5.611597501618415,0.3869332095659539,True,True,True,False,False,True,0.9075341777573256,False,0.0,偏強 (RS上升),3017.TW,奇鋐,2,v1,phase6a,2026-07-12,2,4,4,4,2,4,v1,137,0.7763157894736842,137,0.7763157894736842,44,0.9292763157894737,^TWII,yfinance,2y,2026-10-02,scan_20261005_194006,False,False
True,0,-1.0833333333333333,-2.25,True,False,觀察 (跌勢收斂),131.0,2026-10-05 00:00:00,133.55,-0.29999999999998295,True,False,0.8898115822879372,False,0.002702382772180897,53.35896542319437,0.0028321531219396893,0.002970230468146119,-0.4800046965375726,-1.8804937473470784,-7.87391877674678,-0.4800046965375726,False,False,False,False,False,False,0.0,False,-0.1714189284462725,中性,6753.TW,龍德造船,2,v1,phase6a,2026-07-12,0,2,2,2,2,2,v1,229,0.625,229,0.625,231,0.6217105263157895,^TWII,yfinance,2y,2026-10-02,scan_20261005_194006,True,False
False,0,-0.3333331743876139,-0.3249998092651367,False,True,強烈賣出 (跌破),11.550000190734863,2026-10-05 00:00:00,11.982500076293945,-0.025000000000000355,False,False,2.4000537259733155,True,0.0002382635231612822,31.08731137511175,0.00025260198708976407,0.00026827873605911985,-0.5939570565822616,-2.0855479820308997,-6.04487093682703,-0.5939570565822616,False,False,False,False,False,False,0.0,False,-0.15073530391425793,中性,3521.TWO,台鋼建設,0,v1,phase6a,2026-07-12,0,0,0,0,0,0,v1,507,0.16776315789473684,507,0.16776315789473684,508,0.16611842105263158,^TWII,yfinance,2y,2026-10-02,scan_20261005_194006,False,False
True,0,-5.551115123125783e-17,-0.8666661580403646,True,False,觀察 (跌勢收斂),74.4000015258789,2026-10-05 00:00:00,74.86000022888183,0.020000076293939628,False,False,1.3997308209959622,False,0.0015347884150669281,44.1058568603788,0.0015783355071260373,0.0016425618272551035,-0.2895854579720192,-1.023508943043705,-2.9653917214244596,-0.2895854579720192,False,False,False,False,False,False,0.027906734099909045,False,-0.08711654569473737,中性,6934.TW,心誠鎂,1,v1,phase6a,2026-07-12,0,1,2,1,1,1,v1,389,0.3618421052631579,389,0.3618421052631579,389,0.3618421052631579,^TWII,yfinance,2y,2026-10-02,scan_20261005_194006,False,False
True,0,-0.833333333333333,-5.999999999999999,True,False,觀察 (跌勢收斂),184.0,2026-10-05 00:00:00,181.275,0.07500000000001705,False,True,1.3684571936037906,False,0.0037957132067273666,576.4040802254491,0.0038009456998335913,0.004043922497993818,-0.014488734888429278,-0.9130892229863408,-2.081892730902213,-0.014488734888429278,False,False,False,False,False,True,0.6651576615038824,False,-0.10024449877750607,中性,5475.TWO,德宏,1,v1,phase6a,2026-07-12,0,1,3,1,1,1,v1,358,0.4128289473684211,358,0.4128289473684211,358,0.4128289473684211,^TWII,yfinance,2y,2026-10-02,scan_20261005_194006,False,False
True,0,-3.833333333333333,-4.249999999999999,True,False,觀察 (跌勢收斂),270.0,2026-10-05 00:00:00,273.45,-0.25,True,False,0.6589294477304216,False,0.00556979655334994,50.97767379958606,0.005754892404881405,0.005878600004944789,-0.33741781349813094,-1.4581656482048122,-3.230176283070274,-0.33741781349813094,False,False,False,False,False,False,0.0,False,-0.060869565217391286,中性,6670.TW,復盛應用,1,v1,phase6a,2026-07-12,0,1,1,1,1,1,v1,379,0.3782894736842105,379,0.3782894736842105,379,0.3782894736842105,^TWII,yfinance,2y,2026-10-02,scan_20261005_194006,False,False
True,0,0.31666676203409827,0.008333365122477204,True,False,買入 (動能增強),13.5,2026-10-05 00:00:00,13.580000019073486,0.05500001907348562,False,False,1.04280865864966,False,0.000278489827667497,25.85861749294291,0.0002847629551851763,0.0002980744666822578,-0.23135085624881313,-0.1359086226284445,1.7895628543732833,-0.23135085624881313,False,False,False,False,False,False,0.15405874955338317,False,-0.08783784959331908,中性,3499.TWO,環天科,2,v1,phase6a,2026-07-12,0,2,3,2,2,2,v1,157,0.743421052631579,157,0.743421052631579,163,0.7335526315789473,^TWII,yfinance,2y,2026-10-02,scan_20261005_194006,False,False
False,0,5.833333333333332,3.916666666666666,False,True,強烈買入 (爆發),128.5,2026-10-05 00:00:00,121.75,0.29999999999999716,False,True,1.749397734780748,True,0.0026508105818721013,71.74526995528733,0.002598122493233845,0.0026380606114653053,0.21392290075594733,0.020643445605905697,-3.278845124320273,0.21392290075594733,True,True,False,False,False,True,0.4166481995930716,False,0.0,偏強 (RS上升),2476.TW,鉅祥,3,v1,phase6a,2026-07-12,1,4,5,4,3,4,v1,42,0.9325657894736842,42,0.9325657894736842,40,0.9358552631578947,^TWII,yfinance,2y,2026-10-02,scan_20261005_194006,False,False
False,0,-0.17500050862630212,-0.9166673024495442,False,True,強烈賣出 (跌破),37.400001525878906,2026-10-05 00:00:00,36.29000015258789,-0.01499996185302166,True,True,2.162259410891175,True,0.0007715199984967512,40.45145447486723,0.0007704313685104634,0.0007945889511561122,0.01487603979604124,-1.470439934044876,-7.93395991732374,0.01487603979604124,True,False,False,False,False,False,0.2760351204614392,False,-0.0998796098046627,中性,4976.TW,佳凌,0,v1,phase6a,2026-07-12,0,0,1,0,0,0,v1,538,0.11677631578947369,538,0.11677631578947369,538,0.11677631578947369,^TWII,yfinance,2y,2026-10-02,scan_20261005_194006,False,False
True,0,1.7499999999999998,-0.6666666666666667,True,False,買入 (動能增強),155.0,2026-10-05 00:00:00,153.025,0.22499999999999432,False,True,0.9290870826326946,False,0.003197475799145336,45.07091713453685,0.0032168434441197137,0.0031898736596353665,-0.06333563579040691,-0.8205761319119209,-1.102754403792039,-0.06333563579040691,False,True,True,False,False,False,0.21275522029356703,False,-0.055770190514850326,中性,2377.TW,微星,4,v1,phase6a,2026-07-12,0,4,6,4,4,4,v1,9,0.9868421052631579,9,0.9868421052631579,22,0.9654605263157895,^TWII,yfinance,2y,2026-10-02,scan_20261005_194006,False,True
True,1,1.3166656494140625,0.5999997456868488,True,False,買入 (動能增強),82.69999694824219,2026-10-05 00:00:00,82.84499969482422,-0.03500022888182741,False,False,0.4071895298595389,False,0.0017060079924606294,21.914778624221174,0.0017303104020447656,0.0017326937103235964,-0.14762506807886044,0.0551842106746081,4.688240254087073,-0.14762506807886044,False,False,False,False,False,False,0.536807134499018,False,-0.043930671118587394,中性,6906.TW,現觀科,2,v1,phase6a,2026-07-12,0,2,2,2,2,2,v1,236,0.6134868421052632,236,0.6134868421052632,238,0.6101973684210527,^TWII,yfinance,2y,2026-10-02,scan_20261005_194006,False,False
True,0,-0.20000076293945307,-0.2500012715657552,True,False,觀察 (跌勢收斂),99.5,2026-10-05 00:00:00,99.80999984741212,0.0,False,False,0.9349453294680227,False,0.0020525731742900705,55.08086934570814,0.0021137902332942593,0.0022322301102069794,-0.3039240263016052,-1.3695245288398605,-4.886543362994821,-0.3039240263016052,False,False,False,False,False,False,0.0,False,-0.08294930875576034,中性,6791.TWO,虎門科技,1,v1,phase6a,2026-07-12,0,1,1,1,1,1,v1,383,0.3717105263157895,383,0.3717105263157895,383,0.3717105263157895,^TWII,yfinance,2y,2026-10-02,scan_20261005_194006,False,False
True,0,-0.3666664759318034,-0.44166628519694007,True,False,觀察 (跌勢收斂),23.799999237060547,2026-10-05 00:00:00,23.78499984741211,-0.010000038146973367,True,True,1.5920249710810357,True,0.000490967236001152,29.446462237909586,0.0005028088857426567,0.0005285459225580525,-0.24729216427986644,-1.6527754895940272,-5.292309895104119,-0.24729216427986644,False,False,False,False,False,False,0.02938688179690345,False,-0.03448277462977123,中性,2063.TWO,世鎧,1,v1,phase6a,2026-07-12,0,1,2,1,1,1,v1,296,0.5148026315789473,296,0.5148026315789473,296,0.5148026315789473,^TWII,yfinance,2y,2026-10-02,scan_20261005_194006,False,False
True,0,-0.1333325703938802,-0.09999942779541014,True,False,賣出 (動能轉弱),24.450000762939453,2026-10-05 00:00:00,24.63499994277954,-0.05249996185302663,True,False,0.0,False,0.0005043760369586058,32.998925837705436,0.0005213350842238687,0.0005489264501828716,-0.3412528725364572,-1.6475295060760842,-5.44781488241547,-0.3412528725364572,False,False,False,False,False,False,0.0,False,-0.07386359408210397,中性,6767.TWO,台微醫,0,v1,phase6a,2026-07-12,0,0,0,0,0,0,v1,573,0.05921052631578947,573,0.05921052631578947,573,0.05921052631578947,^TWII,yfinance,2y,2026-10-02,scan_20261005_194006,False,False
True,2,-6.357828776018537e-07,0.03333218892415365,True,False,賣出 (動能轉弱),55.79999923706055,2026-10-05 00:00:00,56.06499977111817,-0.010000038146969814,True,False,1.9953329836015667,True,0.0011510912719537374,47.906070932813364,0.0011866605179567955,0.0012291922788873297,-0.31452591864457036,-1.3157382387874006,-4.540498722775288,-0.31452591864457036,False,False,False,False,False,False,0.0,False,-0.03460207658130254,中性,1720.TW,生達,0,v1,phase6a,2026-07-12,0,0,0,0,0,0,v1,448,0.26480263157894735,448,0.26480263157894735,449,0.2631578947368421,^TWII,yfinance,2y,2026-10-02,scan_20261005_194006,False,False
True,0,-0.01666673024495443,-0.09999974568684894,True,False,觀察 (跌勢收斂),31.299999237060547,2026-10-05 00:00:00,31.410000133514405,-0.007500076293943891,False,False,1.4305952706481457,False,0.0006456838069275392,36.55828289402566,0.0006646079938410339,0.000693894694173238,-0.29883282848996995,-1.316708220024454,-4.822367000373151,-0.29883282848996995,False,False,False,False,False,False,0.0,False,-0.024922095797154098,中性,1752.TW,南光,1,v1,phase6a,2026-07-12,0,1,1,1,1,1,v1,291,0.5230263157894737,291,0.5230263157894737,292,0.5213815789473685,^TWII,yfinance,2y,2026-10-02,scan_20261005_194006,False,False
True,3,0.0,0.0,True,False,賣出 (動能轉弱),3.2699999809265137,2026-10-05 00:00:00,3.2699999809265137,0.0,False,False,1.0,False,6.745642453044025e-05,35.04424719183025,6.914659499391145e-05,7.310215956465846e-05,-0.25663749564773797,-1.2315793827817,-3.8775580907926988,-0.25663749564773797,False,False,False,False,False,False,0.0,False,0.0,中性,4804.TWO,大略-KY,0,v1,phase6a,2026-07-12,0,0,0,0,0,0,v1,533,0.125,533,0.125,533,0.125,^TWII,yfinance,2y,2026-10-02,scan_20261005_194006,False,False
False,0,-0.5499992370605468,-0.9999974568684895,False,True,強烈賣出 (跌破),88.69999694824219,2026-10-05 00:00:00,90.70500030517579,-0.08500022888182457,True,False,0.5260427397371423,False,0.001829781249201739,44.78083538380743,0.0019062671803468966,0.0019344204556700018,-0.4205753304717619,-1.5758046762844424,-3.1955703812818537,-0.4205753304717619,False,False,False,False,False,False,0.06785316886172774,False,-0.0702306548267636,中性,4938.TW,和碩,0,v1,phase6a,2026-07-12,0,0,0,0,0,0,v1,535,0.12171052631578948,535,0.12171052631578948,535,0.12171052631578948,^TWII,yfinance,2y,2026-10-02,scan_20261005_194006,False,False
True,1,-0.1916664441426595,-0.18333307902018228,True,False,賣出 (動能轉弱),13.899999618530273,2026-10-05 00:00:00,13.947499895095826,0.002499961853027699,False,False,0.9144551587399238,False,0.0002867413702476126,33.68633634066997,0.00029416781054745854,0.0003068930268452279,-0.2650387435589763,-1.5566059774655638,-3.8172383520630793,-0.2650387435589763,False,False,False,False,False,False,0.02366066267638759,False,-0.05442178238877515,中性,9919.TW,康那香,0,v1,phase6a,2026-07-12,0,0,1,0,0,0,v1,606,0.004934210526315789,606,0.004934210526315789,606,0.004934210526315789,^TWII,yfinance,2y,2026-10-02,scan_20261005_194006,False,False
True,0,0.5250000953674315,0.541666825612386,True,False,觀望 (動能減弱),16.299999237060547,2026-10-05 00:00:00,16.037499952316285,0.019999980926513672,False,True,1.067847092505436,False,0.00033625066507476475,26.396876285937836,0.0003413490303600186,0.0003580780946576957,-0.15697352343617688,-0.5698102929427962,-3.7115736790316767,-0.15697352343617688,False,False,False,False,False,False,0.08071998888404129,False,-0.1802478529200987,中性,2482.TW,連宇,0,v1,phase6a,2026-07-12,0,0,2,0,0,0,v1,467,0.23355263157894737,467,0.23355263157894737,468,0.23190789473684212,^TWII,yfinance,2y,2026-10-02,scan_20261005_194006,False,False
True,1,-0.3666648864746094,-0.19999821980794272,True,False,賣出 (動能轉弱),88.30000305175781,2026-10-05 00:00:00,89.33500022888184,-0.014999771118155536,True,False,1.4121359793854122,False,0.0018215298246609995,94.01583120344334,0.0018884859215915792,0.0019342558008346399,-0.3718218959312125,-1.6145730982440099,-4.432430807539445,-0.3718218959312125,False,False,False,False,False,False,0.0,False,-0.050537601594002,中性,2535.TW,達欣工,0,v1,phase6a,2026-07-12,0,0,0,0,0,0,v1,473,0.2236842105263158,473,0.2236842105263158,474,0.22203947368421054,^TWII,yfinance,2y,2026-10-02,scan_20261005_194006,False,False
True,1,-0.16666666666666666,-0.16666666666666666,True,False,賣出 (動能轉弱),128.0,2026-10-05 00:00:00,127.975,-0.025000000000005684,True,True,0.9319775434500449,False,0.002640496143810342,47.798471838015985,0.002710045763317774,0.0028245451690692286,-0.26941569480666283,-1.3570093878534917,-4.9477798162333775,-0.26941569480666283,False,False,False,False,False,False,0.0060465439560055305,False,-0.022900763358778664,中性,1788.TWO,杏昌,0,v1,phase6a,2026-07-12,0,0,1,0,0,0,v1,452,0.2582236842105263,452,0.2582236842105263,453,0.2565789473684211,^TWII,yfinance,2y,2026-10-02,scan_20261005_194006,False,False
True,1,0.1416667302449544,0.1833333969116211,True,False,觀望 (動能減弱),11.300000190734863,2026-10-05 00:00:00,11.367500019073486,-0.00250000953674423,False,False,0.5143360053513599,False,0.00023310630413040263,29.400611018770686,0.00024077010933934735,0.00025254217184474245,-0.3339378003343052,-1.1857352231694152,-3.7343583955949167,-0.3339378003343052,False,False,False,False,False,False,0.0,False,-0.08870963400285892,中性,4108.TW,懷特,0,v1,phase6a,2026-07-12,0,0,0,0,0,0,v1,513,0.15789473684210525,513,0.15789473684210525,513,0.15789473684210525,^TWII,yfinance,2y,2026-10-02,scan_20261005_194006,False,False
True,0,-0.9166666666666666,-1.5833333333333333,True,False,觀察 (跌勢收斂),158.0,2026-10-05 00:00:00,156.875,0.025000000000005684,False,True,0.7816606245198852,False,0.0032593624275158908,52.60537684878689,0.003319514158851441,0.003467008001886586,-0.1903804729814662,-1.294146888428649,-4.92163558881511,-0.1903804729814662,False,False,False,False,False,False,0.05616144712734227,False,-0.021671826625387025,中性,8083.TWO,瑞穎,1,v1,phase6a,2026-07-12,0,1,3,1,1,1,v1,406,0.3338815789473684,406,0.3338815789473684,406,0.3338815789473684,^TWII,yfinance,2y,2026-10-02,scan_20261005_194006,False,False
True,0,0.7916673024495441,0.7333335876464844,True,False,買入 (動能增強),38.20000076293945,2026-10-05 00:00:00,37.88749961853027,0.06000003814696697,False,True,1.1721026388602775,False,0.0007880230836569824,38.240090050883445,0.0008028056090232945,0.0008196580512153386,-0.19345219578842388,-0.3099960410644531,-1.9615182746944404,-0.19345219578842388,False,False,False,False,False,False,0.030421187441836972,False,-0.04738149085985177,中性,1609.TW,大亞,4,v1,phase6a,2026-07-12,0,4,6,4,4,4,v1,7,0.9901315789473685,7,0.9901315789473685,20,0.96875,^TWII,yfinance,2y,2026-10-02,scan_20261005_194006,False,True
False,0,-0.15833377838134763,-0.43333371480305993,False,True,強烈賣出 (跌破),25.299999237060547,2026-10-05 00:00:00,24.607500076293945,0.03499994277954244,False,True,1.454295022600068,False,0.0005219105501864294,79.12847827896076,0.0005186650576277448,0.000520534639945142,0.06591073796122782,-0.4913096964753949,-1.8187185842353126,0.06591073796122782,True,True,False,False,False,False,0.5521290922516665,False,-0.057728160982779664,中性,1409.TW,新纖,0,v1,phase6a,2026-07-12,0,0,2,0,0,0,v1,433,0.2894736842105263,433,0.2894736842105263,434,0.2878289473684211,^TWII,yfinance,2y,2026-10-02,scan_20261005_194006,False,False
False,0,-1.1666666666666665,-1.5000012715657551,False,True,強烈賣出 (跌破),65.30000305175781,2026-10-05 00:00:00,66.34000015258789,-0.054999923706049,True,False,0.6667465051647905,False,0.0013470656738200787,66.22649641417136,0.0013954416139962868,0.001436814357816326,-0.3635902370088373,-1.5452390442052932,-3.6199480074957213,-0.3635902370088373,False,False,False,False,False,False,0.0,False,-0.04392386333755505,中性,1419.TW,新紡,0,v1,phase6a,2026-07-12,0,0,0,0,0,0,v1,435,0.28618421052631576,435,0.28618421052631576,436,0.2845394736842105,^TWII,yfinance,2y,2026-10-02,scan_20261005_194006,False,False
True,0,4.099999745686849,2.833332697550456,True,False,買入 (動能增強),63.599998474121094,2026-10-05 00:00:00,63.65000057220459,-0.005000114440917969,False,False,0.3126204160557997,False,0.0013119964899785967,50.46932957931055,0.0013139375935279404,0.0012529910162923101,-0.01554829704927263,1.6589475596478387,16.900910352524857,-0.01554829704927263,False,True,True,False,False,False,0.6563147703808667,False,-0.07558145853169207,中性,8431.TWO,匯鑽科,2,v1,phase6a,2026-07-12,0,2,2,2,2,2,v1,247,0.5953947368421053,247,0.5953947368421053,248,0.59375,^TWII,yfinance,2y,2026-10-02,scan_20261005_194006,False,False
False,0,-1.1833356221516926,-1.416669209798177,False,True,強烈賣出 (跌破),88.30000305175781,2026-10-05 00:00:00,89.58499946594239,-0.03999977111816122,True,False,0.8696091426612982,False,0.0018215298246609995,42.8216688579558,0.001882816724867154,0.0018993961785870204,-0.34146837452602163,-1.5913521281035292,-2.16462412379973,-0.34146837452602163,False,False,False,False,False,False,0.06850790641915068,False,-0.07052628366570723,中性,4590.TW,富田-創,0,v1,phase6a,2026-07-12,0,0,0,0,0,0,v1,532,0.12664473684210525,532,0.12664473684210525,532,0.12664473684210525,^TWII,yfinance,2y,2026-10-02,scan_20261005_194006,False,False
True,1,1.9166666666666667,0.25,True,False,買入 (動能增強),256.0,2026-10-05 00:00:00,254.5,0.17500000000001137,False,True,1.8615040953090096,True,0.005280992287620684,108.62848823504689,0.0054136917378960064,0.005757073219187973,-0.2573551572267574,-1.1878888517730335,-6.655254415498457,-0.2573551572267574,False,False,False,False,False,False,0.0226165181740435,False,-0.152317880794702,中性,8499.TW,鼎炫-KY,2,v1,phase6a,2026-07-12,0,2,4,2,2,2,v1,249,0.5921052631578947,249,0.5921052631578947,250,0.5904605263157895,^TWII,yfinance,2y,2026-10-02,scan_20261005_194006,False,False
True,0,-0.24999968210856122,-0.4666662216186523,True,False,觀察 (跌勢收斂),30.700000762939453,2026-10-05 00:00:00,31.142499923706055,-0.05499992370605611,True,False,0.8179758542251494,False,0.0006333065127305952,68.49441042846023,0.0006587228912911081,0.0006918017734922222,-0.4045078844782113,-1.7485765260682684,-6.909383722970008,-0.4045078844782113,False,False,False,False,False,False,0.0,False,-0.11271670182582882,中性,2312.TW,金寶,1,v1,phase6a,2026-07-12,0,1,1,1,1,1,v1,298,0.5115131578947368,298,0.5115131578947368,298,0.5115131578947368,^TWII,yfinance,2y,2026-10-02,scan_20261005_194006,False,False
True,0,-0.1916667620340983,-0.11666679382324216,True,False,賣出 (動能轉弱),15.550000190734863,2026-10-05 00:00:00,15.827500009536744,0.05000000000000071,False,False,0.6263281786051681,False,0.00032077902765535537,52.42444693850158,0.0003302444756324628,0.00032878638615755615,-0.30079713275625863,-0.9936127316203192,3.8965440509870275,-0.30079713275625863,False,False,True,False,False,False,0.1834330098943104,False,-0.043076911339393065,中性,2849.TW,安泰銀,0,v1,phase6a,2026-07-12,0,0,1,0,0,0,v1,491,0.19407894736842105,491,0.19407894736842105,492,0.1924342105263158,^TWII,yfinance,2y,2026-10-02,scan_20261005_194006,False,False
True,0,-0.7000001271565754,-0.6083335876464844,True,False,賣出 (動能轉弱),43.95000076293945,2026-10-05 00:00:00,44.187500190734866,0.007500076293950997,False,False,1.767994872814869,True,0.0009066391213672126,32.01499168889815,0.0009294113384732818,0.0009478865466043786,-0.2572498218455732,-1.2465261710441267,-2.1453700202757164,-0.2572498218455732,False,False,False,False,False,False,0.0,False,-0.03193834172258614,中性,8941.TWO,關中,0,v1,phase6a,2026-07-12,0,0,1,0,0,0,v1,603,0.009868421052631578,603,0.009868421052631578,603,0.009868421052631578,^TWII,yfinance,2y,2026-10-02,scan_20261005_194006,False,False
True,0,-1.9833335876464844,-2.5666669209798174,True,False,觀察 (跌勢收斂),78.80000305175781,2026-10-05 00:00:00,81.64500007629394,-0.2849998474121094,True,False,0.6391536863890236,False,0.0016255555014875757,72.36131802907343,0.0017669704671728428,0.0020449337948208017,-0.8354089077756366,-4.337032851948819,-19.880699865060848,-0.8354089077756366,False,False,False,False,False,False,0.0,False,-0.305726845358962,中性,6919.TW,康霈*,1,v1,phase6a,2026-07-12,0,1,1,1,1,1,v1,387,0.3651315789473684,387,0.3651315789473684,387,0.3651315789473684,^TWII,yfinance,2y,2026-10-02,scan_20261005_194006,False,False
True,0,12.25,8.333333333333332,True,False,買入 (動能增強),281.5,2026-10-05 00:00:00,271.425,1.8000000000000114,False,True,0.8603701624295604,False,0.005807028628770401,175.01804360274008,0.0056810568415088395,0.005640504037642796,0.23395666682743954,0.8535673630109653,8.866082449448797,0.23395666682743954,True,True,True,False,False,True,0.6696785447520427,False,-0.032999464407751256,偏強 (RS上升),6290.TWO,良維,2,v1,phase6a,2026-07-12,2,4,4,4,2,4,v1,213,0.6513157894736842,213,0.6513157894736842,46,0.9259868421052632,^TWII,yfinance,2y,2026-10-02,scan_20261005_194006,False,False
True,0,-0.2083330154418945,-0.2833334604899089,True,False,觀察 (跌勢收斂),21.850000381469727,2026-10-05 00:00:00,22.275,-0.032499980926516514,False,False,1.2039705606274467,False,0.0004507409511681665,32.44989982008828,0.0004697901238796981,0.00048403553856430265,-0.4250097606082637,-1.5572799168251716,-4.4808418285310125,-0.4250097606082637,False,False,False,False,False,False,0.07892793913774923,False,-0.122489931075773,中性,2613.TW,中櫃,2,v1,phase6a,2026-07-12,0,2,2,2,2,2,v1,131,0.7861842105263158,131,0.7861842105263158,139,0.7730263157894737,^TWII,yfinance,2y,2026-10-02,scan_20261005_194006,True,False
True,0,-0.24999872843424475,-0.2666664123535156,True,False,觀察 (跌勢收斂),73.80000305175781,2026-10-05 00:00:00,74.52999954223633,-0.0649997711181669,True,False,1.9572615455631546,True,0.0015224111208699842,39.93511151071933,0.0015784061316111188,0.0016461720694353804,-0.3720387792634616,-1.6360775809572625,-5.673122078124592,-0.3720387792634616,False,False,False,False,False,False,0.0,False,-0.04651160727583992,中性,8341.TW,日友,1,v1,phase6a,2026-07-12,0,1,1,1,1,1,v1,408,0.3305921052631579,408,0.3305921052631579,408,0.3305921052631579,^TWII,yfinance,2y,2026-10-02,scan_20261005_194006,False,False
True,0,-0.23333326975504562,-0.4416666030883789,True,False,觀察 (跌勢收斂),26.950000762939453,2026-10-05 00:00:00,28.06750020980835,-0.09749994277953888,False,False,3.5713455409792467,True,0.0005559482272674015,24.220155288478555,0.0005991886539012326,0.0006539095208381725,-0.7539042902851456,-2.2274526241303882,-11.664750522876044,-0.7539042902851456,False,False,False,False,False,False,0.0,False,-0.27162160100163635,中性,7715.TWO,裕山,1,v1,phase6a,2026-07-12,0,1,1,1,1,1,v1,395,0.3519736842105263,395,0.3519736842105263,395,0.3519736842105263,^TWII,yfinance,2y,2026-10-02,scan_20261005_194006,False,False
True,0,-1.1666666666666665,-1.3333333333333333,True,False,觀察 (跌勢收斂),139.5,2026-10-05 00:00:00,141.025,-0.07499999999998863,True,False,0.9957209749481754,False,0.0028777282192308023,23.62757644240745,0.002981767275876318,0.0031500656778068155,-0.3659374816522565,-1.4955150885343493,-5.167985753503812,-0.3659374816522565,False,False,False,False,False,False,0.0,False,-0.06866805054958869,中性,8478.TW,東哥遊艇,1,v1,phase6a,2026-07-12,0,1,1,1,1,1,v1,415,0.3190789473684211,415,0.3190789473684211,415,0.3190789473684211,^TWII,yfinance,2y,2026-10-02,scan_20261005_194006,False,False
True,1,-0.45000139872233075,-0.33333460489908856,True,False,賣出 (動能轉弱),34.0,2026-10-05 00:00:00,34.755000305175784,0.002499961853033028,False,False,1.2391437687803972,False,0.000701381788199622,37.13311353671264,0.0007316553041377483,0.0007601167778316872,-0.43365593304096617,-1.626316693129659,-2.9800928841662744,-0.43365593304096617,False,False,False,False,False,False,0.0,False,-0.07540568047585261,中性,3206.TWO,志豐,0,v1,phase6a,2026-07-12,0,0,1,0,0,0,v1,502,0.17598684210526316,502,0.17598684210526316,503,0.17434210526315788,^TWII,yfinance,2y,2026-10-02,scan_20261005_194006,False,False
True,0,-0.1333338419596354,-0.20833396911621088,True,False,觀察 (跌勢收斂),34.0,2026-10-05 00:00:00,33.78000030517578,-0.004999923706051845,True,True,6.793711792691834,True,0.000701381788199622,31.07211558847339,0.0007149716256377716,0.0007462258348185865,-0.19967964002951533,-1.5522353211886109,-5.11236362670039,-0.19967964002951533,False,False,False,False,False,False,0.06238901813338255,False,-0.07230563207501417,中性,6615.TWO,慧智,1,v1,phase6a,2026-07-12,0,1,2,1,1,1,v1,373,0.3881578947368421,373,0.3881578947368421,373,0.3881578947368421,^TWII,yfinance,2y,2026-10-02,scan_20261005_194006,False,False
False,0,-0.23333342870076496,-0.19166676203409827,False,True,強烈賣出 (跌破),11.949999809265137,2026-10-05 00:00:00,12.209999990463256,-0.01500000953674352,False,False,0.9893235546673529,False,0.0002465150657413978,51.960743994190565,0.00025667162017768984,0.00026451712157582675,-0.4148009468416758,-1.8539508535735272,-3.0510016412734653,-0.4148009468416758,False,False,False,False,False,False,0.0,False,-0.046693916627657206,中性,2836.TW,高雄銀,0,v1,phase6a,2026-07-12,0,0,0,0,0,0,v1,490,0.19572368421052633,490,0.19572368421052633,491,0.19407894736842105,^TWII,yfinance,2y,2026-10-02,scan_20261005_194006,False,False
False,0,2.050000508626302,-0.38333257039388013,False,True,強烈買入 (爆發),82.5,2026-10-05 00:00:00,75.75499954223633,0.25,False,True,4.632272624962711,True,0.0017018822801902595,174.40844655895398,0.0016047182069092365,0.0016464532155167255,0.641446140103219,0.5011673545149087,-1.2953344350225104,0.641446140103219,True,True,False,False,False,True,0.8005562814628213,False,0.0,偏強 (RS上升),4949.TW,有成精密,3,v1,phase6a,2026-07-12,1,4,5,4,3,4,v1,56,0.9095394736842105,56,0.9095394736842105,42,0.9325657894736842,^TWII,yfinance,2y,2026-10-02,scan_20261005_194006,False,False
True,0,-0.4166666666666666,-0.8166656494140625,True,False,觀察 (跌勢收斂),79.9000015258789,2026-10-05 00:00:00,80.65499992370606,-0.1899997711181669,True,False,1.852430186537345,True,0.0016482472337462789,35.416455766555835,0.0017089594119668993,0.0018168639743302247,-0.3725627410074095,-1.945023382943556,-6.95032510765029,-0.3725627410074095,False,False,False,False,False,False,0.024354099720981202,False,-0.10022523896414137,中性,7823.TW,奧義賽博-KY創,1,v1,phase6a,2026-07-12,0,1,1,1,1,1,v1,401,0.34210526315789475,401,0.34210526315789475,401,0.34210526315789475,^TWII,yfinance,2y,2026-10-02,scan_20261005_194006,False,False
True,0,0.21666717529296875,0.05000050862630208,True,False,買入 (動能增強),39.95000076293945,2026-10-05 00:00:00,39.902499771118165,-0.0024999618530259227,False,True,0.27898658243428137,False,0.0008241236168731394,48.09471964959905,0.0008452645562207374,0.0008815855197023181,-0.26258271498558194,-1.332330679507765,-4.535747101576848,-0.26258271498558194,False,False,False,False,False,False,0.0,False,-0.04196642609069923,中性,2945.TW,三商家購,2,v1,phase6a,2026-07-12,0,2,3,2,2,2,v1,136,0.7779605263157895,136,0.7779605263157895,144,0.7648026315789473,^TWII,yfinance,2y,2026-10-02,scan_20261005_194006,False,False
True,0,0.18333307902018228,0.07499980926513672,True,False,買入 (動能增強),18.799999237060547,2026-10-05 00:00:00,18.982500076293945,-0.022500038146972656,True,False,1.028807441633093,False,0.0003878228553835605,35.844240777436504,0.0004032075719305298,0.00042946367486482824,-0.40003354122470913,-1.5201818136589385,-6.677854672444273,-0.40003354122470913,False,False,False,False,False,False,0.0,False,-0.10047848898560896,中性,2331.TW,精英,2,v1,phase6a,2026-07-12,0,2,2,2,2,2,v1,112,0.8174342105263158,112,0.8174342105263158,122,0.8009868421052632,^TWII,yfinance,2y,2026-10-02,scan_20261005_194006,False,False
False,0,0.13833316167195636,0.09833319981892903,False,True,強烈買入 (爆發),10.0,2026-10-05 00:00:00,10.046999979019166,-0.0025000095367424535,False,False,0.7422638325246609,False,0.00020628876123518296,33.936833531537744,0.00021359450296478815,0.0002273838540401135,-0.3587482679192844,-1.3038887980963532,-5.765800815669698,-0.3587482679192844,False,False,False,False,False,False,0.0,False,-0.12663754003662275,中性,2431.TW,聯昌,3,v1,phase6a,2026-07-12,0,3,3,3,3,3,v1,39,0.9375,39,0.9375,53,0.9144736842105263,^TWII,yfinance,2y,2026-10-02,scan_20261005_194006,False,False
True,1,0.5416666666666666,0.9333337148030598,True,False,觀望 (動能減弱),48.95000076293945,2026-10-05 00:00:00,49.12750053405762,0.10750007629394531,False,False,0.2587221711964607,False,0.0010097835019848042,71.08425145130384,0.0010229055227336079,0.0009862523846827834,-0.13485142618839818,-0.0604951097682882,8.390281129268251,-0.13485142618839818,False,True,True,False,False,False,0.617288711724097,False,-0.02002001971423295,中性,4198.TWO,欣大健康,0,v1,phase6a,2026-07-12,0,0,1,0,0,0,v1,521,0.14473684210526316,521,0.14473684210526316,521,0.14473684210526316,^TWII,yfinance,2y,2026-10-02,scan_20261005_194006,False,False
True,0,-0.016667048136393255,-0.1666673024495443,True,False,觀察 (跌勢收斂),58.5,2026-10-05 00:00:00,59.11999988555908,-0.0350000381469755,False,False,1.1398624926064,False,0.0012067892532258203,44.04770828394817,0.0012467125323660736,0.0012899171017004358,-0.33595012399668667,-1.2634018133106495,-3.2865480075518705,-0.33595012399668667,False,False,False,False,False,False,0.08930877507333221,False,-0.051863869098386695,中性,6792.TW,詠業,1,v1,phase6a,2026-07-12,0,1,1,1,1,1,v1,384,0.37006578947368424,384,0.37006578947368424,384,0.37006578947368424,^TWII,yfinance,2y,2026-10-02,scan_20261005_194006,False,False
True,0,-0.1316665013631185,-0.1933329900105794,True,False,觀察 (跌勢收斂),9.449999809265137,2026-10-05 00:00:00,9.491999912261964,-0.013999986648558504,True,False,1.4593661983751949,False,0.00019494287543260204,33.15132813654141,0.00020097776190237477,0.00021518223374758288,-0.3150844271142317,-1.7108664576360622,-6.761753121504843,-0.3150844271142317,False,False,False,False,False,False,0.009884628578741549,False,-0.09134613885681953,中性,1471.TW,首利,1,v1,phase6a,2026-07-12,0,1,1,1,1,1,v1,278,0.5444078947368421,278,0.5444078947368421,279,0.5427631578947368,^TWII,yfinance,2y,2026-10-02,scan_20261005_194006,False,False
True,0,-0.03965306282043456,-0.03454470634460449,True,False,賣出 (動能轉弱),7.510000228881836,2026-10-05 00:00:00,7.597350454330444,-0.008934974670410156,False,False,2.2410077853992907,True,0.00015492286440919745,34.6409228186543,0.0001606473636205892,0.00016729532816045202,-0.3736924522706575,-1.3889325890648285,-4.749518424662879,-0.3736924522706575,False,False,False,False,False,False,0.0,False,-0.055962087942025174,中性,5512.TWO,力麒,0,v1,phase6a,2026-07-12,0,0,0,0,0,0,v1,544,0.1069078947368421,544,0.1069078947368421,544,0.1069078947368421,^TWII,yfinance,2y,2026-10-02,scan_20261005_194006,False,False
True,0,2.25,1.25,True,False,買入 (動能增強),166.5,2026-10-05 00:00:00,165.725,0.19999999999998863,False,True,1.1105396478505223,False,0.0034347078745657965,49.30467429170861,0.003508186204334897,0.0035963765973500024,-0.21998678424504092,-0.7933422648380595,-3.177314009913801,-0.21998678424504092,False,False,False,False,False,False,0.0,False,-0.02631578947368418,中性,1513.TW,中興電,2,v1,phase6a,2026-07-12,0,2,4,2,2,2,v1,96,0.84375,96,0.84375,106,0.8273026315789473,^TWII,yfinance,2y,2026-10-02,scan_20261005_194006,False,False
True,0,13.916666666666666,-6.166666666666664,True,False,買入 (動能增強),548.0,2026-10-05 00:00:00,530.525,-0.3000000000000682,True,True,1.6506514126788807,True,0.011304624115688026,132.86577106022662,0.011264187739234714,0.011226241714326644,0.03780183532204884,-1.298672772443843,-7.52759465869074,0.03780183532204884,True,True,True,False,False,False,0.5116003021182265,False,-0.15170278637770895,中性,3450.TW,聯鈞,4,v1,phase6a,2026-07-12,1,5,5,5,4,5,v1,14,0.9786184210526315,14,0.9786184210526315,9,0.9868421052631579,^TWII,yfinance,2y,2026-10-02,scan_20261005_194006,False,True
True,1,-0.3666667938232422,-0.375,True,False,觀察 (跌勢收斂),42.70000076293945,2026-10-05 00:00:00,42.80749988555908,0.005000114440917969,False,False,1.3690925996759618,False,0.0008808530262128147,38.069876507033975,0.0009040157106857872,0.0009305615826464712,-0.2689797401969729,-1.555908586801913,-4.265022248818484,-0.2689797401969729,False,False,False,False,False,False,0.02642370425240898,False,-0.026165738061958654,中性,1339.TW,昭輝,1,v1,phase6a,2026-07-12,0,1,2,1,1,1,v1,267,0.5625,267,0.5625,268,0.5608552631578947,^TWII,yfinance,2y,2026-10-02,scan_20261005_194006,False,False
True,1,0.08333333333333333,0.16666666666666666,True,False,觀望 (動能減弱),113.0,2026-10-05 00:00:00,113.95,-0.04999999999999716,False,False,1.8119922646675046,True,0.0023310630019575673,50.44364816980895,0.002411498500888463,0.0024964518579703187,-0.3498766817081167,-1.430846181994394,-4.601631098795789,-0.3498766817081167,False,False,False,False,False,False,0.0,False,-0.04641350210970463,中性,9942.TW,茂順,2,v1,phase6a,2026-07-12,0,2,2,2,2,2,v1,257,0.5789473684210527,257,0.5789473684210527,258,0.5773026315789473,^TWII,yfinance,2y,2026-10-02,scan_20261005_194006,False,True
True,0,-0.5833333333333333,-0.4333330790201823,True,False,賣出 (動能轉弱),54.29999923706055,2026-10-05 00:00:00,55.52999973297119,-0.04999999999999716,False,False,1.2023203623896193,False,0.00112014795776846,40.169448898663504,0.001176543241388294,0.0012643755402940568,-0.502025211199697,-2.037847734152398,-6.663295299371407,-0.502025211199697,False,False,False,False,False,False,0.0,False,-0.14622640660667197,中性,7791.TW,皇家可口,0,v1,phase6a,2026-07-12,0,0,0,0,0,0,v1,584,0.04111842105263158,584,0.04111842105263158,584,0.04111842105263158,^TWII,yfinance,2y,2026-10-02,scan_20261005_194006,False,False
False,0,5.666666666666666,7.166666666666665,False,True,強烈買入 (爆發),234.5,2026-10-05 00:00:00,237.375,-0.22499999999999432,False,False,1.1156314926685222,False,0.004837471450965041,72.55273873111065,0.005018071807655256,0.004938050473974059,-0.37741220929055075,-1.0861110732174217,-0.9879651686798496,-0.37741220929055075,False,False,True,False,False,False,0.41982303355900136,False,-0.06759443339960236,中性,2603.TW,長榮,3,v1,phase6a,2026-07-12,0,3,3,3,3,3,v1,44,0.9292763157894737,44,0.9292763157894737,56,0.9095394736842105,^TWII,yfinance,2y,2026-10-02,scan_20261005_194006,False,False
True,0,-0.033333460489908845,-0.10833358764648436,True,False,觀察 (跌勢收斂),22.200000762939453,2026-10-05 00:00:00,22.095000076293946,0.00500001907348846,False,True,1.2215438456917733,False,0.0004579610656806897,54.12611902408841,0.00046631890976415926,0.0004777834826354758,-0.18830812109680295,-1.2405673440972431,-3.169792470187871,-0.18830812109680295,False,False,False,False,False,False,0.024424381180717412,False,-0.0022471567218222965,中性,2908.TW,特力,1,v1,phase6a,2026-07-12,0,1,3,1,1,1,v1,320,0.4753289473684211,320,0.4753289473684211,320,0.4753289473684211,^TWII,yfinance,2y,2026-10-02,scan_20261005_194006,False,False
True,2,0.16666539510091147,0.1333325703938802,True,False,買入 (動能增強),54.79999923706055,2026-10-05 00:00:00,54.964999771118165,0.014999961853028765,False,False,1.4728848172734919,False,0.0011304623958302191,41.68548884982847,0.0011622938493859038,0.0012216518124920504,-0.28745292746891193,-1.1818631183177608,-3.7606636844315644,-0.28745292746891193,False,False,False,False,False,False,0.0,False,-0.04046693230763987,中性,2496.TW,卓越,2,v1,phase6a,2026-07-12,0,2,3,2,2,2,v1,128,0.7911184210526315,128,0.7911184210526315,136,0.7779605263157895,^TWII,yfinance,2y,2026-10-02,scan_20261005_194006,False,False
True,1,0.150000254313151,0.12500031789143878,True,False,買入 (動能增強),14.449999809265137,2026-10-05 00:00:00,14.630000019073487,-0.007500028610229137,False,False,2.3413518665698816,True,0.0002980872560501935,38.16502629326612,0.00031013503638459186,0.00032111720352880806,-0.40724928540990524,-1.4091255091753907,-5.103535310693042,-0.40724928540990524,False,False,False,False,False,False,0.0,False,-0.21557145174999592,中性,5450.TWO,南良,2,v1,phase6a,2026-07-12,0,2,2,2,2,2,v1,187,0.694078947368421,187,0.694078947368421,192,0.6858552631578947,^TWII,yfinance,2y,2026-10-02,scan_20261005_194006,False,False
True,0,-0.11666870117187506,-0.45000203450520837,True,False,觀察 (跌勢收斂),71.0,2026-10-05 00:00:00,69.1,0.054999923706049,False,True,5.924779249806702,True,0.001464650204769799,30.315567190872486,0.0014635924348444808,0.0015387227841652871,0.007608175013484875,-1.0875122863191367,-4.563098054844272,0.007608175013484875,True,False,False,False,False,False,0.12914347327681025,False,-0.01114210331134835,中性,7736.TW,虎山,1,v1,phase6a,2026-07-12,0,1,3,1,1,1,v1,397,0.34868421052631576,397,0.34868421052631576,397,0.34868421052631576,^TWII,yfinance,2y,2026-10-02,scan_20261005_194006,False,False
True,0,-1.3833338419596353,-0.950000762939453,True,False,賣出 (動能轉弱),73.5,2026-10-05 00:00:00,75.81500015258788,-0.09500007629395668,False,False,1.3375857413359973,False,0.0015162223950785949,41.64797417313416,0.0015986175844211422,0.0016730767174519855,-0.539614737373828,-2.0828117454897432,-4.770039341414922,-0.539614737373828,False,False,False,False,False,False,0.0,False,-0.08354111225921979,中性,6923.TW,中台,0,v1,phase6a,2026-07-12,0,0,0,0,0,0,v1,579,0.049342105263157895,579,0.049342105263157895,579,0.049342105263157895,^TWII,yfinance,2y,2026-10-02,scan_20261005_194006,False,False
True,0,-0.6833324432373047,-0.8999993006388346,True,False,觀察 (跌勢收斂),31.450000762939453,2026-10-05 00:00:00,31.02249994277954,0.010000038146969814,False,True,1.7796420840170408,True,0.000648778169823234,22.590377870101747,0.0006667888067085517,0.0007625398653463601,-0.2835202627658129,-3.223775556520103,-15.13749348636072,-0.2835202627658129,False,False,False,False,False,False,0.11444661597036114,False,-0.2291666335529745,中性,6541.TW,泰福-KY,1,v1,phase6a,2026-07-12,0,1,3,1,1,1,v1,370,0.3930921052631579,370,0.3930921052631579,370,0.3930921052631579,^TWII,yfinance,2y,2026-10-02,scan_20261005_194006,False,False
True,1,-0.03333282470703125,0.11666742960611975,True,False,賣出 (動能轉弱),82.19999694824219,2026-10-05 00:00:00,82.53000068664551,0.04999999999999716,False,False,1.2201080556090864,False,0.0016956935543988702,43.71182687010078,0.0017505614173301642,0.0018569038264754638,-0.3288414796687955,-1.3467872658924795,-5.519304655563461,-0.3288414796687955,False,False,False,False,False,False,0.0,False,-0.0764045286714361,中性,4129.TWO,聯合,0,v1,phase6a,2026-07-12,0,0,1,0,0,0,v1,518,0.14967105263157895,518,0.14967105263157895,518,0.14967105263157895,^TWII,yfinance,2y,2026-10-02,scan_20261005_194006,False,False
True,0,0.3499991099039714,0.4333324432373047,True,False,觀望 (動能減弱),51.599998474121094,2026-10-05 00:00:00,52.12000045776367,0.039999961853027344,False,False,1.3467442835244752,False,0.0010644499764963771,33.451485089938856,0.0011025031529507464,0.0011631136305973858,-0.3620032394504591,-1.1463397934401542,-3.8009335196734995,-0.3620032394504591,False,False,False,False,False,False,0.0,False,-0.10416666942614106,中性,8938.TWO,明安,0,v1,phase6a,2026-07-12,0,0,1,0,0,0,v1,602,0.011513157894736841,602,0.011513157894736841,602,0.011513157894736841,^TWII,yfinance,2y,2026-10-02,scan_20261005_194006,False,False
True,0,-0.23333390553792313,-0.33333365122477204,True,False,觀察 (跌勢收斂),30.200000762939453,2026-10-05 00:00:00,30.532499980926513,-0.059999942779541016,False,False,1.4068382380235105,False,0.0006229920746688361,32.254311944251455,0.0006482517969937203,0.0006996478300401427,-0.4084919909357443,-1.778047191557186,-7.524693826242935,-0.4084919909357443,False,False,False,False,False,False,0.0,False,-0.18046127507581256,中性,1533.TW,車王電,1,v1,phase6a,2026-07-12,0,1,1,1,1,1,v1,283,0.5361842105263158,283,0.5361842105263158,284,0.5345394736842105,^TWII,yfinance,2y,2026-10-02,scan_20261005_194006,False,False
True,1,0.04166793823242187,0.05000114440917968,True,False,觀望 (動能減弱),33.70000076293945,2026-10-05 00:00:00,33.91250019073486,-0.03249988555908345,True,False,0.9511993048437298,False,0.0006951931411011501,42.16061932745379,0.0007195951393869844,0.0007456812749852696,-0.3556854417821276,-1.4057541690083442,-5.924590990323764,-0.3556854417821276,False,False,False,False,False,False,0.0,False,-0.08174386751047358,中性,3716.TW,中化控股,2,v1,phase6a,2026-07-12,0,2,2,2,2,2,v1,168,0.725328947368421,168,0.725328947368421,174,0.7154605263157895,^TWII,yfinance,2y,2026-10-02,scan_20261005_194006,False,True
False,0,-0.3166669209798177,-0.25833352406819665,False,True,強烈賣出 (跌破),17.799999237060547,2026-10-05 00:00:00,18.554999923706056,-0.035000038146971946,False,False,5.737922976208485,True,0.00036719397926004223,21.42993115579505,0.0003929239073950723,0.0004200348364953879,-0.6845784191375714,-1.7935561428734204,-7.586611031032242,-0.6845784191375714,False,False,False,False,False,False,0.0,False,-0.13170735428972946,中性,4192.TWO,杏國,0,v1,phase6a,2026-07-12,0,0,0,0,0,0,v1,520,0.14638157894736842,520,0.14638157894736842,520,0.14638157894736842,^TWII,yfinance,2y,2026-10-02,scan_20261005_194006,False,False
True,1,-0.0666662851969401,-0.09999974568684895,True,False,觀察 (跌勢收斂),28.950000762939453,2026-10-05 00:00:00,29.005000114440918,-0.004999923706055398,False,False,0.7316045575973072,False,0.0005972059795144382,48.478725872358005,0.0006130523271347486,0.0006345981657573254,-0.271348842504604,-1.3192621226116974,-4.0731563762263505,-0.271348842504604,False,False,False,False,False,False,0.0,False,-0.015306083722096187,中性,9908.TW,大台北,1,v1,phase6a,2026-07-12,0,1,1,1,1,1,v1,419,0.3125,419,0.3125,419,0.3125,^TWII,yfinance,2y,2026-10-02,scan_20261005_194006,False,False
True,0,-0.3333339691162109,-0.8666674296061196,True,False,觀察 (跌勢收斂),61.79999923706055,2026-10-05 00:00:00,62.214999961853025,-0.21000003814697266,True,False,0.9938935780921762,False,0.0012748645286948474,38.89294809189223,0.001308678409537717,0.001342930529851229,-0.2712432130825393,-1.400170661198663,-2.9918999628759657,-0.2712432130825393,False,False,False,False,False,False,0.23244112179016213,False,-0.08983802874427693,中性,3438.TWO,類比科,1,v1,phase6a,2026-07-12,0,1,1,1,1,1,v1,332,0.4555921052631579,332,0.4555921052631579,332,0.4555921052631579,^TWII,yfinance,2y,2026-10-02,scan_20261005_194006,False,False
True,0,-0.133332888285319,-6.938893903907228e-18,True,False,賣出 (動能轉弱),27.200000762939453,2026-10-05 00:00:00,28.16749973297119,-0.03249998092651296,False,False,0.7096560533661352,False,0.0005611054462982811,29.568498378569856,0.000592931318086672,0.0006162447972637467,-0.5618306577795273,-1.5886009025544379,-2.4795728500713765,-0.5618306577795273,False,False,False,False,False,False,0.0,False,-0.07083784156756368,中性,2235.TWO,謚源,0,v1,phase6a,2026-07-12,0,0,0,0,0,0,v1,461,0.24342105263157895,461,0.24342105263157895,462,0.24177631578947367,^TWII,yfinance,2y,2026-10-02,scan_20261005_194006,False,False
True,0,0.5500005086263021,0.8666674296061198,True,False,觀望 (動能減弱),58.70000076293945,2026-10-05 00:00:00,59.36000003814697,0.04500007629394531,False,False,0.4923918378126266,False,0.0012109150441891076,49.85696948022066,0.001249781597928756,0.0012331754929040166,-0.32628637745997224,-1.3249243831379376,-0.030718482260816415,-0.32628637745997224,False,False,True,False,False,False,0.39627770259837364,False,-0.08992246879163635,中性,2609.TW,陽明,1,v1,phase6a,2026-07-12,0,1,2,1,1,1,v1,307,0.4967105263157895,307,0.4967105263157895,307,0.4967105263157895,^TWII,yfinance,2y,2026-10-02,scan_20261005_194006,True,False
True,0,-0.19166692097981772,-0.20833333333333334,True,False,觀察 (跌勢收斂),20.049999237060547,2026-10-05 00:00:00,20.279999923706054,-0.03250007629394602,False,False,0.7638205771358961,False,0.0004136089505379584,31.35219366650809,0.00042961910609215514,0.00045339054633366605,-0.3907401798342036,-1.8950084157118186,-6.7560636993070355,-0.3907401798342036,False,False,False,False,False,False,0.0,False,-0.08863639831542969,中性,2646.TW,星宇航空,1,v1,phase6a,2026-07-12,0,1,1,1,1,1,v1,311,0.4901315789473684,311,0.4901315789473684,311,0.4901315789473684,^TWII,yfinance,2y,2026-10-02,scan_20261005_194006,False,False
True,0,-0.3666667938232422,-0.3916664123535156,True,False,觀察 (跌勢收斂),34.5,2026-10-05 00:00:00,35.104999732971194,-0.04999999999999716,True,False,0.2685666982024598,False,0.0007116962262613812,39.86766434958282,0.0007415193010014001,0.0007826084754297669,-0.42157186436748706,-1.5274527492710965,-5.116332959646586,-0.42157186436748706,False,False,False,False,False,False,0.022264865810914733,False,-0.07008082428722229,中性,1423.TW,利華,1,v1,phase6a,2026-07-12,0,1,1,1,1,1,v1,271,0.555921052631579,271,0.555921052631579,272,0.5542763157894737,^TWII,yfinance,2y,2026-10-02,scan_20261005_194006,False,False
True,0,-0.14166688919067383,-0.2500001589457194,True,False,觀察 (跌勢收斂),14.149999618530273,2026-10-05 00:00:00,14.080000019073486,-0.00250000953674423,True,True,0.29888149348783205,False,0.0002918985892784922,22.578689303275983,0.0002969785737601839,0.00031868710049722134,-0.17973488663501902,-1.5160468079434497,-4.611974204738278,-0.17973488663501902,False,False,False,False,False,False,0.06674918799019529,False,-0.10158732580760166,中性,3272.TWO,東碩,1,v1,phase6a,2026-07-12,0,1,2,1,1,1,v1,330,0.4588815789473684,330,0.4588815789473684,330,0.4588815789473684,^TWII,yfinance,2y,2026-10-02,scan_20261005_194006,False,False
False,0,118.33333333333333,81.66666666666666,False,True,強烈買入 (爆發),1630.0,2026-10-05 00:00:00,1485.0,11.25,False,True,1.5392490635335594,True,0.03362506808133482,243.44991515645987,0.0313369597352832,0.031055993930990972,0.7745455600345341,0.7236429460222515,5.986938409000486,0.7745455600345341,True,True,True,True,False,True,1.0,False,0.0,強勢 (RS強勁),3491.TWO,昇達科,3,v1,phase6a,2026-07-12,3,6,5,6,3,6,v1,51,0.9177631578947368,51,0.9177631578947368,3,0.9967105263157895,^TWII,yfinance,2y,2026-10-02,scan_20261005_194006,False,False
True,0,1.1666666666666665,1.6666666666666665,True,False,觀望 (動能減弱),135.5,2026-10-05 00:00:00,137.425,-0.07499999999998863,False,False,0.8198302465606035,False,0.002795212714736729,27.27322010100014,0.0029093506875671835,0.002981556212007946,-0.41126400117669215,-1.4147181734102565,-4.091008293940956,-0.41126400117669215,False,False,False,False,False,False,0.03322071570238697,False,-0.045774647887323994,中性,6605.TW,帝寶,2,v1,phase6a,2026-07-12,0,2,2,2,2,2,v1,223,0.6348684210526315,223,0.6348684210526315,226,0.6299342105263158,^TWII,yfinance,2y,2026-10-02,scan_20261005_194006,False,True
True,0,-0.3999993006388346,-0.3333326975504557,True,False,賣出 (動能轉弱),18.0,2026-10-05 00:00:00,18.70500020980835,-0.060000038146970525,False,False,1.7077553876236151,True,0.00037131977022332934,22.280352138147766,0.00039474689687203147,0.0004151569849068007,-0.6208290989784593,-2.3588376817681778,-6.633207383252493,-0.6208290989784593,False,False,False,False,False,False,0.0,False,-0.12195121951219512,中性,4102.TWO,永日,1,v1,phase6a,2026-07-12,0,1,1,1,1,1,v1,340,0.44243421052631576,340,0.44243421052631576,340,0.44243421052631576,^TWII,yfinance,2y,2026-10-02,scan_20261005_194006,True,False
True,0,-0.15833330154418943,-0.14166657129923502,True,False,賣出 (動能轉弱),12.699999809265137,2026-10-05 00:00:00,12.827499914169312,-0.0025000095367424535,True,False,0.058126573468400125,False,0.0002619867228340365,22.23465210324139,0.0002699521893948722,0.0002890656899739713,-0.30963777172502427,-1.3157278269011696,-2.6258010684315103,-0.30963777172502427,False,False,False,False,False,False,0.013124207264431857,False,-0.17532466728222007,中性,6246.TWO,臺龍,0,v1,phase6a,2026-07-12,0,0,0,0,0,0,v1,561,0.07894736842105263,561,0.07894736842105263,561,0.07894736842105263,^TWII,yfinance,2y,2026-10-02,scan_20261005_194006,False,False
True,0,1.2416667938232422,0.7499993642171223,True,False,買入 (動能增強),51.20000076293945,2026-10-05 00:00:00,50.98000011444092,-0.02499999999999858,True,True,0.8387736789321543,False,0.0010561984732627202,173.12930778576134,0.001069795837580874,0.0009908546547808203,-0.1336132604325746,0.2005774402594529,2.6168399480956728,-0.1336132604325746,False,True,True,False,False,False,0.6187535681593465,False,-0.13073006050019031,中性,6141.TW,柏承,2,v1,phase6a,2026-07-12,0,2,3,2,2,2,v1,194,0.6825657894736842,194,0.6825657894736842,199,0.6743421052631579,^TWII,yfinance,2y,2026-10-02,scan_20261005_194006,False,False
False,0,-0.5166664123535156,-0.5999994277954102,False,True,強烈賣出 (跌破),22.899999618530273,2026-10-05 00:00:00,23.347500038146972,-0.03750000000000142,True,False,1.042766644679618,False,0.00047240125535927724,29.423094314769152,0.0004941614623954915,0.0005357778166450853,-0.46138359007693586,-2.2963369530067723,-7.922363974262936,-0.46138359007693586,False,False,False,False,False,False,0.0,False,-0.12595423848525655,中性,9955.TW,佳龍,0,v1,phase6a,2026-07-12,0,0,0,0,0,0,v1,608,0.001644736842105263,608,0.001644736842105263,608,0.001644736842105263,^TWII,yfinance,2y,2026-10-02,scan_20261005_194006,False,False
True,1,0.09833319981892903,0.05333328247070312,True,False,買入 (動能增強),9.979999542236328,2026-10-05 00:00:00,9.978999996185303,-0.0005000114440907311,False,True,4.056271086668593,True,0.00020587617426956253,38.02659736413691,0.00021137090094459446,0.0002194016097497281,-0.27289181897157677,-1.0945475580679154,-4.122507774366035,-0.27289181897157677,False,False,False,False,False,False,0.0,False,-0.034952933060157565,中性,1474.TW,弘裕,2,v1,phase6a,2026-07-12,0,2,3,2,2,2,v1,95,0.8453947368421053,95,0.8453947368421053,105,0.8289473684210527,^TWII,yfinance,2y,2026-10-02,scan_20261005_194006,False,False
True,2,4.083333333333334,2.166666666666667,True,False,買入 (動能增強),359.5,2026-10-05 00:00:00,350.175,0.07499999999998863,False,True,3.3150398106541186,True,0.007416080966404828,151.41270525994315,0.007345119258665712,0.00746103567148159,0.10179899352114052,-0.22087767366804067,2.792180840566627,0.10179899352114052,True,False,False,False,False,False,0.6963726224072908,False,0.0,中性,6983.TWO,華洋精機,4,v1,phase6a,2026-07-12,0,4,6,4,4,4,v1,26,0.9588815789473685,26,0.9588815789473685,35,0.944078947368421,^TWII,yfinance,2y,2026-10-02,scan_20261005_194006,False,True
True,0,-0.5999997456868489,-1.4333330790201821,True,False,觀察 (跌勢收斂),99.5,2026-10-05 00:00:00,100.82000007629395,-0.17499999999999716,True,False,0.8925822282207171,False,0.0020525731742900705,59.012285976212645,0.00214861921646487,0.0023176292410805803,-0.468336144789383,-2.0691250730520805,-10.17294654369245,-0.468336144789383,False,False,False,False,False,False,0.0,False,-0.30662330567056606,中性,7402.TWO,邑錡,1,v1,phase6a,2026-07-12,0,1,1,1,1,1,v1,393,0.35526315789473684,393,0.35526315789473684,393,0.35526315789473684,^TWII,yfinance,2y,2026-10-02,scan_20261005_194006,False,False
True,1,-0.01666673024495443,-0.10833326975504558,True,False,觀察 (跌勢收斂),13.149999618530273,2026-10-05 00:00:00,13.219999980926513,0.01249999999999929,False,False,5.390143090667748,True,0.00027126971315497386,42.326577365654074,0.00027941394941201136,0.00028684430411343747,-0.3058779897965658,-0.8102919084276627,-3.6526074473507086,-0.3058779897965658,False,False,False,False,False,False,0.041845857304258605,False,-0.1204013520869297,中性,1468.TW,昶和,2,v1,phase6a,2026-07-12,0,2,3,2,2,2,v1,93,0.8486842105263158,93,0.8486842105263158,103,0.8322368421052632,^TWII,yfinance,2y,2026-10-02,scan_20261005_194006,True,False
True,0,0.625,0.5083338419596354,True,False,買入 (動能增強),51.0,2026-10-05 00:00:00,50.432499694824216,0.03500003814696839,False,True,1.1246498354445247,False,0.0010520726822994331,43.98594520946,0.001068737513464726,0.0011035987201960167,-0.16386794442689867,-0.8596988605976796,-3.6792259693198215,-0.16386794442689867,False,False,False,False,False,False,0.03833358664013845,False,-0.001956917360217414,中性,8432.TWO,東生華,2,v1,phase6a,2026-07-12,0,2,4,2,2,2,v1,248,0.59375,248,0.59375,249,0.5921052631578947,^TWII,yfinance,2y,2026-10-02,scan_20261005_194006,False,False
True,0,-0.08333365122477213,-0.1333335240681966,True,False,觀察 (跌勢收斂),10.899999618530273,2026-10-05 00:00:00,10.952499961853027,-0.010000038146973367,False,False,1.8304216565795308,True,0.0002248547418770577,30.003651878434937,0.0002313059489810294,0.00024101390036742153,-0.2927233930907769,-1.4818691089020897,-4.603825048341703,-0.2927233930907769,False,False,False,False,False,False,0.0,False,-0.04042738948480351,中性,1453.TW,大將,1,v1,phase6a,2026-07-12,0,1,1,1,1,1,v1,275,0.5493421052631579,275,0.5493421052631579,276,0.5476973684210527,^TWII,yfinance,2y,2026-10-02,scan_20261005_194006,False,False
True,0,1.3166669209798176,1.3500010172526042,True,False,觀望 (動能減弱),69.69999694824219,2026-10-05 00:00:00,69.30500068664551,-0.020000076293939628,True,True,0.5963868250206604,False,0.0014378326028548914,39.38450632195724,0.0014727505018138156,0.0015310864557350492,-0.24895037996408576,-0.8347261206941292,-4.636696810350616,-0.24895037996408576,False,False,False,False,False,False,0.0,False,-0.052009312511206884,中性,6874.TWO,倍力,0,v1,phase6a,2026-07-12,0,0,1,0,0,0,v1,578,0.05098684210526316,578,0.05098684210526316,578,0.05098684210526316,^TWII,yfinance,2y,2026-10-02,scan_20261005_194006,False,False
True,0,-0.33333333333333337,0.5000006357828775,True,False,賣出 (動能轉弱),60.79999923706055,2026-10-05 00:00:00,64.0450008392334,-0.13500003814696981,True,False,2.1563632933058394,True,0.001254235652571329,30.978350417349585,0.0013492708678848422,0.0014226481562734435,-0.735959243324591,-1.905627535902632,-3.8415415373263095,-0.735959243324591,False,False,False,False,False,False,0.0,False,-0.11240877026188978,中性,8272.TWO,全景軟體,0,v1,phase6a,2026-07-12,0,0,0,0,0,0,v1,594,0.024671052631578948,594,0.024671052631578948,594,0.024671052631578948,^TWII,yfinance,2y,2026-10-02,scan_20261005_194006,False,False
True,0,-0.3416665395100912,-0.4166666666666667,True,False,觀察 (跌勢收斂),42.79999923706055,2026-10-05 00:00:00,43.077500343322754,-0.03250007629394247,False,False,0.8579479493703466,False,0.0008829158823479996,52.67051363186273,0.0009091889151099135,0.0009383741638705738,-0.3032588142889314,-1.2552800368568096,-3.579480591858508,-0.3032588142889314,False,False,False,False,False,False,0.0,False,-0.016091971561826512,中性,9918.TW,欣天然,1,v1,phase6a,2026-07-12,0,1,1,1,1,1,v1,422,0.30756578947368424,422,0.30756578947368424,422,0.30756578947368424,^TWII,yfinance,2y,2026-10-02,scan_20261005_194006,False,False
True,0,-1.0916668574015298,-0.9500001271565756,True,False,賣出 (動能轉弱),26.799999237060547,2026-10-05 00:00:00,27.627499866485596,-0.02000007629394318,True,False,0.9480341419449182,False,0.0005528538643717069,51.33414289498595,0.0005823336487678272,0.0005971448926100258,-0.5300547018180501,-2.340252681685806,-5.935842109461731,-0.5300547018180501,False,False,False,False,False,False,0.18220239167870741,False,-0.14920637342664933,中性,6598.TW,ABC-KY,1,v1,phase6a,2026-07-12,0,1,1,1,1,1,v1,371,0.39144736842105265,371,0.39144736842105265,371,0.39144736842105265,^TWII,yfinance,2y,2026-10-02,scan_20261005_194006,True,False
True,1,-0.0666656494140625,0.16666793823242188,True,False,賣出 (動能轉弱),96.5999984741211,2026-10-05 00:00:00,96.42499923706055,-0.020000076293939628,True,True,0.5797458539112916,False,0.0019927494020547006,43.49256874736211,0.0020398853539202624,0.002125337908421694,-0.24264304681552717,-1.3548294627673707,-4.152812045309706,-0.24264304681552717,False,False,False,False,False,False,0.01093213753729527,False,-0.02424243965534245,中性,6752.TWO,叡揚,0,v1,phase6a,2026-07-12,0,0,1,0,0,0,v1,571,0.0625,571,0.0625,571,0.0625,^TWII,yfinance,2y,2026-10-02,scan_20261005_194006,False,False
True,0,-4.083333333333333,-5.583333333333333,True,False,觀察 (跌勢收斂),269.5,2026-10-05 00:00:00,274.475,-0.14999999999997726,True,False,1.0353029985945343,False,0.005559482115288181,132.20001156288748,0.005760009592560165,0.005761440970191997,-0.3651223936649406,-1.2860430364443287,-1.7400411236109914,-0.3651223936649406,False,False,False,False,False,False,0.5728255868717582,False,-0.04262877442273538,中性,4967.TW,十銓,1,v1,phase6a,2026-07-12,0,1,1,1,1,1,v1,350,0.42598684210526316,350,0.42598684210526316,350,0.42598684210526316,^TWII,yfinance,2y,2026-10-02,scan_20261005_194006,False,False
True,0,-0.04166634877522786,-0.17499987284342444,True,False,觀察 (跌勢收斂),25.700000762939453,2026-10-05 00:00:00,25.757500076293944,0.015000057220458274,False,False,1.1419786284333249,False,0.0005301621321130037,44.13151132238562,0.0005452408103410091,0.0005696302013426286,-0.29026113734725856,-1.2774508882789193,-4.825511277757711,-0.29026113734725856,False,False,False,False,False,False,0.0,False,-0.09026545971895739,中性,1325.TW,恆大,2,v1,phase6a,2026-07-12,0,2,3,2,2,2,v1,88,0.8569078947368421,88,0.8569078947368421,98,0.8404605263157895,^TWII,yfinance,2y,2026-10-02,scan_20261005_194006,True,False
True,1,-0.016666889190673825,-0.08333349227905273,True,False,觀察 (跌勢收斂),15.649999618530273,2026-10-05 00:00:00,15.594999933242798,0.002499961853027699,False,True,1.5633697724823232,True,0.0003228419034637696,25.756527958165915,0.00033027259662276546,0.00034616604527140806,-0.2362685231219075,-1.381406386381323,-4.981179328881047,-0.2362685231219075,False,False,False,False,False,False,0.012604175224000147,False,-0.07669622925631858,中性,1539.TW,巨庭,1,v1,phase6a,2026-07-12,0,1,3,1,1,1,v1,284,0.5345394736842105,284,0.5345394736842105,285,0.5328947368421053,^TWII,yfinance,2y,2026-10-02,scan_20261005_194006,False,False
True,0,0.12499968210856117,0.10833326975504556,True,False,買入 (動能增強),17.299999237060547,2026-10-05 00:00:00,17.189999961853026,0.0024999618530259227,False,True,0.5456808102994455,False,0.00035687954119828307,42.9494325218431,0.00036493432146722683,0.0003844286022947387,-0.2317968515992197,-1.1557990864106138,-4.9407306324105615,-0.2317968515992197,False,False,False,False,False,False,0.009734778383706132,False,-0.04419895732312795,中性,4173.TWO,久裕,2,v1,phase6a,2026-07-12,0,2,4,2,2,2,v1,174,0.7154605263157895,174,0.7154605263157895,179,0.7072368421052632,^TWII,yfinance,2y,2026-10-02,scan_20261005_194006,False,False
True,0,-0.34999974568684894,-0.08333333333333334,True,False,賣出 (動能轉弱),74.0999984741211,2026-10-05 00:00:00,74.96000022888184,-0.010000228881835938,False,False,1.1268677181058981,False,0.0015285996892755388,35.37085332082407,0.0015858913327796154,0.0016808578721364117,-0.37883132431295596,-1.3426775817183545,-4.516536950712702,-0.37883132431295596,False,False,False,False,False,False,0.0,False,-0.09079756473471046,中性,2228.TW,劍麟,0,v1,phase6a,2026-07-12,0,0,0,0,0,0,v1,460,0.2450657894736842,460,0.2450657894736842,461,0.24342105263157895,^TWII,yfinance,2y,2026-10-02,scan_20261005_194006,False,False
True,0,-1.589457193987287e-07,-0.10000006357828775,True,False,觀察 (跌勢收斂),13.399999618530273,2026-10-05 00:00:00,13.409999895095826,-0.0400000095367421,True,False,1.1141240523699207,False,0.00027642693218585344,40.54705430840144,0.0002837331186173942,0.000291332361811748,-0.27032208560181514,-1.2829778280545656,-5.26892425915756,-0.27032208560181514,False,False,False,False,False,False,0.05845535321117313,False,-0.05633804235778117,中性,1440.TW,南紡,1,v1,phase6a,2026-07-12,0,1,1,1,1,1,v1,272,0.5542763157894737,272,0.5542763157894737,273,0.5526315789473685,^TWII,yfinance,2y,2026-10-02,scan_20261005_194006,False,False
False,0,-2.63333257039388,-2.900000254313151,False,True,強烈賣出 (跌破),74.30000305175781,2026-10-05 00:00:00,76.42499961853028,-0.19499969482421875,False,False,0.6209836643799869,False,0.0015327255589317433,69.47274692816092,0.0015891124463360523,0.0015608179992068442,-0.372118091352458,-1.9977559564172354,0.870844497608414,-0.372118091352458,False,False,True,False,False,False,0.42156951014982835,False,-0.06775400380493335,中性,2606.TW,裕民,0,v1,phase6a,2026-07-12,0,0,0,0,0,0,v1,477,0.21710526315789475,477,0.21710526315789475,478,0.21546052631578946,^TWII,yfinance,2y,2026-10-02,scan_20261005_194006,False,False
True,0,-0.2666667302449544,-0.3666664759318034,True,False,觀察 (跌勢收斂),25.299999237060547,2026-10-05 00:00:00,25.38749990463257,-0.015000057220458274,True,False,1.6516842093700939,True,0.0005219105501864294,50.08311505802957,0.0005377707144922785,0.0005910486602088086,-0.30948582671971314,-1.5365109032377422,-6.450304343292279,-0.30948582671971314,False,False,False,False,False,False,0.0025356702548553515,False,-0.29131656312666687,中性,6220.TWO,岳豐,1,v1,phase6a,2026-07-12,0,1,1,1,1,1,v1,365,0.40131578947368424,365,0.40131578947368424,365,0.40131578947368424,^TWII,yfinance,2y,2026-10-02,scan_20261005_194006,False,False
True,1,-0.049999237060546875,-0.0666656494140625,True,False,觀察 (跌勢收斂),92.5,2026-10-05 00:00:00,93.025,-0.040000152587879256,False,False,2.257968444237296,True,0.0019081710414254425,41.3366887999403,0.0019653949534290363,0.0020423315077520124,-0.3055449471518368,-1.353906477550848,-3.8982476354283424,-0.3055449471518368,False,False,False,False,False,False,0.0,False,-0.03343779571876948,中性,5403.TWO,中菲,1,v1,phase6a,2026-07-12,0,1,1,1,1,1,v1,357,0.4144736842105263,357,0.4144736842105263,357,0.4144736842105263,^TWII,yfinance,2y,2026-10-02,scan_20261005_194006,False,False
True,0,0.5166664123535156,0.35833295186360675,True,False,買入 (動能增強),41.75,2026-10-05 00:00:00,41.61749973297119,-0.039999961853027344,True,True,0.5503981213077459,False,0.0008612555781568889,32.90983675544325,0.0008846547741108452,0.0009410017873717373,-0.27764893532642443,-1.5170875272100814,-6.346999073667381,-0.27764893532642443,False,False,False,False,False,False,0.04920348819398062,False,-0.08942199804947071,中性,6856.TWO,鑫傳,2,v1,phase6a,2026-07-12,0,2,3,2,2,2,v1,234,0.6167763157894737,234,0.6167763157894737,236,0.6134868421052632,^TWII,yfinance,2y,2026-10-02,scan_20261005_194006,False,False
False,0,2.3833338419596353,0.21666717529296897,False,True,強烈買入 (爆發),92.5,2026-10-05 00:00:00,87.17000045776368,0.2750000000000057,False,True,0.7286875280411456,False,0.0019081710414254425,208.27101053238624,0.0018366833062483112,0.001888138269498882,0.41139276090125243,1.4923067007369673,3.117016600476963,0.41139276090125243,True,True,False,False,False,True,0.945462349047741,False,0.0,偏強 (RS上升),4577.TWO,達航科技,3,v1,phase6a,2026-07-12,1,4,5,4,3,4,v1,55,0.9111842105263158,55,0.9111842105263158,41,0.9342105263157895,^TWII,yfinance,2y,2026-10-02,scan_20261005_194006,False,False
True,0,-2.38333257039388,-2.2999979654947915,True,False,賣出 (動能轉弱),97.69999694824219,2026-10-05 00:00:00,99.53500022888184,-0.10500030517577841,False,False,0.3702631793448308,False,0.002015441134313404,70.25399463168354,0.0020725512175253703,0.0020069320359984784,-0.2892184778535922,-2.0017039877157194,2.143594689844175,-0.2892184778535922,False,True,True,False,False,False,0.46336932648444934,False,-0.046829298065929836,中性,2637.TW,慧洋-KY,0,v1,phase6a,2026-07-12,0,0,0,0,0,0,v1,483,0.20723684210526316,483,0.20723684210526316,484,0.20559210526315788,^TWII,yfinance,2y,2026-10-02,scan_20261005_194006,False,False
True,1,-0.024999936421712235,-0.02499993642171224,True,False,觀察 (跌勢收斂),20.799999237060547,2026-10-05 00:00:00,20.88499994277954,-0.00500001907348846,True,False,1.134044120225862,False,0.00042908060763059713,44.87230932504263,0.0004414228005779438,0.00045607984120317295,-0.2934523848477921,-1.3479904756060423,-3.9648830780751543,-0.2934523848477921,False,False,False,False,False,False,0.0,False,-0.018867995824705996,中性,1731.TW,美吾華,1,v1,phase6a,2026-07-12,0,1,1,1,1,1,v1,290,0.524671052631579,290,0.524671052631579,291,0.5230263157894737,^TWII,yfinance,2y,2026-10-02,scan_20261005_194006,False,False
True,0,-0.44166660308837885,-0.20833333333333334,True,False,賣出 (動能轉弱),29.100000381469727,2026-10-05 00:00:00,29.167500019073486,-0.0024999618530259227,True,False,3.142456386142422,True,0.0006003003030636742,36.63535940081953,0.0006158017640234877,0.000634723690912526,-0.26427667776122155,-1.7531725789748154,-4.028942848595618,-0.26427667776122155,False,False,False,False,False,False,0.07908872273125687,False,-0.06730770288839827,中性,5487.TWO,通泰,0,v1,phase6a,2026-07-12,0,0,0,0,0,0,v1,542,0.11019736842105263,542,0.11019736842105263,542,0.11019736842105263,^TWII,yfinance,2y,2026-10-02,scan_20261005_194006,False,False
False,0,0.8666661580403645,0.05833244323730463,False,True,強烈買入 (爆發),44.650001525878906,2026-10-05 00:00:00,41.78499984741211,0.14000015258788778,False,True,4.10498089978963,True,0.0009210793503922589,55.997214986885034,0.0008900444202880948,0.0009519452685708148,0.3683939243701584,-0.3532460858457265,-5.278568388673522,0.3683939243701584,True,False,False,False,False,True,0.2943526139007871,False,-0.09812572255626884,中性,2355.TW,敬鵬,3,v1,phase6a,2026-07-12,0,3,5,3,3,3,v1,38,0.9391447368421053,38,0.9391447368421053,52,0.9161184210526315,^TWII,yfinance,2y,2026-10-02,scan_20261005_194006,False,False
True,0,-2.833333333333333,-3.1666666666666665,True,False,觀察 (跌勢收斂),169.5,2026-10-05 00:00:00,171.975,-0.09999999999999432,True,False,0.985147507251522,False,0.0034965945029363514,35.75236336548075,0.0036366671737440913,0.0038601524001879127,-0.4038025020201341,-1.8887101793342076,-6.534199227993842,-0.4038025020201341,False,False,False,False,False,False,0.0,False,-0.12294454537035115,中性,4441.TW,振大環球,1,v1,phase6a,2026-07-12,0,1,1,1,1,1,v1,345,0.4342105263157895,345,0.4342105263157895,345,0.4342105263157895,^TWII,yfinance,2y,2026-10-02,scan_20261005_194006,False,False
True,0,0.16666666666666663,0.2000001271565755,True,False,觀望 (動能減弱),31.399999618530273,2026-10-05 00:00:00,31.64000005722046,-0.010000038146973367,False,False,0.9987005261041374,False,0.0006477467024091828,39.37113879997962,0.0006689711020884475,0.0006845005998170442,-0.3328560580507567,-1.264138422548322,-3.486379510178783,-0.3328560580507567,False,False,False,False,False,False,0.0,False,-0.018750011920928955,中性,1593.TWO,祺驊,0,v1,phase6a,2026-07-12,0,0,0,0,0,0,v1,445,0.26973684210526316,445,0.26973684210526316,446,0.2680921052631579,^TWII,yfinance,2y,2026-10-02,scan_20261005_194006,False,False
True,0,0.12499999999999999,0.08333333333333333,True,False,買入 (動能增強),30.049999237060547,2026-10-05 00:00:00,30.809999847412108,-0.052500057220459695,True,False,1.916339853881199,True,0.0006198977117731413,48.03162355239322,0.0006577728096742913,0.000756160119722744,-0.602462289418848,-2.27350429239932,-10.043405615042412,-0.602462289418848,False,False,False,False,False,False,0.0,False,-0.3867347094477439,中性,2429.TW,銘旺科,2,v1,phase6a,2026-07-12,0,2,2,2,2,2,v1,122,0.8009868421052632,122,0.8009868421052632,130,0.787828947368421,^TWII,yfinance,2y,2026-10-02,scan_20261005_194006,False,False
True,1,0.05833307902018229,-0.03333346048990884,True,False,買入 (動能增強),40.95000076293945,2026-10-05 00:00:00,40.96999988555908,0.0,False,False,0.7289839125479368,False,0.0008447524929966578,38.74433961155399,0.0008651713762541504,0.0008964546189690136,-0.2478156063966619,-1.0980177250011436,-3.1352797202535587,-0.2478156063966619,False,False,False,False,False,False,0.0,False,-0.008474539481517107,中性,8916.TWO,光隆,2,v1,phase6a,2026-07-12,0,2,2,2,2,2,v1,250,0.5904605263157895,250,0.5904605263157895,251,0.5888157894736842,^TWII,yfinance,2y,2026-10-02,scan_20261005_194006,False,False
True,0,-1.8333333333333333,-1.5833333333333335,True,False,賣出 (動能轉弱),116.5,2026-10-05 00:00:00,118.7,-0.125,True,False,0.8615896012998779,False,0.0024032640683898814,51.28014870961704,0.002513792867610414,0.0026498334341397175,-0.46069865578672875,-2.201511680363577,-7.152488670911472,-0.46069865578672875,False,False,False,False,False,False,0.0,False,-0.10384615384615381,中性,4953.TWO,緯致,0,v1,phase6a,2026-07-12,0,0,0,0,0,0,v1,537,0.11842105263157894,537,0.11842105263157894,537,0.11842105263157894,^TWII,yfinance,2y,2026-10-02,scan_20261005_194006,False,False
True,0,-0.5833358764648436,-0.43333562215169263,True,False,賣出 (動能轉弱),77.69999694824219,2026-10-05 00:00:00,78.4599998474121,-0.005000305175784092,False,False,1.7109916972006067,True,0.0016028636118430378,47.48230425989222,0.0016562202296281025,0.001710348769876097,-0.33796858798106344,-1.5203861654329964,-3.7425155895454476,-0.33796858798106344,False,False,False,False,False,False,0.0,False,-0.022641547820853036,中性,5609.TWO,中菲行,0,v1,phase6a,2026-07-12,0,0,0,0,0,0,v1,549,0.09868421052631579,549,0.09868421052631579,549,0.09868421052631579,^TWII,yfinance,2y,2026-10-02,scan_20261005_194006,False,False
False,0,0.9333333969116211,0.9500001271565756,False,True,強烈買入 (爆發),31.350000381469727,2026-10-05 00:00:00,31.842500114440917,-0.0024999618530294754,True,False,1.1228427383888704,False,0.0006467152743415903,32.005357435792526,0.0006773992807526425,0.0007233045484952874,-0.4745455418017297,-0.5912585609515131,-4.8473337467774265,-0.4745455418017297,False,False,False,False,False,False,0.0,False,-0.2073973703793861,中性,6698.TW,旭暉應材,3,v1,phase6a,2026-07-12,0,3,3,3,3,3,v1,70,0.8865131578947368,70,0.8865131578947368,75,0.8782894736842105,^TWII,yfinance,2y,2026-10-02,scan_20261005_194006,False,False
True,0,0.4750000635782877,0.008333206176757812,True,False,買入 (動能增強),21.600000381469727,2026-10-05 00:00:00,19.92250003814697,0.04999999999999716,False,True,4.55244368673613,True,0.00044558373213728693,31.630301910656957,0.00042596511118556547,0.00045487402194945806,0.48717103753035396,-0.9937879256495141,-7.983509660883026,0.48717103753035396,True,False,False,False,False,True,0.17925424855343267,False,-0.23809523489149476,中性,3284.TWO,太普高,2,v1,phase6a,2026-07-12,0,2,4,2,2,2,v1,149,0.756578947368421,149,0.756578947368421,156,0.7450657894736842,^TWII,yfinance,2y,2026-10-02,scan_20261005_194006,False,False
True,0,-0.5249999364217122,-0.6416667302449544,True,False,觀察 (跌勢收斂),28.200000762939453,2026-10-05 00:00:00,28.580000019073488,-0.039999961853027344,True,False,0.7953302750990612,False,0.0005817343224217994,30.550820905854685,0.000606698126799461,0.0006819009927564211,-0.4312583628044875,-2.11145785523964,-8.847631906102894,-0.4312583628044875,False,False,False,False,False,False,0.0,False,-0.2787723308581703,中性,7814.TWO,海昌生技,1,v1,phase6a,2026-07-12,0,1,1,1,1,1,v1,399,0.34539473684210525,399,0.34539473684210525,399,0.34539473684210525,^TWII,yfinance,2y,2026-10-02,scan_20261005_194006,False,False
True,1,0.0,0.0,True,False,賣出 (動能轉弱),14.949999809265137,2026-10-05 00:00:00,14.99249997138977,-0.0025000095367424535,True,False,0.7939389230348789,False,0.0003084016941119527,40.08496906175229,0.00031716865705211004,0.0003302066891689833,-0.2901172203561786,-1.316078292588363,-4.26176196889112,-0.2901172203561786,False,False,False,False,False,False,0.0,False,-0.022875841640948136,中性,1432.TW,大魯閣,0,v1,phase6a,2026-07-12,0,0,0,0,0,0,v1,436,0.2845394736842105,436,0.2845394736842105,437,0.28289473684210525,^TWII,yfinance,2y,2026-10-02,scan_20261005_194006,False,False
True,1,0.1416667302449544,0.1250001589457194,True,False,買入 (動能增強),12.350000381469727,2026-10-05 00:00:00,12.300000143051147,0.01000003814697159,False,True,0.8635935398011424,False,0.0002547666279947427,34.24628348792764,0.00026103963870739943,0.00027540438991447574,-0.2523183145163199,-1.118835843788446,-4.5033155265005735,-0.2523183145163199,False,False,False,False,False,False,0.007579057565867892,False,-0.10830324611448305,中性,1449.TW,佳和,2,v1,phase6a,2026-07-12,0,2,4,2,2,2,v1,92,0.850328947368421,92,0.850328947368421,102,0.8338815789473685,^TWII,yfinance,2y,2026-10-02,scan_20261005_194006,False,False
True,0,-0.2833340962727865,-0.2333335876464844,True,False,賣出 (動能轉弱),56.599998474121094,2026-10-05 00:00:00,57.064999961853026,-0.07000007629394389,True,False,0.6129419004631389,False,0.0011675943571139687,40.9528068065642,0.0012084917362582205,0.0012627160793144687,-0.35496363032617717,-1.9608313952305445,-5.871736419991802,-0.35496363032617717,False,False,False,False,False,False,0.008363250986724842,False,-0.10158732580760166,中性,6516.TWO,勤崴國際,0,v1,phase6a,2026-07-12,0,0,0,0,0,0,v1,564,0.07401315789473684,564,0.07401315789473684,564,0.07401315789473684,^TWII,yfinance,2y,2026-10-02,scan_20261005_194006,False,False
True,1,-0.016666730244954422,-0.04999987284342447,True,False,觀察 (跌勢收斂),21.549999237060547,2026-10-05 00:00:00,21.37750005722046,0.009999942779540305,False,True,1.7439270923750172,True,0.0004445522647232358,40.78902950458731,0.00045171085581371153,0.0004588892460693322,-0.1665403771111129,-1.1221104194382048,-3.107089595410628,-0.1665403771111129,False,False,False,False,False,False,0.1055190850316008,False,-0.00691251247028013,中性,1323.TW,永裕,1,v1,phase6a,2026-07-12,0,1,3,1,1,1,v1,263,0.569078947368421,263,0.569078947368421,265,0.5657894736842105,^TWII,yfinance,2y,2026-10-02,scan_20261005_194006,False,False
True,0,2.1666666666666665,1.75,True,False,買入 (動能增強),159.5,2026-10-05 00:00:00,158.425,0.025000000000005684,False,True,0.5246401276215322,False,0.0032903057417011682,89.3304279850249,0.003362806679460482,0.003392309040803206,-0.2264298245584162,-0.9826423010351859,-4.698906999508878,-0.2264298245584162,False,False,False,False,False,False,0.16460339147145667,False,-0.053412462908011826,中性,2850.TW,新產,2,v1,phase6a,2026-07-12,0,2,4,2,2,2,v1,135,0.7796052631578947,135,0.7796052631578947,143,0.7664473684210527,^TWII,yfinance,2y,2026-10-02,scan_20261005_194006,False,False
True,0,0.0,-0.056666692097981766,True,False,觀察 (跌勢收斂),9.869999885559082,2026-10-05 00:00:00,9.817500066757201,-0.005000019073486683,True,True,1.1878868651582848,False,0.00020360700497833807,42.30688391716322,0.00020772428580377974,0.00021103429217937008,-0.20820657385497432,-0.9120208097120996,-4.140451957852842,-0.20820657385497432,False,False,False,False,False,False,0.21396003500263974,False,-0.03707318189667497,中性,1455.TW,集盛,1,v1,phase6a,2026-07-12,0,1,2,1,1,1,v1,276,0.5476973684210527,276,0.5476973684210527,277,0.5460526315789473,^TWII,yfinance,2y,2026-10-02,scan_20261005_194006,False,False
True,0,0.42499987284342444,0.4666671752929687,True,False,觀望 (動能減弱),41.099998474121094,2026-10-05 00:00:00,41.03249950408936,-0.007500076293943891,False,True,0.6213468448330104,False,0.0008478467771994351,48.98823033957697,0.0008689214258470858,0.0008998885389956733,-0.25465304683868206,-1.1484899979599672,-3.328899311571687,-0.25465304683868206,False,False,False,False,False,False,0.0,False,-0.014388543833112055,中性,6697.TWO,東捷資訊,0,v1,phase6a,2026-07-12,0,0,1,0,0,0,v1,569,0.06578947368421052,569,0.06578947368421052,569,0.06578947368421052,^TWII,yfinance,2y,2026-10-02,scan_20261005_194006,False,False
True,0,-0.416666030883789,-0.2833328247070312,True,False,賣出 (動能轉弱),24.0,2026-10-05 00:00:00,24.619999885559082,-0.05500001907348562,False,False,0.8947024508300144,False,0.0004950930269644391,48.319240693727465,0.0005185858243686543,0.0005186899372214926,-0.47459639447516855,-2.0156373843596476,-3.964943363978879,-0.47459639447516855,False,False,False,False,False,False,0.18962983277213175,False,-0.06796116504854366,中性,1904.TW,正隆,0,v1,phase6a,2026-07-12,0,0,0,0,0,0,v1,456,0.25164473684210525,456,0.25164473684210525,457,0.25,^TWII,yfinance,2y,2026-10-02,scan_20261005_194006,False,False
True,0,0.29999987284342444,0.2583338419596354,True,False,買入 (動能增強),40.099998474121094,2026-10-05 00:00:00,40.11999988555908,-0.010000038146969814,False,False,0.4988079360342623,False,0.0008272179010759168,40.54734440396168,0.0008532193154477117,0.0009060622547352656,-0.3197582593796877,-1.4517490345951511,-6.415226052397916,-0.3197582593796877,False,False,False,False,False,False,0.0,False,-0.06960557090973718,中性,6184.TW,大豐電,2,v1,phase6a,2026-07-12,0,2,2,2,2,2,v1,200,0.6726973684210527,200,0.6726973684210527,205,0.6644736842105263,^TWII,yfinance,2y,2026-10-02,scan_20261005_194006,False,False
True,0,0.1333332061767578,0.058333714803059884,True,False,買入 (動能增強),42.79999923706055,2026-10-05 00:00:00,43.0399995803833,-0.04500007629394531,False,False,1.1781734944625846,False,0.0008829158823479996,38.48013904397351,0.0009101256983342519,0.0009395737449863792,-0.31371553939609775,-1.2977746432554116,-4.299526419108335,-0.31371553939609775,False,False,False,False,False,False,0.0,False,-0.021714303152901793,中性,6123.TWO,上奇,4,v1,phase6a,2026-07-12,0,4,4,4,4,4,v1,20,0.96875,20,0.96875,30,0.9523026315789473,^TWII,yfinance,2y,2026-10-02,scan_20261005_194006,False,True
True,0,0.6583334604899087,0.6750001907348632,True,False,觀望 (動能減弱),28.950000762939453,2026-10-05 00:00:00,30.467500114440917,-0.0625,False,False,2.5000225213998344,True,0.0005972059795144382,39.81822382575995,0.000649765367910132,0.000686112096479602,-0.8442827152538968,-1.827187533357344,-8.038212748104467,-0.8442827152538968,False,False,False,False,False,False,0.0,False,-0.3040864945956925,中性,5227.TWO,立凱-KY,0,v1,phase6a,2026-07-12,0,0,0,0,0,0,v1,541,0.1118421052631579,541,0.1118421052631579,541,0.1118421052631579,^TWII,yfinance,2y,2026-10-02,scan_20261005_194006,False,False
True,0,-0.9166666666666666,-1.0833333333333333,True,False,觀察 (跌勢收斂),72.5999984741211,2026-10-05 00:00:00,72.96000061035156,-0.02999992370605753,True,False,1.004469283208299,False,0.0014976563750902614,92.01706055661704,0.0015420671587979239,0.0015951683675504765,-0.30223653354800595,-1.9805650293803656,-5.6807053704174715,-0.30223653354800595,False,False,False,False,False,False,0.044741983293851935,False,-0.1438679733323881,中性,2423.TW,固緯,1,v1,phase6a,2026-07-12,0,1,1,1,1,1,v1,304,0.5016447368421053,304,0.5016447368421053,304,0.5016447368421053,^TWII,yfinance,2y,2026-10-02,scan_20261005_194006,False,False
True,0,0.5833333333333333,0.300000508626302,True,False,買入 (動能增強),80.0999984741211,2026-10-05 00:00:00,78.83999900817871,0.004999923706051845,False,True,0.7640473284872924,False,0.0016523729460166485,31.165076614725226,0.0016836996171345749,0.0018342898385518957,-0.19546827958758506,-1.3282908288598905,-8.268682176441155,-0.19546827958758506,False,False,False,False,False,False,0.0537491553693473,False,-0.11978023654811987,中性,8279.TWO,生展,2,v1,phase6a,2026-07-12,0,2,4,2,2,2,v1,243,0.6019736842105263,243,0.6019736842105263,244,0.600328947368421,^TWII,yfinance,2y,2026-10-02,scan_20261005_194006,False,False
False,0,-0.14999993642171225,-0.14999993642171222,False,True,強烈賣出 (跌破),23.25,2026-10-05 00:00:00,23.45999994277954,-0.010000038146973367,False,False,0.9075407482483772,False,0.0004796213698718004,42.92468879483627,0.0004947590924216834,0.0005119738353918218,-0.3210307917201338,-1.453044224802147,-3.4083399940225134,-0.3210307917201338,False,False,False,False,False,False,0.0,False,-0.01691330338191066,中性,1604.TW,聲寶,0,v1,phase6a,2026-07-12,0,0,0,0,0,0,v1,446,0.2680921052631579,446,0.2680921052631579,447,0.26644736842105265,^TWII,yfinance,2y,2026-10-02,scan_20261005_194006,False,False
True,0,1.2833340962727864,0.5166676839192709,True,False,買入 (動能增強),46.70000076293945,2026-10-05 00:00:00,44.79249992370605,0.05500011444091513,False,True,1.4200726511189767,False,0.000963368530706888,85.92694614951023,0.0009599347175139114,0.001045835825471152,0.037668204613927614,-0.9468639210626795,-8.277050935084407,0.037668204613927614,True,False,False,False,False,True,0.129607052744968,False,-0.17198582447712607,中性,3093.TWO,港建*,2,v1,phase6a,2026-07-12,0,2,4,2,2,2,v1,141,0.7697368421052632,141,0.7697368421052632,148,0.7582236842105263,^TWII,yfinance,2y,2026-10-02,scan_20261005_194006,False,False
True,0,11.75,7.083333333333333,True,False,買入 (動能增強),442.0,2026-10-05 00:00:00,418.675,1.5500000000000114,False,True,1.081977531323554,False,0.009117963246595088,37.69651675472186,0.008965265380181045,0.009667578685343538,0.17960794410505354,-1.6347571063758837,-8.086981105775982,0.17960794410505354,True,False,False,False,False,True,0.1945022527914498,False,-0.1564885496183206,中性,6415.TW,矽力*-KY,2,v1,phase6a,2026-07-12,0,2,4,2,2,2,v1,214,0.649671052631579,214,0.649671052631579,217,0.6447368421052632,^TWII,yfinance,2y,2026-10-02,scan_20261005_194006,False,False
False,0,3.833332697550455,3.249999364217122,False,True,強烈買入 (爆發),60.599998474121094,2026-10-05 00:00:00,59.619999694824216,0.054999923706049,False,True,0.7017058671730406,False,0.0012501098616080418,72.03221757430883,0.0012673449826928922,0.0012827569748485347,-0.14294686305412752,0.4433465432525985,-1.0220901605542565,-0.14294686305412752,False,False,False,False,False,False,0.6398615312916572,False,-0.03194888256789341,中性,4540.TW,全球傳動,3,v1,phase6a,2026-07-12,0,3,5,3,3,3,v1,54,0.912828947368421,54,0.912828947368421,64,0.8963815789473685,^TWII,yfinance,2y,2026-10-02,scan_20261005_194006,False,False
True,0,0.036666711171468094,0.03500008583068848,True,False,買入 (動能增強),5.21999979019165,2026-10-05 00:00:00,5.198499941825867,0.0029999971389775837,False,True,1.0613592196173636,False,0.00010768272903665505,21.350862153108594,0.00011010124333606524,0.00011597461999582787,-0.23069054611660755,-1.0524785998184516,-3.82232805807059,-0.23069054611660755,False,False,False,False,False,False,0.009640630073852791,False,-0.050909129056063596,中性,1340.TW,勝悅-KY,2,v1,phase6a,2026-07-12,0,2,4,2,2,2,v1,89,0.8552631578947368,89,0.8552631578947368,99,0.8388157894736842,^TWII,yfinance,2y,2026-10-02,scan_20261005_194006,False,False
True,0,-0.7749999364217122,-0.8666667938232421,True,False,觀察 (跌勢收斂),28.700000762939453,2026-10-05 00:00:00,29.81999988555908,-0.11499996185302663,True,False,1.2647543269633625,False,0.0005920487604835586,38.452304558977026,0.0006359403230145556,0.0006755548043105025,-0.7212690397186416,-2.9770929417912373,-12.448836054466083,-0.7212690397186416,False,False,False,False,False,False,0.0,False,-0.36008914739429376,中性,1515.TW,力山,1,v1,phase6a,2026-07-12,0,1,1,1,1,1,v1,281,0.5394736842105263,281,0.5394736842105263,282,0.537828947368421,^TWII,yfinance,2y,2026-10-02,scan_20261005_194006,False,False
True,0,4.333333333333333,3.333333333333333,True,False,買入 (動能增強),187.0,2026-10-05 00:00:00,186.55,0.0,False,True,1.5566213570684575,True,0.0038575998350979216,41.24973825937199,0.003959293488903515,0.004022853597718519,-0.2696372872435959,-1.2422288592328856,-4.585762947906458,-0.2696372872435959,False,False,False,False,False,False,0.045329277288532525,False,-0.05316455696202527,中性,5288.TW,豐祥-KY,2,v1,phase6a,2026-07-12,0,2,3,2,2,2,v1,184,0.6990131578947368,184,0.6990131578947368,189,0.6907894736842105,^TWII,yfinance,2y,2026-10-02,scan_20261005_194006,False,False
True,1,0.050000031789143876,0.008333365122477211,True,False,買入 (動能增強),12.699999809265137,2026-10-05 00:00:00,12.734999942779542,-0.007500028610229137,False,False,0.7323047709470686,False,0.0002619867228340365,31.46968019928241,0.0002703052115609751,0.00028736225012019375,-0.32289537343502817,-1.2915034629987,-5.976836668201935,-0.32289537343502817,False,False,False,False,False,False,0.0059278933482365586,False,-0.06959705756881374,中性,4121.TWO,優盛,2,v1,phase6a,2026-07-12,0,2,2,2,2,2,v1,169,0.7236842105263158,169,0.7236842105263158,175,0.7138157894736842,^TWII,yfinance,2y,2026-10-02,scan_20261005_194006,False,False
True,0,0.2500003178914388,0.2500001589457194,True,False,買入 (動能增強),13.550000190734863,2026-10-05 00:00:00,13.4125,0.0,False,True,0.8763381044257399,False,0.0002795212754083188,32.04974203847073,0.0002852961896043499,0.0003067200870435551,-0.2126187617955244,-0.8554194236883972,-5.629911725404657,-0.2126187617955244,False,False,False,False,False,False,0.08642564288570788,False,-0.16871160583082356,中性,5344.TWO,立衛,2,v1,phase6a,2026-07-12,0,2,3,2,2,2,v1,186,0.6957236842105263,186,0.6957236842105263,191,0.6875,^TWII,yfinance,2y,2026-10-02,scan_20261005_194006,False,False
True,1,0.1333332061767578,0.10000038146972656,True,False,買入 (動能增強),32.29999923706055,2026-10-05 00:00:00,32.402499771118165,-0.014999961853028765,True,False,0.9302028536402169,False,0.0006663126830510575,41.635448142243256,0.0006855582189178075,0.0007056428645554772,-0.2946324652395971,-1.315876117575876,-4.125131483643807,-0.2946324652395971,False,False,False,False,False,False,0.0,False,-0.04296298556857636,中性,1321.TW,大洋,2,v1,phase6a,2026-07-12,0,2,2,2,2,2,v1,87,0.8585526315789473,87,0.8585526315789473,97,0.8421052631578947,^TWII,yfinance,2y,2026-10-02,scan_20261005_194006,False,False
False,0,-5.366667429606119,-5.416667938232421,False,True,強烈賣出 (跌破),79.69999694824219,2026-10-05 00:00:00,84.58999977111816,0.004999923706051845,False,False,0.40511319421969944,False,0.0016441213640900744,58.66494321137442,0.0017281879789646094,0.0016575380794294648,-0.5094374422954018,-2.2169476164470736,8.480804095516925,-0.5094374422954018,False,False,True,False,False,False,0.6098807605152697,False,-0.10650224579617784,中性,6224.TW,聚鼎,0,v1,phase6a,2026-07-12,0,0,1,0,0,0,v1,560,0.0805921052631579,560,0.0805921052631579,560,0.0805921052631579,^TWII,yfinance,2y,2026-10-02,scan_20261005_194006,False,False
True,1,-0.09166622161865237,-0.2749993006388346,True,False,觀察 (跌勢收斂),18.049999237060547,2026-10-05 00:00:00,17.372500038146974,0.03750000000000142,False,True,6.060574128476163,True,0.0003723511982909218,42.46345637359321,0.0003682901933528712,0.0003790796401443211,0.11620481819805129,-1.3780259544644125,-5.6829449337787885,0.11620481819805129,True,False,False,False,False,False,0.21489281554217898,False,-0.029569953394039672,中性,3520.TWO,華盈,1,v1,phase6a,2026-07-12,0,1,3,1,1,1,v1,333,0.45394736842105265,333,0.45394736842105265,333,0.45394736842105265,^TWII,yfinance,2y,2026-10-02,scan_20261005_194006,False,False
False,0,0.90833314259847,0.6083332697550455,False,True,強烈買入 (爆發),29.5,2026-10-05 00:00:00,28.040000247955323,0.07749996185302876,False,True,2.295364579469028,True,0.0006085518456437897,46.41182501066357,0.0005969734652996753,0.0006167611340225322,0.2045769680063092,-0.06317387855782064,-3.46369049074301,0.2045769680063092,True,False,False,False,False,True,0.3030899613651557,False,0.0,中性,5353.TWO,台林,3,v1,phase6a,2026-07-12,0,3,5,3,3,3,v1,59,0.9046052631578947,59,0.9046052631578947,66,0.8930921052631579,^TWII,yfinance,2y,2026-10-02,scan_20261005_194006,False,False
True,0,0.9333343505859374,1.100001017252604,True,False,觀望 (動能減弱),89.80000305175781,2026-10-05 00:00:00,91.25499954223633,0.070000076293951,False,False,0.7878531670170775,False,0.001852473138846277,19.997985724802287,0.0019515783424543425,0.002148757238079447,-0.5317059648568323,-1.7373389663499106,-8.90526810089166,-0.5317059648568323,False,False,False,False,False,False,0.0,False,-0.2258620426572603,中性,9958.TW,世紀鋼,0,v1,phase6a,2026-07-12,0,0,1,0,0,0,v1,609,0.0,609,0.0,609,0.0,^TWII,yfinance,2y,2026-10-02,scan_20261005_194006,False,False
True,0,0.6250003178914387,0.43333403269449866,True,False,買入 (動能增強),24.149999618530273,2026-10-05 00:00:00,23.687500095367433,0.027499961853028054,False,True,1.0210017533140046,False,0.0004981873505136751,35.95849875917699,0.0005034013373629145,0.000525470352607736,-0.10890773430409784,-0.3387489394997445,-3.740447310080275,-0.10890773430409784,False,False,False,False,False,False,0.08067848511412985,False,-0.06213593714445542,中性,6229.TWO,研通,2,v1,phase6a,2026-07-12,0,2,4,2,2,2,v1,206,0.662828947368421,206,0.662828947368421,211,0.6546052631578947,^TWII,yfinance,2y,2026-10-02,scan_20261005_194006,False,False
False,0,-0.3166669209798177,-0.29166666666666663,False,True,強烈賣出 (跌破),28.049999237060547,2026-10-05 00:00:00,28.47249984741211,-0.035000038146971946,True,False,2.577449557631212,True,0.0005786399595261048,16.543406731723053,0.0006001342026894543,0.0006276539240418595,-0.3755916502951151,-1.7591045447032827,-4.116119641976934,-0.3755916502951151,False,False,False,False,False,False,0.0,False,-0.0327586469979122,中性,6294.TWO,智基,0,v1,phase6a,2026-07-12,0,0,0,0,0,0,v1,563,0.0756578947368421,563,0.0756578947368421,563,0.0756578947368421,^TWII,yfinance,2y,2026-10-02,scan_20261005_194006,False,False
True,0,2.93333371480306,3.0499998728434243,True,False,觀望 (動能減弱),61.20000076293945,2026-10-05 00:00:00,62.89000053405762,-0.1449998855590806,False,False,0.6029341315577191,False,0.0012624872344979032,89.01146646503675,0.0013174912484453217,0.001261377990909556,-0.43754089812269026,-0.254957357051111,4.562661656562184,-0.43754089812269026,False,True,True,False,False,False,0.2042215521115206,False,-0.3259912036781074,中性,2434.TW,統懋,1,v1,phase6a,2026-07-12,0,1,1,1,1,1,v1,305,0.5,305,0.5,305,0.5,^TWII,yfinance,2y,2026-10-02,scan_20261005_194006,True,False
False,0,5.916666666666666,1.0,False,True,強烈買入 (爆發),171.5,2026-10-05 00:00:00,153.0,1.2750000000000057,False,True,6.943423121740409,True,0.003537852255183388,80.04840305740356,0.003261948229208285,0.0032617614262240436,0.8983413604853663,0.6630717021651078,-2.975136306763093,0.8983413604853663,True,True,True,False,False,True,0.6423116564448064,False,-0.047222222222222276,偏強 (RS上升),6419.TWO,京晨科,3,v1,phase6a,2026-07-12,2,5,5,5,3,5,v1,69,0.8881578947368421,69,0.8881578947368421,15,0.9769736842105263,^TWII,yfinance,2y,2026-10-02,scan_20261005_194006,False,False
True,0,-0.09166701634724934,-0.10000022252400716,True,False,觀察 (跌勢收斂),13.149999618530273,2026-10-05 00:00:00,13.292500066757203,-0.015000009536741743,False,False,1.84550149236601,True,0.00027126971315497386,30.172912966381112,0.0002809430376825335,0.00029381694851774836,-0.3611292580860903,-1.5127640760325356,-4.8423462770997965,-0.3611292580860903,False,False,False,False,False,False,0.0,False,-0.03261750953822917,中性,2616.TW,山隆,1,v1,phase6a,2026-07-12,0,1,1,1,1,1,v1,310,0.4917763157894737,310,0.4917763157894737,310,0.4917763157894737,^TWII,yfinance,2y,2026-10-02,scan_20261005_194006,False,False
True,1,-0.11666647593180338,-0.1499997774759928,True,False,觀察 (跌勢收斂),14.25,2026-10-05 00:00:00,14.332499933242797,-0.012500000000001066,True,False,0.5572228015570397,False,0.0002939614847601357,25.569648692244385,0.00030348525196242617,0.00032333629158608614,-0.3292420789816619,-1.4845247921296711,-6.128847503212542,-0.3292420789816619,False,False,False,False,False,False,0.0,False,-0.07766989152618076,中性,8450.TWO,霹靂,1,v1,phase6a,2026-07-12,0,1,1,1,1,1,v1,413,0.3223684210526316,413,0.3223684210526316,413,0.3223684210526316,^TWII,yfinance,2y,2026-10-02,scan_20261005_194006,False,False
True,0,0.11166683832804362,0.09166685740152995,True,False,買入 (動能增強),10.25,2026-10-05 00:00:00,10.219000005722046,-0.0025000095367424535,True,True,1.5496635639997964,True,0.00021144598026606254,31.267617695058917,0.00021750366800427163,0.00023386218480723927,-0.29231112325640574,-1.508724461427302,-6.5730845475051485,-0.29231112325640574,False,False,False,False,False,False,0.019437532367711678,False,-0.14225940053547814,中性,6167.TWO,久正,2,v1,phase6a,2026-07-12,0,2,3,2,2,2,v1,199,0.6743421052631579,199,0.6743421052631579,204,0.6661184210526315,^TWII,yfinance,2y,2026-10-02,scan_20261005_194006,False,False
True,0,-8.0,-2.5,True,False,賣出 (動能轉弱),362.5,2026-10-05 00:00:00,370.675,-0.25,True,False,0.33518377837879765,False,0.007477967594775383,36.78794974861209,0.007813557812358965,0.008064850192321033,-0.450067679929389,-2.0610610021436493,-4.394185509336445,-0.450067679929389,False,False,False,False,False,False,0.014517510863545035,False,-0.08919597989949746,中性,8464.TW,億豐,0,v1,phase6a,2026-07-12,0,0,0,0,0,0,v1,599,0.01644736842105263,599,0.01644736842105263,599,0.01644736842105263,^TWII,yfinance,2y,2026-10-02,scan_20261005_194006,False,False
False,0,8.166666666666666,4.583333333333333,False,True,強烈買入 (爆發),289.5,2026-10-05 00:00:00,284.0,0.17500000000001137,False,True,0.9096467401226526,False,0.0059720596377585465,145.08499133526968,0.006051682273720918,0.006191034806249723,-0.1383043256512395,-0.6297106407689101,-5.604212909984563,-0.1383043256512395,False,False,False,False,False,False,0.41325117113358595,False,-0.08386075949367089,中性,2451.TW,創見,3,v1,phase6a,2026-07-12,0,3,5,3,3,3,v1,40,0.9358552631578947,40,0.9358552631578947,54,0.912828947368421,^TWII,yfinance,2y,2026-10-02,scan_20261005_194006,False,False
True,0,-0.10833342870076497,-0.09166669845581055,True,False,賣出 (動能轉弱),11.449999809265137,2026-10-05 00:00:00,11.697500085830688,-0.022499990463257902,False,False,0.890573146651718,False,0.00023620062767963862,40.503395915527555,0.00024760462363808986,0.0002598032721727724,-0.48247439305346695,-2.0643794671678206,-6.794426704686263,-0.48247439305346695,False,False,False,False,False,False,0.0,False,-0.09842519832859187,中性,1531.TW,高林股,0,v1,phase6a,2026-07-12,0,0,0,0,0,0,v1,441,0.27631578947368424,441,0.27631578947368424,442,0.2746710526315789,^TWII,yfinance,2y,2026-10-02,scan_20261005_194006,False,False
True,0,0.08333333333333331,-0.17499955495198563,True,False,買入 (動能增強),19.049999237060547,2026-10-05 00:00:00,18.467499923706054,0.027499961853028054,False,True,2.3945184339658137,True,0.00039298007441444007,34.87332692318927,0.00039135329889902455,0.0004098052378049232,0.043774893003467596,-0.4940738646330489,-4.318312069395869,0.043774893003467596,True,False,False,False,False,True,0.19946548655081445,False,-0.08192774761153987,中性,6916.TW,華凌,2,v1,phase6a,2026-07-12,0,2,4,2,2,2,v1,237,0.6118421052631579,237,0.6118421052631579,239,0.6085526315789473,^TWII,yfinance,2y,2026-10-02,scan_20261005_194006,False,False
True,0,0.04500015576680501,0.06666676203409831,True,False,觀望 (動能減弱),7.53000020980835,2026-10-05 00:00:00,7.612000060081482,-0.0024999856948850763,False,False,0.9188333499617546,False,0.00015533544153820323,25.46218172899715,0.00016155479237044354,0.00017145843245745576,-0.40359452840104115,-1.6215698482728191,-5.429082798760854,-0.40359452840104115,False,False,False,False,False,False,0.0,False,-0.11097993241860915,中性,4426.TW,利勤,0,v1,phase6a,2026-07-12,0,0,0,0,0,0,v1,524,0.13980263157894737,524,0.13980263157894737,524,0.13980263157894737,^TWII,yfinance,2y,2026-10-02,scan_20261005_194006,False,False
True,0,1.1333351135253904,1.1833356221516926,True,False,觀望 (動能減弱),70.19999694824219,2026-10-05 00:00:00,70.3899990081787,0.034999847412109375,False,False,0.6779298264191495,False,0.0014481470409166506,44.20114591680494,0.0014893092453089158,0.0015038239332594494,-0.29008713629161686,-0.9646458880588016,-2.272522838476776,-0.29008713629161686,False,False,False,False,False,False,0.16516441558421047,False,-0.05898125490451955,中性,2636.TW,台驊控股,0,v1,phase6a,2026-07-12,0,0,1,0,0,0,v1,482,0.20888157894736842,482,0.20888157894736842,483,0.20723684210526316,^TWII,yfinance,2y,2026-10-02,scan_20261005_194006,False,False
True,1,0.15833346048990882,0.3416668574015299,True,False,觀望 (動能減弱),20.049999237060547,2026-10-05 00:00:00,20.22500009536743,0.0,False,False,0.616383899203819,False,0.0004136089505379584,38.048599411850184,0.0004290140811747057,0.0004530540922467083,-0.3765579112431028,-1.445030221413024,-4.691552673797794,-0.3765579112431028,False,False,False,False,False,False,0.0,False,-0.10524641661453926,中性,3128.TWO,昇銳,0,v1,phase6a,2026-07-12,0,0,0,0,0,0,v1,501,0.17763157894736842,501,0.17763157894736842,502,0.17598684210526316,^TWII,yfinance,2y,2026-10-02,scan_20261005_194006,False,False
True,1,0.5000006357828776,0.46666717529296875,True,False,買入 (動能增強),32.5,2026-10-05 00:00:00,32.51499977111816,-0.02499999999999858,False,False,0.3300173932173327,False,0.0006704384740143447,54.2987274986563,0.0006923448299330749,0.0007502164788291193,-0.3319556139093849,-1.2233819343315466,-6.743863481951895,-0.3319556139093849,False,False,False,False,False,False,0.014994388746780067,False,-0.19354837182943518,中性,1570.TWO,力肯,2,v1,phase6a,2026-07-12,0,2,2,2,2,2,v1,97,0.8421052631578947,97,0.8421052631578947,107,0.8256578947368421,^TWII,yfinance,2y,2026-10-02,scan_20261005_194006,False,False
True,0,0.32500012715657545,0.25000015894571936,True,False,買入 (動能增強),12.050000190734863,2026-10-05 00:00:00,11.877500104904176,0.009999990463256836,False,True,1.5575990816746823,True,0.00024857796122304136,42.929728637118664,0.0002540508327322151,0.00027089527506423105,-0.22624934068021796,-0.8699115888399889,-7.556368050162654,-0.22624934068021796,False,False,False,False,False,False,0.012484667169703735,False,-0.32402810597626486,中性,5488.TWO,松普,2,v1,phase6a,2026-07-12,0,2,4,2,2,2,v1,188,0.6924342105263158,188,0.6924342105263158,193,0.6842105263157895,^TWII,yfinance,2y,2026-10-02,scan_20261005_194006,False,False
True,1,-0.2916663487752279,-0.29999987284342444,True,False,觀察 (跌勢收斂),24.350000381469727,2026-10-05 00:00:00,24.61000003814697,-0.027499961853028054,True,False,1.704911166183811,True,0.0005023131414769623,9.787377767212156,0.0005204840972823894,0.0005634107377462707,-0.3661454438719791,-1.9387380855453995,-6.190291213986576,-0.3661454438719791,False,False,False,False,False,False,0.017179634325352647,False,-0.13345195548370525,中性,1225.TW,福懋油,1,v1,phase6a,2026-07-12,0,1,1,1,1,1,v1,261,0.5723684210526315,261,0.5723684210526315,263,0.569078947368421,^TWII,yfinance,2y,2026-10-02,scan_20261005_194006,False,False
True,0,0.28333282470703125,0.2666664123535156,True,False,買入 (動能增強),25.299999237060547,2026-10-05 00:00:00,25.107499885559083,0.014999961853028765,False,True,2.0892368017963037,True,0.0005219105501864294,36.12410408922347,0.0005321431402346409,0.0005541671904488238,-0.20200184292780143,-0.8983533485565132,-3.7005209288700325,-0.20200184292780143,False,False,False,False,False,False,0.0,False,-0.003937022951637115,中性,3666.TWO,光耀,2,v1,phase6a,2026-07-12,0,2,4,2,2,2,v1,163,0.7335526315789473,163,0.7335526315789473,169,0.7236842105263158,^TWII,yfinance,2y,2026-10-02,scan_20261005_194006,False,False
True,0,2.6734224955240884,-0.5377082824707029,True,False,買入 (動能增強),118.5,2026-10-05 00:00:00,113.79078330993653,0.9000000000000057,False,True,1.2141187324085503,False,0.002444521820636918,163.69030613076063,0.002399577816316573,0.002542177473584797,0.1975469866334567,0.47146909099655687,1.0175245183897674,0.1975469866334567,True,False,False,False,False,True,0.1612201317966546,False,-0.3342696629213483,偏強 (RS上升),8042.TWO,金山電,2,v1,phase6a,2026-07-12,1,3,4,3,2,3,v1,240,0.6069078947368421,240,0.6069078947368421,89,0.8552631578947368,^TWII,yfinance,2y,2026-10-02,scan_20261005_194006,False,False
True,0,0.9999993642171223,0.4916661580403645,True,False,買入 (動能增強),25.0,2026-10-05 00:00:00,23.660000133514405,0.06999998092651438,False,True,0.40370957340319924,False,0.0005157219030879574,43.41232816890304,0.0005044151581842913,0.0005172618149028464,0.23651124931318712,0.8078711828914731,-2.502745012838037,0.23651124931318712,True,False,False,False,False,True,0.32109198179550213,False,-0.001995977588157949,偏強 (RS上升),2901.TW,欣欣,4,v1,phase6a,2026-07-12,1,5,6,5,4,5,v1,11,0.9835526315789473,11,0.9835526315789473,8,0.9884868421052632,^TWII,yfinance,2y,2026-10-02,scan_20261005_194006,False,True
True,0,0.32499949137369794,0.33333269755045575,True,False,觀望 (動能減弱),39.04999923706055,2026-10-05 00:00:00,39.41249942779541,-0.0625,True,False,1.5091357433040742,True,0.000805557596884806,21.460491456230333,0.000834079578513838,0.000868170222568477,-0.358664293548272,-1.282428431438043,-4.121118375537691,-0.358664293548272,False,False,False,False,False,False,0.0,False,-0.150163251606386,中性,6609.TWO,瀧澤科,0,v1,phase6a,2026-07-12,0,0,0,0,0,0,v1,568,0.06743421052631579,568,0.06743421052631579,568,0.06743421052631579,^TWII,yfinance,2y,2026-10-02,scan_20261005_194006,False,False
True,0,-0.6916662851969401,-0.7083333333333334,True,False,觀察 (跌勢收斂),33.900001525878906,2026-10-05 00:00:00,34.570000076293944,-0.08749999999999858,True,False,0.9803775139641232,False,0.0006993189320644372,34.31989764380677,0.0007347325843498491,0.0008000899198540897,-0.5048006892519163,-2.9037120353188395,-10.337642472132568,-0.5048006892519163,False,False,False,False,False,False,0.03986907588511716,False,-0.12628860328691238,中性,3040.TW,遠見,1,v1,phase6a,2026-07-12,0,1,1,1,1,1,v1,324,0.46875,324,0.46875,324,0.46875,^TWII,yfinance,2y,2026-10-02,scan_20261005_194006,False,False
True,0,1.25,1.6666666666666667,True,False,觀望 (動能減弱),152.0,2026-10-05 00:00:00,151.025,0.25,False,True,0.7206941583449441,False,0.0031355891707747813,87.04946449104071,0.00315649421903661,0.003020759653293649,-0.06966584522548613,-0.45892069280986103,5.0007265388715805,-0.06966584522548613,False,True,True,False,False,False,0.6421360636893141,False,-0.016181229773462813,中性,2881.TW,富邦金,0,v1,phase6a,2026-07-12,0,0,2,0,0,0,v1,493,0.19078947368421054,493,0.19078947368421054,494,0.18914473684210525,^TWII,yfinance,2y,2026-10-02,scan_20261005_194006,False,False
True,0,-0.5083332061767578,-0.53333314259847,True,False,觀察 (跌勢收斂),14.0,2026-10-05 00:00:00,14.447500085830688,-0.040000009536743875,True,False,0.15174506828528073,False,0.0002888042657292562,25.13448713879581,0.00030246617246380586,0.0003203814555270102,-0.47320672909078043,-2.5534925442922907,-4.19476911187171,-0.47320672909078043,False,False,False,False,False,False,0.055000024750160026,False,-0.12615441760350676,中性,5546.TW,永固-KY,1,v1,phase6a,2026-07-12,0,1,1,1,1,1,v1,360,0.4095394736842105,360,0.4095394736842105,360,0.4095394736842105,^TWII,yfinance,2y,2026-10-02,scan_20261005_194006,False,False
True,0,-0.3166669209798177,-0.4333337148030599,True,False,觀察 (跌勢收斂),52.5,2026-10-05 00:00:00,52.95,-0.020000076293939628,True,False,0.967582585838085,False,0.0010830159964847106,40.31951393343448,0.0011186387608724548,0.0011666086044282693,-0.3340879372028538,-1.52705914257526,-4.554018091520929,-0.3340879372028538,False,False,False,False,False,False,0.007705106619197522,False,-0.0402193918145245,中性,2373.TW,震旦行,1,v1,phase6a,2026-07-12,0,1,1,1,1,1,v1,300,0.5082236842105263,300,0.5082236842105263,300,0.5082236842105263,^TWII,yfinance,2y,2026-10-02,scan_20261005_194006,False,False
True,0,0.16666666666666666,-0.2500000000000001,True,False,買入 (動能增強),209.0,2026-10-05 00:00:00,209.075,-0.025000000000005684,True,False,1.0850370757447099,False,0.004311435109815324,49.490789127907874,0.004422090378865612,0.004568368508467844,-0.26271110888234084,-1.1774856467731132,-4.077561834583965,-0.26271110888234084,False,False,False,False,False,False,0.0,False,-0.02336448598130836,中性,3130.TW,一零四,2,v1,phase6a,2026-07-12,0,2,2,2,2,2,v1,142,0.7680921052631579,142,0.7680921052631579,149,0.756578947368421,^TWII,yfinance,2y,2026-10-02,scan_20261005_194006,False,False
True,0,1.1833330790201821,0.8833325703938802,True,False,買入 (動能增強),89.4000015258789,2026-10-05 00:00:00,89.15999908447266,0.04000015258789347,False,True,0.841994687635998,False,0.0018442215569197027,27.310089443821756,0.001890014300752189,0.0019929971758240453,-0.25439100863939856,-1.0648095836649718,-4.057780902609998,-0.25439100863939856,False,False,False,False,False,False,0.016046469233235782,False,-0.050955367068648894,中性,7757.TWO,金色三麥,2,v1,phase6a,2026-07-12,0,2,4,2,2,2,v1,239,0.6085526315789473,239,0.6085526315789473,241,0.6052631578947368,^TWII,yfinance,2y,2026-10-02,scan_20261005_194006,False,False
True,0,-0.25,-0.3416665395100912,True,False,觀察 (跌勢收斂),45.95000076293945,2026-10-05 00:00:00,46.10999984741211,-0.04499988555907919,True,False,1.4944541739638062,False,0.0009478968736142492,40.639776932627605,0.0009770273836660075,0.001021039806356417,-0.3128649141260764,-1.4600672688933058,-6.084917054233607,-0.3128649141260764,False,False,False,False,False,False,0.0090232453469508,False,-0.042708317438761356,中性,7718.TWO,友鋮,1,v1,phase6a,2026-07-12,0,1,1,1,1,1,v1,396,0.3503289473684211,396,0.3503289473684211,396,0.3503289473684211,^TWII,yfinance,2y,2026-10-02,scan_20261005_194006,False,False
True,0,2.0,0.9166666666666667,True,False,買入 (動能增強),125.5,2026-10-05 00:00:00,124.15,-0.07499999999998863,True,True,1.1942443025295448,False,0.0025889239535015463,64.87014139914893,0.0026402723931849134,0.0027357834837638106,-0.2042992364027829,-1.4209383290577082,-6.8681159219114996,-0.2042992364027829,False,False,False,False,False,False,0.0885740361180471,False,-0.09386281588447654,中性,3213.TWO,茂訊,2,v1,phase6a,2026-07-12,0,2,3,2,2,2,v1,146,0.7615131578947368,146,0.7615131578947368,153,0.75,^TWII,yfinance,2y,2026-10-02,scan_20261005_194006,False,False
True,0,0.0,-0.08333333333333333,True,False,觀察 (跌勢收斂),106.5,2026-10-05 00:00:00,106.225,0.024999999999991473,False,True,1.1511768973967706,False,0.0021969753071546987,42.35662215597296,0.002241694390176735,0.002300387570162244,-0.20954720504929858,-1.210885571161946,-2.791986231848631,-0.20954720504929858,False,False,False,False,False,False,0.022392968451295174,False,-0.018433179723502335,中性,9917.TW,中保科,1,v1,phase6a,2026-07-12,0,1,3,1,1,1,v1,421,0.3092105263157895,421,0.3092105263157895,421,0.3092105263157895,^TWII,yfinance,2y,2026-10-02,scan_20261005_194006,False,False
True,0,-0.2999979654947917,-0.5833320617675781,True,False,觀察 (跌勢收斂),91.4000015258789,2026-10-05 00:00:00,91.55499992370605,0.004999923706051845,False,False,0.8829988529299307,False,0.0018854793091667393,60.522834997966704,0.0019308923373766878,0.001977964679534487,-0.24695904773927024,-1.0585024891743178,-2.7292416802201735,-0.24695904773927024,False,False,False,False,False,False,0.0,False,-0.012958930540128977,中性,6183.TW,關貿,1,v1,phase6a,2026-07-12,0,1,2,1,1,1,v1,364,0.4029605263157895,364,0.4029605263157895,364,0.4029605263157895,^TWII,yfinance,2y,2026-10-02,scan_20261005_194006,False,False
True,0,-0.8749999999999999,-0.8999999364217122,True,False,觀察 (跌勢收斂),21.5,2026-10-05 00:00:00,22.404999923706054,0.022500038146972656,False,False,0.9842357656658196,False,0.0004435208366556434,20.977205516615417,0.0004712142225067194,0.00048356706046217483,-0.6148308384695933,-2.528492409524863,-5.655569121259441,-0.6148308384695933,False,False,False,False,False,False,0.09390645419352717,False,-0.26369864937511467,中性,1435.TW,中福,2,v1,phase6a,2026-07-12,0,2,3,2,2,2,v1,91,0.8519736842105263,91,0.8519736842105263,101,0.8355263157894737,^TWII,yfinance,2y,2026-10-02,scan_20261005_194006,True,False
True,1,-0.17500019073486328,-0.241667111714681,True,False,觀察 (跌勢收斂),21.850000381469727,2026-10-05 00:00:00,22.002499675750734,-0.0274999618530245,False,False,1.6002560409665545,True,0.0004507409511681665,22.639322040104,0.0004670599869687286,0.0005005824582491744,-0.36644084141351785,-1.7670749140828224,-7.572767876902697,-0.36644084141351785,False,False,False,False,False,False,0.0,False,-0.09710745071829008,中性,6929.TWO,佑全,1,v1,phase6a,2026-07-12,0,1,1,1,1,1,v1,388,0.36348684210526316,388,0.36348684210526316,388,0.36348684210526316,^TWII,yfinance,2y,2026-10-02,scan_20261005_194006,False,False
True,0,-0.01666673024495441,-0.14166673024495444,True,False,觀察 (跌勢收斂),21.399999618530273,2026-10-05 00:00:00,21.622500038146974,-0.02499999999999858,False,False,1.7456067874915786,True,0.0004414579411739998,30.485981267156795,0.00045938729815576333,0.0004903009475316865,-0.40914907074034446,-1.5135681155719727,-7.413996423892655,-0.40914907074034446,False,False,False,False,False,False,0.0,False,-0.16900819477437323,中性,8076.TWO,伍豐,1,v1,phase6a,2026-07-12,0,1,1,1,1,1,v1,405,0.3355263157894737,405,0.3355263157894737,405,0.3355263157894737,^TWII,yfinance,2y,2026-10-02,scan_20261005_194006,False,False
True,0,1.3666674296061196,1.3833338419596353,True,False,觀望 (動能減弱),60.70000076293945,2026-10-05 00:00:00,60.69000015258789,-0.04999999999999716,True,True,0.7285546415981199,False,0.001252172796436144,63.54989043438367,0.0012898742393792433,0.001307891255421533,-0.3067275950052073,-1.085016165309849,-4.924299352016293,-0.3067275950052073,False,False,False,False,False,False,0.06696717220156471,False,-0.09267564456693034,中性,2248.TW,華勝-KY,0,v1,phase6a,2026-07-12,0,0,1,0,0,0,v1,462,0.24177631578947367,462,0.24177631578947367,463,0.24013157894736842,^TWII,yfinance,2y,2026-10-02,scan_20261005_194006,False,False
True,1,-0.2083330154418945,-0.18333307902018228,True,False,賣出 (動能轉弱),24.149999618530273,2026-10-05 00:00:00,24.35999994277954,-0.017500019073484196,True,False,0.8823237787568757,False,0.0004981873505136751,47.380320750304755,0.000514293169230271,0.0005264714206650031,-0.3285633841797919,-1.559484223641261,-4.264972070393047,-0.3285633841797919,False,False,False,False,False,False,0.0015671220946795203,False,-0.03592812957849345,中性,4106.TW,雃博,0,v1,phase6a,2026-07-12,0,0,0,0,0,0,v1,512,0.15953947368421054,512,0.15953947368421054,512,0.15953947368421054,^TWII,yfinance,2y,2026-10-02,scan_20261005_194006,False,False
True,2,0.03333377838134766,-0.06666628519694011,True,False,買入 (動能增強),20.600000381469727,2026-10-05 00:00:00,20.624999809265137,-0.0024999618530259227,True,False,1.9221435745142985,True,0.00042495485601376867,23.35095265066336,0.00043694114653053764,0.00045711515087496434,-0.2879293821662854,-1.3403864425240108,-5.335276502929343,-0.2879293821662854,False,False,False,False,False,False,0.0,False,-0.04186044737350114,中性,8426.TWO,紅木-KY,4,v1,phase6a,2026-07-12,0,4,4,4,4,4,v1,28,0.9555921052631579,28,0.9555921052631579,37,0.9407894736842105,^TWII,yfinance,2y,2026-10-02,scan_20261005_194006,False,True
True,0,-6.981201171875,-9.886647542317709,True,False,觀察 (跌勢收斂),378.0,2026-10-05 00:00:00,382.76974029541014,0.04698028564450851,False,False,0.8663217730479635,False,0.007797715174689916,227.65907475585686,0.008082933061933006,0.0083953700744628,-0.3700616089718056,-1.7549935638701775,-5.645885245074689,-0.3700616089718056,False,False,False,False,False,False,0.0,False,-0.0969571278779684,中性,3260.TWO,威剛,1,v1,phase6a,2026-07-12,0,1,2,1,1,1,v1,328,0.4621710526315789,328,0.4621710526315789,328,0.4621710526315789,^TWII,yfinance,2y,2026-10-02,scan_20261005_194006,False,False
False,0,2.0212790171305337,1.4609985351562498,False,True,強烈買入 (爆發),43.400001525878906,2026-10-05 00:00:00,40.959926795959475,0.18363475799560547,False,True,4.933846958899975,True,0.000895293255237861,83.0375515395193,0.0008749681870930661,0.0009375399502873636,0.2451203589045381,-0.4290136033180403,-4.26717060404358,0.2451203589045381,True,False,False,False,False,False,0.3495436578958901,False,-0.05928122853015427,中性,6163.TWO,華電網,3,v1,phase6a,2026-07-12,0,3,5,3,3,3,v1,62,0.899671052631579,62,0.899671052631579,69,0.8881578947368421,^TWII,yfinance,2y,2026-10-02,scan_20261005_194006,False,False
True,0,-0.01666673024495443,-0.041666666666666664,True,False,觀察 (跌勢收斂),10.949999809265137,2026-10-05 00:00:00,10.810000133514404,0.01249999999999929,False,True,1.6961398075434133,True,0.0002258861896178795,33.2937328690881,0.00022906725602937186,0.00024197719629913032,-0.14596600836057627,-1.1512889981039165,-4.672811123078957,-0.14596600836057627,False,False,False,False,False,False,0.05318267764692246,False,-0.03947366880027603,中性,1220.TW,台榮,1,v1,phase6a,2026-07-12,0,1,3,1,1,1,v1,260,0.5740131578947368,260,0.5740131578947368,262,0.5707236842105263,^TWII,yfinance,2y,2026-10-02,scan_20261005_194006,False,False
True,0,-0.10000006357828777,-0.10833326975504556,True,False,觀察 (跌勢收斂),10.199999809265137,2026-10-05 00:00:00,10.329999971389771,-0.007500028610229137,True,False,0.8354755561556665,False,0.00021041453252524075,39.602060249982095,0.0002181038939786487,0.00022699522175136265,-0.36973836999646403,-1.5765326095448895,-4.55093094050495,-0.36973836999646403,False,False,False,False,False,False,0.0,False,-0.047690045290366356,中性,2701.TW,萬企,1,v1,phase6a,2026-07-12,0,1,1,1,1,1,v1,312,0.48848684210526316,312,0.48848684210526316,312,0.48848684210526316,^TWII,yfinance,2y,2026-10-02,scan_20261005_194006,False,False
True,0,-0.2749999364217122,-0.2666667302449544,True,False,賣出 (動能轉弱),17.0,2026-10-05 00:00:00,17.142500019073488,0.0,False,False,1.0604694560469694,False,0.000350690894099811,37.27638840090264,0.0003614662216630208,0.0003754883333998243,-0.31280847955633684,-1.5661948167654538,-4.101120534870928,-0.31280847955633684,False,False,False,False,False,False,0.0,False,-0.02857142857142858,中性,2505.TW,國揚,0,v1,phase6a,2026-07-12,0,0,0,0,0,0,v1,468,0.23190789473684212,468,0.23190789473684212,469,0.23026315789473684,^TWII,yfinance,2y,2026-10-02,scan_20261005_194006,False,False
True,0,-0.03166675567626954,-0.03500016530354818,True,False,觀察 (跌勢收斂),9.930000305175781,2026-10-05 00:00:00,9.985499954223632,-0.005999994277955167,False,False,0.7860233540561633,False,0.00020484474620197007,36.16522577900778,0.00021159375446807037,0.00022184091277279106,-0.3346245631266509,-1.4726130429952855,-5.729446552288097,-0.3346245631266509,False,False,False,False,False,False,0.0,False,-0.05834675028268066,中性,1464.TW,得力,1,v1,phase6a,2026-07-12,0,1,1,1,1,1,v1,277,0.5460526315789473,277,0.5460526315789473,278,0.5444078947368421,^TWII,yfinance,2y,2026-10-02,scan_20261005_194006,False,False
True,0,0.43333403269449866,0.43333403269449866,True,False,觀望 (動能減弱),25.149999618530273,2026-10-05 00:00:00,24.90999984741211,0.04250001907348633,False,True,0.5586994816944908,False,0.0005188162266371935,76.41451702582378,0.0005272981796543111,0.0005470738045873392,-0.1690367937497439,-0.44762524817825167,-1.5919977401603336,-0.1690367937497439,False,False,False,False,False,False,0.21614766325595383,False,-0.00788957632859244,中性,1780.TWO,立弘,0,v1,phase6a,2026-07-12,0,0,2,0,0,0,v1,450,0.26151315789473684,450,0.26151315789473684,451,0.2598684210526316,^TWII,yfinance,2y,2026-10-02,scan_20261005_194006,False,False
True,0,-0.258334477742513,-0.23333358764648435,True,False,賣出 (動能轉弱),38.599998474121094,2026-10-05 00:00:00,38.89000015258789,-0.005000114440917969,False,False,1.034441171173489,False,0.0007962745868906393,32.19099547201671,0.0008206120369602802,0.0008464520192922903,-0.31121454785481006,-1.182211906865882,-3.2749644153790225,-0.31121454785481006,False,False,False,False,False,False,0.0,False,-0.02030464519734476,中性,2748.TW,雲品,0,v1,phase6a,2026-07-12,0,0,0,0,0,0,v1,488,0.19901315789473684,488,0.19901315789473684,489,0.19736842105263158,^TWII,yfinance,2y,2026-10-02,scan_20261005_194006,False,False
True,0,10.25,4.583333333333333,True,False,買入 (動能增強),250.0,2026-10-05 00:00:00,242.1,0.5250000000000057,False,True,1.0271284053496563,False,0.005157219030879574,357.37618837951817,0.0051711865554482355,0.005179412809767894,-0.028423802214083693,0.13196016134795485,-5.971789193455113,-0.028423802214083693,False,False,False,False,False,True,0.5183574184987766,False,-0.1071428571428571,中性,4931.TWO,新盛力,4,v1,phase6a,2026-07-12,1,5,6,5,4,5,v1,17,0.9736842105263158,17,0.9736842105263158,10,0.9851973684210527,^TWII,yfinance,2y,2026-10-02,scan_20261005_194006,False,True
True,0,0.05833371480305989,-0.14166609446207684,True,False,買入 (動能增強),31.75,2026-10-05 00:00:00,31.210000038146973,0.039999961853027344,False,True,0.8509081317035606,False,0.0006549668169217059,39.11638967101869,0.0006588921863170933,0.0006815336082885687,-0.062671531138081,-0.8014310662316726,-2.4759205455635924,-0.062671531138081,False,False,False,False,False,False,0.10102774756139135,False,0.0,中性,5604.TWO,中連,4,v1,phase6a,2026-07-12,0,4,6,4,4,4,v1,19,0.9703947368421053,19,0.9703947368421053,29,0.9539473684210527,^TWII,yfinance,2y,2026-10-02,scan_20261005_194006,False,True
True,0,-0.26667022705078125,-0.3333358764648437,True,False,觀察 (跌勢收斂),72.19999694824219,2026-10-05 00:00:00,72.76500015258789,0.044999694824213066,False,False,1.112359466332828,False,0.0014894047931636872,53.93168753269737,0.001537070344823382,0.001595809234939132,-0.325365817940404,-1.2004756547188467,-3.3629330226959464,-0.325365817940404,False,False,False,False,False,False,0.0,False,-0.05000004015470805,中性,3546.TWO,宇峻,1,v1,phase6a,2026-07-12,0,1,2,1,1,1,v1,335,0.4506578947368421,335,0.4506578947368421,335,0.4506578947368421,^TWII,yfinance,2y,2026-10-02,scan_20261005_194006,False,False
True,0,0.024999936421712242,-0.025000095367431648,True,False,買入 (動能增強),10.449999809265137,2026-10-05 00:00:00,10.394999980926514,-0.005000019073486683,False,True,0.4211218430935673,False,0.00021557175155612033,44.20053273244583,0.00022011021987655463,0.0002273222796318635,-0.21657280013952507,-1.139644346025992,-4.652825344611955,-0.21657280013952507,False,False,False,False,False,False,0.0,False,-0.0226271728191354,中性,3052.TW,夆典,4,v1,phase6a,2026-07-12,0,4,5,4,4,4,v1,12,0.9819078947368421,12,0.9819078947368421,24,0.962171052631579,^TWII,yfinance,2y,2026-10-02,scan_20261005_194006,False,True
True,2,0.04166666666666666,0.024999936421712235,True,False,買入 (動能增強),13.100000381469727,2026-10-05 00:00:00,12.9625,0.025000000000000355,False,True,1.0756491304973186,False,0.00027023828508738145,49.080808234239555,0.00027400424407773063,0.0002813234661987348,-0.1444663925556644,-1.123202817721325,-3.185779935465749,-0.1444663925556644,False,False,False,False,False,False,0.1173683260974955,False,-0.07092198389683757,中性,9912.TW,偉聯,4,v1,phase6a,2026-07-12,0,4,6,4,4,4,v1,29,0.9539473684210527,29,0.9539473684210527,38,0.9391447368421053,^TWII,yfinance,2y,2026-10-02,scan_20261005_194006,False,True
True,0,-0.25333325068155926,-0.28333314259847003,True,False,觀察 (跌勢收斂),9.979999542236328,2026-10-05 00:00:00,10.151499938964843,-0.01100001335144185,True,False,1.276098510418844,False,0.00020587617426956253,26.196592340209918,0.00021434119840495222,0.00023105945698782035,-0.4139970461383924,-1.98085067793633,-6.276731317620454,-0.4139970461383924,False,False,False,False,False,False,0.0,False,-0.15063833683095085,中性,1445.TW,大宇,1,v1,phase6a,2026-07-12,0,1,1,1,1,1,v1,274,0.5509868421052632,274,0.5509868421052632,275,0.5493421052631579,^TWII,yfinance,2y,2026-10-02,scan_20261005_194006,False,False
True,0,-0.15833282470703117,-0.2583332061767578,True,False,觀察 (跌勢收斂),39.20000076293945,2026-10-05 00:00:00,39.402499961853025,0.0,False,False,0.6776548839509072,False,0.0008086519597805007,41.810121194313865,0.0008343806418578337,0.0008619725156422805,-0.32353579717675496,-1.3591150457439416,-5.14363432725723,-0.32353579717675496,False,False,False,False,False,False,0.0,False,-0.09259259095734862,中性,2009.TW,第一銅,2,v1,phase6a,2026-07-12,0,2,2,2,2,2,v1,107,0.8256578947368421,107,0.8256578947368421,117,0.8092105263157895,^TWII,yfinance,2y,2026-10-02,scan_20261005_194006,True,False
True,0,1.8916664123535154,1.7999992370605467,True,False,買入 (動能增強),38.45000076293945,2026-10-05 00:00:00,37.875,0.07749996185302876,False,True,0.8355116067696757,False,0.000793180302687862,55.61551305781687,0.0008083622203392534,0.0008544374461574618,-0.19730554219401508,-0.5264310112682136,-3.693869502720881,-0.19730554219401508,False,False,False,False,False,False,0.07568687392984141,False,-0.2522004932784798,中性,2495.TW,普安,2,v1,phase6a,2026-07-12,0,2,4,2,2,2,v1,127,0.7927631578947368,127,0.7927631578947368,135,0.7796052631578947,^TWII,yfinance,2y,2026-10-02,scan_20261005_194006,False,False
True,0,2.25,-0.5833333333333333,True,False,買入 (動能增強),126.5,2026-10-05 00:00:00,121.4,0.6000000000000085,False,True,1.723605670957571,True,0.0026095528296250646,122.14950650517788,0.0025830373045829694,0.002779705575900472,0.10817215437639582,-0.5080772144570145,-5.8705766689552075,0.10817215437639582,True,False,False,False,False,True,0.10420662738708354,False,-0.2729885057471264,中性,2478.TW,大毅,2,v1,phase6a,2026-07-12,0,2,4,2,2,2,v1,125,0.7960526315789473,125,0.7960526315789473,133,0.7828947368421053,^TWII,yfinance,2y,2026-10-02,scan_20261005_194006,False,False
True,0,0.058333079020182296,0.08333301544189453,True,False,觀望 (動能減弱),28.700000762939453,2026-10-05 00:00:00,28.71249990463257,0.01249999999999929,False,False,0.716864991917041,False,0.0005920487604835586,37.55605844001391,0.0006074009069210773,0.0006307803020436622,-0.2653481956262027,-1.2869489762876052,-3.675082458310608,-0.2653481956262027,False,False,False,False,False,False,0.0,False,-0.03529409200203515,中性,2608.TW,嘉里大榮,0,v1,phase6a,2026-07-12,0,0,1,0,0,0,v1,479,0.2138157894736842,479,0.2138157894736842,480,0.21217105263157895,^TWII,yfinance,2y,2026-10-02,scan_20261005_194006,False,False
False,0,-0.650000254313151,-0.6083332697550455,False,True,強烈賣出 (跌破),25.299999237060547,2026-10-05 00:00:00,25.924999904632568,-0.04250001907348633,True,False,1.2997650302960029,False,0.0005219105501864294,70.55710857603891,0.0005477760245198827,0.0005775441328281092,-0.4945845428822482,-2.090141141389401,-6.688096793653308,-0.4945845428822482,False,False,False,False,False,False,0.0,False,-0.07155966102530098,中性,8422.TW,可寧衛*,0,v1,phase6a,2026-07-12,0,0,0,0,0,0,v1,595,0.023026315789473683,595,0.023026315789473683,595,0.023026315789473683,^TWII,yfinance,2y,2026-10-02,scan_20261005_194006,False,False
True,2,-0.21666717529296872,-0.2083339691162109,True,False,賣出 (動能轉弱),41.29999923706055,2026-10-05 00:00:00,41.554999923706056,-0.022500038146972656,False,False,1.060629535621035,False,0.0008519725681627222,26.795627253994905,0.000878045195163407,0.0009131776058715737,-0.3115939148831126,-1.4194984321490134,-4.273698632770362,-0.3115939148831126,False,False,False,False,False,False,0.0,False,-0.05163817155336814,中性,6968.TWO,萬達寵物,0,v1,phase6a,2026-07-12,0,0,0,0,0,0,v1,581,0.046052631578947366,581,0.046052631578947366,581,0.046052631578947366,^TWII,yfinance,2y,2026-10-02,scan_20261005_194006,False,False
True,0,-0.025000095367431637,-0.07500012715657552,True,False,觀察 (跌勢收斂),13.899999618530273,2026-10-05 00:00:00,13.927499961853027,0.009999990463256836,False,False,2.0688684739207606,True,0.0002867413702476126,35.659497077180724,0.00029423379582507785,0.00030097096600940605,-0.26732756006336844,-1.2864449023618385,-3.6557151601235516,-0.26732756006336844,False,False,False,False,False,False,0.016537123111938633,False,-0.01766784499927543,中性,3266.TW,昇陽,1,v1,phase6a,2026-07-12,0,1,2,1,1,1,v1,329,0.4605263157894737,329,0.4605263157894737,329,0.4605263157894737,^TWII,yfinance,2y,2026-10-02,scan_20261005_194006,False,False
True,0,12.5,15.583333333333334,True,False,觀望 (動能減弱),292.0,2026-10-05 00:00:00,294.9,2.5499999999999545,False,False,0.5764579118152129,False,0.006023631828067343,298.0761634349492,0.006069589251118784,0.005431101193517626,-0.07963917549701494,0.9146125319808185,25.65430355880496,-0.07963917549701494,False,True,True,False,False,False,0.7616339758874664,False,-0.07301587301587298,中性,6173.TWO,信昌電,0,v1,phase6a,2026-07-12,0,0,1,0,0,0,v1,557,0.08552631578947369,557,0.08552631578947369,557,0.08552631578947369,^TWII,yfinance,2y,2026-10-02,scan_20261005_194006,False,False
True,1,0.7083339691162109,0.275000254313151,True,False,買入 (動能增強),51.70000076293945,2026-10-05 00:00:00,49.9975004196167,0.125,False,True,2.954323810686124,True,0.0010665129113244794,46.09465834142278,0.0010595854584255287,0.0010905293087207896,0.06886728640862483,-0.6339964526337116,-3.2364263310247443,0.06886728640862483,True,False,False,False,False,False,0.21890313595387503,False,-0.04963236557364836,中性,8070.TW,長華*,2,v1,phase6a,2026-07-12,0,2,4,2,2,2,v1,241,0.6052631578947368,241,0.6052631578947368,242,0.6036184210526315,^TWII,yfinance,2y,2026-10-02,scan_20261005_194006,False,False
True,0,0.23333311080932617,0.2499998410542806,True,False,觀望 (動能減弱),14.199999809265137,2026-10-05 00:00:00,14.074999952316285,0.0049999713897701525,False,True,1.018695092334523,False,0.00029293003701931394,44.75053852349153,0.00029804347670309806,0.0003040836980649167,-0.18027117817570604,-0.8017882642496366,-2.604872622645127,-0.18027117817570604,False,False,False,False,False,False,0.0,False,0.0,中性,6154.TWO,順發,0,v1,phase6a,2026-07-12,0,0,2,0,0,0,v1,554,0.09046052631578948,554,0.09046052631578948,554,0.09046052631578948,^TWII,yfinance,2y,2026-10-02,scan_20261005_194006,False,False
True,0,1.5166664123535156,0.9999999999999999,True,False,買入 (動能增強),60.79999923706055,2026-10-05 00:00:00,60.124999809265134,0.06499996185302592,False,True,0.7302083993294969,False,0.001254235652571329,37.71438522192037,0.0012826943711998235,0.0013812801392102303,-0.23299975362469638,-0.6682334795458655,-6.4842482606961465,-0.23299975362469638,False,False,False,False,False,False,0.012980330179807612,False,-0.1314285823277065,中性,6823.TWO,濾能,2,v1,phase6a,2026-07-12,0,2,4,2,2,2,v1,231,0.6217105263157895,231,0.6217105263157895,233,0.618421052631579,^TWII,yfinance,2y,2026-10-02,scan_20261005_194006,False,False
False,0,-0.14666668574015299,-0.07166671752929688,False,True,強烈賣出 (跌破),9.800000190734863,2026-10-05 00:00:00,10.077499961853027,-0.019999980926513672,False,False,2.334525164958819,True,0.00020216298994512518,27.815863754948403,0.00021455716154743603,0.0002342095093924887,-0.6043911311396588,-2.4550634336970356,-9.726802177438888,-0.6043911311396588,False,False,False,False,False,False,0.0,False,-0.19008265439868477,中性,1781.TWO,合世,0,v1,phase6a,2026-07-12,0,0,0,0,0,0,v1,451,0.2598684210526316,451,0.2598684210526316,452,0.2582236842105263,^TWII,yfinance,2y,2026-10-02,scan_20261005_194006,False,False
True,2,0.006666660308837891,0.011666695276896158,True,False,觀望 (動能減弱),7.050000190734863,2026-10-05 00:00:00,7.107500100135804,-0.001499986648559215,False,False,0.890527056174145,False,0.00014543358060544986,19.295735557967763,0.000150342432598989,0.00015944256232868314,-0.34251899818574794,-1.472549592914596,-4.168900915585272,-0.34251899818574794,False,False,False,False,False,False,0.0,False,-0.10076529929559475,中性,3494.TW,誠研,0,v1,phase6a,2026-07-12,0,0,0,0,0,0,v1,505,0.17105263157894737,505,0.17105263157894737,506,0.16940789473684212,^TWII,yfinance,2y,2026-10-02,scan_20261005_194006,False,False
True,0,-1.3877787807814457e-17,-0.15833282470703125,True,False,觀察 (跌勢收斂),49.599998474121094,2026-10-05 00:00:00,49.70249977111816,-0.005000114440917969,True,False,0.19502681618722575,False,0.0010231922242493405,43.80052759322732,0.001052258175798313,0.0011139930228873177,-0.28991968042684224,-1.460855972045405,-4.955535011697365,-0.28991968042684224,False,False,False,False,False,False,0.010017915315014303,False,-0.09323587235256003,中性,6899.TWO,創為精密,1,v1,phase6a,2026-07-12,0,1,1,1,1,1,v1,386,0.3667763157894737,386,0.3667763157894737,386,0.3667763157894737,^TWII,yfinance,2y,2026-10-02,scan_20261005_194006,False,False
True,0,0.3166666030883789,0.1833333969116211,True,False,買入 (動能增強),14.5,2026-10-05 00:00:00,14.254999923706055,0.01750001907348775,False,True,1.292420336824792,False,0.0002991187037910153,47.158060162583446,0.00030302828069356095,0.0003250731381794943,-0.13562307591465927,-0.8606339933395102,-4.565751016690134,-0.13562307591465927,False,False,False,False,False,False,0.02600188590537078,False,-0.14454281136649205,中性,2440.TW,太空梭,2,v1,phase6a,2026-07-12,0,2,4,2,2,2,v1,123,0.7993421052631579,123,0.7993421052631579,131,0.7861842105263158,^TWII,yfinance,2y,2026-10-02,scan_20261005_194006,False,False
True,0,1.9999999999999998,1.5,True,False,買入 (動能增強),207.0,2026-10-05 00:00:00,207.05,0.025000000000005684,False,False,0.6801902262340506,False,0.0042701773575682875,46.65271558656972,0.00437100973223734,0.004438611804060963,-0.24223746683335046,-1.2153969407344922,-2.473578640844454,-0.24223746683335046,False,False,False,False,False,False,0.40173720007074704,False,-0.030444964871194413,中性,2474.TW,可成,4,v1,phase6a,2026-07-12,0,4,5,4,4,4,v1,10,0.9851973684210527,10,0.9851973684210527,23,0.9638157894736842,^TWII,yfinance,2y,2026-10-02,scan_20261005_194006,False,True
True,1,0.6333332061767578,0.3416668574015299,True,False,買入 (動能增強),32.0,2026-10-05 00:00:00,31.012500095367432,0.04750003814697479,False,True,2.9408770600278253,True,0.0006601240359525855,31.315056633965863,0.0006582657741992217,0.0006985677275692177,0.02972426193366129,-0.8676170684703832,-3.876931917404658,0.02972426193366129,True,False,False,False,False,False,0.15132015483869418,False,-0.0684133501750096,中性,6835.TW,圓裕,2,v1,phase6a,2026-07-12,0,2,4,2,2,2,v1,232,0.6200657894736842,232,0.6200657894736842,234,0.6167763157894737,^TWII,yfinance,2y,2026-10-02,scan_20261005_194006,False,False
True,0,0.09166653951009114,0.049999872843424484,True,False,買入 (動能增強),14.399999618530273,2026-10-05 00:00:00,14.439999914169311,0.002499961853027699,False,False,0.7383395675888699,False,0.00029705580830937175,37.767227097893446,0.0003067047446661671,0.00033303243849291817,-0.33006503242609675,-1.3575873504599656,-6.079213651211313,-0.33006503242609675,False,False,False,False,False,False,0.0,False,-0.14540063545836868,中性,1218.TW,泰山,2,v1,phase6a,2026-07-12,0,2,3,2,2,2,v1,81,0.868421052631579,81,0.868421052631579,91,0.8519736842105263,^TWII,yfinance,2y,2026-10-02,scan_20261005_194006,False,False
True,0,6.166666666666668,-16.833333333333332,True,False,買入 (動能增強),1055.0,2026-10-05 00:00:00,960.7,7.150000000000091,False,True,1.4042971346763051,False,0.021763464310311804,166.32028603122131,0.0202177196608104,0.020001291010257223,0.8113182968145338,0.02464623420530554,2.9750932343377112,0.8113182968145338,True,True,True,False,False,True,0.9734196873738746,False,0.0,偏強 (RS上升),6531.TW,愛普*,4,v1,phase6a,2026-07-12,2,6,6,6,4,6,v1,22,0.9654605263157895,22,0.9654605263157895,1,1.0,^TWII,yfinance,2y,2026-10-02,scan_20261005_194006,False,True
True,0,-0.22500038146972656,-0.21666653951009116,True,False,賣出 (動能轉弱),47.04999923706055,2026-10-05 00:00:00,47.325,-0.0274999618530245,False,False,2.0774846941265235,True,0.0009705886058729524,38.793744519208595,0.0010017656509372541,0.001048035846060927,-0.3265312730375891,-1.249439529888463,-5.010814921138628,-0.3265312730375891,False,False,False,False,False,False,0.0,False,-0.04563894593954876,中性,1903.TW,士紙,0,v1,phase6a,2026-07-12,0,0,0,0,0,0,v1,455,0.2532894736842105,455,0.2532894736842105,456,0.25164473684210525,^TWII,yfinance,2y,2026-10-02,scan_20261005_194006,False,False
True,0,0.5666664441426594,0.41666650772094727,True,False,買入 (動能增強),16.25,2026-10-05 00:00:00,15.752499914169311,-0.025000000000000355,True,True,0.9001064577660912,False,0.00033521923700717234,31.283585332169608,0.0003429665027580203,0.0003848044597095,-0.237214760373905,-1.5932828563699708,-16.01435884084519,-0.237214760373905,False,False,False,False,False,False,0.06588633896044303,False,-0.3693235133612204,中性,6241.TWO,鑫永洋,2,v1,phase6a,2026-07-12,0,2,3,2,2,2,v1,208,0.6595394736842105,208,0.6595394736842105,213,0.6513157894736842,^TWII,yfinance,2y,2026-10-02,scan_20261005_194006,False,False
True,0,-1.2833334604899087,-1.6666666666666663,True,False,觀察 (跌勢收斂),36.099998474121094,2026-10-05 00:00:00,35.98250026702881,-0.005000114440917969,True,True,3.1991932272005483,True,0.0007447023965818436,93.66566184163165,0.0007586919928008128,0.0007775957180557888,-0.19371976948016068,-1.9760007007175062,-6.4300352034223245,-0.19371976948016068,False,False,False,False,False,False,0.2554097874087927,False,-0.11951223233850994,中性,3685.TWO,元創精密,1,v1,phase6a,2026-07-12,0,1,2,1,1,1,v1,338,0.4457236842105263,338,0.4457236842105263,338,0.4457236842105263,^TWII,yfinance,2y,2026-10-02,scan_20261005_194006,False,False
True,2,0.04999987284342447,-0.07500012715657549,True,False,買入 (動能增強),48.849998474121094,2026-10-05 00:00:00,48.67250022888184,0.0024999618530259227,False,True,0.7341045713609289,False,0.001007720567156702,30.708506295578843,0.0010332601326953825,0.0011126771764685996,-0.25950858551954115,-1.5633289058382127,-6.145141556408795,-0.25950858551954115,False,False,False,False,False,False,0.018444007337631102,False,-0.1459790590462443,中性,8097.TWO,常珵,2,v1,phase6a,2026-07-12,0,2,4,2,2,2,v1,242,0.6036184210526315,242,0.6036184210526315,243,0.6019736842105263,^TWII,yfinance,2y,2026-10-02,scan_20261005_194006,False,False
True,1,0.27499977747599286,0.09166653951009114,True,False,買入 (動能增強),16.549999237060547,2026-10-05 00:00:00,16.23250002861023,0.01249999999999929,False,True,2.8263823050202275,True,0.00034140788410564433,48.44270725055546,0.0003472352946998122,0.0003733638283614579,-0.17634437912483758,-1.6066458558806618,-9.588596232680647,-0.17634437912483758,False,False,False,False,False,False,0.03621494054034507,False,-0.4078712420285454,中性,6573.TW,虹揚-KY,2,v1,phase6a,2026-07-12,0,2,4,2,2,2,v1,220,0.6398026315789473,220,0.6398026315789473,223,0.6348684210526315,^TWII,yfinance,2y,2026-10-02,scan_20261005_194006,False,False
True,2,0.005000114440917967,-0.009999910990397131,True,False,買入 (動能增強),9.300000190734863,2026-10-05 00:00:00,9.323999977111816,-0.011499977111816051,True,False,0.8542806840147775,False,0.00019184855188336602,35.086665359230956,0.00019790924429381753,0.0002074071729349237,-0.32131784475664116,-1.630516329135956,-6.526986149800718,-0.32131784475664116,False,False,False,False,False,False,0.005555431879116019,False,-0.060606005142905706,中性,4702.TWO,中美實,2,v1,phase6a,2026-07-12,0,2,2,2,2,2,v1,181,0.7039473684210527,181,0.7039473684210527,186,0.6957236842105263,^TWII,yfinance,2y,2026-10-02,scan_20261005_194006,False,False
False,0,0.058333396911621094,-0.07500012715657553,False,True,強烈買入 (爆發),20.850000381469727,2026-10-05 00:00:00,20.56500024795532,0.0,False,True,1.997819806601095,True,0.0004301120750446482,30.56226977299391,0.00043600217532756513,0.00045700257356630656,-0.1420016151588155,-1.5987504064115865,-5.7129170865817365,-0.1420016151588155,False,False,False,False,False,False,0.13537672275027657,False,-0.0855262684579906,中性,3043.TW,科風,3,v1,phase6a,2026-07-12,0,3,4,3,3,3,v1,47,0.9243421052631579,47,0.9243421052631579,58,0.90625,^TWII,yfinance,2y,2026-10-02,scan_20261005_194006,False,False
True,1,0.008333841959635435,-0.4833323160807292,True,False,買入 (動能增強),40.04999923706055,2026-10-05 00:00:00,40.62249965667725,-0.24750003814696697,True,False,1.0217392554299523,False,0.0008261864730083243,136.9091145081314,0.0008609637342290815,0.0008256628720888055,-0.42339354772963356,-1.402702797733868,-7.07931519205972,-0.42339354772963356,False,True,True,False,False,False,0.42907257078518546,False,-0.28989364976020837,中性,2491.TW,吉祥全,3,v1,phase6a,2026-07-12,0,3,3,3,3,3,v1,43,0.930921052631579,43,0.930921052631579,55,0.9111842105263158,^TWII,yfinance,2y,2026-10-02,scan_20261005_194006,True,False
True,1,-2.4166666666666665,-3.5833333333333335,True,False,觀察 (跌勢收斂),146.5,2026-10-05 00:00:00,146.0,-0.025000000000005684,True,True,1.3719305323295354,False,0.0030221303520954305,23.916813942308284,0.003125744499664477,0.003536377067329193,-0.3477196378971148,-2.7107763156404285,-13.031563470786589,-0.3477196378971148,False,False,False,False,False,False,0.03874316618241685,False,-0.25822784810126587,中性,8069.TWO,元太,1,v1,phase6a,2026-07-12,0,1,2,1,1,1,v1,404,0.3371710526315789,404,0.3371710526315789,404,0.3371710526315789,^TWII,yfinance,2y,2026-10-02,scan_20261005_194006,False,False
True,1,-0.058333079020182296,-0.09999942779541016,True,False,觀察 (跌勢收斂),23.899999618530273,2026-10-05 00:00:00,23.829999923706055,0.005000019073484907,False,True,0.5786592465257997,False,0.0004930301314827956,39.767287769745565,0.0005026567108819958,0.0005047172887294074,-0.20118809474645172,-1.0055963956264624,-2.480433958803563,-0.20118809474645172,False,False,False,False,False,False,0.29611745186125965,False,-0.014433005421432,中性,2115.TW,六暉-KY,1,v1,phase6a,2026-07-12,0,1,3,1,1,1,v1,297,0.5131578947368421,297,0.5131578947368421,297,0.5131578947368421,^TWII,yfinance,2y,2026-10-02,scan_20261005_194006,False,False
True,0,0.2499993642171224,0.3833332061767578,True,False,觀望 (動能減弱),38.29999923706055,2026-10-05 00:00:00,38.544999504089354,0.014999961853028765,False,False,2.9398484924497064,True,0.0007900859397921673,38.13457771049691,0.000817491844803872,0.0008590926315406277,-0.35164726005617597,-1.5706534024447105,-4.933702343451873,-0.35164726005617597,False,False,False,False,False,False,0.0,False,-0.049627792502804025,中性,6843.TWO,進典,0,v1,phase6a,2026-07-12,0,0,1,0,0,0,v1,575,0.05592105263157895,575,0.05592105263157895,575,0.05592105263157895,^TWII,yfinance,2y,2026-10-02,scan_20261005_194006,False,False
True,0,-0.33333333333333304,-2.4166666666666665,True,False,觀察 (跌勢收斂),121.5,2026-10-05 00:00:00,120.325,0.22500000000000853,False,True,0.9099892548861068,False,0.002506408449007473,215.53746360227797,0.0025525437493265912,0.0027464348207342087,-0.18989392423283125,-0.9807070724033085,-6.644230516126082,-0.18989392423283125,False,False,False,False,False,False,0.21724441278192497,False,-0.18181818181818177,中性,2337.TW,旺宏,1,v1,phase6a,2026-07-12,0,1,3,1,1,1,v1,299,0.5098684210526315,299,0.5098684210526315,299,0.5098684210526315,^TWII,yfinance,2y,2026-10-02,scan_20261005_194006,False,False
True,0,-0.6083329518636068,-0.5083332061767578,True,False,賣出 (動能轉弱),35.150001525878906,2026-10-05 00:00:00,36.204999923706055,-0.017499923706054688,False,False,0.5599767215995592,False,0.000725105027218835,63.24541913714093,0.000757770615957552,0.0007545196800875358,-0.4517133373370674,-1.9075299033110227,-0.21034509233537335,-0.4517133373370674,False,False,True,False,False,False,0.3267031945063231,False,-0.07010576097005539,中性,2605.TW,新興,1,v1,phase6a,2026-07-12,0,1,1,1,1,1,v1,306,0.49835526315789475,306,0.49835526315789475,306,0.49835526315789475,^TWII,yfinance,2y,2026-10-02,scan_20261005_194006,True,False
False,0,0.35000101725260413,-0.199999491373698,False,True,強烈買入 (爆發),38.400001525878906,2026-10-05 00:00:00,37.507500076293944,0.04000015258788636,False,True,1.3337837151007703,False,0.0007921488746202696,54.42868132659223,0.0007947817612584998,0.0008049854629211579,-0.034858544367222244,-0.2573695440763468,-3.8337528202010973,-0.034858544367222244,False,False,False,False,False,False,0.4671899030131373,False,-0.039999961853027344,中性,1605.TW,華新,3,v1,phase6a,2026-07-12,0,3,5,3,3,3,v1,33,0.9473684210526315,33,0.9473684210526315,49,0.9210526315789473,^TWII,yfinance,2y,2026-10-02,scan_20261005_194006,False,False
True,0,-0.3166664441426595,-0.29999987284342444,True,False,賣出 (動能轉弱),10.300000190734863,2026-10-05 00:00:00,10.597499895095826,-0.02750000953674281,False,False,0.9303486262631238,False,0.00021247742800688433,27.64344678090432,0.0002234377394281005,0.00023822956336394643,-0.5136958502777622,-1.8963321705083414,-6.032397921512144,-0.5136958502777622,False,False,False,False,False,False,0.0,False,-0.14166665077209473,中性,3313.TWO,斐成,0,v1,phase6a,2026-07-12,0,0,0,0,0,0,v1,503,0.17434210526315788,503,0.17434210526315788,504,0.17269736842105263,^TWII,yfinance,2y,2026-10-02,scan_20261005_194006,False,False
True,0,9.5,13.999999999999998,True,False,觀望 (動能減弱),689.0,2026-10-05 00:00:00,688.6,2.050000000000068,False,True,0.7806699442260482,False,0.014213295649104106,99.92717689015768,0.014192294335424785,0.013161912325980945,0.015578939836458083,-0.390238316882241,15.986393911766484,0.015578939836458083,True,True,True,False,False,False,0.8090071163032608,False,-0.058743169398907114,中性,3693.TWO,營邦,0,v1,phase6a,2026-07-12,1,1,2,1,0,1,v1,508,0.16611842105263158,508,0.16611842105263158,428,0.29769736842105265,^TWII,yfinance,2y,2026-10-02,scan_20261005_194006,False,False
True,0,0.40833314259847003,0.3166666030883789,True,False,買入 (動能增強),29.850000381469727,2026-10-05 00:00:00,29.245000076293945,0.019999980926513672,False,True,0.5890262445823803,False,0.0006157719601563128,46.615910516081314,0.0006264487809473602,0.0006675479155507618,-0.17908298912137077,-1.099620742940688,-8.669491744563585,-0.17908298912137077,False,False,False,False,False,False,0.0784131104495921,False,-0.10762332733511637,中性,4560.TW,強信-KY,2,v1,phase6a,2026-07-12,0,2,4,2,2,2,v1,178,0.7088815789473685,178,0.7088815789473685,183,0.7006578947368421,^TWII,yfinance,2y,2026-10-02,scan_20261005_194006,False,False
True,1,0.2749996185302734,0.43333307902018225,True,False,觀望 (動能減弱),35.150001525878906,2026-10-05 00:00:00,35.347500228881835,-0.0024999618530259227,False,False,0.7221050144325277,False,0.000725105027218835,39.393073837887215,0.0007455554531078357,0.0007535177339658968,-0.2879033040283252,-0.8237309156479133,-1.1198359257839408,-0.2879033040283252,False,False,False,False,False,False,0.2545718413557495,False,-0.02225310765181565,中性,1102.TW,亞泥,0,v1,phase6a,2026-07-12,0,0,0,0,0,0,v1,428,0.29769736842105265,428,0.29769736842105265,429,0.29605263157894735,^TWII,yfinance,2y,2026-10-02,scan_20261005_194006,False,False
True,1,0.6666666666666666,0.8333333333333333,True,False,觀望 (動能減弱),124.0,2026-10-05 00:00:00,125.95,0.10000000000000853,False,False,1.896534062951781,True,0.002557980639316269,38.11311705585706,0.002669428255769768,0.0027688885665927243,-0.43754680320196027,-1.3250521882750443,-5.319613730607021,-0.43754680320196027,False,False,False,False,False,False,0.014835305194638304,False,-0.1448275862068965,中性,1736.TW,喬山,3,v1,phase6a,2026-07-12,0,3,4,3,3,3,v1,36,0.9424342105263158,36,0.9424342105263158,51,0.9177631578947368,^TWII,yfinance,2y,2026-10-02,scan_20261005_194006,True,True
True,2,-0.45833206176757807,-0.5416653951009115,True,False,觀察 (跌勢收斂),40.75,2026-10-05 00:00:00,41.61999988555908,-0.0975000381469755,True,False,1.4701541803245814,False,0.0008406267020333706,33.95189145789236,0.000882665166560573,0.0009109936120790719,-0.4988332854454658,-1.4715064195063188,-7.161587407284598,-0.4988332854454658,False,False,False,False,False,False,0.009266492159599963,False,-0.26444045347246925,中性,3230.TWO,錦明,2,v1,phase6a,2026-07-12,0,2,2,2,2,2,v1,147,0.7598684210526315,147,0.7598684210526315,154,0.7483552631578947,^TWII,yfinance,2y,2026-10-02,scan_20261005_194006,True,False
True,2,-0.6666666666666666,-0.5333328247070312,True,False,賣出 (動能轉弱),81.30000305175781,2026-10-05 00:00:00,82.10500030517578,-0.02999992370605753,False,False,1.147961275439642,False,0.0016771276917963713,36.56486195530717,0.0017413115937223458,0.0018669037242609935,-0.3864953193585152,-1.8315200702197165,-6.575847975715177,-0.3864953193585152,False,False,False,False,False,False,0.009265098519407187,False,-0.1295503027456426,中性,4994.TW,傳奇,0,v1,phase6a,2026-07-12,0,0,0,0,0,0,v1,539,0.11513157894736842,539,0.11513157894736842,539,0.11513157894736842,^TWII,yfinance,2y,2026-10-02,scan_20261005_194006,False,False
True,0,0.3833338419596354,0.2500006357828776,True,False,買入 (動能增強),56.599998474121094,2026-10-05 00:00:00,56.304999923706056,0.034999847412109375,False,True,0.9704347929174556,False,0.0011675943571139687,48.519352881486455,0.0011887782254365515,0.0012124960915606026,-0.18722633911912867,-0.9663947834858688,-2.1982517791626632,-0.18722633911912867,False,False,False,False,False,False,0.030980251038765998,False,-0.013937335025977826,中性,3705.TW,永信,2,v1,phase6a,2026-07-12,0,2,4,2,2,2,v1,166,0.7286184210526315,166,0.7286184210526315,172,0.71875,^TWII,yfinance,2y,2026-10-02,scan_20261005_194006,False,False
True,0,0.03333536783854174,-0.7499974568684896,True,False,買入 (動能增強),93.0,2026-10-05 00:00:00,90.94500007629395,0.10000000000000853,False,True,2.976903114746672,True,0.0019184854794872016,62.06817213369068,0.0019259260718249402,0.001999803110475795,-0.04065067051375326,-0.8989604523494843,-4.304377769499112,-0.04065067051375326,False,False,False,False,False,False,0.09127554284953142,False,-0.01331842886265322,中性,6534.TW,正瀚-創,4,v1,phase6a,2026-07-12,0,4,6,4,4,4,v1,23,0.9638157894736842,23,0.9638157894736842,32,0.9490131578947368,^TWII,yfinance,2y,2026-10-02,scan_20261005_194006,False,True
True,1,0.34999974568684894,0.41666666666666663,True,False,觀望 (動能減弱),53.20000076293945,2026-10-05 00:00:00,53.374999809265134,-0.01000003814697692,False,False,0.8191824187978144,False,0.0010974562255097568,52.58756994000313,0.0011236427691306285,0.001120748411125023,-0.24471591953102445,-0.8353801608875555,-0.4494605925511763,-0.24471591953102445,False,False,True,False,False,False,0.46641364241606265,False,-0.011152388152968262,中性,2607.TW,榮運,0,v1,phase6a,2026-07-12,0,0,0,0,0,0,v1,478,0.21546052631578946,478,0.21546052631578946,479,0.2138157894736842,^TWII,yfinance,2y,2026-10-02,scan_20261005_194006,False,False
True,0,-0.08333333333333333,0.6666666666666666,True,False,賣出 (動能轉弱),105.5,2026-10-05 00:00:00,105.1,0.09999999999999432,False,True,1.3264955052967677,False,0.0021763464310311804,60.086394990519494,0.002215273160441729,0.0022491121121690307,-0.18462668017259487,-1.0988101901162284,-1.0247777306084727,-0.18462668017259487,False,False,False,False,False,False,0.1446006865050155,False,-0.018604651162790753,中性,4904.TW,遠傳,0,v1,phase6a,2026-07-12,0,0,2,0,0,0,v1,534,0.12335526315789473,534,0.12335526315789473,534,0.12335526315789473,^TWII,yfinance,2y,2026-10-02,scan_20261005_194006,False,False
True,0,-0.050000031789143876,-0.07166671752929688,True,False,觀察 (跌勢收斂),5.900000095367432,2026-10-05 00:00:00,5.9229999542236325,-0.004999995231628418,False,False,0.860267728460076,False,0.00012171037109608088,23.219639979557126,0.0001252822155529707,0.00013282779152699073,-0.29921137617324733,-1.5361131770570857,-5.571672513395964,-0.29921137617324733,False,False,False,False,False,False,0.0,False,-0.05750800644598497,中性,8429.TW,金麗-KY,1,v1,phase6a,2026-07-12,0,1,1,1,1,1,v1,411,0.3256578947368421,411,0.3256578947368421,411,0.3256578947368421,^TWII,yfinance,2y,2026-10-02,scan_20261005_194006,False,False
True,0,-0.3416665395100912,-0.4083334604899089,True,False,觀察 (跌勢收斂),40.650001525878906,2026-10-05 00:00:00,40.985000419616696,0.0025001525878849407,False,False,1.1139268707009384,False,0.0008385638458981857,41.95772551833433,0.0008640903923644826,0.0008874746027875511,-0.3099994185008059,-1.4940269399410622,-3.5857578556717673,-0.3099994185008059,False,False,False,False,False,False,0.011872352575761901,False,-0.02048189094267694,中性,8481.TW,政伸,1,v1,phase6a,2026-07-12,0,1,2,1,1,1,v1,416,0.31743421052631576,416,0.31743421052631576,416,0.31743421052631576,^TWII,yfinance,2y,2026-10-02,scan_20261005_194006,False,False
True,0,0.1999999682108561,0.16666666666666666,True,False,買入 (動能增強),11.100000381469727,2026-10-05 00:00:00,11.020000076293945,-0.019999980926513672,False,True,0.6757691664749509,False,0.00022898053284034484,7.420370024161543,0.0002355044834309237,0.00026241828045393486,-0.2907524062248146,-1.064911923361167,-7.931581484575679,-0.2907524062248146,False,False,False,False,False,True,0.02790808693881082,False,-0.19855595120988556,中性,2314.TW,台揚,2,v1,phase6a,2026-07-12,0,2,3,2,2,2,v1,111,0.819078947368421,111,0.819078947368421,121,0.8026315789473685,^TWII,yfinance,2y,2026-10-02,scan_20261005_194006,False,False
True,0,-0.2500000794728597,-0.2883334159851074,True,False,觀察 (跌勢收斂),7.199999809265137,2026-10-05 00:00:00,7.348999977111816,-0.013499999046326039,True,False,0.17493909932604712,False,0.00014852790415468588,28.638505132758233,0.00015434718284780435,0.0001653329412693546,-0.3952998745595737,-2.087285350598478,-5.508855562403414,-0.3952998745595737,False,False,False,False,False,False,0.10268383098197054,False,-0.07335909563199361,中性,1213.TW,大飲,1,v1,phase6a,2026-07-12,0,1,1,1,1,1,v1,259,0.5756578947368421,259,0.5756578947368421,261,0.5723684210526315,^TWII,yfinance,2y,2026-10-02,scan_20261005_194006,False,False
True,1,-0.3333326975504557,-0.19999949137369788,True,False,賣出 (動能轉弱),34.150001525878906,2026-10-05 00:00:00,34.65749969482422,0.030000114440916548,False,False,2.4362237814850576,True,0.0007044761510953168,76.88600833531402,0.0007296153268566807,0.0007346499847870882,-0.36137757147672867,-1.2358351489452524,-1.3788202778332037,-0.36137757147672867,False,False,False,False,False,False,0.2440617645056801,False,-0.09775421657604455,中性,6418.TWO,詠昇,1,v1,phase6a,2026-07-12,0,1,2,1,1,1,v1,367,0.3980263157894737,367,0.3980263157894737,367,0.3980263157894737,^TWII,yfinance,2y,2026-10-02,scan_20261005_194006,True,False
True,0,-0.1183332602183024,-0.1116665999094645,True,False,賣出 (動能轉弱),4.050000190734863,2026-10-05 00:00:00,4.173500037193298,-0.012500000000000178,False,False,1.2768937537439415,False,8.354695223489497e-05,39.10783049310742,8.794215621342859e-05,9.354054946234257e-05,-0.5233347079471651,-2.637649401236375,-6.462444356776653,-0.5233347079471651,False,False,False,False,False,False,0.0,False,-0.18674695276640718,中性,5701.TWO,劍湖山,0,v1,phase6a,2026-07-12,0,0,0,0,0,0,v1,550,0.09703947368421052,550,0.09703947368421052,550,0.09703947368421052,^TWII,yfinance,2y,2026-10-02,scan_20261005_194006,False,False
True,0,0.675000508626302,0.3666667938232422,True,False,買入 (動能增強),37.25,2026-10-05 00:00:00,37.15749988555908,0.04500007629394531,False,True,1.0166580908760068,False,0.0007684256356010566,34.30376036112419,0.0007947784482691766,0.0008475063706065318,-0.3478116524449515,-1.2247719812499058,-8.751172464945478,-0.3478116524449515,False,False,False,False,False,False,0.0,False,-0.2958412301410399,中性,2425.TW,承啟,2,v1,phase6a,2026-07-12,0,2,4,2,2,2,v1,119,0.805921052631579,119,0.805921052631579,128,0.7911184210526315,^TWII,yfinance,2y,2026-10-02,scan_20261005_194006,False,False
True,2,0.008333524068196617,3.1789143879398796e-07,True,False,買入 (動能增強),17.350000381469727,2026-10-05 00:00:00,17.58249988555908,-0.012500000000002842,True,False,0.811492600655673,False,0.0003579110086123342,45.01660214329105,0.00037153708410673196,0.0003771817198556999,-0.38456667350120766,-1.2185550937771183,-4.182575383421582,-0.38456667350120766,False,False,False,False,False,False,0.24954187246703613,False,-0.06216214154217692,中性,1742.TWO,台蠟,2,v1,phase6a,2026-07-12,0,2,2,2,2,2,v1,102,0.8338815789473685,102,0.8338815789473685,112,0.8174342105263158,^TWII,yfinance,2y,2026-10-02,scan_20261005_194006,False,False
True,0,-0.07246017456054688,-0.08849175771077473,True,False,觀察 (跌勢收斂),10.25,2026-10-05 00:00:00,10.423619031906128,-0.017214298248291016,True,False,1.7453400419099272,True,0.00021144598026606254,31.664973026691047,0.00022179616724121606,0.00023491836982670084,-0.48881267769242953,-1.9728790255404527,-9.18172821751969,-0.48881267769242953,False,False,False,False,False,False,0.0,False,-0.15048547564583403,中性,1517.TW,利奇,1,v1,phase6a,2026-07-12,0,1,1,1,1,1,v1,282,0.537828947368421,282,0.537828947368421,283,0.5361842105263158,^TWII,yfinance,2y,2026-10-02,scan_20261005_194006,False,False
True,0,0.6666660308837891,0.5833326975504557,True,False,買入 (動能增強),55.20000076293945,2026-10-05 00:00:00,56.33499984741211,-0.09499988555908345,True,False,1.1016201787729223,False,0.0011387139777567935,29.975828164859426,0.0011951939452677968,0.0012623854693642133,-0.4949684194157755,-1.7841882406875342,-6.266223083783151,-0.4949684194157755,False,False,False,False,False,False,0.0,False,-0.10780644367709291,中性,2250.TW,IKKA-KY,2,v1,phase6a,2026-07-12,0,2,2,2,2,2,v1,110,0.8207236842105263,110,0.8207236842105263,120,0.8042763157894737,^TWII,yfinance,2y,2026-10-02,scan_20261005_194006,False,False
True,1,0.20833349227905276,0.2666668891906738,True,False,觀望 (動能減弱),14.5,2026-10-05 00:00:00,14.580000066757203,-0.019999980926513672,True,False,0.5001322892973885,False,0.0002991187037910153,50.11631282604437,0.0003055208779139147,0.00030000655511894437,-0.22009292300910754,-0.33013566036278474,3.817113035215214,-0.22009292300910754,False,False,True,False,False,False,0.5416678815473592,False,-0.07348240553109175,中性,1312.TW,國喬,2,v1,phase6a,2026-07-12,0,2,2,2,2,2,v1,85,0.8618421052631579,85,0.8618421052631579,95,0.8453947368421053,^TWII,yfinance,2y,2026-10-02,scan_20261005_194006,False,True
True,0,-0.21666653951009113,-0.26666657129923504,True,False,觀察 (跌勢收斂),10.399999618530273,2026-10-05 00:00:00,10.544999980926514,-0.025000000000000355,True,False,0.5160646611793501,False,0.00021454030381529856,33.360370615425055,0.00022332460393169917,0.00024165804422330916,-0.41233720943555374,-2.0680648682543046,-8.109754411044335,-0.41233720943555374,False,False,False,False,False,False,0.013692826222516778,False,-0.20610692246686269,中性,6109.TWO,亞元,1,v1,phase6a,2026-07-12,0,1,1,1,1,1,v1,363,0.40460526315789475,363,0.40460526315789475,363,0.40460526315789475,^TWII,yfinance,2y,2026-10-02,scan_20261005_194006,False,False
True,0,1.0,0.8333333333333334,True,False,買入 (動能增強),108.5,2026-10-05 00:00:00,107.975,0.07499999999998863,False,True,1.5632010884511283,True,0.0022382330594017353,47.970379613949696,0.0022849503367995197,0.0023477883985942127,-0.21475509790804814,-0.91454888284761,-3.0666833405726512,-0.21475509790804814,False,False,False,False,False,False,0.0,False,-0.013636363636363669,中性,6728.TWO,上洋,2,v1,phase6a,2026-07-12,0,2,4,2,2,2,v1,228,0.6266447368421053,228,0.6266447368421053,230,0.6233552631578947,^TWII,yfinance,2y,2026-10-02,scan_20261005_194006,False,False
True,0,0.30833355585734046,0.3000001907348633,True,False,買入 (動能增強),13.0,2026-10-05 00:00:00,12.817500019073487,0.009999990463256836,False,True,0.32952830322428117,False,0.00026817538960573786,41.84376590993406,0.0002744109648144507,0.0002929914089060874,-0.23862387116179162,-1.2829953629803992,-8.214761326997477,-0.23862387116179162,False,False,False,False,False,False,0.03334015250937258,False,-0.22848666435068132,中性,8421.TWO,旭源,2,v1,phase6a,2026-07-12,0,2,4,2,2,2,v1,245,0.5986842105263158,245,0.5986842105263158,246,0.5970394736842105,^TWII,yfinance,2y,2026-10-02,scan_20261005_194006,False,False
True,0,-2.6666666666666665,-2.6666666666666665,True,False,賣出 (動能轉弱),138.5,2026-10-05 00:00:00,140.525,-0.07499999999998863,True,False,0.7128948962764492,False,0.002857099343107284,45.11090308571077,0.0029620826416421613,0.003089489322369637,-0.37169112902577517,-1.7959382343920915,-4.689300962171917,-0.37169112902577517,False,False,False,False,False,False,0.0,False,-0.07046979865771807,中性,4572.TW,駐龍,0,v1,phase6a,2026-07-12,0,0,0,0,0,0,v1,530,0.1299342105263158,530,0.1299342105263158,530,0.1299342105263158,^TWII,yfinance,2y,2026-10-02,scan_20261005_194006,False,False
True,0,-0.14500013987223306,-0.13166681925455728,True,False,賣出 (動能轉弱),9.100000381469727,2026-10-05 00:00:00,9.252500009536742,0.0010000228881832385,False,False,1.0090619367822697,False,0.00018772278059330823,43.17920812423499,0.00019538540447763993,0.00020489603312418822,-0.4111237982974303,-1.6579588833036119,-4.657689782875218,-0.4111237982974303,False,False,False,False,False,False,0.0,False,-0.17272723804820667,中性,1413.TW,宏洲,0,v1,phase6a,2026-07-12,0,0,1,0,0,0,v1,434,0.2878289473684211,434,0.2878289473684211,435,0.28618421052631576,^TWII,yfinance,2y,2026-10-02,scan_20261005_194006,False,False
True,0,-0.04000020027160644,-0.058333555857340486,True,False,觀察 (跌勢收斂),4.409999847412109,2026-10-05 00:00:00,4.467499923706055,-0.005500006675720037,True,False,1.176467241364946,False,9.0973340556999e-05,26.110338963185388,9.474580648256151e-05,0.00010197839996960192,-0.4173739105300944,-1.7874959240355648,-7.4550158607282535,-0.4173739105300944,False,False,False,False,False,False,0.0,False,-0.14035092611440936,中性,1337.TW,再生-KY,1,v1,phase6a,2026-07-12,0,1,1,1,1,1,v1,266,0.5641447368421053,266,0.5641447368421053,267,0.5625,^TWII,yfinance,2y,2026-10-02,scan_20261005_194006,False,False
True,0,1.4500007629394531,1.316668192545573,True,False,買入 (動能增強),91.69999694824219,2026-10-05 00:00:00,91.2400001525879,0.034999847412109375,False,True,0.6628483837892142,False,0.001891667877572294,26.496045364946042,0.0019402506197672704,0.0020712396049298123,-0.26287991885961537,-1.213942652300859,-5.628200476883016,-0.26287991885961537,False,False,False,False,False,False,0.006439191223261143,False,-0.13896716480523763,中性,6569.TWO,醫揚,2,v1,phase6a,2026-07-12,0,2,4,2,2,2,v1,219,0.6414473684210527,219,0.6414473684210527,222,0.6365131578947368,^TWII,yfinance,2y,2026-10-02,scan_20261005_194006,False,False
True,0,0.5166667302449544,0.2000004450480143,True,False,買入 (動能增強),22.799999237060547,2026-10-05 00:00:00,21.9,0.02499999999999858,False,True,1.6176407915943467,True,0.0004703383598776337,41.30709839483864,0.00046728829792872813,0.0004984623422582349,0.06875410646745017,-0.5961189119890298,-6.262839194350667,0.06875410646745017,True,False,False,False,False,False,0.22614805292997497,False,-0.09523815290547466,中性,4168.TWO,醣聯,2,v1,phase6a,2026-07-12,0,2,4,2,2,2,v1,172,0.71875,172,0.71875,177,0.7105263157894737,^TWII,yfinance,2y,2026-10-02,scan_20261005_194006,False,False
True,0,-0.1833330790201823,-0.1833330790201823,True,False,賣出 (動能轉弱),12.0,2026-10-05 00:00:00,12.080000019073486,-0.017500019073485973,True,False,0.0,False,0.00024754651348221954,27.5487245862154,0.00025654768449611466,0.00028356105272449,-0.3679648293699378,-2.0541900965504567,-8.283451370783212,-0.3679648293699378,False,False,False,False,False,False,0.026992022898082977,False,-0.1946308518641645,中性,6169.TWO,昱泉,0,v1,phase6a,2026-07-12,0,0,0,0,0,0,v1,555,0.08881578947368421,555,0.08881578947368421,555,0.08881578947368421,^TWII,yfinance,2y,2026-10-02,scan_20261005_194006,False,False
True,0,2.083333333333333,-1.333333333333333,True,False,買入 (動能增強),173.0,2026-10-05 00:00:00,166.15,0.5250000000000057,False,True,1.491979555559472,False,0.0035687955693686655,139.20732246580494,0.003526264790052418,0.0038144052219231434,0.12712077811054545,-0.6966814418340794,-5.33706666784356,0.12712077811054545,True,False,False,False,False,True,0.2062417419254966,False,-0.3961605584642234,中性,3090.TW,日電貿,2,v1,phase6a,2026-07-12,0,2,4,2,2,2,v1,140,0.7713815789473685,140,0.7713815789473685,147,0.7598684210526315,^TWII,yfinance,2y,2026-10-02,scan_20261005_194006,False,False
True,0,0.29166698455810547,0.2833334604899088,True,False,買入 (動能增強),20.200000762939453,2026-10-05 00:00:00,19.69749994277954,0.05000000000000071,False,True,1.260106247069073,False,0.00041670331343365304,18.334800476602947,0.0004195114347500094,0.0004391685415716208,-0.07041133160596846,-0.4050368102226809,-4.594568169926405,-0.07041133160596846,False,False,False,False,False,False,0.10497548356870916,False,-0.1771893527212155,中性,8476.TW,台境*,3,v1,phase6a,2026-07-12,0,3,5,3,3,3,v1,79,0.8717105263157895,79,0.8717105263157895,83,0.8651315789473685,^TWII,yfinance,2y,2026-10-02,scan_20261005_194006,True,False
True,0,0.33333333333333337,-2.1666666666666665,True,False,買入 (動能增強),173.0,2026-10-05 00:00:00,172.025,0.0,False,True,0.859981867040481,False,0.0035687955693686655,136.39864547429835,0.0036757029738697425,0.0038528689142923885,-0.30522224364503137,-1.3330260351294476,-9.836762650574048,-0.30522224364503137,False,False,False,False,False,False,0.029016680100046238,False,-0.3580705009276438,中性,8033.TW,雷虎,3,v1,phase6a,2026-07-12,0,3,4,3,3,3,v1,75,0.8782894736842105,75,0.8782894736842105,80,0.8700657894736842,^TWII,yfinance,2y,2026-10-02,scan_20261005_194006,True,False
True,1,-0.2666676839192708,-0.08333460489908853,True,False,賣出 (動能轉弱),68.5,2026-10-05 00:00:00,69.53000030517578,-0.07500000000000284,True,False,1.1128268062411701,False,0.0014130780144610033,76.69209530359812,0.0014728992042325527,0.0015013099514159202,-0.425701976882531,-1.6691627343183302,-5.646565783734014,-0.425701976882531,False,False,False,False,False,False,0.0389016857614791,False,-0.08666666666666667,中性,5511.TWO,德昌,0,v1,phase6a,2026-07-12,0,0,0,0,0,0,v1,543,0.10855263157894737,543,0.10855263157894737,543,0.10855263157894737,^TWII,yfinance,2y,2026-10-02,scan_20261005_194006,False,False
True,1,-0.375,-0.3666667938232422,True,False,賣出 (動能轉弱),24.299999237060547,2026-10-05 00:00:00,24.20250005722046,-0.020000076293946734,True,True,0.9183231954697842,False,0.0005012816740629112,16.909921308175715,0.0005136293000172287,0.0005780585365781199,-0.2524134344639162,-1.9079528255295797,-7.386931148133636,-0.2524134344639162,False,False,False,False,False,False,0.041586546010450545,False,-0.27027027646245816,中性,3466.TWO,德晉,0,v1,phase6a,2026-07-12,0,0,1,0,0,0,v1,504,0.17269736842105263,504,0.17269736842105263,505,0.17105263157894737,^TWII,yfinance,2y,2026-10-02,scan_20261005_194006,False,False
True,0,-0.4166679382324219,-0.47500101725260413,True,False,觀察 (跌勢收斂),48.849998474121094,2026-10-05 00:00:00,49.19999961853027,-0.015000152587894888,False,False,0.9371544243060371,False,0.001007720567156702,45.784366456987,0.0010380113884995673,0.0010712920423804966,-0.3062339443171247,-1.4375989269512335,-3.748018079972537,-0.3062339443171247,False,False,False,False,False,False,0.004350318017223982,False,-0.01907632083320343,中性,9926.TW,新海,1,v1,phase6a,2026-07-12,0,1,1,1,1,1,v1,423,0.3059210526315789,423,0.3059210526315789,423,0.3059210526315789,^TWII,yfinance,2y,2026-10-02,scan_20261005_194006,False,False
True,0,-0.05833339691162108,-0.09999974568684894,True,False,觀察 (跌勢收斂),21.25,2026-10-05 00:00:00,21.30500011444092,-0.010000038146973367,False,False,0.731323308632018,False,0.0004383636176247638,47.808270481307765,0.0004501966399562618,0.0004612608436570641,-0.2759115650706412,-1.2019688501171966,-4.020806761650919,-0.2759115650706412,False,False,False,False,False,False,0.0,False,-0.01847573328305807,中性,9905.TW,大華,1,v1,phase6a,2026-07-12,0,1,1,1,1,1,v1,418,0.31414473684210525,418,0.31414473684210525,418,0.31414473684210525,^TWII,yfinance,2y,2026-10-02,scan_20261005_194006,False,False
True,1,1.4166666666666665,-0.4166666666666665,True,False,買入 (動能增強),241.5,2026-10-05 00:00:00,243.125,0.0,False,False,0.782918587969754,False,0.004981873583829669,39.94274703327294,0.005138668139510428,0.005117857937487591,-0.32015784178853757,-1.4495382636126264,-4.250695489102663,-0.32015784178853757,False,False,True,False,False,False,0.4039244340732892,False,-0.07115384615384612,中性,3617.TW,碩天,2,v1,phase6a,2026-07-12,0,2,2,2,2,2,v1,162,0.7351973684210527,162,0.7351973684210527,168,0.725328947368421,^TWII,yfinance,2y,2026-10-02,scan_20261005_194006,False,False
True,1,0.17499923706054688,0.09166622161865234,True,False,買入 (動能增強),18.0,2026-10-05 00:00:00,17.745000076293945,0.0,False,True,1.222738228205279,False,0.00037131977022332934,42.14954782873424,0.000377059871100423,0.00039391918244115936,-0.1599890371798085,-0.8800132280307515,-5.430066817532575,-0.1599890371798085,False,False,False,False,False,False,0.0699732845504704,False,-0.0348525271756277,中性,9928.TW,中視,2,v1,phase6a,2026-07-12,0,2,3,2,2,2,v1,256,0.5805921052631579,256,0.5805921052631579,257,0.5789473684210527,^TWII,yfinance,2y,2026-10-02,scan_20261005_194006,False,False
True,0,-0.1833333969116211,-0.22333335876464844,True,False,觀察 (跌勢收斂),8.449999809265137,2026-10-05 00:00:00,8.330500030517578,0.007999992370605113,False,True,1.2332280978689818,False,0.00017431399930908375,31.786138024977088,0.0001759643193439571,0.00018874795676048,-0.09862599874931322,-1.5093027350583266,-5.299745382190302,-0.09862599874931322,False,False,False,False,False,False,0.1244853231219967,False,-0.09139788860612508,中性,6616.TWO,特昇-KY,1,v1,phase6a,2026-07-12,0,1,3,1,1,1,v1,374,0.38651315789473684,374,0.38651315789473684,374,0.38651315789473684,^TWII,yfinance,2y,2026-10-02,scan_20261005_194006,False,False
True,0,0.44999885559082026,0.5083319346110025,True,False,觀望 (動能減弱),40.04999923706055,2026-10-05 00:00:00,40.312500190734866,0.002499961853033028,False,False,0.561743526664734,False,0.0008261864730083243,49.35113876106696,0.0008608363828887785,0.0009169720093815814,-0.42191180219199875,-1.8939842728951883,-8.014233988055718,-0.42191180219199875,False,False,False,False,False,False,0.0013023652730780255,False,-0.20535718205293985,中性,3704.TW,合勤控,0,v1,phase6a,2026-07-12,0,0,1,0,0,0,v1,510,0.16282894736842105,510,0.16282894736842105,510,0.16282894736842105,^TWII,yfinance,2y,2026-10-02,scan_20261005_194006,False,False
True,0,-0.003333012262980148,-0.051666259765625,True,False,觀察 (跌勢收斂),8.119999885559082,2026-10-05 00:00:00,8.101500058174134,-0.008500003814697621,False,True,1.2099113233266912,False,0.00016750647176218104,37.454733282743554,0.00017172345766677222,0.00018029259803348257,-0.2578266150597863,-1.2798835934218489,-5.896270836968299,-0.2578266150597863,False,False,False,False,False,False,0.0,False,-0.058848360994593896,中性,1417.TW,嘉裕,1,v1,phase6a,2026-07-12,0,1,2,1,1,1,v1,270,0.5575657894736842,270,0.5575657894736842,271,0.555921052631579,^TWII,yfinance,2y,2026-10-02,scan_20261005_194006,False,False
True,1,-0.0666667620340983,-0.10000006357828777,True,False,觀察 (跌勢收斂),10.199999809265137,2026-10-05 00:00:00,10.264999961853027,-0.005000019073486683,False,False,1.313396243686743,False,0.00021041453252524075,33.64048400535781,0.0002168344441006568,0.00022726346001494685,-0.31068891961847367,-1.4504723157037547,-4.570817982516429,-0.31068891961847367,False,False,False,False,False,False,0.0,False,-0.04672897279559296,中性,9950.TWO,萬國通,1,v1,phase6a,2026-07-12,0,1,1,1,1,1,v1,427,0.2993421052631579,427,0.2993421052631579,427,0.2993421052631579,^TWII,yfinance,2y,2026-10-02,scan_20261005_194006,False,False
True,1,-0.07500076293945312,-0.03333409627278646,True,False,賣出 (動能轉弱),32.79999923706055,2026-10-05 00:00:00,32.847500038146975,-0.020000076293939628,True,False,0.5151046874526558,False,0.0006766271211128167,29.35557484812509,0.0006948291021157574,0.0007266411533587571,-0.2749926766604127,-1.5234282727917936,-4.868454992499183,-0.2749926766604127,False,False,False,False,False,False,0.03419496239893614,False,-0.07865166733352436,中性,7760.TW,享溫馨,1,v1,phase6a,2026-07-12,0,1,1,1,1,1,v1,398,0.3470394736842105,398,0.3470394736842105,398,0.3470394736842105,^TWII,yfinance,2y,2026-10-02,scan_20261005_194006,True,False
True,0,16.666666666666664,14.75,True,False,買入 (動能增強),302.5,2026-10-05 00:00:00,295.2,1.224999999999966,False,True,0.6580670887256588,False,0.006240235027364285,49.1893943064673,0.006251421004818746,0.0062311972959856726,-0.01883171157545105,0.6486203462720663,2.9108832242840776,-0.01883171157545105,False,True,True,False,False,False,0.6272817636301119,False,-0.017857142857142905,中性,6937.TW,天虹,4,v1,phase6a,2026-07-12,0,4,6,4,4,4,v1,25,0.9605263157894737,25,0.9605263157894737,34,0.9457236842105263,^TWII,yfinance,2y,2026-10-02,scan_20261005_194006,False,True
True,0,0.11666679382324216,0.6166667938232422,True,False,觀望 (動能減弱),60.400001525878906,2026-10-05 00:00:00,61.17000026702881,0.015000152587894888,False,False,1.224394842848922,False,0.0012459841493376721,32.52007660678409,0.0012968316634948075,0.0013263110517082466,-0.41103022107232823,-1.5464905727455402,-4.490483322890526,-0.41103022107232823,False,False,False,False,False,False,0.2081350863907976,False,-0.08206688868435619,中性,7704.TWO,明遠精密,3,v1,phase6a,2026-07-12,0,3,4,3,3,3,v1,73,0.881578947368421,73,0.881578947368421,78,0.8733552631578947,^TWII,yfinance,2y,2026-10-02,scan_20261005_194006,True,True
False,0,-0.7000007629394532,-0.8000005086263021,False,True,強烈賣出 (跌破),76.0999984741211,2026-10-05 00:00:00,76.80000038146973,-0.04000015258789347,False,False,1.2394383646500102,False,0.0015698574415225755,49.6316623141083,0.0016217506206135887,0.0016764692063085487,-0.3356929732716618,-1.5583733171233183,-4.61657750916078,-0.3356929732716618,False,False,False,False,False,False,0.0,False,-0.029336773048385778,中性,1726.TW,永記,0,v1,phase6a,2026-07-12,0,0,0,0,0,0,v1,449,0.2631578947368421,449,0.2631578947368421,450,0.26151315789473684,^TWII,yfinance,2y,2026-10-02,scan_20261005_194006,False,False
False,0,2.250001271565755,0.5833346048990885,False,True,強烈買入 (爆發),68.5,2026-10-05 00:00:00,65.23999938964843,0.14000015258788778,False,True,1.0152400367753012,False,0.0014130780144610033,62.921204245965995,0.0013762395965562968,0.0013386398086533736,0.2825587252100803,1.0394073358028777,2.0585105747843,0.2825587252100803,True,True,True,False,False,True,0.7649786318596634,False,0.0,偏強 (RS上升),1301.TW,台塑,3,v1,phase6a,2026-07-12,2,5,5,5,3,5,v1,30,0.9523026315789473,30,0.9523026315789473,11,0.9835526315789473,^TWII,yfinance,2y,2026-10-02,scan_20261005_194006,False,False
False,0,3.1666666666666665,3.249999999999999,False,True,強烈買入 (爆發),120.5,2026-10-05 00:00:00,117.525,0.20000000000000284,False,True,1.841725974554087,True,0.0024857795728839547,48.32687848233372,0.0025072242030854523,0.0026443475813319266,-0.08995202656754131,-1.0346823721232745,-5.728049698113957,-0.08995202656754131,False,False,False,False,False,False,0.091946301687025,False,-0.08712121212121215,中性,7786.TW,東方風能,3,v1,phase6a,2026-07-12,0,3,5,3,3,3,v1,74,0.8799342105263158,74,0.8799342105263158,79,0.8717105263157895,^TWII,yfinance,2y,2026-10-02,scan_20261005_194006,False,False
True,0,-0.6499996185302734,-0.2166665395100911,True,False,賣出 (動能轉弱),34.29999923706055,2026-10-05 00:00:00,35.16499977111816,-0.08750000000000568,False,False,0.61486810026393,False,0.0007075704352980942,48.19081281890811,0.0007376128728167858,0.0007296466457582547,-0.42689896963422624,-1.3294321480259885,-0.8332063817099167,-0.42689896963422624,False,False,True,False,False,False,0.3530339705160361,False,-0.058984951464388424,中性,2596.TWO,綠意,0,v1,phase6a,2026-07-12,0,0,0,0,0,0,v1,476,0.21875,476,0.21875,477,0.21710526315789475,^TWII,yfinance,2y,2026-10-02,scan_20261005_194006,False,False
True,1,0.9916661580403645,0.8250001271565754,True,False,買入 (動能增強),45.349998474121094,2026-10-05 00:00:00,44.89749984741211,0.06499996185302592,False,True,1.3327780091628487,False,0.0009355195007243878,34.97391216887211,0.0009482414480554975,0.0009516927145620297,-0.14102566439019304,-0.1908678051664725,-0.26030807339486595,-0.14102566439019304,False,False,False,False,False,False,0.28709316228940274,False,-0.013057720976193843,中性,6666.TW,羅麗芬-KY,2,v1,phase6a,2026-07-12,0,2,4,2,2,2,v1,225,0.631578947368421,225,0.631578947368421,228,0.6266447368421053,^TWII,yfinance,2y,2026-10-02,scan_20261005_194006,False,False
True,0,-1.2833347320556638,-1.5166676839192705,True,False,觀察 (跌勢收斂),60.79999923706055,2026-10-05 00:00:00,61.40499973297119,-0.12000007629394815,True,False,0.8867686734170663,False,0.001254235652571329,31.769536469929214,0.0013021224138658242,0.0014156993011122147,-0.3856222392266129,-1.9600577393274254,-8.243344801392427,-0.3856222392266129,False,False,False,False,False,False,0.0,False,-0.20105124236321148,中性,3687.TWO,歐買尬,1,v1,phase6a,2026-07-12,0,1,1,1,1,1,v1,339,0.4440789473684211,339,0.4440789473684211,339,0.4440789473684211,^TWII,yfinance,2y,2026-10-02,scan_20261005_194006,False,False
True,1,0.2000002861022949,0.15833361943562824,True,False,買入 (動能增強),14.949999809265137,2026-10-05 00:00:00,14.907499980926513,-0.005000019073486683,True,True,0.4257863297750606,False,0.0003084016941119527,30.574271833917123,0.00031705539070141567,0.00033932178758365906,-0.2864817475635162,-1.275504832414831,-6.1819074399454665,-0.2864817475635162,False,False,False,False,False,False,0.022117303902972032,False,-0.08562694431440387,中性,8940.TW,新天地,2,v1,phase6a,2026-07-12,0,2,3,2,2,2,v1,255,0.5822368421052632,255,0.5822368421052632,256,0.5805921052631579,^TWII,yfinance,2y,2026-10-02,scan_20261005_194006,False,False
True,0,-0.40000057220458984,-0.07500044504801431,True,False,賣出 (動能轉弱),17.649999618530273,2026-10-05 00:00:00,18.312499713897704,-0.027500057220461116,False,False,0.3922986798579519,False,0.0003640996557108062,47.04872658929302,0.00038224909279806554,0.00037456599427853065,-0.4973108211894006,-1.7128308688883487,1.725437612529035,-0.4973108211894006,False,False,True,False,False,False,0.3873484730854482,False,-0.06366051663951688,中性,2905.TW,三商,0,v1,phase6a,2026-07-12,0,0,0,0,0,0,v1,494,0.18914473684210525,494,0.18914473684210525,495,0.1875,^TWII,yfinance,2y,2026-10-02,scan_20261005_194006,False,False
True,0,-0.058333555857340506,-0.11666695276896157,True,False,觀察 (跌勢收斂),15.899999618530273,2026-10-05 00:00:00,16.000000047683717,-0.010000038146973367,True,False,0.1130278003039059,False,0.0003279991224946492,23.070307395372346,0.0003381848103145586,0.00035877078359960096,-0.31603701714094656,-1.6272666289041116,-5.0028364924210695,-0.31603701714094656,False,False,False,False,False,False,0.015015243225624905,False,-0.06470590479233684,中性,4930.TW,燦星網,1,v1,phase6a,2026-07-12,0,1,1,1,1,1,v1,349,0.4276315789473684,349,0.4276315789473684,349,0.4276315789473684,^TWII,yfinance,2y,2026-10-02,scan_20261005_194006,False,False
True,0,0.18333307902018228,0.2416661580403646,True,False,觀望 (動能減弱),30.850000381469727,2026-10-05 00:00:00,30.99000015258789,0.015000057220458274,False,False,1.0026920147496332,False,0.0006364008362798312,37.420733663449106,0.0006555387771311258,0.0006790143728307037,-0.30636605399512185,-1.1362222614502593,-3.1837026532620216,-0.30636605399512185,False,False,False,False,False,False,0.0,False,-0.018523331444728952,中性,1614.TW,三洋電,0,v1,phase6a,2026-07-12,0,0,1,0,0,0,v1,447,0.26644736842105265,447,0.26644736842105265,448,0.26480263157894735,^TWII,yfinance,2y,2026-10-02,scan_20261005_194006,False,False
True,0,0.20833333333333331,0.2000001271565755,True,False,買入 (動能增強),20.299999237060547,2026-10-05 00:00:00,20.42249994277954,-0.010000038146973367,False,False,1.7677429221463408,True,0.00041876616956883797,32.440719964275736,0.00043345872867796,0.000455390320569846,-0.35553247745475636,-1.2594166050155176,-5.275184370341879,-0.35553247745475636,False,False,False,False,False,False,0.0,False,-0.10572693591258397,中性,4133.TW,亞諾法,2,v1,phase6a,2026-07-12,0,2,2,2,2,2,v1,170,0.7220394736842105,170,0.7220394736842105,176,0.712171052631579,^TWII,yfinance,2y,2026-10-02,scan_20261005_194006,False,False
True,0,-0.35000228881835926,-2.4000015258789062,True,False,觀察 (跌勢收斂),71.5999984741211,2026-10-05 00:00:00,68.82000007629395,0.09500007629395668,False,True,1.001411192513646,False,0.001477027498966743,80.07523799923167,0.001438577851824904,0.0013984842155607498,0.2821362961692664,0.4450307772829065,2.7831357599126028,0.2821362961692664,True,True,True,False,False,False,0.6323062538340832,False,-0.03633922566269454,偏強 (RS上升),1326.TW,台化,1,v1,phase6a,2026-07-12,1,2,3,2,1,2,v1,265,0.5657894736842105,265,0.5657894736842105,259,0.5756578947368421,^TWII,yfinance,2y,2026-10-02,scan_20261005_194006,False,False
True,2,0.6666666666666666,0.7333335876464843,True,False,觀望 (動能減弱),64.4000015258789,2026-10-05 00:00:00,65.34499893188476,0.03500003814696129,False,False,1.3548863073628687,False,0.0013284996538317452,48.232089648548026,0.001373224992229217,0.0013596297563116476,-0.3416661493790496,-0.8024735507494496,0.5268030567145754,-0.3416661493790496,False,False,True,False,False,False,0.4621624304901865,False,-0.02865763858857817,中性,2354.TW,鴻準,0,v1,phase6a,2026-07-12,0,0,1,0,0,0,v1,463,0.24013157894736842,463,0.24013157894736842,464,0.23848684210526316,^TWII,yfinance,2y,2026-10-02,scan_20261005_194006,False,False
True,0,-1.2715657552037074e-06,-0.05000178019205728,True,False,觀察 (跌勢收斂),91.80000305175781,2026-10-05 00:00:00,91.92500076293945,-0.004999923706066056,True,False,1.2396967947686688,False,0.0018937308910933134,44.72878361056925,0.0019434932958589152,0.001996508126115702,-0.26879783188801243,-1.192320137993197,-3.8551818621070044,-0.26879783188801243,False,False,False,False,False,False,0.0,False,-0.018181785542697226,中性,7708.TWO,全家餐飲,1,v1,phase6a,2026-07-12,0,1,1,1,1,1,v1,394,0.3536184210526316,394,0.3536184210526316,394,0.3536184210526316,^TWII,yfinance,2y,2026-10-02,scan_20261005_194006,False,False
True,0,0.016666412353515646,0.08333333333333337,True,False,觀望 (動能減弱),58.5,2026-10-05 00:00:00,58.525,0.010000038146969814,False,False,0.7293281064819035,False,0.0012067892532258203,37.42824152579271,0.0012379952605907532,0.0013129897710091076,-0.2646334917745796,-1.353260479484364,-3.89553084831038,-0.2646334917745796,False,False,False,False,False,False,0.0,False,-0.12556055806111655,中性,6846.TWO,綠茵,0,v1,phase6a,2026-07-12,0,0,1,0,0,0,v1,576,0.054276315789473686,576,0.054276315789473686,576,0.054276315789473686,^TWII,yfinance,2y,2026-10-02,scan_20261005_194006,False,False
True,0,-22.09059651692708,-31.219177246093746,True,False,觀察 (跌勢收斂),550.0,2026-10-05 00:00:00,551.2941864013671,-2.0,True,False,1.1131973719895556,False,0.011345881867935063,146.169718721888,0.011365749612451655,0.011182009659096085,-0.018396998484837557,-0.971127695636298,5.430892878892957,-0.018396998484837557,False,True,True,False,False,True,0.6859941543190969,False,-0.08026755852842804,中性,6830.TW,汎銓,1,v1,phase6a,2026-07-12,0,1,1,1,1,1,v1,385,0.3684210526315789,385,0.3684210526315789,385,0.3684210526315789,^TWII,yfinance,2y,2026-10-02,scan_20261005_194006,False,False
True,0,-0.5166664123535156,-0.2583332061767578,True,False,賣出 (動能轉弱),14.800000190734863,2026-10-05 00:00:00,15.5375,-0.01500000953674352,False,False,2.87994413896169,True,0.0003053073705627167,21.53992869483118,0.0003251720545226866,0.00033608785059967836,-0.6389414300160379,-1.92627836767445,-0.9805911096849251,-0.6389414300160379,False,False,False,False,False,False,0.0,False,-0.07210029042522337,中性,4113.TWO,聯上,0,v1,phase6a,2026-07-12,0,0,0,0,0,0,v1,515,0.15460526315789475,515,0.15460526315789475,515,0.15460526315789475,^TWII,yfinance,2y,2026-10-02,scan_20261005_194006,False,False
True,0,0.28333314259847003,0.16666666666666666,True,False,買入 (動能增強),17.75,2026-10-05 00:00:00,17.467500019073487,0.00500001907348846,False,True,1.652674764773014,True,0.00036616255119244976,40.17479932271698,0.00037089655816175006,0.00038043904451028727,-0.1341743133927542,-0.45616804109677167,-4.2661764899023735,-0.1341743133927542,False,False,False,False,False,False,0.16034909849454168,False,-0.04054054054054057,中性,4430.TWO,耀億,4,v1,phase6a,2026-07-12,0,4,6,4,4,4,v1,16,0.975328947368421,16,0.975328947368421,27,0.9572368421052632,^TWII,yfinance,2y,2026-10-02,scan_20261005_194006,False,True
True,0,-2.916666666666666,-2.5,True,False,賣出 (動能轉弱),291.0,2026-10-05 00:00:00,295.325,0.14999999999997726,False,False,0.83280540208717,False,0.0060030029519438245,32.73642894555255,0.006240869952036849,0.0065953414968083525,-0.3996009717436966,-1.835147899307077,-4.88129227012436,-0.3996009717436966,False,False,False,False,False,False,0.0,False,-0.10185185185185186,中性,4585.TW,達明,0,v1,phase6a,2026-07-12,0,0,1,0,0,0,v1,531,0.12828947368421054,531,0.12828947368421054,531,0.12828947368421054,^TWII,yfinance,2y,2026-10-02,scan_20261005_194006,False,False
True,0,0.7750002543131509,0.5583333969116211,True,False,買入 (動能增強),29.100000381469727,2026-10-05 00:00:00,28.840000247955324,0.02500000000000213,False,True,6.205076021651223,True,0.0006003003030636742,41.104937216553765,0.0006097800634333549,0.0006344766756432229,-0.16337681156635142,-0.7281252161441154,-1.8156050841173998,-0.16337681156635142,False,False,False,False,False,False,0.3260668181131425,False,-0.03859052335467095,中性,6134.TWO,萬旭,2,v1,phase6a,2026-07-12,0,2,4,2,2,2,v1,193,0.6842105263157895,193,0.6842105263157895,198,0.6759868421052632,^TWII,yfinance,2y,2026-10-02,scan_20261005_194006,False,False
False,0,0.9333330790201821,0.8083332379659016,False,True,強烈買入 (爆發),17.5,2026-10-05 00:00:00,16.392499923706055,0.06499996185302592,False,True,1.608253333866506,True,0.0003610053321615702,44.18191778018356,0.00034866449992890285,0.0003446845770176724,0.37396779556664317,0.8674869673823915,1.7806449260364676,0.37396779556664317,True,True,True,False,False,True,0.6696179956508046,False,-0.0028489595005202206,偏強 (RS上升),1710.TW,東聯,3,v1,phase6a,2026-07-12,2,5,5,5,3,5,v1,34,0.9457236842105263,34,0.9457236842105263,12,0.9819078947368421,^TWII,yfinance,2y,2026-10-02,scan_20261005_194006,False,False
True,0,0.6833343505859375,0.2750008900960286,True,False,買入 (動能增強),46.20000076293945,2026-10-05 00:00:00,46.89750022888184,-0.054999923706049,True,False,1.1307981451443039,False,0.0009530540926451288,53.94132282222923,0.0010026851338645452,0.0010722036719865964,-0.5183322874553031,-1.5508503965500187,-10.149448294883056,-0.5183322874553031,False,False,False,False,False,False,0.0,False,-0.22396126218165957,中性,3594.TWO,磐儀,2,v1,phase6a,2026-07-12,0,2,2,2,2,2,v1,159,0.7401315789473685,159,0.7401315789473685,165,0.7302631578947368,^TWII,yfinance,2y,2026-10-02,scan_20261005_194006,False,False
True,1,-0.07499980926513672,-0.10833326975504556,True,False,觀察 (跌勢收斂),17.649999618530273,2026-10-05 00:00:00,17.580000019073488,0.00500001907348846,False,True,2.0573042641801087,True,0.0003640996557108062,35.620710738321954,0.00037126297622367213,0.00038475578215843906,-0.20268797340038391,-1.3074375017335216,-3.8547648526702893,-0.20268797340038391,False,False,False,False,False,False,0.05537878284418295,False,-0.03551910631853561,中性,4440.TW,宜新實業,1,v1,phase6a,2026-07-12,0,1,3,1,1,1,v1,344,0.43585526315789475,344,0.43585526315789475,344,0.43585526315789475,^TWII,yfinance,2y,2026-10-02,scan_20261005_194006,False,False
True,0,0.17500019073486325,-0.03333314259847006,True,False,買入 (動能增強),22.100000381469727,2026-10-05 00:00:00,21.647499752044677,0.019999980926513672,False,True,3.416699058580381,True,0.0004558981701990461,38.40465869814128,0.0004594036867249158,0.0004925503680902502,-0.08025742912167733,-1.5589962804776203,-6.2028735195425515,-0.08025742912167733,False,False,False,False,False,False,0.098866012483598,False,-0.20216607318517155,中性,5345.TWO,馥鴻,3,v1,phase6a,2026-07-12,0,3,5,3,3,3,v1,58,0.90625,58,0.90625,65,0.8947368421052632,^TWII,yfinance,2y,2026-10-02,scan_20261005_194006,True,False
True,2,0.20000076293945312,0.6333351135253906,True,False,觀望 (動能減弱),67.5999984741211,2026-10-05 00:00:00,68.20000038146972,-0.07500000000000284,True,False,0.7888490551419577,False,0.00139451199447267,40.02514326888659,0.0014433890431921983,0.0014941477192230075,-0.3551834138587395,-1.3684412509389898,-4.311291211320567,-0.3551834138587395,False,False,False,False,False,False,0.0,False,-0.04384722217725878,中性,3310.TWO,佳穎,2,v1,phase6a,2026-07-12,0,2,2,2,2,2,v1,150,0.7549342105263158,150,0.7549342105263158,157,0.743421052631579,^TWII,yfinance,2y,2026-10-02,scan_20261005_194006,False,True
True,0,1.733332316080729,1.1333319346110025,True,False,買入 (動能增強),62.599998474121094,2026-10-05 00:00:00,61.70499973297119,-0.13500022888183594,True,True,0.8560682876161161,False,0.0012913676138550784,28.383472149128547,0.0013165893190897433,0.0013340781539254245,-0.2012452485437799,-0.5440673406272856,-6.519727991363888,-0.2012452485437799,False,False,False,False,False,False,0.491090466754019,False,-0.09928059749466056,中性,2070.TWO,精湛,2,v1,phase6a,2026-07-12,0,2,3,2,2,2,v1,108,0.8240131578947368,108,0.8240131578947368,118,0.8075657894736842,^TWII,yfinance,2y,2026-10-02,scan_20261005_194006,False,False
True,2,-0.03333346048990885,-0.008333524068196613,True,False,賣出 (動能轉弱),30.200000762939453,2026-10-05 00:00:00,30.340000343322753,-0.007499980926514382,False,False,2.495864410714804,True,0.0006229920746688361,46.46085354592016,0.0006413924450275864,0.0006651552214434996,-0.30107147486690966,-1.2908596964192331,-3.937358062067453,-0.30107147486690966,False,False,False,False,False,False,0.0,False,-0.006578909805936672,中性,5523.TWO,豐謙,0,v1,phase6a,2026-07-12,0,0,0,0,0,0,v1,545,0.10526315789473684,545,0.10526315789473684,545,0.10526315789473684,^TWII,yfinance,2y,2026-10-02,scan_20261005_194006,False,False
True,0,-0.13333257039388016,-0.5,True,False,觀察 (跌勢收斂),74.4000015258789,2026-10-05 00:00:00,74.33500099182129,0.004999923706051845,False,True,0.30602281737580517,False,0.0015347884150669281,39.91173729823525,0.0015693833795215495,0.0016036369978270318,-0.23150142626828796,-1.2256464484430518,-3.6361878205053433,-0.23150142626828796,False,False,False,False,False,False,0.0,False,-0.01195221101465671,中性,1777.TWO,生泰,1,v1,phase6a,2026-07-12,0,1,3,1,1,1,v1,292,0.5213815789473685,292,0.5213815789473685,293,0.5197368421052632,^TWII,yfinance,2y,2026-10-02,scan_20261005_194006,False,False
True,0,0.5749988555908203,0.24166552225748694,True,False,買入 (動能增強),46.099998474121094,2026-10-05 00:00:00,45.569999313354494,-0.04500007629394531,True,True,1.0950924030706368,False,0.0009509911578170266,66.47268375177731,0.0009723198917670021,0.0010575419860322291,-0.23037250871726922,-1.5863562355338257,-8.272777927219765,-0.23037250871726922,False,False,False,False,False,False,0.0457309273685466,False,-0.16341334974823496,中性,3209.TW,全科,2,v1,phase6a,2026-07-12,0,2,3,2,2,2,v1,145,0.7631578947368421,145,0.7631578947368421,152,0.7516447368421053,^TWII,yfinance,2y,2026-10-02,scan_20261005_194006,False,False
True,0,0.18333307902018225,0.34166717529296875,True,False,觀望 (動能減弱),37.349998474121094,2026-10-05 00:00:00,37.80750026702881,-0.01750011444092081,True,False,1.0396847675784702,False,0.0007704884917362414,46.39804053136197,0.0007989866392651532,0.0008351889808680378,-0.37404684636291874,-1.6657735077360236,-3.5605898952496773,-0.37404684636291874,False,False,False,False,False,False,0.0,False,-0.08902442746046113,中性,6101.TWO,寬魚國際,0,v1,phase6a,2026-07-12,0,0,0,0,0,0,v1,553,0.09210526315789473,553,0.09210526315789473,553,0.09210526315789473,^TWII,yfinance,2y,2026-10-02,scan_20261005_194006,False,False
True,0,-0.05833323796590169,-0.04999987284342448,True,False,賣出 (動能轉弱),11.149999618530273,2026-10-05 00:00:00,11.179999828338623,-0.0025000095367424535,True,False,0.21911338164547534,False,0.00023001196090793728,44.249942748498974,0.00023670824405767524,0.00024800122586301153,-0.2968967858512195,-1.7102409083291525,-5.420728556537824,-0.2968967858512195,False,False,False,False,False,False,0.05027348188408281,False,-0.03463208360164882,中性,8443.TW,阿瘦,0,v1,phase6a,2026-07-12,0,0,0,0,0,0,v1,597,0.019736842105263157,597,0.019736842105263157,597,0.019736842105263157,^TWII,yfinance,2y,2026-10-02,scan_20261005_194006,False,False
True,1,0.7416661580403645,0.6416664123535156,True,False,買入 (動能增強),42.5,2026-10-05 00:00:00,42.10750026702881,0.039999961853027344,False,True,0.5286020341850045,False,0.0008767272352495276,35.42540440114302,0.0008908456139200647,0.0009013898132425677,-0.16654625459120442,-0.613308242694488,-1.8319171990893168,-0.16654625459120442,False,False,False,False,False,False,0.239194016329126,False,-0.026345967598583098,中性,6771.TW,平和環保-創,2,v1,phase6a,2026-07-12,0,2,4,2,2,2,v1,230,0.6233552631578947,230,0.6233552631578947,232,0.6200657894736842,^TWII,yfinance,2y,2026-10-02,scan_20261005_194006,False,False
True,0,0.4500001271565755,0.3083337148030599,True,False,買入 (動能增強),35.099998474121094,2026-10-05 00:00:00,34.795000076293945,-0.007500076293943891,True,True,0.7797950266252319,False,0.0007240735204583253,43.38834155797418,0.000740372214794555,0.0007846417477246237,-0.23119257328938492,-1.4094228240475681,-6.407558361559673,-0.23119257328938492,False,False,False,False,False,False,0.05217120697967647,False,-0.10000003912510014,中性,6151.TWO,晉倫,2,v1,phase6a,2026-07-12,0,2,3,2,2,2,v1,196,0.6792763157894737,196,0.6792763157894737,201,0.6710526315789473,^TWII,yfinance,2y,2026-10-02,scan_20261005_194006,False,False
False,0,0.16666666666666652,-2.583333333333333,False,True,強烈買入 (爆發),141.5,2026-10-05 00:00:00,137.575,-0.07500000000001705,True,True,1.4499261358982554,False,0.002918985971477839,60.91188404003632,0.002909323325720715,0.0030247808547239343,0.03497295450611837,-0.9609882471587561,-5.128405046065043,0.03497295450611837,True,False,False,False,False,False,0.1901304760846381,False,-0.10158730158730156,中性,3019.TW,亞光,3,v1,phase6a,2026-07-12,0,3,4,3,3,3,v1,45,0.9276315789473685,45,0.9276315789473685,57,0.9078947368421053,^TWII,yfinance,2y,2026-10-02,scan_20261005_194006,False,False
True,0,1.2499999999999996,-1.5833333333333335,True,False,買入 (動能增強),111.5,2026-10-05 00:00:00,111.45,0.42499999999999716,False,True,0.3870693080344062,False,0.0023001196877722903,131.53301126748715,0.0023265876342073518,0.0022906443071085353,-0.11960723967466835,-0.9854248388657116,3.5612667064648607,-0.11960723967466835,False,True,True,False,False,False,0.7346981121130883,False,-0.05907172995780585,中性,6588.TWO,東典光電,2,v1,phase6a,2026-07-12,0,2,4,2,2,2,v1,222,0.6365131578947368,222,0.6365131578947368,225,0.631578947368421,^TWII,yfinance,2y,2026-10-02,scan_20261005_194006,False,False
True,0,0.10833326975504556,0.050000031789143876,True,False,買入 (動能增強),10.75,2026-10-05 00:00:00,10.577500009536744,0.009999990463256836,False,True,2.2141824834604047,True,0.0002217604183278217,41.02976268670297,0.00022413352161079614,0.0002343023307139416,-0.1113275012591286,-0.9266216432332275,-3.800460201955158,-0.1113275012591286,False,False,False,False,False,False,0.11064189707158659,False,-0.027149338059415218,中性,5521.TW,工信,4,v1,phase6a,2026-07-12,0,4,6,4,4,4,v1,18,0.9720394736842105,18,0.9720394736842105,28,0.9555921052631579,^TWII,yfinance,2y,2026-10-02,scan_20261005_194006,False,True
True,0,0.4304726918538411,0.4955501556396484,True,False,觀望 (動能減弱),17.799999237060547,2026-10-05 00:00:00,17.801620960235596,0.01711854934692525,False,False,0.7429441386579225,False,0.00036719397926004223,40.69198708869617,0.00037636274789429704,0.0003831800123653255,-0.2557811357003503,-0.5368542955517475,-0.5364354359425061,-0.2557811357003503,False,False,False,False,False,False,0.0,False,-0.021978104896205664,中性,8423.TWO,保綠-KY,2,v1,phase6a,2026-07-12,0,2,3,2,2,2,v1,246,0.5970394736842105,246,0.5970394736842105,247,0.5953947368421053,^TWII,yfinance,2y,2026-10-02,scan_20261005_194006,False,True
False,0,0.2000001271565755,0.11666679382324217,False,True,強烈買入 (爆發),17.149999618530273,2026-10-05 00:00:00,16.91249990463257,0.009999942779540305,False,True,1.0098890904576383,False,0.0003537852176490471,29.78682860268827,0.0003585941372701873,0.0003721548805044603,-0.14096396186084048,-0.5929079714115715,-3.745061077681089,-0.14096396186084048,False,False,False,False,False,False,0.10743966937428097,False,-0.005797123563462403,中性,6248.TWO,沛波,3,v1,phase6a,2026-07-12,0,3,5,3,3,3,v1,65,0.8947368421052632,65,0.8947368421052632,71,0.8848684210526315,^TWII,yfinance,2y,2026-10-02,scan_20261005_194006,False,False
True,0,0.45000012715657545,0.4083334604899088,True,False,買入 (動能增強),35.0,2026-10-05 00:00:00,34.97999992370605,0.012499999999995737,False,True,0.89856330941043,False,0.0007220106643231404,53.765543804822556,0.0007389898073596308,0.0007508140871712438,-0.24127072086503887,-0.6786334729247945,-1.8164639256066595,-0.24127072086503887,False,False,False,False,False,False,0.380900101930856,False,-0.019607864089071114,中性,1612.TW,宏泰,2,v1,phase6a,2026-07-12,0,2,4,2,2,2,v1,99,0.8388157894736842,99,0.8388157894736842,109,0.8223684210526315,^TWII,yfinance,2y,2026-10-02,scan_20261005_194006,False,False
True,1,-0.03833357493082682,-0.02500025431315104,True,False,賣出 (動能轉弱),9.869999885559082,2026-10-05 00:00:00,9.951499938964844,-0.004500007629394176,False,False,1.1823772209112586,False,0.00020360700497833807,39.452361971481174,0.00021031464345707041,0.00021790684781485128,-0.3345961664432684,-1.378849600423293,-4.0393454494809795,-0.3345961664432684,False,False,False,False,False,False,0.0,False,-0.0179104777870277,中性,1217.TW,愛之味,0,v1,phase6a,2026-07-12,0,0,0,0,0,0,v1,430,0.2944078947368421,430,0.2944078947368421,431,0.29276315789473684,^TWII,yfinance,2y,2026-10-02,scan_20261005_194006,False,False
True,0,8.083333333333332,4.5,True,False,買入 (動能增強),238.5,2026-10-05 00:00:00,228.1,1.1500000000000057,False,True,1.1574545334510775,False,0.004919986955459114,81.06382247551718,0.004778923999489186,0.004727572088616189,0.31168131010308464,0.44638533789334023,5.527879269023361,0.31168131010308464,True,True,True,False,False,True,0.6552761789303704,False,-0.0535714285714286,偏強 (RS上升),6271.TW,同欣電,2,v1,phase6a,2026-07-12,2,4,4,4,2,4,v1,211,0.6546052631578947,211,0.6546052631578947,45,0.9276315789473685,^TWII,yfinance,2y,2026-10-02,scan_20261005_194006,False,False
True,0,0.45833317438761384,0.3999997774759928,True,False,買入 (動能增強),12.5,2026-10-05 00:00:00,12.109999942779542,0.03000001907348704,False,True,1.2637120124182992,False,0.0002578609515439787,48.36202843034266,0.00025714055639872743,0.00026077191936223036,0.02949882284455363,0.02399331276083938,-0.8233502770696011,0.02949882284455363,True,False,False,False,False,False,0.38868185880170486,False,-0.027237382963384404,中性,1313.TW,聯成,2,v1,phase6a,2026-07-12,0,2,4,2,2,2,v1,86,0.8601973684210527,86,0.8601973684210527,96,0.84375,^TWII,yfinance,2y,2026-10-02,scan_20261005_194006,False,False
True,0,-0.19999949137369794,-0.2499996821085612,True,False,觀察 (跌勢收斂),21.0,2026-10-05 00:00:00,21.22750005722046,-0.019999980926513672,False,False,3.5906239831240674,True,0.00043320639859388424,37.15787127420428,0.0004481123871138792,0.0004671380497132261,-0.3489251031267848,-1.441470056678129,-4.396567833414489,-0.3489251031267848,False,False,False,False,False,False,0.0,False,-0.03225809854048278,中性,8463.TW,潤泰材,1,v1,phase6a,2026-07-12,0,1,1,1,1,1,v1,414,0.3207236842105263,414,0.3207236842105263,414,0.3207236842105263,^TWII,yfinance,2y,2026-10-02,scan_20261005_194006,False,False
True,1,-0.4000008900960286,-0.3833338419596354,True,False,賣出 (動能轉弱),62.599998474121094,2026-10-05 00:00:00,62.70500011444092,0.0,False,False,1.0134965631428428,False,0.0012913676138550784,45.095037579144574,0.00132310363928001,0.001365817616612017,-0.25184882033171263,-1.374478323323558,-3.3475746766302272,-0.25184882033171263,False,False,False,False,False,False,0.06236250829832632,False,-0.018808789612686838,中性,2643.TWO,捷迅,0,v1,phase6a,2026-07-12,0,0,0,0,0,0,v1,485,0.20394736842105263,485,0.20394736842105263,486,0.20230263157894737,^TWII,yfinance,2y,2026-10-02,scan_20261005_194006,False,False
True,1,0.20833333333333331,0.10833342870076497,True,False,買入 (動能增強),11.149999618530273,2026-10-05 00:00:00,10.6375,0.022499990463256125,False,True,3.3395476322199342,True,0.00023001196090793728,62.01734467580063,0.00022629303067069685,0.0002313057010120149,0.17329067283056165,-0.588093945850332,-4.251589151712021,0.17329067283056165,True,False,False,False,False,False,0.2220747856161439,False,-0.25167785879244864,中性,1718.TW,中纖,3,v1,phase6a,2026-07-12,0,3,5,3,3,3,v1,35,0.944078947368421,35,0.944078947368421,50,0.9194078947368421,^TWII,yfinance,2y,2026-10-02,scan_20261005_194006,True,False
True,0,-0.09166622161865233,-0.0749998092651367,True,False,賣出 (動能轉弱),16.700000762939453,2026-10-05 00:00:00,17.02500009536743,-0.022499942779539595,True,False,1.136609568370754,False,0.00034450224700133904,32.37746979282795,0.00036014222670818774,0.00037407871743606695,-0.4550485904576407,-1.9216663217176078,-5.81737935020219,-0.4550485904576407,False,False,False,False,False,False,0.0,False,-0.09525042147232954,中性,9946.TW,三發地產,1,v1,phase6a,2026-07-12,0,1,1,1,1,1,v1,426,0.30098684210526316,426,0.30098684210526316,426,0.30098684210526316,^TWII,yfinance,2y,2026-10-02,scan_20261005_194006,True,False
True,1,-0.033332983652750656,-0.04999955495198567,True,False,觀察 (跌勢收斂),12.550000190734863,2026-10-05 00:00:00,12.607500028610229,-0.012500000000001066,False,False,0.3189646533335242,False,0.00025889239928480047,35.195933070662164,0.0002674472683767318,0.00028600680433315916,-0.3355766658214576,-1.4281294268338796,-6.20658903907727,-0.3355766658214576,False,False,False,False,False,False,0.0,False,-0.10357141494750977,中性,2904.TW,匯僑,1,v1,phase6a,2026-07-12,0,1,1,1,1,1,v1,319,0.4769736842105263,319,0.4769736842105263,319,0.4769736842105263,^TWII,yfinance,2y,2026-10-02,scan_20261005_194006,False,False
True,0,-0.21666685740152997,-0.24166647593180338,True,False,觀察 (跌勢收斂),25.799999237060547,2026-10-05 00:00:00,25.892499923706055,-0.005000019073484907,True,False,0.6732035709058979,False,0.0005322249882481886,37.421539144318245,0.0005463104480219416,0.0005610491166454098,-0.2706642161800721,-1.4567933655564747,-3.696289300383959,-0.2706642161800721,False,False,False,False,False,False,0.014020663724259473,False,-0.017142886207217267,中性,5356.TWO,協益,1,v1,phase6a,2026-07-12,0,1,1,1,1,1,v1,355,0.41776315789473684,355,0.41776315789473684,355,0.41776315789473684,^TWII,yfinance,2y,2026-10-02,scan_20261005_194006,False,False
False,0,8.25,5.5,False,True,強烈買入 (爆發),171.5,2026-10-05 00:00:00,160.275,0.9250000000000114,False,True,1.5607797322562214,True,0.003537852255183388,146.14662773470565,0.0034280372167694363,0.0035217884909361894,0.3383448864802796,1.0142471123220531,-2.6641108599687824,0.3383448864802796,True,True,False,False,False,True,0.2270415305532983,False,-0.16747572815533984,偏強 (RS上升),2316.TW,楠梓電,3,v1,phase6a,2026-07-12,1,4,5,4,3,4,v1,37,0.9407894736842105,37,0.9407894736842105,39,0.9375,^TWII,yfinance,2y,2026-10-02,scan_20261005_194006,False,False
False,0,5.25,1.9999999999999998,False,True,強烈買入 (爆發),191.5,2026-10-05 00:00:00,184.8,0.22500000000002274,False,True,1.753384161901862,True,0.003950429777653754,35.66660153326724,0.003962558002272075,0.004362436580984316,-0.03220758011607261,-0.9491477759238531,-9.143157702214477,-0.03220758011607261,False,False,False,False,False,True,0.07704277883925105,False,-0.2659421784316751,中性,6719.TW,力智,3,v1,phase6a,2026-07-12,0,3,5,3,3,3,v1,71,0.8848684210526315,71,0.8848684210526315,76,0.8766447368421053,^TWII,yfinance,2y,2026-10-02,scan_20261005_194006,False,False
True,0,24.166666666666664,-42.49999999999999,True,False,買入 (動能增強),2530.0,2026-10-05 00:00:00,2435.0,8.25,False,True,1.198361939262223,False,0.05219105659250129,64.96120774905145,0.051585839749579955,0.05596106586880384,0.12364984277972724,-0.48347311221084155,-4.531874506822387,0.12364984277972724,True,False,False,False,False,True,0.13728552780382358,False,-0.22040402993267927,中性,3131.TWO,弘塑,2,v1,phase6a,2026-07-12,0,2,4,2,2,2,v1,143,0.7664473684210527,143,0.7664473684210527,150,0.7549342105263158,^TWII,yfinance,2y,2026-10-02,scan_20261005_194006,False,False
True,0,2.4999999999999996,-9.25,True,False,買入 (動能增強),432.0,2026-10-05 00:00:00,424.35,-0.8999999999999773,True,True,0.9837684745332349,False,0.008911674485359905,89.1966355333086,0.009004431963225586,0.009589989272840318,-0.10831742662192889,-1.6452716309463544,-7.739174804789206,-0.10831742662192889,False,False,False,False,False,False,0.28611421258486297,False,-0.1656080795125131,中性,6451.TW,訊芯-KY,2,v1,phase6a,2026-07-12,0,2,3,2,2,2,v1,215,0.6480263157894737,215,0.6480263157894737,218,0.6430921052631579,^TWII,yfinance,2y,2026-10-02,scan_20261005_194006,False,False
True,0,0.0666662851969401,0.04999971389770508,True,False,買入 (動能增強),15.899999618530273,2026-10-05 00:00:00,15.967499923706054,-0.025000000000000355,False,False,0.9107369724407708,False,0.0003279991224946492,35.82849991741928,0.0003389997074387329,0.00035700095501175707,-0.34041752790237023,-1.4990669773024212,-6.4966404539070215,-0.34041752790237023,False,False,False,False,False,False,0.0,False,-0.1038615685052805,中性,3373.TWO,熱映,2,v1,phase6a,2026-07-12,0,2,2,2,2,2,v1,153,0.75,153,0.75,159,0.7401315789473685,^TWII,yfinance,2y,2026-10-02,scan_20261005_194006,False,False
True,0,-0.07499988873799641,-0.06666668256123862,True,False,賣出 (動能轉弱),7.880000114440918,2026-10-05 00:00:00,7.987999987602234,-0.007000017166137518,False,False,1.1249403357647678,False,0.0001625555462141117,32.951252876379975,0.00016863199125998022,0.00017599441674503834,-0.37786948895089933,-1.6107409334150335,-4.462370328670861,-0.37786948895089933,False,False,False,False,False,False,0.0,False,-0.04594283932834331,中性,1806.TW,冠軍,0,v1,phase6a,2026-07-12,0,0,0,0,0,0,v1,454,0.25493421052631576,454,0.25493421052631576,455,0.2532894736842105,^TWII,yfinance,2y,2026-10-02,scan_20261005_194006,False,False
False,0,1.9166666666666665,-2.0833333333333335,False,True,強烈買入 (爆發),189.5,2026-10-05 00:00:00,186.425,0.05000000000001137,False,True,1.0017529560258618,False,0.003909172025406717,93.28044939358405,0.003919109985498975,0.0038807219232666413,-0.026685189039510337,-0.5057710035257235,-1.6317868740173935,-0.026685189039510337,False,True,True,False,False,False,0.5595612624297374,False,-0.04292929292929293,中性,3231.TW,緯創,3,v1,phase6a,2026-07-12,0,3,5,3,3,3,v1,48,0.9226973684210527,48,0.9226973684210527,59,0.9046052631578947,^TWII,yfinance,2y,2026-10-02,scan_20261005_194006,False,False
True,0,-0.46666717529296875,-0.7666676839192708,True,False,觀察 (跌勢收斂),99.80000305175781,2026-10-05 00:00:00,100.81500053405762,-0.10999984741211222,True,False,1.3551584851421472,False,0.00205876190008146,51.98339279770137,0.0021341410831687336,0.002244973073353432,-0.3704187823649452,-1.7273526670407935,-6.185958874652419,-0.3704187823649452,False,False,False,False,False,False,0.0,False,-0.1506382718999335,中性,1342.TW,八貫,2,v1,phase6a,2026-07-12,0,2,2,2,2,2,v1,90,0.8536184210526315,90,0.8536184210526315,100,0.837171052631579,^TWII,yfinance,2y,2026-10-02,scan_20261005_194006,True,False
True,2,-0.024999618530273438,-0.016666412353515625,True,False,賣出 (動能轉弱),28.149999618530273,2026-10-05 00:00:00,28.254999828338622,-0.0025000572204589844,False,False,1.51114522514794,True,0.0005807028550077483,40.813879568193435,0.0005973611088268653,0.0006215349148710385,-0.2926819635176714,-1.3238457249087898,-3.9814665730480647,-0.2926819635176714,False,False,False,False,False,False,0.0,False,-0.029310357981714663,中性,2450.TW,神腦,0,v1,phase6a,2026-07-12,0,0,0,0,0,0,v1,466,0.23519736842105263,466,0.23519736842105263,467,0.23355263157894737,^TWII,yfinance,2y,2026-10-02,scan_20261005_194006,False,False
True,0,-0.10000006357828775,-0.1916666030883789,True,False,觀察 (跌勢收斂),17.299999237060547,2026-10-05 00:00:00,17.445000076293944,-0.03000001907348704,True,False,0.7669499943277657,False,0.00035687954119828307,34.05202834669128,0.0003731686352924319,0.0003966949553348303,-0.4573800939696171,-2.1129704280959283,-11.595241732603668,-0.4573800939696171,False,False,False,False,False,False,0.009599316588030093,False,-0.1560975981921684,中性,1414.TW,東和,1,v1,phase6a,2026-07-12,0,1,1,1,1,1,v1,269,0.5592105263157895,269,0.5592105263157895,270,0.5575657894736842,^TWII,yfinance,2y,2026-10-02,scan_20261005_194006,False,False
True,0,-2.1833343505859375,-2.6666666666666665,True,False,觀察 (跌勢收斂),85.5,2026-10-05 00:00:00,82.65499992370606,0.320000076293951,False,True,1.9099404874847032,True,0.0017637689085608145,85.70004651029532,0.0017345807471803784,0.0017991246733874413,0.17744287011658422,-0.9799742631749653,0.10040765505572313,0.17744287011658422,True,False,False,False,False,True,0.7898759404263151,False,-0.004656595096315552,中性,5340.TWO,建榮,1,v1,phase6a,2026-07-12,0,1,3,1,1,1,v1,354,0.4194078947368421,354,0.4194078947368421,354,0.4194078947368421,^TWII,yfinance,2y,2026-10-02,scan_20261005_194006,False,False
True,0,-0.17499923706054688,-0.32499949137369794,True,False,觀察 (跌勢收斂),38.900001525878906,2026-10-05 00:00:00,38.97749996185303,-0.02999992370605753,True,False,1.1395903522256248,False,0.0008024633126820287,43.09056869005704,0.0008237773339290391,0.0008509840788856679,-0.27161312054538866,-1.3966574610138949,-4.526910464608836,-0.27161312054538866,False,False,False,False,False,False,0.0004809623697334006,False,-0.043050428888321224,中性,1618.TW,合機,1,v1,phase6a,2026-07-12,0,1,1,1,1,1,v1,288,0.5279605263157895,288,0.5279605263157895,289,0.5263157894736842,^TWII,yfinance,2y,2026-10-02,scan_20261005_194006,False,False
True,1,0.058333396911621094,0.05833371480305989,True,False,觀望 (動能減弱),26.0,2026-10-05 00:00:00,26.035000133514405,0.007499980926514382,False,False,0.6442474038248507,False,0.0005363507792114757,44.47664810990127,0.0005503166300583462,0.0005694277771388268,-0.2664235130265036,-1.1941734769267853,-3.464392384582138,-0.2664235130265036,False,False,False,False,False,False,0.0,False,-0.04987559817149945,中性,1732.TW,毛寶,2,v1,phase6a,2026-07-12,0,2,3,2,2,2,v1,101,0.8355263157894737,101,0.8355263157894737,111,0.819078947368421,^TWII,yfinance,2y,2026-10-02,scan_20261005_194006,False,True
True,1,-0.08333396911621092,-0.2166671752929688,True,False,觀察 (跌勢收斂),38.75,2026-10-05 00:00:00,38.81500015258789,0.08749999999999858,False,False,1.1718521122634324,False,0.000799368949786334,38.16071056822714,0.0008160134337541033,0.0008295336372983131,-0.21424858064564845,-0.8764255544134292,-0.6704035544160769,-0.21424858064564845,False,False,False,False,False,False,0.2646140725228358,False,-0.02392948979049625,中性,6952.TW,大武山,1,v1,phase6a,2026-07-12,0,1,2,1,1,1,v1,390,0.36019736842105265,390,0.36019736842105265,390,0.36019736842105265,^TWII,yfinance,2y,2026-10-02,scan_20261005_194006,False,False
True,0,-0.9999999999999999,-0.8166662851969402,True,False,賣出 (動能轉弱),62.599998474121094,2026-10-05 00:00:00,63.3399995803833,-0.02499999999999858,True,False,0.9946058210482551,False,0.0012913676138550784,43.55803163371271,0.0013340367282529343,0.0013632679093309463,-0.335554056999543,-1.7709713112851189,-3.5387673127322494,-0.335554056999543,False,False,False,False,False,False,0.0,False,-0.03395068632758402,中性,2206.TW,三陽工業,0,v1,phase6a,2026-07-12,0,0,0,0,0,0,v1,459,0.24671052631578946,459,0.24671052631578946,460,0.2450657894736842,^TWII,yfinance,2y,2026-10-02,scan_20261005_194006,False,False
True,1,-0.01666704813639322,-0.25000063578287757,True,False,觀察 (跌勢收斂),33.04999923706055,2026-10-05 00:00:00,32.63250026702881,0.017499923706054688,False,True,3.373438569837274,True,0.0006817843401436963,29.479397646067845,0.0006903966688634488,0.0007339235794236971,-0.1311379549254421,-1.326489803143971,-4.579402668303856,-0.1311379549254421,False,False,False,False,False,False,0.07091249660572851,False,-0.06770102889216134,中性,6722.TW,輝創,1,v1,phase6a,2026-07-12,0,1,3,1,1,1,v1,381,0.375,381,0.375,381,0.375,^TWII,yfinance,2y,2026-10-02,scan_20261005_194006,False,False
True,0,-0.6083332697550455,-0.5666666030883789,True,False,賣出 (動能轉弱),24.850000381469727,2026-10-05 00:00:00,25.227499866485594,-0.03750000000000142,False,False,1.478133497399302,False,0.0005126275795387214,46.064028008089636,0.0005337338314038959,0.0005571250854390847,-0.41453265206190526,-1.9632534900572152,-6.603293680742183,-0.41453265206190526,False,False,False,False,False,False,0.0,False,-0.08639707042477918,中性,6606.TW,建德工業,0,v1,phase6a,2026-07-12,0,0,0,0,0,0,v1,567,0.06907894736842106,567,0.06907894736842106,567,0.06907894736842106,^TWII,yfinance,2y,2026-10-02,scan_20261005_194006,False,False
False,0,2.4333343505859375,2.1166674296061196,False,True,強烈買入 (爆發),58.900001525878906,2026-10-05 00:00:00,57.85999984741211,0.05500011444092223,False,True,2.347742255186087,True,0.0012150408351523946,28.427794230237918,0.001231837834648435,0.0012898702758708297,-0.14332820173614813,-0.40586055324588477,-3.3700489362802566,-0.14332820173614813,False,False,False,False,False,False,0.0565829179162143,False,-0.09662570118468583,中性,3530.TW,晶相光,3,v1,phase6a,2026-07-12,0,3,5,3,3,3,v1,52,0.9161184210526315,52,0.9161184210526315,62,0.899671052631579,^TWII,yfinance,2y,2026-10-02,scan_20261005_194006,False,False
True,1,0.02777481079101563,0.009256998697916671,True,False,買入 (動能增強),45.44443893432617,2026-10-05 00:00:00,45.38333148956299,0.016666412353515625,False,True,0.0,False,0.0009374677012790064,40.59198304819215,0.0009593960956387921,0.0009875035813895127,-0.24001680385957735,-1.1304067836217624,-3.5498423300068582,-0.24001680385957735,False,False,False,False,False,False,0.0,False,-0.015643867776030218,中性,4527.TWO,方土霖,2,v1,phase6a,2026-07-12,0,2,4,2,2,2,v1,176,0.712171052631579,176,0.712171052631579,181,0.7039473684210527,^TWII,yfinance,2y,2026-10-02,scan_20261005_194006,False,False
True,1,-0.10000006357828775,-0.11666679382324217,True,False,觀察 (跌勢收斂),28.600000381469727,2026-10-05 00:00:00,28.530000114440917,0.005000019073484907,False,True,0.0,False,0.000589985865001915,40.869997828000216,0.0006047297336114347,0.0006275924175136242,-0.2559843252381122,-1.3451745056017872,-5.43195161532789,-0.2559843252381122,False,False,False,False,False,False,0.004051389505606497,False,-0.03865544936236209,中性,6662.TWO,樂斯科,1,v1,phase6a,2026-07-12,0,1,3,1,1,1,v1,378,0.37993421052631576,378,0.37993421052631576,378,0.37993421052631576,^TWII,yfinance,2y,2026-10-02,scan_20261005_194006,False,False
True,0,-0.166666030883789,-0.3416665395100911,True,False,觀察 (跌勢收斂),38.04999923706055,2026-10-05 00:00:00,38.44500026702881,-0.014999961853028765,False,False,1.142218492971584,False,0.0007849287207612877,30.523601233215835,0.0008117274439357141,0.0008633420740134933,-0.3463168499155289,-1.4654847817986205,-4.293083934592923,-0.3463168499155289,False,False,False,False,False,False,0.0,False,-0.07195123812047444,中性,2543.TW,皇昌,2,v1,phase6a,2026-07-12,0,2,2,2,2,2,v1,130,0.787828947368421,130,0.787828947368421,138,0.774671052631579,^TWII,yfinance,2y,2026-10-02,scan_20261005_194006,True,False
True,0,0.15166664123535156,0.1499997774759928,True,False,買入 (動能增強),10.050000190734863,2026-10-05 00:00:00,10.113999938964843,-0.00250000953674423,True,False,1.3376048341449291,False,0.00020732020897600475,35.38871826593912,0.00021506952715452104,0.0002294001673889536,-0.3778478253759543,-1.2904657697298871,-6.055028808911233,-0.3778478253759543,False,False,False,False,False,False,0.0,False,-0.2209301947343869,中性,2390.TW,云辰,2,v1,phase6a,2026-07-12,0,2,2,2,2,2,v1,116,0.8108552631578947,116,0.8108552631578947,126,0.7944078947368421,^TWII,yfinance,2y,2026-10-02,scan_20261005_194006,False,False
True,0,-1.1333351135253906,-0.6333338419596354,True,False,賣出 (動能轉弱),67.19999694824219,2026-10-05 00:00:00,68.5849998474121,-0.070000076293951,False,False,2.3633020093465826,True,0.0013862604125460956,33.02593758604112,0.0014485853209302256,0.0015086784430056901,-0.4508494270803798,-1.8405041012696355,-4.921904382165943,-0.4508494270803798,False,False,False,False,False,False,0.0,False,-0.066595298110669,中性,2754.TWO,亞洲藏壽司,0,v1,phase6a,2026-07-12,0,0,0,0,0,0,v1,489,0.19736842105263158,489,0.19736842105263158,490,0.19572368421052633,^TWII,yfinance,2y,2026-10-02,scan_20261005_194006,False,False
True,0,-0.008333524068196615,0.038333257039388016,True,False,賣出 (動能轉弱),8.09000015258789,2026-10-05 00:00:00,8.180000114440919,-0.0049999713897701525,True,False,1.1051835398196197,False,0.0001668876109869797,31.78887198510409,0.00017350253477097917,0.0001847738351773229,-0.39972008802872105,-1.9581912450509775,-6.181649843653359,-0.39972008802872105,False,False,False,False,False,False,0.0,False,-0.07331035775569938,中性,4414.TW,如興,0,v1,phase6a,2026-07-12,0,0,0,0,0,0,v1,523,0.14144736842105263,523,0.14144736842105263,523,0.14144736842105263,^TWII,yfinance,2y,2026-10-02,scan_20261005_194006,False,False
True,1,0.4500004450480143,0.3416668574015299,True,False,買入 (動能增強),28.950000762939453,2026-10-05 00:00:00,29.035000038146972,0.022500038146972656,False,False,1.1205087361223178,False,0.0005972059795144382,33.79069112742613,0.0006137018266161693,0.0006309607809360077,-0.2821412237642984,-0.9182204488905166,-2.4081233277681413,-0.2821412237642984,False,False,False,False,False,False,0.0,False,-0.09288806323740273,中性,2352.TW,佳世達,2,v1,phase6a,2026-07-12,0,2,3,2,2,2,v1,113,0.8157894736842105,113,0.8157894736842105,123,0.7993421052631579,^TWII,yfinance,2y,2026-10-02,scan_20261005_194006,False,False
True,0,0.024999936421712245,-0.01666641235351562,True,False,買入 (動能增強),23.75,2026-10-05 00:00:00,23.85000009536743,-0.0024999618530294754,False,False,0.41988836218170494,False,0.0004899358079335595,27.901607144523947,0.0005059187069609512,0.0005388700227770865,-0.33144340434150266,-1.3609113239841375,-5.416611979974462,-0.33144340434150266,False,False,False,False,False,False,0.0,False,-0.07945733711944514,中性,4523.TWO,永彰,2,v1,phase6a,2026-07-12,0,2,2,2,2,2,v1,175,0.7138157894736842,175,0.7138157894736842,180,0.7055921052631579,^TWII,yfinance,2y,2026-10-02,scan_20261005_194006,False,False
True,0,-0.03333346048990885,-0.061666806538899735,True,False,觀察 (跌勢收斂),9.90999984741211,2026-10-05 00:00:00,10.007999897003174,-0.017000007629395242,False,False,1.8671885741638814,True,0.00020443215923634963,34.89212960516767,0.00021160259579492143,0.00022205735317187348,-0.3554304543824771,-1.4998277391268133,-4.940804468745363,-0.3554304543824771,False,False,False,False,False,False,0.0,False,-0.05167463844107012,中性,1324.TW,地球,1,v1,phase6a,2026-07-12,0,1,1,1,1,1,v1,264,0.5674342105263158,264,0.5674342105263158,266,0.5641447368421053,^TWII,yfinance,2y,2026-10-02,scan_20261005_194006,False,False
True,1,0.6666669845581055,0.5500001907348633,True,False,買入 (動能增強),22.450000762939453,2026-10-05 00:00:00,21.95250005722046,0.035000038146971946,False,True,1.0590855155150274,False,0.00046311828471156926,43.99151073993134,0.00046431587422621765,0.0004678074132607599,-0.027142694129456135,0.4674583524406195,0.2231672763652659,-0.027142694129456135,False,False,False,False,False,False,0.5115964602934588,False,-0.02178649165046731,中性,3308.TW,聯德,4,v1,phase6a,2026-07-12,0,4,6,4,4,4,v1,13,0.9802631578947368,13,0.9802631578947368,25,0.9605263157894737,^TWII,yfinance,2y,2026-10-02,scan_20261005_194006,False,True
True,0,0.1249998410542806,0.04166666666666666,True,False,買入 (動能增強),12.149999618530273,2026-10-05 00:00:00,12.15499997138977,-0.01249999999999929,False,False,0.6927675731485953,False,0.0002506408370314556,15.421929885237654,0.0002574081746690871,0.000272517920034364,-0.2759762430821877,-1.101490902431368,-4.815046508002596,-0.2759762430821877,False,False,False,False,False,False,0.00619287171214568,False,-0.14736844782243697,中性,6219.TWO,富旺,2,v1,phase6a,2026-07-12,0,2,2,2,2,2,v1,205,0.6644736842105263,205,0.6644736842105263,210,0.65625,^TWII,yfinance,2y,2026-10-02,scan_20261005_194006,False,False
True,0,-0.6166648864746094,-0.6499977111816404,True,False,觀察 (跌勢收斂),77.19999694824219,2026-10-05 00:00:00,77.25500030517578,0.019999694824221592,False,False,1.0061750330206707,False,0.0015925491737812786,51.06970395792048,0.001632105651928298,0.0016849910172303437,-0.25447151743560603,-1.6490847938593234,-4.622244824891775,-0.25447151743560603,False,False,False,False,False,False,0.04510965087848909,False,-0.030150773516147478,中性,6464.TW,台數科,1,v1,phase6a,2026-07-12,0,1,2,1,1,1,v1,368,0.3963815789473684,368,0.3963815789473684,368,0.3963815789473684,^TWII,yfinance,2y,2026-10-02,scan_20261005_194006,False,False
True,1,0.08333206176757812,0.04166539510091146,True,False,買入 (動能增強),50.400001525878906,2026-10-05 00:00:00,50.0125,0.04250011444091939,False,True,1.3114770324491587,False,0.0010396953881024892,19.649493760387088,0.0010610225925805437,0.0011021785663173896,-0.21113866102684398,-1.08946026074338,-5.167150547873122,-0.21113866102684398,False,False,False,False,False,False,0.029894907336797814,False,-0.052631563851613716,中性,4557.TW,永新-KY,2,v1,phase6a,2026-07-12,0,2,4,2,2,2,v1,177,0.7105263157894737,177,0.7105263157894737,182,0.7023026315789473,^TWII,yfinance,2y,2026-10-02,scan_20261005_194006,False,False
True,0,65.33333333333333,49.66666666666666,True,False,買入 (動能增強),817.0,2026-10-05 00:00:00,777.5,8.950000000000045,False,True,0.9214148030538813,False,0.01685379179291445,444.16547046937626,0.01638679973206993,0.01536831982013601,0.3008822020413193,2.4919894197583448,11.878836067202968,0.3008822020413193,True,True,True,False,False,True,0.547464142684507,False,-0.1870646766169154,偏強 (RS上升),3026.TW,禾伸堂,3,v1,phase6a,2026-07-12,2,5,5,5,3,5,v1,46,0.9259868421052632,46,0.9259868421052632,13,0.9802631578947368,^TWII,yfinance,2y,2026-10-02,scan_20261005_194006,True,False
True,2,0.050000031789143876,0.050000031789143876,True,False,觀望 (動能減弱),15.75,2026-10-05 00:00:00,15.739999914169312,0.005000019073486683,False,True,1.8309530943107293,True,0.0003249047989454132,28.153323111586573,0.00033296551854885116,0.0003449634263186234,-0.25418249724304953,-1.0170486166251713,-3.5059570302968135,-0.25418249724304953,False,False,False,False,False,False,0.0,False,-0.00943393849868146,中性,4502.TWO,健信,0,v1,phase6a,2026-07-12,0,0,2,0,0,0,v1,526,0.13651315789473684,526,0.13651315789473684,526,0.13651315789473684,^TWII,yfinance,2y,2026-10-02,scan_20261005_194006,False,False
True,0,-2.0,-0.33333333333333326,True,False,賣出 (動能轉弱),234.5,2026-10-05 00:00:00,241.4,-0.17499999999998295,True,False,1.388965275205669,False,0.004837471450965041,31.075041614584684,0.005123937211991319,0.005450069755858014,-0.5850553995594421,-2.4021814616265513,-7.827524897264871,-0.5850553995594421,False,False,False,False,False,False,0.0,False,-0.1728395061728395,中性,8454.TW,富邦媒,0,v1,phase6a,2026-07-12,0,0,0,0,0,0,v1,598,0.018092105263157895,598,0.018092105263157895,598,0.018092105263157895,^TWII,yfinance,2y,2026-10-02,scan_20261005_194006,False,False
True,1,-0.03333314259847005,-0.21666653951009113,True,False,觀察 (跌勢收斂),21.549999237060547,2026-10-05 00:00:00,21.320000076293944,0.01249999999999929,False,True,2.83380389609308,True,0.0004445522647232358,25.1994284143324,0.00045194785022002737,0.00047799935860393285,-0.17195436344058512,-1.146406140232581,-5.642264203781744,-0.17195436344058512,False,False,False,False,False,False,0.05783213451885123,False,-0.06100224310840474,中性,2722.TW,夏都,1,v1,phase6a,2026-07-12,0,1,3,1,1,1,v1,315,0.48355263157894735,315,0.48355263157894735,315,0.48355263157894735,^TWII,yfinance,2y,2026-10-02,scan_20261005_194006,False,False
False,0,38.5,32.83333333333333,False,True,強烈買入 (爆發),606.0,2026-10-05 00:00:00,541.75,4.0499999999999545,False,True,0.28515612545945695,False,0.012501098930852089,190.61044323063336,0.0113289977569227,0.010005004029098503,1.1010464874578796,2.7082801832318593,18.91546705999869,1.1010464874578796,True,True,True,True,True,True,1.0,False,0.0,強勢 (RS強勁),2455.TW,全新,3,v1,phase6a,2026-07-12,3,6,5,6,3,6,v1,41,0.9342105263157895,41,0.9342105263157895,2,0.9983552631578947,^TWII,yfinance,2y,2026-10-02,scan_20261005_194006,False,False
True,1,-0.42499987284342444,-0.38333320617675776,True,False,賣出 (動能轉弱),12.399999618530273,2026-10-05 00:00:00,12.742500019073486,-0.025000000000000355,False,False,2.1451102747564494,True,0.0002557980560623351,32.17324709690019,0.0002697572285096555,0.00029214759304653677,-0.5417560415124312,-2.640749483714566,-8.912175379365618,-0.5417560415124312,False,False,False,False,False,False,0.0031472458209884807,False,-0.27906982159859317,中性,8024.TWO,佑華,0,v1,phase6a,2026-07-12,0,0,0,0,0,0,v1,586,0.03782894736842105,586,0.03782894736842105,586,0.03782894736842105,^TWII,yfinance,2y,2026-10-02,scan_20261005_194006,False,False
True,0,0.34166653951009107,0.44166660308837885,True,False,觀望 (動能減弱),31.799999237060547,2026-10-05 00:00:00,31.879999732971193,0.0024999618530294754,False,False,0.6962778148481245,False,0.0006559982449892984,19.225069090485817,0.0006770643855593373,0.0007159724481369998,-0.32644599624997994,-1.1218637062724413,-4.836078252029774,-0.32644599624997994,False,False,False,False,False,False,0.0,False,-0.07826089167940442,中性,6593.TWO,台灣銘板,0,v1,phase6a,2026-07-12,0,0,1,0,0,0,v1,566,0.07072368421052631,566,0.07072368421052631,566,0.07072368421052631,^TWII,yfinance,2y,2026-10-02,scan_20261005_194006,False,False
True,0,0.0733334223429362,0.023333311080932617,True,False,買入 (動能增強),8.220000267028809,2026-10-05 00:00:00,8.104999947547913,0.0005000114440925074,False,True,2.2570776277654683,True,0.0001695693672438246,37.01595161493134,0.00017313520285657194,0.000182549052282969,-0.21632754235121343,-1.2416770917829556,-8.147373305687566,-0.21632754235121343,False,False,False,False,False,False,0.059220188710760076,False,-0.21714283171154203,中性,1467.TW,南緯,3,v1,phase6a,2026-07-12,0,3,5,3,3,3,v1,32,0.9490131578947368,32,0.9490131578947368,48,0.9226973684210527,^TWII,yfinance,2y,2026-10-02,scan_20261005_194006,True,False
True,0,0.5333340962727864,0.11666742960611978,True,False,買入 (動能增強),82.4000015258789,2026-10-05 00:00:00,81.51000061035157,-0.00999984741210369,True,True,0.8764665703560872,False,0.0016998194240550747,44.71409801309213,0.0017199956266899358,0.0017514401681047185,-0.12332540690445093,-0.740933221531026,-2.103499133748088,-0.12332540690445093,False,False,False,False,False,False,0.08014132885831773,False,-0.052873545679552825,中性,4580.TWO,捷流閥業,2,v1,phase6a,2026-07-12,0,2,3,2,2,2,v1,180,0.7055921052631579,180,0.7055921052631579,185,0.6973684210526315,^TWII,yfinance,2y,2026-10-02,scan_20261005_194006,False,False
True,0,0.11930720011393228,0.08913485209147134,True,False,買入 (動能增強),23.600000381469727,2026-10-05 00:00:00,23.719783592224122,-0.021468162536621094,True,False,1.4337877781148296,False,0.0004868414843843235,49.49710319404187,0.0005029405573822188,0.0005235306247061796,-0.3358147180780091,-1.4145376326883619,-5.326096676575498,-0.3358147180780091,False,False,False,False,False,False,0.008959667497286846,False,-0.041534075698159256,中性,5278.TWO,尚凡*,2,v1,phase6a,2026-07-12,0,2,2,2,2,2,v1,183,0.7006578947368421,183,0.7006578947368421,188,0.6924342105263158,^TWII,yfinance,2y,2026-10-02,scan_20261005_194006,False,False
True,0,0.4416672388712565,0.23333358764648432,True,False,買入 (動能增強),17.850000381469727,2026-10-05 00:00:00,17.432499980926515,0.032499980926516514,False,True,1.171843934538427,False,0.00036822544667409335,39.713352973907526,0.0003693157316162182,0.000383697669227273,-0.031065880184222294,0.31087791558668254,-1.8498317869261593,-0.031065880184222294,False,False,False,False,False,False,0.39061344781956175,False,-0.09390864516868613,中性,6153.TW,嘉聯益,2,v1,phase6a,2026-07-12,0,2,4,2,2,2,v1,197,0.6776315789473685,197,0.6776315789473685,202,0.6694078947368421,^TWII,yfinance,2y,2026-10-02,scan_20261005_194006,False,False
True,0,0.75,-2.5833333333333335,True,False,買入 (動能增強),169.5,2026-10-05 00:00:00,165.6,0.25,False,True,1.2749296835323698,False,0.0034965945029363514,89.85287572150385,0.003461874906122099,0.003407233137817012,0.10568136722797217,-0.7238174428377042,1.550857925480531,0.10568136722797217,True,True,True,False,False,False,0.5997759139924579,False,-0.055710306406685284,中性,2421.TW,建準,2,v1,phase6a,2026-07-12,1,3,4,3,2,3,v1,117,0.8092105263157895,117,0.8092105263157895,85,0.8618421052631579,^TWII,yfinance,2y,2026-10-02,scan_20261005_194006,False,False
True,0,0.5833333333333333,0.48333311080932606,True,False,買入 (動能增強),14.850000381469727,2026-10-05 00:00:00,14.300000047683715,0.04250001907348633,False,True,0.36567994029443884,False,0.00030633881830353845,38.530060190333806,0.00030422700675427017,0.0003092480524270636,0.07312253549240921,0.662618205978216,-0.6646585719185416,0.07312253549240921,True,False,False,False,False,True,0.30457176695561805,False,-0.01655629097246858,偏強 (RS上升),1456.TW,怡華,4,v1,phase6a,2026-07-12,1,5,6,5,4,5,v1,5,0.993421052631579,5,0.993421052631579,7,0.9901315789473685,^TWII,yfinance,2y,2026-10-02,scan_20261005_194006,False,True
False,0,-0.6833330790201823,-0.6166661580403645,False,True,強烈賣出 (跌破),78.5,2026-10-05 00:00:00,79.85499992370606,-0.07499999999998863,False,False,2.8983655306759926,True,0.0016193667756961862,41.12280111301927,0.001687852521256163,0.0017548664674259529,-0.4252958165874676,-1.6273188903150548,-5.063866607205592,-0.4252958165874676,False,False,False,False,False,False,0.0,False,-0.0643623531307479,中性,1231.TW,聯華食,0,v1,phase6a,2026-07-12,0,0,0,0,0,0,v1,431,0.29276315789473684,431,0.29276315789473684,432,0.2911184210526316,^TWII,yfinance,2y,2026-10-02,scan_20261005_194006,False,False
True,1,0.11666615804036458,-0.05000050862630208,True,False,買入 (動能增強),60.0,2026-10-05 00:00:00,59.925,-0.014999961853028765,True,True,0.8088694024677666,False,0.0012377325674110978,43.40134477091554,0.0012683934962577689,0.001331518658003804,-0.25380724993419035,-1.1021866113802625,-4.447238108742191,-0.25380724993419035,False,False,False,False,False,False,0.0,False,-0.04791513520895141,中性,6203.TWO,海韻電,2,v1,phase6a,2026-07-12,0,2,3,2,2,2,v1,202,0.6694078947368421,202,0.6694078947368421,207,0.6611842105263158,^TWII,yfinance,2y,2026-10-02,scan_20261005_194006,False,False
True,1,0.3166666825612386,0.21166658401489258,True,False,買入 (動能增強),8.600000381469727,2026-10-05 00:00:00,8.146000123023986,0.028999996185302024,False,True,1.0971822828025606,False,0.0001774083425315491,5.442734645734099,0.00017390040577834183,0.00020805336988988753,0.21278975093170782,-0.33784961534798486,-4.462283501746778,0.21278975093170782,True,False,False,False,False,True,0.17417230878928655,False,-0.14851484587584973,中性,2424.TW,隴華,2,v1,phase6a,2026-07-12,0,2,4,2,2,2,v1,118,0.8075657894736842,118,0.8075657894736842,127,0.7927631578947368,^TWII,yfinance,2y,2026-10-02,scan_20261005_194006,False,False
True,0,-0.04999955495198567,-0.02499930063883463,True,False,賣出 (動能轉弱),16.549999237060547,2026-10-05 00:00:00,16.867500019073486,-0.03000001907348704,False,False,1.2720384286697763,False,0.00034140788410564433,33.56460561625785,0.0003570193653767049,0.0003725832168153937,-0.4581780913743283,-1.643329106843694,-5.573806859239849,-0.4581780913743283,False,False,False,False,False,False,0.0,False,-0.06497183481973612,中性,2534.TW,宏盛,0,v1,phase6a,2026-07-12,0,0,0,0,0,0,v1,472,0.22532894736842105,472,0.22532894736842105,473,0.2236842105263158,^TWII,yfinance,2y,2026-10-02,scan_20261005_194006,False,False
False,0,-0.15000025431315106,0.0666662851969401,False,True,強烈賣出 (跌破),18.350000381469727,2026-10-05 00:00:00,19.14000015258789,-0.022499942779539595,True,False,1.2298584765240144,False,0.00037853988473585245,30.35060817880546,0.00040727429468212257,0.0004270098621747304,-0.7371879913594004,-2.4703935009592004,-8.716525021007293,-0.7371879913594004,False,False,False,False,False,False,0.0,False,-0.14452215716587746,中性,2536.TW,宏普,0,v1,phase6a,2026-07-12,0,0,0,0,0,0,v1,474,0.22203947368421054,474,0.22203947368421054,475,0.22039473684210525,^TWII,yfinance,2y,2026-10-02,scan_20261005_194006,False,False
True,1,1.2416667938232422,0.8166669209798176,True,False,買入 (動能增強),43.0,2026-10-05 00:00:00,41.40750026702881,0.042499923706053266,False,True,1.280351168884964,False,0.0008870416733112868,58.88338259270832,0.0008715412117330273,0.0008229443482922368,0.18756288747605598,0.16033454583890272,2.337981811646994,0.18756288747605598,True,True,True,False,False,False,0.8195697335797757,False,0.0,偏強 (RS上升),4139.TWO,馬光-KY,2,v1,phase6a,2026-07-12,1,3,4,3,2,3,v1,171,0.7203947368421053,171,0.7203947368421053,87,0.8585526315789473,^TWII,yfinance,2y,2026-10-02,scan_20261005_194006,False,False
False,0,2.116666793823242,-0.1833324432373047,False,True,強烈買入 (爆發),70.19999694824219,2026-10-05 00:00:00,61.204999923706055,0.4849998474121122,False,True,5.621433940737037,True,0.0014481470409166506,142.63187403636863,0.0013165390205939647,0.0014658770418770524,1.0634550969766954,0.14273566939402293,-7.663675178288754,1.0634550969766954,True,False,False,False,False,True,0.26840095109370377,False,-0.23529417631214367,偏強 (RS上升),4989.TW,榮科,3,v1,phase6a,2026-07-12,1,4,5,4,3,4,v1,57,0.9078947368421053,57,0.9078947368421053,43,0.930921052631579,^TWII,yfinance,2y,2026-10-02,scan_20261005_194006,False,False
True,0,0.5166664123535156,0.5833333333333334,True,False,觀望 (動能減弱),53.099998474121094,2026-10-05 00:00:00,52.769999504089355,0.034999847412109375,False,True,1.2827638367652034,False,0.0010953932906816546,78.55874888462925,0.0011192267331577202,0.0011620898074012026,-0.22365195551536932,-1.0418462894611902,-4.08022108983388,-0.22365195551536932,False,False,False,False,False,False,0.02119817015769744,False,-0.13260524957846453,中性,2414.TW,精技,1,v1,phase6a,2026-07-12,0,1,3,1,1,1,v1,303,0.5032894736842105,303,0.5032894736842105,303,0.5032894736842105,^TWII,yfinance,2y,2026-10-02,scan_20261005_194006,True,False
True,0,0.4083334604899088,0.23333358764648438,True,False,買入 (動能增強),17.799999237060547,2026-10-05 00:00:00,17.192500019073485,0.02499999999999858,False,True,2.3601757090155018,True,0.00036719397926004223,28.507837591792153,0.00036397205944555964,0.0003800304749003841,0.09326698569831482,-0.5283495396216198,-1.9894213803911764,0.09326698569831482,True,False,False,False,False,False,0.15324457937093464,False,-0.07049610487529279,中性,6158.TWO,禾昌,2,v1,phase6a,2026-07-12,0,2,4,2,2,2,v1,198,0.6759868421052632,198,0.6759868421052632,203,0.6677631578947368,^TWII,yfinance,2y,2026-10-02,scan_20261005_194006,False,False
True,0,0.14166704813639325,0.0666669209798177,True,False,買入 (動能增強),19.75,2026-10-05 00:00:00,20.14000015258789,0.01249999999999929,False,False,0.6379827091149821,False,0.00040742030343948635,45.300008317729386,0.00042356724807296226,0.0004419368176205061,-0.39967330557253433,-1.1956354194748608,-0.5572385598046403,-0.39967330557253433,False,False,False,False,False,False,0.0259495301857396,False,-0.06619383658540035,中性,8034.TWO,榮群,3,v1,phase6a,2026-07-12,0,3,4,3,3,3,v1,76,0.8766447368421053,76,0.8766447368421053,81,0.868421052631579,^TWII,yfinance,2y,2026-10-02,scan_20261005_194006,True,False
True,0,-350.0,-341.66666666666663,True,False,賣出 (動能轉弱),5520.0,2026-10-05 00:00:00,5463.75,23.75,False,True,0.8569899681638764,False,0.113871396201821,350.2135358945887,0.11458688416252663,0.1216371424781079,-0.06568382871031675,-3.115702094874384,-5.015591006338527,-0.06568382871031675,False,False,False,False,False,False,0.18906027451297236,False,-0.22033898305084743,中性,6223.TWO,旺矽,0,v1,phase6a,2026-07-12,0,0,2,0,0,0,v1,559,0.08223684210526316,559,0.08223684210526316,559,0.08223684210526316,^TWII,yfinance,2y,2026-10-02,scan_20261005_194006,False,False
True,2,-0.49999999999999994,-0.5833333333333333,True,False,觀察 (跌勢收斂),120.0,2026-10-05 00:00:00,119.65,0.025000000000005684,False,True,3.4787062677598595,True,0.0024754651348221956,109.08364089616268,0.002536100800428964,0.002617696901238226,-0.25104200824180856,-1.588611265611184,-5.52002400306203,-0.25104200824180856,False,False,False,False,False,False,0.027657719823608422,False,-0.20177380891360297,中性,6574.TWO,霈方,2,v1,phase6a,2026-07-12,0,2,4,2,2,2,v1,221,0.6381578947368421,221,0.6381578947368421,224,0.6332236842105263,^TWII,yfinance,2y,2026-10-02,scan_20261005_194006,True,False
True,0,-0.14999961853027338,-0.19999949137369785,True,False,觀察 (跌勢收斂),42.400001525878906,2026-10-05 00:00:00,42.70999984741211,-0.002499961853033028,False,False,4.563150746944319,True,0.0008746643791143427,40.51905562572707,0.000900398605450873,0.0009334045275256357,-0.29994945407978424,-1.0397898378104897,-2.6546159036356376,-0.29994945407978424,False,False,False,False,False,False,0.0,False,-0.04396836562192985,中性,3168.TW,眾福科,1,v1,phase6a,2026-07-12,0,1,1,1,1,1,v1,327,0.46381578947368424,327,0.46381578947368424,327,0.46381578947368424,^TWII,yfinance,2y,2026-10-02,scan_20261005_194006,False,False
True,0,-0.4500007629394531,-0.5750001271565754,True,False,觀察 (跌勢收斂),35.849998474121094,2026-10-05 00:00:00,36.017499923706055,-0.02499999999999858,True,False,0.9200596050420411,False,0.000739545177550964,57.171972460397235,0.0007599095118124969,0.0007637619556382898,-0.2812945790536481,-1.2566638735261093,-4.086698246178367,-0.2812945790536481,False,False,False,False,False,False,0.4114166786253693,False,-0.06151838329538106,中性,1608.TW,華榮,1,v1,phase6a,2026-07-12,0,1,1,1,1,1,v1,286,0.53125,286,0.53125,287,0.5296052631578947,^TWII,yfinance,2y,2026-10-02,scan_20261005_194006,False,False
True,0,-1.458333651224772,-1.550000190734863,True,False,觀察 (跌勢收斂),27.399999618530273,2026-10-05 00:00:00,28.76499996185303,-0.1300000190734849,True,False,1.1940482724076529,False,0.0005652311979151096,53.94799603631234,0.000600131921042793,0.0006394654883589564,-0.6084342103045426,-2.790985008969593,-3.891908953808376,-0.6084342103045426,False,False,False,False,False,False,0.0,False,-0.16207954191903062,中性,3086.TWO,華義*,1,v1,phase6a,2026-07-12,0,1,1,1,1,1,v1,325,0.46710526315789475,325,0.46710526315789475,325,0.46710526315789475,^TWII,yfinance,2y,2026-10-02,scan_20261005_194006,False,False
True,0,-0.5083332061767578,-0.3333333333333333,True,False,賣出 (動能轉弱),46.0,2026-10-05 00:00:00,46.152499771118165,0.014999961853028765,False,False,1.8601622991606017,True,0.0009489283016818417,48.04373494046053,0.0009786791913968464,0.0010078339790760295,-0.3189690312475957,-1.582595704871892,-6.057221599664231,-0.3189690312475957,False,False,False,False,False,False,0.0,False,-0.06693710523589258,中性,4120.TWO,友華,1,v1,phase6a,2026-07-12,0,1,2,1,1,1,v1,341,0.4407894736842105,341,0.4407894736842105,341,0.4407894736842105,^TWII,yfinance,2y,2026-10-02,scan_20261005_194006,True,False
True,1,0.10833326975504556,0.04999987284342447,True,False,買入 (動能增強),29.0,2026-10-05 00:00:00,28.807499980926515,0.01750001907348775,False,True,1.3363623141228538,False,0.0005982374075820306,58.60424952578102,0.0006095307952017202,0.0006303080506873461,-0.1946519641802591,-1.0278262014821293,-3.5979695328077765,-0.1946519641802591,False,False,False,False,False,False,0.013351310029109567,False,-0.0013500247554895095,中性,4111.TWO,濟生,4,v1,phase6a,2026-07-12,0,4,6,4,4,4,v1,15,0.9769736842105263,15,0.9769736842105263,26,0.9588815789473685,^TWII,yfinance,2y,2026-10-02,scan_20261005_194006,False,True
True,0,-0.5666666030883789,-0.65833314259847,True,False,觀察 (跌勢收斂),23.25,2026-10-05 00:00:00,23.345000076293946,-0.010000038146973367,True,False,0.20984156961494072,False,0.0004796213698718004,27.16360188814278,0.0004933327437666266,0.0005280913758842924,-0.2917082437783658,-1.6015157754218468,-5.824711757779022,-0.2917082437783658,False,False,False,False,False,False,0.1261664627520805,False,-0.06999999999999995,中性,6692.TWO,進能服,1,v1,phase6a,2026-07-12,0,1,1,1,1,1,v1,380,0.37664473684210525,380,0.37664473684210525,380,0.37664473684210525,^TWII,yfinance,2y,2026-10-02,scan_20261005_194006,False,False
True,1,0.41666666666666663,0.5416666666666666,True,False,觀望 (動能減弱),41.099998474121094,2026-10-05 00:00:00,41.16499996185303,0.014999961853028765,False,False,1.1704643049093795,False,0.0008478467771994351,49.83133654890468,0.0008738514148066308,0.0009234780255193176,-0.3122707529388258,-1.3591929798064117,-5.048704420996552,-0.3122707529388258,False,False,False,False,False,False,0.0,False,-0.06271388075613649,中性,6763.TWO,綠界科技*,0,v1,phase6a,2026-07-12,0,0,1,0,0,0,v1,572,0.06085526315789474,572,0.06085526315789474,572,0.06085526315789474,^TWII,yfinance,2y,2026-10-02,scan_20261005_194006,False,False
True,0,0.04166666666666666,-0.008333524068196617,True,False,買入 (動能增強),18.850000381469727,2026-10-05 00:00:00,18.972499942779542,-0.03249998092651296,False,False,1.6488646950069614,True,0.0003888543227976116,16.115216957071336,0.0004034882886940548,0.0004306443114534297,-0.3803230337424468,-1.694568533331564,-7.634741566653891,-0.3803230337424468,False,False,False,False,False,False,0.0,False,-0.14414811213542422,中性,8927.TWO,北基,2,v1,phase6a,2026-07-12,0,2,2,2,2,2,v1,252,0.587171052631579,252,0.587171052631579,253,0.5855263157894737,^TWII,yfinance,2y,2026-10-02,scan_20261005_194006,False,False
True,1,0.033333460489908845,0.05000019073486328,True,False,觀望 (動能減弱),30.100000381469727,2026-10-05 00:00:00,30.032500076293946,-0.019999980926513672,True,True,1.1796918237161749,False,0.0006209291791871924,26.51802627212489,0.0006363355374601244,0.0006795856888110055,-0.2542054188761078,-1.3516538853733273,-5.008507196981437,-0.2542054188761078,False,False,False,False,False,False,0.02120289604613592,False,-0.075268783810026,中性,2926.TWO,誠品生活,0,v1,phase6a,2026-07-12,0,0,1,0,0,0,v1,496,0.18585526315789475,496,0.18585526315789475,497,0.18421052631578946,^TWII,yfinance,2y,2026-10-02,scan_20261005_194006,False,False
True,0,-20.0,-40.0,True,False,觀察 (跌勢收斂),1295.0,2026-10-05 00:00:00,1308.0,-2.5,True,False,0.8784263072064554,False,0.026714394579956193,238.91837554104163,0.02786829011076077,0.03002265055938312,-0.43395412717207593,-2.5004623232097734,-11.727705896705064,-0.43395412717207593,False,False,False,False,False,False,0.004234250467045914,False,-0.17012771423951623,中性,5289.TWO,宜鼎,2,v1,phase6a,2026-07-12,0,2,2,2,2,2,v1,185,0.6973684210526315,185,0.6973684210526315,190,0.6891447368421053,^TWII,yfinance,2y,2026-10-02,scan_20261005_194006,True,False
True,0,0.7166671752929688,0.9000008900960286,True,False,觀望 (動能減弱),63.29999923706055,2026-10-05 00:00:00,63.06499977111817,0.014999961853028765,False,True,0.7494658708645299,False,0.0013058078428801246,31.34376437126933,0.001334207210470112,0.0013767537140017365,-0.22355778315792385,-0.9632653362996457,-2.9581512558168432,-0.22355778315792385,False,False,False,False,False,False,0.03283267802198841,False,-0.026153857891376253,中性,2732.TWO,六角,0,v1,phase6a,2026-07-12,0,0,2,0,0,0,v1,487,0.20065789473684212,487,0.20065789473684212,488,0.19901315789473684,^TWII,yfinance,2y,2026-10-02,scan_20261005_194006,False,False
True,0,-0.7500000000000001,-2.1666666666666665,True,False,觀察 (跌勢收斂),156.0,2026-10-05 00:00:00,154.675,-0.04999999999998295,True,True,1.1322091600413282,False,0.003218104675268854,52.819008578367885,0.00329075036949384,0.003609137490121248,-0.2318372991969575,-1.8666162579457968,-8.88451117483806,-0.2318372991969575,False,False,False,False,False,False,0.052146900285803606,False,-0.20812182741116747,中性,3596.TW,智易,1,v1,phase6a,2026-07-12,0,1,2,1,1,1,v1,336,0.44901315789473684,336,0.44901315789473684,336,0.44901315789473684,^TWII,yfinance,2y,2026-10-02,scan_20261005_194006,False,False
True,1,-0.06666692097981769,-0.11666679382324219,True,False,觀察 (跌勢收斂),62.0,2026-10-05 00:00:00,62.61500015258789,-0.04500007629394531,False,False,0.163154760448023,False,0.0012789903196581344,38.247078070373185,0.0013148049798760667,0.0013372272271127722,-0.28591201814566203,-1.0472043665994635,-0.293127126659376,-0.28591201814566203,False,False,False,False,False,False,0.430512643586182,False,-0.03125,中性,2756.TWO,聯發國際,1,v1,phase6a,2026-07-12,0,1,1,1,1,1,v1,316,0.4819078947368421,316,0.4819078947368421,316,0.4819078947368421,^TWII,yfinance,2y,2026-10-02,scan_20261005_194006,False,False
True,2,0.008333365122477213,-0.008333206176757807,True,False,買入 (動能增強),15.300000190734863,2026-10-05 00:00:00,15.332500123977661,-0.009999990463256836,False,False,0.6027693484251708,False,0.0003156218086244758,34.95328400103101,0.0003258600005997689,0.0003525180363667402,-0.32963601380631147,-1.5358886204055344,-7.0722233062587065,-0.32963601380631147,False,False,False,False,False,False,0.0,False,-0.135593246822325,中性,3252.TWO,海灣,2,v1,phase6a,2026-07-12,0,2,2,2,2,2,v1,148,0.7582236842105263,148,0.7582236842105263,155,0.7467105263157895,^TWII,yfinance,2y,2026-10-02,scan_20261005_194006,False,False
True,1,-0.03333409627278645,-0.233334223429362,True,False,觀察 (跌勢收斂),40.75,2026-10-05 00:00:00,40.63750019073486,-0.020000076293946734,False,True,0.6885151686719908,False,0.0008406267020333706,42.47122025796842,0.0008585699583833995,0.0008913539439340695,-0.21950661636253033,-1.282505209342255,-3.951132724285822,-0.21950661636253033,False,False,False,False,False,False,0.027069221553279815,False,-0.01092234841277584,中性,8367.TW,建新國際,1,v1,phase6a,2026-07-12,0,1,2,1,1,1,v1,409,0.32894736842105265,409,0.32894736842105265,409,0.32894736842105265,^TWII,yfinance,2y,2026-10-02,scan_20261005_194006,False,False
True,1,-0.23333295186360672,-0.4333330790201822,True,False,觀察 (跌勢收斂),55.20000076293945,2026-10-05 00:00:00,54.045000076293945,0.05500011444091513,False,True,0.9110775762205622,False,0.0011387139777567935,62.33505055305529,0.0011407834979054363,0.0011762608931343741,-0.01909237247398332,-1.037700180083767,-2.8178381390490226,-0.01909237247398332,False,False,False,False,False,False,0.3387512733449172,False,0.0,中性,3684.TWO,榮昌,1,v1,phase6a,2026-07-12,0,1,3,1,1,1,v1,337,0.4473684210526316,337,0.4473684210526316,337,0.4473684210526316,^TWII,yfinance,2y,2026-10-02,scan_20261005_194006,False,False
True,0,0.1916669209798177,0.22500038146972656,True,False,觀望 (動能減弱),36.650001525878906,2026-10-05 00:00:00,36.95749988555908,-0.012500000000002842,False,False,0.5456057066239739,False,0.0007560483414041125,43.68477028800679,0.0007774518045278562,0.000775043557123285,-0.28895501431077664,-1.233085609226392,-0.5891693862358549,-0.28895501431077664,False,False,True,False,False,False,0.22455602371960456,False,-0.04432847499040604,中性,2520.TW,冠德,0,v1,phase6a,2026-07-12,0,0,0,0,0,0,v1,471,0.22697368421052633,471,0.22697368421052633,472,0.22532894736842105,^TWII,yfinance,2y,2026-10-02,scan_20261005_194006,False,False
True,0,-0.8833325703938801,-0.7666664123535155,True,False,賣出 (動能轉弱),74.30000305175781,2026-10-05 00:00:00,75.02999992370606,0.010000228881835938,False,False,1.0434319556433478,False,0.0015327255589317433,40.47545062323669,0.001581699761938545,0.001607126329056877,-0.3248677071873596,-1.2414233247927675,-2.956572164855187,-0.3248677071873596,False,False,False,False,False,False,0.1727197760436938,False,-0.04005165908277919,中性,6527.TWO,明達醫,0,v1,phase6a,2026-07-12,0,0,1,0,0,0,v1,565,0.07236842105263158,565,0.07236842105263158,565,0.07236842105263158,^TWII,yfinance,2y,2026-10-02,scan_20261005_194006,False,False
True,1,0.05000003178914386,0.041666666666666664,True,False,買入 (動能增強),14.050000190734863,2026-10-05 00:00:00,13.832499980926514,0.022499990463256125,False,True,0.7860120407183154,False,0.00028983571347007795,31.312482576930012,0.0002917413189928937,0.0003056305989349085,-0.06870889338477237,-0.5286755606872862,-0.5496443647839189,-0.06870889338477237,False,False,False,False,False,False,0.19407628503327676,False,-0.0876623026776574,中性,1309.TW,台達化,2,v1,phase6a,2026-07-12,0,2,4,2,2,2,v1,84,0.8634868421052632,84,0.8634868421052632,94,0.8470394736842105,^TWII,yfinance,2y,2026-10-02,scan_20261005_194006,False,False
True,1,3.178914388043963e-07,-0.1249996821085612,True,False,買入 (動能增強),17.049999237060547,2026-10-05 00:00:00,16.99749994277954,0.0024999618530259227,False,True,1.795911037097808,True,0.0003517223221674035,21.188099102782182,0.0003610146958228507,0.0003830712819053073,-0.2702110335056074,-1.5529994034789496,-7.094147924040872,-0.2702110335056074,False,False,False,False,False,False,0.047089945497527055,False,-0.08086253701850243,中性,6641.TW,基士德-KY,2,v1,phase6a,2026-07-12,0,2,4,2,2,2,v1,224,0.6332236842105263,224,0.6332236842105263,227,0.6282894736842105,^TWII,yfinance,2y,2026-10-02,scan_20261005_194006,False,False
True,1,-0.14166768391927081,-0.1250006357828776,True,False,賣出 (動能轉弱),39.849998474121094,2026-10-05 00:00:00,40.170000076293945,-0.005000114440917969,True,False,0.584026964559615,False,0.0008220606820450372,43.31877863370068,0.0008456840145163528,0.0008673430343065211,-0.2931799732484919,-1.1213850357955746,-1.741371110420853,-0.2931799732484919,False,False,False,False,False,False,0.007174359102728747,False,-0.0160494203920718,中性,8908.TWO,欣雄,0,v1,phase6a,2026-07-12,0,0,0,0,0,0,v1,601,0.013157894736842105,601,0.013157894736842105,601,0.013157894736842105,^TWII,yfinance,2y,2026-10-02,scan_20261005_194006,False,False
True,0,0.14166641235351562,0.008333047231038407,True,False,買入 (動能增強),12.25,2026-10-05 00:00:00,12.337500047683715,-0.027500009536744585,True,False,1.2530085608322354,False,0.0002527037325130991,44.47303842985361,0.0002605656881111073,0.0002668574381581909,-0.31660122603196506,-1.04613595475751,-3.349970217851439,-0.31660122603196506,False,False,False,False,False,False,0.3104951635427963,False,-0.09594097213546682,中性,3049.TW,精金,2,v1,phase6a,2026-07-12,0,2,2,2,2,2,v1,138,0.774671052631579,138,0.774671052631579,145,0.7631578947368421,^TWII,yfinance,2y,2026-10-02,scan_20261005_194006,False,False
True,1,0.003333409627278648,-0.04833316802978515,True,False,買入 (動能增強),9.649999618530273,2026-10-05 00:00:00,9.674499940872192,0.0009999752044667076,False,False,0.40968776121298045,False,0.00019906864672265983,26.821174497869396,0.00020452237806190264,0.00021538320034138254,-0.27990585354208397,-1.3946449527218352,-4.029921467931297,-0.27990585354208397,False,False,False,False,False,False,0.0,False,-0.11467890309601192,中性,1626.TW,艾美特-KY,2,v1,phase6a,2026-07-12,0,2,3,2,2,2,v1,100,0.837171052631579,100,0.837171052631579,110,0.8207236842105263,^TWII,yfinance,2y,2026-10-02,scan_20261005_194006,False,False
