is_squeezed,energy_level,momentum,prev_momentum,squeeze_on,fired,Signal,Close,timestamp,ma20,ma20_slope,ma20_converging,close_above_ma20,volume_expansion_ratio,volume_expansion,rs_ratio,rs_index,rs_ema20,rs_ema60,rs_slope_1d,rs_slope_5d,rs_slope_20d,rs_slope,rs_above_ema20,rs_above_ema60,rs_ema20_above_ema60,rs_new_high_60,rs_new_high_120,rs_rising_10,rs_percentile_60,rs_high_price_not_high,price_dist_to_high_60,rs_signal,ticker,name,ranking_score,ranking_score_version,feature_schema_version,feature_schema_date,rs_component_score,experimental_score,shadow_score_ma20,shadow_score_rs,composite_score,composite_score_v2,score_version,rank_position_v1,ranking_percentile_v1,rank_position,ranking_percentile,rank_position_v2,ranking_percentile_v2,benchmark_symbol,benchmark_source,benchmark_period,benchmark_last_date,scan_id,has_houyi,has_whale
False,0,-0.6833330790201823,-0.6166661580403645,False,True,強烈賣出 (跌破),78.5,2026-10-05 00:00:00,79.85499992370606,-0.07499999999998863,False,False,2.8983655306759926,True,0.0015790943497873142,40.10010817782714,0.0016840170521219846,0.0017535460600191044,-0.6515689652368484,-1.8508605666706202,-5.279599086649533,-0.6515689652368484,False,False,False,False,False,False,0.0,False,-0.0643623531307479,中性,1231.TW,聯華食,0,v1,phase6a,2026-07-12,0,0,0,0,0,0,v1,432,0.2922824302134647,432,0.2922824302134647,432,0.2922824302134647,^TWII,yfinance,2y,2026-10-05,scan_20261006_171949,False,False
True,1,-0.4000008900960286,-0.3833338419596354,True,False,賣出 (動能轉弱),62.599998474121094,2026-10-05 00:00:00,62.70500011444092,0.0,False,False,1.0134965631428428,False,0.0012592522788175682,43.97355812988074,0.0013200450359431043,0.0013647646548075084,-0.48243546448478725,-1.6024697978753832,-3.571004967227076,-0.48243546448478725,False,False,False,False,False,False,0.0,False,-0.018808789612686838,中性,2643.TWO,捷迅,0,v1,phase6a,2026-07-12,0,0,0,0,0,0,v1,486,0.20361247947454844,486,0.20361247947454844,486,0.20361247947454844,^TWII,yfinance,2y,2026-10-05,scan_20261006_171949,False,False
True,0,0.016666730244954422,0.0,True,False,買入 (動能增強),13.050000190734863,2026-10-05 00:00:00,13.12999997138977,-0.009999990463256836,False,False,0.6682434565035706,False,0.00026251186708169165,35.88115409304528,0.00027709916200118005,0.0002874334336749583,-0.5510817251816125,-1.4739437277589307,-4.525797139562949,-0.5510817251816125,False,False,False,False,False,False,0.0,False,-0.02973974901135168,中性,1103.TW,嘉泥,4,v1,phase6a,2026-07-12,0,4,4,4,4,4,v1,3,0.9967159277504105,3,0.9967159277504105,11,0.9835796387520526,^TWII,yfinance,2y,2026-10-05,scan_20261006_171949,False,True
True,0,-0.24999968210856122,-0.4666662216186523,True,False,觀察 (跌勢收斂),30.700000762939453,2026-10-05 00:00:00,31.142499923706055,-0.05499992370605611,True,False,0.8179758542251494,False,0.0006175566591493494,66.79101235788406,0.0006572229052357513,0.000691285384850131,-0.631298013263426,-1.9723060595007502,-7.121361518407521,-0.631298013263426,False,False,False,False,False,False,0.0,False,-0.11271670182582882,中性,2312.TW,金寶,1,v1,phase6a,2026-07-12,0,1,1,1,1,1,v1,299,0.5106732348111659,299,0.5106732348111659,299,0.5106732348111659,^TWII,yfinance,2y,2026-10-05,scan_20261006_171949,False,False
True,2,0.006666660308837891,0.011666695276896158,True,False,觀望 (動能減弱),7.050000190734863,2026-10-05 00:00:00,7.107500100135804,-0.001499986648559215,False,False,0.890527056174145,False,0.00014181675754380778,18.81586522082233,0.000149997973259785,0.00015932397796600636,-0.5708507436496868,-1.6982922516834975,-4.388465788224116,-0.5708507436496868,False,False,False,False,False,False,0.0,False,-0.10076529929559475,中性,3494.TW,誠研,0,v1,phase6a,2026-07-12,0,0,0,0,0,0,v1,506,0.17077175697865354,506,0.17077175697865354,506,0.17077175697865354,^TWII,yfinance,2y,2026-10-05,scan_20261006_171949,False,False
True,0,0.050000031789143876,0.041666666666666664,True,False,買入 (動能增強),12.0,2026-10-05 00:00:00,11.952500009536744,0.009999990463256836,False,True,0.8693804215529065,False,0.00024139021907576777,28.617107953820586,0.0002518154390350619,0.00025714824537704785,-0.43390110814739424,-1.4127411442825477,-3.1909478480581455,-0.43390110814739424,False,False,False,False,False,False,0.15542228451770557,False,-0.11111111111111116,中性,5516.TWO,雙喜,3,v1,phase6a,2026-07-12,0,3,5,3,3,3,v1,60,0.90311986863711,60,0.90311986863711,65,0.8949096880131363,^TWII,yfinance,2y,2026-10-05,scan_20261006_171949,True,False
True,1,0.5916662216186523,0.6416664123535155,True,False,觀望 (動能減弱),21.549999237060547,2026-10-05 00:00:00,20.842500019073487,0.03499994277954244,False,True,0.3447031513408414,False,0.0004334965864097228,38.51852365441634,0.00044538991926368853,0.00046399897611604934,-0.2802983591436159,-1.1713609459989338,-6.932281093233517,-0.2802983591436159,False,False,False,False,False,True,0.10879731747586252,False,-0.2645051263413446,中性,3288.TWO,點晶,1,v1,phase6a,2026-07-12,0,1,3,1,1,1,v1,332,0.45648604269293924,332,0.45648604269293924,332,0.45648604269293924,^TWII,yfinance,2y,2026-10-05,scan_20261006_171949,True,False
False,0,2.4333343505859375,2.1166674296061196,False,True,強烈買入 (爆發),58.900001525878906,2026-10-05 00:00:00,57.85999984741211,0.05500011444092223,False,True,2.347742255186087,True,0.0011848236893245805,27.7208165065547,0.0012289600112362622,0.0012888795497781147,-0.3766136715274815,-0.6385326941343528,-3.5957961309730058,-0.3766136715274815,False,False,False,False,False,False,0.0,False,-0.09662570118468583,中性,3530.TW,晶相光,3,v1,phase6a,2026-07-12,0,3,5,3,3,3,v1,52,0.916256157635468,52,0.916256157635468,59,0.9047619047619048,^TWII,yfinance,2y,2026-10-05,scan_20261006_171949,False,False
True,0,-0.25,-0.3416665395100912,True,False,觀察 (跌勢收斂),45.95000076293945,2026-10-05 00:00:00,46.10999984741211,-0.04499988555907919,True,False,1.4944541739638062,False,0.0009243233958914709,39.629096443169786,0.0009747822905495525,0.0010202669054474737,-0.5419341342134842,-1.686500353952225,-6.300722782688927,-0.5419341342134842,False,False,False,False,False,False,0.0,False,-0.042708317438761356,中性,7718.TWO,友鋮,1,v1,phase6a,2026-07-12,0,1,1,1,1,1,v1,397,0.3497536945812808,397,0.3497536945812808,397,0.3497536945812808,^TWII,yfinance,2y,2026-10-05,scan_20261006_171949,False,False
True,0,0.3166666030883789,0.1833333969116211,True,False,買入 (動能增強),14.5,2026-10-05 00:00:00,14.254999923706055,0.01750001907348775,False,True,1.292420336824792,False,0.00029167984804988605,45.985274903303754,0.00030231981824202487,0.0003248292412699491,-0.36910016635265386,-1.0924160505259128,-4.788870726310879,-0.36910016635265386,False,False,False,False,False,False,0.0,False,-0.14454281136649205,中性,2440.TW,太空梭,2,v1,phase6a,2026-07-12,0,2,4,2,2,2,v1,124,0.7980295566502463,124,0.7980295566502463,128,0.7914614121510674,^TWII,yfinance,2y,2026-10-05,scan_20261006_171949,False,False
True,0,-0.23333326975504562,-0.4416666030883789,True,False,觀察 (跌勢收斂),26.950000762939453,2026-10-05 00:00:00,28.06750020980835,-0.09749994277953888,False,False,3.5713455409792467,True,0.0005421222156881719,23.617818360244804,0.0005978718908936869,0.0006534562089831158,-0.9720051949385189,-2.442315293341213,-11.85887400638408,-0.9720051949385189,False,False,False,False,False,False,0.0,False,-0.27162160100163635,中性,7715.TWO,裕山,1,v1,phase6a,2026-07-12,0,1,1,1,1,1,v1,396,0.35139573070607555,396,0.35139573070607555,396,0.35139573070607555,^TWII,yfinance,2y,2026-10-05,scan_20261006_171949,False,False
True,0,-0.11666870117187506,-0.45000203450520837,True,False,觀察 (跌勢收斂),71.0,2026-10-05 00:00:00,69.1,0.054999923706049,False,True,5.924779249806702,True,0.0014282254628649592,29.561639926386654,0.0014601234118059247,0.0015375285303338322,-0.22943096821418374,-1.3219557628708078,-4.789303659419797,-0.22943096821418374,False,False,False,False,False,False,0.021901100456255894,False,-0.01114210331134835,中性,7736.TW,虎山,1,v1,phase6a,2026-07-12,0,1,3,1,1,1,v1,398,0.34811165845648606,398,0.34811165845648606,398,0.34811165845648606,^TWII,yfinance,2y,2026-10-05,scan_20261006_171949,False,False
True,2,0.008333524068196617,3.1789143879398796e-07,True,False,買入 (動能增強),17.350000381469727,2026-10-05 00:00:00,17.58249988555908,-0.012500000000002842,True,False,0.811492600655673,False,0.0003490100327539693,43.897073323944085,0.00037068937212022103,0.00037688988458165515,-0.6118527251086303,-1.4439382882789564,-4.401195765716315,-0.6118527251086303,False,False,False,False,False,False,0.1520118677759631,False,-0.06216214154217692,中性,1742.TWO,台蠟,2,v1,phase6a,2026-07-12,0,2,2,2,2,2,v1,103,0.8325123152709359,103,0.8325123152709359,108,0.8243021346469622,^TWII,yfinance,2y,2026-10-05,scan_20261006_171949,False,False
True,0,-0.6583328247070312,-0.6666653951009115,True,False,觀察 (跌勢收斂),44.599998474121094,2026-10-05 00:00:00,45.42249984741211,-0.03250007629394247,False,False,1.5972925407122687,True,0.0008971669502039165,33.131347493172456,0.0009559999154670801,0.0009901388373176,-0.643628109773775,-1.8778308467374827,-4.751915130265861,-0.643628109773775,False,False,False,False,False,False,0.0,False,-0.07083336512247718,中性,2704.TW,國賓,1,v1,phase6a,2026-07-12,0,1,1,1,1,1,v1,314,0.4860426929392447,314,0.4860426929392447,314,0.4860426929392447,^TWII,yfinance,2y,2026-10-05,scan_20261006_171949,False,False
True,0,0.16666666666666666,-0.2500000000000001,True,False,買入 (動能增強),209.0,2026-10-05 00:00:00,209.075,-0.025000000000005684,True,False,1.0850370757447099,False,0.0042042129822362885,48.25999066505289,0.004411878747667608,0.004564853028872,-0.49302761614155033,-1.405689727688686,-4.299068967690067,-0.49302761614155033,False,False,False,False,False,False,0.0,False,-0.02336448598130836,中性,3130.TW,一零四,2,v1,phase6a,2026-07-12,0,2,2,2,2,2,v1,143,0.7668308702791461,143,0.7668308702791461,146,0.7619047619047619,^TWII,yfinance,2y,2026-10-05,scan_20261006_171949,False,False
True,0,-0.35000228881835926,-2.4000015258789062,True,False,觀察 (跌勢收斂),71.5999984741211,2026-10-05 00:00:00,68.82000007629395,0.09500007629395668,False,True,1.001411192513646,False,0.001440294943124394,78.08382744428006,0.0014350795131732516,0.001397279869467558,0.038269846376426386,0.2007682001211597,2.533187370876311,0.038269846376426386,True,True,True,False,False,False,0.5212397671026013,False,-0.03633922566269454,偏強 (RS上升),1326.TW,台化,1,v1,phase6a,2026-07-12,1,2,3,2,1,2,v1,266,0.5648604269293924,266,0.5648604269293924,259,0.5763546798029556,^TWII,yfinance,2y,2026-10-05,scan_20261006_171949,False,False
False,0,-0.34999974568684894,-0.38333257039388025,False,True,強烈賣出 (跌破),50.70000076293945,2026-10-05 00:00:00,51.14000015258789,-0.02999992370605753,False,False,1.3226490648275613,False,0.0010198736909422957,30.77863798927436,0.0010782230302376476,0.0011268999120580745,-0.5664177045303864,-1.6378941990297435,-4.788985981506189,-0.5664177045303864,False,False,False,False,False,False,0.0,False,-0.02873563176391669,中性,6281.TW,全國電,0,v1,phase6a,2026-07-12,0,0,0,0,0,0,v1,563,0.07717569786535304,563,0.07717569786535304,563,0.07717569786535304,^TWII,yfinance,2y,2026-10-05,scan_20261006_171949,False,False
True,1,-0.0666667620340983,-0.10000006357828777,True,False,觀察 (跌勢收斂),10.199999809265137,2026-10-05 00:00:00,10.264999961853027,-0.005000019073486683,False,False,1.313396243686743,False,0.0002051816823776084,32.80387063278696,0.00021633607741992992,0.00022709189115764744,-0.5398122550421491,-1.676976002435493,-4.790149947434596,-0.5398122550421491,False,False,False,False,False,False,0.0,False,-0.04672897279559296,中性,9950.TWO,萬國通,1,v1,phase6a,2026-07-12,0,1,1,1,1,1,v1,428,0.2988505747126437,428,0.2988505747126437,428,0.2988505747126437,^TWII,yfinance,2y,2026-10-05,scan_20261006_171949,False,False
True,1,0.20833349227905276,0.2666668891906738,True,False,觀望 (動能減弱),14.5,2026-10-05 00:00:00,14.580000066757203,-0.019999980926513672,True,False,0.5001322892973885,False,0.00029167984804988605,48.869958062315796,0.0003048124154623786,0.00029976265820939917,-0.45146931229052,-0.5612568751107494,3.5763749000195855,-0.45146931229052,False,False,True,False,False,False,0.45190567881316107,False,-0.07348240553109175,中性,1312.TW,國喬,2,v1,phase6a,2026-07-12,0,2,2,2,2,2,v1,86,0.8604269293924466,86,0.8604269293924466,91,0.8522167487684729,^TWII,yfinance,2y,2026-10-05,scan_20261006_171949,False,True
False,0,0.13833316167195636,0.09833319981892903,False,True,強烈買入 (爆發),10.0,2026-10-05 00:00:00,10.046999979019166,-0.0025000095367424535,False,False,0.7422638325246609,False,0.00020115851589647314,33.09285017057678,0.0002131059081706253,0.00022721564927490992,-0.5866764037299355,-1.5296549365878431,-5.981360385389333,-0.5866764037299355,False,False,False,False,False,False,0.0,False,-0.12663754003662275,中性,2431.TW,聯昌,3,v1,phase6a,2026-07-12,0,3,3,3,3,3,v1,39,0.9376026272577996,39,0.9376026272577996,49,0.9211822660098522,^TWII,yfinance,2y,2026-10-05,scan_20261006_171949,False,False
True,0,-0.15833314259847006,-0.21666653951009116,True,False,觀察 (跌勢收斂),21.149999618530273,2026-10-05 00:00:00,21.227499771118165,-0.007499980926514382,True,False,0.8695022099847837,False,0.0004254502534474523,33.881748041429795,0.0004483404795732371,0.0004742133677117513,-0.5345529915807723,-1.8361920149367883,-5.959068520218702,-0.5345529915807723,False,False,False,False,False,False,0.0,False,-0.08639308997651618,中性,3531.TWO,先益,1,v1,phase6a,2026-07-12,0,1,1,1,1,1,v1,335,0.451559934318555,335,0.451559934318555,335,0.451559934318555,^TWII,yfinance,2y,2026-10-05,scan_20261006_171949,False,False
True,0,-0.5250000953674316,-0.4750000635782877,True,False,賣出 (動能轉弱),13.550000190734863,2026-10-05 00:00:00,14.110000085830688,-0.03249998092651474,True,False,1.315379873161978,False,0.0002725697928765153,26.10983977563712,0.000297141904079574,0.0003178339330032092,-0.8629604862468887,-2.7933946223897,-7.9153748939453035,-0.8629604862468887,False,False,False,False,False,False,0.0,False,-0.09666665395100915,中性,3713.TWO,新晶投控,0,v1,phase6a,2026-07-12,0,0,0,0,0,0,v1,512,0.16091954022988506,512,0.16091954022988506,512,0.16091954022988506,^TWII,yfinance,2y,2026-10-05,scan_20261006_171949,False,False
True,1,-0.3333326975504557,-0.19999949137369788,True,False,賣出 (動能轉弱),34.150001525878906,2026-10-05 00:00:00,34.65749969482422,0.030000114440916548,False,False,2.4362237814850576,True,0.0006869563624808094,74.97391150797132,0.000727946775560061,0.0007340755654879856,-0.5892403184981854,-1.4616981061171486,-1.6043562434885805,-0.5892403184981854,False,False,False,False,False,False,0.12630020823651805,False,-0.09775421657604455,中性,6418.TWO,詠昇,1,v1,phase6a,2026-07-12,0,1,2,1,1,1,v1,368,0.3973727422003284,368,0.3973727422003284,368,0.3973727422003284,^TWII,yfinance,2y,2026-10-05,scan_20261006_171949,True,False
True,0,0.6833343505859375,0.2750008900960286,True,False,買入 (動能增強),46.20000076293945,2026-10-05 00:00:00,46.89750022888184,-0.054999923706049,True,False,1.1307981451443039,False,0.0009293523587888828,52.59984295529121,0.0010004278258782362,0.0010714265659547207,-0.7422916894994636,-1.7724853287332532,-10.351725521390376,-0.7422916894994636,False,False,False,False,False,False,0.0,False,-0.22396126218165957,中性,3594.TWO,磐儀,2,v1,phase6a,2026-07-12,0,2,2,2,2,2,v1,160,0.7389162561576355,160,0.7389162561576355,163,0.7339901477832512,^TWII,yfinance,2y,2026-10-05,scan_20261006_171949,False,False
True,0,-0.4166666666666666,-0.8166656494140625,True,False,觀察 (跌勢收斂),79.9000015258789,2026-10-05 00:00:00,80.65499992370606,-0.1899997711181669,True,False,1.852430186537345,True,0.001607256572707174,34.53567532063105,0.0017050555394869846,0.001815520018230582,-0.6001473213294028,-2.16901590263332,-7.162883733989556,-0.6001473213294028,False,False,False,False,False,False,0.0,False,-0.10022523896414137,中性,7823.TW,奧義賽博-KY創,1,v1,phase6a,2026-07-12,0,1,1,1,1,1,v1,402,0.3415435139573071,402,0.3415435139573071,402,0.3415435139573071,^TWII,yfinance,2y,2026-10-05,scan_20261006_171949,False,False
True,0,-0.8666661580403645,-0.9249998728434244,True,False,觀察 (跌勢收斂),41.0,2026-10-05 00:00:00,41.79249992370605,-0.017499923706054688,False,False,4.333547535012287,True,0.0008247499151755399,29.668483049778903,0.000878378715504773,0.0009169069084056802,-0.6385729142435959,-2.0674132579916127,-4.819636686158191,-0.6385729142435959,False,False,False,False,False,False,0.0,False,-0.05855337041867337,中性,6754.TW,匯僑設計,1,v1,phase6a,2026-07-12,0,1,1,1,1,1,v1,383,0.3727422003284072,383,0.3727422003284072,383,0.3727422003284072,^TWII,yfinance,2y,2026-10-05,scan_20261006_171949,False,False
True,0,-0.15000025431315103,-0.23333295186360675,True,False,觀察 (跌勢收斂),51.099998474121094,2026-10-05 00:00:00,51.310000038146974,-0.020000076293946734,False,False,2.335508995718217,True,0.001027919985536624,48.88979128332954,0.0010820068783662865,0.0011209698306139605,-0.5234307168568986,-1.569305361920681,-4.455244004394753,-0.5234307168568986,False,False,False,False,False,False,0.0,False,-0.015414316536366712,中性,1730.TW,花仙子,1,v1,phase6a,2026-07-12,0,1,1,1,1,1,v1,290,0.5254515599343186,290,0.5254515599343186,291,0.5238095238095238,^TWII,yfinance,2y,2026-10-05,scan_20261006_171949,False,False
True,0,2.4999999999999996,-9.25,True,False,買入 (動能增強),432.0,2026-10-05 00:00:00,424.35,-0.8999999999999773,True,True,0.9837684745332349,False,0.00869004788672764,86.97838272625596,0.008983324668117751,0.009582722826982668,-0.34247358788845883,-1.8758250168140034,-7.95544346806979,-0.34247358788845883,False,False,False,False,False,False,0.22292267489129827,False,-0.1656080795125131,中性,6451.TW,訊芯-KY,2,v1,phase6a,2026-07-12,0,2,3,2,2,2,v1,216,0.6469622331691297,216,0.6469622331691297,218,0.6436781609195402,^TWII,yfinance,2y,2026-10-05,scan_20261006_171949,False,False
True,0,-0.6083332697550455,-0.5666666030883789,True,False,賣出 (動能轉弱),24.850000381469727,2026-10-05 00:00:00,25.227499866485594,-0.03750000000000142,False,False,1.478133497399302,False,0.0004998789196763242,44.918450500349024,0.0005325196733217628,0.0005567070965911373,-0.6410734724657141,-2.186271221213565,-6.8157560714508065,-0.6410734724657141,False,False,False,False,False,False,0.0,False,-0.08639707042477918,中性,6606.TW,建德工業,0,v1,phase6a,2026-07-12,0,0,0,0,0,0,v1,568,0.06896551724137931,568,0.06896551724137931,568,0.06896551724137931,^TWII,yfinance,2y,2026-10-05,scan_20261006_171949,False,False
True,0,0.17500019073486325,-0.03333314259847006,True,False,買入 (動能增強),22.100000381469727,2026-10-05 00:00:00,21.647499752044677,0.019999980926513672,False,True,3.416699058580381,True,0.00044456032780479404,37.44956390727064,0.0004583238922111775,0.0004921786355527338,-0.31511142128561875,-1.7903746059347192,-6.423336753740894,-0.31511142128561875,False,False,False,False,False,False,0.04166839856527736,False,-0.20216607318517155,中性,5345.TWO,馥鴻,3,v1,phase6a,2026-07-12,0,3,5,3,3,3,v1,58,0.9064039408866995,58,0.9064039408866995,63,0.8981937602627258,^TWII,yfinance,2y,2026-10-05,scan_20261006_171949,True,False
True,0,-0.25833257039388013,-0.31666580835978186,True,False,觀察 (跌勢收斂),16.600000381469727,2026-10-05 00:00:00,16.279999923706054,-0.03000001907348704,True,True,0.760926427926,False,0.0003339231440617338,30.263116275263986,0.0003454387537928039,0.00036940323181947445,-0.3496801433708785,-1.7581023471484603,-8.327555694723843,-0.3496801433708785,False,False,False,False,False,False,0.02846545329514117,False,-0.10027101923951276,中性,6661.TWO,威健生技,1,v1,phase6a,2026-07-12,0,1,2,1,1,1,v1,378,0.38095238095238093,378,0.38095238095238093,378,0.38095238095238093,^TWII,yfinance,2y,2026-10-05,scan_20261006_171949,False,False
True,0,-0.3666667938232422,-0.3916664123535156,True,False,觀察 (跌勢收斂),34.5,2026-10-05 00:00:00,35.104999732971194,-0.04999999999999716,True,False,0.2685666982024598,False,0.0006939968798428324,38.87618571560375,0.0007398336489615382,0.0007820281689898145,-0.6479376248896829,-1.7513045760804813,-5.33202639699899,-0.6479376248896829,False,False,False,False,False,False,0.0,False,-0.07008082428722229,中性,1423.TW,利華,1,v1,phase6a,2026-07-12,0,1,1,1,1,1,v1,272,0.555008210180624,272,0.555008210180624,273,0.5533661740558292,^TWII,yfinance,2y,2026-10-05,scan_20261006_171949,False,False
True,0,-1.4999999999999998,-1.25,True,False,賣出 (動能轉弱),111.5,2026-10-05 00:00:00,112.8,-0.07500000000000284,False,False,0.06086586403988812,False,0.0022429174522456755,43.036497364589906,0.002376868086297245,0.0024839902286246103,-0.5897220640243894,-2.0779925098147745,-5.330115195639662,-0.5897220640243894,False,False,False,False,False,False,0.0,False,-0.047008547008547064,中性,7747.TWO,昕奇雲端,0,v1,phase6a,2026-07-12,0,0,0,0,0,0,v1,584,0.042692939244663386,584,0.042692939244663386,584,0.042692939244663386,^TWII,yfinance,2y,2026-10-05,scan_20261006_171949,False,False
True,1,-0.0666662851969401,-0.09999974568684895,True,False,觀察 (跌勢收斂),28.950000762939453,2026-10-05 00:00:00,29.005000114440918,-0.004999923706055398,False,False,0.7316045575973072,False,0.0005823539188674666,47.2730966565729,0.0006116378451683703,0.0006341112129492279,-0.5014505358670762,-1.5469459890262383,-4.294486243827677,-0.5014505358670762,False,False,False,False,False,False,0.0,False,-0.015306083722096187,中性,9908.TW,大台北,1,v1,phase6a,2026-07-12,0,1,1,1,1,1,v1,420,0.31198686371100165,420,0.31198686371100165,420,0.31198686371100165,^TWII,yfinance,2y,2026-10-05,scan_20261006_171949,False,False
True,1,0.04166793823242187,0.05000114440917968,True,False,觀望 (動能減弱),33.70000076293945,2026-10-05 00:00:00,33.91250019073486,-0.03249988555908345,True,False,0.9511993048437298,False,0.0006779042139182913,41.112116638859916,0.0007179485748933788,0.0007451144249137004,-0.583689747760352,-1.6313557268474166,-6.139852628039543,-0.583689747760352,False,False,False,False,False,False,0.0,False,-0.08174386751047358,中性,3716.TW,中化控股,2,v1,phase6a,2026-07-12,0,2,2,2,2,2,v1,169,0.7241379310344828,169,0.7241379310344828,172,0.7192118226600985,^TWII,yfinance,2y,2026-10-05,scan_20261006_171949,False,True
False,0,-0.23333342870076496,-0.19166676203409827,False,True,強烈賣出 (跌破),11.949999809265137,2026-10-05 00:00:00,12.209999990463256,-0.01500000953674352,False,False,0.9893235546673529,False,0.0002403844226594912,50.66851962347857,0.00025608774940798446,0.0002643161168846167,-0.6413350949573848,-2.0772112561805445,-3.2715390199469896,-0.6413350949573848,False,False,False,False,False,False,0.0,False,-0.046693916627657206,中性,2836.TW,高雄銀,0,v1,phase6a,2026-07-12,0,0,0,0,0,0,v1,491,0.19540229885057472,491,0.19540229885057472,491,0.19540229885057472,^TWII,yfinance,2y,2026-10-05,scan_20261006_171949,False,False
True,1,-0.03333314259847005,-0.21666653951009113,True,False,觀察 (跌勢收斂),21.549999237060547,2026-10-05 00:00:00,21.320000076293944,0.01249999999999929,False,True,2.83380389609308,True,0.0004334965864097228,24.572737704733374,0.0004508949284758833,0.0004776368773477521,-0.40452792225930123,-1.3767094781311107,-5.862093353759279,-0.40452792225930123,False,False,False,False,False,False,0.0,False,-0.06100224310840474,中性,2722.TW,夏都,1,v1,phase6a,2026-07-12,0,1,3,1,1,1,v1,316,0.4827586206896552,316,0.4827586206896552,316,0.4827586206896552,^TWII,yfinance,2y,2026-10-05,scan_20261006_171949,False,False
True,1,-0.09166653951009114,-0.07000001271565755,True,False,賣出 (動能轉弱),9.760000228881836,2026-10-05 00:00:00,9.805000019073486,0.0,False,False,0.580626340259407,False,0.00019633071611911083,30.014881181197012,0.00020689790513444062,0.00021778608346637965,-0.5347504437463346,-1.7821656213526382,-5.063110786937763,-0.5347504437463346,False,False,False,False,False,False,0.0,False,-0.052427179791586065,中性,8176.TWO,智捷,0,v1,phase6a,2026-07-12,0,0,0,0,0,0,v1,594,0.026272577996715927,594,0.026272577996715927,594,0.026272577996715927,^TWII,yfinance,2y,2026-10-05,scan_20261006_171949,False,False
True,0,-0.3416665395100912,-0.4083334604899089,True,False,觀察 (跌勢收斂),40.650001525878906,2026-10-05 00:00:00,40.985000419616696,0.0025001525878849407,False,False,1.1139268707009384,False,0.000817709397813517,40.91426864518991,0.0008621042544516569,0.0008867908503913324,-0.539139901295349,-1.7204458996508243,-3.8073689085793228,-0.539139901295349,False,False,False,False,False,False,0.0,False,-0.02048189094267694,中性,8481.TW,政伸,1,v1,phase6a,2026-07-12,0,1,2,1,1,1,v1,417,0.3169129720853859,417,0.3169129720853859,417,0.3169129720853859,^TWII,yfinance,2y,2026-10-05,scan_20261006_171949,False,False
True,0,-0.39166641235351557,-0.508332888285319,True,False,觀察 (跌勢收斂),23.049999237060547,2026-10-05 00:00:00,23.377499866485596,-0.03749999999999787,True,False,1.0611284761383044,False,0.0004636703637941938,31.94690216720401,0.0004956415714878916,0.0005361920278423052,-0.6744175014312792,-2.404165783343115,-9.3505505551016,-0.6744175014312792,False,False,False,False,False,False,0.0,False,-0.14787431100994997,中性,1443.TW,立益物流,1,v1,phase6a,2026-07-12,0,1,1,1,1,1,v1,274,0.5517241379310345,274,0.5517241379310345,275,0.5500821018062397,^TWII,yfinance,2y,2026-10-05,scan_20261006_171949,False,False
False,0,-1.25,-0.5,False,True,強烈賣出 (跌破),160.5,2026-10-05 00:00:00,163.375,-0.15000000000000568,True,False,1.1980549255505646,False,0.0032285941801383938,39.07825092633169,0.0034488441893168425,0.003579525593287385,-0.6677425647516055,-2.364642422287655,-6.043024217756521,-0.6677425647516055,False,False,False,False,False,False,0.0,False,-0.06686046511627908,中性,4536.TW,拓凱,0,v1,phase6a,2026-07-12,0,0,0,0,0,0,v1,529,0.1330049261083744,529,0.1330049261083744,529,0.1330049261083744,^TWII,yfinance,2y,2026-10-05,scan_20261006_171949,False,False
True,0,0.04166666666666666,-0.008333524068196617,True,False,買入 (動能增強),18.850000381469727,2026-10-05 00:00:00,18.972499942779542,-0.03249998092651296,False,False,1.6488646950069614,True,0.0003791838101384403,15.714442615698895,0.0004025672874884194,0.0004303272454648258,-0.6077146214583995,-1.9189602280554774,-7.84557423952098,-0.6077146214583995,False,False,False,False,False,False,0.0,False,-0.14414811213542422,中性,8927.TWO,北基,2,v1,phase6a,2026-07-12,0,2,2,2,2,2,v1,253,0.5862068965517241,253,0.5862068965517241,253,0.5862068965517241,^TWII,yfinance,2y,2026-10-05,scan_20261006_171949,False,False
True,0,-0.016667048136393255,-0.1666673024495443,True,False,觀察 (跌勢收斂),58.5,2026-10-05 00:00:00,59.11999988555908,-0.0350000381469755,False,False,1.1398624926064,False,0.001176777317994368,42.95227775575348,0.001243854252820221,0.0012889331038240877,-0.5644452323892879,-1.4897705965685404,-3.508278418101418,-0.5644452323892879,False,False,False,False,False,False,0.0,False,-0.051863869098386695,中性,6792.TW,詠業,1,v1,phase6a,2026-07-12,0,1,1,1,1,1,v1,385,0.3694581280788177,385,0.3694581280788177,385,0.3694581280788177,^TWII,yfinance,2y,2026-10-05,scan_20261006_171949,False,False
True,0,0.5166664123535156,0.5833333333333334,True,False,觀望 (動能減弱),53.099998474121094,2026-10-05 00:00:00,52.769999504089355,0.034999847412109375,False,True,1.2827638367652034,False,0.0010681516887159188,76.60505688172542,0.0011166322948752692,0.0011611966401222024,-0.45493983435240803,-1.2712375421369937,-4.302569197751794,-0.45493983435240803,False,False,False,False,False,False,0.0,False,-0.13260524957846453,中性,2414.TW,精技,1,v1,phase6a,2026-07-12,0,1,3,1,1,1,v1,304,0.5024630541871922,304,0.5024630541871922,304,0.5024630541871922,^TWII,yfinance,2y,2026-10-05,scan_20261006_171949,True,False
True,0,0.1999999682108561,0.16666666666666666,True,False,買入 (動能增強),11.100000381469727,2026-10-05 00:00:00,11.020000076293945,-0.019999980926513672,False,True,0.6757691664749509,False,0.00022328596031867358,7.235831038615178,0.00023496214319076455,0.0002622315731581424,-0.5203715476453485,-1.2927482628055875,-8.143604659172155,-0.5203715476453485,False,False,False,False,False,False,0.0,False,-0.19855595120988556,中性,2314.TW,台揚,2,v1,phase6a,2026-07-12,0,2,3,2,2,2,v1,112,0.8177339901477833,112,0.8177339901477833,117,0.8095238095238095,^TWII,yfinance,2y,2026-10-05,scan_20261006_171949,False,False
True,0,0.09166653951009114,0.049999872843424484,True,False,買入 (動能增強),14.399999618530273,2026-10-05 00:00:00,14.439999914169311,0.002499961853027699,False,False,0.7383395675888699,False,0.0002896682552173329,36.82798868219008,0.000306001168181211,0.0003327902236374046,-0.5587064985912771,-1.5838716944960862,-6.294666649160585,-0.5587064985912771,False,False,False,False,False,False,0.0,False,-0.14540063545836868,中性,1218.TW,泰山,2,v1,phase6a,2026-07-12,0,2,3,2,2,2,v1,82,0.8669950738916257,82,0.8669950738916257,87,0.8587848932676518,^TWII,yfinance,2y,2026-10-05,scan_20261006_171949,False,False
True,0,0.32499949137369794,0.33333269755045575,True,False,觀望 (動能減弱),39.04999923706055,2026-10-05 00:00:00,39.41249942779541,-0.0625,True,False,1.5091357433040742,True,0.0007855239892285508,20.926785278537842,0.000832171615879909,0.00086751338297319,-0.5865945177379484,-1.5082455389622829,-4.34044196076242,-0.5865945177379484,False,False,False,False,False,False,0.0,False,-0.150163251606386,中性,6609.TWO,瀧澤科,0,v1,phase6a,2026-07-12,0,0,0,0,0,0,v1,569,0.06732348111658457,569,0.06732348111658457,569,0.06732348111658457,^TWII,yfinance,2y,2026-10-05,scan_20261006_171949,False,False
True,0,-0.3416665395100912,-0.4166666666666667,True,False,觀察 (跌勢收斂),42.79999923706055,2026-10-05 00:00:00,43.077500343322754,-0.03250007629394247,False,False,0.8579479493703466,False,0.0008609584326897282,51.360637827532045,0.0009070977294281734,0.0009376542474883353,-0.5325669308078207,-1.4823984509758414,-3.801253213875,-0.5325669308078207,False,False,False,False,False,False,0.0,False,-0.016091971561826512,中性,9918.TW,欣天然,1,v1,phase6a,2026-07-12,0,1,1,1,1,1,v1,423,0.3070607553366174,423,0.3070607553366174,423,0.3070607553366174,^TWII,yfinance,2y,2026-10-05,scan_20261006_171949,False,False
True,0,0.16666666666666663,0.2000001271565755,True,False,觀望 (動能減弱),31.399999618530273,2026-10-05 00:00:00,31.64000005722046,-0.010000038146973367,False,False,0.9987005261041374,False,0.0006316377322413372,38.392012301585474,0.0006674369144534146,0.0006839724368607567,-0.561428113521345,-1.4905747177687667,-3.7077194196389773,-0.561428113521345,False,False,False,False,False,False,0.0,False,-0.018750011920928955,中性,1593.TWO,祺驊,0,v1,phase6a,2026-07-12,0,0,0,0,0,0,v1,446,0.26929392446633826,446,0.26929392446633826,446,0.26929392446633826,^TWII,yfinance,2y,2026-10-05,scan_20261006_171949,False,False
True,0,-1.3833338419596353,-0.950000762939453,True,False,賣出 (動能轉弱),73.5,2026-10-05 00:00:00,75.81500015258788,-0.09500007629395668,False,False,1.3375857413359973,False,0.0014785150918390775,40.61222433036662,0.0015950264126840454,0.0016718404124254024,-0.763044860998574,-2.3027751954494913,-4.983966140778751,-0.763044860998574,False,False,False,False,False,False,0.0,False,-0.08354111225921979,中性,6923.TW,中台,0,v1,phase6a,2026-07-12,0,0,0,0,0,0,v1,580,0.04926108374384237,580,0.04926108374384237,580,0.04926108374384237,^TWII,yfinance,2y,2026-10-05,scan_20261006_171949,False,False
True,0,0.11666679382324216,-0.19999980926513672,True,False,買入 (動能增強),21.799999237060547,2026-10-05 00:00:00,21.79749994277954,-0.010000038146973367,True,True,1.0840168354451383,False,0.00043852554930713466,7.248132172678712,0.0004639617744239934,0.0005220247160720391,-0.5737831216748757,-1.9399391654599363,-10.193003699517222,-0.5737831216748757,False,False,False,False,False,False,0.0,False,-0.19852946229459367,中性,2230.TWO,泰茂,2,v1,phase6a,2026-07-12,0,2,3,2,2,2,v1,110,0.8210180623973727,110,0.8210180623973727,115,0.812807881773399,^TWII,yfinance,2y,2026-10-05,scan_20261006_171949,False,False
False,0,2.250001271565755,0.5833346048990885,False,True,強烈買入 (爆發),68.5,2026-10-05 00:00:00,65.23999938964843,0.14000015258788778,False,True,1.0152400367753012,False,0.001377935833890841,61.356401525468485,0.0013728927222162813,0.001337487606011729,0.03868176992674055,0.7936898018874539,1.8103146857271435,0.03868176992674055,True,True,True,False,False,False,0.6337277205625237,False,0.0,偏強 (RS上升),1301.TW,台塑,3,v1,phase6a,2026-07-12,1,4,5,4,3,4,v1,30,0.9523809523809523,30,0.9523809523809523,36,0.9425287356321839,^TWII,yfinance,2y,2026-10-05,scan_20261006_171949,False,False
True,1,0.06666692097981769,0.07500012715657553,True,False,觀望 (動能減弱),41.900001525878906,2026-10-05 00:00:00,42.109999656677246,-0.04499988555907919,False,False,0.5841748685235142,False,0.0008428542123005761,59.084296482103966,0.0008890310210676196,0.0009061883524687543,-0.5437701800882877,-1.4247851858799399,-4.330416996485853,-0.5437701800882877,False,False,False,False,False,False,0.0,False,-0.05630630437124773,中性,2618.TW,長榮航,0,v1,phase6a,2026-07-12,0,0,0,0,0,0,v1,482,0.21018062397372742,482,0.21018062397372742,482,0.21018062397372742,^TWII,yfinance,2y,2026-10-05,scan_20261006_171949,False,False
True,0,-0.46666717529296875,-0.7666676839192708,True,False,觀察 (跌勢收斂),99.80000305175781,2026-10-05 00:00:00,100.81500053405762,-0.10999984741211222,True,False,1.3551584851421472,False,0.0020075620500355092,50.6906051683904,0.002129264906973881,0.0022432943897453686,-0.5980566813154842,-1.951890185815619,-6.400309180583985,-0.5980566813154842,False,False,False,False,False,False,0.0,False,-0.1506382718999335,中性,1342.TW,八貫,2,v1,phase6a,2026-07-12,0,2,2,2,2,2,v1,91,0.8522167487684729,91,0.8522167487684729,96,0.8440065681444991,^TWII,yfinance,2y,2026-10-05,scan_20261006_171949,True,False
True,0,-2.1833343505859375,-2.6666666666666665,True,False,觀察 (跌勢收斂),85.5,2026-10-05 00:00:00,82.65499992370606,0.320000076293951,False,True,1.9099404874847032,True,0.0017199053109148454,83.56875122545229,0.0017304032616902861,0.001797686522644421,-0.06381993341949554,-1.2184495958549535,-0.14066962036720643,-0.06381993341949554,False,False,False,False,False,False,0.6940157489882189,False,-0.004656595096315552,中性,5340.TWO,建榮,1,v1,phase6a,2026-07-12,0,1,3,1,1,1,v1,355,0.4187192118226601,355,0.4187192118226601,355,0.4187192118226601,^TWII,yfinance,2y,2026-10-05,scan_20261006_171949,False,False
True,0,0.4666678110758463,-0.0499992370605469,True,False,買入 (動能增強),62.5,2026-10-05 00:00:00,61.88500003814697,-0.07500000000000284,True,True,1.2072018026454407,False,0.0012572407243529571,31.10098052588805,0.001310125049903422,0.001413584423625472,-0.4231060056514635,-1.352765304754111,-6.112749945597818,-0.4231060056514635,False,False,False,False,False,False,0.0,False,-0.11010418472638095,中性,6117.TW,迎廣,2,v1,phase6a,2026-07-12,0,2,3,2,2,2,v1,192,0.6863711001642037,192,0.6863711001642037,195,0.6814449917898193,^TWII,yfinance,2y,2026-10-05,scan_20261006_171949,False,False
True,0,-0.19999949137369794,-0.2499996821085612,True,False,觀察 (跌勢收斂),21.0,2026-10-05 00:00:00,21.22750005722046,-0.019999980926513672,False,False,3.5906239831240674,True,0.0004224328833825936,36.2337831427935,0.0004470863380461373,0.0004667848197070199,-0.577097533610027,-1.6671408720235315,-4.615472320923175,-0.577097533610027,False,False,False,False,False,False,0.0,False,-0.03225809854048278,中性,8463.TW,潤泰材,1,v1,phase6a,2026-07-12,0,1,1,1,1,1,v1,415,0.32019704433497537,415,0.32019704433497537,415,0.32019704433497537,^TWII,yfinance,2y,2026-10-05,scan_20261006_171949,False,False
True,0,0.5166664123535156,0.35833295186360675,True,False,買入 (動能增強),41.75,2026-10-05 00:00:00,41.61749973297119,-0.039999961853027344,True,True,0.5503981213077459,False,0.0008398368038677754,32.091394026903956,0.0008826148908452153,0.0009402995324770123,-0.5075939501493654,-1.744174579677138,-6.562949063376822,-0.5075939501493654,False,False,False,False,False,False,0.0,False,-0.08942199804947071,中性,6856.TWO,鑫傳,2,v1,phase6a,2026-07-12,0,2,3,2,2,2,v1,235,0.6157635467980296,235,0.6157635467980296,236,0.6141215106732348,^TWII,yfinance,2y,2026-10-05,scan_20261006_171949,False,False
True,0,-1.1666666666666665,-1.3333333333333333,True,False,觀察 (跌勢收斂),139.5,2026-10-05 00:00:00,141.025,-0.07499999999998863,True,False,0.9957209749481754,False,0.0028061612967558,23.039979044399413,0.002974951378497746,0.0031477192213305223,-0.5936868271593454,-1.7206823797302429,-5.384758297268966,-0.5936868271593454,False,False,False,False,False,False,0.0,False,-0.06866805054958869,中性,8478.TW,東哥遊艇,1,v1,phase6a,2026-07-12,0,1,1,1,1,1,v1,416,0.3185550082101806,416,0.3185550082101806,416,0.3185550082101806,^TWII,yfinance,2y,2026-10-05,scan_20261006_171949,False,False
True,0,1.7499999999999998,-0.6666666666666667,True,False,買入 (動能增強),155.0,2026-10-05 00:00:00,153.025,0.22499999999999432,False,True,0.9290870826326946,False,0.0031179569963953337,43.9500375424721,0.0032092702248101897,0.0031872664857747106,-0.2986104601452988,-1.0540682309191918,-1.3355821876175344,-0.2986104601452988,False,False,True,False,False,False,0.059657105502606673,False,-0.055770190514850326,中性,2377.TW,微星,4,v1,phase6a,2026-07-12,0,4,6,4,4,4,v1,9,0.986863711001642,9,0.986863711001642,17,0.9737274220032841,^TWII,yfinance,2y,2026-10-05,scan_20261006_171949,False,True
True,0,-0.6499996185302734,-0.2166665395100911,True,False,賣出 (動能轉弱),34.29999923706055,2026-10-05 00:00:00,35.16499977111816,-0.08750000000000568,False,False,0.61486810026393,False,0.000689973694177726,46.99234378282241,0.000735936992710084,0.0007290697034264394,-0.6531322490808567,-1.5536148431416708,-1.0585165176836053,-0.6531322490808567,False,False,True,False,False,False,0.22810669275582965,False,-0.058984951464388424,中性,2596.TWO,綠意,0,v1,phase6a,2026-07-12,0,0,0,0,0,0,v1,477,0.21839080459770116,477,0.21839080459770116,477,0.21839080459770116,^TWII,yfinance,2y,2026-10-05,scan_20261006_171949,False,False
True,2,0.20000076293945312,0.6333351135253906,True,False,觀望 (動能減弱),67.5999984741211,2026-10-05 00:00:00,68.20000038146972,-0.07500000000000284,True,False,0.7888490551419577,False,0.001359831536765805,39.02974825339032,0.0014400861424582112,0.001493010655035897,-0.5832002048913876,-1.5941394085653648,-4.530255258458837,-0.5832002048913876,False,False,False,False,False,False,0.0,False,-0.04384722217725878,中性,3310.TWO,佳穎,2,v1,phase6a,2026-07-12,0,2,2,2,2,2,v1,151,0.7536945812807881,151,0.7536945812807881,154,0.7487684729064039,^TWII,yfinance,2y,2026-10-05,scan_20261006_171949,False,True
True,1,-0.05833307902018228,-0.016666412353515625,True,False,賣出 (動能轉弱),39.400001525878906,2026-10-05 00:00:00,39.56500015258789,-0.014999961853028765,True,False,1.9161428865189272,True,0.0007925645833264578,47.72956069023939,0.0008353899641186245,0.0008665225691244925,-0.5367241453899885,-1.631669133457625,-4.799987300804132,-0.5367241453899885,False,False,False,False,False,False,0.0,False,-0.0295565761906883,中性,9925.TW,新保,0,v1,phase6a,2026-07-12,0,0,0,0,0,0,v1,608,0.003284072249589491,608,0.003284072249589491,608,0.003284072249589491,^TWII,yfinance,2y,2026-10-05,scan_20261006_171949,False,False
True,0,2.400000254313151,1.0833333333333333,True,False,買入 (動能增強),78.0,2026-10-05 00:00:00,72.76499977111817,0.33499984741212074,False,True,3.036597450226122,True,0.0015690364239924904,96.86846650519585,0.0015429996699961642,0.0015842449501218487,0.1779383220516184,-0.4291573029976292,-3.163131145737319,0.1779383220516184,True,False,False,False,False,True,0.23299462152156694,False,-0.07910268228623873,中性,6548.TWO,長科*,2,v1,phase6a,2026-07-12,0,2,4,2,2,2,v1,218,0.6436781609195402,218,0.6436781609195402,220,0.6403940886699507,^TWII,yfinance,2y,2026-10-05,scan_20261006_171949,False,False
True,0,-0.01666673024495441,-0.14166673024495444,True,False,觀察 (跌勢收斂),21.399999618530273,2026-10-05 00:00:00,21.622500038146974,-0.02499999999999858,False,False,1.7456067874915786,True,0.0004304792163448641,29.72781798983933,0.00045834170531489326,0.0004899409893418324,-0.6358237767364217,-1.7377290980688742,-7.6247276802695385,-0.6358237767364217,False,False,False,False,False,False,0.0,False,-0.16900819477437323,中性,8076.TWO,伍豐,1,v1,phase6a,2026-07-12,0,1,1,1,1,1,v1,406,0.33497536945812806,406,0.33497536945812806,406,0.33497536945812806,^TWII,yfinance,2y,2026-10-05,scan_20261006_171949,False,False
True,1,-0.033332983652750656,-0.04999955495198567,True,False,觀察 (跌勢收斂),12.550000190734863,2026-10-05 00:00:00,12.607500028610229,-0.012500000000001066,False,False,0.3189646533335242,False,0.000252453941286868,34.320632937277736,0.0002668340819007382,0.0002857957073497619,-0.5640810618361858,-1.6541288857766179,-6.42163274278611,-0.5640810618361858,False,False,False,False,False,False,0.0,False,-0.10357141494750977,中性,2904.TW,匯僑,1,v1,phase6a,2026-07-12,0,1,1,1,1,1,v1,320,0.47619047619047616,320,0.47619047619047616,320,0.47619047619047616,^TWII,yfinance,2y,2026-10-05,scan_20261006_171949,False,False
True,0,0.21666717529296875,0.05000050862630208,True,False,買入 (動能增強),39.95000076293945,2026-10-05 00:00:00,39.902499771118165,-0.0024999618530259227,False,True,0.27898658243428137,False,0.000803628286353587,46.89863577903188,0.0008433126199807801,0.000880913541652831,-0.4929024153037975,-1.5601800528683318,-4.75619895121554,-0.4929024153037975,False,False,False,False,False,False,0.0,False,-0.04196642609069923,中性,2945.TW,三商家購,2,v1,phase6a,2026-07-12,0,2,3,2,2,2,v1,137,0.7766830870279147,137,0.7766830870279147,141,0.7701149425287356,^TWII,yfinance,2y,2026-10-05,scan_20261006_171949,False,False
True,0,-0.2999998728434245,-0.3999999364217123,True,False,觀察 (跌勢收斂),24.049999237060547,2026-10-05 00:00:00,24.305000019073486,-0.02500000000000213,True,False,0.3379245744107852,False,0.00048378621538384107,30.357742569700203,0.0005135201671262893,0.0005513164136839772,-0.6058045704255277,-2.1529728485006894,-7.144304536324075,-0.6058045704255277,False,False,False,False,False,False,0.0,False,-0.128623228092149,中性,1410.TW,南染,1,v1,phase6a,2026-07-12,0,1,1,1,1,1,v1,269,0.5599343185550082,269,0.5599343185550082,270,0.5582922824302134,^TWII,yfinance,2y,2026-10-05,scan_20261006_171949,False,False
True,0,2.033334096272786,1.2166671752929688,True,False,買入 (動能增強),85.9000015258789,2026-10-05 00:00:00,83.00499992370605,0.22499999999999432,False,True,2.268883569029916,True,0.001727951682245058,66.95993640208172,0.0017627301255043755,0.001886480154645104,-0.20725245625496935,-0.7476189110844245,-4.597178541959723,-0.20725245625496935,False,False,False,False,False,False,0.027243439208283576,False,-0.15369456624749844,中性,6191.TW,精成科,2,v1,phase6a,2026-07-12,0,2,4,2,2,2,v1,202,0.6699507389162561,202,0.6699507389162561,205,0.6650246305418719,^TWII,yfinance,2y,2026-10-05,scan_20261006_171949,False,False
True,0,-4.083333333333333,-5.583333333333333,True,False,觀察 (跌勢收斂),269.5,2026-10-05 00:00:00,274.475,-0.14999999999997726,True,False,1.0353029985945343,False,0.005421222003409951,128.91229734599577,0.005746841962857477,0.0057569078517783,-0.5928920097932666,-1.5117073883686993,-1.9646676163787902,-0.5928920097932666,False,False,False,False,False,False,0.48211553336086865,False,-0.04262877442273538,中性,4967.TW,十銓,1,v1,phase6a,2026-07-12,0,1,1,1,1,1,v1,351,0.42528735632183906,351,0.42528735632183906,351,0.42528735632183906,^TWII,yfinance,2y,2026-10-05,scan_20261006_171949,False,False
True,0,-1.4166666666666667,-1.5083335240681963,True,False,觀察 (跌勢收斂),28.100000381469727,2026-10-05 00:00:00,29.6875,-0.19499998092651438,True,False,0.48253039254785024,False,0.0005652554373426779,41.495108329700955,0.0006355664740188586,0.0007480933035780793,-1.1510939810329912,-4.72926214338173,-17.742285251249157,-1.1510939810329912,False,False,False,False,False,False,0.038248876917412876,False,-0.36136362769386987,中性,8291.TWO,尚茂,1,v1,phase6a,2026-07-12,0,1,1,1,1,1,v1,408,0.33169129720853857,408,0.33169129720853857,408,0.33169129720853857,^TWII,yfinance,2y,2026-10-05,scan_20261006_171949,False,False
True,0,1.0,0.8333333333333334,True,False,買入 (動能增強),108.5,2026-10-05 00:00:00,107.975,0.07499999999998863,False,True,1.5632010884511283,True,0.0021825698974767336,46.77738921567126,0.002279649083282853,0.0023459633768890434,-0.44626423485917277,-1.1444344465404543,-3.2915757933962397,-0.44626423485917277,False,False,False,False,False,False,0.0,False,-0.013636363636363669,中性,6728.TWO,上洋,2,v1,phase6a,2026-07-12,0,2,4,2,2,2,v1,229,0.625615763546798,229,0.625615763546798,230,0.6239737274220033,^TWII,yfinance,2y,2026-10-05,scan_20261006_171949,False,False
True,0,0.4583334922790527,0.3916667302449544,True,False,買入 (動能增強),12.300000190734863,2026-10-05 00:00:00,12.040000104904175,0.01500000953674352,False,True,0.3456020866541081,False,0.00024742497838945614,27.467874538545793,0.0002570662656557449,0.0002692571353270993,-0.3932377048886049,-0.9189364999245164,-6.569651309838875,-0.3932377048886049,False,False,False,False,False,False,0.0,False,-0.12765958454160253,中性,3672.TWO,康聯訊,2,v1,phase6a,2026-07-12,0,2,4,2,2,2,v1,165,0.7307060755336617,165,0.7307060755336617,168,0.7257799671592775,^TWII,yfinance,2y,2026-10-05,scan_20261006_171949,False,False
True,0,0.4083334604899088,0.23333358764648438,True,False,買入 (動能增強),17.799999237060547,2026-10-05 00:00:00,17.192500019073485,0.02499999999999858,False,True,2.3601757090155018,True,0.0003580621429485454,27.79886925029704,0.00036310236074922663,0.0003797310704311547,-0.14590242731041814,-0.7660336213592855,-2.223614281302755,-0.14590242731041814,False,False,False,False,False,False,0.02676634886976891,False,-0.07049610487529279,中性,6158.TWO,禾昌,2,v1,phase6a,2026-07-12,0,2,4,2,2,2,v1,199,0.6748768472906403,199,0.6748768472906403,202,0.6699507389162561,^TWII,yfinance,2y,2026-10-05,scan_20261006_171949,False,False
True,1,-0.11666647593180338,-0.1499997774759928,True,False,觀察 (跌勢收斂),14.25,2026-10-05 00:00:00,14.332499933242797,-0.012500000000001066,True,False,0.5572228015570397,False,0.0002866508851524742,24.93375088457719,0.0003027890043807441,0.00032309659979567096,-0.5579040113760536,-1.7105363064560009,-6.344204139137921,-0.5579040113760536,False,False,False,False,False,False,0.0,False,-0.07766989152618076,中性,8450.TWO,霹靂,1,v1,phase6a,2026-07-12,0,1,1,1,1,1,v1,414,0.3218390804597701,414,0.3218390804597701,414,0.3218390804597701,^TWII,yfinance,2y,2026-10-05,scan_20261006_171949,False,False
True,1,0.033333460489908845,0.05000019073486328,True,False,觀望 (動能減弱),30.100000381469727,2026-10-05 00:00:00,30.032500076293946,-0.019999980926513672,True,True,1.1796918237161749,False,0.0006054871405219726,25.85854488755139,0.0006348648671110559,0.000679079392460677,-0.4847334562072425,-1.5796455486937533,-5.228047303819972,-0.4847334562072425,False,False,False,False,False,False,0.0,False,-0.075268783810026,中性,2926.TWO,誠品生活,0,v1,phase6a,2026-07-12,0,0,1,0,0,0,v1,497,0.18555008210180624,497,0.18555008210180624,497,0.18555008210180624,^TWII,yfinance,2y,2026-10-05,scan_20261006_171949,False,False
False,0,-0.14666668574015299,-0.07166671752929688,False,True,強烈賣出 (跌破),9.800000190734863,2026-10-05 00:00:00,10.077499961853027,-0.019999980926513672,False,False,2.334525164958819,True,0.0001971353494153379,27.12410427897617,0.00021407833863983723,0.00023404466871938093,-0.8262103148848676,-2.672752509239229,-9.928263059694654,-0.8262103148848676,False,False,False,False,False,False,0.0,False,-0.19008265439868477,中性,1781.TWO,合世,0,v1,phase6a,2026-07-12,0,0,0,0,0,0,v1,452,0.2594417077175698,452,0.2594417077175698,452,0.2594417077175698,^TWII,yfinance,2y,2026-10-05,scan_20261006_171949,False,False
True,0,-0.2666667302449544,-0.3666664759318034,True,False,觀察 (跌勢收斂),25.299999237060547,2026-10-05 00:00:00,25.38749990463257,-0.015000057220458274,True,False,1.6516842093700939,True,0.0005089310298709003,48.837585897662,0.0005365345697003233,0.0005906231021656765,-0.5386390821530807,-1.7628436617249887,-6.665342027492338,-0.5386390821530807,False,False,False,False,False,False,0.0,False,-0.29131656312666687,中性,6220.TWO,岳豐,1,v1,phase6a,2026-07-12,0,1,1,1,1,1,v1,366,0.4006568144499179,366,0.4006568144499179,366,0.4006568144499179,^TWII,yfinance,2y,2026-10-05,scan_20261006_171949,False,False
True,1,0.05000003178914386,0.041666666666666664,True,False,買入 (動能增強),14.050000190734863,2026-10-05 00:00:00,13.832499980926514,0.022499990463256125,False,True,0.7860120407183154,False,0.00028262771867133894,30.533764837670397,0.0002910548432977757,0.00030539427123658913,-0.303850088890667,-0.7627344414262494,-0.7836539053251435,-0.303850088890667,False,False,False,False,False,False,0.08554553280928734,False,-0.0876623026776574,中性,1309.TW,台達化,2,v1,phase6a,2026-07-12,0,2,4,2,2,2,v1,85,0.8620689655172413,85,0.8620689655172413,90,0.8538587848932676,^TWII,yfinance,2y,2026-10-05,scan_20261006_171949,False,False
False,0,-0.3166669209798177,-0.29166666666666663,False,True,強烈賣出 (跌破),28.049999237060547,2026-10-05 00:00:00,28.47249984741211,-0.035000038146971946,True,False,2.577449557631212,True,0.0005642496217424304,16.131984729071906,0.0005987636943291044,0.0006271821096882964,-0.6031009039359048,-1.9834543117160153,-4.3350867647714,-0.6031009039359048,False,False,False,False,False,False,0.0,False,-0.0327586469979122,中性,6294.TWO,智基,0,v1,phase6a,2026-07-12,0,0,0,0,0,0,v1,564,0.0755336617405583,564,0.0755336617405583,564,0.0755336617405583,^TWII,yfinance,2y,2026-10-05,scan_20261006_171949,False,False
True,0,-0.10000006357828775,-0.1916666030883789,True,False,觀察 (跌勢收斂),17.299999237060547,2026-10-05 00:00:00,17.445000076293944,-0.03000001907348704,True,False,0.7669499943277657,False,0.0003480042171537217,33.20518283971887,0.0003723233663358072,0.00039640396112106146,-0.6828553309271679,-2.334695566620826,-11.795488459456472,-0.6828553309271679,False,False,False,False,False,False,0.0,False,-0.1560975981921684,中性,1414.TW,東和,1,v1,phase6a,2026-07-12,0,1,1,1,1,1,v1,270,0.5582922824302134,270,0.5582922824302134,271,0.5566502463054187,^TWII,yfinance,2y,2026-10-05,scan_20261006_171949,False,False
True,0,0.29999987284342444,0.2583338419596354,True,False,買入 (動能增強),40.099998474121094,2026-10-05 00:00:00,40.11999988555908,-0.010000038146969814,False,False,0.4988079360342623,False,0.0008066456180505037,39.53896264152368,0.0008512600503976723,0.0009053877536524651,-0.548656047188667,-1.678047408721517,-6.63012669223535,-0.548656047188667,False,False,False,False,False,False,0.0,False,-0.06960557090973718,中性,6184.TW,大豐電,2,v1,phase6a,2026-07-12,0,2,2,2,2,2,v1,201,0.6715927750410509,201,0.6715927750410509,204,0.6666666666666666,^TWII,yfinance,2y,2026-10-05,scan_20261006_171949,False,False
True,0,0.04500015576680501,0.06666676203409831,True,False,觀望 (動能減弱),7.53000020980835,2026-10-05 00:00:00,7.612000060081482,-0.0024999856948850763,False,False,0.9188333499617546,False,0.0001514723666905179,24.82895654335727,0.0001611868804801878,0.00017133177426572837,-0.630407371660513,-1.845608972500845,-5.644450999234573,-0.630407371660513,False,False,False,False,False,False,0.0,False,-0.11097993241860915,中性,4426.TW,利勤,0,v1,phase6a,2026-07-12,0,0,0,0,0,0,v1,525,0.13957307060755336,525,0.13957307060755336,525,0.13957307060755336,^TWII,yfinance,2y,2026-10-05,scan_20261006_171949,False,False
True,2,-0.009999752044677734,-0.013333161671956379,True,False,觀察 (跌勢收斂),8.300000190734863,2026-10-05 00:00:00,8.35450005531311,-0.005999994277953391,True,False,0.790853086246018,False,0.0001669615720308669,9.06807480195241,0.0001767277523079882,0.00018940389529093323,-0.5783322640442123,-1.711524699894329,-6.056904970203824,-0.5783322640442123,False,False,False,False,False,False,0.0,False,-0.06950671303319966,中性,5364.TWO,力麗店,1,v1,phase6a,2026-07-12,0,1,1,1,1,1,v1,357,0.4154351395730706,357,0.4154351395730706,357,0.4154351395730706,^TWII,yfinance,2y,2026-10-05,scan_20261006_171949,False,False
True,0,1.4500007629394531,1.316668192545573,True,False,買入 (動能增強),91.69999694824219,2026-10-05 00:00:00,91.2400001525879,0.034999847412109375,False,True,0.6628483837892142,False,0.0018446235293819516,25.83710877327788,0.0019357702056539043,0.0020696971672842274,-0.49319222794246276,-1.4420587735045731,-5.846123222624922,-0.49319222794246276,False,False,False,False,False,False,0.0,False,-0.13896716480523763,中性,6569.TWO,醫揚,2,v1,phase6a,2026-07-12,0,2,4,2,2,2,v1,220,0.6403940886699507,220,0.6403940886699507,222,0.6371100164203612,^TWII,yfinance,2y,2026-10-05,scan_20261006_171949,False,False
True,0,-0.4166660308837891,-0.3833325703938802,True,False,賣出 (動能轉弱),51.599998474121094,2026-10-05 00:00:00,52.02499961853027,-0.010000038146969814,True,False,1.1956544049285147,False,0.0010379779113314478,49.86374031389317,0.0010969159242080924,0.001145009749229199,-0.5624049762555927,-1.841973304735245,-4.890571052385617,-0.5624049762555927,False,False,False,False,False,False,0.0,False,-0.07043418102956267,中性,1210.TW,大成,0,v1,phase6a,2026-07-12,0,0,0,0,0,0,v1,430,0.2955665024630542,430,0.2955665024630542,430,0.2955665024630542,^TWII,yfinance,2y,2026-10-05,scan_20261006_171949,False,False
True,1,-0.07499980926513672,-0.10833326975504556,True,False,觀察 (跌勢收斂),17.649999618530273,2026-10-05 00:00:00,17.580000019073488,0.00500001907348846,False,True,2.0573042641801087,True,0.0003550447728836867,34.734850625863054,0.00037040060643061314,0.0003844589007542712,-0.434497210603646,-1.5366806262804067,-4.078091044204291,-0.434497210603646,False,False,False,False,False,False,0.0,False,-0.03551910631853561,中性,4440.TW,宜新實業,1,v1,phase6a,2026-07-12,0,1,3,1,1,1,v1,345,0.4351395730706076,345,0.4351395730706076,345,0.4351395730706076,^TWII,yfinance,2y,2026-10-05,scan_20261006_171949,False,False
True,1,0.20833333333333331,0.10833342870076497,True,False,買入 (動能增強),11.149999618530273,2026-10-05 00:00:00,10.6375,0.022499990463256125,False,True,3.3395476322199342,True,0.00022429173755097914,60.47502025862378,0.0002257482474938437,0.0002311181527052294,-0.0678688687020812,-0.8274205121024614,-4.482096133239333,-0.0678688687020812,False,False,False,False,False,False,0.1759695155322478,False,-0.25167785879244864,中性,1718.TW,中纖,3,v1,phase6a,2026-07-12,0,3,5,3,3,3,v1,35,0.9441707717569786,35,0.9441707717569786,46,0.9261083743842364,^TWII,yfinance,2y,2026-10-05,scan_20261006_171949,True,False
True,0,1.2833340962727864,0.5166676839192709,True,False,買入 (動能增強),46.70000076293945,2026-10-05 00:00:00,44.79249992370605,0.05500011444091513,False,True,1.4200726511189767,False,0.0009394102845837064,83.79000804239482,0.0009576529797878942,0.0010450503092048183,-0.2001185087955215,-1.1823104294012676,-8.495073795810804,-0.2001185087955215,False,False,False,False,False,False,0.05517573878879958,False,-0.17198582447712607,中性,3093.TWO,港建*,2,v1,phase6a,2026-07-12,0,2,4,2,2,2,v1,142,0.7684729064039408,142,0.7684729064039408,145,0.7635467980295566,^TWII,yfinance,2y,2026-10-05,scan_20261006_171949,False,False
True,1,0.02499993642171224,0.024999618530273434,True,False,買入 (動能增強),18.850000381469727,2026-10-05 00:00:00,18.942500114440918,-0.007499980926514382,False,False,0.8808545317464123,False,0.0003791838101384403,31.533071254472617,0.0003994458022820873,0.0004160753264908086,-0.5311142194637131,-1.498346866666589,-3.9903044493002415,-0.5311142194637131,False,False,False,False,False,False,0.0,False,-0.0182291858105188,中性,8403.TWO,盛弘,4,v1,phase6a,2026-07-12,0,4,4,4,4,4,v1,27,0.9573070607553367,27,0.9573070607553367,33,0.9474548440065681,^TWII,yfinance,2y,2026-10-05,scan_20261006_171949,False,True
True,0,-0.9166666666666666,-1.0833333333333333,True,False,觀察 (跌勢收斂),72.5999984741211,2026-10-05 00:00:00,72.96000061035156,-0.02999992370605753,True,False,1.004469283208299,False,0.0014604107947140414,89.72866591419552,0.0015385199606668554,0.0015939472009807644,-0.5315700734150886,-2.2060379308376454,-5.89766688452854,-0.5315700734150886,False,False,False,False,False,False,0.0,False,-0.1438679733323881,中性,2423.TW,固緯,1,v1,phase6a,2026-07-12,0,1,1,1,1,1,v1,305,0.5008210180623974,305,0.5008210180623974,305,0.5008210180623974,^TWII,yfinance,2y,2026-10-05,scan_20261006_171949,False,False
True,1,-0.2666676839192708,-0.08333460489908853,True,False,賣出 (動能轉弱),68.5,2026-10-05 00:00:00,69.53000030517578,-0.07500000000000284,True,False,1.1128268062411701,False,0.001377935833890841,74.78482776655046,0.0014695523298925372,0.001500157748774533,-0.6519650246328168,-1.8926002615646254,-5.860965443237742,-0.6519650246328168,False,False,False,False,False,False,0.0,False,-0.08666666666666667,中性,5511.TWO,德昌,0,v1,phase6a,2026-07-12,0,0,0,0,0,0,v1,544,0.10837438423645321,544,0.10837438423645321,544,0.10837438423645321,^TWII,yfinance,2y,2026-10-05,scan_20261006_171949,False,False
True,0,-1.1333338419596353,-0.39166641235351557,True,False,賣出 (動能轉弱),47.29999923706055,2026-10-05 00:00:00,50.177499771118164,-0.15500011444091655,False,False,3.214405952403107,True,0.0009514797648431412,31.133085508196046,0.001051442763377225,0.001066226749502231,-0.990844243684208,-2.234665483945286,-3.3243583860027237,-0.990844243684208,False,False,False,False,False,False,0.0,False,-0.08863202608047438,中性,4995.TWO,晶達,0,v1,phase6a,2026-07-12,0,0,0,0,0,0,v1,541,0.11330049261083744,541,0.11330049261083744,541,0.11330049261083744,^TWII,yfinance,2y,2026-10-05,scan_20261006_171949,False,False
True,2,-0.45833206176757807,-0.5416653951009115,True,False,觀察 (跌勢收斂),40.75,2026-10-05 00:00:00,41.61999988555908,-0.0975000381469755,True,False,1.4701541803245814,False,0.000819720952278128,33.10753361770127,0.0008806741427743594,0.0009103081776608672,-0.7232776129095786,-1.693756692622872,-7.371002590696307,-0.7232776129095786,False,False,False,False,False,False,0.0,False,-0.26444045347246925,中性,3230.TWO,錦明,2,v1,phase6a,2026-07-12,0,2,2,2,2,2,v1,148,0.7586206896551724,148,0.7586206896551724,151,0.7536945812807881,^TWII,yfinance,2y,2026-10-05,scan_20261006_171949,True,False
False,0,1.9166666666666665,-2.0833333333333335,False,True,強烈買入 (爆發),189.5,2026-10-05 00:00:00,186.425,0.05000000000001137,False,True,1.0017529560258618,False,0.003811953876238166,90.96063522712728,0.003909851114149589,0.0038775344429654067,-0.26287148226201706,-0.7408254596887875,-1.8641811251540963,-0.26287148226201706,False,False,True,False,False,False,0.48673945444238753,False,-0.04292929292929293,中性,3231.TW,緯創,3,v1,phase6a,2026-07-12,0,3,5,3,3,3,v1,48,0.922824302134647,48,0.922824302134647,56,0.909688013136289,^TWII,yfinance,2y,2026-10-05,scan_20261006_171949,False,False
True,0,-0.5999997456868489,-1.4333330790201821,True,False,觀察 (跌勢收斂),99.5,2026-10-05 00:00:00,100.82000007629395,-0.17499999999999716,True,False,0.8925822282207171,False,0.0020015272331699078,57.54470065403907,0.0021437576982629497,0.0023159556036664052,-0.6935389130563574,-2.290705857278086,-10.376191423965464,-0.6935389130563574,False,False,False,False,False,False,0.0,False,-0.30662330567056606,中性,7402.TWO,邑錡,1,v1,phase6a,2026-07-12,0,1,1,1,1,1,v1,394,0.35467980295566504,394,0.35467980295566504,394,0.35467980295566504,^TWII,yfinance,2y,2026-10-05,scan_20261006_171949,False,False
True,0,-1.8333333333333333,-1.5833333333333335,True,False,賣出 (動能轉弱),116.5,2026-10-05 00:00:00,118.7,-0.125,True,False,0.8615896012998779,False,0.002343496710193912,50.00485022844611,0.002508100738258417,0.0026478738486250953,-0.6860913626238974,-2.4229625616664197,-7.362728763206161,-0.6860913626238974,False,False,False,False,False,False,0.0,False,-0.10384615384615381,中性,4953.TWO,緯致,0,v1,phase6a,2026-07-12,0,0,0,0,0,0,v1,538,0.11822660098522167,538,0.11822660098522167,538,0.11822660098522167,^TWII,yfinance,2y,2026-10-05,scan_20261006_171949,False,False
True,0,-2.38333257039388,-2.2999979654947915,True,False,賣出 (動能轉弱),97.69999694824219,2026-10-05 00:00:00,99.53500022888184,-0.10500030517577841,False,False,0.3702631793448308,False,0.001965318638919835,68.50683096495311,0.0020677776465355064,0.002005288675493771,-0.5188757669116084,-2.2274170214610978,1.908334062126582,-0.5188757669116084,False,False,True,False,False,False,0.3512899208481752,False,-0.046829298065929836,中性,2637.TW,慧洋-KY,0,v1,phase6a,2026-07-12,0,0,0,0,0,0,v1,484,0.20689655172413793,484,0.20689655172413793,484,0.20689655172413793,^TWII,yfinance,2y,2026-10-05,scan_20261006_171949,False,False
True,2,0.050000031789143876,0.050000031789143876,True,False,觀望 (動能減弱),15.75,2026-10-05 00:00:00,15.739999914169312,0.005000019073486683,False,True,1.8309530943107293,True,0.0003168246625369452,27.453171276859397,0.0003321959817480447,0.0003446985038134277,-0.48471110461785205,-1.2458141178515958,-3.7289702643620415,-0.48471110461785205,False,False,False,False,False,False,0.0,False,-0.00943393849868146,中性,4502.TWO,健信,0,v1,phase6a,2026-07-12,0,0,2,0,0,0,v1,527,0.13628899835796388,527,0.13628899835796388,527,0.13628899835796388,^TWII,yfinance,2y,2026-10-05,scan_20261006_171949,False,False
True,1,0.1833343505859375,0.05000114440917969,True,False,買入 (動能增強),47.0,2026-10-05 00:00:00,46.725,-0.0024999618530259227,True,True,1.0471644966795741,False,0.0009454450247134237,57.46726584786913,0.0009906168216415347,0.0010601430028600316,-0.47770353174433344,-1.5239281895887413,-6.2220220097872865,-0.47770353174433344,False,False,False,False,False,False,0.0,False,-0.0978886492032115,中性,3205.TWO,佰研,2,v1,phase6a,2026-07-12,0,2,3,2,2,2,v1,145,0.7635467980295566,145,0.7635467980295566,148,0.7586206896551724,^TWII,yfinance,2y,2026-10-05,scan_20261006_171949,False,False
True,0,-0.4500007629394531,-0.5750001271565754,True,False,觀察 (跌勢收斂),35.849998474121094,2026-10-05 00:00:00,36.017499923706055,-0.02499999999999858,True,False,0.9200596050420411,False,0.0007211532487945026,55.75014878244412,0.0007581578995499767,0.0007631589415807009,-0.5111489294767124,-1.4842699709794238,-4.307781036799163,-0.5111489294767124,False,False,False,False,False,False,0.2964870461632591,False,-0.06151838329538106,中性,1608.TW,華榮,1,v1,phase6a,2026-07-12,0,1,1,1,1,1,v1,287,0.5303776683087028,287,0.5303776683087028,288,0.5287356321839081,^TWII,yfinance,2y,2026-10-05,scan_20261006_171949,False,False
True,0,0.9333343505859374,1.100001017252604,True,False,觀望 (動能減弱),89.80000305175781,2026-10-05 00:00:00,91.25499954223633,0.070000076293951,False,False,0.7878531670170775,False,0.001806403534139036,19.500652372495544,0.0019471907610536527,0.0021472467592330603,-0.7553327736674276,-1.9582552445001067,-9.11006928293322,-0.7553327736674276,False,False,False,False,False,False,0.0,False,-0.2258620426572603,中性,9958.TW,世紀鋼,0,v1,phase6a,2026-07-12,0,0,1,0,0,0,v1,610,0.0,610,0.0,610,0.0,^TWII,yfinance,2y,2026-10-05,scan_20261006_171949,False,False
True,0,0.01666704813639322,-0.14166609446207684,True,False,買入 (動能增強),23.299999237060547,2026-10-05 00:00:00,22.940000152587892,0.009999942779543858,False,True,0.7567117630843572,False,0.0004686993266916056,27.4856138538048,0.00048388838907933827,0.0005132587716901897,-0.32932867191258763,-1.4209850701321192,-4.224883953903181,-0.32932867191258763,False,False,False,False,False,False,0.0,False,-0.008510670763380968,中性,6671.TW,三能-KY,2,v1,phase6a,2026-07-12,0,2,4,2,2,2,v1,227,0.6288998357963875,227,0.6288998357963875,229,0.625615763546798,^TWII,yfinance,2y,2026-10-05,scan_20261006_171949,False,False
True,0,-0.258334477742513,-0.23333358764648435,True,False,賣出 (動能轉弱),38.599998474121094,2026-10-05 00:00:00,38.89000015258789,-0.005000114440917969,False,False,1.034441171173489,False,0.0007764718406660327,31.390427649731066,0.0008187260611293653,0.0008458027489247747,-0.5403248113021286,-1.4093203961569545,-3.497263225463143,-0.5403248113021286,False,False,False,False,False,False,0.0,False,-0.02030464519734476,中性,2748.TW,雲品,0,v1,phase6a,2026-07-12,0,0,0,0,0,0,v1,489,0.1986863711001642,489,0.1986863711001642,489,0.1986863711001642,^TWII,yfinance,2y,2026-10-05,scan_20261006_171949,False,False
True,0,-0.5833333333333333,-0.4333330790201823,True,False,賣出 (動能轉弱),54.29999923706055,2026-10-05 00:00:00,55.52999973297119,-0.04999999999999716,False,False,1.2023203623896193,False,0.0010922907259706724,39.1704651113889,0.0011738901716932667,0.001263462188431834,-0.7263901578864695,-2.2587494471480896,-6.873766766941747,-0.7263901578864695,False,False,False,False,False,False,0.0,False,-0.14622640660667197,中性,7791.TW,皇家可口,0,v1,phase6a,2026-07-12,0,0,0,0,0,0,v1,585,0.041050903119868636,585,0.041050903119868636,585,0.041050903119868636,^TWII,yfinance,2y,2026-10-05,scan_20261006_171949,False,False
True,0,1.333333333333333,-3.2499999999999996,True,False,買入 (動能增強),175.0,2026-10-05 00:00:00,172.3,0.125,False,True,1.3816096385212275,False,0.00352027402818828,77.75594120711742,0.0035821936923458335,0.0036034848480918243,-0.1816211554216962,-0.6335561030762271,3.0379578792620654,-0.1816211554216962,False,False,False,False,False,False,0.6528009743759408,False,-0.05405405405405406,中性,4977.TW,眾達-KY,2,v1,phase6a,2026-07-12,0,2,4,2,2,2,v1,183,0.7011494252873564,183,0.7011494252873564,186,0.6962233169129721,^TWII,yfinance,2y,2026-10-05,scan_20261006_171949,False,False
True,0,-0.3833325703938802,-0.34999974568684905,True,False,賣出 (動能轉弱),78.0,2026-10-05 00:00:00,80.89999923706054,-0.25499992370606606,False,False,3.8663773820683627,True,0.0015690364239924904,48.47571026513041,0.0016904065873167516,0.0017189231529660246,-0.7501138287273279,-1.409625157159633,-0.133548307219733,-0.7501138287273279,False,False,False,False,False,False,0.0,False,-0.07363417070018818,中性,6486.TWO,互動,1,v1,phase6a,2026-07-12,0,1,1,1,1,1,v1,370,0.39408866995073893,370,0.39408866995073893,370,0.39408866995073893,^TWII,yfinance,2y,2026-10-05,scan_20261006_171949,True,False
True,0,0.0733334223429362,0.023333311080932617,True,False,買入 (動能增強),8.220000267028809,2026-10-05 00:00:00,8.104999947547913,0.0005000114440925074,False,True,2.2570776277654683,True,0.0001653523054384128,36.09539291801857,0.0001727335779227232,0.0001824107879614801,-0.4477975737993467,-1.4707686009076792,-8.360445543518358,-0.4477975737993467,False,False,False,False,False,False,0.012644991615404161,False,-0.21714283171154203,中性,1467.TW,南緯,3,v1,phase6a,2026-07-12,0,3,5,3,3,3,v1,32,0.9490968801313628,32,0.9490968801313628,44,0.9293924466338259,^TWII,yfinance,2y,2026-10-05,scan_20261006_171949,True,False
True,0,-0.1916650136311849,-0.3749980926513672,True,False,觀察 (跌勢收斂),44.0,2026-10-05 00:00:00,44.2100004196167,-0.0350000381469755,True,False,1.0064568598140688,False,0.0008850974699444818,40.61551893716439,0.0009341820615523528,0.000986483090298109,-0.5500404943205361,-1.733591073012386,-6.017586789210327,-0.5500404943205361,False,False,False,False,False,False,0.0,False,-0.06779662523760033,中性,5706.TW,鳳凰,1,v1,phase6a,2026-07-12,0,1,1,1,1,1,v1,363,0.40558292282430214,363,0.40558292282430214,363,0.40558292282430214,^TWII,yfinance,2y,2026-10-05,scan_20261006_171949,False,False
True,0,0.4666652679443359,0.38333193461100257,True,False,買入 (動能增強),60.900001525878906,2026-10-05 00:00:00,61.305000114440915,0.010000038146969814,False,False,1.5095605501509561,True,0.001225055392503875,31.390689567687406,0.0012940419828508963,0.0013700089076156086,-0.5580362362263114,-1.3977803269716427,-4.07927122421039,-0.5580362362263114,False,False,False,False,False,False,0.0,False,-0.1109488828338846,中性,6556.TWO,勝品,2,v1,phase6a,2026-07-12,0,2,3,2,2,2,v1,219,0.6420361247947455,219,0.6420361247947455,221,0.638752052545156,^TWII,yfinance,2y,2026-10-05,scan_20261006_171949,False,False
True,1,0.41666666666666663,0.5416666666666666,True,False,觀望 (動能減弱),41.099998474121094,2026-10-05 00:00:00,41.16499996185303,0.014999961853028765,False,False,1.1704643049093795,False,0.000826761469640151,48.59206892947172,0.0008718432902771748,0.0009227867039319766,-0.5413547493652082,-1.5858711322087826,-5.2669040170890575,-0.5413547493652082,False,False,False,False,False,False,0.0,False,-0.06271388075613649,中性,6763.TWO,綠界科技*,0,v1,phase6a,2026-07-12,0,0,1,0,0,0,v1,573,0.060755336617405585,573,0.060755336617405585,573,0.060755336617405585,^TWII,yfinance,2y,2026-10-05,scan_20261006_171949,False,False
True,0,-0.26667022705078125,-0.3333358764648437,True,False,觀察 (跌勢收斂),72.19999694824219,2026-10-05 00:00:00,72.76500015258789,0.044999694824213066,False,False,1.112359466332828,False,0.001452364423383829,52.59044728811643,0.0015335426905586336,0.0015945947965885546,-0.5541241500127025,-1.4272255654080634,-3.584719984238327,-0.5541241500127025,False,False,False,False,False,False,0.0,False,-0.05000004015470805,中性,3546.TWO,宇峻,1,v1,phase6a,2026-07-12,0,1,2,1,1,1,v1,336,0.44991789819376027,336,0.44991789819376027,336,0.44991789819376027,^TWII,yfinance,2y,2026-10-05,scan_20261006_171949,False,False
True,0,-0.08333365122477213,-0.1333335240681966,True,False,觀察 (跌勢收斂),10.899999618530273,2026-10-05 00:00:00,10.952499961853027,-0.010000038146973367,False,False,1.8304216565795308,True,0.00021926277465356733,29.2574837679089,0.00023077338067403034,0.0002408305571797661,-0.5222935175599241,-1.7087012954866476,-4.823469115483093,-0.5222935175599241,False,False,False,False,False,False,0.0,False,-0.04042738948480351,中性,1453.TW,大將,1,v1,phase6a,2026-07-12,0,1,1,1,1,1,v1,276,0.548440065681445,276,0.548440065681445,277,0.5467980295566502,^TWII,yfinance,2y,2026-10-05,scan_20261006_171949,False,False
True,0,12.25,8.333333333333332,True,False,買入 (動能增強),281.5,2026-10-05 00:00:00,271.425,1.8000000000000114,False,True,0.8603701624295604,False,0.005662612222485719,170.66547734073504,0.005667302898053155,0.005635769073502315,-0.00871159205392269,0.6093990151993633,8.602515654744124,-0.00871159205392269,False,True,True,False,False,False,0.5916575032535898,False,-0.032999464407751256,中性,6290.TWO,良維,2,v1,phase6a,2026-07-12,0,2,4,2,2,2,v1,214,0.6502463054187192,214,0.6502463054187192,216,0.6469622331691297,^TWII,yfinance,2y,2026-10-05,scan_20261006_171949,False,False
True,0,0.11666679382324219,-0.008333206176757812,True,False,買入 (動能增強),24.100000381469727,2026-10-05 00:00:00,24.090000057220458,-0.009999942779543858,False,True,0.4191252855291007,False,0.00048479203098408867,55.14835883010227,0.0005079224356035403,0.0005148563859721778,-0.4770735794240144,-1.2719444111991995,-3.10825091917164,-0.4770735794240144,False,False,False,False,False,False,0.11880058321579817,False,-0.03018108605580805,中性,1470.TW,大統新創,2,v1,phase6a,2026-07-12,0,2,3,2,2,2,v1,95,0.8456486042692939,95,0.8456486042692939,100,0.8374384236453202,^TWII,yfinance,2y,2026-10-05,scan_20261006_171949,False,False
True,1,-0.016666889190673825,-0.08333349227905273,True,False,觀察 (跌勢收斂),15.649999618530273,2026-10-05 00:00:00,15.594999933242798,0.002499961853027699,False,True,1.5633697724823232,True,0.00031481306970439205,25.115982604616164,0.00032950794578853905,0.00034590280482028093,-0.46724263747286443,-1.6097292646581995,-5.20116797231176,-0.46724263747286443,False,False,False,False,False,False,0.0,False,-0.07669622925631858,中性,1539.TW,巨庭,1,v1,phase6a,2026-07-12,0,1,3,1,1,1,v1,285,0.5336617405582923,285,0.5336617405582923,286,0.5320197044334976,^TWII,yfinance,2y,2026-10-05,scan_20261006_171949,False,False
True,1,0.150000254313151,0.12500031789143878,True,False,買入 (動能增強),14.449999809265137,2026-10-05 00:00:00,14.630000019073487,-0.007500028610229137,False,False,2.3413518665698816,True,0.0002906740516336095,37.21589097891157,0.0003094290169163458,0.00032087414764629706,-0.6339712376290829,-1.6335666996754261,-5.319566212326787,-0.6339712376290829,False,False,False,False,False,False,0.0,False,-0.21557145174999592,中性,5450.TWO,南良,2,v1,phase6a,2026-07-12,0,2,2,2,2,2,v1,188,0.6929392446633826,188,0.6929392446633826,191,0.6880131362889984,^TWII,yfinance,2y,2026-10-05,scan_20261006_171949,False,False
True,1,-0.3333346048990885,-0.7000020345052083,True,False,觀察 (跌勢收斂),66.5,2026-10-05 00:00:00,66.93499984741212,-0.07000007629393679,True,False,1.0270665739003528,False,0.0013377041307115463,73.71040544841854,0.0014133524630931967,0.0014937075755032266,-0.5602544024593259,-1.6845539963120548,-5.837516060880709,-0.5602544024593259,False,False,False,False,False,False,0.0,False,-0.09314241261718093,中性,2374.TW,佳能,1,v1,phase6a,2026-07-12,0,1,1,1,1,1,v1,302,0.5057471264367817,302,0.5057471264367817,302,0.5057471264367817,^TWII,yfinance,2y,2026-10-05,scan_20261006_171949,False,False
True,1,0.08333206176757812,0.04166539510091146,True,False,買入 (動能增強),50.400001525878906,2026-10-05 00:00:00,50.0125,0.04250011444091939,False,True,1.3114770324491587,False,0.0010138389508125782,19.160826941485364,0.0010585600747434092,0.0011013308142739811,-0.4427377360257112,-1.319020847003971,-5.387247259248684,-0.4427377360257112,False,False,False,False,False,False,0.0,False,-0.052631563851613716,中性,4557.TW,永新-KY,2,v1,phase6a,2026-07-12,0,2,4,2,2,2,v1,178,0.7093596059113301,178,0.7093596059113301,181,0.7044334975369458,^TWII,yfinance,2y,2026-10-05,scan_20261006_171949,False,False
True,2,-0.03333346048990885,-0.008333524068196613,True,False,賣出 (動能轉弱),30.200000762939453,2026-10-05 00:00:00,30.340000343322753,-0.007499980926514382,False,False,2.495864410714804,True,0.0006074987333545257,45.305407287436424,0.0006399168887119377,0.0006646472430397517,-0.5304339888615006,-1.517945151691369,-4.158355111702661,-0.5304339888615006,False,False,False,False,False,False,0.0,False,-0.006578909805936672,中性,5523.TWO,豐謙,0,v1,phase6a,2026-07-12,0,0,0,0,0,0,v1,546,0.10509031198686371,546,0.10509031198686371,546,0.10509031198686371,^TWII,yfinance,2y,2026-10-05,scan_20261006_171949,False,False
True,0,1.1666666666666667,-1.9166666666666667,True,False,買入 (動能增強),133.0,2026-10-05 00:00:00,118.225,0.14999999999999147,False,True,1.756713149933493,True,0.0026754082614230926,65.50315389921097,0.002512064369746809,0.002431105524790136,0.6891778713646435,-0.5602550559774988,-4.816959347114813,0.6891778713646435,True,True,True,False,False,True,0.706512641288855,False,-0.032727272727272716,偏強 (RS上升),6716.TWO,應廣,2,v1,phase6a,2026-07-12,1,3,4,3,2,3,v1,228,0.6272577996715928,228,0.6272577996715928,85,0.8620689655172413,^TWII,yfinance,2y,2026-10-05,scan_20261006_171949,False,False
True,1,0.6666666666666666,0.8333333333333333,True,False,觀望 (動能減弱),124.0,2026-10-05 00:00:00,125.95,0.10000000000000853,False,False,1.896534062951781,True,0.002494365597116267,37.16527268494344,0.002663369680322149,0.0027668028275041998,-0.6635152790877896,-1.5490063682815913,-5.534501792267033,-0.6635152790877896,False,False,False,False,False,False,0.0,False,-0.1448275862068965,中性,1736.TW,喬山,3,v1,phase6a,2026-07-12,0,3,4,3,3,3,v1,36,0.9425287356321839,36,0.9425287356321839,47,0.9244663382594417,^TWII,yfinance,2y,2026-10-05,scan_20261006_171949,True,True
True,0,0.12499999999999999,0.08333333333333333,True,False,買入 (動能增強),30.049999237060547,2026-10-05 00:00:00,30.809999847412108,-0.052500057220459695,True,False,1.916339853881199,True,0.000604481324921725,46.83711343286518,0.0006563045823551087,0.0007556546644161402,-0.8243294419975955,-2.491641480035478,-10.244199456736814,-0.8243294419975955,False,False,False,False,False,False,0.0,False,-0.3867347094477439,中性,2429.TW,銘旺科,2,v1,phase6a,2026-07-12,0,2,2,2,2,2,v1,123,0.7996715927750411,123,0.7996715927750411,127,0.7931034482758621,^TWII,yfinance,2y,2026-10-05,scan_20261006_171949,False,False
True,0,1.9999999999999998,1.5,True,False,買入 (動能增強),207.0,2026-10-05 00:00:00,207.05,0.025000000000005684,False,False,0.6801902262340506,False,0.004163981279056994,45.49249786436772,0.004360895819998169,0.004435129965416786,-0.47306313807248257,-1.443970855487886,-2.6992412970842983,-0.47306313807248257,False,False,False,False,False,False,0.19025085471836523,False,-0.030444964871194413,中性,2474.TW,可成,4,v1,phase6a,2026-07-12,0,4,5,4,4,4,v1,10,0.9852216748768473,10,0.9852216748768473,18,0.9720853858784894,^TWII,yfinance,2y,2026-10-05,scan_20261006_171949,False,True
True,1,0.141666571299235,0.07499980926513672,True,False,買入 (動能增強),12.600000381469727,2026-10-05 00:00:00,12.400000047683715,0.007500028610229137,False,True,0.7433944123300897,False,0.00025345973770314454,37.64683687516593,0.00026179902052932087,0.0002728016623681814,-0.33418220107084284,-0.7481817350094899,-2.692879041496976,-0.33418220107084284,False,False,False,False,False,False,0.0,False,-0.08977273353578885,中性,1304.TW,台聚,2,v1,phase6a,2026-07-12,0,2,4,2,2,2,v1,83,0.8653530377668309,83,0.8653530377668309,88,0.8571428571428571,^TWII,yfinance,2y,2026-10-05,scan_20261006_171949,False,False
False,0,-0.5166664123535156,-0.5999994277954102,False,True,強烈賣出 (跌破),22.899999618530273,2026-10-05 00:00:00,23.347500038146972,-0.03750000000000142,True,False,1.042766644679618,False,0.0004606529937293351,28.691364231390185,0.000493042580335497,0.0005353926277391856,-0.6867592631167874,-2.517557918415725,-8.13084647019956,-0.6867592631167874,False,False,False,False,False,False,0.0,False,-0.12595423848525655,中性,9955.TW,佳龍,0,v1,phase6a,2026-07-12,0,0,0,0,0,0,v1,609,0.0016420361247947454,609,0.0016420361247947454,609,0.0016420361247947454,^TWII,yfinance,2y,2026-10-05,scan_20261006_171949,False,False
False,0,2.116666793823242,-0.1833324432373047,False,True,強烈買入 (爆發),70.19999694824219,2026-10-05 00:00:00,61.204999923706055,0.4849998474121122,False,True,5.621433940737037,True,0.0014121327202045342,139.084727296308,0.001313109085288049,0.0014646962444766552,0.8001578400381515,-0.11816286785438779,-7.904235933093884,0.8001578400381515,True,False,False,False,False,True,0.22265012386459498,False,-0.23529417631214367,中性,4989.TW,榮科,3,v1,phase6a,2026-07-12,0,3,5,3,3,3,v1,57,0.9080459770114943,57,0.9080459770114943,62,0.8998357963875205,^TWII,yfinance,2y,2026-10-05,scan_20261006_171949,False,False
True,1,0.6999994913736979,0.6916662851969401,True,False,買入 (動能增強),37.54999923706055,2026-10-05 00:00:00,38.06750011444092,0.01999988555908061,False,False,3.6694235625274603,True,0.0007553502118440798,20.9771661810747,0.0008021798116166773,0.0008171568623063817,-0.6107514684925541,-1.310512763817251,-1.7178720440512052,-0.6107514684925541,False,False,False,False,False,False,0.23933761007339377,False,-0.048162268419113086,中性,6887.TW,寶綠特-KY,2,v1,phase6a,2026-07-12,0,2,3,2,2,2,v1,236,0.6141215106732348,236,0.6141215106732348,237,0.6124794745484401,^TWII,yfinance,2y,2026-10-05,scan_20261006_171949,False,False
False,0,0.35000101725260413,-0.199999491373698,False,True,強烈買入 (爆發),38.400001525878906,2026-10-05 00:00:00,37.507500076293944,0.04000015258788636,False,True,1.3337837151007703,False,0.0007724487317368105,53.07508122256364,0.0007929055571743608,0.0008043395565971101,-0.2708415724296698,-0.49282730084198034,-4.060767976448965,-0.2708415724296698,False,False,False,False,False,False,0.3460161387612177,False,-0.039999961853027344,中性,1605.TW,華新,3,v1,phase6a,2026-07-12,0,3,5,3,3,3,v1,33,0.9474548440065681,33,0.9474548440065681,45,0.9277504105090312,^TWII,yfinance,2y,2026-10-05,scan_20261006_171949,False,False
True,0,-350.0,-341.66666666666663,True,False,賣出 (動能轉弱),5520.0,2026-10-05 00:00:00,5463.75,23.75,False,True,0.8569899681638764,False,0.11103950077485317,341.50399035600276,0.11431717983614874,0.12154429344771552,-0.30090025528478614,-3.343739662123657,-5.2391567855397785,-0.30090025528478614,False,False,False,False,False,False,0.13468191782926334,False,-0.22033898305084743,中性,6223.TWO,旺矽,0,v1,phase6a,2026-07-12,0,0,2,0,0,0,v1,560,0.08210180623973727,560,0.08210180623973727,560,0.08210180623973727,^TWII,yfinance,2y,2026-10-05,scan_20261006_171949,False,False
True,0,0.20833365122477213,0.08333396911621094,True,False,買入 (動能增強),23.399999618530273,2026-10-05 00:00:00,23.73750009536743,-0.040000057220460405,False,False,1.7452588884422846,True,0.00047071091952415874,25.516626836315265,0.0005024855594053078,0.0005487711950483237,-0.6612295092494169,-1.37031103294738,-5.94273870553752,-0.6612295092494169,False,False,False,False,False,False,0.0,False,-0.12030077883640411,中性,1587.TW,吉茂,2,v1,phase6a,2026-07-12,0,2,2,2,2,2,v1,99,0.8390804597701149,99,0.8390804597701149,104,0.8308702791461412,^TWII,yfinance,2y,2026-10-05,scan_20261006_171949,False,False
True,0,0.18333307902018225,0.34166717529296875,True,False,觀望 (動能減弱),37.349998474121094,2026-10-05 00:00:00,37.80750026702881,-0.01750011444092081,True,False,1.0396847675784702,False,0.0007513270261789736,45.244156385003095,0.0007971617377835086,0.0008345607360956683,-0.6015945181081506,-1.8903708499233174,-3.7808594388692773,-0.6015945181081506,False,False,False,False,False,False,0.0,False,-0.08902442746046113,中性,6101.TWO,寬魚國際,0,v1,phase6a,2026-07-12,0,0,0,0,0,0,v1,554,0.09195402298850575,554,0.09195402298850575,554,0.09195402298850575,^TWII,yfinance,2y,2026-10-05,scan_20261006_171949,False,False
True,0,-0.4166666666666665,-1.0833333333333333,True,False,觀察 (跌勢收斂),331.0,2026-10-05 00:00:00,338.075,-0.19999999999998863,True,False,0.9368081240545946,False,0.0066583468761732606,61.73244921145726,0.007085827432877425,0.0072739693024171685,-0.6310342898631416,-1.9517209647890277,-2.2100843540209913,-0.6310342898631416,False,False,False,False,False,False,0.0,False,-0.09414338935711553,中性,2382.TW,廣達,1,v1,phase6a,2026-07-12,0,1,1,1,1,1,v1,303,0.5041050903119869,303,0.5041050903119869,303,0.5041050903119869,^TWII,yfinance,2y,2026-10-05,scan_20261006_171949,False,False
True,0,-2.0333334604899087,-2.31666628519694,True,False,觀察 (跌勢收斂),61.599998474121094,2026-10-05 00:00:00,62.900000190734865,-0.08500003814697266,False,False,0.5616699516047362,False,0.0012391364272279208,65.24734881272639,0.0013076729082049732,0.0012979817760055508,-0.5486680537464483,-1.6928571761035793,0.7334256839586217,-0.5486680537464483,False,False,True,False,False,False,0.3028067835899622,False,-0.052307715782752395,中性,2612.TW,中航,1,v1,phase6a,2026-07-12,0,1,1,1,1,1,v1,310,0.49261083743842365,310,0.49261083743842365,310,0.49261083743842365,^TWII,yfinance,2y,2026-10-05,scan_20261006_171949,False,False
True,0,0.5749988555908203,0.24166552225748694,True,False,買入 (動能增強),46.099998474121094,2026-10-05 00:00:00,45.569999313354494,-0.04500007629394531,True,True,1.0950924030706368,False,0.0009273407275883876,64.81955842431314,0.000970067469840465,0.001056766562091344,-0.46149325248341366,-1.8143357831728824,-8.485268084015384,-0.46149325248341366,False,False,False,False,False,False,0.0,False,-0.16341334974823496,中性,3209.TW,全科,2,v1,phase6a,2026-07-12,0,2,3,2,2,2,v1,146,0.7619047619047619,146,0.7619047619047619,149,0.7569786535303776,^TWII,yfinance,2y,2026-10-05,scan_20261006_171949,False,False
False,0,-0.7500006357828776,-0.5583343505859375,False,True,強烈賣出 (跌破),48.25,2026-10-05 00:00:00,49.19250011444092,-0.07749996185302876,False,False,1.6097016067239536,True,0.0009705898392004829,46.882711894958796,0.001036213453721117,0.00107529960868773,-0.6622192013326811,-2.0555042022982972,-5.549633581524082,-0.6622192013326811,False,False,False,False,False,False,0.0,False,-0.05761720154259797,中性,5530.TWO,龍巖,0,v1,phase6a,2026-07-12,0,0,0,0,0,0,v1,547,0.10344827586206896,547,0.10344827586206896,547,0.10344827586206896,^TWII,yfinance,2y,2026-10-05,scan_20261006_171949,False,False
True,2,-0.49999999999999994,-0.5833333333333333,True,False,觀察 (跌勢收斂),120.0,2026-10-05 00:00:00,119.65,0.025000000000005684,False,True,3.4787062677598595,True,0.0024139021907576778,106.37081331948716,0.00253023766289901,0.0026156784440557828,-0.48164871720084435,-1.8161256871853992,-5.738449506103205,-0.48164871720084435,False,False,False,False,False,False,0.0,False,-0.20177380891360297,中性,6574.TWO,霈方,2,v1,phase6a,2026-07-12,0,2,4,2,2,2,v1,222,0.6371100164203612,222,0.6371100164203612,224,0.6338259441707718,^TWII,yfinance,2y,2026-10-05,scan_20261006_171949,True,False
True,0,0.20833333333333331,0.2000001271565755,True,False,買入 (動能增強),20.299999237060547,2026-10-05 00:00:00,20.42249994277954,-0.010000038146973367,False,False,1.7677429221463408,True,0.00040835177192266364,31.633943815228154,0.0004324668812830863,0.0004550488649093157,-0.583540587539999,-1.485356432568019,-5.49193525202033,-0.583540587539999,False,False,False,False,False,False,0.0,False,-0.10572693591258397,中性,4133.TW,亞諾法,2,v1,phase6a,2026-07-12,0,2,2,2,2,2,v1,171,0.7208538587848933,171,0.7208538587848933,174,0.715927750410509,^TWII,yfinance,2y,2026-10-05,scan_20261006_171949,False,False
True,0,0.3499991099039714,0.4333324432373047,True,False,觀望 (動能減弱),51.599998474121094,2026-10-05 00:00:00,52.12000045776367,0.039999961853027344,False,False,1.3467442835244752,False,0.0010379779113314478,32.619571977329066,0.0010999820038874197,0.0011622456940346012,-0.5898504265830162,-1.372393398973304,-4.020916733055402,-0.5898504265830162,False,False,False,False,False,False,0.0,False,-0.10416666942614106,中性,8938.TWO,明安,0,v1,phase6a,2026-07-12,0,0,1,0,0,0,v1,603,0.011494252873563218,603,0.011494252873563218,603,0.011494252873563218,^TWII,yfinance,2y,2026-10-05,scan_20261006_171949,False,False
True,1,-0.14166768391927081,-0.1250006357828776,True,False,賣出 (動能轉弱),39.849998474121094,2026-10-05 00:00:00,40.170000076293945,-0.005000114440917969,True,False,0.584026964559615,False,0.0008016166551530918,42.24147714006136,0.0008437369643361675,0.0008666727383429815,-0.5227387429147412,-1.3490369977315342,-1.967595655050114,-0.5227387429147412,False,False,False,False,False,False,0.0,False,-0.0160494203920718,中性,8908.TWO,欣雄,0,v1,phase6a,2026-07-12,0,0,0,0,0,0,v1,602,0.013136288998357963,602,0.013136288998357963,602,0.013136288998357963,^TWII,yfinance,2y,2026-10-05,scan_20261006_171949,False,False
True,0,0.5833333333333333,0.48333311080932606,True,False,買入 (動能增強),14.850000381469727,2026-10-05 00:00:00,14.300000047683715,0.04250001907348633,False,True,0.36567994029443884,False,0.000298720403779851,37.571846759276774,0.00030350144346629994,0.00030899826834431975,-0.16554590028833305,0.4225438581402674,-0.9015674437085508,-0.16554590028833305,False,False,False,False,False,False,0.1822675155516035,False,-0.01655629097246858,中性,1456.TW,怡華,4,v1,phase6a,2026-07-12,0,4,6,4,4,4,v1,5,0.993431855500821,5,0.993431855500821,13,0.9802955665024631,^TWII,yfinance,2y,2026-10-05,scan_20261006_171949,False,True
True,0,-0.033333460489908845,-0.01666673024495442,True,False,賣出 (動能轉弱),18.950000762939453,2026-10-05 00:00:00,19.40250015258789,-0.03750000000000142,False,False,1.6555311965404624,True,0.0003811954029709934,21.252978386055478,0.00040880234959678587,0.00043242995026134164,-0.7058381070398023,-1.918288761666198,-4.802574398640591,-0.7058381070398023,False,False,False,False,False,False,0.0,False,-0.14551527144301046,中性,1540.TW,喬福,0,v1,phase6a,2026-07-12,0,0,0,0,0,0,v1,444,0.27257799671592775,444,0.27257799671592775,444,0.27257799671592775,^TWII,yfinance,2y,2026-10-05,scan_20261006_171949,False,False
True,0,-0.29166730244954425,-0.3166669209798177,True,False,觀察 (跌勢收斂),35.29999923706055,2026-10-05 00:00:00,35.54499988555908,-0.005000114440917969,False,False,2.5548902195608783,True,0.0007100895457673734,28.684594944528875,0.0007500702565357932,0.0007981523374931339,-0.5579496780115933,-1.9022811170658627,-5.305439571343051,-0.5579496780115933,False,False,False,False,False,False,0.0,False,-0.10063696211310713,中性,6614.TW,資拓宏宇,1,v1,phase6a,2026-07-12,0,1,1,1,1,1,v1,373,0.3891625615763547,373,0.3891625615763547,373,0.3891625615763547,^TWII,yfinance,2y,2026-10-05,scan_20261006_171949,False,False
True,0,9.5,13.999999999999998,True,False,觀望 (動能減弱),689.0,2026-10-05 00:00:00,688.6,2.050000000000068,False,True,0.7806699442260482,False,0.013859821745266999,97.44206364219596,0.014158630154106965,0.013150323017653153,-0.22165843027875942,-0.6265130867730617,15.711273701970697,-0.22165843027875942,False,True,True,False,False,False,0.7405996722060317,False,-0.058743169398907114,中性,3693.TWO,營邦,0,v1,phase6a,2026-07-12,0,0,2,0,0,0,v1,509,0.16584564860426929,509,0.16584564860426929,509,0.16584564860426929,^TWII,yfinance,2y,2026-10-05,scan_20261006_171949,False,False
True,0,-0.2583332061767578,-0.15833330154418945,True,False,賣出 (動能轉弱),12.199999809265137,2026-10-05 00:00:00,12.707499980926514,-0.037499999999999645,True,False,0.6359260036502152,False,0.000245413385556903,21.806310806215723,0.0002678508732096906,0.0002895006723627975,-0.8740672377922643,-2.774389472134975,-7.11700573985935,-0.8740672377922643,False,False,False,False,False,False,0.0,False,-0.12857144219534733,中性,8092.TWO,建暐,0,v1,phase6a,2026-07-12,0,0,0,0,0,0,v1,591,0.031198686371100164,591,0.031198686371100164,591,0.031198686371100164,^TWII,yfinance,2y,2026-10-05,scan_20261006_171949,False,False
True,0,-1.1333351135253906,-0.6333338419596354,True,False,賣出 (動能轉弱),67.19999694824219,2026-10-05 00:00:00,68.5849998474121,-0.070000076293951,False,False,2.3633020093465826,True,0.0013517851654355922,32.204604939369105,0.0014453019640625587,0.0015075481070340679,-0.6764870767799525,-2.0629919660361096,-5.137407959139262,-0.6764870767799525,False,False,False,False,False,False,0.0,False,-0.066595298110669,中性,2754.TWO,亞洲藏壽司,0,v1,phase6a,2026-07-12,0,0,0,0,0,0,v1,490,0.19704433497536947,490,0.19704433497536947,490,0.19704433497536947,^TWII,yfinance,2y,2026-10-05,scan_20261006_171949,False,False
True,2,4.083333333333334,2.166666666666667,True,False,買入 (動能增強),359.5,2026-10-05 00:00:00,350.175,0.07499999999998863,False,True,3.3150398106541186,True,0.00723164864647821,147.6471858941272,0.007327554275815558,0.00745498871017511,-0.13758260406371292,-0.45948762821679257,2.546365513407123,-0.13758260406371292,False,False,False,False,False,False,0.5659493354082841,False,0.0,中性,6983.TWO,華洋精機,4,v1,phase6a,2026-07-12,0,4,6,4,4,4,v1,26,0.9589490968801314,26,0.9589490968801314,32,0.9490968801313628,^TWII,yfinance,2y,2026-10-05,scan_20261006_171949,False,True
True,0,0.6500002543131509,0.49999999999999994,True,False,買入 (動能增強),22.200000762939453,2026-10-05 00:00:00,21.942500019073485,0.02000007629394318,False,True,1.1503563089921078,False,0.00044657192063734716,34.505590825417286,0.00046591202619914796,0.0005005668981903403,-0.43504862485233,-0.6773509869504757,-4.877696722671587,-0.43504862485233,False,False,False,False,False,False,0.0,False,-0.16436187359595533,中性,3390.TWO,旭軟,2,v1,phase6a,2026-07-12,0,2,4,2,2,2,v1,156,0.7454844006568144,156,0.7454844006568144,159,0.7405582922824302,^TWII,yfinance,2y,2026-10-05,scan_20261006_171949,False,False
True,0,-0.16666650772094727,-0.10833311080932617,True,False,賣出 (動能轉弱),15.300000190734863,2026-10-05 00:00:00,15.549999952316284,-0.01500000953674352,False,False,0.6155590119421085,False,0.0003077725331583981,31.48282847731942,0.00032768512497777626,0.00034208574518358666,-0.6355918341186539,-1.984924387199627,-5.348920469681017,-0.6355918341186539,False,False,False,False,False,False,0.0,False,-0.05263154475992271,中性,4432.TWO,銘旺實,0,v1,phase6a,2026-07-12,0,0,0,0,0,0,v1,526,0.13793103448275862,526,0.13793103448275862,526,0.13793103448275862,^TWII,yfinance,2y,2026-10-05,scan_20261006_171949,False,False
True,0,-0.04166634877522786,-0.17499987284342444,True,False,觀察 (跌勢收斂),25.700000762939453,2026-10-05 00:00:00,25.757500076293944,0.015000057220458274,False,False,1.1419786284333249,False,0.0005169774012011128,43.03399404177249,0.0005439851216827337,0.0005691979150832223,-0.5198924962529272,-1.5048087508682806,-5.044697963308509,-0.5198924962529272,False,False,False,False,False,False,0.0,False,-0.09026545971895739,中性,1325.TW,恆大,2,v1,phase6a,2026-07-12,0,2,3,2,2,2,v1,89,0.8555008210180624,89,0.8555008210180624,94,0.8472906403940886,^TWII,yfinance,2y,2026-10-05,scan_20261006_171949,True,False
True,0,0.1333332061767578,0.058333714803059884,True,False,買入 (動能增強),42.79999923706055,2026-10-05 00:00:00,43.0399995803833,-0.04500007629394531,False,False,1.1781734944625846,False,0.0008609584326897282,37.52316711403794,0.0009080345126525118,0.0009388538286039248,-0.5427636050769347,-1.5245616472919776,-4.519416331517567,-0.5427636050769347,False,False,False,False,False,False,0.0,False,-0.021714303152901793,中性,6123.TWO,上奇,4,v1,phase6a,2026-07-12,0,4,4,4,4,4,v1,20,0.9688013136288999,20,0.9688013136288999,27,0.9573070607553367,^TWII,yfinance,2y,2026-10-05,scan_20261006_171949,False,True
True,0,0.06666660308837892,0.1833333969116211,True,False,觀望 (動能減弱),17.5,2026-10-05 00:00:00,17.997500133514404,-0.014999961853028765,False,False,1.1753964497750407,False,0.00035202740281882797,25.71373010932303,0.00037851489659379236,0.00039391953047344935,-0.7312181771009674,-1.4220530766676842,-2.06354614004558,-0.7312181771009674,False,False,False,False,False,False,0.0,False,-0.04109589041095896,中性,2430.TW,燦坤,0,v1,phase6a,2026-07-12,0,0,0,0,0,0,v1,466,0.23645320197044334,466,0.23645320197044334,466,0.23645320197044334,^TWII,yfinance,2y,2026-10-05,scan_20261006_171949,False,False
True,0,-0.21666685740152994,-0.17500019073486328,True,False,賣出 (動能轉弱),19.399999618530273,2026-10-05 00:00:00,19.739999866485597,-0.027500057220457563,False,False,1.258811110800668,False,0.0003902475131655695,31.148221453214454,0.0004155238530488397,0.0004368373703396624,-0.6362424303886449,-2.021508023541174,-4.669482243137013,-0.6362424303886449,False,False,False,False,False,False,0.0,False,-0.06954439982783545,中性,3703.TW,欣陸,0,v1,phase6a,2026-07-12,0,0,0,0,0,0,v1,510,0.16420361247947454,510,0.16420361247947454,510,0.16420361247947454,^TWII,yfinance,2y,2026-10-05,scan_20261006_171949,False,False
True,0,0.15000025431315103,0.17500050862630206,True,False,觀望 (動能減弱),24.549999237060547,2026-10-05 00:00:00,24.5125,0.004999923706055398,False,True,1.5902840283019248,True,0.0004938441411786648,36.12220453439893,0.0005182123208369866,0.0005400617034386912,-0.49254663902723594,-1.2014330938366902,-4.207014984256919,-0.49254663902723594,False,False,False,False,False,False,0.0,False,-0.02731501500598288,中性,8049.TWO,晶采,0,v1,phase6a,2026-07-12,0,0,2,0,0,0,v1,590,0.03284072249589491,590,0.03284072249589491,590,0.03284072249589491,^TWII,yfinance,2y,2026-10-05,scan_20261006_171949,False,False
True,1,0.055000146230061844,0.010000149408976238,True,False,買入 (動能增強),4.559999942779541,2026-10-05 00:00:00,4.532999968528747,-0.004999995231628418,False,True,0.9820518652548961,False,9.17282820977535e-05,22.709562277634216,9.576552963640525e-05,0.00010136073103122211,-0.44180393240007554,-1.0834212271769061,-4.843437427670549,-0.44180393240007554,False,False,False,False,False,False,0.04410440549470675,False,-0.051975052593354776,中性,8933.TWO,愛地雅,2,v1,phase6a,2026-07-12,0,2,3,2,2,2,v1,255,0.5829228243021346,255,0.5829228243021346,255,0.5829228243021346,^TWII,yfinance,2y,2026-10-05,scan_20261006_171949,False,False
True,0,-0.04999955495198567,-0.02499930063883463,True,False,賣出 (動能轉弱),16.549999237060547,2026-10-05 00:00:00,16.867500019073486,-0.03000001907348704,False,False,1.2720384286697763,False,0.0003329173284614862,32.72987928178669,0.0003562107410296422,0.00037230483794188364,-0.6836334827404644,-1.8661002125407777,-5.787675702722606,-0.6836334827404644,False,False,False,False,False,False,0.0,False,-0.06497183481973612,中性,2534.TW,宏盛,0,v1,phase6a,2026-07-12,0,0,0,0,0,0,v1,473,0.22495894909688013,473,0.22495894909688013,473,0.22495894909688013,^TWII,yfinance,2y,2026-10-05,scan_20261006_171949,False,False
True,1,-0.06666692097981769,-0.11666679382324219,True,False,觀察 (跌勢收斂),62.0,2026-10-05 00:00:00,62.61500015258789,-0.04500007629394531,False,False,0.163154760448023,False,0.0012471827985581336,37.29590219043224,0.001311775692152377,0.001336184357814574,-0.5156515363546443,-1.2751898805306805,-0.522850021441279,-0.5156515363546443,False,False,False,False,False,False,0.25950727448842575,False,-0.03125,中性,2756.TWO,聯發國際,1,v1,phase6a,2026-07-12,0,1,1,1,1,1,v1,317,0.48111658456486045,317,0.48111658456486045,317,0.48111658456486045,^TWII,yfinance,2y,2026-10-05,scan_20261006_171949,False,False
True,0,0.024999936421712242,-0.025000095367431648,True,False,買入 (動能增強),10.449999809265137,2026-10-05 00:00:00,10.394999980926514,-0.005000019073486683,False,True,0.4211218430935673,False,0.00021021064527502022,43.10129894161124,0.00021959963832597366,0.00022714650565557436,-0.44803673221210927,-1.36896706311338,-4.873998665443513,-0.44803673221210927,False,False,False,False,False,False,0.0,False,-0.0226271728191354,中性,3052.TW,夆典,4,v1,phase6a,2026-07-12,0,4,5,4,4,4,v1,12,0.9819376026272578,12,0.9819376026272578,19,0.9704433497536946,^TWII,yfinance,2y,2026-10-05,scan_20261006_171949,False,True
True,0,-0.1333338419596354,-0.20833396911621088,True,False,觀察 (跌勢收斂),34.0,2026-10-05 00:00:00,33.78000030517578,-0.004999923706051845,True,True,6.793711792691834,True,0.0006839389540480087,30.299375594267488,0.0007133104033376181,0.0007456539386168943,-0.4315636922064936,-1.7809767372396812,-5.3328331556996345,-0.4315636922064936,False,False,False,False,False,False,0.0,False,-0.07230563207501417,中性,6615.TWO,慧智,1,v1,phase6a,2026-07-12,0,1,2,1,1,1,v1,374,0.38752052545155996,374,0.38752052545155996,374,0.38752052545155996,^TWII,yfinance,2y,2026-10-05,scan_20261006_171949,False,False
True,1,-0.17499987284342447,-0.10000006357828775,True,False,賣出 (動能轉弱),31.200000762939453,2026-10-05 00:00:00,31.41999979019165,-0.014999961853028765,True,False,0.9133984129702574,False,0.000627614584944173,49.14722160493897,0.000663216039873075,0.0006909699898953448,-0.5618780077500496,-1.5744591252953022,-4.832987680038425,-0.5618780077500496,False,False,False,False,False,False,0.0,False,-0.04294471707699632,中性,3118.TWO,進階,0,v1,phase6a,2026-07-12,0,0,0,0,0,0,v1,501,0.17898193760262726,501,0.17898193760262726,501,0.17898193760262726,^TWII,yfinance,2y,2026-10-05,scan_20261006_171949,False,False
True,0,-0.6083329518636068,-0.5083332061767578,True,False,賣出 (動能轉弱),35.150001525878906,2026-10-05 00:00:00,36.204999923706055,-0.017499923706054688,False,False,0.5599767215995592,False,0.0007070722140704567,61.67254891837603,0.0007560532051815159,0.0007539284403113651,-0.6773295022425185,-2.129846606604102,-0.43650829405674774,-0.6773295022425185,False,False,True,False,False,False,0.21705317959853088,False,-0.07010576097005539,中性,2605.TW,新興,1,v1,phase6a,2026-07-12,0,1,1,1,1,1,v1,307,0.4975369458128079,307,0.4975369458128079,307,0.4975369458128079,^TWII,yfinance,2y,2026-10-05,scan_20261006_171949,True,False
True,1,-0.08333396911621092,-0.2166671752929688,True,False,觀察 (跌勢收斂),38.75,2026-10-05 00:00:00,38.81500015258789,0.08749999999999858,False,False,1.1718521122634324,False,0.0007794892490988334,37.21168258268746,0.0008141201289267223,0.0008288818438331491,-0.44577031429768876,-1.1064109127937427,-0.9008669226317823,-0.44577031429768876,False,False,False,False,False,False,0.09109617066162481,False,-0.02392948979049625,中性,6952.TW,大武山,1,v1,phase6a,2026-07-12,0,1,2,1,1,1,v1,391,0.35960591133004927,391,0.35960591133004927,391,0.35960591133004927,^TWII,yfinance,2y,2026-10-05,scan_20261006_171949,False,False
True,0,65.33333333333333,49.66666666666666,True,False,買入 (動能增強),817.0,2026-10-05 00:00:00,777.5,8.950000000000045,False,True,0.9214148030538813,False,0.016434650748741855,433.1194114361673,0.016346881537386823,0.015354577490818951,0.056549555759399794,2.2423192429080085,11.606299560254051,0.056549555759399794,True,True,True,False,False,True,0.5117093849971976,False,-0.1870646766169154,偏強 (RS上升),3026.TW,禾伸堂,3,v1,phase6a,2026-07-12,2,5,5,5,3,5,v1,46,0.9261083743842364,46,0.9261083743842364,6,0.9917898193760263,^TWII,yfinance,2y,2026-10-05,scan_20261006_171949,True,False
True,0,-0.20833333333333331,0.04166666666666667,True,False,賣出 (動能轉弱),13.850000381469727,2026-10-05 00:00:00,14.130000019073487,-0.009999990463256836,True,False,0.26114625251047235,False,0.0002786045521902037,28.363394309993815,0.0002936078854925198,0.00027911132279111514,-0.5350158575202713,-0.7562093003954828,4.983950620374178,-0.5350158575202713,False,False,True,False,False,False,0.4704087445440856,False,-0.14241481680417878,中性,4188.TWO,安克,1,v1,phase6a,2026-07-12,0,1,1,1,1,1,v1,343,0.43842364532019706,343,0.43842364532019706,343,0.43842364532019706,^TWII,yfinance,2y,2026-10-05,scan_20261006_171949,True,False
True,1,3.178914388043963e-07,-0.1249996821085612,True,False,買入 (動能增強),17.049999237060547,2026-10-05 00:00:00,16.99749994277954,0.0024999618530259227,False,True,1.795911037097808,True,0.0003429752542563099,20.66116920810505,0.00036018164173607986,0.00038278449279303343,-0.5003410233166083,-1.7801693140842234,-7.308531439870891,-0.5003410233166083,False,False,False,False,False,False,0.0,False,-0.08086253701850243,中性,6641.TW,基士德-KY,2,v1,phase6a,2026-07-12,0,2,4,2,2,2,v1,225,0.632183908045977,225,0.632183908045977,227,0.6288998357963875,^TWII,yfinance,2y,2026-10-05,scan_20261006_171949,False,False
True,1,0.08333333333333333,0.16666666666666666,True,False,觀望 (動能減弱),113.0,2026-10-05 00:00:00,113.95,-0.04999999999999716,False,False,1.8119922646675046,True,0.0022730912296301466,49.1891528238621,0.0024059773797144228,0.002494551144123518,-0.5780254471523527,-1.6565200698493099,-4.820045480689561,-0.5780254471523527,False,False,False,False,False,False,0.0,False,-0.04641350210970463,中性,9942.TW,茂順,2,v1,phase6a,2026-07-12,0,2,2,2,2,2,v1,258,0.5779967159277504,258,0.5779967159277504,258,0.5779967159277504,^TWII,yfinance,2y,2026-10-05,scan_20261006_171949,False,True
True,1,0.00833352406819661,-0.01666657129923503,True,False,買入 (動能增強),14.300000190734863,2026-10-05 00:00:00,14.237499904632568,-0.004999971389771929,True,True,0.8916280468533518,False,0.0002876566815687508,37.22824536436044,0.00029975259830183773,0.00030737703038342734,-0.42297177520079776,-1.0295130321861024,-2.1564325294671227,-0.42297177520079776,False,False,False,False,False,False,0.0,False,-0.03663713652971523,中性,1308.TW,亞聚,4,v1,phase6a,2026-07-12,0,4,5,4,4,4,v1,4,0.9950738916256158,4,0.9950738916256158,12,0.9819376026272578,^TWII,yfinance,2y,2026-10-05,scan_20261006_171949,False,True
True,2,-0.04166634877522786,-0.01666625340779622,True,False,賣出 (動能轉弱),14.800000190734863,2026-10-05 00:00:00,14.8875,-0.007499980926514382,True,False,1.0345259420992163,False,0.00029771460736357445,22.931192877200694,0.00031448448932113355,0.00033229285030520606,-0.558182508569316,-1.712543728986271,-5.314864812749242,-0.558182508569316,False,False,False,False,False,False,0.0,False,-0.07499998807907104,中性,4528.TWO,江興鍛,0,v1,phase6a,2026-07-12,0,0,0,0,0,0,v1,528,0.13464696223316913,528,0.13464696223316913,528,0.13464696223316913,^TWII,yfinance,2y,2026-10-05,scan_20261006_171949,False,False
True,0,-0.3166669209798177,-0.4333337148030599,True,False,觀察 (跌勢收斂),52.5,2026-10-05 00:00:00,52.95,-0.020000076293939628,True,False,0.967582585838085,False,0.001056082208456484,39.316795682856295,0.0011160736382031,0.001165725529411167,-0.5626293567714269,-1.7528649895981352,-4.7728828944009205,-0.5626293567714269,False,False,False,False,False,False,0.0,False,-0.0402193918145245,中性,2373.TW,震旦行,1,v1,phase6a,2026-07-12,0,1,1,1,1,1,v1,301,0.5073891625615764,301,0.5073891625615764,301,0.5073891625615764,^TWII,yfinance,2y,2026-10-05,scan_20261006_171949,False,False
False,0,7.666666666666666,-10.000000000000002,False,True,強烈買入 (爆發),570.0,2026-10-05 00:00:00,506.65,5.0,False,True,3.1949616156527463,True,0.01146603540609897,437.9616830363871,0.010586497443281948,0.0103523989862758,0.8822536476349896,0.8830437749018927,5.917489588147262,0.8822536476349896,True,True,True,False,False,True,0.94854337428613,False,0.0,偏強 (RS上升),8358.TWO,金居,3,v1,phase6a,2026-07-12,2,5,5,5,3,5,v1,79,0.8719211822660099,79,0.8719211822660099,9,0.986863711001642,^TWII,yfinance,2y,2026-10-05,scan_20261006_171949,False,False
True,1,0.05000019073486328,0.008333524068196613,True,False,買入 (動能增強),22.700000762939453,2026-10-05 00:00:00,22.719999885559083,-0.004999923706051845,False,False,0.6780212627467997,False,0.00045662984643217084,43.79584387550956,0.0004798391139375203,0.0005024646272912284,-0.5065666567717453,-1.474226449349525,-4.729718182550591,-0.5065666567717453,False,False,False,False,False,False,0.0,False,-0.021551723429195646,中性,8401.TWO,白紗科,2,v1,phase6a,2026-07-12,0,2,2,2,2,2,v1,245,0.5993431855500821,245,0.5993431855500821,245,0.5993431855500821,^TWII,yfinance,2y,2026-10-05,scan_20261006_171949,False,False
False,0,-0.06666692097981769,-0.21666717529296875,False,True,強烈賣出 (跌破),53.20000076293945,2026-10-05 00:00:00,53.15500049591064,-0.01000003814697692,True,True,2.00688300214929,True,0.001070163319916414,37.24582118160403,0.0011216819169064924,0.0011640820640985896,-0.4811451071692452,-1.3960284683688151,-4.510331760142505,-0.4811451071692452,False,False,False,False,False,False,0.0,False,-0.014814800686306473,中性,8435.TWO,鉅邁,0,v1,phase6a,2026-07-12,0,0,1,0,0,0,v1,597,0.021346469622331693,597,0.021346469622331693,597,0.021346469622331693,^TWII,yfinance,2y,2026-10-05,scan_20261006_171949,False,False
True,1,-0.1916664441426595,-0.18333307902018228,True,False,賣出 (動能轉弱),13.899999618530273,2026-10-05 00:00:00,13.947499895095826,0.002499961853027699,False,False,0.9144551587399238,False,0.00027961032942250925,32.84858265522848,0.00029348866380221063,0.0003066592222280114,-0.49529736430569127,-1.7838827502611232,-4.039295991206481,-0.49529736430569127,False,False,False,False,False,False,0.0,False,-0.05442178238877515,中性,9919.TW,康那香,0,v1,phase6a,2026-07-12,0,0,1,0,0,0,v1,607,0.0049261083743842365,607,0.0049261083743842365,607,0.0049261083743842365,^TWII,yfinance,2y,2026-10-05,scan_20261006_171949,False,False
True,0,0.12499968210856117,0.10833326975504556,True,False,買入 (動能增強),17.299999237060547,2026-10-05 00:00:00,17.189999961853026,0.0024999618530259227,False,True,0.5456808102994455,False,0.0003480042171537217,41.881312646208116,0.00036408905251060194,0.0003841376080637695,-0.46288217303606105,-1.3847442134097276,-5.160909017147885,-0.46288217303606105,False,False,False,False,False,False,0.0,False,-0.04419895732312795,中性,4173.TWO,久裕,2,v1,phase6a,2026-07-12,0,2,4,2,2,2,v1,175,0.7142857142857143,175,0.7142857142857143,178,0.7093596059113301,^TWII,yfinance,2y,2026-10-05,scan_20261006_171949,False,False
True,0,-5.551115123125783e-17,-0.8666661580403646,True,False,觀察 (跌勢收斂),74.4000015258789,2026-10-05 00:00:00,74.86000022888183,0.020000076293939628,False,False,1.3997308209959622,False,0.0014966193889641138,43.00897758681628,0.001574700361782912,0.0016413103837763228,-0.5192336205122716,-1.2514667688165781,-3.188877097514198,-0.5192336205122716,False,False,False,False,False,False,0.0,False,-0.08711654569473737,中性,6934.TW,心誠鎂,1,v1,phase6a,2026-07-12,0,1,2,1,1,1,v1,390,0.361247947454844,390,0.361247947454844,390,0.361247947454844,^TWII,yfinance,2y,2026-10-05,scan_20261006_171949,False,False
True,0,0.22499974568684894,-0.06666723887125653,True,False,買入 (動能增強),27.600000381469727,2026-10-05 00:00:00,27.722499942779542,-0.03249998092651296,True,False,0.9219510117245326,False,0.0005551975115478543,31.039941456834736,0.0005859168914678198,0.0006467644737386408,-0.548861264112499,-1.9306393483386253,-6.256802502835635,-0.548861264112499,False,False,False,False,False,False,0.0,False,-0.25506070310895257,中性,3447.TW,展達,2,v1,phase6a,2026-07-12,0,2,2,2,2,2,v1,157,0.7438423645320197,157,0.7438423645320197,160,0.7389162561576355,^TWII,yfinance,2y,2026-10-05,scan_20261006_171949,False,False
True,0,-1.2833334604899087,-1.6666666666666663,True,False,觀察 (跌勢收斂),36.099998474121094,2026-10-05 00:00:00,35.98250026702881,-0.005000114440917969,True,True,3.1991932272005483,True,0.0007261822116919145,91.33626773318399,0.0007569281656684386,0.0007769884988790699,-0.42575203912631476,-2.203889476701071,-6.647569122653795,-0.42575203912631476,False,False,False,False,False,False,0.18450421196229938,False,-0.11951223233850994,中性,3685.TWO,元創精密,1,v1,phase6a,2026-07-12,0,1,2,1,1,1,v1,339,0.44499178981937604,339,0.44499178981937604,339,0.44499178981937604,^TWII,yfinance,2y,2026-10-05,scan_20261006_171949,False,False
True,0,-0.09166622161865233,-0.0749998092651367,True,False,賣出 (動能轉弱),16.700000762939453,2026-10-05 00:00:00,17.02500009536743,-0.022499942779539595,True,False,1.136609568370754,False,0.00033593473689428694,31.572269120606492,0.00035932627336465896,0.0003737978154652845,-0.6805818101426553,-2.1438767107186396,-6.030763448267907,-0.6805818101426553,False,False,False,False,False,False,0.0,False,-0.09525042147232954,中性,9946.TW,三發地產,1,v1,phase6a,2026-07-12,0,1,1,1,1,1,v1,427,0.30049261083743845,427,0.30049261083743845,427,0.30049261083743845,^TWII,yfinance,2y,2026-10-05,scan_20261006_171949,True,False
False,0,-0.5499992370605468,-0.9999974568684895,False,True,強烈賣出 (跌破),88.69999694824219,2026-10-05 00:00:00,90.70500030517579,-0.08500022888182457,True,False,0.5260427397371423,False,0.0017842759746130095,43.66716990530182,0.0019019333446717794,0.0019329284794539778,-0.6469658740375972,-1.7995688439658042,-3.4156520649599176,-0.6469658740375972,False,False,False,False,False,False,0.0,False,-0.0702306548267636,中性,4938.TW,和碩,0,v1,phase6a,2026-07-12,0,0,0,0,0,0,v1,536,0.12151067323481117,536,0.12151067323481117,536,0.12151067323481117,^TWII,yfinance,2y,2026-10-05,scan_20261006_171949,False,False
True,0,9.333333333333332,-9.166666666666668,True,False,買入 (動能增強),744.0,2026-10-05 00:00:00,705.75,0.10000000000002274,False,True,1.499327169959236,False,0.014966193582697601,70.67040432454682,0.014995396334139512,0.015780871066860765,-0.020495249001195592,-0.6731327547940369,-6.555087041024854,-0.020495249001195592,False,False,False,False,False,True,0.15696001872659562,False,-0.10817499813436382,中性,3583.TW,辛耘,2,v1,phase6a,2026-07-12,0,2,4,2,2,2,v1,159,0.7405582922824302,159,0.7405582922824302,162,0.735632183908046,^TWII,yfinance,2y,2026-10-05,scan_20261006_171949,False,False
False,0,-0.1333333651224772,-0.11666663487752277,False,True,強烈賣出 (跌破),11.25,2026-10-05 00:00:00,11.592500066757202,-0.022499990463257902,False,False,1.4938497661523562,False,0.0002263033303835323,24.819637056197077,0.00024496775562421214,0.00026488648629794813,-0.7956331719925602,-2.321465617791929,-7.272561022576385,-0.7956331719925602,False,False,False,False,False,False,0.0,False,-0.13127411847904924,中性,2514.TW,龍邦,0,v1,phase6a,2026-07-12,0,0,0,0,0,0,v1,470,0.22988505747126436,470,0.22988505747126436,470,0.22988505747126436,^TWII,yfinance,2y,2026-10-05,scan_20261006_171949,False,False
True,1,0.4500004450480143,0.3416668574015299,True,False,買入 (動能增強),28.950000762939453,2026-10-05 00:00:00,29.035000038146972,0.022500038146972656,False,False,1.1205087361223178,False,0.0005823539188674666,32.95034221743086,0.000612287344649791,0.0006304738281277793,-0.5119745187742941,-1.1465876857039814,-2.6330565830250507,-0.5119745187742941,False,False,False,False,False,False,0.0,False,-0.09288806323740273,中性,2352.TW,佳世達,2,v1,phase6a,2026-07-12,0,2,3,2,2,2,v1,114,0.8144499178981938,114,0.8144499178981938,119,0.80623973727422,^TWII,yfinance,2y,2026-10-05,scan_20261006_171949,False,False
True,0,-0.0666669209798177,-0.10000038146972655,True,False,觀察 (跌勢收斂),28.0,2026-10-05 00:00:00,28.040000247955323,-0.014999961853025212,True,False,0.45782829149927323,False,0.0005632438445101248,39.70177309073041,0.0005921803902748559,0.0006185570090006738,-0.5117300711472872,-1.6735807847577333,-4.972330581746287,-0.5117300711472872,False,False,False,False,False,False,0.0,False,-0.0410959154652657,中性,1233.TW,天仁,1,v1,phase6a,2026-07-12,0,1,1,1,1,1,v1,263,0.5697865353037767,263,0.5697865353037767,265,0.5665024630541872,^TWII,yfinance,2y,2026-10-05,scan_20261006_171949,False,False
True,0,-0.04000020027160644,-0.058333555857340486,True,False,觀察 (跌勢收斂),4.409999847412109,2026-10-05 00:00:00,4.467499923706055,-0.005500006675720037,True,False,1.176467241364946,False,8.87109024409093e-05,25.460994597763072,9.453033618579106e-05,0.00010190422167071373,-0.6438440709865101,-2.0108501619216734,-7.665481061642188,-0.6438440709865101,False,False,False,False,False,False,0.0,False,-0.14035092611440936,中性,1337.TW,再生-KY,1,v1,phase6a,2026-07-12,0,1,1,1,1,1,v1,267,0.5632183908045977,267,0.5632183908045977,268,0.5615763546798029,^TWII,yfinance,2y,2026-10-05,scan_20261006_171949,False,False
True,0,0.42499987284342444,0.4666671752929687,True,False,觀望 (動能減弱),41.099998474121094,2026-10-05 00:00:00,41.03249950408936,-0.007500076293943891,False,True,0.6213468448330104,False,0.000826761469640151,47.76992549554569,0.0008669133013176302,0.0008991972174363622,-0.4851699520012298,-1.3769411974631995,-3.5523114669258393,-0.4851699520012298,False,False,False,False,False,False,0.0,False,-0.014388543833112055,中性,6697.TWO,東捷資訊,0,v1,phase6a,2026-07-12,0,0,1,0,0,0,v1,570,0.06568144499178982,570,0.06568144499178982,570,0.06568144499178982,^TWII,yfinance,2y,2026-10-05,scan_20261006_171949,False,False
True,0,0.43333403269449866,0.43333403269449866,True,False,觀望 (動能減弱),25.149999618530273,2026-10-05 00:00:00,24.90999984741211,0.04250001907348633,False,True,0.5586994816944908,False,0.0005059136598060416,74.51414122017705,0.0005260693637656299,0.0005466507696094184,-0.4016829103181907,-0.6796221421011217,-1.8213277879703615,-0.4016829103181907,False,False,False,False,False,False,0.08510300648967155,False,-0.00788957632859244,中性,1780.TWO,立弘,0,v1,phase6a,2026-07-12,0,0,2,0,0,0,v1,451,0.26108374384236455,451,0.26108374384236455,451,0.26108374384236455,^TWII,yfinance,2y,2026-10-05,scan_20261006_171949,False,False
True,0,1.1833330790201821,0.8833325703938802,True,False,買入 (動能增強),89.4000015258789,2026-10-05 00:00:00,89.15999908447266,0.04000015258789347,False,True,0.841994687635998,False,0.0017983571628088235,26.630908192114187,0.0018856462632178197,0.0019914934251991515,-0.4849144304936104,-1.2934600362232151,-4.279514258797468,-0.4849144304936104,False,False,False,False,False,False,0.0,False,-0.050955367068648894,中性,7757.TWO,金色三麥,2,v1,phase6a,2026-07-12,0,2,4,2,2,2,v1,240,0.6075533661740559,240,0.6075533661740559,241,0.6059113300492611,^TWII,yfinance,2y,2026-10-05,scan_20261006_171949,False,False
True,0,1.5,0.5000000000000001,True,False,買入 (動能增強),129.5,2026-10-06 00:00:00,128.975,-1.075000000000017,False,True,0.3453835354106878,False,0.002605002780859327,60.35843090929301,0.002761303160549082,0.002906165431562696,-0.5923008551071529,-2.642654383625709,-14.607010130716858,-0.5923008551071529,False,False,False,False,False,False,0.0,False,-0.21987951807228912,中性,6913.TWO,鴻呈,3,v1,phase6a,2026-07-12,0,3,4,3,3,3,v1,73,0.8817733990147784,73,0.8817733990147784,76,0.8768472906403941,^TWII,yfinance,2y,2026-10-05,scan_20261006_171949,True,False
True,1,0.1416667302449544,0.1250001589457194,True,False,買入 (動能增強),12.350000381469727,2026-10-05 00:00:00,12.300000143051147,0.01000003814697159,False,True,0.8635935398011424,False,0.00024843077480573276,33.394604340793805,0.0002604362241179699,0.0002751966570230328,-0.482893282704433,-1.3474077854563338,-4.724063965085601,-0.482893282704433,False,False,False,False,False,False,0.0,False,-0.10830324611448305,中性,1449.TW,佳和,2,v1,phase6a,2026-07-12,0,2,4,2,2,2,v1,93,0.8489326765188834,93,0.8489326765188834,98,0.8407224958949097,^TWII,yfinance,2y,2026-10-05,scan_20261006_171949,False,False
True,0,0.625,0.5083338419596354,True,False,買入 (動能增強),51.0,2026-10-05 00:00:00,50.432499694824216,0.03500003814696839,False,True,1.1246498354445247,False,0.001025908431072013,42.892048047887,0.0010662456800144956,0.0011027408758934785,-0.3966426063653494,-1.090851145918137,-3.9038043374016396,-0.3966426063653494,False,False,False,False,False,False,0.0,False,-0.001956917360217414,中性,8432.TWO,東生華,2,v1,phase6a,2026-07-12,0,2,4,2,2,2,v1,249,0.5927750410509032,249,0.5927750410509032,249,0.5927750410509032,^TWII,yfinance,2y,2026-10-05,scan_20261006_171949,False,False
False,0,5.833333333333332,3.916666666666666,False,True,強烈買入 (爆發),128.5,2026-10-05 00:00:00,121.75,0.29999999999999716,False,True,1.749397734780748,True,0.0025848869292696796,69.96101940010091,0.0025918440501288523,0.002635899180234999,-0.028247133528069845,-0.2210595229159229,-3.5125747769896853,-0.028247133528069845,False,False,False,False,False,True,0.18277804159063346,False,0.0,中性,2476.TW,鉅祥,3,v1,phase6a,2026-07-12,0,3,5,3,3,3,v1,42,0.9326765188834154,42,0.9326765188834154,51,0.9178981937602627,^TWII,yfinance,2y,2026-10-05,scan_20261006_171949,False,False
True,0,-0.1916667620340983,-0.11666679382324216,True,False,賣出 (動能轉弱),15.550000190734863,2026-10-05 00:00:00,15.827500009536744,0.05000000000000071,False,False,0.6263281786051681,False,0.00031280149605580996,51.12069062657112,0.0003294847107182204,0.00032852482774445627,-0.53016646943147,-1.2213881673436622,3.6575182543258977,-0.53016646943147,False,False,True,False,False,False,0.0793649517286017,False,-0.043076911339393065,中性,2849.TW,安泰銀,0,v1,phase6a,2026-07-12,0,0,1,0,0,0,v1,492,0.19376026272577998,492,0.19376026272577998,492,0.19376026272577998,^TWII,yfinance,2y,2026-10-05,scan_20261006_171949,False,False
True,1,-0.08333333333333336,-0.2000001271565755,True,False,觀察 (跌勢收斂),16.799999237060547,2026-10-05 00:00:00,16.432499980926515,0.009999942779543858,False,True,4.892725585580519,True,0.00033794629135889805,45.90665145669139,0.00034691387632557896,0.0003598634369115539,-0.2713626728264251,-1.6138190369252903,-5.248256191062395,-0.2713626728264251,False,False,False,False,False,False,0.07462962757278606,False,-0.014662757254357506,中性,4711.TWO,永純,1,v1,phase6a,2026-07-12,0,1,3,1,1,1,v1,349,0.42857142857142855,349,0.42857142857142855,349,0.42857142857142855,^TWII,yfinance,2y,2026-10-05,scan_20261006_171949,False,False
True,2,-0.09999974568684894,-0.03333218892415365,True,False,賣出 (動能轉弱),34.099998474121094,2026-10-05 00:00:00,34.310000038146974,-0.015000152587887783,False,False,1.1511967828255318,False,0.0006859505085126198,43.18480846365403,0.0007243971889581925,0.0007558795283089097,-0.5555702070370261,-1.6139625271313407,-4.810250846847475,-0.5555702070370261,False,False,False,False,False,False,0.0,False,-0.024320522754313956,中性,5902.TWO,德記,0,v1,phase6a,2026-07-12,0,0,0,0,0,0,v1,552,0.09523809523809523,552,0.09523809523809523,552,0.09523809523809523,^TWII,yfinance,2y,2026-10-05,scan_20261006_171949,False,False
True,0,-0.15833473205566403,-0.2000007629394531,True,False,觀察 (跌勢收斂),33.849998474121094,2026-10-05 00:00:00,34.00500011444092,-0.002500152587892046,True,False,1.097203046567126,False,0.000680921545615208,49.50031372062002,0.0007164929621061219,0.0007417091324467163,-0.5198785896839531,-1.5027352224938895,-3.945993975855644,-0.5198785896839531,False,False,False,False,False,False,0.0,False,-0.014556041403515518,中性,9931.TW,欣高,1,v1,phase6a,2026-07-12,0,1,1,1,1,1,v1,425,0.30377668308702793,425,0.30377668308702793,425,0.30377668308702793,^TWII,yfinance,2y,2026-10-05,scan_20261006_171949,False,False
True,0,-0.7416667938232421,-1.200000762939453,True,False,觀察 (跌勢收斂),39.5,2026-10-05 00:00:00,39.02499980926514,0.01000003814697692,False,True,0.1582391151268682,False,0.0007945761377910689,48.62188374005283,0.0008247356139066882,0.0008934084729149431,-0.3834572070478326,-2.1153402948450806,-8.725362451917018,-0.3834572070478326,False,False,False,False,False,False,0.03530394643320554,False,-0.10523427366208182,中性,6624.TWO,萬年清,1,v1,phase6a,2026-07-12,0,1,3,1,1,1,v1,376,0.3842364532019704,376,0.3842364532019704,376,0.3842364532019704,^TWII,yfinance,2y,2026-10-05,scan_20261006_171949,False,False
True,0,2.3333333333333335,1.0833333333333335,True,False,買入 (動能增強),254.0,2026-10-05 00:00:00,251.45,0.32499999999998863,False,True,1.4979781796529208,False,0.005109426303770418,62.678304795862786,0.005305815121358963,0.005459794852167042,-0.38810767163104387,-1.2598061127444327,-3.7538654240139357,-0.38810767163104387,False,False,False,False,False,False,0.0,False,-0.059259259259259234,中性,2317.TW,鴻海,5,v1,phase6a,2026-07-12,0,5,7,5,5,5,v1,1,1.0,1,1.0,2,0.9983579638752053,^TWII,yfinance,2y,2026-10-05,scan_20261006_171949,True,True
True,0,-0.8749999999999999,-0.8999999364217122,True,False,觀察 (跌勢收斂),21.5,2026-10-05 00:00:00,22.404999923706054,0.022500038146972656,False,False,0.9842357656658196,False,0.00043249080917741724,20.455518294410993,0.0004701637436992693,0.0004832054202169871,-0.8363903945959872,-2.74578583608851,-5.865891349463503,-0.8363903945959872,False,False,False,False,False,False,0.04400878710037998,False,-0.26369864937511467,中性,1435.TW,中福,2,v1,phase6a,2026-07-12,0,2,3,2,2,2,v1,92,0.8505747126436781,92,0.8505747126436781,97,0.8423645320197044,^TWII,yfinance,2y,2026-10-05,scan_20261006_171949,True,False
False,0,4.6500002543131504,2.4166666666666665,False,True,強烈買入 (爆發),87.9000015258789,2026-10-05 00:00:00,80.02499961853027,0.3400001525878906,False,True,2.1051535146269647,True,0.0017681833854243526,154.605743161027,0.0016909653121675967,0.0016773219832393268,0.4830068380873742,1.4354014762696599,2.6181003899614197,0.4830068380873742,True,True,True,False,False,True,0.8502091064000744,False,0.0,偏強 (RS上升),6209.TW,今國光,3,v1,phase6a,2026-07-12,2,5,5,5,3,5,v1,64,0.896551724137931,64,0.896551724137931,8,0.9885057471264368,^TWII,yfinance,2y,2026-10-05,scan_20261006_171949,False,False
False,0,-1.1833356221516926,-1.416669209798177,False,True,強烈賣出 (跌破),88.30000305175781,2026-10-05 00:00:00,89.58499946594239,-0.03999977111816122,True,False,0.8696091426612982,False,0.001776229756754565,41.756726367929176,0.001878502432685589,0.0018979109304589404,-0.5698262482050742,-1.8168460142076404,-2.3888044126448627,-0.5698262482050742,False,False,False,False,False,False,0.0,False,-0.07052628366570723,中性,4590.TW,富田-創,0,v1,phase6a,2026-07-12,0,0,0,0,0,0,v1,533,0.12643678160919541,533,0.12643678160919541,533,0.12643678160919541,^TWII,yfinance,2y,2026-10-05,scan_20261006_171949,False,False
True,0,4.099999745686849,2.833332697550456,True,False,買入 (動能增強),63.599998474121094,2026-10-05 00:00:00,63.65000057220459,-0.005000114440917969,False,False,0.3126204160557997,False,0.0012793681304072155,49.2141955561493,0.0013108301307116182,0.0012519212340112813,-0.2520115563453662,1.4185241171311702,16.624439663274472,-0.2520115563453662,False,True,True,False,False,False,0.5887402393428888,False,-0.07558145853169207,中性,8431.TWO,匯鑽科,2,v1,phase6a,2026-07-12,0,2,2,2,2,2,v1,248,0.5944170771756979,248,0.5944170771756979,248,0.5944170771756979,^TWII,yfinance,2y,2026-10-05,scan_20261006_171949,False,False
True,0,1.2333335876464844,1.5000006357828775,True,False,觀望 (動能減弱),59.599998474121094,2026-10-05 00:00:00,59.48999938964844,0.010514640808104048,False,True,0.32890525658877345,False,0.0011989047240486264,38.282789662588286,0.0012549938211601627,0.001281920659523858,-0.46824689880385906,-0.9808757158633608,-1.2211215814418641,-0.46824689880385906,False,False,False,False,False,False,0.0,False,-0.018795503177026718,中性,8099.TWO,大世科,0,v1,phase6a,2026-07-12,0,0,2,0,0,0,v1,592,0.029556650246305417,592,0.029556650246305417,592,0.029556650246305417,^TWII,yfinance,2y,2026-10-05,scan_20261006_171949,False,False
True,1,0.7083339691162109,0.275000254313151,True,False,買入 (動能增強),51.70000076293945,2026-10-05 00:00:00,49.9975004196167,0.125,False,True,2.954323810686124,True,0.001039989542531943,44.948319080478235,0.00105705942330243,0.001089659690071196,-0.16969532454849112,-0.870883447454851,-3.467109173810823,-0.16969532454849112,False,False,False,False,False,False,0.06445771500753039,False,-0.04963236557364836,中性,8070.TW,長華*,2,v1,phase6a,2026-07-12,0,2,4,2,2,2,v1,242,0.6042692939244664,242,0.6042692939244664,242,0.6042692939244664,^TWII,yfinance,2y,2026-10-05,scan_20261006_171949,False,False
True,0,0.24999999999999997,0.01666673024495438,True,False,買入 (動能增強),27.700000762939453,2026-10-05 00:00:00,27.549999904632568,-0.039999961853027344,True,True,0.6946048306292947,False,0.0005572091043804074,38.43632074667594,0.000585748217211371,0.0006425749900079578,-0.5102514189452179,-1.744525353792803,-8.409294667805034,-0.5102514189452179,False,False,False,False,False,False,0.0,False,-0.1538956931974108,中性,3379.TWO,彬台,2,v1,phase6a,2026-07-12,0,2,3,2,2,2,v1,155,0.7471264367816092,155,0.7471264367816092,158,0.7422003284072249,^TWII,yfinance,2y,2026-10-05,scan_20261006_171949,False,False
True,0,-0.6499996185302735,-1.5833333333333333,True,False,觀察 (跌勢收斂),65.0999984741211,2026-10-05 00:00:00,65.49500007629395,0.004999923706051845,False,False,0.7620871343221749,False,0.0013095419077916864,37.63285373457084,0.001380631605701753,0.0014191489537102196,-0.5390855614727297,-1.472191487923502,-5.9684493140099715,-0.5390855614727297,False,False,False,False,False,False,0.3491345534956741,False,-0.13430849579784698,中性,6269.TW,台郡,2,v1,phase6a,2026-07-12,0,2,3,2,2,2,v1,211,0.6551724137931034,211,0.6551724137931034,214,0.6502463054187192,^TWII,yfinance,2y,2026-10-05,scan_20261006_171949,True,False
True,0,-7.916666666666666,-14.749999999999996,True,False,觀察 (跌勢收斂),282.0,2026-10-05 00:00:00,285.0,0.25,False,False,1.0392882465755673,False,0.005672670148280543,184.89661910612188,0.00591668271825425,0.005682953131772684,-0.4322440581341569,-0.7214883907759262,1.8568978016776594,-0.4322440581341569,False,False,True,False,False,False,0.6164979264170439,False,-0.09615384615384615,中性,3006.TW,晶豪科,1,v1,phase6a,2026-07-12,0,1,2,1,1,1,v1,324,0.4696223316912972,324,0.4696223316912972,324,0.4696223316912972,^TWII,yfinance,2y,2026-10-05,scan_20261006_171949,False,False
True,0,-0.4166679382324219,-0.47500101725260413,True,False,觀察 (跌勢收斂),48.849998474121094,2026-10-05 00:00:00,49.19999961853027,-0.015000152587894888,False,False,0.9371544243060371,False,0.0009826593194599176,44.64574392032851,0.0010356246030046353,0.001070470362128143,-0.5354680716042948,-1.6642316130982104,-3.969338228142838,-0.5354680716042948,False,False,False,False,False,False,0.0,False,-0.01907632083320343,中性,9926.TW,新海,1,v1,phase6a,2026-07-12,0,1,1,1,1,1,v1,424,0.3054187192118227,424,0.3054187192118227,424,0.3054187192118227,^TWII,yfinance,2y,2026-10-05,scan_20261006_171949,False,False
True,0,0.46666749318440753,0.23333390553792316,True,False,買入 (動能增強),27.200000762939453,2026-10-05 00:00:00,27.032500076293946,0.027500057220461116,False,True,1.648675495323944,True,0.0005471511785855838,35.74599355434023,0.0005706793120911714,0.0006006170800768816,-0.4321067588662575,-1.0733833723229003,-3.5082792186440614,-0.4321067588662575,False,False,False,False,False,False,0.0,False,-0.05061078097372773,中性,6124.TWO,業強,2,v1,phase6a,2026-07-12,0,2,4,2,2,2,v1,193,0.6847290640394089,193,0.6847290640394089,196,0.6798029556650246,^TWII,yfinance,2y,2026-10-05,scan_20261006_171949,False,False
True,0,4.333333333333333,3.333333333333333,True,False,買入 (動能增強),187.0,2026-10-05 00:00:00,186.55,0.0,False,True,1.5566213570684575,True,0.003761664247264048,40.22388849343694,0.00395015676625267,0.004019708168609211,-0.4997815456898258,-1.4701287022371279,-4.805947034620484,-0.4997815456898258,False,False,False,False,False,False,0.0,False,-0.05316455696202527,中性,5288.TW,豐祥-KY,2,v1,phase6a,2026-07-12,0,2,3,2,2,2,v1,185,0.6978653530377669,185,0.6978653530377669,188,0.6929392446633826,^TWII,yfinance,2y,2026-10-05,scan_20261006_171949,False,False
True,0,3.400001525878906,2.050001780192057,True,False,買入 (動能增強),93.0,2026-10-05 00:00:00,91.65499954223633,0.015000152587887783,False,True,0.9904373276020026,False,0.0018707741978372001,42.05085593656489,0.0019504876494377968,0.0021786862288818965,-0.4283517060791886,-0.9064596618387544,-5.8189549171901,-0.4283517060791886,False,False,False,False,False,False,0.0,False,-0.1806167400881057,中性,6854.TW,錼創科技-KY創,2,v1,phase6a,2026-07-12,0,2,4,2,2,2,v1,234,0.6174055829228243,234,0.6174055829228243,235,0.6157635467980296,^TWII,yfinance,2y,2026-10-05,scan_20261006_171949,False,False
True,0,0.016666412353515646,0.08333333333333337,True,False,觀望 (動能減弱),58.5,2026-10-05 00:00:00,58.525,0.010000038146969814,False,False,0.7293281064819035,False,0.001176777317994368,36.49742949088553,0.0012351369810449007,0.00131200577313254,-0.4949021908264073,-1.5810157599867924,-4.117416543018293,-0.4949021908264073,False,False,False,False,False,False,0.0,False,-0.12556055806111655,中性,6846.TWO,綠茵,0,v1,phase6a,2026-07-12,0,0,1,0,0,0,v1,577,0.054187192118226604,577,0.054187192118226604,577,0.054187192118226604,^TWII,yfinance,2y,2026-10-05,scan_20261006_171949,False,False
True,2,0.16666539510091147,0.1333325703938802,True,False,買入 (動能增強),54.79999923706055,2026-10-05 00:00:00,54.964999771118165,0.014999961853028765,False,False,1.4728848172734919,False,0.001102348651765496,40.64880229655637,0.0011596163499511683,0.0012207300503862882,-0.5171541244285316,-1.4095039217016159,-3.982363875584083,-0.5171541244285316,False,False,False,False,False,False,0.0,False,-0.04046693230763987,中性,2496.TW,卓越,2,v1,phase6a,2026-07-12,0,2,3,2,2,2,v1,129,0.7898193760262726,129,0.7898193760262726,133,0.7832512315270936,^TWII,yfinance,2y,2026-10-05,scan_20261006_171949,False,False
True,1,-0.2333329518636067,-0.2583332061767578,True,False,觀察 (跌勢收斂),23.350000381469727,2026-10-05 00:00:00,23.562499904632567,0.005000019073484907,False,False,0.47156432547523736,False,0.0004697051422918532,43.238044259264804,0.0004977995608579543,0.0005179953675854357,-0.5905674801526262,-2.0439323163567225,-6.335632629180365,-0.5905674801526262,False,False,False,False,False,False,0.0,False,-0.17491162505433921,中性,2910.TW,統領,1,v1,phase6a,2026-07-12,0,1,2,1,1,1,v1,322,0.4729064039408867,322,0.4729064039408867,322,0.4729064039408867,^TWII,yfinance,2y,2026-10-05,scan_20261006_171949,False,False
True,0,-0.09166701634724934,-0.10000022252400716,True,False,觀察 (跌勢收斂),13.149999618530273,2026-10-05 00:00:00,13.292500066757203,-0.015000009536741743,False,False,1.84550149236601,True,0.0002645234407302738,29.422535460722443,0.0002803005355468478,0.0002935957592578416,-0.5889981804735989,-1.7379992694045,-5.059966888908263,-0.5889981804735989,False,False,False,False,False,False,0.0,False,-0.03261750953822917,中性,2616.TW,山隆,1,v1,phase6a,2026-07-12,0,1,1,1,1,1,v1,311,0.4909688013136289,311,0.4909688013136289,311,0.4909688013136289,^TWII,yfinance,2y,2026-10-05,scan_20261006_171949,False,False
False,0,-0.17500050862630212,-0.9166673024495442,False,True,強烈賣出 (跌破),37.400001525878906,2026-10-05 00:00:00,36.29000015258789,-0.01499996185302166,True,True,2.162259410891175,True,0.0007523328801471631,39.44545742238056,0.0007686040239057408,0.0007939598653085848,-0.22234384972723564,-1.704136882730023,-8.152326391612707,-0.22234384972723564,False,False,False,False,False,False,0.19435228261167023,False,-0.0998796098046627,中性,4976.TW,佳凌,0,v1,phase6a,2026-07-12,0,0,1,0,0,0,v1,539,0.11658456486042693,539,0.11658456486042693,539,0.11658456486042693,^TWII,yfinance,2y,2026-10-05,scan_20261006_171949,False,False
True,2,-6.357828776018537e-07,0.03333218892415365,True,False,賣出 (動能轉弱),55.79999923706055,2026-10-05 00:00:00,56.06499977111817,-0.010000038146969814,True,False,1.9953329836015667,True,0.0011224645033551433,46.71468647867225,0.0011839341590426438,0.0012282536963095275,-0.5435538308069199,-1.5424658602662067,-4.759817439720337,-0.5435538308069199,False,False,False,False,False,False,0.0,False,-0.03460207658130254,中性,1720.TW,生達,0,v1,phase6a,2026-07-12,0,0,0,0,0,0,v1,449,0.26436781609195403,449,0.26436781609195403,449,0.26436781609195403,^TWII,yfinance,2y,2026-10-05,scan_20261006_171949,False,False
True,0,0.16666666666666666,0.11666679382324219,True,False,買入 (動能增強),19.399999618530273,2026-10-05 00:00:00,19.51999988555908,-0.019999980926513672,True,False,0.4882001220256254,False,0.0003902475131655695,18.06242188320914,0.00041577467549398637,0.000463357988200377,-0.6421303140659806,-2.0560919629587726,-9.28101385946809,-0.6421303140659806,False,False,False,False,False,False,0.0,False,-0.2567050063223856,中性,2719.TWO,燦星旅,2,v1,phase6a,2026-07-12,0,2,2,2,2,2,v1,135,0.7799671592775042,135,0.7799671592775042,139,0.7733990147783252,^TWII,yfinance,2y,2026-10-05,scan_20261006_171949,False,False
True,0,0.24166552225748691,0.891665776570638,True,False,觀望 (動能減弱),45.599998474121094,2026-10-05 00:00:00,46.640000343322754,-0.08500003814697266,False,False,0.49795349366445685,False,0.0009172828017935639,91.1727576244907,0.0009733784185272975,0.0009243507852320276,-0.6029718103108705,-1.2364307412600972,3.5433895294117335,-0.6029718103108705,False,False,True,False,False,False,0.5166207366872596,False,-0.052959563259562414,中性,2851.TW,中再保,0,v1,phase6a,2026-07-12,0,0,0,0,0,0,v1,493,0.1921182266009852,493,0.1921182266009852,493,0.1921182266009852,^TWII,yfinance,2y,2026-10-05,scan_20261006_171949,False,False
True,0,0.7750002543131509,0.5583333969116211,True,False,買入 (動能增強),29.100000381469727,2026-10-05 00:00:00,28.840000247955324,0.02500000000000213,False,True,6.205076021651223,True,0.0005853712889323252,40.08268854294439,0.0006083582525637026,0.0006339871997700146,-0.39616368760728715,-0.9595952806518482,-2.04453949554374,-0.39616368760728715,False,False,False,False,False,False,0.1760442479468515,False,-0.03859052335467095,中性,6134.TWO,萬旭,2,v1,phase6a,2026-07-12,0,2,4,2,2,2,v1,194,0.6830870279146142,194,0.6830870279146142,197,0.6781609195402298,^TWII,yfinance,2y,2026-10-05,scan_20261006_171949,False,False
True,0,1.3166669209798176,1.3500010172526042,True,False,觀望 (動能減弱),69.69999694824219,2026-10-05 00:00:00,69.30500068664551,-0.020000076293939628,True,True,0.5963868250206604,False,0.0014020747944097107,38.40504346239187,0.0014693449962476079,0.0015299140685729122,-0.47960910613510377,-1.0640303319332967,-4.857209558045716,-0.47960910613510377,False,False,False,False,False,False,0.0,False,-0.052009312511206884,中性,6874.TWO,倍力,0,v1,phase6a,2026-07-12,0,0,1,0,0,0,v1,579,0.05090311986863711,579,0.05090311986863711,579,0.05090311986863711,^TWII,yfinance,2y,2026-10-05,scan_20261006_171949,False,False
True,0,0.036666711171468094,0.03500008583068848,True,False,買入 (動能增強),5.21999979019165,2026-10-05 00:00:00,5.198499941825867,0.0029999971389775837,False,True,1.0613592196173636,False,0.00010500474107748536,20.819882373199288,0.00010984619686376336,0.00011588681711192067,-0.46180338053337655,-1.2816877850326591,-4.045120963942905,-0.46180338053337655,False,False,False,False,False,False,0.0,False,-0.050909129056063596,中性,1340.TW,勝悅-KY,2,v1,phase6a,2026-07-12,0,2,4,2,2,2,v1,90,0.8538587848932676,90,0.8538587848932676,95,0.8456486042692939,^TWII,yfinance,2y,2026-10-05,scan_20261006_171949,False,False
True,1,0.11666615804036458,-0.05000050862630208,True,False,買入 (動能增強),60.0,2026-10-05 00:00:00,59.925,-0.014999961853028765,True,True,0.8088694024677666,False,0.0012069510953788389,42.32198617972753,0.0012654619274927918,0.0013305094294125824,-0.48434518942551685,-1.3307637378871306,-4.668084000016592,-0.48434518942551685,False,False,False,False,False,False,0.0,False,-0.04791513520895141,中性,6203.TWO,海韻電,2,v1,phase6a,2026-07-12,0,2,3,2,2,2,v1,203,0.6683087027914614,203,0.6683087027914614,206,0.6633825944170771,^TWII,yfinance,2y,2026-10-05,scan_20261006_171949,False,False
True,0,0.14166704813639325,0.0666669209798177,True,False,買入 (動能增強),19.75,2026-10-05 00:00:00,20.14000015258789,0.01249999999999929,False,False,0.6379827091149821,False,0.00039728806889553444,44.17343140135247,0.00042260227335449063,0.00044160461320910313,-0.6265836666755287,-1.420732412522907,-0.7837899543266857,-0.6265836666755287,False,False,False,False,False,False,0.0,False,-0.06619383658540035,中性,8034.TWO,榮群,3,v1,phase6a,2026-07-12,0,3,4,3,3,3,v1,77,0.8752052545155994,77,0.8752052545155994,80,0.8702791461412152,^TWII,yfinance,2y,2026-10-05,scan_20261006_171949,True,False
True,1,-0.055000027020772294,-0.05333336194356282,True,False,賣出 (動能轉弱),2.950000047683716,2026-10-05 00:00:00,2.9480000138282776,-0.005999994277954279,False,True,0.8390534186586118,False,5.9341763148658125e-05,18.842097242958076,6.242839504669411e-05,6.668352284718497e-05,-0.5177554038703902,-1.5815676773468845,-8.142109595709057,-0.5177554038703902,False,False,False,False,False,False,0.13430050061368395,False,-0.13994169379923338,中性,9110.TW,越南控-DR,0,v1,phase6a,2026-07-12,0,0,1,0,0,0,v1,605,0.008210180623973728,605,0.008210180623973728,605,0.008210180623973728,^TWII,yfinance,2y,2026-10-05,scan_20261006_171949,False,False
True,1,0.003333409627278648,-0.04833316802978515,True,False,買入 (動能增強),9.649999618530273,2026-10-05 00:00:00,9.674499940872192,0.0009999752044667076,False,False,0.40968776121298045,False,0.00019411796016650818,26.15415219077655,0.00020405088410417393,0.00021522088274937757,-0.5097947405173886,-1.6219639852162349,-4.251165287700132,-0.5097947405173886,False,False,False,False,False,False,0.0,False,-0.11467890309601192,中性,1626.TW,艾美特-KY,2,v1,phase6a,2026-07-12,0,2,3,2,2,2,v1,101,0.8357963875205254,101,0.8357963875205254,106,0.8275862068965517,^TWII,yfinance,2y,2026-10-05,scan_20261006_171949,False,False
True,1,-0.07500076293945312,-0.03333409627278646,True,False,賣出 (動能轉弱),32.79999923706055,2026-10-05 00:00:00,32.847500038146975,-0.020000076293939628,True,False,0.5151046874526558,False,0.0006597999167932551,28.625523922771748,0.00069322651122818,0.0007260894417415518,-0.5050037506256766,-1.750559888334846,-5.087871460067883,-0.5050037506256766,False,False,False,False,False,False,0.0,False,-0.07865166733352436,中性,7760.TW,享溫馨,1,v1,phase6a,2026-07-12,0,1,1,1,1,1,v1,399,0.3464696223316913,399,0.3464696223316913,399,0.3464696223316913,^TWII,yfinance,2y,2026-10-05,scan_20261006_171949,True,False
True,1,-0.3666667938232422,-0.375,True,False,觀察 (跌勢收斂),42.70000076293945,2026-10-05 00:00:00,42.80749988555908,0.005000114440917969,False,False,1.3690925996759618,False,0.0008589468782251172,37.123107495838035,0.000901929410877435,0.0009298433482845331,-0.49914035134051016,-1.7830992059704176,-4.4859607384641675,-0.49914035134051016,False,False,False,False,False,False,0.0,False,-0.026165738061958654,中性,1339.TW,昭輝,1,v1,phase6a,2026-07-12,0,1,2,1,1,1,v1,268,0.5615763546798029,268,0.5615763546798029,269,0.5599343185550082,^TWII,yfinance,2y,2026-10-05,scan_20261006_171949,False,False
True,0,-0.45000004768371576,-0.25,True,False,賣出 (動能轉弱),6.71999979019165,2026-10-05 00:00:00,7.068499994277954,-0.05900001525878906,True,False,0.7444375721815664,False,0.00013517851846195632,17.94677445355504,0.0001513010070124211,0.00017410139414941796,-1.1092320330432948,-4.707462324310619,-17.05656916011159,-1.1092320330432948,False,False,False,False,False,False,0.0,False,-0.25333335664537215,中性,4943.TW,康控-KY,0,v1,phase6a,2026-07-12,0,0,0,0,0,0,v1,537,0.11986863711001643,537,0.11986863711001643,537,0.11986863711001643,^TWII,yfinance,2y,2026-10-05,scan_20261006_171949,False,False
True,1,0.10833326975504556,0.04999987284342447,True,False,買入 (動能增強),29.0,2026-10-05 00:00:00,28.807499980926515,0.01750001907348775,False,True,1.3363623141228538,False,0.0005833596960997721,57.14680620139429,0.000608113870298648,0.0006298202568682486,-0.4266610508498525,-1.2578984781747238,-3.822067213763314,-0.4266610508498525,False,False,False,False,False,False,0.0,False,-0.0013500247554895095,中性,4111.TWO,濟生,4,v1,phase6a,2026-07-12,0,4,6,4,4,4,v1,15,0.9770114942528736,15,0.9770114942528736,22,0.9655172413793104,^TWII,yfinance,2y,2026-10-05,scan_20261006_171949,False,True
True,1,-0.16666666666666674,-0.9166666666666666,True,False,觀察 (跌勢收斂),111.5,2026-10-05 00:00:00,111.75,-0.04999999999999716,False,False,0.7168157035586951,False,0.0022429174522456755,81.77171221983332,0.0023287138247612806,0.0022793057052752264,-0.3863208785571004,-0.9949012744068342,2.0796916819483258,-0.3863208785571004,False,False,True,False,False,False,0.3563838508509731,False,-0.0304347826086957,中性,2882.TW,國泰金,1,v1,phase6a,2026-07-12,0,1,1,1,1,1,v1,318,0.4794745484400657,318,0.4794745484400657,318,0.4794745484400657,^TWII,yfinance,2y,2026-10-05,scan_20261006_171949,False,False
False,0,-0.3166666030883789,-0.3249999682108561,False,True,強烈賣出 (跌破),10.300000190734863,2026-10-05 00:00:00,10.65499997138977,-0.022499990463256125,False,False,1.1230514751965064,False,0.00020719327521016154,28.421861584324002,0.00022393475923841548,0.00023377434321421715,-0.7808084799147852,-2.1677989307067103,-5.597885699480088,-0.7808084799147852,False,False,False,False,False,False,0.0,False,-0.12340423908639464,中性,1316.TW,上曜,0,v1,phase6a,2026-07-12,0,0,0,0,0,0,v1,433,0.29064039408866993,433,0.29064039408866993,433,0.29064039408866993,^TWII,yfinance,2y,2026-10-05,scan_20261006_171949,False,False
True,0,-0.15833282470703117,-0.2583332061767578,True,False,觀察 (跌勢收斂),39.20000076293945,2026-10-05 00:00:00,39.402499961853025,0.0,False,False,0.6776548839509072,False,0.0007885413976613516,40.77033512897664,0.0008324653502274385,0.0008613131529498495,-0.5523396404801817,-1.585541753040265,-5.361373802682001,-0.5523396404801817,False,False,False,False,False,False,0.0,False,-0.09259259095734862,中性,2009.TW,第一銅,2,v1,phase6a,2026-07-12,0,2,2,2,2,2,v1,108,0.8243021346469622,108,0.8243021346469622,113,0.8160919540229885,^TWII,yfinance,2y,2026-10-05,scan_20261006_171949,True,False
True,1,0.5416666666666666,0.9333337148030598,True,False,觀望 (動能減弱),48.95000076293945,2026-10-05 00:00:00,49.12750053405762,0.10750007629394531,False,False,0.2587221711964607,False,0.0009846709506604128,69.31643992594414,0.0010205138511789039,0.000985429022344279,-0.36834770697099506,-0.29416524422841706,8.136852101443214,-0.36834770697099506,False,False,True,False,False,False,0.5063639079643203,False,-0.02002001971423295,中性,4198.TWO,欣大健康,0,v1,phase6a,2026-07-12,0,0,1,0,0,0,v1,522,0.1444991789819376,522,0.1444991789819376,522,0.1444991789819376,^TWII,yfinance,2y,2026-10-05,scan_20261006_171949,False,False
True,0,-3.833333333333333,-4.249999999999999,True,False,觀察 (跌勢收斂),270.0,2026-10-05 00:00:00,273.45,-0.25,True,False,0.6589294477304216,False,0.0054312799292047746,49.70989764046492,0.005741700345439008,0.005874058476285763,-0.5658764215638379,-1.6840551427206418,-3.4520037607866483,-0.5658764215638379,False,False,False,False,False,False,0.0,False,-0.060869565217391286,中性,6670.TW,復盛應用,1,v1,phase6a,2026-07-12,0,1,1,1,1,1,v1,380,0.37766830870279144,380,0.37766830870279144,380,0.37766830870279144,^TWII,yfinance,2y,2026-10-05,scan_20261006_171949,False,False
True,0,0.37499968210856116,0.15833282470703125,True,False,買入 (動能增強),18.0,2026-10-05 00:00:00,17.567499828338622,0.010000038146973367,False,True,2.218187494351837,True,0.00036208532861365164,33.013109324986246,0.00037285773795693513,0.00039824613916888306,-0.3031986803546216,-0.745648516350661,-5.149062547722439,-0.3031986803546216,False,False,False,False,False,False,0.00643978860282481,False,-0.09547736959557784,中性,6210.TWO,慶生,2,v1,phase6a,2026-07-12,0,2,4,2,2,2,v1,204,0.6666666666666666,204,0.6666666666666666,207,0.6617405582922824,^TWII,yfinance,2y,2026-10-05,scan_20261006_171949,False,False
True,0,0.0666662851969401,0.04999971389770508,True,False,買入 (動能增強),15.899999618530273,2026-10-05 00:00:00,15.967499923706054,-0.025000000000000355,False,False,0.9107369724407708,False,0.0003198420326018039,34.9374722453652,0.00033822284173465236,0.00035673350944149986,-0.5688015353415232,-1.7247957759005672,-6.71091660711226,-0.5688015353415232,False,False,False,False,False,False,0.0,False,-0.1038615685052805,中性,3373.TWO,熱映,2,v1,phase6a,2026-07-12,0,2,2,2,2,2,v1,154,0.7487684729064039,154,0.7487684729064039,157,0.7438423645320197,^TWII,yfinance,2y,2026-10-05,scan_20261006_171949,False,False
False,0,0.8083333969116211,0.3166666030883789,False,True,強烈買入 (爆發),24.600000381469727,2026-10-05 00:00:00,23.005000019073485,0.06999998092651083,False,True,5.382423560724318,True,0.0004948499567789123,29.434665016455916,0.00048765769785946754,0.0005063937894043491,0.1554896129335015,-0.5735117288392599,-3.400523358717489,0.1554896129335015,True,False,False,False,False,False,0.43881216196305145,False,-0.03529410268746169,中性,3540.TWO,曜越,3,v1,phase6a,2026-07-12,0,3,5,3,3,3,v1,53,0.9146141215106732,53,0.9146141215106732,60,0.90311986863711,^TWII,yfinance,2y,2026-10-05,scan_20261006_171949,False,False
True,0,-0.5083332061767578,-0.3333333333333333,True,False,賣出 (動能轉弱),46.0,2026-10-05 00:00:00,46.152499771118165,0.014999961853028765,False,False,1.8601622991606017,True,0.0009253291731237764,46.848923619879145,0.0009764316553436972,0.001007060237157203,-0.5478864465628064,-1.8086112024477075,-6.2729611221183585,-0.5478864465628064,False,False,False,False,False,False,0.0,False,-0.06693710523589258,中性,4120.TWO,友華,1,v1,phase6a,2026-07-12,0,1,2,1,1,1,v1,342,0.4400656814449918,342,0.4400656814449918,342,0.4400656814449918,^TWII,yfinance,2y,2026-10-05,scan_20261006_171949,True,False
True,0,0.44999885559082026,0.5083319346110025,True,False,觀望 (動能減弱),40.04999923706055,2026-10-05 00:00:00,40.312500190734866,0.002499961853033028,False,False,0.561743526664734,False,0.0008056398408181981,48.12381329712499,0.0008588795607754331,0.0009162983493097739,-0.6482691087178138,-2.1169953175524614,-8.223332702542141,-0.6482691087178138,False,False,False,False,False,False,0.0,False,-0.20535718205293985,中性,3704.TW,合勤控,0,v1,phase6a,2026-07-12,0,0,1,0,0,0,v1,511,0.1625615763546798,511,0.1625615763546798,511,0.1625615763546798,^TWII,yfinance,2y,2026-10-05,scan_20261006_171949,False,False
True,0,0.15833377838134766,0.033333778381347656,True,False,買入 (動能增強),12.350000381469727,2026-10-05 00:00:00,12.144999980926514,0.0,False,True,0.8781013827400912,False,0.00024843077480573276,33.09913919131398,0.00025673184578153927,0.0002684456689959999,-0.3391994583557767,-0.7271290581037038,-3.6697296048515904,-0.3391994583557767,False,False,False,False,False,False,0.0,False,-0.05338276827950117,中性,1305.TW,華夏,2,v1,phase6a,2026-07-12,0,2,3,2,2,2,v1,84,0.8637110016420362,84,0.8637110016420362,89,0.8555008210180624,^TWII,yfinance,2y,2026-10-05,scan_20261006_171949,False,False
True,0,0.8833325703938802,0.6833330790201823,True,False,買入 (動能增強),59.099998474121094,2026-10-05 00:00:00,58.520000267028806,0.125,False,True,0.7285966200819586,False,0.0011888467982538026,62.60522791284967,0.0012360438510167079,0.0013041417252831595,-0.4003273916720729,-1.1056379784297965,-2.7957129516644086,-0.4003273916720729,False,False,False,False,False,False,0.0,False,-0.22236844112998566,中性,8926.TW,台汽電,2,v1,phase6a,2026-07-12,0,2,4,2,2,2,v1,252,0.5878489326765188,252,0.5878489326765188,252,0.5878489326765188,^TWII,yfinance,2y,2026-10-05,scan_20261006_171949,False,False
False,0,0.90833314259847,0.6083332697550455,False,True,強烈買入 (爆發),29.5,2026-10-05 00:00:00,28.040000247955323,0.07749996185302876,False,True,2.295364579469028,True,0.0005934176218945958,45.257600954604165,0.0005955321106568949,0.0006162649299649692,-0.0373606400047688,-0.30446501909883184,-3.6967712991809676,-0.0373606400047688,False,False,False,False,False,False,0.1396661240514125,False,0.0,中性,5353.TWO,台林,3,v1,phase6a,2026-07-12,0,3,5,3,3,3,v1,59,0.9047619047619048,59,0.9047619047619048,64,0.896551724137931,^TWII,yfinance,2y,2026-10-05,scan_20261006_171949,False,False
True,0,-0.01666673024495443,-0.041666666666666664,True,False,觀察 (跌勢收斂),10.949999809265137,2026-10-05 00:00:00,10.810000133514404,0.01249999999999929,False,True,1.6961398075434133,True,0.0002202685710698439,32.46574293479808,0.00022853224473908275,0.00024179301208444062,-0.3791858778978807,-1.3821608273354102,-4.8954580574541495,-0.3791858778978807,False,False,False,False,False,False,0.0,False,-0.03947366880027603,中性,1220.TW,台榮,1,v1,phase6a,2026-07-12,0,1,3,1,1,1,v1,261,0.5730706075533661,261,0.5730706075533661,263,0.5697865353037767,^TWII,yfinance,2y,2026-10-05,scan_20261006_171949,False,False
True,0,-0.3166669209798177,-0.3500000635782878,True,False,觀察 (跌勢收斂),18.299999237060547,2026-10-05 00:00:00,18.549999904632568,-0.02500000000000213,True,False,0.9796686107645987,False,0.00036812006874336906,40.98014751332868,0.0003926568604961178,0.00042440644294282435,-0.6534820036419808,-2.065068398100245,-8.247476819169453,-0.6534820036419808,False,False,False,False,False,False,0.0,False,-0.16055046433441666,中性,1616.TW,億泰,1,v1,phase6a,2026-07-12,0,1,1,1,1,1,v1,288,0.5287356321839081,288,0.5287356321839081,289,0.5270935960591133,^TWII,yfinance,2y,2026-10-05,scan_20261006_171949,False,False
False,0,0.2000001271565755,0.11666679382324217,False,True,強烈買入 (爆發),17.149999618530273,2026-10-05 00:00:00,16.91249990463257,0.009999942779540305,False,True,1.0098890904576383,False,0.000344986847088863,29.04605272290259,0.00035775619721683643,0.00037186640933855263,-0.3743082285082244,-0.8251961639403005,-3.9699835186051025,-0.3743082285082244,False,False,False,False,False,False,0.0,False,-0.005797123563462403,中性,6248.TWO,沛波,3,v1,phase6a,2026-07-12,0,3,5,3,3,3,v1,65,0.8949096880131363,65,0.8949096880131363,69,0.8883415435139573,^TWII,yfinance,2y,2026-10-05,scan_20261006_171949,False,False
False,0,0.9333333969116211,0.9500001271565756,False,True,強烈買入 (爆發),31.350000381469727,2026-10-05 00:00:00,31.842500114440917,-0.0024999618530294754,True,False,1.1228427383888704,False,0.0006306319550090317,31.20940842327447,0.0006758675360543035,0.0007227772265499576,-0.6995938870653085,-0.8160429931089008,-5.062494282383911,-0.6995938870653085,False,False,False,False,False,False,0.0,False,-0.2073973703793861,中性,6698.TW,旭暉應材,3,v1,phase6a,2026-07-12,0,3,3,3,3,3,v1,70,0.8866995073891626,70,0.8866995073891626,73,0.8817733990147784,^TWII,yfinance,2y,2026-10-05,scan_20261006_171949,False,False
False,0,-2.63333257039388,-2.900000254313151,False,True,強烈賣出 (跌破),74.30000305175781,2026-10-05 00:00:00,76.42499961853028,-0.19499969482421875,False,False,0.6209836643799869,False,0.0014946078344995027,67.74501230044055,0.001585482186866315,0.0015595682377500494,-0.5997137297747868,-2.2216378946117388,0.6404093642720987,-0.5997137297747868,False,False,True,False,False,False,0.30797909367658055,False,-0.06775400380493335,中性,2606.TW,裕民,0,v1,phase6a,2026-07-12,0,0,0,0,0,0,v1,478,0.21674876847290642,478,0.21674876847290642,478,0.21674876847290642,^TWII,yfinance,2y,2026-10-05,scan_20261006_171949,False,False
True,1,-1.2999992370605469,-1.9666671752929683,True,False,觀察 (跌勢收斂),97.9000015258789,2026-10-05 00:00:00,98.1349998474121,-0.05000000000001137,True,False,0.6797426494329246,False,0.0019693419013208256,18.82909952312761,0.002063276909513491,0.0021790241029012824,-0.4769469158864337,-1.4551465383811024,-3.909735454355656,-0.4769469158864337,False,False,False,False,False,False,0.3909073544102754,False,-0.08930231138717293,中性,7842.TWO,天能綠電,1,v1,phase6a,2026-07-12,0,1,1,1,1,1,v1,404,0.33825944170771755,404,0.33825944170771755,404,0.33825944170771755,^TWII,yfinance,2y,2026-10-05,scan_20261006_171949,False,False
True,0,0.4500001271565755,0.3083337148030599,True,False,買入 (動能增強),35.099998474121094,2026-10-05 00:00:00,34.795000076293945,-0.007500076293943891,True,True,0.7797950266252319,False,0.0007060663601022671,42.30930634684905,0.000738657247141597,0.0007840513490244252,-0.462292922670382,-1.6377939694857235,-6.624352032045833,-0.462292922670382,False,False,False,False,False,False,0.0,False,-0.10000003912510014,中性,6151.TWO,晉倫,2,v1,phase6a,2026-07-12,0,2,3,2,2,2,v1,197,0.6781609195402298,197,0.6781609195402298,200,0.6732348111658456,^TWII,yfinance,2y,2026-10-05,scan_20261006_171949,False,False
False,0,-0.650000254313151,-0.6083332697550455,False,True,強烈賣出 (跌破),25.299999237060547,2026-10-05 00:00:00,25.924999904632568,-0.04250001907348633,True,False,1.2997650302960029,False,0.0005089310298709003,68.80240669495878,0.0005465398797279275,0.0005771185747848273,-0.719134533357757,-2.3110905015137684,-6.8986701265717265,-0.719134533357757,False,False,False,False,False,False,0.0,False,-0.07155966102530098,中性,8422.TW,可寧衛*,0,v1,phase6a,2026-07-12,0,0,0,0,0,0,v1,596,0.022988505747126436,596,0.022988505747126436,596,0.022988505747126436,^TWII,yfinance,2y,2026-10-05,scan_20261006_171949,False,False
True,0,-0.1316665013631185,-0.1933329900105794,True,False,觀察 (跌勢收斂),9.449999809265137,2026-10-05 00:00:00,9.491999912261964,-0.013999986648558504,True,False,1.4593661983751949,False,0.0001900947936853729,32.326879700154535,0.00020051603983121008,0.00021502328024767373,-0.5440984495937329,-1.9366738399185235,-6.975956703299202,-0.5440984495937329,False,False,False,False,False,False,0.0,False,-0.09134613885681953,中性,1471.TW,首利,1,v1,phase6a,2026-07-12,0,1,1,1,1,1,v1,279,0.5435139573070608,279,0.5435139573070608,280,0.541871921182266,^TWII,yfinance,2y,2026-10-05,scan_20261006_171949,False,False
True,0,-0.07499988873799641,-0.06666668256123862,True,False,賣出 (動能轉弱),7.880000114440918,2026-10-05 00:00:00,7.987999987602234,-0.007000017166137518,False,False,1.1249403357647678,False,0.00015851291282849736,32.13178016026351,0.00016824697855658837,0.00017586187138845174,-0.6053220944685633,-1.835378704308377,-4.680497392228444,-0.6053220944685633,False,False,False,False,False,False,0.0,False,-0.04594283932834331,中性,1806.TW,冠軍,0,v1,phase6a,2026-07-12,0,0,0,0,0,0,v1,455,0.2545155993431856,455,0.2545155993431856,455,0.2545155993431856,^TWII,yfinance,2y,2026-10-05,scan_20261006_171949,False,False
True,0,0.40833314259847003,0.3166666030883789,True,False,買入 (動能增強),29.850000381469727,2026-10-05 00:00:00,29.245000076293945,0.019999980926513672,False,True,0.5890262445823803,False,0.0006004581776245607,45.456605216999705,0.0006249903254681458,0.0006670458243207846,-0.4114792644155152,-1.3298738847948521,-8.882121227189677,-0.4114792644155152,False,False,False,False,False,False,0.0,False,-0.10762332733511637,中性,4560.TW,強信-KY,2,v1,phase6a,2026-07-12,0,2,4,2,2,2,v1,179,0.7077175697865353,179,0.7077175697865353,182,0.7027914614121511,^TWII,yfinance,2y,2026-10-05,scan_20261006_171949,False,False
True,0,1.25,1.6666666666666667,True,False,觀望 (動能減弱),152.0,2026-10-05 00:00:00,151.025,0.25,False,True,0.7206941583449441,False,0.003057609441626392,84.88461020247766,0.003149067578165335,0.0030182029408625543,-0.30478324206347773,-0.693122245752753,4.753679456534399,-0.30478324206347773,False,True,True,False,False,False,0.5165869150886001,False,-0.016181229773462813,中性,2881.TW,富邦金,0,v1,phase6a,2026-07-12,0,0,2,0,0,0,v1,494,0.19047619047619047,494,0.19047619047619047,494,0.19047619047619047,^TWII,yfinance,2y,2026-10-05,scan_20261006_171949,False,False
True,0,0.7664356231689452,0.6016991933186848,True,False,買入 (動能增強),38.25,2026-10-05 00:00:00,37.96602172851563,0.03986587524414631,False,True,1.2104451719018252,False,0.0007694313233040098,52.27555070792206,0.0008054709030026797,0.0008579327378631712,-0.4687762489079095,-1.1302866900314346,-5.4216587180758395,-0.4687762489079095,False,False,False,False,False,False,0.0,False,-0.15551505834117085,中性,3059.TW,華晶科,2,v1,phase6a,2026-07-12,0,2,4,2,2,2,v1,140,0.7717569786535303,140,0.7717569786535303,143,0.7668308702791461,^TWII,yfinance,2y,2026-10-05,scan_20261006_171949,False,False
True,0,-0.6916662851969401,-0.7083333333333334,True,False,觀察 (跌勢收斂),33.900001525878906,2026-10-05 00:00:00,34.570000076293944,-0.08749999999999858,True,False,0.9803775139641232,False,0.0006819273995833975,33.4663877683395,0.0007330762479230835,0.0007995197056743836,-0.7290966119004594,-3.1225999982120833,-10.539771834633216,-0.7290966119004594,False,False,False,False,False,False,0.0,False,-0.12628860328691238,中性,3040.TW,遠見,1,v1,phase6a,2026-07-12,0,1,1,1,1,1,v1,325,0.46798029556650245,325,0.46798029556650245,325,0.46798029556650245,^TWII,yfinance,2y,2026-10-05,scan_20261006_171949,False,False
True,1,-0.45000139872233075,-0.33333460489908856,True,False,賣出 (動能轉弱),34.0,2026-10-05 00:00:00,34.755000305175784,0.002499961853033028,False,False,1.2391437687803972,False,0.0006839389540480087,36.20964111149255,0.0007299940818375947,0.0007595448816299949,-0.6597211719224338,-1.849673997496104,-3.2003764416668745,-0.6597211719224338,False,False,False,False,False,False,0.0,False,-0.07540568047585261,中性,3206.TWO,志豐,0,v1,phase6a,2026-07-12,0,0,1,0,0,0,v1,503,0.17569786535303777,503,0.17569786535303777,503,0.17569786535303777,^TWII,yfinance,2y,2026-10-05,scan_20261006_171949,False,False
True,0,-0.5833358764648436,-0.43333562215169263,True,False,賣出 (動能轉弱),77.69999694824219,2026-10-05 00:00:00,78.4599998474121,-0.005000305175784092,False,False,1.7109916972006067,True,0.001563001607126889,46.30145529535363,0.0016524238482265646,0.0017090418189019431,-0.5664134987022895,-1.7461207433013826,-3.9631566112148575,-0.5664134987022895,False,False,False,False,False,False,0.0,False,-0.022641547820853036,中性,5609.TWO,中菲行,0,v1,phase6a,2026-07-12,0,0,0,0,0,0,v1,550,0.09852216748768473,550,0.09852216748768473,550,0.09852216748768473,^TWII,yfinance,2y,2026-10-05,scan_20261006_171949,False,False
True,1,0.15833346048990882,0.3416668574015299,True,False,觀望 (動能減弱),20.049999237060547,2026-10-05 00:00:00,20.22500009536743,0.0,False,False,0.616383899203819,False,0.00040332280902525186,37.102359545905465,0.000428034448649686,0.00045271684170502077,-0.6040431347055342,-1.6700756409784412,-4.909184819237444,-0.6040431347055342,False,False,False,False,False,False,0.0,False,-0.10524641661453926,中性,3128.TWO,昇銳,0,v1,phase6a,2026-07-12,0,0,0,0,0,0,v1,502,0.17733990147783252,502,0.17733990147783252,502,0.17733990147783252,^TWII,yfinance,2y,2026-10-05,scan_20261006_171949,False,False
True,1,0.1416667302449544,0.1833333969116211,True,False,觀望 (動能減弱),11.300000190734863,2026-10-05 00:00:00,11.367500019073486,-0.00250000953674423,False,False,0.5143360053513599,False,0.00022730912679980885,28.669440077944152,0.00024021799721262414,0.00025235210045685416,-0.5624829536931331,-1.4123271121137093,-3.955106013571341,-0.5624829536931331,False,False,False,False,False,False,0.0,False,-0.08870963400285892,中性,4108.TW,懷特,0,v1,phase6a,2026-07-12,0,0,0,0,0,0,v1,514,0.15763546798029557,514,0.15763546798029557,514,0.15763546798029557,^TWII,yfinance,2y,2026-10-05,scan_20261006_171949,False,False
True,1,-0.10000006357828775,-0.11666679382324217,True,False,觀察 (跌勢收斂),28.600000381469727,2026-10-05 00:00:00,28.530000114440917,0.005000019073484907,False,True,0.0,False,0.0005753133631375016,39.85359191914346,0.0006033323524814905,0.0006271113518787255,-0.48646812251460503,-1.5731414532504706,-5.6504750299435464,-0.48646812251460503,False,False,False,False,False,False,0.0,False,-0.03865544936236209,中性,6662.TWO,樂斯科,1,v1,phase6a,2026-07-12,0,1,3,1,1,1,v1,379,0.3793103448275862,379,0.3793103448275862,379,0.3793103448275862,^TWII,yfinance,2y,2026-10-05,scan_20261006_171949,False,False
True,0,0.49841562906901044,0.5921087265014648,True,False,觀望 (動能減弱),24.0,2026-10-05 00:00:00,24.245927810668945,0.0020154953002915477,False,False,1.2827121374296584,False,0.00048278043815153554,32.48583910612468,0.0005100018423490039,0.0005121909997775416,-0.5587042162706779,-0.28516083688749916,0.5059534680806443,-0.5587042162706779,False,False,False,False,False,False,0.17380123672895467,False,-0.05325445211655877,中性,6171.TWO,大城地產,0,v1,phase6a,2026-07-12,0,0,1,0,0,0,v1,557,0.08702791461412152,557,0.08702791461412152,557,0.08702791461412152,^TWII,yfinance,2y,2026-10-05,scan_20261006_171949,False,False
True,0,-4.761866251627604,-7.649836222330728,True,False,觀察 (跌勢收斂),128.5,2026-10-05 00:00:00,120.21585350036621,0.7329463958740234,False,True,1.3581562357506798,False,0.0025848869292696796,260.64987116399715,0.002481004564059146,0.0023279038363895384,0.4426995056306726,-0.1618854184593288,8.88856031446814,0.4426995056306726,True,True,True,False,False,True,0.8676645037050054,False,0.0,偏強 (RS上升),1815.TWO,富喬,1,v1,phase6a,2026-07-12,1,2,3,2,1,2,v1,295,0.5172413793103449,295,0.5172413793103449,260,0.5747126436781609,^TWII,yfinance,2y,2026-10-05,scan_20261006_171949,False,False
True,0,0.2833334604899088,0.07500012715657552,True,False,買入 (動能增強),31.399999618530273,2026-10-05 00:00:00,31.682499980926515,0.007499980926514382,False,False,0.781623479867478,False,0.0006316377322413372,38.39516113790298,0.000665932151703939,0.0006843556027690934,-0.539165340239256,-1.5197187528571798,-2.7726687566717034,-0.539165340239256,False,False,False,False,False,False,0.0,False,-0.039755385751627736,中性,2353.TW,宏��,2,v1,phase6a,2026-07-12,0,2,3,2,2,2,v1,115,0.812807881773399,115,0.812807881773399,120,0.8045977011494253,^TWII,yfinance,2y,2026-10-05,scan_20261006_171949,False,False
True,0,-22.09059651692708,-31.219177246093746,True,False,觀察 (跌勢收斂),550.0,2026-10-05 00:00:00,551.2941864013671,-2.0,True,False,1.1131973719895556,False,0.011063718374306022,142.53457612054677,0.011338876898772698,0.011172758397009082,-0.25478941273258116,-1.2052675123774392,5.181616386461041,-0.25478941273258116,False,False,True,False,False,True,0.63088489729306,False,-0.08026755852842804,中性,6830.TW,汎銓,1,v1,phase6a,2026-07-12,0,1,1,1,1,1,v1,386,0.367816091954023,386,0.367816091954023,386,0.367816091954023,^TWII,yfinance,2y,2026-10-05,scan_20261006_171949,False,False
True,1,-0.06166680653889975,-0.09000007311503093,True,False,觀察 (跌勢收斂),6.21999979019165,2026-10-05 00:00:00,6.204999995231629,0.0009999990463258612,False,True,0.5106262482780871,False,0.00012512059266713268,39.72808101816523,0.00013150830489114745,0.0001420051458053688,-0.5086905898838978,-2.097291866282036,-8.044485383007382,-0.5086905898838978,False,False,False,False,False,False,0.0,False,-0.12146894672058606,中性,1512.TW,瑞利,1,v1,phase6a,2026-07-12,0,1,3,1,1,1,v1,281,0.5402298850574713,281,0.5402298850574713,282,0.5385878489326765,^TWII,yfinance,2y,2026-10-05,scan_20261006_171949,False,False
True,0,0.45000012715657545,0.4083334604899088,True,False,買入 (動能增強),35.0,2026-10-05 00:00:00,34.97999992370605,0.012499999999995737,False,True,0.89856330941043,False,0.0007040548056376559,52.4284387090551,0.0007372797255800609,0.0007502253704930504,-0.4721204343446139,-0.908471093861396,-2.0436685154703094,-0.4721204343446139,False,False,False,False,False,False,0.17192394660578453,False,-0.019607864089071114,中性,1612.TW,宏泰,2,v1,phase6a,2026-07-12,0,2,4,2,2,2,v1,100,0.8374384236453202,100,0.8374384236453202,105,0.8292282430213465,^TWII,yfinance,2y,2026-10-05,scan_20261006_171949,False,False
True,0,0.4750000635782877,0.008333206176757812,True,False,買入 (動能增強),21.600000381469727,2026-10-05 00:00:00,19.92250003814697,0.04999999999999716,False,True,4.55244368673613,True,0.00043450240200997037,30.843680245145414,0.00042490974641153534,0.00045451069965020174,0.2382055289238405,-1.2390842325292306,-8.211488337971161,0.2382055289238405,True,False,False,False,False,True,0.12858331305976115,False,-0.23809523489149476,中性,3284.TWO,太普高,2,v1,phase6a,2026-07-12,0,2,4,2,2,2,v1,150,0.7553366174055829,150,0.7553366174055829,153,0.7504105090311987,^TWII,yfinance,2y,2026-10-05,scan_20261006_171949,False,False
True,0,0.9000002543131509,0.9166666666666665,True,False,觀望 (動能減弱),102.0,2026-10-05 00:00:00,101.84500007629394,0.07500000000000284,False,True,1.150283630737422,False,0.002051816862144026,40.56517576953156,0.002152464647267276,0.0022733282488044595,-0.48979260194803587,-1.3554746859549605,-4.253208446581835,-0.48979260194803587,False,False,False,False,False,False,0.0,False,-0.13276934411701402,中性,1514.TW,亞力,0,v1,phase6a,2026-07-12,0,0,2,0,0,0,v1,441,0.277504105090312,441,0.277504105090312,441,0.277504105090312,^TWII,yfinance,2y,2026-10-05,scan_20261006_171949,False,False
True,0,0.5250000953674315,0.541666825612386,True,False,觀望 (動能減弱),16.299999237060547,2026-10-05 00:00:00,16.037499952316285,0.019999980926513672,False,True,1.067847092505436,False,0.00032788836556407443,25.74040595419717,0.00034055262088281,0.00035780392090324685,-0.38991964440585614,-0.8017932147042273,-3.936226478503946,-0.38991964440585614,False,False,False,False,False,False,0.0034618061751038424,False,-0.1802478529200987,中性,2482.TW,連宇,0,v1,phase6a,2026-07-12,0,0,2,0,0,0,v1,468,0.23316912972085385,468,0.23316912972085385,468,0.23316912972085385,^TWII,yfinance,2y,2026-10-05,scan_20261006_171949,False,False
True,0,-0.049999872843424484,-0.17500019073486328,True,False,觀察 (跌勢收斂),23.0,2026-10-05 00:00:00,23.032500076293946,-0.02499999999999858,True,False,0.49260113101219677,False,0.0004626645865618882,32.82397121661299,0.0004869159905912348,0.0005166001185174289,-0.5215408067208327,-1.44205714069916,-6.0799910108060295,-0.5215408067208327,False,False,False,False,False,False,0.0,False,-0.08366535257186958,中性,5223.TWO,安力-KY,1,v1,phase6a,2026-07-12,0,1,1,1,1,1,v1,354,0.42036124794745483,354,0.42036124794745483,354,0.42036124794745483,^TWII,yfinance,2y,2026-10-05,scan_20261006_171949,False,False
True,0,0.28333282470703125,0.2666664123535156,True,False,買入 (動能增強),25.299999237060547,2026-10-05 00:00:00,25.107499885559083,0.014999961853028765,False,True,2.0892368017963037,True,0.0005089310298709003,35.2257249651784,0.0005309069954426857,0.0005537416324056917,-0.4338281436765401,-1.1285620558008636,-3.9242203257452424,-0.4338281436765401,False,False,False,False,False,False,0.0,False,-0.003937022951637115,中性,3666.TWO,光耀,2,v1,phase6a,2026-07-12,0,2,4,2,2,2,v1,164,0.7323481116584565,164,0.7323481116584565,167,0.7274220032840722,^TWII,yfinance,2y,2026-10-05,scan_20261006_171949,False,False
True,0,0.32500012715657545,0.25000015894571936,True,False,買入 (動能增強),12.050000190734863,2026-10-05 00:00:00,11.877500104904176,0.009999990463256836,False,True,1.5575990816746823,True,0.00024239601549204434,41.86209878218165,0.00025346207599592964,0.0002706925883189525,-0.45747262451434345,-1.0996432007893242,-7.770603958983813,-0.45747262451434345,False,False,False,False,False,False,0.0,False,-0.32402810597626486,中性,5488.TWO,松普,2,v1,phase6a,2026-07-12,0,2,4,2,2,2,v1,189,0.6912972085385879,189,0.6912972085385879,192,0.6863711001642037,^TWII,yfinance,2y,2026-10-05,scan_20261006_171949,False,False
True,0,-0.25333325068155926,-0.28333314259847003,True,False,觀察 (跌勢收斂),9.979999542236328,2026-10-05 00:00:00,10.151499938964843,-0.01100001335144185,True,False,1.276098510418844,False,0.00020075618965637412,25.545102918591716,0.0002138535808227438,0.00023089158863987656,-0.6405511866560576,-2.203840289631276,-6.4899479741086115,-0.6405511866560576,False,False,False,False,False,False,0.0,False,-0.15063833683095085,中性,1445.TW,大宇,1,v1,phase6a,2026-07-12,0,1,1,1,1,1,v1,275,0.5500821018062397,275,0.5500821018062397,276,0.548440065681445,^TWII,yfinance,2y,2026-10-05,scan_20261006_171949,False,False
True,0,0.45833317438761384,0.3999997774759928,True,False,買入 (動能增強),12.5,2026-10-05 00:00:00,12.109999942779542,0.03000001907348704,False,True,1.2637120124182992,False,0.0002514481448705914,47.15930139160468,0.0002565298129060239,0.0002605616634058842,-0.2080847242242334,-0.21357715797917232,-1.0589081925331478,-0.2080847242242334,False,False,False,False,False,False,0.24890053801335826,False,-0.027237382963384404,中性,1313.TW,聯成,2,v1,phase6a,2026-07-12,0,2,4,2,2,2,v1,87,0.8587848932676518,87,0.8587848932676518,92,0.8505747126436781,^TWII,yfinance,2y,2026-10-05,scan_20261006_171949,False,False
True,2,0.04999987284342447,-0.07500012715657549,True,False,買入 (動能增強),48.849998474121094,2026-10-05 00:00:00,48.67250022888184,0.0024999618530259227,False,True,0.7341045713609289,False,0.0009826593194599176,29.944808989248003,0.0010308733472004508,0.001111855496216246,-0.48990473711056914,-1.7907132897919675,-6.361942154509559,-0.48990473711056914,False,False,False,False,False,False,0.0,False,-0.1459790590462443,中性,8097.TWO,常珵,2,v1,phase6a,2026-07-12,0,2,4,2,2,2,v1,243,0.6026272577996716,243,0.6026272577996716,243,0.6026272577996716,^TWII,yfinance,2y,2026-10-05,scan_20261006_171949,False,False
True,0,0.18333307902018228,0.07499980926513672,True,False,買入 (動能增強),18.799999237060547,2026-10-05 00:00:00,18.982500076293945,-0.022500038146972656,True,False,1.028807441633093,False,0.0003781779945381927,34.952821642109065,0.0004022890137547804,0.00042914744991907845,-0.6269349435397253,-1.7445313756184522,-6.890454399078038,-0.6269349435397253,False,False,False,False,False,False,0.0,False,-0.10047848898560896,中性,2331.TW,精英,2,v1,phase6a,2026-07-12,0,2,2,2,2,2,v1,113,0.8160919540229885,113,0.8160919540229885,118,0.8078817733990148,^TWII,yfinance,2y,2026-10-05,scan_20261006_171949,False,False
True,1,0.3166666030883789,0.23333326975504554,True,False,買入 (動能增強),30.350000381469727,2026-10-05 00:00:00,30.23500003814697,0.0,False,True,1.3546759677369127,False,0.0006105161034193844,40.30904650365532,0.0006393950361669131,0.0006610606581535356,-0.47318219245264803,-1.1485817664876108,-4.373217790912287,-0.47318219245264803,False,False,False,False,False,False,0.0,False,-0.024115755331208022,中性,1603.TW,華電,4,v1,phase6a,2026-07-12,0,4,5,4,4,4,v1,6,0.9917898193760263,6,0.9917898193760263,14,0.9786535303776683,^TWII,yfinance,2y,2026-10-05,scan_20261006_171949,False,True
True,0,-1.7166671752929685,-1.7999992370605469,True,False,觀察 (跌勢收斂),68.19999694824219,2026-10-05 00:00:00,69.34499969482422,-0.015000152587887783,False,False,0.7235676740836522,False,0.0013719010170252395,112.43479558867372,0.0014415465355964016,0.0014276965045367422,-0.5059852537842136,-1.8714615711288074,1.2496643343292257,-0.5059852537842136,False,False,True,False,False,False,0.18634406313627805,False,-0.03672324846673958,中性,2885.TW,元大金,1,v1,phase6a,2026-07-12,0,1,1,1,1,1,v1,319,0.47783251231527096,319,0.47783251231527096,319,0.47783251231527096,^TWII,yfinance,2y,2026-10-05,scan_20261006_171949,False,False
True,0,-2.6666666666666665,-2.6666666666666665,True,False,賣出 (動能轉弱),138.5,2026-10-05 00:00:00,140.525,-0.07499999999998863,True,False,0.7128948962764492,False,0.002786045445166153,43.98902907330826,0.0029553156037430057,0.003087159686371567,-0.5992973856779771,-2.0202907215497223,-4.907043405788015,-0.5992973856779771,False,False,False,False,False,False,0.0,False,-0.07046979865771807,中性,4572.TW,駐龍,0,v1,phase6a,2026-07-12,0,0,0,0,0,0,v1,531,0.1297208538587849,531,0.1297208538587849,531,0.1297208538587849,^TWII,yfinance,2y,2026-10-05,scan_20261006_171949,False,False
True,1,0.7416661580403645,0.6416664123535156,True,False,買入 (動能增強),42.5,2026-10-05 00:00:00,42.10750026702881,0.039999961853027344,False,True,0.5286020341850045,False,0.0008549236925600108,34.54440140944984,0.0008887690860448726,0.0009006749429906909,-0.39925430898326564,-0.8449749115676974,-2.0607433359698057,-0.39925430898326564,False,False,False,False,False,False,0.07065402324321061,False,-0.026345967598583098,中性,6771.TW,平和環保-創,2,v1,phase6a,2026-07-12,0,2,4,2,2,2,v1,231,0.6223316912972086,231,0.6223316912972086,232,0.6206896551724138,^TWII,yfinance,2y,2026-10-05,scan_20261006_171949,False,False
False,0,0.6499989827473958,-0.15000025431315112,False,True,強烈買入 (爆發),78.69999694824219,2026-10-05 00:00:00,78.31500015258788,-0.015000152587901994,True,True,1.5532175739479082,True,0.0015831174587165363,39.19337163487767,0.0016550049944518825,0.0017551741695491362,-0.4551447127585928,-1.4831181905726853,-5.142644002850205,-0.4551447127585928,False,False,False,False,False,False,0.0,False,-0.16415861024644418,中性,6411.TWO,晶焱,3,v1,phase6a,2026-07-12,0,3,4,3,3,3,v1,68,0.8899835796387521,68,0.8899835796387521,72,0.8834154351395731,^TWII,yfinance,2y,2026-10-05,scan_20261006_171949,False,False
True,1,0.1333332061767578,0.10000038146972656,True,False,買入 (動能增強),32.29999923706055,2026-10-05 00:00:00,32.402499771118165,-0.014999961853028765,True,False,0.9302028536402169,False,0.0006497419909984314,40.60000606348978,0.0006839800577699383,0.0007050995631767025,-0.5241551125295119,-1.5430478528496439,-4.345836287954108,-0.5241551125295119,False,False,False,False,False,False,0.0,False,-0.04296298556857636,中性,1321.TW,大洋,2,v1,phase6a,2026-07-12,0,2,2,2,2,2,v1,88,0.8571428571428571,88,0.8571428571428571,93,0.8489326765188834,^TWII,yfinance,2y,2026-10-05,scan_20261006_171949,False,False
False,0,-0.16666666666666652,-4.249999999999998,False,True,強烈賣出 (跌破),140.5,2026-10-05 00:00:00,135.45,0.25,False,True,1.1200591316996058,False,0.0028262771483454478,170.3233538814177,0.0028693926428513352,0.0030373066737195403,-0.1579186460205384,-0.9485248686985637,-7.397397958758822,-0.1579186460205384,False,False,False,False,False,True,0.09755151655414326,False,-0.18254930086000132,中性,8043.TWO,蜜望實,0,v1,phase6a,2026-07-12,0,0,2,0,0,0,v1,588,0.0361247947454844,588,0.0361247947454844,588,0.0361247947454844,^TWII,yfinance,2y,2026-10-05,scan_20261006_171949,False,False
True,2,0.6666666666666666,0.7333335876464843,True,False,觀望 (動能減弱),64.4000015258789,2026-10-05 00:00:00,65.34499893188476,0.03500003814696129,False,False,1.3548863073628687,False,0.0012954608730676406,47.032594088954276,0.0013700784416802545,0.0013585465175980705,-0.5700191045472369,-1.029770631031901,0.2964601273814482,-0.5700191045472369,False,False,True,False,False,False,0.2971136440352269,False,-0.02865763858857817,中性,2354.TW,鴻準,0,v1,phase6a,2026-07-12,0,0,1,0,0,0,v1,464,0.23973727422003285,464,0.23973727422003285,464,0.23973727422003285,^TWII,yfinance,2y,2026-10-05,scan_20261006_171949,False,False
False,0,5.916666666666666,1.0,False,True,強烈買入 (爆發),171.5,2026-10-05 00:00:00,153.0,1.2750000000000057,False,True,6.943423121740409,True,0.0034498685476245143,78.05765986714212,0.003253568828488392,0.003258876714500802,0.6391503571881563,0.40448506736359136,-3.2243769922524312,0.6391503571881563,True,True,False,False,False,True,0.5610696857325262,False,-0.047222222222222276,偏強 (RS上升),6419.TWO,京晨科,3,v1,phase6a,2026-07-12,1,4,5,4,3,4,v1,69,0.8883415435139573,69,0.8883415435139573,41,0.9343185550082101,^TWII,yfinance,2y,2026-10-05,scan_20261006_171949,False,False
True,0,-0.833333333333333,-5.999999999999999,True,False,觀察 (跌勢收斂),184.0,2026-10-05 00:00:00,181.275,0.07500000000001705,False,True,1.3684571936037906,False,0.0037013166924951056,562.0693470675014,0.003791955555620995,0.0040408275303140725,-0.25097834469339775,-1.147453428059042,-2.313492436578668,-0.25097834469339775,False,False,False,False,False,False,0.6155810538664206,False,-0.10024449877750607,中性,5475.TWO,德宏,1,v1,phase6a,2026-07-12,0,1,3,1,1,1,v1,359,0.4121510673234811,359,0.4121510673234811,359,0.4121510673234811,^TWII,yfinance,2y,2026-10-05,scan_20261006_171949,False,False
True,0,-1.3877787807814457e-17,-0.15833282470703125,True,False,觀察 (跌勢收斂),49.599998474121094,2026-10-05 00:00:00,49.70249977111816,-0.005000114440917969,True,False,0.19502681618722575,False,0.0009977462081521532,42.71124162741553,0.001049834745693819,0.001113158727276768,-0.5195595311076384,-1.687799067951734,-5.174429597660957,-0.5195595311076384,False,False,False,False,False,False,0.0,False,-0.09323587235256003,中性,6899.TWO,創為精密,1,v1,phase6a,2026-07-12,0,1,1,1,1,1,v1,387,0.36617405582922824,387,0.36617405582922824,387,0.36617405582922824,^TWII,yfinance,2y,2026-10-05,scan_20261006_171949,False,False
True,0,-0.6833324432373047,-0.8999993006388346,True,False,觀察 (跌勢收斂),31.450000762939453,2026-10-05 00:00:00,31.02249994277954,0.010000038146969814,False,True,1.7796420840170408,True,0.0006326435478415848,22.028572272579854,0.0006652521760436328,0.0007620108613469618,-0.5133192621197158,-3.4467986676143036,-15.333061151112693,-0.5133192621197158,False,False,False,False,False,False,0.0660612127514107,False,-0.2291666335529745,中性,6541.TW,泰福-KY,1,v1,phase6a,2026-07-12,0,1,3,1,1,1,v1,371,0.3924466338259442,371,0.3924466338259442,371,0.3924466338259442,^TWII,yfinance,2y,2026-10-05,scan_20261006_171949,False,False
True,1,-0.016666730244954422,-0.04999987284342447,True,False,觀察 (跌勢收斂),21.549999237060547,2026-10-05 00:00:00,21.37750005722046,0.009999942779540305,False,True,1.7439270923750172,True,0.0004334965864097228,39.77463721664372,0.00045065793406956744,0.00045852676481310077,-0.39924857767165145,-1.3525912206288404,-3.332943481597661,-0.39924857767165145,False,False,False,False,False,False,0.0,False,-0.00691251247028013,中性,1323.TW,永裕,1,v1,phase6a,2026-07-12,0,1,3,1,1,1,v1,264,0.5681444991789819,264,0.5681444991789819,266,0.5648604269293924,^TWII,yfinance,2y,2026-10-05,scan_20261006_171949,False,False
True,0,1.8916664123535154,1.7999992370605467,True,False,買入 (動能增強),38.45000076293945,2026-10-05 00:00:00,37.875,0.07749996185302876,False,True,0.8355116067696757,False,0.000773454508969116,54.23239734702186,0.0008064835733184205,0.0008537906988224209,-0.42924863638706956,-0.7576092124882972,-3.9176865250833637,-0.42924863638706956,False,False,False,False,False,False,0.02213935749023684,False,-0.2522004932784798,中性,2495.TW,普安,2,v1,phase6a,2026-07-12,0,2,4,2,2,2,v1,128,0.7914614121510674,128,0.7914614121510674,132,0.7848932676518884,^TWII,yfinance,2y,2026-10-05,scan_20261006_171949,False,False
True,1,0.07638947168986003,0.061667124430338546,True,False,買入 (動能增強),14.25,2026-10-05 00:00:00,14.31991629600525,-0.002833318710326438,False,False,0.9831293062646688,False,0.0002866508851524742,38.18777821464613,0.00030198111268237926,0.0003113545435890855,-0.5315334947281314,-1.3245179254746553,-3.549915977935536,-0.5315334947281314,False,False,False,False,False,False,0.0,False,-0.017241379310344862,中性,2109.TW,華豐,4,v1,phase6a,2026-07-12,0,4,4,4,4,4,v1,8,0.9885057471264368,8,0.9885057471264368,16,0.9753694581280788,^TWII,yfinance,2y,2026-10-05,scan_20261006_171949,False,True
True,0,1.2499999999999996,-1.5833333333333335,True,False,買入 (動能增強),111.5,2026-10-05 00:00:00,111.45,0.42499999999999716,False,True,0.3870693080344062,False,0.0022429174522456755,128.26188484304672,0.0023211398022524358,0.0022887688239765155,-0.3534826318365547,-1.2172728718537473,3.3187723470175845,-0.3534826318365547,False,False,True,False,False,False,0.6763157350476401,False,-0.05907172995780585,中性,6588.TWO,東典光電,2,v1,phase6a,2026-07-12,0,2,4,2,2,2,v1,223,0.6354679802955665,223,0.6354679802955665,225,0.632183908045977,^TWII,yfinance,2y,2026-10-05,scan_20261006_171949,False,False
True,0,-0.08333333333333334,-0.24999999999999997,True,False,觀察 (跌勢收斂),169.5,2026-10-05 00:00:00,169.425,0.025000000000005684,False,True,1.1074270557029178,False,0.0034096368444452197,55.90561288865761,0.0035728100464903,0.003702819018609786,-0.47844547870794507,-1.3856794442917542,-3.758490722554031,-0.47844547870794507,False,False,False,False,False,False,0.0,False,-0.011661807580174877,中性,8416.TWO,實威,1,v1,phase6a,2026-07-12,0,1,3,1,1,1,v1,411,0.32676518883415434,411,0.32676518883415434,411,0.32676518883415434,^TWII,yfinance,2y,2026-10-05,scan_20261006_171949,False,False
False,0,0.058333396911621094,-0.07500012715657553,False,True,強烈買入 (爆發),20.850000381469727,2026-10-05 00:00:00,20.56500024795532,0.0,False,True,1.997819806601095,True,0.0004194155133177349,29.80220925828395,0.0004349834551630972,0.00045665186662444053,-0.37532007615413976,-1.82866517024165,-5.933219089755449,-0.37532007615413976,False,False,False,False,False,False,0.007469226417228631,False,-0.0855262684579906,中性,3043.TW,科風,3,v1,phase6a,2026-07-12,0,3,4,3,3,3,v1,47,0.9244663382594417,47,0.9244663382594417,55,0.9113300492610837,^TWII,yfinance,2y,2026-10-05,scan_20261006_171949,False,False
True,0,0.11930720011393228,0.08913485209147134,True,False,買入 (動能增強),23.600000381469727,2026-10-05 00:00:00,23.719783592224122,-0.021468162536621094,True,False,1.4337877781148296,False,0.000474734105189265,48.26614358236276,0.0005017874736548539,0.0005231336621244889,-0.5643131940212043,-1.6405629385048082,-5.5431540193665585,-0.5643131940212043,False,False,False,False,False,False,0.0,False,-0.041534075698159256,中性,5278.TWO,尚凡*,2,v1,phase6a,2026-07-12,0,2,2,2,2,2,v1,184,0.6995073891625616,184,0.6995073891625616,187,0.6945812807881774,^TWII,yfinance,2y,2026-10-05,scan_20261006_171949,False,False
True,0,0.05833371480305989,-0.14166609446207684,True,False,買入 (動能增強),31.75,2026-10-05 00:00:00,31.210000038146973,0.039999961853027344,False,True,0.8509081317035606,False,0.0006386782879713022,38.14359466960746,0.0006573408978456263,0.0006809995581590474,-0.29796287127297205,-1.0349830790930326,-2.7055301589264835,-0.29796287127297205,False,False,False,False,False,False,0.0,False,0.0,中性,5604.TWO,中連,4,v1,phase6a,2026-07-12,0,4,6,4,4,4,v1,19,0.9704433497536946,19,0.9704433497536946,26,0.9589490968801314,^TWII,yfinance,2y,2026-10-05,scan_20261006_171949,False,True
True,0,-0.07500012715657552,-0.08333333333333333,True,False,觀察 (跌勢收斂),11.25,2026-10-05 00:00:00,11.337500143051148,-0.007499980926512606,True,False,0.27833787715221486,False,0.0002263033303835323,25.75270608277716,0.0002394575284111438,0.0002535804934351434,-0.574921062065592,-1.8551798928053809,-5.79563659270802,-0.574921062065592,False,False,False,False,False,False,0.0,False,-0.0625,中性,1813.TWO,寶利徠,1,v1,phase6a,2026-07-12,0,1,1,1,1,1,v1,294,0.5188834154351396,294,0.5188834154351396,295,0.5172413793103449,^TWII,yfinance,2y,2026-10-05,scan_20261006_171949,False,False
True,1,-0.375,-0.3666667938232422,True,False,賣出 (動能轉弱),24.299999237060547,2026-10-05 00:00:00,24.20250005722046,-0.020000076293946734,True,True,0.9183231954697842,False,0.0004888151782812529,16.489384365446607,0.0005124420147046897,0.0005776497990115082,-0.4829860370909378,-2.1346985483363223,-7.601011879885677,-0.4829860370909378,False,False,False,False,False,False,0.0,False,-0.27027027646245816,中性,3466.TWO,德晉,0,v1,phase6a,2026-07-12,0,0,1,0,0,0,v1,505,0.1724137931034483,505,0.1724137931034483,505,0.1724137931034483,^TWII,yfinance,2y,2026-10-05,scan_20261006_171949,False,False
True,0,-0.04166634877522786,-0.016666730244954426,True,False,賣出 (動能轉弱),18.950000762939453,2026-10-05 00:00:00,19.190000152587892,-0.034999942779538884,False,False,1.2013960221777706,False,0.0003811954029709934,29.09144683268827,0.00040569251110045865,0.00042322006056467543,-0.6316005760740651,-1.813803608740927,-5.926484137281274,-0.6316005760740651,False,False,False,False,False,False,0.0,False,-0.04534003028888789,中性,3512.TWO,皇龍,0,v1,phase6a,2026-07-12,0,0,0,0,0,0,v1,507,0.16912972085385877,507,0.16912972085385877,507,0.16912972085385877,^TWII,yfinance,2y,2026-10-05,scan_20261006_171949,False,False
True,1,-0.16666666666666666,-0.16666666666666666,True,False,賣出 (動能轉弱),128.0,2026-10-05 00:00:00,127.975,-0.025000000000005684,True,True,0.9319775434500449,False,0.002574829003474856,46.609760025137,0.0027037917499524895,0.0028223921480711118,-0.4995654640890468,-1.5846493008137563,-5.167133254273281,-0.4995654640890468,False,False,False,False,False,False,0.0,False,-0.022900763358778664,中性,1788.TWO,杏昌,0,v1,phase6a,2026-07-12,0,0,1,0,0,0,v1,453,0.25779967159277506,453,0.25779967159277506,453,0.25779967159277506,^TWII,yfinance,2y,2026-10-05,scan_20261006_171949,False,False
True,0,-0.1833333969116211,-0.22333335876464844,True,False,觀察 (跌勢收斂),8.449999809265137,2026-10-05 00:00:00,8.330500030517578,0.007999992370605113,False,True,1.2332280978689818,False,0.00016997894209572561,30.995640833264765,0.0001755514567522087,0.00018860582373709118,-0.3330231784909654,-1.7403900639413217,-5.5219392491430375,-0.3330231784909654,False,False,False,False,False,False,0.0490457756296236,False,-0.09139788860612508,中性,6616.TWO,特昇-KY,1,v1,phase6a,2026-07-12,0,1,3,1,1,1,v1,375,0.38587848932676516,375,0.38587848932676516,375,0.38587848932676516,^TWII,yfinance,2y,2026-10-05,scan_20261006_171949,False,False
True,0,2.0,0.9166666666666667,True,False,買入 (動能增強),125.5,2026-10-05 00:00:00,124.15,-0.07499999999998863,True,True,1.1942443025295448,False,0.002524539374500738,63.25687008692743,0.0026341405285181694,0.0027336725139589127,-0.4360684027148509,-1.6498819284761268,-7.084408797904063,-0.4360684027148509,False,False,False,False,False,False,0.0,False,-0.09386281588447654,中性,3213.TWO,茂訊,2,v1,phase6a,2026-07-12,0,2,3,2,2,2,v1,147,0.7602627257799671,147,0.7602627257799671,150,0.7553366174055829,^TWII,yfinance,2y,2026-10-05,scan_20261006_171949,False,False
True,1,-0.058333079020182296,-0.09999942779541016,True,False,觀察 (跌勢收斂),23.899999618530273,2026-10-05 00:00:00,23.829999923706055,0.005000019073484907,False,True,0.5786592465257997,False,0.0004807688453189824,38.77830542532556,0.0005014889693425851,0.0005043152793469519,-0.4330346327964918,-1.2355741811715615,-2.7069854913033486,-0.4330346327964918,False,False,False,False,False,False,0.12479570741139587,False,-0.014433005421432,中性,2115.TW,六暉-KY,1,v1,phase6a,2026-07-12,0,1,3,1,1,1,v1,298,0.5123152709359606,298,0.5123152709359606,298,0.5123152709359606,^TWII,yfinance,2y,2026-10-05,scan_20261006_171949,False,False
True,0,-0.30833339691162104,-0.3500000635782878,True,False,觀察 (跌勢收斂),11.699999809265137,2026-10-05 00:00:00,11.844999885559082,0.019999980926513672,False,False,0.3421240199572345,False,0.00023535545976207937,22.44136365015468,0.00024859963089332186,0.00027062059018090307,-0.557663243067752,-2.3993674679807286,-4.774118613243283,-0.557663243067752,False,False,False,False,False,False,0.0,False,-0.13970592050816255,中性,6988.TW,威力暘-創,1,v1,phase6a,2026-07-12,0,1,2,1,1,1,v1,392,0.3579638752052545,392,0.3579638752052545,392,0.3579638752052545,^TWII,yfinance,2y,2026-10-05,scan_20261006_171949,False,False
False,0,2.3333346048990884,1.7666676839192708,False,True,強烈買入 (爆發),78.0999984741211,2026-10-05 00:00:00,77.80500030517578,-0.025000000000005684,True,True,0.9441098164956954,False,0.0015710479784571017,55.741640110247644,0.001648104095011532,0.0017537609390729043,-0.4897412995868211,-0.9970560686988761,-4.034193363520511,-0.4897412995868211,False,False,False,False,False,False,0.0,False,-0.1283151870047411,中性,6261.TWO,久元,3,v1,phase6a,2026-07-12,0,3,4,3,3,3,v1,66,0.8932676518883416,66,0.8932676518883416,70,0.8866995073891626,^TWII,yfinance,2y,2026-10-05,scan_20261006_171949,False,False
True,0,-0.03333346048990885,-0.061666806538899735,True,False,觀察 (跌勢收斂),9.90999984741211,2026-10-05 00:00:00,10.007999897003174,-0.017000007629395242,False,False,1.8671885741638814,True,0.0001993480861839695,34.02438875398046,0.00021111839836136142,0.0002218906622521233,-0.5834411017043073,-1.7252197312938478,-5.158322681788086,-0.5834411017043073,False,False,False,False,False,False,0.0,False,-0.05167463844107012,中性,1324.TW,地球,1,v1,phase6a,2026-07-12,0,1,1,1,1,1,v1,265,0.5665024630541872,265,0.5665024630541872,267,0.5632183908045977,^TWII,yfinance,2y,2026-10-05,scan_20261006_171949,False,False
True,0,-0.9166666666666666,-1.5833333333333333,True,False,觀察 (跌勢收斂),158.0,2026-10-05 00:00:00,156.875,0.025000000000005684,False,True,0.7816606245198852,False,0.0031783045511642755,51.297120946945086,0.003311794361103668,0.003464350366583865,-0.4224957884038094,-1.52369530608214,-5.142747989100027,-0.4224957884038094,False,False,False,False,False,False,0.0,False,-0.021671826625387025,中性,8083.TWO,瑞穎,1,v1,phase6a,2026-07-12,0,1,3,1,1,1,v1,407,0.3333333333333333,407,0.3333333333333333,407,0.3333333333333333,^TWII,yfinance,2y,2026-10-05,scan_20261006_171949,False,False
True,0,0.2500012715657552,0.2666676839192708,True,False,觀望 (動能減弱),77.5999984741211,2026-10-05 00:00:00,77.77999992370606,-0.024999999999991473,False,False,0.8724064084482175,False,0.001560990052662278,44.57804517066179,0.0016403362729768356,0.0016923341986088442,-0.5065986499820485,-1.337049218582842,-3.6982125626272233,-0.5065986499820485,False,False,False,False,False,False,0.0,False,-0.007672615058005872,中性,4126.TWO,太醫,0,v1,phase6a,2026-07-12,0,0,0,0,0,0,v1,518,0.1510673234811166,518,0.1510673234811166,518,0.1510673234811166,^TWII,yfinance,2y,2026-10-05,scan_20261006_171949,False,False
True,0,0.33333333333333337,-2.1666666666666665,True,False,買入 (動能增強),173.0,2026-10-05 00:00:00,172.025,0.0,False,True,0.859981867040481,False,0.0034800423250089855,133.00651441024544,0.0036672502839307252,0.003849958971854366,-0.5344815311620899,-1.5599217729175607,-10.044103095280976,-0.5344815311620899,False,False,False,False,False,False,0.0,False,-0.3580705009276438,中性,8033.TW,雷虎,3,v1,phase6a,2026-07-12,0,3,4,3,3,3,v1,76,0.8768472906403941,76,0.8768472906403941,79,0.8719211822660099,^TWII,yfinance,2y,2026-10-05,scan_20261006_171949,True,False
True,0,-0.224999745686849,-0.3249998092651367,True,False,觀察 (跌勢收斂),23.350000381469727,2026-10-05 00:00:00,24.207500171661376,-0.08999996185302805,False,False,1.4401718039413844,False,0.0004697051422918532,28.285170334908784,0.0005128401523905061,0.0005628614414079755,-0.8775989433602582,-2.3773800542166046,-9.242750291108571,-0.8775989433602582,False,False,False,False,False,False,0.0,False,-0.22553894935644536,中性,3122.TWO,笙泉,1,v1,phase6a,2026-07-12,0,1,1,1,1,1,v1,327,0.46469622331691296,327,0.46469622331691296,327,0.46469622331691296,^TWII,yfinance,2y,2026-10-05,scan_20261006_171949,False,False
True,1,-1.6666666666666665,-1.1666666666666667,True,False,賣出 (動能轉弱),543.0,2026-10-05 00:00:00,544.35,0.8000000000000682,False,False,0.7980628110836602,False,0.010922907413178492,53.58775698661082,0.011463111136914114,0.011492504963949372,-0.49360828832510917,-1.5534182164288035,-2.505828392537679,-0.49360828832510917,False,False,False,False,False,False,0.26878645515318134,False,-0.026881720430107503,中性,3034.TW,聯詠,0,v1,phase6a,2026-07-12,0,0,1,0,0,0,v1,500,0.180623973727422,500,0.180623973727422,500,0.180623973727422,^TWII,yfinance,2y,2026-10-05,scan_20261006_171949,False,False
True,1,-0.09166622161865234,-0.11666647593180338,True,False,觀察 (跌勢收斂),17.25,2026-10-05 00:00:00,17.222500133514405,0.0024999618530294754,False,True,1.1394817336306955,False,0.0003469984399214162,39.50438794854308,0.00036359453518266285,0.00037915744504172524,-0.4781710896265001,-1.7131617148712253,-5.103897073767893,-0.4781710896265001,False,False,False,False,False,False,0.0,False,-0.06504068906869076,中性,9944.TW,新麗,1,v1,phase6a,2026-07-12,0,1,3,1,1,1,v1,426,0.3021346469622332,426,0.3021346469622332,426,0.3021346469622332,^TWII,yfinance,2y,2026-10-05,scan_20261006_171949,False,False
True,1,-0.03333282470703125,0.11666742960611975,True,False,賣出 (動能轉弱),82.19999694824219,2026-10-05 00:00:00,82.53000068664551,0.04999999999999716,False,False,1.2201080556090864,False,0.001653522939280302,42.624746824129865,0.0017465451682712528,0.0018555211833568223,-0.5575133746648642,-1.5731237250875219,-5.7360682606594215,-0.5575133746648642,False,False,False,False,False,False,0.0,False,-0.0764045286714361,中性,4129.TWO,聯合,0,v1,phase6a,2026-07-12,0,0,1,0,0,0,v1,519,0.14942528735632185,519,0.14942528735632185,519,0.14942528735632185,^TWII,yfinance,2y,2026-10-05,scan_20261006_171949,False,False
True,1,0.09833319981892903,0.05333328247070312,True,False,買入 (動能增強),9.979999542236328,2026-10-05 00:00:00,9.978999996185303,-0.0005000114440907311,False,True,4.056271086668593,True,0.00020075618965637412,37.08090467246405,0.00021088328336238605,0.0002192337414017547,-0.5029551396772858,-1.3227153776279255,-4.3436903058230225,-0.5029551396772858,False,False,False,False,False,False,0.0,False,-0.034952933060157565,中性,1474.TW,弘裕,2,v1,phase6a,2026-07-12,0,2,3,2,2,2,v1,96,0.8440065681444991,96,0.8440065681444991,101,0.8357963875205254,^TWII,yfinance,2y,2026-10-05,scan_20261006_171949,False,False
True,0,0.6250003178914387,0.43333403269449866,True,False,買入 (動能增強),24.149999618530273,2026-10-05 00:00:00,23.687500095367433,0.027499961853028054,False,True,1.0210017533140046,False,0.00048579780821639425,35.064238114332866,0.0005022213809536497,0.0005250641381061858,-0.3430492150654052,-0.5723516799299277,-3.966076579848299,-0.3430492150654052,False,False,False,False,False,False,0.0,False,-0.06213593714445542,中性,6229.TWO,研通,2,v1,phase6a,2026-07-12,0,2,4,2,2,2,v1,207,0.6617405582922824,207,0.6617405582922824,210,0.6568144499178982,^TWII,yfinance,2y,2026-10-05,scan_20261006_171949,False,False
True,0,13.916666666666666,-6.166666666666664,True,False,買入 (動能增強),548.0,2026-10-05 00:00:00,530.525,-0.3000000000000682,True,True,1.6506514126788807,True,0.011023486671126728,129.5614999085922,0.011237412744514591,0.011217024093193487,-0.19998820138195095,-1.5332860065771836,-7.747401734184212,-0.19998820138195095,False,False,True,False,False,False,0.46074084810341803,False,-0.15170278637770895,中性,3450.TW,聯鈞,4,v1,phase6a,2026-07-12,0,4,5,4,4,4,v1,14,0.9786535303776683,14,0.9786535303776683,21,0.9671592775041051,^TWII,yfinance,2y,2026-10-05,scan_20261006_171949,False,True
True,1,-0.2083330154418945,-0.18333307902018228,True,False,賣出 (動能轉弱),24.149999618530273,2026-10-05 00:00:00,24.35999994277954,-0.017500019073484196,True,False,0.8823237787568757,False,0.00048579780821639425,46.202008038451744,0.0005131132128210062,0.0005260652061622276,-0.5572421952001472,-1.785338900450406,-4.484619474938112,-0.5572421952001472,False,False,False,False,False,False,0.0,False,-0.03592812957849345,中性,4106.TW,雃博,0,v1,phase6a,2026-07-12,0,0,0,0,0,0,v1,513,0.1592775041050903,513,0.1592775041050903,513,0.1592775041050903,^TWII,yfinance,2y,2026-10-05,scan_20261006_171949,False,False
True,0,-0.03965306282043456,-0.03454470634460449,True,False,賣出 (動能轉弱),7.510000228881836,2026-10-05 00:00:00,7.597350454330444,-0.008934974670410156,False,False,2.2410077853992907,True,0.00015107005004240439,33.779429290093155,0.00016028042891898985,0.0001671690063782735,-0.6012489375286867,-1.614170163957629,-4.967080084227893,-0.6012489375286867,False,False,False,False,False,False,0.0,False,-0.055962087942025174,中性,5512.TWO,力麒,0,v1,phase6a,2026-07-12,0,0,0,0,0,0,v1,545,0.10673234811165845,545,0.10673234811165845,545,0.10673234811165845,^TWII,yfinance,2y,2026-10-05,scan_20261006_171949,False,False
True,0,-0.03166675567626954,-0.03500016530354818,True,False,觀察 (跌勢收斂),9.930000305175781,2026-10-05 00:00:00,9.985499954223632,-0.005999994277955167,False,False,0.7860233540561633,False,0.00019975041242406856,35.26582398966542,0.00021110857982255593,0.00022167388543581067,-0.5631526372147033,-1.6985317623851914,-5.945604550270711,-0.5631526372147033,False,False,False,False,False,False,0.0,False,-0.05834675028268066,中性,1464.TW,得力,1,v1,phase6a,2026-07-12,0,1,1,1,1,1,v1,278,0.5451559934318555,278,0.5451559934318555,279,0.5435139573070608,^TWII,yfinance,2y,2026-10-05,scan_20261006_171949,False,False
True,2,0.03333377838134766,-0.06666628519694011,True,False,買入 (動能增強),20.600000381469727,2026-10-05 00:00:00,20.624999809265137,-0.0024999618530259227,True,False,1.9221435745142985,True,0.0004143865504203231,22.770232134076785,0.00043593464123592375,0.0004567686490522284,-0.5176187300582447,-1.5676514282060516,-5.553339155461656,-0.5176187300582447,False,False,False,False,False,False,0.0,False,-0.04186044737350114,中性,8426.TWO,紅木-KY,4,v1,phase6a,2026-07-12,0,4,4,4,4,4,v1,28,0.9556650246305419,28,0.9556650246305419,34,0.9458128078817734,^TWII,yfinance,2y,2026-10-05,scan_20261006_171949,False,True
True,0,-2.199999491373698,-2.1166661580403647,True,False,賣出 (動能轉弱),76.0,2026-10-05 00:00:00,75.12000007629395,0.04999999999999716,False,True,2.7685252894939953,True,0.001528804720813196,46.27704231814655,0.0015819203722244144,0.001664849516779242,-0.352194061229516,-1.7541901464089849,-4.4321061457807005,-0.352194061229516,False,False,False,False,False,False,0.07766800583834872,False,-0.07766991999228168,中性,6794.TW,向榮生技,0,v1,phase6a,2026-07-12,0,0,2,0,0,0,v1,575,0.05747126436781609,575,0.05747126436781609,575,0.05747126436781609,^TWII,yfinance,2y,2026-10-05,scan_20261006_171949,False,False
True,0,0.4416672388712565,0.23333358764648432,True,False,買入 (動能增強),17.850000381469727,2026-10-05 00:00:00,17.432499980926515,0.032499980926516514,False,True,1.171843934538427,False,0.000359067958548793,38.725711947033304,0.0003684435898899991,0.0003833974237149681,-0.267143228933997,0.0739930641318276,-2.0816141070548855,-0.267143228933997,False,False,False,False,False,False,0.3062268016624449,False,-0.09390864516868613,中性,6153.TW,嘉聯益,2,v1,phase6a,2026-07-12,0,2,4,2,2,2,v1,198,0.6765188834154351,198,0.6765188834154351,201,0.6715927750410509,^TWII,yfinance,2y,2026-10-05,scan_20261006_171949,False,False
True,0,-0.22500038146972656,-0.21666653951009116,True,False,賣出 (動能轉弱),47.04999923706055,2026-10-05 00:00:00,47.325,-0.0274999618530245,False,False,2.0774846941265235,True,0.0009464508019457293,37.82897345849205,0.0009994668124679949,0.001047244442653477,-0.5552606211238209,-1.4760510004027672,-5.228794837517848,-0.5552606211238209,False,False,False,False,False,False,0.0,False,-0.04563894593954876,中性,1903.TW,士紙,0,v1,phase6a,2026-07-12,0,0,0,0,0,0,v1,456,0.25287356321839083,456,0.25287356321839083,456,0.25287356321839083,^TWII,yfinance,2y,2026-10-05,scan_20261006_171949,False,False
True,1,-2.4166666666666665,-3.5833333333333335,True,False,觀察 (跌勢收斂),146.5,2026-10-05 00:00:00,146.0,-0.025000000000005684,True,True,1.3719305323295354,False,0.0029469722578833314,23.322020883735245,0.0031185865859299916,0.00353391286751896,-0.5759220473881221,-2.933567356463651,-13.230720044961474,-0.5759220473881221,False,False,False,False,False,False,0.0,False,-0.25822784810126587,中性,8069.TWO,元太,1,v1,phase6a,2026-07-12,0,1,2,1,1,1,v1,405,0.3366174055829228,405,0.3366174055829228,405,0.3366174055829228,^TWII,yfinance,2y,2026-10-05,scan_20261006_171949,False,False
True,0,-0.20000076293945307,-0.2500012715657552,True,False,觀察 (跌勢收斂),99.5,2026-10-05 00:00:00,99.80999984741212,0.0,False,False,0.9349453294680227,False,0.0020015272331699078,53.71104981932713,0.002108928715092339,0.0022305564727936548,-0.533215599501291,-1.596365321371962,-5.1052953438702975,-0.533215599501291,False,False,False,False,False,False,0.0,False,-0.08294930875576034,中性,6791.TWO,虎門科技,1,v1,phase6a,2026-07-12,0,1,1,1,1,1,v1,384,0.37110016420361247,384,0.37110016420361247,384,0.37110016420361247,^TWII,yfinance,2y,2026-10-05,scan_20261006_171949,False,False
False,0,0.8666661580403645,0.05833244323730463,False,True,強烈買入 (爆發),44.650001525878906,2026-10-05 00:00:00,41.78499984741211,0.14000015258788778,False,True,4.10498089978963,True,0.0008981728041721062,54.60460663804881,0.000887862844457604,0.0009511942342685148,0.12238231265788713,-0.5974888954974222,-5.510738807500337,0.12238231265788713,True,False,False,False,False,True,0.1995476529994448,False,-0.09812572255626884,中性,2355.TW,敬鵬,3,v1,phase6a,2026-07-12,0,3,5,3,3,3,v1,38,0.9392446633825944,38,0.9392446633825944,48,0.922824302134647,^TWII,yfinance,2y,2026-10-05,scan_20261006_171949,False,False
True,0,0.6583334604899087,0.6750001907348632,True,False,觀望 (動能減弱),28.950000762939453,2026-10-05 00:00:00,30.467500114440917,-0.0625,False,False,2.5000225213998344,True,0.0005823539188674666,38.82797474018364,0.0006483508859437537,0.0006856251436715045,-1.0601359768915297,-2.040901097792669,-8.238405457793041,-1.0601359768915297,False,False,False,False,False,False,0.0,False,-0.3040864945956925,中性,5227.TWO,立凱-KY,0,v1,phase6a,2026-07-12,0,0,0,0,0,0,v1,542,0.1116584564860427,542,0.1116584564860427,542,0.1116584564860427,^TWII,yfinance,2y,2026-10-05,scan_20261006_171949,False,False
True,0,-0.08333333333333333,0.6666666666666666,True,False,賣出 (動能轉弱),105.5,2026-10-05 00:00:00,105.1,0.09999999999999432,False,True,1.3264955052967677,False,0.002122222342707792,58.5920918303558,0.0022101184853633112,0.002247337551896133,-0.41688508806667635,-1.3289414025745683,-1.2550812077251172,-0.41688508806667635,False,False,False,False,False,False,0.04885489363602531,False,-0.018604651162790753,中性,4904.TW,遠傳,0,v1,phase6a,2026-07-12,0,0,2,0,0,0,v1,535,0.12315270935960591,535,0.12315270935960591,535,0.12315270935960591,^TWII,yfinance,2y,2026-10-05,scan_20261006_171949,False,False
True,0,1.1333351135253904,1.1833356221516926,True,False,觀望 (動能減弱),70.19999694824219,2026-10-05 00:00:00,70.3899990081787,0.034999847412109375,False,False,0.6779298264191495,False,0.0014121327202045342,43.1018968765395,0.001485879310003,0.0015026431358600796,-0.5197228224718242,-1.1927280400177653,-2.4975929005409347,-0.5197228224718242,False,False,False,False,False,False,0.027520335952185376,False,-0.05898125490451955,中性,2636.TW,台驊控股,0,v1,phase6a,2026-07-12,0,0,1,0,0,0,v1,483,0.20853858784893267,483,0.20853858784893267,483,0.20853858784893267,^TWII,yfinance,2y,2026-10-05,scan_20261006_171949,False,False
True,0,-0.21666685740152997,-0.24166647593180338,True,False,觀察 (跌勢收斂),25.799999237060547,2026-10-05 00:00:00,25.892499923706055,-0.005000019073484907,True,False,0.6732035709058979,False,0.0005189889556657239,36.49089379256487,0.0005450498734902783,0.0005606151483640175,-0.500782935680999,-1.6841751720029663,-3.9185036209267166,-0.500782935680999,False,False,False,False,False,False,0.0,False,-0.017142886207217267,中性,5356.TWO,協益,1,v1,phase6a,2026-07-12,0,1,1,1,1,1,v1,356,0.41707717569786534,356,0.41707717569786534,356,0.41707717569786534,^TWII,yfinance,2y,2026-10-05,scan_20261006_171949,False,False
True,0,0.641665776570638,0.31666628519694007,True,False,買入 (動能增強),44.04999923706055,2026-10-05 00:00:00,43.75249977111817,-0.030000114440916548,True,True,1.1533783231952957,False,0.0008861032471767873,25.738945568985503,0.0009310806446680557,0.0010255038457651338,-0.5059186216978984,-1.6178516233133156,-8.357107761925109,-0.5059186216978984,False,False,False,False,False,False,0.0,False,-0.25674911819984036,中性,2497.TW,怡利電,2,v1,phase6a,2026-07-12,0,2,3,2,2,2,v1,130,0.7881773399014779,130,0.7881773399014779,134,0.7816091954022989,^TWII,yfinance,2y,2026-10-05,scan_20261006_171949,False,False
True,1,0.29999987284342455,-0.7666670481363934,True,False,買入 (動能增強),59.29999923706055,2026-10-05 00:00:00,58.864999771118164,0.0350000381469755,False,True,1.3757177225595245,False,0.0011928699839189089,142.90871738343984,0.0012391982767585702,0.0012896543991733297,-0.39199104898430814,-1.1079587930211243,-3.1546082840314016,-0.39199104898430814,False,False,False,False,False,False,0.3563531136654525,False,-0.0876923194298378,中性,1802.TW,台玻,2,v1,phase6a,2026-07-12,0,2,4,2,2,2,v1,105,0.8292282430213465,105,0.8292282430213465,110,0.8210180623973727,^TWII,yfinance,2y,2026-10-05,scan_20261006_171949,False,False
True,1,-0.5999994277954102,-0.5916662216186523,True,False,賣出 (動能轉弱),27.450000762939453,2026-10-05 00:00:00,27.39000005722046,-0.0674999237060554,False,True,0.86845342918486,False,0.0005521801414829956,39.9629045186264,0.0005752012066943087,0.0006011877474994917,-0.4195234308660756,-1.7115225601426975,-3.855984268631807,-0.4195234308660756,False,False,False,False,False,False,0.16895634292041684,False,-0.08499997456868491,中性,5543.TWO,桓鼎-KY,0,v1,phase6a,2026-07-12,0,0,1,0,0,0,v1,549,0.10016420361247948,549,0.10016420361247948,549,0.10016420361247948,^TWII,yfinance,2y,2026-10-05,scan_20261006_171949,False,False
True,0,-0.1183332602183024,-0.1116665999094645,True,False,賣出 (動能轉弱),4.050000190734863,2026-10-05 00:00:00,4.173500037193298,-0.012500000000000178,False,False,1.2768937537439415,False,8.146920277486583e-05,38.13524835197186,8.774427531247344e-05,9.347242652922686e-05,-0.7471697035803415,-2.8567269231569936,-6.672915609481711,-0.7471697035803415,False,False,False,False,False,False,0.0,False,-0.18674695276640718,中性,5701.TWO,劍湖山,0,v1,phase6a,2026-07-12,0,0,0,0,0,0,v1,551,0.09688013136288999,551,0.09688013136288999,551,0.09688013136288999,^TWII,yfinance,2y,2026-10-05,scan_20261006_171949,False,False
False,0,2.050000508626302,-0.38333257039388013,False,True,強烈買入 (爆發),82.5,2026-10-05 00:00:00,75.75499954223633,0.25,False,True,4.632272624962711,True,0.0016595577561459034,170.07104051398474,0.001600687299857393,0.0016450655262037958,0.38864392647641743,0.24871750851480634,-1.5432716309505379,0.38864392647641743,True,True,False,False,False,True,0.696167310418066,False,0.0,偏強 (RS上升),4949.TW,有成精密,3,v1,phase6a,2026-07-12,1,4,5,4,3,4,v1,56,0.909688013136289,56,0.909688013136289,40,0.9359605911330049,^TWII,yfinance,2y,2026-10-05,scan_20261006_171949,False,False
True,0,0.3833338419596354,0.2500006357828776,True,False,買入 (動能增強),56.599998474121094,2026-10-05 00:00:00,56.304999923706056,0.034999847412109375,False,True,0.9704347929174556,False,0.0011385571692796843,47.312713302737514,0.0011860127789761433,0.0012115440526152162,-0.41942009546308556,-1.1967759657344645,-2.4257673011093495,-0.41942009546308556,False,False,False,False,False,False,0.0,False,-0.013937335025977826,中性,3705.TW,永信,2,v1,phase6a,2026-07-12,0,2,4,2,2,2,v1,167,0.7274220032840722,167,0.7274220032840722,170,0.722495894909688,^TWII,yfinance,2y,2026-10-05,scan_20261006_171949,False,False
True,1,0.6666669845581055,0.5500001907348633,True,False,買入 (動能增強),22.450000762939453,2026-10-05 00:00:00,21.95250005722046,0.035000038146971946,False,True,1.0590855155150274,False,0.000451600883534759,42.89747516782842,0.0004632189788760452,0.00046742979355004485,-0.26331760954670935,0.23011499627367815,-0.013598968915928822,-0.26331760954670935,False,False,False,False,False,False,0.36205844534094744,False,-0.02178649165046731,中性,3308.TW,聯德,4,v1,phase6a,2026-07-12,0,4,6,4,4,4,v1,13,0.9802955665024631,13,0.9802955665024631,20,0.9688013136288999,^TWII,yfinance,2y,2026-10-05,scan_20261006_171949,False,True
True,0,0.6666660308837891,0.5833326975504557,True,False,買入 (動能增強),55.20000076293945,2026-10-05 00:00:00,56.33499984741211,-0.09499988555908345,True,False,1.1016201787729223,False,0.0011103950230957086,29.23035200902846,0.001192496901966741,0.0012614569790473755,-0.71950886317248,-2.005819464818148,-6.477740265672727,-0.71950886317248,False,False,False,False,False,False,0.0,False,-0.10780644367709291,中性,2250.TW,IKKA-KY,2,v1,phase6a,2026-07-12,0,2,2,2,2,2,v1,111,0.819376026272578,111,0.819376026272578,116,0.8111658456486043,^TWII,yfinance,2y,2026-10-05,scan_20261006_171949,False,False
True,1,-0.01666704813639322,-0.25000063578287757,True,False,觀察 (跌勢收斂),33.04999923706055,2026-10-05 00:00:00,32.63250026702881,0.017499923706054688,False,True,3.373438569837274,True,0.0006648288796906669,28.746267341459085,0.0006887818631060175,0.0007333676626875322,-0.36472658692736637,-1.5572825626660403,-4.802587015647852,-0.36472658692736637,False,False,False,False,False,False,0.0,False,-0.06770102889216134,中性,6722.TW,輝創,1,v1,phase6a,2026-07-12,0,1,3,1,1,1,v1,382,0.37438423645320196,382,0.37438423645320196,382,0.37438423645320196,^TWII,yfinance,2y,2026-10-05,scan_20261006_171949,False,False
True,0,0.2500003178914388,0.2500001589457194,True,False,買入 (動能增強),13.550000190734863,2026-10-05 00:00:00,13.4125,0.0,False,True,0.8763381044257399,False,0.0002725697928765153,31.25268921448163,0.00028463414364894005,0.000306492169583496,-0.4441810278086544,-1.0854900343838292,-5.848902856483241,-0.4441810278086544,False,False,False,False,False,False,0.0069115978849114326,False,-0.16871160583082356,中性,5344.TWO,立衛,2,v1,phase6a,2026-07-12,0,2,3,2,2,2,v1,187,0.6945812807881774,187,0.6945812807881774,190,0.6896551724137931,^TWII,yfinance,2y,2026-10-05,scan_20261006_171949,False,False
True,0,0.03333536783854174,-0.7499974568684896,True,False,買入 (動能增強),93.0,2026-10-05 00:00:00,90.94500007629395,0.10000000000000853,False,True,2.976903114746672,True,0.0018707741978372001,60.524577095632786,0.0019213821402392444,0.001998238806036397,-0.2764896527834737,-1.1327743823681735,-4.530157131874379,-0.2764896527834737,False,False,False,False,False,False,0.0,False,-0.01331842886265322,中性,6534.TW,正瀚-創,4,v1,phase6a,2026-07-12,0,4,6,4,4,4,v1,23,0.9638752052545156,23,0.9638752052545156,29,0.9540229885057471,^TWII,yfinance,2y,2026-10-05,scan_20261006_171949,False,True
True,0,16.666666666666664,14.75,True,False,買入 (動能增強),302.5,2026-10-05 00:00:00,295.2,1.224999999999966,False,True,0.6580670887256588,False,0.006085045105868312,47.96609130467645,0.00623664101229532,0.006226109101838263,-0.25521331483769893,0.41066071196422804,2.667575009485934,-0.25521331483769893,False,False,True,False,False,False,0.4836765329693097,False,-0.017857142857142905,中性,6937.TW,天虹,4,v1,phase6a,2026-07-12,0,4,6,4,4,4,v1,25,0.9605911330049262,25,0.9605911330049262,31,0.9507389162561576,^TWII,yfinance,2y,2026-10-05,scan_20261006_171949,False,True
True,1,0.3166666825612386,0.21166658401489258,True,False,買入 (動能增強),8.600000381469727,2026-10-05 00:00:00,8.146000123023986,0.028999996185302024,False,True,1.0971822828025606,False,0.0001729963313445553,5.307377955050022,0.00017348021423672336,0.00020790871378539592,-0.029352102773938515,-0.5786609718465896,-4.6931290837247674,-0.029352102773938515,False,False,False,False,False,True,0.09370722854397436,False,-0.14851484587584973,中性,2424.TW,隴華,2,v1,phase6a,2026-07-12,0,2,4,2,2,2,v1,119,0.80623973727422,119,0.80623973727422,124,0.7980295566502463,^TWII,yfinance,2y,2026-10-05,scan_20261006_171949,False,False
True,0,0.34166653951009107,0.44166660308837885,True,False,觀望 (動能減弱),31.799999237060547,2026-10-05 00:00:00,31.879999732971193,0.0024999618530294754,False,False,0.6962778148481245,False,0.0006396840652036078,18.74695617489467,0.0006755106541511762,0.0007154375569964854,-0.5551774651053831,-1.3487698458016673,-5.054460989768161,-0.5551774651053831,False,False,False,False,False,False,0.0,False,-0.07826089167940442,中性,6593.TWO,台灣銘板,0,v1,phase6a,2026-07-12,0,0,1,0,0,0,v1,567,0.07060755336617405,567,0.07060755336617405,567,0.07060755336617405,^TWII,yfinance,2y,2026-10-05,scan_20261006_171949,False,False
True,1,0.058333396911621094,0.05833371480305989,True,False,觀望 (動能減弱),26.0,2026-10-05 00:00:00,26.035000133514405,0.007499980926514382,False,False,0.6442474038248507,False,0.0005230121413308302,43.370547538638824,0.0005490462835935228,0.0005689904447504413,-0.4966476956048016,-1.4222560489803304,-3.687234401642081,-0.4966476956048016,False,False,False,False,False,False,0.0,False,-0.04987559817149945,中性,1732.TW,毛寶,2,v1,phase6a,2026-07-12,0,2,3,2,2,2,v1,102,0.8341543513957307,102,0.8341543513957307,107,0.825944170771757,^TWII,yfinance,2y,2026-10-05,scan_20261006_171949,False,True
True,0,0.15166664123535156,0.1499997774759928,True,False,買入 (動能增強),10.050000190734863,2026-10-05 00:00:00,10.113999938964843,-0.00250000953674423,True,False,1.3376048341449291,False,0.0002021643123127497,34.508627630658374,0.00021457848937706816,0.00022923112159671573,-0.6053009696503353,-1.5158352627637206,-6.269520050264099,-0.6053009696503353,False,False,False,False,False,False,0.0,False,-0.2209301947343869,中性,2390.TW,云辰,2,v1,phase6a,2026-07-12,0,2,2,2,2,2,v1,117,0.8095238095238095,117,0.8095238095238095,122,0.8013136288998358,^TWII,yfinance,2y,2026-10-05,scan_20261006_171949,False,False
True,1,1.3166656494140625,0.5999997456868488,True,False,買入 (動能增強),82.69999694824219,2026-10-05 00:00:00,82.84499969482422,-0.03500022888182741,False,False,0.4071895298595389,False,0.0016635808650751257,21.369774668539883,0.0017262697232461462,0.0017313026569672318,-0.38080367805681803,-0.1784680063231514,4.443768769456602,-0.38080367805681803,False,False,False,False,False,False,0.3753677696841896,False,-0.043930671118587394,中性,6906.TW,現觀科,2,v1,phase6a,2026-07-12,0,2,2,2,2,2,v1,237,0.6124794745484401,237,0.6124794745484401,238,0.6108374384236454,^TWII,yfinance,2y,2026-10-05,scan_20261006_171949,False,False
True,0,-1.2833347320556638,-1.5166676839192705,True,False,觀察 (跌勢收斂),60.79999923706055,2026-10-05 00:00:00,61.40499973297119,-0.12000007629394815,True,False,0.8867686734170663,False,0.00122304376130338,30.979454783388555,0.001299151757554591,0.0014146766161513458,-0.6128820397134693,-2.1837256296334817,-8.452678028407645,-0.6128820397134693,False,False,False,False,False,False,0.0,False,-0.20105124236321148,中性,3687.TWO,歐買尬,1,v1,phase6a,2026-07-12,0,1,1,1,1,1,v1,340,0.4433497536945813,340,0.4433497536945813,340,0.4433497536945813,^TWII,yfinance,2y,2026-10-05,scan_20261006_171949,False,False
True,1,-0.01666673024495443,-0.10833326975504558,True,False,觀察 (跌勢收斂),13.149999618530273,2026-10-05 00:00:00,13.219999980926513,0.01249999999999929,False,False,5.390143090667748,True,0.0002645234407302738,41.27394742627446,0.00027877144727632565,0.0002866231148536113,-0.5351209694032022,-1.0383750067160191,-3.874154745232905,-0.5351209694032022,False,False,False,False,False,False,0.0,False,-0.1204013520869297,中性,1468.TW,昶和,2,v1,phase6a,2026-07-12,0,2,3,2,2,2,v1,94,0.8472906403940886,94,0.8472906403940886,99,0.8390804597701149,^TWII,yfinance,2y,2026-10-05,scan_20261006_171949,True,False
True,1,-0.03833357493082682,-0.02500025431315104,True,False,賣出 (動能轉弱),9.869999885559082,2026-10-05 00:00:00,9.951499938964844,-0.004500007629394176,False,False,1.1823772209112586,False,0.00019854345288774247,38.47121472469729,0.00020983240040082322,0.00021774082971357295,-0.5631249467353383,-1.6049839494041596,-4.259379388008755,-0.5631249467353383,False,False,False,False,False,False,0.0,False,-0.0179104777870277,中性,1217.TW,愛之味,0,v1,phase6a,2026-07-12,0,0,0,0,0,0,v1,431,0.2939244663382594,431,0.2939244663382594,431,0.2939244663382594,^TWII,yfinance,2y,2026-10-05,scan_20261006_171949,False,False
True,0,-0.3999993006388346,-0.3333326975504557,True,False,賣出 (動能轉弱),18.0,2026-10-05 00:00:00,18.70500020980835,-0.060000038146970525,False,False,1.7077553876236151,True,0.00036208532861365164,21.726256645901177,0.00039386742624253834,0.0004148542163294342,-0.8422394829064705,-2.576375894655747,-6.841222576093964,-0.8422394829064705,False,False,False,False,False,False,0.0,False,-0.12195121951219512,中性,4102.TWO,永日,1,v1,phase6a,2026-07-12,0,1,1,1,1,1,v1,341,0.44170771756978655,341,0.44170771756978655,341,0.44170771756978655,^TWII,yfinance,2y,2026-10-05,scan_20261006_171949,True,False
True,0,0.008333365122477213,0.03333346048990885,True,False,觀望 (動能減弱),13.850000381469727,2026-10-05 00:00:00,13.939999866485596,-0.0024999618530259227,True,False,1.3564540933545617,False,0.0002786045521902037,32.78944178439352,0.00029407908075447113,0.0003043296430513111,-0.5508467346333923,-1.6822824447760398,-4.151282121793809,-0.5508467346333923,False,False,False,False,False,False,0.0,False,-0.03146851771069881,中性,5533.TW,皇鼎,0,v1,phase6a,2026-07-12,0,0,0,0,0,0,v1,548,0.10180623973727422,548,0.10180623973727422,548,0.10180623973727422,^TWII,yfinance,2y,2026-10-05,scan_20261006_171949,False,False
True,0,-2.833333333333333,-3.1666666666666665,True,False,觀察 (跌勢收斂),169.5,2026-10-05 00:00:00,171.975,-0.09999999999999432,True,False,0.985147507251522,False,0.0034096368444452197,34.86322915184073,0.003628385491983031,0.003857301329417712,-0.6306101731331171,-2.1121363111859637,-6.747046315878292,-0.6306101731331171,False,False,False,False,False,False,0.0,False,-0.12294454537035115,中性,4441.TW,振大環球,1,v1,phase6a,2026-07-12,0,1,1,1,1,1,v1,346,0.43349753694581283,346,0.43349753694581283,346,0.43349753694581283,^TWII,yfinance,2y,2026-10-05,scan_20261006_171949,False,False
True,0,-0.07499980926513672,-0.11666647593180338,True,False,觀察 (跌勢收斂),16.200000762939453,2026-10-05 00:00:00,16.332500076293947,-0.02499999999999858,True,False,2.4238101232185065,True,0.0003258768110994633,28.66423164622869,0.0003449325367591675,0.00036218044549039396,-0.5781619572176044,-1.7872454373708213,-5.916567988669897,-0.5781619572176044,False,False,False,False,False,False,0.0,False,-0.04705877865062036,中性,4972.TWO,湯石照明,1,v1,phase6a,2026-07-12,0,1,1,1,1,1,v1,352,0.4236453201970443,352,0.4236453201970443,352,0.4236453201970443,^TWII,yfinance,2y,2026-10-05,scan_20261006_171949,False,False
True,0,-0.23333390553792313,-0.33333365122477204,True,False,觀察 (跌勢收斂),30.200000762939453,2026-10-05 00:00:00,30.532499980926513,-0.059999942779541016,False,False,1.4068382380235105,False,0.0006074987333545257,31.45217162155768,0.0006467762406780718,0.0006991398516363949,-0.6351830380091683,-2.0016208453040085,-7.735186913495474,-0.6351830380091683,False,False,False,False,False,False,0.0,False,-0.18046127507581256,中性,1533.TW,車王電,1,v1,phase6a,2026-07-12,0,1,1,1,1,1,v1,284,0.535303776683087,284,0.535303776683087,285,0.5336617405582923,^TWII,yfinance,2y,2026-10-05,scan_20261006_171949,False,False
False,0,5.666666666666666,7.166666666666665,False,True,強烈買入 (爆發),234.5,2026-10-05 00:00:00,237.375,-0.22499999999999432,False,False,1.1156314926685222,False,0.0047171671977722955,70.74840703869448,0.005006614259732138,0.004934106072230035,-0.6048761870072084,-1.311956909243861,-1.2140350970365144,-0.6048761870072084,False,False,True,False,False,False,0.32783296693133757,False,-0.06759443339960236,中性,2603.TW,長榮,3,v1,phase6a,2026-07-12,0,3,3,3,3,3,v1,44,0.9293924466338259,44,0.9293924466338259,53,0.9146141215106732,^TWII,yfinance,2y,2026-10-05,scan_20261006_171949,False,False
True,1,-0.23333295186360672,-0.4333330790201822,True,False,觀察 (跌勢收斂),55.20000076293945,2026-10-05 00:00:00,54.045000076293945,0.05500011444091513,False,True,0.9110775762205622,False,0.0011103950230957086,60.78482503120311,0.0011380864546043806,0.0011753324028176172,-0.25546749329700136,-1.2716671056892226,-3.047596457880275,-0.25546749329700136,False,False,False,False,False,False,0.06663992283603462,False,0.0,中性,3684.TWO,榮昌,1,v1,phase6a,2026-07-12,0,1,3,1,1,1,v1,338,0.4466338259441708,338,0.4466338259441708,338,0.4466338259441708,^TWII,yfinance,2y,2026-10-05,scan_20261006_171949,False,False
True,1,0.3392480214436849,0.2633686065673828,True,False,買入 (動能增強),37.04999923706055,2026-10-05 00:00:00,36.929544639587405,0.03184032440185547,False,True,0.951944644418927,False,0.0007452922860492562,25.00959855582624,0.0007808240970298109,0.0008096684835245482,-0.4767220084271995,-1.1515134059141396,-3.7328331638874057,-0.4767220084271995,False,False,False,False,False,False,0.0,False,-0.07071884122145633,中性,6504.TW,南六,4,v1,phase6a,2026-07-12,0,4,6,4,4,4,v1,21,0.9671592775041051,21,0.9671592775041051,28,0.9556650246305419,^TWII,yfinance,2y,2026-10-05,scan_20261006_171949,False,True
True,0,0.04166666666666667,0.025000095367431644,True,False,買入 (動能增強),13.0,2026-10-05 00:00:00,12.990000009536743,-0.005000019073486683,False,True,0.8753774568275358,False,0.0002615060706654151,25.75643210048998,0.0002750946998014904,0.0002933344964305544,-0.517270261681535,-1.3560788118008649,-5.903220724509605,-0.517270261681535,False,False,False,False,False,False,0.0,False,-0.1333333333333333,中性,8929.TWO,富堡,2,v1,phase6a,2026-07-12,0,2,3,2,2,2,v1,254,0.5845648604269293,254,0.5845648604269293,254,0.5845648604269293,^TWII,yfinance,2y,2026-10-05,scan_20261006_171949,False,False
True,0,-0.2500000794728597,-0.2883334159851074,True,False,觀察 (跌勢收斂),7.199999809265137,2026-10-05 00:00:00,7.348999977111816,-0.013499999046326039,True,False,0.17493909932604712,False,0.00014483412760866646,27.926287188429946,0.0001539953946053263,0.00016521183384161627,-0.6223189995813283,-2.310448100752016,-5.7242198665528266,-0.6223189995813283,False,False,False,False,False,False,0.0018269249315088871,False,-0.07335909563199361,中性,1213.TW,大飲,1,v1,phase6a,2026-07-12,0,1,1,1,1,1,v1,260,0.5747126436781609,260,0.5747126436781609,262,0.5714285714285714,^TWII,yfinance,2y,2026-10-05,scan_20261006_171949,False,False
True,0,0.16666666666666657,0.24999999999999994,True,False,觀望 (動能減弱),110.5,2026-10-05 00:00:00,114.225,-0.25,False,False,0.5229316082608882,False,0.0022228016006560283,63.377072369821775,0.00238343503937212,0.002257589498572492,-0.704431709532205,-1.9017396386115437,1.0551413956514821,-0.704431709532205,False,False,True,False,False,False,0.45252459642461523,False,-0.12648221343873522,中性,2615.TW,萬海,0,v1,phase6a,2026-07-12,0,0,0,0,0,0,v1,481,0.21182266009852216,481,0.21182266009852216,481,0.21182266009852216,^TWII,yfinance,2y,2026-10-05,scan_20261006_171949,False,False
True,0,-0.15833346048990882,-0.19166692097981766,True,False,觀察 (跌勢收斂),20.350000381469727,2026-10-05 00:00:00,20.45249996185303,0.022500038146972656,False,False,0.8793257285618197,False,0.00040935758752291124,33.988991128916325,0.00043062677327973444,0.00044299308045561773,-0.5172186188750816,-1.3701977255095588,-3.337088887999584,-0.5172186188750816,False,False,False,False,False,False,0.0,False,-0.035545023054059266,中性,1598.TW,岱宇,1,v1,phase6a,2026-07-12,0,1,2,1,1,1,v1,286,0.5320197044334976,286,0.5320197044334976,287,0.5303776683087028,^TWII,yfinance,2y,2026-10-05,scan_20261006_171949,False,False
True,1,0.15833377838134766,0.16666698455810547,True,False,觀望 (動能減弱),31.850000381469727,2026-10-05 00:00:00,32.03249979019165,-0.05749998092651509,False,False,1.9274067229352836,True,0.0006406898808038554,40.07932414368164,0.0006799895518854617,0.0007306755534330814,-0.6046847085526053,-1.9134130255909598,-7.779788523513487,-0.6046847085526053,False,False,False,False,False,False,0.0,False,-0.15292548739354106,中性,6730.TWO,常廣,0,v1,phase6a,2026-07-12,0,0,0,0,0,0,v1,571,0.06403940886699508,571,0.06403940886699508,571,0.06403940886699508,^TWII,yfinance,2y,2026-10-05,scan_20261006_171949,False,False
True,0,0.20000076293945312,0.10833390553792317,True,False,買入 (動能增強),17.850000381469727,2026-10-05 00:00:00,17.91500005722046,-0.01249999999999929,False,False,1.3805969166231806,False,0.000359067958548793,41.90987958479036,0.00037828715297232154,0.00038710519681241305,-0.5319533787249919,-1.1332469302786086,-3.944222032601774,-0.5319533787249919,False,False,False,False,False,False,0.0,False,-0.08461536505283451,中性,1434.TW,福懋,3,v1,phase6a,2026-07-12,0,3,3,3,3,3,v1,31,0.9507389162561576,31,0.9507389162561576,43,0.9310344827586207,^TWII,yfinance,2y,2026-10-05,scan_20261006_171949,True,False
True,0,0.14166641235351562,0.008333047231038407,True,False,買入 (動能增強),12.25,2026-10-05 00:00:00,12.337500047683715,-0.027500009536744585,True,False,1.2530085608322354,False,0.0002464191819731796,43.367027628601555,0.00025996715948825783,0.0002666513873208165,-0.5455775268705332,-1.2734364884616212,-3.5719787625804855,-0.5455775268705332,False,False,False,False,False,False,0.2166429635872091,False,-0.09594097213546682,中性,3049.TW,精金,2,v1,phase6a,2026-07-12,0,2,2,2,2,2,v1,139,0.7733990147783252,139,0.7733990147783252,142,0.7684729064039408,^TWII,yfinance,2y,2026-10-05,scan_20261006_171949,False,False
True,0,0.08333333333333331,-0.17499955495198563,True,False,買入 (動能增強),19.049999237060547,2026-10-05 00:00:00,18.467499923706054,0.027499961853028054,False,True,2.3945184339658137,True,0.0003832069574356045,34.00605368046992,0.00039042252585342116,0.00040948480774004336,-0.1941636891236831,-0.7307332570162361,-4.545876105100133,-0.1941636891236831,False,False,False,False,False,False,0.08565416727978675,False,-0.08192774761153987,中性,6916.TW,華凌,2,v1,phase6a,2026-07-12,0,2,4,2,2,2,v1,238,0.6108374384236454,238,0.6108374384236454,239,0.6091954022988506,^TWII,yfinance,2y,2026-10-05,scan_20261006_171949,False,False
True,0,0.08333365122477213,-0.016666094462076828,True,False,買入 (動能增強),16.799999237060547,2026-10-05 00:00:00,16.95749988555908,-0.03250007629394602,False,False,0.8128004468374447,False,0.00033794629135889805,42.271329489914976,0.0003553736237207983,0.0003520408169396502,-0.513553903745112,-1.158089271165319,-0.40669156430324094,-0.513553903745112,False,False,True,False,False,False,0.3481380844605519,False,-0.10400004069010416,中性,5608.TW,四維航,3,v1,phase6a,2026-07-12,0,3,3,3,3,3,v1,61,0.9014778325123153,61,0.9014778325123153,66,0.8932676518883416,^TWII,yfinance,2y,2026-10-05,scan_20261006_171949,True,False
True,0,-0.05833307902018228,-0.0666664441426595,True,False,觀察 (跌勢收斂),12.050000190734863,2026-10-05 00:00:00,12.150000095367432,-0.005069732666015625,False,False,1.0632530836783916,False,0.00024239601549204434,38.724946082607296,0.0002561095795982708,0.00026625240757625185,-0.5604797584827681,-1.5282479087655676,-4.3388333455852806,-0.5604797584827681,False,False,False,False,False,False,0.0,False,-0.03909328445097926,中性,2706.TW,第一店,1,v1,phase6a,2026-07-12,0,1,1,1,1,1,v1,315,0.48440065681444994,315,0.48440065681444994,315,0.48440065681444994,^TWII,yfinance,2y,2026-10-05,scan_20261006_171949,False,False
True,0,0.1249998410542806,0.04166666666666666,True,False,買入 (動能增強),12.149999618530273,2026-10-05 00:00:00,12.15499997138977,-0.01249999999999929,False,False,0.6927675731485953,False,0.00024440758914062645,15.038398162840762,0.0002568145320128177,0.00027231355125105814,-0.5059628564950569,-1.3295736885248655,-5.034564977843381,-0.5059628564950569,False,False,False,False,False,False,0.0,False,-0.14736844782243697,中性,6219.TWO,富旺,2,v1,phase6a,2026-07-12,0,2,2,2,2,2,v1,206,0.6633825944170771,206,0.6633825944170771,209,0.6584564860426929,^TWII,yfinance,2y,2026-10-05,scan_20261006_171949,False,False
True,0,-0.3666664759318034,-0.44166628519694007,True,False,觀察 (跌勢收斂),23.799999237060547,2026-10-05 00:00:00,23.78499984741211,-0.010000038146973367,True,True,1.5920249710810357,True,0.0004787572524864293,28.714151011970795,0.0005016460301698261,0.0005281455952297009,-0.477992129019722,-1.8802249665964776,-5.511342152391563,-0.477992129019722,False,False,False,False,False,False,0.0,False,-0.03448277462977123,中性,2063.TWO,世鎧,1,v1,phase6a,2026-07-12,0,1,2,1,1,1,v1,297,0.5139573070607554,297,0.5139573070607554,297,0.5139573070607554,^TWII,yfinance,2y,2026-10-05,scan_20261006_171949,False,False
True,0,1.733332316080729,1.1333319346110025,True,False,買入 (動能增強),62.599998474121094,2026-10-05 00:00:00,61.70499973297119,-0.13500022888183594,True,True,0.8560682876161161,False,0.0012592522788175682,27.67759668205229,0.0013135307157528377,0.0013330251921229706,-0.43309036522213296,-0.7751160382707845,-6.7368944743018915,-0.43309036522213296,False,False,False,False,False,False,0.41891294592965517,False,-0.09928059749466056,中性,2070.TWO,精湛,2,v1,phase6a,2026-07-12,0,2,3,2,2,2,v1,109,0.8226600985221675,109,0.8226600985221675,114,0.8144499178981938,^TWII,yfinance,2y,2026-10-05,scan_20261006_171949,False,False
True,1,-0.07499996821085612,-0.050000031789143876,True,False,賣出 (動能轉弱),14.300000190734863,2026-10-05 00:00:00,14.412500047683716,-0.0049999713897701525,False,False,1.5064283242001133,True,0.0002876566815687508,37.148539879920335,0.0003037008138320422,0.0003151948971314091,-0.5530167502032501,-1.616441563559401,-3.9713613005330495,-0.5530167502032501,False,False,False,False,False,False,0.0,False,-0.017182130358953218,中性,1457.TW,宜進,0,v1,phase6a,2026-07-12,0,0,0,0,0,0,v1,438,0.2824302134646962,438,0.2824302134646962,438,0.2824302134646962,^TWII,yfinance,2y,2026-10-05,scan_20261006_171949,False,False
True,0,-0.2083330154418945,-0.2833334604899089,True,False,觀察 (跌勢收斂),21.850000381469727,2026-10-05 00:00:00,22.275,-0.032499980926516514,False,False,1.2039705606274467,False,0.0004395313649073822,31.642895374975463,0.00046872254423581383,0.0004836680111459163,-0.6512900232533148,-1.7809871399176336,-4.697905371763211,-0.6512900232533148,False,False,False,False,False,False,0.0,False,-0.122489931075773,中性,2613.TW,中櫃,2,v1,phase6a,2026-07-12,0,2,2,2,2,2,v1,132,0.7848932676518884,132,0.7848932676518884,136,0.7783251231527094,^TWII,yfinance,2y,2026-10-05,scan_20261006_171949,True,False
False,0,0.16666666666666652,-2.583333333333333,False,True,強烈買入 (爆發),141.5,2026-10-05 00:00:00,137.575,-0.07500000000001705,True,True,1.4499261358982554,False,0.002846392999935095,59.39705159207681,0.0029024097093833107,0.003022400757296303,-0.20274673007336652,-1.1963411636398358,-5.35385465595557,-0.20274673007336652,False,False,False,False,False,False,0.07080917858566742,False,-0.10158730158730156,中性,3019.TW,亞光,3,v1,phase6a,2026-07-12,0,3,4,3,3,3,v1,45,0.9277504105090312,45,0.9277504105090312,54,0.9129720853858785,^TWII,yfinance,2y,2026-10-05,scan_20261006_171949,False,False
True,0,0.4304726918538411,0.4955501556396484,True,False,觀望 (動能減弱),17.799999237060547,2026-10-05 00:00:00,17.801620960235596,0.01711854934692525,False,False,0.7429441386579225,False,0.0003580621429485454,39.680008172178155,0.000375493049197964,0.0003828806078960961,-0.4862699861468367,-0.7666936423954884,-0.7662757506866513,-0.4862699861468367,False,False,False,False,False,False,0.0,False,-0.021978104896205664,中性,8423.TWO,保綠-KY,2,v1,phase6a,2026-07-12,0,2,3,2,2,2,v1,247,0.5960591133004927,247,0.5960591133004927,247,0.5960591133004927,^TWII,yfinance,2y,2026-10-05,scan_20261006_171949,False,True
True,0,0.16666698455810547,0.16666698455810547,True,False,觀望 (動能減弱),27.100000381469727,2026-10-05 00:00:00,26.875,0.01750001907348775,False,True,1.1674409406474757,False,0.0005451395857530306,53.71764546077105,0.0005665233779198044,0.0005757913078585613,-0.3957502084289133,-1.1922005190777574,-2.5564578537881744,-0.3957502084289133,False,False,False,False,False,False,0.0,False,-0.007325965610992302,中性,2107.TW,厚生,0,v1,phase6a,2026-07-12,0,0,2,0,0,0,v1,459,0.24794745484400657,459,0.24794745484400657,459,0.24794745484400657,^TWII,yfinance,2y,2026-10-05,scan_20261006_171949,False,False
False,0,-5.366667429606119,-5.416667938232421,False,True,強烈賣出 (跌破),79.69999694824219,2026-10-05 00:00:00,84.58999977111816,0.004999923706051845,False,False,0.40511319421969944,False,0.0016032333103061837,57.2059939107917,0.0017242938786042388,0.0016561974875021323,-0.7336180524056268,-2.437280719188051,8.236365907389542,-0.7336180524056268,False,False,True,False,False,False,0.5532700153765028,False,-0.10650224579617784,中性,6224.TW,聚鼎,0,v1,phase6a,2026-07-12,0,0,1,0,0,0,v1,561,0.08045977011494253,561,0.08045977011494253,561,0.08045977011494253,^TWII,yfinance,2y,2026-10-05,scan_20261006_171949,False,False
True,0,1.7333348592122395,1.0000012715657551,True,False,買入 (動能增強),70.0999984741211,2026-10-05 00:00:00,67.13999977111817,0.3500000000000085,False,True,2.017985344631969,True,0.0014101211657399232,48.18563572299155,0.0014146079563146937,0.0014487796976293513,-0.03337575693626027,0.05687077941247676,1.1315314701725088,-0.03337575693626027,False,False,False,False,False,False,0.33719673125141647,False,0.0,中性,3338.TW,泰碩,2,v1,phase6a,2026-07-12,0,2,4,2,2,2,v1,152,0.7520525451559934,152,0.7520525451559934,155,0.7471264367816092,^TWII,yfinance,2y,2026-10-05,scan_20261006_171949,False,False
True,3,0.0,0.0,True,False,賣出 (動能轉弱),3.2699999809265137,2026-10-05 00:00:00,3.2699999809265137,0.0,False,False,1.0,False,6.577883431446729e-05,34.172723291410314,6.898682449715212e-05,7.304715660675771e-05,-0.4871050490705686,-1.459794230201683,-4.099659125484367,-0.4871050490705686,False,False,False,False,False,False,0.0,False,0.0,中性,4804.TWO,大略-KY,0,v1,phase6a,2026-07-12,0,0,0,0,0,0,v1,534,0.12479474548440066,534,0.12479474548440066,534,0.12479474548440066,^TWII,yfinance,2y,2026-10-05,scan_20261006_171949,False,False
False,0,-0.3166669209798177,-0.25833352406819665,False,True,強烈賣出 (跌破),17.799999237060547,2026-10-05 00:00:00,18.554999923706056,-0.035000038146971946,False,False,5.737922976208485,True,0.0003580621429485454,20.896984989641332,0.0003920542086987393,0.00041973543202615847,-0.9044034057291706,-2.0109265155755507,-7.791159042485296,-0.9044034057291706,False,False,False,False,False,False,0.0,False,-0.13170735428972946,中性,4192.TWO,杏國,0,v1,phase6a,2026-07-12,0,0,0,0,0,0,v1,521,0.14614121510673234,521,0.14614121510673234,521,0.14614121510673234,^TWII,yfinance,2y,2026-10-05,scan_20261006_171949,False,False
True,0,-0.2000001271565755,-0.1250003178914388,True,False,賣出 (動能轉弱),16.649999618530273,2026-10-05 00:00:00,17.364999866485597,-0.027500057220457563,False,False,2.0293773892379146,True,0.0003349289212940394,27.294667002498343,0.00036537322649757406,0.00037800543446855065,-0.8694671576388813,-2.1775908102020347,-4.744527341836524,-0.8694671576388813,False,False,False,False,False,False,0.0,False,-0.07500002119276261,中性,6958.TW,日盛台駿,0,v1,phase6a,2026-07-12,0,0,0,0,0,0,v1,581,0.047619047619047616,581,0.047619047619047616,581,0.047619047619047616,^TWII,yfinance,2y,2026-10-05,scan_20261006_171949,False,False
True,1,-0.18333371480305988,-0.26666704813639325,True,False,觀察 (跌勢收斂),60.0,2026-10-05 00:00:00,60.15500011444092,-0.039999961853027344,False,False,1.5931237940217209,True,0.0012069510953788389,16.15257723295854,0.0012705416346691582,0.0013833752673736031,-0.5240804557685497,-1.6666975006054519,-5.414146784965224,-0.5240804557685497,False,False,False,False,False,False,0.0,False,-0.11800587717946531,中性,7818.TW,溢泰實業,1,v1,phase6a,2026-07-12,0,1,1,1,1,1,v1,401,0.34318555008210183,401,0.34318555008210183,401,0.34318555008210183,^TWII,yfinance,2y,2026-10-05,scan_20261006_171949,False,False
True,0,-0.5249999364217122,-0.6416667302449544,True,False,觀察 (跌勢收斂),28.200000762939453,2026-10-05 00:00:00,28.580000019073488,-0.039999961853027344,True,False,0.7953302750990612,False,0.0005672670301752311,29.791045115804096,0.000605320289442645,0.0006814266553057139,-0.6573832274428759,-2.333766915072777,-9.0546428269781,-0.6573832274428759,False,False,False,False,False,False,0.0,False,-0.2787723308581703,中性,7814.TWO,海昌生技,1,v1,phase6a,2026-07-12,0,1,1,1,1,1,v1,400,0.3448275862068966,400,0.3448275862068966,400,0.3448275862068966,^TWII,yfinance,2y,2026-10-05,scan_20261006_171949,False,False
False,0,-0.3833338419596354,-0.06666692097981772,False,True,強烈賣出 (跌破),66.69999694824219,2026-10-05 00:00:00,68.71000099182129,-0.04999999999999716,False,False,2.1016163526764218,True,0.0013417272396407686,22.562715659951294,0.0014466561999722713,0.0015240049420795529,-0.7577103287402132,-1.8510656640714274,-4.508167527788887,-0.7577103287402132,False,False,False,False,False,False,0.0,False,-0.07103072265664434,中性,9910.TW,豐泰,0,v1,phase6a,2026-07-12,0,0,0,0,0,0,v1,606,0.006568144499178982,606,0.006568144499178982,606,0.006568144499178982,^TWII,yfinance,2y,2026-10-05,scan_20261006_171949,False,False
True,1,-0.17500019073486328,-0.241667111714681,True,False,觀察 (跌勢收斂),21.850000381469727,2026-10-05 00:00:00,22.002499675750734,-0.0274999618530245,False,False,1.6002560409665545,True,0.0004395313649073822,22.07629923812313,0.00046599240732484435,0.000500214930830788,-0.5941776687443667,-1.99161025024287,-7.78403288419991,-0.5941776687443667,False,False,False,False,False,False,0.0,False,-0.09710745071829008,中性,6929.TWO,佑全,1,v1,phase6a,2026-07-12,0,1,1,1,1,1,v1,389,0.36288998357963875,389,0.36288998357963875,389,0.36288998357963875,^TWII,yfinance,2y,2026-10-05,scan_20261006_171949,False,False
True,0,-0.3333339691162109,-0.8666674296061196,True,False,觀察 (跌勢收斂),61.79999923706055,2026-10-05 00:00:00,62.214999961853025,-0.21000003814697266,True,False,0.9938935780921762,False,0.001243159612893027,37.92570991341659,0.0013056588937470676,0.0013418910244162013,-0.5013475333687678,-1.6276702053754755,-3.2157269074852834,-0.5013475333687678,False,False,False,False,False,False,0.12293422342934028,False,-0.08983802874427693,中性,3438.TWO,類比科,1,v1,phase6a,2026-07-12,0,1,1,1,1,1,v1,333,0.4548440065681445,333,0.4548440065681445,333,0.4548440065681445,^TWII,yfinance,2y,2026-10-05,scan_20261006_171949,False,False
True,0,1.4166641235351562,0.4499982198079427,True,False,買入 (動能增強),98.19999694824219,2026-10-05 00:00:00,97.58500022888184,-0.1150001525878821,True,True,1.0715027576910774,False,0.001975376564714659,26.22909779532911,0.002064727913166968,0.0021292692529918103,-0.45346193600035445,-1.3083163124523844,-5.718145240265526,-0.45346193600035445,False,False,False,False,False,False,0.0,False,-0.051207758954181726,中性,6756.TW,威鋒電子,4,v1,phase6a,2026-07-12,0,4,5,4,4,4,v1,24,0.9622331691297209,24,0.9622331691297209,30,0.9523809523809523,^TWII,yfinance,2y,2026-10-05,scan_20261006_171949,False,True
True,0,0.8333339691162107,0.6833340326944985,True,False,買入 (動能增強),30.0,2026-10-05 00:00:00,30.090000057220458,-0.00500001907348846,True,False,1.0067924681404654,False,0.0006034755476894194,21.373542100018668,0.0006409972431487856,0.0006910708299410407,-0.612399591716084,-1.3722737710140542,-7.267719874267553,-0.612399591716084,False,False,False,False,False,False,0.0,False,-0.12023456473854777,中性,4562.TW,穎漢,2,v1,phase6a,2026-07-12,0,2,2,2,2,2,v1,180,0.7060755336617406,180,0.7060755336617406,183,0.7011494252873564,^TWII,yfinance,2y,2026-10-05,scan_20261006_171949,False,False
True,0,1.3666674296061196,1.3833338419596353,True,False,觀望 (動能減弱),60.70000076293945,2026-10-05 00:00:00,60.69000015258789,-0.04999999999999716,True,True,0.7285546415981199,False,0.0012210322068387687,61.96945276427316,0.001286908468941398,0.001306870252483914,-0.5359494455734248,-1.3124485195353586,-5.142904153733174,-0.5359494455734248,False,False,False,False,False,False,0.0,False,-0.09267564456693034,中性,2248.TW,華勝-KY,0,v1,phase6a,2026-07-12,0,0,1,0,0,0,v1,463,0.2413793103448276,463,0.2413793103448276,463,0.2413793103448276,^TWII,yfinance,2y,2026-10-05,scan_20261006_171949,False,False
True,0,0.28333314259847003,0.16666666666666666,True,False,買入 (動能增強),17.75,2026-10-05 00:00:00,17.467500019073487,0.00500001907348846,False,True,1.652674764773014,True,0.0003570563657162398,39.17568247444624,0.000370029302402111,0.0003801404810520509,-0.36768743345801935,-0.6889282533531826,-4.490027879203195,-0.36768743345801935,False,False,False,False,False,False,0.0,False,-0.04054054054054057,中性,4430.TWO,耀億,4,v1,phase6a,2026-07-12,0,4,6,4,4,4,v1,16,0.9753694581280788,16,0.9753694581280788,23,0.9638752052545156,^TWII,yfinance,2y,2026-10-05,scan_20261006_171949,False,True
True,0,2.083333333333333,-1.333333333333333,True,False,買入 (動能增強),173.0,2026-10-05 00:00:00,166.15,0.5250000000000057,False,True,1.491979555559472,False,0.0034800423250089855,135.74534173104126,0.0035178121001134006,0.003811495279485121,-0.11289055308938423,-0.9347180646241515,-5.563979980318512,-0.11289055308938423,False,False,False,False,False,True,0.18060628188525532,False,-0.3961605584642234,中性,3090.TW,日電貿,2,v1,phase6a,2026-07-12,0,2,4,2,2,2,v1,141,0.7701149425287356,141,0.7701149425287356,144,0.7651888341543513,^TWII,yfinance,2y,2026-10-05,scan_20261006_171949,False,False
True,1,-0.05000019073486328,-0.04166698455810547,True,False,賣出 (動能轉弱),17.25,2026-10-05 00:00:00,17.435000038146974,-0.022500038146972656,True,False,0.671614224789281,False,0.0003469984399214162,39.96487347838139,0.0003678904008596848,0.00038561239962721074,-0.5942220620355099,-1.7058648878731542,-5.193085003170895,-0.5942220620355099,False,False,False,False,False,False,0.0,False,-0.0725806641818495,中性,4538.TWO,大詠城,0,v1,phase6a,2026-07-12,0,0,0,0,0,0,v1,530,0.13136288998357964,530,0.13136288998357964,530,0.13136288998357964,^TWII,yfinance,2y,2026-10-05,scan_20261006_171949,False,False
True,0,-0.2833340962727865,-0.2333335876464844,True,False,賣出 (動能轉弱),56.599998474121094,2026-10-05 00:00:00,57.064999961853026,-0.07000007629394389,True,False,0.6129419004631389,False,0.0011385571692796843,39.934346208194754,0.0012057262897978123,0.0012617640403685664,-0.5829858872089311,-2.1851788720605336,-6.087134395444805,-0.5829858872089311,False,False,False,False,False,False,0.0,False,-0.10158732580760166,中性,6516.TWO,勤崴國際,0,v1,phase6a,2026-07-12,0,0,0,0,0,0,v1,565,0.07389162561576355,565,0.07389162561576355,565,0.07389162561576355,^TWII,yfinance,2y,2026-10-05,scan_20261006_171949,False,False
True,0,-0.3416662216186523,-0.3916660944620768,True,False,觀察 (跌勢收斂),22.5,2026-10-05 00:00:00,22.757499980926514,-0.04499998092651225,True,False,1.719144427428423,True,0.0004526066607670646,25.246510878053087,0.00047873974828283283,0.0004918606952729238,-0.5713198387949814,-1.882478088924433,-4.908249369477002,-0.5713198387949814,False,False,False,False,False,False,0.0,False,-0.052631578947368474,中性,5704.TWO,老爺知,1,v1,phase6a,2026-07-12,0,1,1,1,1,1,v1,362,0.4072249589490969,362,0.4072249589490969,362,0.4072249589490969,^TWII,yfinance,2y,2026-10-05,scan_20261006_171949,False,False
True,1,0.34999974568684894,0.41666666666666663,True,False,觀望 (動能減弱),53.20000076293945,2026-10-05 00:00:00,53.374999809265134,-0.01000003814697692,False,False,0.8191824187978144,False,0.001070163319916414,51.27975688250359,0.0011210434447884055,0.0011198535617587707,-0.4754799535276688,-1.0647778104933336,-0.6797509904179488,-0.4754799535276688,False,False,True,False,False,False,0.2978282572350804,False,-0.011152388152968262,中性,2607.TW,榮運,0,v1,phase6a,2026-07-12,0,0,0,0,0,0,v1,479,0.21510673234811165,479,0.21510673234811165,479,0.21510673234811165,^TWII,yfinance,2y,2026-10-05,scan_20261006_171949,False,False
True,0,-0.24999872843424475,-0.2666664123535156,True,False,觀察 (跌勢收斂),73.80000305175781,2026-10-05 00:00:00,74.52999954223633,-0.0649997711181669,True,False,1.9572615455631546,True,0.001484549908704679,38.94195551689788,0.0015748003018810897,0.0016449307182168672,-0.5996363901174195,-1.860787526463381,-5.888609495424701,-0.5996363901174195,False,False,False,False,False,False,0.0,False,-0.04651160727583992,中性,8341.TW,日友,1,v1,phase6a,2026-07-12,0,1,1,1,1,1,v1,409,0.33004926108374383,409,0.33004926108374383,409,0.33004926108374383,^TWII,yfinance,2y,2026-10-05,scan_20261006_171949,False,False
True,0,0.6333335240681967,0.6416670481363932,True,False,觀望 (動能減弱),23.649999618530273,2026-10-05 00:00:00,23.8,-0.005000019073484907,False,False,0.8818353740835023,False,0.0004757398824215706,35.882104147373866,0.0005080884416091382,0.0005499477138123278,-0.665719337570092,-1.4058243913370294,-8.29688567860478,-0.665719337570092,False,False,False,False,False,False,0.0,False,-0.15535715648106163,中性,8044.TWO,網家,0,v1,phase6a,2026-07-12,0,0,0,0,0,0,v1,589,0.034482758620689655,589,0.034482758620689655,589,0.034482758620689655,^TWII,yfinance,2y,2026-10-05,scan_20261006_171949,False,False
True,0,-1.0833333333333333,-2.25,True,False,觀察 (跌勢收斂),131.0,2026-10-05 00:00:00,133.55,-0.29999999999998295,True,False,0.8898115822879372,False,0.0026351765582437983,52.03196834394664,0.0028257525301361563,0.002968026985721952,-0.7049172767552458,-2.102241259027271,-8.082121304993317,-0.7049172767552458,False,False,False,False,False,False,0.0,False,-0.1714189284462725,中性,6753.TW,龍德造船,2,v1,phase6a,2026-07-12,0,2,2,2,2,2,v1,230,0.6239737274220033,230,0.6239737274220033,231,0.6223316912972086,^TWII,yfinance,2y,2026-10-05,scan_20261006_171949,True,False
True,0,-0.40000057220458984,-0.07500044504801431,True,False,賣出 (動能轉弱),17.649999618530273,2026-10-05 00:00:00,18.312499713897704,-0.027500057220461116,False,False,0.3922986798579519,False,0.0003550447728836867,45.87866037321946,0.00038138672300500656,0.0003742691128743628,-0.7217930111870996,-1.934570795289503,1.4959408099582294,-0.7217930111870996,False,False,True,False,False,False,0.2765792500414291,False,-0.06366051663951688,中性,2905.TW,三商,0,v1,phase6a,2026-07-12,0,0,0,0,0,0,v1,495,0.18883415435139572,495,0.18883415435139572,495,0.18883415435139572,^TWII,yfinance,2y,2026-10-05,scan_20261006_171949,False,False
True,0,1.2999992370605469,0.19999949137369794,True,False,買入 (動能增強),91.4000015258789,2026-10-05 00:00:00,91.83500022888184,0.08500022888183878,False,False,0.9163353132721351,False,0.0018385888659881182,128.71962082817623,0.0019349520826854021,0.0019679966453935516,-0.5214909027107084,-1.2955880079667303,-2.7492805370607276,-0.5214909027107084,False,False,False,False,False,False,0.1957182655162719,False,-0.1516416715688118,中性,8932.TWO,智通*,5,v1,phase6a,2026-07-12,0,5,6,5,5,5,v1,2,0.9983579638752053,2,0.9983579638752053,3,0.9967159277504105,^TWII,yfinance,2y,2026-10-05,scan_20261006_171949,True,True
True,1,-0.3166675567626953,-0.34166717529296875,True,False,觀察 (跌勢收斂),41.099998474121094,2026-10-05 00:00:00,41.447499656677245,-0.030000114440916548,False,False,0.5595232988390735,False,0.000826761469640151,38.161136962176016,0.0008732167596168716,0.0009042552626915962,-0.5568833516344407,-1.5170603694515505,-4.343667533546713,-0.5568833516344407,False,False,False,False,False,False,0.0,False,-0.023752969982046457,中性,2013.TW,中鋼構,1,v1,phase6a,2026-07-12,0,1,1,1,1,1,v1,296,0.5155993431855501,296,0.5155993431855501,296,0.5155993431855501,^TWII,yfinance,2y,2026-10-05,scan_20261006_171949,False,False
True,0,0.30833355585734046,0.3000001907348633,True,False,買入 (動能增強),13.0,2026-10-05 00:00:00,12.817500019073487,0.009999990463256836,False,True,0.32952830322428117,False,0.0002615060706654151,40.803143125987205,0.000273775791582039,0.00029277274271132274,-0.4695394097899319,-1.5114935170964183,-8.427214669651018,-0.4695394097899319,False,False,False,False,False,False,0.0,False,-0.22848666435068132,中性,8421.TWO,旭源,2,v1,phase6a,2026-07-12,0,2,4,2,2,2,v1,246,0.5977011494252874,246,0.5977011494252874,246,0.5977011494252874,^TWII,yfinance,2y,2026-10-05,scan_20261006_171949,False,False
True,0,-0.033333460489908845,-0.10833358764648436,True,False,觀察 (跌勢收斂),22.200000762939453,2026-10-05 00:00:00,22.095000076293946,0.00500001907348846,False,True,1.2215438456917733,False,0.00044657192063734716,52.78004865636389,0.00046523422928384096,0.0004774100680436089,-0.42047497434181125,-1.4702865911750518,-3.3950242457250757,-0.42047497434181125,False,False,False,False,False,False,0.0,False,-0.0022471567218222965,中性,2908.TW,特力,1,v1,phase6a,2026-07-12,0,1,3,1,1,1,v1,321,0.4745484400656814,321,0.4745484400656814,321,0.4745484400656814,^TWII,yfinance,2y,2026-10-05,scan_20261006_171949,False,False
True,0,-0.050000031789143876,-0.07166671752929688,True,False,觀察 (跌勢收斂),5.900000095367432,2026-10-05 00:00:00,5.9229999542236325,-0.004999995231628418,False,False,0.860267728460076,False,0.00011868352629731625,22.642185109701973,0.00012499394461975503,0.00013272855071391645,-0.528620149414305,-1.7626758732642855,-5.78894949853237,-0.528620149414305,False,False,False,False,False,False,0.0,False,-0.05750800644598497,中性,8429.TW,金麗-KY,1,v1,phase6a,2026-07-12,0,1,1,1,1,1,v1,412,0.3251231527093596,412,0.3251231527093596,412,0.3251231527093596,^TWII,yfinance,2y,2026-10-05,scan_20261006_171949,False,False
True,0,-6.981201171875,-9.886647542317709,True,False,觀察 (跌勢收斂),378.0,2026-10-05 00:00:00,382.76974029541014,0.04698028564450851,False,False,0.8663217730479635,False,0.007603791900886685,221.99734411531026,0.008064464178713591,0.00838901193375028,-0.5977083905541969,-1.979475881965287,-5.861477173560258,-0.5977083905541969,False,False,False,False,False,False,0.0,False,-0.0969571278779684,中性,3260.TWO,威剛,1,v1,phase6a,2026-07-12,0,1,2,1,1,1,v1,329,0.4614121510673235,329,0.4614121510673235,329,0.4614121510673235,^TWII,yfinance,2y,2026-10-05,scan_20261006_171949,False,False
True,0,-0.7000001271565754,-0.6083335876464844,True,False,賣出 (動能轉弱),43.95000076293945,2026-10-05 00:00:00,44.187500190734866,0.007500076293950997,False,False,1.767994872814869,True,0.0008840916927121763,31.218799375120994,0.0009272639643152058,0.0009471472866082592,-0.487702147174518,-1.474692806062905,-2.371459906042628,-0.487702147174518,False,False,False,False,False,False,0.0,False,-0.03193834172258614,中性,8941.TWO,關中,0,v1,phase6a,2026-07-12,0,0,1,0,0,0,v1,604,0.009852216748768473,604,0.009852216748768473,604,0.009852216748768473,^TWII,yfinance,2y,2026-10-05,scan_20261006_171949,False,False
True,2,0.04166666666666666,0.024999936421712235,True,False,買入 (動能增強),13.100000381469727,2026-10-05 00:00:00,12.9625,0.025000000000000355,False,True,1.0756491304973186,False,0.0002635176634979682,47.860205685869246,0.0002733641848787389,0.0002811031179499016,-0.3777235564028758,-1.3541737058415992,-3.4119327542079914,-0.3777235564028758,False,False,False,False,False,False,0.0,False,-0.07092198389683757,中性,9912.TW,偉聯,4,v1,phase6a,2026-07-12,0,4,6,4,4,4,v1,29,0.9540229885057471,29,0.9540229885057471,35,0.9441707717569786,^TWII,yfinance,2y,2026-10-05,scan_20261006_171949,False,True
True,0,-0.416666030883789,-0.2833328247070312,True,False,賣出 (動能轉弱),24.0,2026-10-05 00:00:00,24.619999885559082,-0.05500001907348562,False,False,0.8947024508300144,False,0.00048278043815153554,47.11757775361033,0.0005174131968626635,0.0005182862457850061,-0.6996434750712432,-2.2371998593847864,-4.1820980636621545,-0.6996434750712432,False,False,False,False,False,False,0.0651686302516869,False,-0.06796116504854366,中性,1904.TW,正隆,0,v1,phase6a,2026-07-12,0,0,0,0,0,0,v1,457,0.2512315270935961,457,0.2512315270935961,457,0.2512315270935961,^TWII,yfinance,2y,2026-10-05,scan_20261006_171949,False,False
True,0,-1.589457194056676e-07,-0.0666667620340983,True,False,觀察 (跌勢收斂),13.800000190734863,2026-10-05 00:00:00,13.890000009536744,-0.01500000953674352,False,False,0.6940882121046815,False,0.00027759875577392716,27.80011141469768,0.00029306388761576044,0.00030518469594634635,-0.5524105644445942,-1.5140542945240587,-4.81948450996722,-0.5524105644445942,False,False,False,False,False,False,0.0,False,-0.03911108696957155,中性,4401.TWO,東隆興,1,v1,phase6a,2026-07-12,0,1,1,1,1,1,v1,344,0.4367816091954023,344,0.4367816091954023,344,0.4367816091954023,^TWII,yfinance,2y,2026-10-05,scan_20261006_171949,False,False
True,1,-0.10000006357828775,-0.10833358764648436,True,False,觀察 (跌勢收斂),20.600000381469727,2026-10-05 00:00:00,20.72750005722046,-0.019999980926513672,True,False,1.083202006954901,False,0.0004143865504203231,18.53759370151509,0.0004366517875869618,0.0004430280219521832,-0.5338800039454972,-1.6683535990656084,-4.310500073208323,-0.5338800039454972,False,False,False,False,False,False,0.4113872737603187,False,-0.09649118110560306,中性,3712.TW,永崴投控,2,v1,phase6a,2026-07-12,0,2,2,2,2,2,v1,168,0.7257799671592775,168,0.7257799671592775,171,0.7208538587848933,^TWII,yfinance,2y,2026-10-05,scan_20261006_171949,True,False
True,0,1.4999999999999998,1.3333333333333333,True,False,買入 (動能增強),182.5,2026-10-05 00:00:00,182.5,-0.025000000000005684,False,False,1.9347656429325621,True,0.003671142915110635,41.5259006910912,0.003864642849839845,0.0040302547176341045,-0.5242819852454117,-1.3510250471991392,-5.315079621942475,-0.5242819852454117,False,False,False,False,False,False,0.0,False,-0.04228855522203823,中性,3611.TWO,鼎翰,2,v1,phase6a,2026-07-12,0,2,2,2,2,2,v1,162,0.735632183908046,162,0.735632183908046,165,0.7307060755336617,^TWII,yfinance,2y,2026-10-05,scan_20261006_171949,False,False
True,1,-0.2916663487752279,-0.29999987284342444,True,False,觀察 (跌勢收斂),24.350000381469727,2026-10-05 00:00:00,24.61000003814697,-0.027499961853028054,True,False,1.704911166183811,True,0.0004898209938815005,9.543973090836268,0.0005192943689399645,0.0005630011591365835,-0.5938896175160524,-2.162887609426578,-6.404722490408055,-0.5938896175160524,False,False,False,False,False,False,0.0,False,-0.13345195548370525,中性,1225.TW,福懋油,1,v1,phase6a,2026-07-12,0,1,1,1,1,1,v1,262,0.5714285714285714,262,0.5714285714285714,264,0.5681444991789819,^TWII,yfinance,2y,2026-10-05,scan_20261006_171949,False,False
True,0,-0.44999949137369794,-0.7333335876464843,True,False,觀察 (跌勢收斂),66.5,2026-10-05 00:00:00,67.56499977111817,-0.07500000000000284,False,False,0.7737348389795066,False,0.0013377041307115463,23.380120631535846,0.00142550035168563,0.0014995157273238633,-0.6441372100284726,-1.5962874595158327,-5.264169129636342,-0.6441372100284726,False,False,False,False,False,False,0.0,False,-0.08904109589041098,中性,6997.TWO,博弘,1,v1,phase6a,2026-07-12,0,1,1,1,1,1,v1,393,0.3563218390804598,393,0.3563218390804598,393,0.3563218390804598,^TWII,yfinance,2y,2026-10-05,scan_20261006_171949,False,False
True,0,-0.0366668701171875,-0.005000273386637369,True,False,賣出 (動能轉弱),9.960000038146973,2026-10-05 00:00:00,10.100000143051147,-0.009499979019164329,False,False,0.5112618532455623,False,0.0002003538826002461,22.13404534989264,0.00021296887704057925,0.00022245074424022767,-0.6196519640620624,-1.893957189647666,-4.490095294485863,-0.6196519640620624,False,False,False,False,False,False,0.0,False,-0.03768119120275559,中性,1805.TW,寶徠,0,v1,phase6a,2026-07-12,0,0,0,0,0,0,v1,454,0.2561576354679803,454,0.2561576354679803,454,0.2561576354679803,^TWII,yfinance,2y,2026-10-05,scan_20261006_171949,False,False
True,0,0.5500005086263021,0.8666674296061198,True,False,觀望 (動能減弱),58.70000076293945,2026-10-05 00:00:00,59.36000003814697,0.04500007629394531,False,False,0.4923918378126266,False,0.0011808005036594742,48.61706438918909,0.0012469135464497432,0.0012321881309194384,-0.5550218159138476,-1.551368105011952,-0.260132202376373,-0.5550218159138476,False,False,True,False,False,False,0.31724063519390017,False,-0.08992246879163635,中性,2609.TW,陽明,1,v1,phase6a,2026-07-12,0,1,2,1,1,1,v1,308,0.49589490968801314,308,0.49589490968801314,308,0.49589490968801314,^TWII,yfinance,2y,2026-10-05,scan_20261006_171949,True,False
True,1,-0.3166669209798177,-0.22500022252400714,True,False,賣出 (動能轉弱),13.550000190734863,2026-10-05 00:00:00,14.155000019073487,-0.06500000953674245,False,False,1.2154441353934575,False,0.0002725697928765153,20.69576021731213,0.00030017189128013163,0.0003270153045189333,-0.9586608170250477,-2.671698297687519,-10.577615190855582,-0.9586608170250477,False,False,False,False,False,False,0.0,False,-0.20527854562702552,中性,4402.TWO,郡都開發,0,v1,phase6a,2026-07-12,0,0,0,0,0,0,v1,523,0.14285714285714285,523,0.14285714285714285,523,0.14285714285714285,^TWII,yfinance,2y,2026-10-05,scan_20261006_171949,False,False
True,0,-1.2715657552037074e-06,-0.05000178019205728,True,False,觀察 (跌勢收斂),91.80000305175781,2026-10-05 00:00:00,91.92500076293945,-0.004999923706066056,True,False,1.2396967947686688,False,0.0018466352373183307,43.61641262026274,0.0019390079954993932,0.0019949640063198007,-0.49896296695347564,-1.4203539176583568,-4.077070143522188,-0.49896296695347564,False,False,False,False,False,False,0.0,False,-0.018181785542697226,中性,7708.TWO,全家餐飲,1,v1,phase6a,2026-07-12,0,1,1,1,1,1,v1,395,0.3530377668308703,395,0.3530377668308703,395,0.3530377668308703,^TWII,yfinance,2y,2026-10-05,scan_20261006_171949,False,False
True,1,-0.09166622161865237,-0.2749993006388346,True,False,觀察 (跌勢收斂),18.049999237060547,2026-10-05 00:00:00,17.372500038146974,0.03750000000000142,False,True,6.060574128476163,True,0.0003630911058459572,41.40742235689865,0.0003674082797866841,0.00037877603055596167,-0.1235350413418379,-1.6141877051835674,-5.908798056905584,-0.1235350413418379,False,False,False,False,False,False,0.11910196359631348,False,-0.029569953394039672,中性,3520.TWO,華盈,1,v1,phase6a,2026-07-12,0,1,3,1,1,1,v1,334,0.45320197044334976,334,0.45320197044334976,334,0.45320197044334976,^TWII,yfinance,2y,2026-10-05,scan_20261006_171949,False,False
True,1,0.2500003178914388,0.20833365122477213,True,False,買入 (動能增強),18.549999237060547,2026-10-05 00:00:00,18.227499961853027,0.009999942779540305,False,True,0.8286004038526316,False,0.00037314903164078084,27.736867576989404,0.00038613498807234915,0.00039222043344308,-0.3527576699438817,-1.2810257695677896,-4.894007099177433,-0.3527576699438817,False,False,False,False,False,False,0.2205188229354788,False,-0.08845214303033733,中性,6804.TWO,明係,3,v1,phase6a,2026-07-12,0,3,5,3,3,3,v1,72,0.8834154351395731,72,0.8834154351395731,75,0.8784893267651889,^TWII,yfinance,2y,2026-10-05,scan_20261006_171949,True,False
True,0,0.18333307902018228,0.2416661580403646,True,False,觀望 (動能減弱),30.850000381469727,2026-10-05 00:00:00,30.99000015258789,0.015000057220458274,False,False,1.0026920147496332,False,0.000620574029214208,36.49010834339523,0.0006540314621724951,0.0006784954611236341,-0.535596895814594,-1.3635449710300396,-3.4063174829577325,-0.535596895814594,False,False,False,False,False,False,0.0,False,-0.018523331444728952,中性,1614.TW,三洋電,0,v1,phase6a,2026-07-12,0,0,1,0,0,0,v1,448,0.2660098522167488,448,0.2660098522167488,448,0.2660098522167488,^TWII,yfinance,2y,2026-10-05,scan_20261006_171949,False,False
True,0,-0.14500013987223306,-0.13166681925455728,True,False,賣出 (動能轉弱),9.100000381469727,2026-10-05 00:00:00,9.252500009536742,0.0010000228881832385,False,False,1.0090619367822697,False,0.00018305425713937898,42.10537390330044,0.0001949407831963133,0.00020474296678143643,-0.63774939431398,-1.8817471670112829,-4.874651844328637,-0.63774939431398,False,False,False,False,False,False,0.0,False,-0.17272723804820667,中性,1413.TW,宏洲,0,v1,phase6a,2026-07-12,0,0,1,0,0,0,v1,435,0.28735632183908044,435,0.28735632183908044,435,0.28735632183908044,^TWII,yfinance,2y,2026-10-05,scan_20261006_171949,False,False
True,0,0.9999993642171223,0.4916661580403645,True,False,買入 (動能增強),25.0,2026-10-05 00:00:00,23.660000133514405,0.06999998092651438,False,True,0.40370957340319924,False,0.0005028962897411828,42.33269642892111,0.0005031936711988843,0.0005168413029882897,-0.006220540100854155,0.5637557936558846,-2.7388434451460775,-0.006220540100854155,False,False,False,False,False,True,0.21592452470333667,False,-0.001995977588157949,中性,2901.TW,欣欣,4,v1,phase6a,2026-07-12,1,5,6,5,4,5,v1,11,0.9835796387520526,11,0.9835796387520526,4,0.9950738916256158,^TWII,yfinance,2y,2026-10-05,scan_20261006_171949,False,True
True,0,-0.058333555857340506,-0.11666695276896157,True,False,觀察 (跌勢收斂),15.899999618530273,2026-10-05 00:00:00,16.000000047683717,-0.010000038146973367,True,False,0.1130278003039059,False,0.0003198420326018039,22.496566313846447,0.00033740794461047807,0.00035850333802934375,-0.5450273494275626,-1.853244852768099,-5.221060481385342,-0.5450273494275626,False,False,False,False,False,False,0.0,False,-0.06470590479233684,中性,4930.TW,燦星網,1,v1,phase6a,2026-07-12,0,1,1,1,1,1,v1,350,0.4269293924466338,350,0.4269293924466338,350,0.4269293924466338,^TWII,yfinance,2y,2026-10-05,scan_20261006_171949,False,False
True,0,-0.05833339691162108,-0.09999974568684894,True,False,觀察 (跌勢收斂),21.25,2026-10-05 00:00:00,21.30500011444092,-0.010000038146973367,False,False,0.731323308632018,False,0.0004274618462800054,46.61931498358733,0.0004491583760186657,0.00046090340853094,-0.5058997869767157,-1.4298213566538598,-4.2421583361731745,-0.5058997869767157,False,False,False,False,False,False,0.0,False,-0.01847573328305807,中性,9905.TW,大華,1,v1,phase6a,2026-07-12,0,1,1,1,1,1,v1,419,0.3136288998357964,419,0.3136288998357964,419,0.3136288998357964,^TWII,yfinance,2y,2026-10-05,scan_20261006_171949,False,False
True,1,0.9916661580403645,0.8250001271565754,True,False,買入 (動能增強),45.349998474121094,2026-10-05 00:00:00,44.89749984741211,0.06499996185302592,False,True,1.3327780091628487,False,0.0009122538388961521,34.104137447232056,0.0009460256707385226,0.0009509299059774973,-0.3743683965423794,-0.4240940700568796,-0.49337207563419083,-0.3743683965423794,False,False,False,False,False,False,0.15711082238437324,False,-0.013057720976193843,中性,6666.TW,羅麗芬-KY,2,v1,phase6a,2026-07-12,0,2,4,2,2,2,v1,226,0.6305418719211823,226,0.6305418719211823,228,0.6272577996715928,^TWII,yfinance,2y,2026-10-05,scan_20261006_171949,False,False
True,2,-0.6666666666666666,-0.5333328247070312,True,False,賣出 (動能轉弱),81.30000305175781,2026-10-05 00:00:00,82.10500030517578,-0.02999992370605753,False,False,1.147961275439642,False,0.001635418795627034,35.65552151677053,0.0017373393178966945,0.001865536219468556,-0.6137334070033917,-2.0554617708733125,-6.788966926944761,-0.6137334070033917,False,False,False,False,False,False,0.0,False,-0.1295503027456426,中性,4994.TW,傳奇,0,v1,phase6a,2026-07-12,0,0,0,0,0,0,v1,540,0.11494252873563218,540,0.11494252873563218,540,0.11494252873563218,^TWII,yfinance,2y,2026-10-05,scan_20261006_171949,False,False
True,0,-0.1333325703938802,-0.09999942779541014,True,False,賣出 (動能轉弱),24.450000762939453,2026-10-05 00:00:00,24.63499994277954,-0.05249996185302663,True,False,0.0,False,0.0004918325867140536,32.17826753112753,0.0005201404699148637,0.0005485151895191157,-0.5696161055868676,-1.8728994689531264,-5.664476673856789,-0.5696161055868676,False,False,False,False,False,False,0.0,False,-0.07386359408210397,中性,6767.TWO,台微醫,0,v1,phase6a,2026-07-12,0,0,0,0,0,0,v1,574,0.059113300492610835,574,0.059113300492610835,574,0.059113300492610835,^TWII,yfinance,2y,2026-10-05,scan_20261006_171949,False,False
True,1,-0.0666667620340983,-0.0666667620340983,True,False,賣出 (動能轉弱),11.800000190734863,2026-10-05 00:00:00,11.934999895095824,-0.007499980926514382,True,False,1.0071146477896638,False,0.0002373670525946325,51.68226101321582,0.0002516296662340922,0.0002649853472405693,-0.5931030917562641,-1.7560320479921732,-4.785986010126897,-0.5931030917562641,False,False,False,False,False,False,0.0,False,-0.10854811868679048,中性,2515.TW,中工,0,v1,phase6a,2026-07-12,0,0,0,0,0,0,v1,471,0.22824302134646962,471,0.22824302134646962,471,0.22824302134646962,^TWII,yfinance,2y,2026-10-05,scan_20261006_171949,False,False
True,0,0.2499993642171224,0.3833332061767578,True,False,觀望 (動能減弱),38.29999923706055,2026-10-05 00:00:00,38.544999504089354,0.014999961853028765,False,False,2.9398484924497064,True,0.0007704371005363153,37.186202645210805,0.0008156205267795052,0.0008584484073013492,-0.5797519925571537,-1.7959677117988848,-5.1513183079967,-0.5797519925571537,False,False,False,False,False,False,0.0,False,-0.049627792502804025,中性,6843.TWO,進典,0,v1,phase6a,2026-07-12,0,0,1,0,0,0,v1,576,0.05582922824302135,576,0.05582922824302135,576,0.05582922824302135,^TWII,yfinance,2y,2026-10-05,scan_20261006_171949,False,False
True,2,-0.04999955495198567,-0.03333314259847005,True,False,賣出 (動能轉弱),26.100000381469727,2026-10-05 00:00:00,26.127499771118163,-0.007499980926514382,False,False,0.8330448047941728,False,0.0005250237341633833,22.145807821019027,0.0005515085312217577,0.0005793072689991553,-0.5029571455719806,-1.7401562889957867,-4.93596571399193,-0.5029571455719806,False,False,False,False,False,False,0.0,False,-0.04918034039883801,中性,1475.TW,業旺,0,v1,phase6a,2026-07-12,0,0,0,0,0,0,v1,440,0.2791461412151067,440,0.2791461412151067,440,0.2791461412151067,^TWII,yfinance,2y,2026-10-05,scan_20261006_171949,False,False
True,0,-103.3333333333333,-85.83333333333331,True,False,賣出 (動能轉弱),1840.0,2026-10-05 00:00:00,1952.75,4.25,False,False,0.5011836129923963,False,0.03701316692495106,296.7579111817828,0.04002587006242577,0.03942189500123679,-0.78607607744553,-2.4257955103168416,7.24970028810179,-0.78607607744553,False,False,True,False,False,False,0.3848499125547911,False,-0.14814814814814814,中性,7828.TWO,創新服務,0,v1,phase6a,2026-07-12,0,0,1,0,0,0,v1,586,0.03940886699507389,586,0.03940886699507389,586,0.03940886699507389,^TWII,yfinance,2y,2026-10-05,scan_20261006_171949,False,False
True,0,2.583333333333333,1.6666666666666665,True,False,買入 (動能增強),205.5,2026-10-05 00:00:00,200.575,1.0,False,True,0.610497092551242,False,0.004133807501672523,60.21759591019872,0.0041912607777226185,0.00422622988098623,-0.14408550816341625,0.086540169000493,5.713302996393055,-0.14408550816341625,False,False,False,False,False,False,0.48917470016336234,False,-0.0024271844660194164,中性,7703.TWO,銳澤,2,v1,phase6a,2026-07-12,0,2,4,2,2,2,v1,239,0.6091954022988506,239,0.6091954022988506,240,0.6075533661740559,^TWII,yfinance,2y,2026-10-05,scan_20261006_171949,False,False
True,0,0.5333340962727864,0.11666742960611978,True,False,買入 (動能增強),82.4000015258789,2026-10-05 00:00:00,81.51000061035157,-0.00999984741210369,True,True,0.8764665703560872,False,0.0016575462016812923,43.602092242478406,0.0017159696055114803,0.0017500541608126124,-0.3571083310618506,-0.9732705012326592,-2.3326470337010186,-0.3571083310618506,False,False,False,False,False,False,0.0,False,-0.052873545679552825,中性,4580.TWO,捷流閥業,2,v1,phase6a,2026-07-12,0,2,3,2,2,2,v1,181,0.7044334975369458,181,0.7044334975369458,184,0.6995073891625616,^TWII,yfinance,2y,2026-10-05,scan_20261006_171949,False,False
True,0,0.5833333333333333,0.300000508626302,True,False,買入 (動能增強),80.0999984741211,2026-10-05 00:00:00,78.83999900817871,0.004999923706051845,False,True,0.7640473284872924,False,0.0016112796816363962,30.390024750164606,0.001679785972907884,0.0018329425184098577,-0.4274570651109366,-1.5576464461003026,-8.481905330234996,-0.4274570651109366,False,False,False,False,False,False,0.0,False,-0.11978023654811987,中性,8279.TWO,生展,2,v1,phase6a,2026-07-12,0,2,4,2,2,2,v1,244,0.6009852216748769,244,0.6009852216748769,244,0.6009852216748769,^TWII,yfinance,2y,2026-10-05,scan_20261006_171949,False,False
True,0,0.22500069936116535,0.25833384195963544,True,False,觀望 (動能減弱),28.950000762939453,2026-10-05 00:00:00,28.97499990463257,-0.019999980926513672,False,False,1.0868501994370117,False,0.0005823539188674666,34.57302315994814,0.000608613135417803,0.0006192487646288381,-0.4521149579910566,-1.641511956607733,-1.3183858442910923,-0.4521149579910566,False,False,False,False,False,False,0.02422822173472431,False,-0.034999974568684866,中性,8906.TWO,花王,0,v1,phase6a,2026-07-12,0,0,0,0,0,0,v1,601,0.014778325123152709,601,0.014778325123152709,601,0.014778325123152709,^TWII,yfinance,2y,2026-10-05,scan_20261006_171949,False,False
True,1,-0.42499987284342444,-0.38333320617675776,True,False,賣出 (動能轉弱),12.399999618530273,2026-10-05 00:00:00,12.742500019073486,-0.025000000000000355,False,False,2.1451102747564494,True,0.0002494365520380383,31.373122795596856,0.000269151370983532,0.0002919390191441008,-0.7651329125241357,-2.8594121493599634,-9.116752822533758,-0.7651329125241357,False,False,False,False,False,False,0.0,False,-0.27906982159859317,中性,8024.TWO,佑華,0,v1,phase6a,2026-07-12,0,0,0,0,0,0,v1,587,0.03776683087027915,587,0.03776683087027915,587,0.03776683087027915,^TWII,yfinance,2y,2026-10-05,scan_20261006_171949,False,False
True,2,-0.05499998728434244,-0.04499991734822591,True,False,賣出 (動能轉弱),8.0,2026-10-05 00:00:00,8.059000062942506,-0.010500001907347567,True,False,0.8409629391289087,False,0.0001609268127171785,12.384578675685962,0.00017087803675384992,0.00018715398469095054,-0.6092738190307978,-2.142374740873687,-8.020454719786985,-0.6092738190307978,False,False,False,False,False,False,0.0,False,-0.12184409423810061,中性,2726.TWO,雅茗-KY,0,v1,phase6a,2026-07-12,0,0,0,0,0,0,v1,487,0.2019704433497537,487,0.2019704433497537,487,0.2019704433497537,^TWII,yfinance,2y,2026-10-05,scan_20261006_171949,False,False
True,0,-0.44166660308837885,-0.20833333333333334,True,False,賣出 (動能轉弱),29.100000381469727,2026-10-05 00:00:00,29.167500019073486,-0.0024999618530259227,True,False,3.142456386142422,True,0.0005853712889323252,35.72426574417703,0.0006143799531538354,0.000634234215039367,-0.49455425050748403,-1.9800124733969748,-4.25052826812794,-0.49455425050748403,False,False,False,False,False,False,0.0,False,-0.06730770288839827,中性,5487.TWO,通泰,0,v1,phase6a,2026-07-12,0,0,0,0,0,0,v1,543,0.11001642036124795,543,0.11001642036124795,543,0.11001642036124795,^TWII,yfinance,2y,2026-10-05,scan_20261006_171949,False,False
False,0,3.1666666666666665,3.249999999999999,False,True,強烈買入 (爆發),120.5,2026-10-05 00:00:00,117.525,0.20000000000000284,False,True,1.841725974554087,True,0.0024239601165525013,47.12502559619547,0.00250133663581579,0.0026423207139179296,-0.3245649214314694,-1.267076812229817,-5.949422979514784,-0.3245649214314694,False,False,False,False,False,False,9.979895067453399e-05,False,-0.08712121212121215,中性,7786.TW,東方風能,3,v1,phase6a,2026-07-12,0,3,5,3,3,3,v1,75,0.8784893267651889,75,0.8784893267651889,78,0.8735632183908046,^TWII,yfinance,2y,2026-10-05,scan_20261006_171949,False,False
True,0,-0.21666685740152994,-0.4500001271565755,True,False,觀察 (跌勢收斂),19.75,2026-10-05 00:00:00,19.80000009536743,-0.027499961853028054,True,False,0.9605386700861842,False,0.00039728806889553444,20.758242302138314,0.00041659588317940864,0.0004598831044845237,-0.48549072719843434,-1.9863573907281662,-5.767038789153,-0.48549072719843434,False,False,False,False,False,False,0.0,False,-0.10633485705457912,中性,6276.TWO,安鈦克,1,v1,phase6a,2026-07-12,0,1,1,1,1,1,v1,367,0.39901477832512317,367,0.39901477832512317,367,0.39901477832512317,^TWII,yfinance,2y,2026-10-05,scan_20261006_171949,False,False
True,1,0.05833307902018229,-0.03333346048990884,True,False,買入 (動能增強),40.95000076293945,2026-10-05 00:00:00,40.96999988555908,0.0,False,False,0.7289839125479368,False,0.0008237441379432344,37.78079721349307,0.0008631705805347767,0.0008957658204426719,-0.47850255352731574,-1.3267384943244975,-3.3592891165573957,-0.47850255352731574,False,False,False,False,False,False,0.0,False,-0.008474539481517107,中性,8916.TWO,光隆,2,v1,phase6a,2026-07-12,0,2,2,2,2,2,v1,251,0.5894909688013136,251,0.5894909688013136,251,0.5894909688013136,^TWII,yfinance,2y,2026-10-05,scan_20261006_171949,False,False
True,0,0.5166667302449544,0.2000004450480143,True,False,買入 (動能增強),22.799999237060547,2026-10-05 00:00:00,21.9,0.02499999999999858,False,True,1.6176407915943467,True,0.00045864140089678195,40.2798221257541,0.0004661743018353137,0.0004980788354064037,-0.16980568979017008,-0.833093678301644,-6.48630473245233,-0.16980568979017008,False,False,False,False,False,False,0.1200109719033392,False,-0.09523815290547466,中性,4168.TWO,醣聯,2,v1,phase6a,2026-07-12,0,2,4,2,2,2,v1,173,0.7175697865353038,173,0.7175697865353038,176,0.7126436781609196,^TWII,yfinance,2y,2026-10-05,scan_20261006_171949,False,False
False,0,-1.1666666666666665,-1.5000012715657551,False,True,強烈賣出 (跌破),65.30000305175781,2026-10-05 00:00:00,66.34000015258789,-0.054999923706049,True,False,0.6667465051647905,False,0.0013135651701926768,64.57949357943846,0.0013922510898412962,0.0014357159806475664,-0.5913979567134131,-1.7703450535521803,-3.840310422416615,-0.5913979567134131,False,False,False,False,False,False,0.0,False,-0.04392386333755505,中性,1419.TW,新紡,0,v1,phase6a,2026-07-12,0,0,0,0,0,0,v1,436,0.2857142857142857,436,0.2857142857142857,436,0.2857142857142857,^TWII,yfinance,2y,2026-10-05,scan_20261006_171949,False,False
True,0,0.31666676203409827,0.008333365122477204,True,False,買入 (動能增強),13.5,2026-10-05 00:00:00,13.580000019073486,0.05500001907348562,False,False,1.04280865864966,False,0.00027156399646023876,25.215533249941377,0.0002841033522130565,0.0002978473902492329,-0.4624472692524195,-0.36722611066942745,1.5537853525354306,-0.4624472692524195,False,False,False,False,False,False,0.04613472823049932,False,-0.08783784959331908,中性,3499.TWO,環天科,2,v1,phase6a,2026-07-12,0,2,3,2,2,2,v1,158,0.7422003284072249,158,0.7422003284072249,161,0.7372742200328407,^TWII,yfinance,2y,2026-10-05,scan_20261006_171949,False,False
False,0,0.9333330790201821,0.8083332379659016,False,True,強烈買入 (爆發),17.5,2026-10-05 00:00:00,16.392499923706055,0.06499996185302592,False,True,1.608253333866506,True,0.00035202740281882797,43.08314692912088,0.0003478094590391179,0.0003443902186785661,0.12781756589694826,0.6201264651673588,1.5310450579162804,0.12781756589694826,True,True,True,False,False,False,0.5724004948852235,False,-0.0028489595005202206,偏強 (RS上升),1710.TW,東聯,3,v1,phase6a,2026-07-12,1,4,5,4,3,4,v1,34,0.9458128078817734,34,0.9458128078817734,37,0.9408866995073891,^TWII,yfinance,2y,2026-10-05,scan_20261006_171949,False,False
True,0,-0.14166688919067383,-0.2500001589457194,True,False,觀察 (跌勢收斂),14.149999618530273,2026-10-05 00:00:00,14.080000019073486,-0.00250000953674423,True,True,0.29888149348783205,False,0.0002846392923199211,22.01717439156322,0.0002962872121450819,0.00031844909076087473,-0.412114949731468,-1.745315957156457,-4.834036081930993,-0.412114949731468,False,False,False,False,False,False,0.0,False,-0.10158732580760166,中性,3272.TWO,東碩,1,v1,phase6a,2026-07-12,0,1,2,1,1,1,v1,331,0.458128078817734,331,0.458128078817734,331,0.458128078817734,^TWII,yfinance,2y,2026-10-05,scan_20261006_171949,False,False
True,0,-0.07246017456054688,-0.08849175771077473,True,False,觀察 (跌勢收斂),10.25,2026-10-05 00:00:00,10.423619031906128,-0.017214298248291016,True,False,1.7453400419099272,True,0.00020618747879388497,30.877489116768533,0.00022129535757719918,0.00023474595994236718,-0.7135062100861012,-2.1942215768135376,-9.386793384982717,-0.7135062100861012,False,False,False,False,False,False,0.0,False,-0.15048547564583403,中性,1517.TW,利奇,1,v1,phase6a,2026-07-12,0,1,1,1,1,1,v1,283,0.5369458128078818,283,0.5369458128078818,284,0.535303776683087,^TWII,yfinance,2y,2026-10-05,scan_20261006_171949,False,False
True,1,5.083333333333333,2.75,True,False,買入 (動能增強),262.0,2026-10-05 00:00:00,255.675,0.875,False,True,1.1460244540329008,False,0.005270353116487597,74.16988354718258,0.005386163156072522,0.00548499344254622,-0.22581941070265454,-0.7113098735670897,-1.1096900522581166,-0.22581941070265454,False,False,False,False,False,False,0.18941834458345283,False,-0.17451941604559273,中性,2428.TW,興勤,2,v1,phase6a,2026-07-12,0,2,4,2,2,2,v1,122,0.8013136288998358,122,0.8013136288998358,126,0.7947454844006568,^TWII,yfinance,2y,2026-10-05,scan_20261006_171949,False,False
True,0,-0.008333524068196615,0.038333257039388016,True,False,賣出 (動能轉弱),8.09000015258789,2026-10-05 00:00:00,8.180000114440919,-0.0049999713897701525,True,False,1.1051835398196197,False,0.00016273724242968213,30.998306801872925,0.00017310726157504606,0.00018463775751970658,-0.6266292856874522,-2.1815499362239144,-6.395386658233171,-0.6266292856874522,False,False,False,False,False,False,0.0,False,-0.07331035775569938,中性,4414.TW,如興,0,v1,phase6a,2026-07-12,0,0,0,0,0,0,v1,524,0.1412151067323481,524,0.1412151067323481,524,0.1412151067323481,^TWII,yfinance,2y,2026-10-05,scan_20261006_171949,False,False
True,1,0.09166590372721353,0.09999942779541014,True,False,觀望 (動能減弱),20.149999618530273,2026-10-05 00:00:00,20.307499980926515,-0.010000038146969814,True,False,1.6140428428091298,True,0.000405334401857805,27.530262929097113,0.0004289068674593266,0.00044968222761229145,-0.5751924335806957,-1.6069779709030563,-4.708632571760319,-0.5751924335806957,False,False,False,False,False,False,0.0,False,-0.03818621075300299,中性,2642.TW,宅配通,0,v1,phase6a,2026-07-12,0,0,0,0,0,0,v1,485,0.20525451559934318,485,0.20525451559934318,485,0.20525451559934318,^TWII,yfinance,2y,2026-10-05,scan_20261006_171949,False,False
True,1,0.27499977747599286,0.09166653951009114,True,False,買入 (動能增強),16.549999237060547,2026-10-05 00:00:00,16.23250002861023,0.01249999999999929,False,True,2.8263823050202275,True,0.0003329173284614862,47.237973790629766,0.0003464266703527495,0.000373085449487879,-0.4088087615765845,-1.8357794231318891,-9.799141829439673,-0.4088087615765845,False,False,False,False,False,False,0.006441758092638728,False,-0.4078712420285454,中性,6573.TW,虹揚-KY,2,v1,phase6a,2026-07-12,0,2,4,2,2,2,v1,221,0.638752052545156,221,0.638752052545156,223,0.6354679802955665,^TWII,yfinance,2y,2026-10-05,scan_20261006_171949,False,False
True,0,-0.9999999999999999,-0.8166662851969402,True,False,賣出 (動能轉弱),62.599998474121094,2026-10-05 00:00:00,63.3399995803833,-0.02499999999999858,True,False,0.9946058210482551,False,0.0012592522788175682,42.474776358853276,0.0013309781249160287,0.001362214947525979,-0.5640590152785618,-1.9961852267383895,-3.7599281263222095,-0.5640590152785618,False,False,False,False,False,False,0.0,False,-0.03395068632758402,中性,2206.TW,三陽工業,0,v1,phase6a,2026-07-12,0,0,0,0,0,0,v1,460,0.24630541871921183,460,0.24630541871921183,460,0.24630541871921183,^TWII,yfinance,2y,2026-10-05,scan_20261006_171949,False,False
True,0,0.7166671752929688,0.9000008900960286,True,False,觀望 (動能減弱),63.29999923706055,2026-10-05 00:00:00,63.06499977111817,0.014999961853028765,False,True,0.7494658708645299,False,0.0012733333902774982,30.564271142941845,0.001331114405460309,0.001375688977644255,-0.4548480039900049,-1.1928408525418432,-3.183102457984821,-0.4548480039900049,False,False,False,False,False,False,0.0,False,-0.026153857891376253,中性,2732.TWO,六角,0,v1,phase6a,2026-07-12,0,0,2,0,0,0,v1,488,0.20032840722495895,488,0.20032840722495895,488,0.20032840722495895,^TWII,yfinance,2y,2026-10-05,scan_20261006_171949,False,False
False,0,-0.15833377838134763,-0.43333371480305993,False,True,強烈賣出 (跌破),25.299999237060547,2026-10-05 00:00:00,24.607500076293945,0.03499994277954244,False,True,1.454295022600068,False,0.0005089310298709003,77.1606080073348,0.0005174289128357896,0.0005201090819018829,-0.17257834587398602,-0.7284707457189787,-2.0527159933622863,-0.17257834587398602,False,False,False,False,False,False,0.42882811662803183,False,-0.057728160982779664,中性,1409.TW,新纖,0,v1,phase6a,2026-07-12,0,0,2,0,0,0,v1,434,0.2889983579638752,434,0.2889983579638752,434,0.2889983579638752,^TWII,yfinance,2y,2026-10-05,scan_20261006_171949,False,False
True,0,0.29166698455810547,0.2833334604899088,True,False,買入 (動能增強),20.200000762939453,2026-10-05 00:00:00,19.69749994277954,0.05000000000000071,False,True,1.260106247069073,False,0.00040634021745805253,17.878827867537588,0.0004185244732285236,0.00043882876793307655,-0.30551018876197045,-0.6393484123859872,-4.819023291663738,-0.30551018876197045,False,False,False,False,False,False,0.045866285465236606,False,-0.1771893527212155,中性,8476.TW,台境*,3,v1,phase6a,2026-07-12,0,3,5,3,3,3,v1,80,0.8702791461412152,80,0.8702791461412152,82,0.8669950738916257,^TWII,yfinance,2y,2026-10-05,scan_20261006_171949,True,False
True,0,2.25,2.25,True,False,觀望 (動能減弱),106.0,2026-10-05 00:00:00,105.075,-0.04999999999999716,False,True,0.9098652177270755,False,0.0021322802685026154,86.4863903514648,0.0022142007393199967,0.002140612419501603,-0.3879392907825352,-1.0791495347795443,-2.0183683427117294,-0.3879392907825352,False,False,True,False,False,False,0.4744642504452215,False,-0.09012875536480691,中性,2546.TW,根基,0,v1,phase6a,2026-07-12,0,0,1,0,0,0,v1,476,0.2200328407224959,476,0.2200328407224959,476,0.2200328407224959,^TWII,yfinance,2y,2026-10-05,scan_20261006_171949,False,False
False,0,7.583333333333332,5.0,False,True,強烈買入 (爆發),259.0,2026-10-05 00:00:00,251.525,0.375,False,True,1.9100996181591265,True,0.005210005561718654,57.166828100875364,0.005348885621184679,0.005603932020390348,-0.2725634596575821,-0.8997976563974164,-5.6621519384168595,-0.2725634596575821,False,False,False,False,False,False,0.007996807072763398,False,-0.0848056537102474,中性,8081.TW,致新,3,v1,phase6a,2026-07-12,0,3,5,3,3,3,v1,78,0.8735632183908046,78,0.8735632183908046,81,0.8686371100164204,^TWII,yfinance,2y,2026-10-05,scan_20261006_171949,False,False
True,0,10.25,4.583333333333333,True,False,買入 (動能增強),250.0,2026-10-05 00:00:00,242.1,0.5250000000000057,False,True,1.0271284053496563,False,0.0050289628974118285,348.48851309550366,0.005158971685594164,0.005175207690637803,-0.2645668574430271,-0.10456173715429617,-6.193893413695073,-0.2645668574430271,False,False,False,False,False,False,0.4586233738621296,False,-0.1071428571428571,中性,4931.TWO,新盛力,4,v1,phase6a,2026-07-12,0,4,6,4,4,4,v1,17,0.9737274220032841,17,0.9737274220032841,24,0.9622331691297209,^TWII,yfinance,2y,2026-10-05,scan_20261006_171949,False,True
True,0,-1.589457193987287e-07,-0.10000006357828775,True,False,觀察 (跌勢收斂),13.399999618530273,2026-10-05 00:00:00,13.409999895095826,-0.0400000095367421,True,False,1.1141240523699207,False,0.0002695524036276856,39.53867976042042,0.0002830784016118544,0.00029110696743279166,-0.5004493136312238,-1.510768342842428,-5.487517162738342,-0.5004493136312238,False,False,False,False,False,False,0.0,False,-0.05633804235778117,中性,1440.TW,南紡,1,v1,phase6a,2026-07-12,0,1,1,1,1,1,v1,273,0.5533661740558292,273,0.5533661740558292,274,0.5517241379310345,^TWII,yfinance,2y,2026-10-05,scan_20261006_171949,False,False
True,1,-0.3666648864746094,-0.19999821980794272,True,False,賣出 (動能轉弱),88.30000305175781,2026-10-05 00:00:00,89.33500022888184,-0.014999771118155536,True,False,1.4121359793854122,False,0.001776229756754565,91.6777286480331,0.001884171629410014,0.001932770552706678,-0.5994249005094598,-1.839337007367814,-4.650757251948812,-0.5994249005094598,False,False,False,False,False,False,0.0,False,-0.050537601594002,中性,2535.TW,達欣工,0,v1,phase6a,2026-07-12,0,0,0,0,0,0,v1,474,0.2233169129720854,474,0.2233169129720854,474,0.2233169129720854,^TWII,yfinance,2y,2026-10-05,scan_20261006_171949,False,False
True,0,-8.0,-2.5,True,False,賣出 (動能轉弱),362.5,2026-10-05 00:00:00,370.675,-0.25,True,False,0.33518377837879765,False,0.007291996201247151,35.873061285525424,0.007795846251070563,0.008058752769582326,-0.6757247710888481,-2.2830663372597315,-4.610902180991527,-0.6757247710888481,False,False,False,False,False,False,0.0,False,-0.08919597989949746,中性,8464.TW,億豐,0,v1,phase6a,2026-07-12,0,0,0,0,0,0,v1,600,0.016420361247947456,600,0.016420361247947456,600,0.016420361247947456,^TWII,yfinance,2y,2026-10-05,scan_20261006_171949,False,False
True,0,2.9166666666666665,1.9999999999999998,True,False,買入 (動能增強),113.0,2026-10-05 00:00:00,111.0,0.3499999999999943,False,True,0.4070647273592844,False,0.0022730912296301466,23.599930301187968,0.0023456299866536547,0.0025091800876819053,-0.3244707476754205,-0.990397944188981,-2.4665002819587167,-0.3244707476754205,False,False,False,False,False,False,0.0,False,-0.08870967741935487,中性,6230.TW,尼得科超眾,2,v1,phase6a,2026-07-12,0,2,4,2,2,2,v1,208,0.6600985221674877,208,0.6600985221674877,211,0.6551724137931034,^TWII,yfinance,2y,2026-10-05,scan_20261006_171949,False,False
True,1,-0.10000006357828777,0.29166634877522796,True,False,賣出 (動能轉弱),30.850000381469727,2026-10-05 00:00:00,31.285000133514405,0.00500001907348846,False,False,1.991118612436545,True,0.000620574029214208,44.58423829739988,0.0006614811409335036,0.0007067620815302766,-0.6467550090905161,-2.1817573958965553,-5.483999302830178,-0.6467550090905161,False,False,False,False,False,False,0.0,False,-0.1260622932512384,中性,4131.TWO,浩泰,0,v1,phase6a,2026-07-12,0,0,1,0,0,0,v1,520,0.1477832512315271,520,0.1477832512315271,520,0.1477832512315271,^TWII,yfinance,2y,2026-10-05,scan_20261006_171949,False,False
True,1,0.5000006357828776,0.46666717529296875,True,False,買入 (動能增強),32.5,2026-10-05 00:00:00,32.51499977111816,-0.02499999999999858,False,False,0.3300173932173327,False,0.0006537651766635377,52.948359247958074,0.0006907568968520456,0.000749669813342101,-0.5605500627441695,-1.4499318451235865,-6.957751847667437,-0.5605500627441695,False,False,False,False,False,False,0.0,False,-0.19354837182943518,中性,1570.TWO,力肯,2,v1,phase6a,2026-07-12,0,2,2,2,2,2,v1,98,0.8407224958949097,98,0.8407224958949097,103,0.8325123152709359,^TWII,yfinance,2y,2026-10-05,scan_20261006_171949,False,False
True,0,0.0583337148030599,-0.13333288828531903,True,False,買入 (動能增強),16.850000381469727,2026-10-05 00:00:00,16.460000038146973,0.0025000572204589844,False,True,3.413837067103791,True,0.00033895210695914565,24.428827716605888,0.00034913713706200483,0.0003726374003376476,-0.3061336745601828,-1.6022816424573039,-7.468724782996294,-0.3061336745601828,False,False,False,False,False,False,0.013419828748693977,False,-0.14030611971823792,中性,4171.TWO,瑞基,2,v1,phase6a,2026-07-12,0,2,4,2,2,2,v1,174,0.715927750410509,174,0.715927750410509,177,0.7110016420361248,^TWII,yfinance,2y,2026-10-05,scan_20261006_171949,False,False
True,0,-2.0,-0.33333333333333326,True,False,賣出 (動能轉弱),234.5,2026-10-05 00:00:00,241.4,-0.17499999999998295,True,False,1.388965275205669,False,0.0047171671977722955,30.30223146895924,0.005112479664068201,0.005446125354109562,-0.8073554483125744,-2.6204182660273134,-8.033630184466766,-0.8073554483125744,False,False,False,False,False,False,0.0,False,-0.1728395061728395,中性,8454.TW,富邦媒,0,v1,phase6a,2026-07-12,0,0,0,0,0,0,v1,599,0.0180623973727422,599,0.0180623973727422,599,0.0180623973727422,^TWII,yfinance,2y,2026-10-05,scan_20261006_171949,False,False
True,0,0.10833326975504556,0.050000031789143876,True,False,買入 (動能增強),10.75,2026-10-05 00:00:00,10.577500009536744,0.009999990463256836,False,True,2.2141824834604047,True,0.00021624540458870862,40.00938354674656,0.00022360828220707108,0.00023412151059134772,-0.3454088042479486,-1.1587923680724033,-4.025896310570321,-0.3454088042479486,False,False,False,False,False,False,0.0,False,-0.027149338059415218,中性,5521.TW,工信,4,v1,phase6a,2026-07-12,0,4,6,4,4,4,v1,18,0.9720853858784894,18,0.9720853858784894,25,0.9605911330049262,^TWII,yfinance,2y,2026-10-05,scan_20261006_171949,False,True
True,0,-1.458333651224772,-1.550000190734863,True,False,觀察 (跌勢收斂),27.399999618530273,2026-10-05 00:00:00,28.76499996185303,-0.1300000190734849,True,False,1.1940482724076529,False,0.000551174325882748,52.606350211591455,0.0005987931713254252,0.0006390046073087151,-0.83015284573138,-3.0078348994381887,-4.106302948217588,-0.83015284573138,False,False,False,False,False,False,0.0,False,-0.16207954191903062,中性,3086.TWO,華義*,1,v1,phase6a,2026-07-12,0,1,1,1,1,1,v1,326,0.4663382594417077,326,0.4663382594417077,326,0.4663382594417077,^TWII,yfinance,2y,2026-10-05,scan_20261006_171949,False,False
True,0,-0.14999961853027338,-0.19999949137369785,True,False,觀察 (跌勢收斂),42.400001525878906,2026-10-05 00:00:00,42.70999984741211,-0.002499961853033028,False,False,4.563150746944319,True,0.0008529121380953997,39.511377383790176,0.000898326963449069,0.0009326913392957842,-0.5293398718820064,-1.2674780268394858,-2.878588692081696,-0.5293398718820064,False,False,False,False,False,False,0.0,False,-0.04396836562192985,中性,3168.TW,眾福科,1,v1,phase6a,2026-07-12,0,1,1,1,1,1,v1,328,0.4630541871921182,328,0.4630541871921182,328,0.4630541871921182,^TWII,yfinance,2y,2026-10-05,scan_20261006_171949,False,False
True,1,0.050000031789143876,0.008333365122477211,True,False,買入 (動能增強),12.699999809265137,2026-10-05 00:00:00,12.734999942779542,-0.007500028610229137,False,False,0.7323047709470686,False,0.0002554713113517267,30.68705307414787,0.0002696846961817075,0.0002871486300715934,-0.5517151435921352,-1.5180996866226537,-6.192677193502371,-0.5517151435921352,False,False,False,False,False,False,0.0,False,-0.06959705756881374,中性,4121.TWO,優盛,2,v1,phase6a,2026-07-12,0,2,2,2,2,2,v1,170,0.722495894909688,170,0.722495894909688,173,0.7175697865353038,^TWII,yfinance,2y,2026-10-05,scan_20261006_171949,False,False
True,0,0.058333079020182296,0.08333301544189453,True,False,觀望 (動能減弱),28.700000762939453,2026-10-05 00:00:00,28.71249990463257,0.01249999999999929,False,False,0.716864991917041,False,0.0005773249559700547,36.62207159867131,0.0006059986398245531,0.0006302975543545911,-0.4955991205342736,-1.5148413977028596,-3.897461550776582,-0.4955991205342736,False,False,False,False,False,False,0.0,False,-0.03529409200203515,中性,2608.TW,嘉里大榮,0,v1,phase6a,2026-07-12,0,0,1,0,0,0,v1,480,0.2134646962233169,480,0.2134646962233169,480,0.2134646962233169,^TWII,yfinance,2y,2026-10-05,scan_20261006_171949,False,False
True,2,0.16666666666666669,-0.49999999999999994,True,False,買入 (動能增強),172.0,2026-10-05 00:00:00,172.8,0.025000000000005684,False,False,1.3138682226675296,False,0.003459926473419338,85.3669746513283,0.0036660857489183313,0.003898652301940647,-0.5884552981199942,-1.7661799575589,-7.373801984090234,-0.5884552981199942,False,False,False,False,False,False,0.0,False,-0.31610337972167,中性,2645.TW,長榮航太,2,v1,phase6a,2026-07-12,0,2,3,2,2,2,v1,134,0.7816091954022989,134,0.7816091954022989,138,0.7750410509031199,^TWII,yfinance,2y,2026-10-05,scan_20261006_171949,False,False
True,0,-0.3166664441426595,-0.29999987284342444,True,False,賣出 (動能轉弱),10.300000190734863,2026-10-05 00:00:00,10.597499895095826,-0.02750000953674281,False,False,0.9303486262631238,False,0.00020719327521016154,26.95597518456308,0.00022293448678079356,0.00023805631245257848,-0.7377705570049242,-2.117292741771193,-6.244042761046076,-0.7377705570049242,False,False,False,False,False,False,0.0,False,-0.14166665077209473,中性,3313.TWO,斐成,0,v1,phase6a,2026-07-12,0,0,0,0,0,0,v1,504,0.17405582922824303,504,0.17405582922824303,504,0.17405582922824303,^TWII,yfinance,2y,2026-10-05,scan_20261006_171949,False,False
True,0,-0.8833332061767577,-1.1249999999999998,True,False,觀察 (跌勢收斂),42.5,2026-10-05 00:00:00,43.837500190734865,-0.03500003814696839,False,False,1.7255298765325784,True,0.0008549236925600108,41.84661489929024,0.0009205792161059349,0.0009588500828114186,-0.7451406838409058,-2.050059422925943,-5.1326724818605785,-0.7451406838409058,False,False,False,False,False,False,0.0,False,-0.12952172496136172,中性,1203.TW,味王,1,v1,phase6a,2026-07-12,0,1,1,1,1,1,v1,259,0.5763546798029556,259,0.5763546798029556,261,0.5730706075533661,^TWII,yfinance,2y,2026-10-05,scan_20261006_171949,False,False
True,0,-0.025000095367431637,-0.07500012715657552,True,False,觀察 (跌勢收斂),13.899999618530273,2026-10-05 00:00:00,13.927499961853027,0.009999990463256836,False,False,2.0688684739207606,True,0.00027961032942250925,34.77266874472784,0.00029355464907982994,0.0003007371613924176,-0.497529259676166,-1.5142942881484656,-3.8780958261131815,-0.497529259676166,False,False,False,False,False,False,0.0,False,-0.01766784499927543,中性,3266.TW,昇陽,1,v1,phase6a,2026-07-12,0,1,2,1,1,1,v1,330,0.45977011494252873,330,0.45977011494252873,330,0.45977011494252873,^TWII,yfinance,2y,2026-10-05,scan_20261006_171949,False,False
False,0,8.25,5.5,False,True,強烈買入 (爆發),171.5,2026-10-05 00:00:00,160.275,0.9250000000000114,False,True,1.5607797322562214,True,0.0034498685476245143,142.51207173071012,0.0034196578160495435,0.0035189037792129475,0.09308057159429506,0.7673306404611946,-2.90203605387902,0.09308057159429506,True,False,False,False,False,True,0.15931374677786586,False,-0.16747572815533984,偏強 (RS上升),2316.TW,楠梓電,3,v1,phase6a,2026-07-12,1,4,5,4,3,4,v1,37,0.9408866995073891,37,0.9408866995073891,38,0.9392446633825944,^TWII,yfinance,2y,2026-10-05,scan_20261006_171949,False,False
True,0,0.75,0.7499999999999999,True,False,買入 (動能增強),108.5,2026-10-05 00:00:00,107.975,0.024999999999991473,False,True,0.7260232924074599,False,0.0021825698974767336,42.84944863545598,0.002284828545265272,0.002386189437350485,-0.4689014995597707,-1.4608281783278665,-4.609118514601496,-0.4689014995597707,False,False,False,False,False,False,0.0,False,-0.05652173913043479,中性,3679.TW,新至陞,2,v1,phase6a,2026-07-12,0,2,4,2,2,2,v1,166,0.729064039408867,166,0.729064039408867,169,0.7241379310344828,^TWII,yfinance,2y,2026-10-05,scan_20261006_171949,False,False
True,0,-0.2999979654947917,-0.5833320617675781,True,False,觀察 (跌勢收斂),91.4000015258789,2026-10-05 00:00:00,91.55499992370605,0.004999923706051845,False,False,0.8829988529299307,False,0.0018385888659881182,59.01767790518725,0.0019264265808834858,0.00197642728795486,-0.47766729683534903,-1.2873338053503436,-2.9542089205767175,-0.47766729683534903,False,False,False,False,False,False,0.0,False,-0.012958930540128977,中性,6183.TW,關貿,1,v1,phase6a,2026-07-12,0,1,2,1,1,1,v1,365,0.40229885057471265,365,0.40229885057471265,365,0.40229885057471265,^TWII,yfinance,2y,2026-10-05,scan_20261006_171949,False,False
True,1,0.5333334604899088,0.4916661580403645,True,False,買入 (動能增強),48.95000076293945,2026-10-05 00:00:00,48.6649995803833,0.027499961853031607,False,True,0.7446199190704558,False,0.0009846709506604128,51.9717137985802,0.0010289784094802013,0.0010712308412885797,-0.4512143898050547,-1.3399247960209748,-4.175506073263446,-0.4512143898050547,False,False,False,False,False,False,0.0,False,-0.036417293344592205,中性,2488.TW,漢平,2,v1,phase6a,2026-07-12,0,2,4,2,2,2,v1,127,0.7931034482758621,127,0.7931034482758621,131,0.7865353037766831,^TWII,yfinance,2y,2026-10-05,scan_20261006_171949,False,False
True,0,-0.5166664123535156,-0.2583332061767578,True,False,賣出 (動能轉弱),14.800000190734863,2026-10-05 00:00:00,15.5375,-0.01500000953674352,False,False,2.87994413896169,True,0.00029771460736357445,21.004246973145833,0.00032444893421800636,0.0003358389075439688,-0.8599013739815309,-2.1443755211090876,-1.200791290266634,-0.8599013739815309,False,False,False,False,False,False,0.0,False,-0.07210029042522337,中性,4113.TWO,聯上,0,v1,phase6a,2026-07-12,0,0,0,0,0,0,v1,516,0.15435139573070608,516,0.15435139573070608,516,0.15435139573070608,^TWII,yfinance,2y,2026-10-05,scan_20261006_171949,False,False
True,0,-3.8333333333333335,-5.166666666666667,True,False,觀察 (跌勢收斂),197.5,2026-10-05 00:00:00,193.7,0.17499999999998295,False,True,1.7268993676030322,True,0.003972880688955345,28.210094999274208,0.004097050826826236,0.004435456380348805,-0.318008634279654,-1.94338928970198,-7.55684847836684,-0.318008634279654,False,False,False,False,False,False,0.022982145318200482,False,-0.1013733477094787,中性,1477.TW,聚陽,1,v1,phase6a,2026-07-12,0,1,3,1,1,1,v1,280,0.541871921182266,280,0.541871921182266,281,0.5402298850574713,^TWII,yfinance,2y,2026-10-05,scan_20261006_171949,False,False
True,0,12.5,15.583333333333334,True,False,觀望 (動能減弱),292.0,2026-10-05 00:00:00,294.9,2.5499999999999545,False,False,0.5764579118152129,False,0.005873828664177016,290.66323488330954,0.0060553222831292285,0.005426189614372739,-0.3145085431606076,0.6774061104084295,25.35894486936927,-0.3145085431606076,False,True,True,False,False,False,0.7194639513475446,False,-0.07301587301587298,中性,6173.TWO,信昌電,0,v1,phase6a,2026-07-12,0,0,1,0,0,0,v1,558,0.08538587848932677,558,0.08538587848932677,558,0.08538587848932677,^TWII,yfinance,2y,2026-10-05,scan_20261006_171949,False,False
True,1,0.20833396911621094,0.13333415985107422,True,False,買入 (動能增強),23.700000762939453,2026-10-05 00:00:00,23.870000171661378,-0.014999961853025212,True,False,0.9671625951691183,False,0.0004767456980218182,58.10827626010009,0.000507795139217156,0.0005261667895943054,-0.6395217466765524,-1.7644610578386732,-8.436954466252732,-0.6395217466765524,False,False,False,False,False,False,0.0,False,-0.3060029369257987,中性,1810.TW,和成,2,v1,phase6a,2026-07-12,0,2,2,2,2,2,v1,106,0.8275862068965517,106,0.8275862068965517,111,0.819376026272578,^TWII,yfinance,2y,2026-10-05,scan_20261006_171949,False,False
True,1,0.0,0.0,True,False,賣出 (動能轉弱),14.949999809265137,2026-10-05 00:00:00,14.99249997138977,-0.0025000095367424535,True,False,0.7939389230348789,False,0.00030073197742843316,39.08808622407345,0.0003164382078441558,0.00032995522304821216,-0.5197521583684694,-1.5433504105806461,-4.482250086445772,-0.5197521583684694,False,False,False,False,False,False,0.0,False,-0.022875841640948136,中性,1432.TW,大魯閣,0,v1,phase6a,2026-07-12,0,0,0,0,0,0,v1,437,0.28407224958949095,437,0.28407224958949095,437,0.28407224958949095,^TWII,yfinance,2y,2026-10-05,scan_20261006_171949,False,False
True,0,-0.6499989827473958,-0.2999992370605469,True,False,賣出 (動能轉弱),65.9000015258789,2026-10-05 00:00:00,68.31000022888183,-0.10999984741211222,False,False,2.0613497042908087,True,0.0013256346504521117,14.690660634364129,0.0014425901808926512,0.0015842439229617406,-0.8461817002609284,-2.3070142553821116,-6.328951561321006,-0.8461817002609284,False,False,False,False,False,False,0.0,False,-0.23965001688806897,中性,6873.TW,泓德能源,0,v1,phase6a,2026-07-12,0,0,0,0,0,0,v1,578,0.052545155993431854,578,0.052545155993431854,578,0.052545155993431854,^TWII,yfinance,2y,2026-10-05,scan_20261006_171949,False,False
True,0,-0.4083334604899088,-0.3249994913736979,True,False,賣出 (動能轉弱),44.04999923706055,2026-10-05 00:00:00,44.73999996185303,-0.020000076293939628,False,False,1.9543820277724424,True,0.0008861032471767873,37.668488320939595,0.0009424297349299453,0.0009879782266076294,-0.6251962580819059,-1.9007096945358959,-4.442065550852958,-0.6251962580819059,False,False,False,False,False,False,0.0,False,-0.05064659938659011,中性,6201.TW,亞弘電,0,v1,phase6a,2026-07-12,0,0,0,0,0,0,v1,559,0.08374384236453201,559,0.08374384236453201,559,0.08374384236453201,^TWII,yfinance,2y,2026-10-05,scan_20261006_171949,False,False
True,0,-0.01666673024495443,-0.09999974568684894,True,False,觀察 (跌勢收斂),31.299999237060547,2026-10-05 00:00:00,31.410000133514405,-0.007500076293943891,False,False,1.4305952706481457,False,0.0006296261394087841,35.649106071762965,0.0006630786921725811,0.0006933682132707613,-0.5282510159253628,-1.5437842169520932,-5.041376272447207,-0.5282510159253628,False,False,False,False,False,False,0.0,False,-0.024922095797154098,中性,1752.TW,南光,1,v1,phase6a,2026-07-12,0,1,1,1,1,1,v1,292,0.5221674876847291,292,0.5221674876847291,293,0.5205254515599343,^TWII,yfinance,2y,2026-10-05,scan_20261006_171949,False,False
True,0,-0.17499923706054688,-0.32499949137369794,True,False,觀察 (跌勢收斂),38.900001525878906,2026-10-05 00:00:00,38.97749996185303,-0.02999992370605753,True,False,1.1395903522256248,False,0.0007825066575316342,42.01893886475361,0.000821876700105192,0.0008503297623233599,-0.5017082415130325,-1.6241568595226297,-4.747187687305255,-0.5017082415130325,False,False,False,False,False,False,0.0,False,-0.043050428888321224,中性,1618.TW,合機,1,v1,phase6a,2026-07-12,0,1,1,1,1,1,v1,289,0.5270935960591133,289,0.5270935960591133,290,0.5254515599343186,^TWII,yfinance,2y,2026-10-05,scan_20261006_171949,False,False
True,0,-0.16666539510091144,-0.3833325703938802,True,False,觀察 (跌勢收斂),70.0,2026-10-05 00:00:00,70.70000038146972,-0.02000007629395384,True,False,2.8701816825005024,True,0.0014081096112753119,56.46427456858758,0.001492977106344454,0.0015724167076010495,-0.5948037765048042,-1.8339267683595173,-5.4440554080929076,-0.5948037765048042,False,False,False,False,False,False,0.0,False,-0.10941474098059467,中性,8487.TW,愛爾達-創,1,v1,phase6a,2026-07-12,0,1,1,1,1,1,v1,418,0.31527093596059114,418,0.31527093596059114,418,0.31527093596059114,^TWII,yfinance,2y,2026-10-05,scan_20261006_171949,False,False
True,0,-0.10833342870076497,-0.09166669845581055,True,False,賣出 (動能轉弱),11.449999809265137,2026-10-05 00:00:00,11.697500085830688,-0.022499990463257902,False,False,0.890573146651718,False,0.00023032649686466754,39.496107118729476,0.0002470451826080926,0.00025961067771982255,-0.7073255537882739,-2.285656451495832,-7.005016560237709,-0.7073255537882739,False,False,False,False,False,False,0.0,False,-0.09842519832859187,中性,1531.TW,高林股,0,v1,phase6a,2026-07-12,0,0,0,0,0,0,v1,442,0.27586206896551724,442,0.27586206896551724,442,0.27586206896551724,^TWII,yfinance,2y,2026-10-05,scan_20261006_171949,False,False
True,0,1.5166664123535156,0.9999999999999999,True,False,買入 (動能增強),60.79999923706055,2026-10-05 00:00:00,60.124999809265134,0.06499996185302592,False,True,0.7302083993294969,False,0.00122304376130338,36.77645700989102,0.0012797237148885904,0.0013802574542506254,-0.46405515979870415,-0.8982809060765651,-6.700826086514633,-0.46405515979870415,False,False,False,False,False,False,0.0,False,-0.1314285823277065,中性,6823.TWO,濾能,2,v1,phase6a,2026-07-12,0,2,4,2,2,2,v1,232,0.6206896551724138,232,0.6206896551724138,233,0.6190476190476191,^TWII,yfinance,2y,2026-10-05,scan_20261006_171949,False,False
True,0,2.9166666666666665,3.333333333333333,True,False,觀望 (動能減弱),137.5,2026-10-05 00:00:00,138.325,0.14999999999997726,False,False,0.6546869528862287,False,0.0027659295935765055,79.42004418473822,0.0029281050368629167,0.0029552783981934656,-0.5796291462413672,-1.3861918946756702,-4.215721936553118,-0.5796291462413672,False,False,False,False,False,False,0.1811221768244534,False,-0.129746835443038,中性,6206.TW,飛捷,3,v1,phase6a,2026-07-12,0,3,4,3,3,3,v1,63,0.8981937602627258,63,0.8981937602627258,68,0.8899835796387521,^TWII,yfinance,2y,2026-10-05,scan_20261006_171949,True,True
True,1,-0.03333409627278645,-0.233334223429362,True,False,觀察 (跌勢收斂),40.75,2026-10-05 00:00:00,40.63750019073486,-0.020000076293946734,False,True,0.6885151686719908,False,0.000819720952278128,41.41499315934643,0.000856578934597186,0.0008906685095158648,-0.4508975866464371,-1.5114310858237667,-4.1738700533963,-0.4508975866464371,False,False,False,False,False,False,0.0,False,-0.01092234841277584,中性,8367.TW,建新國際,1,v1,phase6a,2026-07-12,0,1,2,1,1,1,v1,410,0.3284072249589491,410,0.3284072249589491,410,0.3284072249589491,^TWII,yfinance,2y,2026-10-05,scan_20261006_171949,False,False
True,0,2.93333371480306,3.0499998728434243,True,False,觀望 (動能減弱),61.20000076293945,2026-10-05 00:00:00,62.89000053405762,-0.1449998855590806,False,False,0.6029341315577191,False,0.0012310901326335925,86.79781867254567,0.0013145010482677683,0.001260348577733677,-0.6635095208633701,-0.4813403744510114,4.3253444904558735,-0.6635095208633701,False,False,True,False,False,False,0.16988483258646142,False,-0.3259912036781074,中性,2434.TW,統懋,1,v1,phase6a,2026-07-12,0,1,1,1,1,1,v1,306,0.49917898193760263,306,0.49917898193760263,306,0.49917898193760263,^TWII,yfinance,2y,2026-10-05,scan_20261006_171949,True,False
True,0,-0.1833330790201823,-0.1833330790201823,True,False,賣出 (動能轉弱),12.0,2026-10-05 00:00:00,12.080000019073486,-0.017500019073485973,True,False,0.0,False,0.00024139021907576777,26.863608659154767,0.0002559613707431192,0.0002833592070062457,-0.595663756273912,-2.278035326365968,-8.49306025477764,-0.595663756273912,False,False,False,False,False,False,0.0,False,-0.1946308518641645,中性,6169.TWO,昱泉,0,v1,phase6a,2026-07-12,0,0,0,0,0,0,v1,556,0.08866995073891626,556,0.08866995073891626,556,0.08866995073891626,^TWII,yfinance,2y,2026-10-05,scan_20261006_171949,False,False
False,0,-0.14166657129923504,-0.04166650772094728,False,True,強烈賣出 (跌破),13.75,2026-10-05 00:00:00,14.350000047683716,-0.04499998092651403,False,False,1.1619038761131908,False,0.0002765929593576506,34.59197528176605,0.00030112219756762694,0.0003027401036047235,-0.8501775353235375,-2.4985527925362017,-2.8319786665148228,-0.8501775353235375,False,False,False,False,False,False,0.08992514518822907,False,-0.0894039965142257,中性,3024.TW,憶聲,0,v1,phase6a,2026-07-12,0,0,0,0,0,0,v1,499,0.18226600985221675,499,0.18226600985221675,499,0.18226600985221675,^TWII,yfinance,2y,2026-10-05,scan_20261006_171949,False,False
True,0,-0.2749999364217122,-0.2666667302449544,True,False,賣出 (動能轉弱),17.0,2026-10-05 00:00:00,17.142500019073488,0.0,False,False,1.0604694560469694,False,0.00034196947702400435,36.34935283826409,0.00036063561051294396,0.00037520238529897815,-0.5418791031287951,-1.7923852910884164,-4.321486017977872,-0.5418791031287951,False,False,False,False,False,False,0.0,False,-0.02857142857142858,中性,2505.TW,國揚,0,v1,phase6a,2026-07-12,0,0,0,0,0,0,v1,469,0.2315270935960591,469,0.2315270935960591,469,0.2315270935960591,^TWII,yfinance,2y,2026-10-05,scan_20261006_171949,False,False
True,0,0.08333333333333323,-0.2500000000000001,True,False,買入 (動能增強),177.5,2026-10-05 00:00:00,177.85,-0.20000000000001705,True,False,0.9141797584219185,False,0.0035705636571623984,32.55835833348334,0.0037679296512296697,0.004036077145040413,-0.5483501009507008,-1.8916164961026993,-7.528647229643037,-0.5483501009507008,False,False,False,False,False,False,0.0,False,-0.10655483241067465,中性,1795.TW,美時,2,v1,phase6a,2026-07-12,0,2,2,2,2,2,v1,104,0.8308702791461412,104,0.8308702791461412,109,0.8226600985221675,^TWII,yfinance,2y,2026-10-05,scan_20261006_171949,False,False
True,0,1.1666666666666665,1.6666666666666665,True,False,觀望 (動能減弱),135.5,2026-10-05 00:00:00,137.425,-0.07499999999998863,False,False,0.8198302465606035,False,0.0027256978903972113,26.59495576193978,0.002902730228106277,0.0029792770374392694,-0.6378861104537448,-1.6390568427099517,-4.3092568516826635,-0.6378861104537448,False,False,False,False,False,False,0.0,False,-0.045774647887323994,中性,6605.TW,帝寶,2,v1,phase6a,2026-07-12,0,2,2,2,2,2,v1,224,0.6338259441707718,224,0.6338259441707718,226,0.6305418719211823,^TWII,yfinance,2y,2026-10-05,scan_20261006_171949,False,True
True,0,3.208333969116211,2.916667302449544,True,False,買入 (動能增強),45.900001525878906,2026-10-05 00:00:00,44.925,0.19000015258788494,False,True,0.767821840509513,False,0.0009233176186591653,55.82336768975936,0.0009474973830057973,0.0009358801853777913,-0.26790780698223715,0.022765740685692926,4.577935194433724,-0.26790780698223715,False,False,True,False,False,False,0.6241643467168891,False,-0.05360821596125964,中性,3339.TWO,泰谷,2,v1,phase6a,2026-07-12,0,2,4,2,2,2,v1,153,0.7504105090311987,153,0.7504105090311987,156,0.7454844006568144,^TWII,yfinance,2y,2026-10-05,scan_20261006_171949,False,False
True,0,-0.13333257039388016,-0.5,True,False,觀察 (跌勢收斂),74.4000015258789,2026-10-05 00:00:00,74.33500099182129,0.004999923706051845,False,True,0.30602281737580517,False,0.0014966193889641138,38.91916260338484,0.0015657482341784243,0.0016023855543482847,-0.46259409470947865,-1.4544363897782353,-3.8593942515540047,-0.46259409470947865,False,False,False,False,False,False,0.0,False,-0.01195221101465671,中性,1777.TWO,生泰,1,v1,phase6a,2026-07-12,0,1,3,1,1,1,v1,293,0.5205254515599343,293,0.5205254515599343,294,0.5188834154351396,^TWII,yfinance,2y,2026-10-05,scan_20261006_171949,False,False
True,2,0.008333365122477213,-0.008333206176757807,True,False,買入 (動能增強),15.300000190734863,2026-10-05 00:00:00,15.332500123977661,-0.009999990463256836,False,False,0.6027693484251708,False,0.0003077725331583981,34.08402228631038,0.00032511245055538056,0.00035226068307277046,-0.5582881493398029,-1.7617735117607003,-7.285407383667575,-0.5582881493398029,False,False,False,False,False,False,0.0,False,-0.135593246822325,中性,3252.TWO,海灣,2,v1,phase6a,2026-07-12,0,2,2,2,2,2,v1,149,0.7569786535303776,149,0.7569786535303776,152,0.7520525451559934,^TWII,yfinance,2y,2026-10-05,scan_20261006_171949,False,False
True,1,-0.25,-0.2833328247070312,True,False,觀察 (跌勢收斂),81.30000305175781,2026-10-05 00:00:00,81.55500030517578,-0.03999977111816122,False,False,1.7971663739493906,True,0.001635418795627034,46.81603719517247,0.0017228577271083548,0.0018002887690456348,-0.5313954685087663,-1.6230101420157572,-5.184938375822689,-0.5313954685087663,False,False,False,False,False,False,0.0,False,-0.03786978636973004,中性,9911.TW,櫻花,1,v1,phase6a,2026-07-12,0,1,1,1,1,1,v1,421,0.3103448275862069,421,0.3103448275862069,421,0.3103448275862069,^TWII,yfinance,2y,2026-10-05,scan_20261006_171949,False,False
True,0,-0.19166692097981772,-0.20833333333333334,True,False,觀察 (跌勢收斂),20.049999237060547,2026-10-05 00:00:00,20.279999923706054,-0.03250007629394602,False,False,0.7638205771358961,False,0.00040332280902525186,30.572488342510542,0.00042863947356713546,0.0004530532957922658,-0.6178727010122564,-2.1187108517997877,-6.968681786970555,-0.6178727010122564,False,False,False,False,False,False,0.0,False,-0.08863639831542969,中性,2646.TW,星宇航空,1,v1,phase6a,2026-07-12,0,1,1,1,1,1,v1,312,0.48932676518883417,312,0.48932676518883417,312,0.48932676518883417,^TWII,yfinance,2y,2026-10-05,scan_20261006_171949,False,False
True,0,0.7249997456868489,0.016666412353515625,True,False,買入 (動能增強),44.45000076293945,2026-10-05 00:00:00,43.20999984741211,0.0625,False,True,1.9107847601480499,True,0.000894149618507,61.7676255780584,0.0009199703271523502,0.001005873479163072,-0.2945706953744076,-1.2451305678232827,-7.911742174208558,-0.2945706953744076,False,False,False,False,False,False,0.005209679381952685,False,-0.2205770243253018,中性,6282.TW,康舒,2,v1,phase6a,2026-07-12,0,2,4,2,2,2,v1,213,0.6518883415435139,213,0.6518883415435139,215,0.6486042692939245,^TWII,yfinance,2y,2026-10-05,scan_20261006_171949,False,False
True,1,-0.0666656494140625,0.16666793823242188,True,False,賣出 (動能轉弱),96.5999984741211,2026-10-05 00:00:00,96.42499923706055,-0.020000076293939628,True,True,0.5797458539112916,False,0.001943191232865577,42.41094148493316,0.002035165528283203,0.002123713050415493,-0.47345863158752,-1.583071703920258,-4.374580398163063,-0.47345863158752,False,False,False,False,False,False,0.0,False,-0.02424243965534245,中性,6752.TWO,叡揚,0,v1,phase6a,2026-07-12,0,0,1,0,0,0,v1,572,0.06239737274220033,572,0.06239737274220033,572,0.06239737274220033,^TWII,yfinance,2y,2026-10-05,scan_20261006_171949,False,False
True,0,-0.9833329518636067,-1.0666656494140625,True,False,觀察 (跌勢收斂),37.25,2026-10-05 00:00:00,37.33500022888184,0.022500038146972656,False,False,1.0206034317790393,False,0.0007493154717143624,34.548825913767594,0.00078353201193969,0.000802895479707596,-0.4575767539569453,-1.8728607431869104,-4.6970497163632,-0.4575767539569453,False,False,False,False,False,False,0.0,False,-0.03994843473038101,中性,2948.TWO,寶陞,1,v1,phase6a,2026-07-12,0,1,2,1,1,1,v1,323,0.47126436781609193,323,0.47126436781609193,323,0.47126436781609193,^TWII,yfinance,2y,2026-10-05,scan_20261006_171949,False,False
True,0,-0.6166648864746094,-0.6499977111816404,True,False,觀察 (跌勢收斂),77.19999694824219,2026-10-05 00:00:00,77.25500030517578,0.019999694824221592,False,False,1.0061750330206707,False,0.0015529436813320654,49.799639078425116,0.0016283337002664683,0.001683692476494304,-0.4849929370969952,-1.876383129365966,-4.842671904296402,-0.4849929370969952,False,False,False,False,False,False,0.0,False,-0.030150773516147478,中性,6464.TW,台數科,1,v1,phase6a,2026-07-12,0,1,2,1,1,1,v1,369,0.3957307060755337,369,0.3957307060755337,369,0.3957307060755337,^TWII,yfinance,2y,2026-10-05,scan_20261006_171949,False,False
True,0,-0.05833323796590169,-0.04999987284342448,True,False,賣出 (動能轉弱),11.149999618530273,2026-10-05 00:00:00,11.179999828338623,-0.0025000095367424535,True,False,0.21911338164547534,False,0.00022429173755097914,43.14948016796676,0.0002361634608808221,0.000247813677556226,-0.5263631212015341,-1.9364544372379444,-5.6384024113988795,-0.5263631212015341,False,False,False,False,False,False,0.0,False,-0.03463208360164882,中性,8443.TW,阿瘦,0,v1,phase6a,2026-07-12,0,0,0,0,0,0,v1,598,0.019704433497536946,598,0.019704433497536946,598,0.019704433497536946,^TWII,yfinance,2y,2026-10-05,scan_20261006_171949,False,False
False,0,3.833332697550455,3.249999364217122,False,True,強烈買入 (爆發),60.599998474121094,2026-10-05 00:00:00,59.619999694824216,0.054999923706049,False,True,0.7017058671730406,False,0.0012190205756382735,70.24083084904645,0.001264384098314819,0.0012817376539970668,-0.37624181644981824,0.20868183891189496,-1.2533311809710068,-0.37624181644981824,False,False,False,False,False,False,0.5395889725384545,False,-0.03194888256789341,中性,4540.TW,全球傳動,3,v1,phase6a,2026-07-12,0,3,5,3,3,3,v1,54,0.9129720853858785,54,0.9129720853858785,61,0.9014778325123153,^TWII,yfinance,2y,2026-10-05,scan_20261006_171949,False,False
True,0,-0.6583340962727864,-0.8000011444091796,True,False,觀察 (跌勢收斂),45.95000076293945,2026-10-05 00:00:00,45.76250019073486,0.03250007629394247,False,True,0.6971165516631832,False,0.0009243233958914709,21.69453069527909,0.0009588552657866697,0.0009728787722005576,-0.3776592920342159,-1.2339835115504072,-1.120177849997872,-0.3776592920342159,False,False,False,False,False,False,0.22087540892073684,False,-0.015005374920537329,中性,8442.TW,威宏-KY,1,v1,phase6a,2026-07-12,0,1,3,1,1,1,v1,413,0.32348111658456485,413,0.32348111658456485,413,0.32348111658456485,^TWII,yfinance,2y,2026-10-05,scan_20261006_171949,False,False
True,1,-0.024999936421712235,-0.02499993642171224,True,False,觀察 (跌勢收斂),20.799999237060547,2026-10-05 00:00:00,20.88499994277954,-0.00500001907348846,True,False,1.134044120225862,False,0.0004184096977174873,43.756365114395116,0.0004404065234433619,0.00045572997530474185,-0.5230043798437722,-1.5751146328288446,-4.185982426176038,-0.5230043798437722,False,False,False,False,False,False,0.0,False,-0.018867995824705996,中性,1731.TW,美吾華,1,v1,phase6a,2026-07-12,0,1,1,1,1,1,v1,291,0.5238095238095238,291,0.5238095238095238,292,0.5221674876847291,^TWII,yfinance,2y,2026-10-05,scan_20261006_171949,False,False
True,1,0.008333841959635435,-0.4833323160807292,True,False,買入 (動能增強),40.04999923706055,2026-10-05 00:00:00,40.62249965667725,-0.24750003814696697,True,False,1.0217392554299523,False,0.0008056398408181981,133.50428846561388,0.0008590069121157361,0.000824989212016998,-0.6497140043655536,-1.6267974533052176,-7.290507886467679,-0.6497140043655536,False,False,True,False,False,False,0.39908085846569813,False,-0.28989364976020837,中性,2491.TW,吉祥全,3,v1,phase6a,2026-07-12,0,3,3,3,3,3,v1,43,0.9310344827586207,43,0.9310344827586207,52,0.916256157635468,^TWII,yfinance,2y,2026-10-05,scan_20261006_171949,True,False
True,0,0.07166679700215658,0.06333343187967937,True,False,買入 (動能增強),6.050000190734863,2026-10-05 00:00:00,6.032500123977661,0.0019999980926508343,False,True,0.5462274819581072,False,0.00012170090595416045,25.58261238184173,0.00012765992988695064,0.00013287498955657161,-0.48895423614000455,-0.9441615865576458,-3.998843064815194,-0.48895423614000455,False,False,False,False,False,False,0.0,False,-0.047244050142243865,中性,6264.TWO,富裔,2,v1,phase6a,2026-07-12,0,2,4,2,2,2,v1,210,0.6568144499178982,210,0.6568144499178982,213,0.6518883415435139,^TWII,yfinance,2y,2026-10-05,scan_20261006_171949,False,False
True,0,2.1666666666666665,1.75,True,False,買入 (動能增強),159.5,2026-10-05 00:00:00,158.425,0.025000000000005684,False,True,0.5246401276215322,False,0.0032084783285487467,87.10884786097418,0.0033550135924935846,0.003389626174798208,-0.4576486198951124,-1.212108622870911,-4.919761118280997,-0.4576486198951124,False,False,False,False,False,False,0.058001694758155586,False,-0.053412462908011826,中性,2850.TW,新產,2,v1,phase6a,2026-07-12,0,2,4,2,2,2,v1,136,0.7783251231527094,136,0.7783251231527094,140,0.7717569786535303,^TWII,yfinance,2y,2026-10-05,scan_20261006_171949,False,False
True,0,-0.33333333333333304,-2.4166666666666665,True,False,觀察 (跌勢收斂),121.5,2026-10-05 00:00:00,120.325,0.22500000000000853,False,True,0.9099892548861068,False,0.0024440759681421485,210.17721003663516,0.0025466073225775127,0.002744391132836985,-0.4220213397542638,-1.210995301298623,-6.861347142350837,-0.4220213397542638,False,False,False,False,False,False,0.15200834952994013,False,-0.18181818181818177,中性,2337.TW,旺宏,1,v1,phase6a,2026-07-12,0,1,3,1,1,1,v1,300,0.5090311986863711,300,0.5090311986863711,300,0.5090311986863711,^TWII,yfinance,2y,2026-10-05,scan_20261006_171949,False,False
True,0,-0.21666653951009113,-0.26666657129923504,True,False,觀察 (跌勢收斂),10.399999618530273,2026-10-05 00:00:00,10.544999980926514,-0.025000000000000355,True,False,0.5160646611793501,False,0.00020920484885874366,32.530723450826024,0.00022281646536440823,0.00024148311127391393,-0.6389326288355868,-2.2908929504887765,-8.318835618038722,-0.6389326288355868,False,False,False,False,False,False,0.0,False,-0.20610692246686269,中性,6109.TWO,亞元,1,v1,phase6a,2026-07-12,0,1,1,1,1,1,v1,364,0.4039408866995074,364,0.4039408866995074,364,0.4039408866995074,^TWII,yfinance,2y,2026-10-05,scan_20261006_171949,False,False
True,0,-0.33333333333333337,0.5000006357828775,True,False,賣出 (動能轉弱),60.79999923706055,2026-10-05 00:00:00,64.0450008392334,-0.13500003814696981,True,False,2.1563632933058394,True,0.00122304376130338,30.20794229197265,0.001346300211573609,0.0014216254713138386,-0.9545064277120985,-2.1215994905285807,-4.053251237957733,-0.9545064277120985,False,False,False,False,False,False,0.0,False,-0.11240877026188978,中性,8272.TWO,全景軟體,0,v1,phase6a,2026-07-12,0,0,0,0,0,0,v1,595,0.024630541871921183,595,0.024630541871921183,595,0.024630541871921183,^TWII,yfinance,2y,2026-10-05,scan_20261006_171949,False,False
True,0,11.75,7.083333333333333,True,False,買入 (動能增強),442.0,2026-10-05 00:00:00,418.675,1.5500000000000114,False,True,1.081977531323554,False,0.008891206402624113,36.75903291794595,0.008943669490279048,0.009660144034721539,-0.06170870318222832,-1.8717032385461407,-8.308384862656148,-0.06170870318222832,False,False,False,False,False,True,0.11930091741845321,False,-0.1564885496183206,中性,6415.TW,矽力*-KY,2,v1,phase6a,2026-07-12,0,2,4,2,2,2,v1,215,0.6486042692939245,215,0.6486042692939245,217,0.645320197044335,^TWII,yfinance,2y,2026-10-05,scan_20261006_171949,False,False
True,0,0.29166650772094727,0.2583332061767578,True,False,買入 (動能增強),13.800000190734863,2026-10-05 00:00:00,13.727500009536744,0.007500028610230913,False,True,0.6837466079183739,False,0.00027759875577392716,34.46487033091182,0.00029166748305445897,0.00030941697874765505,-0.5051771227275847,-1.203961315156532,-5.812891242466822,-0.5051771227275847,False,False,False,False,False,False,0.0,False,-0.14814817649237666,中性,3607.TW,谷崧,2,v1,phase6a,2026-07-12,0,2,4,2,2,2,v1,161,0.7372742200328407,161,0.7372742200328407,164,0.7323481116584565,^TWII,yfinance,2y,2026-10-05,scan_20261006_171949,False,False
True,2,0.005000114440917967,-0.009999910990397131,True,False,買入 (動能增強),9.300000190734863,2026-10-05 00:00:00,9.323999977111816,-0.011499977111816051,True,False,0.8542806840147775,False,0.00018707742362051422,34.21408655109681,0.00019745485112592688,0.0002072507425000761,-0.5501768468578416,-1.856369454231066,-6.741597139940336,-0.5501768468578416,False,False,False,False,False,False,0.0,False,-0.060606005142905706,中性,4702.TWO,中美實,2,v1,phase6a,2026-07-12,0,2,2,2,2,2,v1,182,0.7027914614121511,182,0.7027914614121511,185,0.6978653530377669,^TWII,yfinance,2y,2026-10-05,scan_20261006_171949,False,False
True,0,2.6734224955240884,-0.5377082824707029,True,False,買入 (動能增強),118.5,2026-10-05 00:00:00,113.79078330993653,0.9000000000000057,False,True,1.2141187324085503,False,0.0023837284133732066,159.61945212499188,0.002393787968005743,0.0025401842471171345,-0.04421579106230755,0.22904537727175267,0.7737832486880869,-0.04421579106230755,False,False,False,False,False,True,0.12676837153410656,False,-0.3342696629213483,中性,8042.TWO,金山電,2,v1,phase6a,2026-07-12,1,3,4,3,2,3,v1,241,0.6059113300492611,241,0.6059113300492611,86,0.8604269293924466,^TWII,yfinance,2y,2026-10-05,scan_20261006_171949,False,False
True,0,8.083333333333332,4.5,True,False,買入 (動能增強),238.5,2026-10-05 00:00:00,228.1,1.1500000000000057,False,True,1.1574545334510775,False,0.004797630604130884,79.0478265729634,0.004767271013648402,0.004723560404966083,0.06708009817821825,0.20145566204465837,5.270558817168225,0.06708009817821825,True,True,True,False,False,False,0.5889806230954638,False,-0.0535714285714286,偏強 (RS上升),6271.TW,同欣電,2,v1,phase6a,2026-07-12,1,3,4,3,2,3,v1,212,0.6535303776683087,212,0.6535303776683087,84,0.8637110016420362,^TWII,yfinance,2y,2026-10-05,scan_20261006_171949,False,False
True,1,1.4166666666666665,-0.4166666666666665,True,False,買入 (動能增強),241.5,2026-10-05 00:00:00,243.125,0.0,False,False,0.782918587969754,False,0.004857978158899826,38.94940114978539,0.005126868575231396,0.005113795792407924,-0.5490456922854658,-1.6758327968294684,-4.470557920879892,-0.5490456922854658,False,False,True,False,False,False,0.3081051617547191,False,-0.07115384615384612,中性,3617.TW,碩天,2,v1,phase6a,2026-07-12,0,2,2,2,2,2,v1,163,0.7339901477832512,163,0.7339901477832512,166,0.729064039408867,^TWII,yfinance,2y,2026-10-05,scan_20261006_171949,False,False
True,0,0.675000508626302,0.3666667938232422,True,False,買入 (動能增強),37.25,2026-10-05 00:00:00,37.15749988555908,0.04500007629394531,False,True,1.0166580908760068,False,0.0007493154717143624,33.45065180766189,0.00079295843266092,0.0008468798078561484,-0.5760117736038128,-1.4509638930899071,-8.960129175725173,-0.5760117736038128,False,False,False,False,False,False,0.0,False,-0.2958412301410399,中性,2425.TW,承啟,2,v1,phase6a,2026-07-12,0,2,4,2,2,2,v1,120,0.8045977011494253,120,0.8045977011494253,125,0.7963875205254516,^TWII,yfinance,2y,2026-10-05,scan_20261006_171949,False,False
False,0,8.166666666666666,4.583333333333333,False,True,強烈買入 (爆發),289.5,2026-10-05 00:00:00,284.0,0.17500000000001137,False,True,0.9096467401226526,False,0.005823539035202898,141.4768489753589,0.006037537454429904,0.006186165278296144,-0.37171473543790023,-0.8619724685231089,-5.824847650843212,-0.37171473543790023,False,False,False,False,False,False,0.33311475448725086,False,-0.08386075949367089,中性,2451.TW,創見,3,v1,phase6a,2026-07-12,0,3,5,3,3,3,v1,40,0.9359605911330049,40,0.9359605911330049,50,0.9195402298850575,^TWII,yfinance,2y,2026-10-05,scan_20261006_171949,False,False
True,0,-0.7500000000000001,-2.1666666666666665,True,False,觀察 (跌勢收斂),156.0,2026-10-05 00:00:00,154.675,-0.04999999999998295,True,True,1.1322091600413282,False,0.003138072847984981,51.505439817122976,0.0032831282907048996,0.0036065134957840718,-0.4629216147326587,-2.0939140772034515,-9.09555405464939,-0.4629216147326587,False,False,False,False,False,False,0.0,False,-0.20812182741116747,中性,3596.TW,智易,1,v1,phase6a,2026-07-12,0,1,2,1,1,1,v1,337,0.4482758620689655,337,0.4482758620689655,337,0.4482758620689655,^TWII,yfinance,2y,2026-10-05,scan_20261006_171949,False,False
True,0,-0.7749999364217122,-0.8666667938232421,True,False,觀察 (跌勢收斂),28.700000762939453,2026-10-05 00:00:00,29.81999988555908,-0.11499996185302663,True,False,1.2647543269633625,False,0.0005773249559700547,37.49602485161361,0.0006345380559180314,0.0006750720566217831,-0.940181558349884,-3.191031302441061,-12.641888943267421,-0.940181558349884,False,False,False,False,False,False,0.0,False,-0.36008914739429376,中性,1515.TW,力山,1,v1,phase6a,2026-07-12,0,1,1,1,1,1,v1,282,0.5385878489326765,282,0.5385878489326765,283,0.5369458128078818,^TWII,yfinance,2y,2026-10-05,scan_20261006_171949,False,False
True,0,0.11666679382324216,0.6166667938232422,True,False,觀望 (動能減弱),60.400001525878906,2026-10-05 00:00:00,61.17000026702881,0.015000152587894888,False,False,1.224394842848922,False,0.0012149974667090514,31.711324136674165,0.0012938805508635105,0.001325295094901006,-0.6376581442836038,-1.7705346051709259,-4.707827908937512,-0.6376581442836038,False,False,False,False,False,False,0.1042112119721337,False,-0.08206688868435619,中性,7704.TWO,明遠精密,3,v1,phase6a,2026-07-12,0,3,4,3,3,3,v1,74,0.8801313628899836,74,0.8801313628899836,77,0.8752052545155994,^TWII,yfinance,2y,2026-10-05,scan_20261006_171949,True,True
True,1,0.2000002861022949,0.15833361943562824,True,False,買入 (動能增強),14.949999809265137,2026-10-05 00:00:00,14.907499980926513,-0.005000019073486683,True,True,0.4257863297750606,False,0.00030073197742843316,29.81391283703713,0.0003163249414934614,0.0003390703214628879,-0.5162070970322397,-1.5029516174744129,-6.398050591622095,-0.5162070970322397,False,False,False,False,False,False,0.0,False,-0.08562694431440387,中性,8940.TW,新天地,2,v1,phase6a,2026-07-12,0,2,3,2,2,2,v1,256,0.5812807881773399,256,0.5812807881773399,256,0.5812807881773399,^TWII,yfinance,2y,2026-10-05,scan_20261006_171949,False,False
True,0,0.05833435058593749,0.18333371480305988,True,False,觀望 (動能減弱),36.150001525878906,2026-10-05 00:00:00,36.517499923706055,-0.022499847412106533,True,False,1.4068754926944276,False,0.000727188065660104,34.199555695165124,0.0007718077436166719,0.0008169493243322981,-0.6048655085060584,-1.8071739691140287,-4.92973309430046,-0.6048655085060584,False,False,False,False,False,False,0.0,False,-0.09284810765162255,中性,2387.TW,精元,0,v1,phase6a,2026-07-12,0,0,0,0,0,0,v1,465,0.23809523809523808,465,0.23809523809523808,465,0.23809523809523808,^TWII,yfinance,2y,2026-10-05,scan_20261006_171949,False,False
False,0,118.33333333333333,81.66666666666666,False,True,強烈買入 (爆發),1630.0,2026-10-05 00:00:00,1485.0,11.25,False,True,1.5392490635335594,True,0.03278883809112512,237.3955000493914,0.031257318783834656,0.031028576554262784,0.5184332645855605,0.46766001642897237,5.71757913843578,0.5184332645855605,True,True,True,False,False,True,0.9643419825242209,False,0.0,偏強 (RS上升),3491.TWO,昇達科,3,v1,phase6a,2026-07-12,2,5,5,5,3,5,v1,51,0.9178981937602627,51,0.9178981937602627,7,0.9901477832512315,^TWII,yfinance,2y,2026-10-05,scan_20261006_171949,False,False
True,2,-0.10000038146972656,-0.09166685740152994,True,False,賣出 (動能轉弱),17.799999237060547,2026-10-05 00:00:00,17.972500038146972,-0.010000038146973367,True,False,1.5452862728274703,True,0.0003580621429485454,26.201144532344422,0.00037946787000686313,0.000407118007827256,-0.5902829057701675,-1.7808020129375768,-5.451197075928594,-0.5902829057701675,False,False,False,False,False,False,0.0,False,-0.07291674324207531,中性,1586.TWO,和勤,0,v1,phase6a,2026-07-12,0,0,0,0,0,0,v1,445,0.270935960591133,445,0.270935960591133,445,0.270935960591133,^TWII,yfinance,2y,2026-10-05,scan_20261006_171949,False,False
True,0,0.09999910990397132,-0.966667811075846,True,False,買入 (動能增強),64.5999984741211,2026-10-05 00:00:00,64.19500007629395,0.009999847412117902,False,True,1.1913162097596481,False,0.0012994839819968629,64.28997861648546,0.0013599327930620666,0.0013726097643123236,-0.4657141318537672,-1.4127373823183964,-7.125991483044314,-0.4657141318537672,False,False,False,False,False,False,0.06098410477098541,False,-0.1186903712881644,中性,2634.TW,漢翔,2,v1,phase6a,2026-07-12,0,2,4,2,2,2,v1,133,0.7832512315270936,133,0.7832512315270936,137,0.7766830870279147,^TWII,yfinance,2y,2026-10-05,scan_20261006_171949,False,False
True,1,0.49999999999999994,0.4166673024495442,True,False,買入 (動能增強),33.849998474121094,2026-10-05 00:00:00,34.03249988555908,0.0024999618530259227,False,False,0.977092470586392,False,0.000680921545615208,29.671138329648002,0.0007261165700166203,0.0008161818345573009,-0.6509153935728706,-1.7429289682017957,-9.00075180593678,-0.6509153935728706,False,False,False,False,False,False,0.0,False,-0.23761267317994694,中性,6492.TWO,生華科,2,v1,phase6a,2026-07-12,0,2,3,2,2,2,v1,217,0.645320197044335,217,0.645320197044335,219,0.6420361247947455,^TWII,yfinance,2y,2026-10-05,scan_20261006_171949,False,False
True,2,0.05666677157084146,0.05833347638448079,True,False,觀望 (動能減弱),5.809999942779541,2026-10-05 00:00:00,5.780499958992005,0.007999992370606002,False,True,0.9275795546192487,False,0.00011687309658481263,19.50969468451397,0.00012188658864651625,0.00012681529077453472,-0.43110641503028013,-1.0961688462948205,-2.4621980757367212,-0.43110641503028013,False,False,False,False,False,False,0.0,False,-0.031666676203409794,中性,2929.TW,淘帝-KY,0,v1,phase6a,2026-07-12,0,0,2,0,0,0,v1,498,0.1839080459770115,498,0.1839080459770115,498,0.1839080459770115,^TWII,yfinance,2y,2026-10-05,scan_20261006_171949,False,False
True,2,-0.21666717529296872,-0.2083339691162109,True,False,賣出 (動能轉弱),41.29999923706055,2026-10-05 00:00:00,41.554999923706056,-0.022500038146972656,False,False,1.060629535621035,False,0.0008307846553052573,26.129243049243513,0.0008760272987007912,0.0009124829202058413,-0.5406947437595955,-1.646053108938328,-4.493693874441562,-0.5406947437595955,False,False,False,False,False,False,0.0,False,-0.05163817155336814,中性,6968.TWO,萬達寵物,0,v1,phase6a,2026-07-12,0,0,0,0,0,0,v1,582,0.04597701149425287,582,0.04597701149425287,582,0.04597701149425287,^TWII,yfinance,2y,2026-10-05,scan_20261006_171949,False,False
True,0,-0.2666664123535156,-0.3833332061767578,True,False,觀察 (跌勢收斂),43.0,2026-10-05 00:00:00,43.347500038146975,-0.06499996185302592,False,False,1.1471726972898044,False,0.0008649816183548345,24.335287501384794,0.0009168698661554705,0.000994623189662343,-0.5921861198152745,-2.002849902682502,-7.221493681022362,-0.5921861198152745,False,False,False,False,False,False,0.0,False,-0.07526881720430112,中性,7839.TWO,達人網,1,v1,phase6a,2026-07-12,0,1,1,1,1,1,v1,403,0.3399014778325123,403,0.3399014778325123,403,0.3399014778325123,^TWII,yfinance,2y,2026-10-05,scan_20261006_171949,False,False
True,0,0.025000254313151046,-0.12499968210856116,True,False,買入 (動能增強),30.5,2026-10-05 00:00:00,30.694999980926514,0.0,False,False,0.6832948433501782,False,0.0006135334734842431,47.31096274402936,0.0006469615184446639,0.0006647066970969159,-0.5409451740589155,-1.435513759752327,-4.182610507094886,-0.5409451740589155,False,False,False,False,False,False,0.0,False,-0.028662408581659693,中性,2008.TW,高興昌,2,v1,phase6a,2026-07-12,0,2,2,2,2,2,v1,107,0.825944170771757,107,0.825944170771757,112,0.8177339901477833,^TWII,yfinance,2y,2026-10-05,scan_20261006_171949,False,False
True,1,0.6333332061767578,0.3416668574015299,True,False,買入 (動能增強),32.0,2026-10-05 00:00:00,31.012500095367432,0.04750003814697479,False,True,2.9408770600278253,True,0.000643707250868714,30.536274879856236,0.0006567022708579006,0.0006980294723205663,-0.20786489163461264,-1.103074869895826,-4.105242037747758,-0.20786489163461264,False,False,False,False,False,False,0.01751680188021841,False,-0.0684133501750096,中性,6835.TW,圓裕,2,v1,phase6a,2026-07-12,0,2,4,2,2,2,v1,233,0.6190476190476191,233,0.6190476190476191,234,0.6174055829228243,^TWII,yfinance,2y,2026-10-05,scan_20261006_171949,False,False
False,0,2.0212790171305337,1.4609985351562498,False,True,強烈買入 (爆發),43.400001525878906,2026-10-05 00:00:00,40.959926795959475,0.18363475799560547,False,True,4.933846958899975,True,0.0008730279896850471,80.97247048918605,0.0008728476856118458,0.0009368099415807139,0.002174467451721007,-0.6703257187244516,-4.499180875422681,0.002174467451721007,True,False,False,False,False,False,0.2187893297676761,False,-0.05928122853015427,中性,6163.TWO,華電網,3,v1,phase6a,2026-07-12,0,3,5,3,3,3,v1,62,0.8998357963875205,62,0.8998357963875205,67,0.8916256157635468,^TWII,yfinance,2y,2026-10-05,scan_20261006_171949,False,False
True,0,-0.34999974568684894,-0.08333333333333334,True,False,賣出 (動能轉弱),74.0999984741211,2026-10-05 00:00:00,74.96000022888184,-0.010000228881835938,False,False,1.1268677181058981,False,0.0014905845720985123,34.49120697320521,0.0015822708454294222,0.0016796114748519192,-0.6062600097132442,-1.5679058684467173,-4.7345195217610385,-0.6062600097132442,False,False,False,False,False,False,0.0,False,-0.09079756473471046,中性,2228.TW,劍麟,0,v1,phase6a,2026-07-12,0,0,0,0,0,0,v1,461,0.24466338259441708,461,0.24466338259441708,461,0.24466338259441708,^TWII,yfinance,2y,2026-10-05,scan_20261006_171949,False,False
True,0,7.9000002543131504,3.8166681925455728,True,False,買入 (動能增強),114.0,2026-10-05 00:00:00,99.69000091552735,0.9500000000000028,False,True,0.6529110865135992,False,0.0022932070812197937,216.66426714022268,0.002088238633165199,0.0018715471522401084,1.043983757263045,2.7498582804557747,11.404741994909529,1.043983757263045,True,True,True,True,True,True,1.0,False,0.0,強勢 (RS強勁),2426.TW,鼎元,2,v1,phase6a,2026-07-12,3,5,4,5,2,5,v1,121,0.8029556650246306,121,0.8029556650246306,10,0.9852216748768473,^TWII,yfinance,2y,2026-10-05,scan_20261006_171949,False,False
True,0,0.08333365122477214,0.11666695276896158,True,False,觀望 (動能減弱),12.75,2026-10-05 00:00:00,12.582499980926514,0.017500019073485973,False,True,0.6576773654071101,False,0.00025647710776800325,20.43048094031747,0.0002673646715560283,0.0002868348208901119,-0.4268206869265101,-1.144543233177986,-5.799782697787692,-0.4268206869265101,False,False,False,False,False,False,0.0,False,-0.19303798442504994,中性,6645.TW,金萬林-創,1,v1,phase6a,2026-07-12,0,1,3,1,1,1,v1,377,0.3825944170771757,377,0.3825944170771757,377,0.3825944170771757,^TWII,yfinance,2y,2026-10-05,scan_20261006_171949,True,False
True,0,-0.166666030883789,-0.3416665395100911,True,False,觀察 (跌勢收斂),38.04999923706055,2026-10-05 00:00:00,38.44500026702881,-0.014999961853028765,False,False,1.142218492971584,False,0.0007654081376389035,29.764500430954797,0.0008098683407812014,0.0008627020548986462,-0.5745541456817715,-1.6911588420254753,-4.512281931279071,-0.5745541456817715,False,False,False,False,False,False,0.0,False,-0.07195123812047444,中性,2543.TW,皇昌,2,v1,phase6a,2026-07-12,0,2,2,2,2,2,v1,131,0.7865353037766831,131,0.7865353037766831,135,0.7799671592775042,^TWII,yfinance,2y,2026-10-05,scan_20261006_171949,True,False
True,0,0.75,-2.5833333333333335,True,False,買入 (動能增強),169.5,2026-10-05 00:00:00,165.6,0.25,False,True,1.2749296835323698,False,0.0034096368444452197,87.61830271772112,0.003453593224361039,0.0034043820670463672,-0.1337967820521646,-0.9613112208298968,1.3079225477711232,-0.1337967820521646,False,True,True,False,False,False,0.5116038561294907,False,-0.055710306406685284,中性,2421.TW,建準,2,v1,phase6a,2026-07-12,0,2,4,2,2,2,v1,118,0.8078817733990148,118,0.8078817733990148,123,0.7996715927750411,^TWII,yfinance,2y,2026-10-05,scan_20261006_171949,False,False
True,0,-1.5833333333333335,-6.249999999999999,True,False,觀察 (跌勢收斂),235.0,2026-10-05 00:00:00,235.25,0.19999999999998863,False,False,0.7855968310653242,False,0.004727225123567119,108.33338448940552,0.004890526299525124,0.004843950489289628,-0.35025657210091543,-0.21168617381186472,3.027868648445131,-0.35025657210091543,False,False,True,False,False,False,0.5414092822174658,False,-0.04858299595141702,中性,4576.TW,大銀微系統,1,v1,phase6a,2026-07-12,0,1,2,1,1,1,v1,348,0.4302134646962233,348,0.4302134646962233,348,0.4302134646962233,^TWII,yfinance,2y,2026-10-05,scan_20261006_171949,False,False
True,0,0.1916669209798177,0.22500038146972656,True,False,觀望 (動能減弱),36.650001525878906,2026-10-05 00:00:00,36.95749988555908,-0.012500000000002842,False,False,0.5456057066239739,False,0.0007372459914549277,42.59836311875169,0.0007756611045326957,0.0007744270866317324,-0.5186188555076576,-1.460574840187756,-0.818141745502643,-0.5186188555076576,False,False,True,False,False,False,0.04671662663204434,False,-0.04432847499040604,中性,2520.TW,冠德,0,v1,phase6a,2026-07-12,0,0,0,0,0,0,v1,472,0.22660098522167488,472,0.22660098522167488,472,0.22660098522167488,^TWII,yfinance,2y,2026-10-05,scan_20261006_171949,False,False
True,1,0.02777481079101563,0.009256998697916671,True,False,買入 (動能增強),45.44443893432617,2026-10-05 00:00:00,45.38333148956299,0.016666412353515625,False,True,0.0,False,0.0009141535891776955,39.58249115646199,0.0009571757040100958,0.0009867391842712312,-0.4708977013059168,-1.3592269946984814,-3.7730630869501125,-0.4708977013059168,False,False,False,False,False,False,0.0,False,-0.015643867776030218,中性,4527.TWO,方土霖,2,v1,phase6a,2026-07-12,0,2,4,2,2,2,v1,177,0.7110016420361248,177,0.7110016420361248,180,0.7060755336617406,^TWII,yfinance,2y,2026-10-05,scan_20261006_171949,False,False
True,0,0.5666664441426594,0.41666650772094727,True,False,買入 (動能增強),16.25,2026-10-05 00:00:00,15.752499914169311,-0.025000000000000355,True,True,0.9001064577660912,False,0.00032688258833176885,30.505586245513005,0.0003421725362175057,0.00038453112696604415,-0.46816534252067665,-1.821094144485924,-16.20878537646253,-0.46816534252067665,False,False,False,False,False,False,0.031944516214916306,False,-0.3693235133612204,中性,6241.TWO,鑫永洋,2,v1,phase6a,2026-07-12,0,2,3,2,2,2,v1,209,0.6584564860426929,209,0.6584564860426929,212,0.6535303776683087,^TWII,yfinance,2y,2026-10-05,scan_20261006_171949,False,False
True,0,-0.35000022252400714,-0.3166669209798177,True,False,賣出 (動能轉弱),11.949999809265137,2026-10-05 00:00:00,12.175000047683715,-0.020000028610230203,False,False,1.0179354572368142,False,0.0002403844226594912,21.963733635719894,0.0002556170924000614,0.00026694535856770156,-0.6233712806014369,-2.319677750541982,-5.183853767232105,-0.6233712806014369,False,False,False,False,False,False,0.0,False,-0.051587345438538046,中性,8107.TWO,大億金茂,0,v1,phase6a,2026-07-12,0,0,0,0,0,0,v1,593,0.027914614121510674,593,0.027914614121510674,593,0.027914614121510674,^TWII,yfinance,2y,2026-10-05,scan_20261006_171949,False,False
True,0,-0.133332888285319,-6.938893903907228e-18,True,False,賣出 (動能轉弱),27.200000762939453,2026-10-05 00:00:00,28.16749973297119,-0.03249998092651296,False,False,0.7096560533661352,False,0.0005471511785855838,28.83315220618984,0.0005916023402092722,0.0006157872802895599,-0.7847082882804446,-1.8091771620552977,-2.698152112666319,-0.7847082882804446,False,False,False,False,False,False,0.0,False,-0.07083784156756368,中性,2235.TWO,謚源,0,v1,phase6a,2026-07-12,0,0,0,0,0,0,v1,462,0.24302134646962234,462,0.24302134646962234,462,0.24302134646962234,^TWII,yfinance,2y,2026-10-05,scan_20261006_171949,False,False
True,0,-2.916666666666666,-2.5,True,False,賣出 (動能轉弱),291.0,2026-10-05 00:00:00,295.325,0.14999999999997726,False,False,0.83280540208717,False,0.0058537128125873686,31.922298737981727,0.00622665184352671,0.0065904467381409275,-0.6265131317342632,-2.0587895598088934,-5.097994127115657,-0.6265131317342632,False,False,False,False,False,False,0.0,False,-0.10185185185185186,中性,4585.TW,達明,0,v1,phase6a,2026-07-12,0,0,1,0,0,0,v1,532,0.12807881773399016,532,0.12807881773399016,532,0.12807881773399016,^TWII,yfinance,2y,2026-10-05,scan_20261006_171949,False,False
True,2,-0.07499980926513672,-0.03333314259847005,True,False,賣出 (動能轉弱),29.850000381469727,2026-10-05 00:00:00,29.89250020980835,0.0025000572204589844,False,False,1.4698869763451679,False,0.0006004581776245607,17.27001472850531,0.0006321925806603042,0.0006647213446081137,-0.5256160176499991,-1.792726801365252,-5.765946647018749,-0.5256160176499991,False,False,False,False,False,False,0.0,False,-0.05388269086212527,中性,7705.TW,三商餐飲,0,v1,phase6a,2026-07-12,0,0,1,0,0,0,v1,583,0.04433497536945813,583,0.04433497536945813,583,0.04433497536945813,^TWII,yfinance,2y,2026-10-05,scan_20261006_171949,False,False
False,0,0.03333409627278644,-0.25,False,True,強烈買入 (爆發),77.0,2026-10-05 00:00:00,80.84999961853028,-0.20000000000000284,False,False,1.7615551363589417,True,0.0015489205724028433,41.98253854573131,0.0016984446239728447,0.0017588869978889443,-0.9181846213398903,-1.891135004864708,-4.195937618756584,-0.9181846213398903,False,False,False,False,False,False,0.11896667840950896,False,-0.1415830254216197,中性,3444.TWO,利機,3,v1,phase6a,2026-07-12,0,3,3,3,3,3,v1,50,0.9195402298850575,50,0.9195402298850575,58,0.9064039408866995,^TWII,yfinance,2y,2026-10-05,scan_20261006_171949,False,False
True,0,-0.5083332061767578,-0.53333314259847,True,False,觀察 (跌勢收斂),14.0,2026-10-05 00:00:00,14.447500085830688,-0.040000009536743875,True,False,0.15174506828528073,False,0.0002816219222550624,24.509411469561154,0.00030178213975197784,0.00032014596885572517,-0.6982883696130537,-2.773869580871724,-4.411434371850687,-0.6982883696130537,False,False,False,False,False,False,0.0,False,-0.12615441760350676,中性,5546.TW,永固-KY,1,v1,phase6a,2026-07-12,0,1,1,1,1,1,v1,361,0.4088669950738916,361,0.4088669950738916,361,0.4088669950738916,^TWII,yfinance,2y,2026-10-05,scan_20261006_171949,False,False
True,0,-0.15833330154418943,-0.14166657129923502,True,False,賣出 (動能轉弱),12.699999809265137,2026-10-05 00:00:00,12.827499914169312,-0.0025000095367424535,True,False,0.058126573468400125,False,0.0002554713113517267,21.68169313626964,0.0002693316740156046,0.000288852069925371,-0.538787248401118,-1.5425646927643477,-2.8496265840398216,-0.538787248401118,False,False,False,False,False,False,0.0,False,-0.17532466728222007,中性,6246.TWO,臺龍,0,v1,phase6a,2026-07-12,0,0,0,0,0,0,v1,562,0.07881773399014778,562,0.07881773399014778,562,0.07881773399014778,^TWII,yfinance,2y,2026-10-05,scan_20261006_171949,False,False
True,0,0.16531499226888022,0.1984984079996745,True,False,觀望 (動能減弱),10.899999618530273,2026-10-05 00:00:00,10.92763524055481,0.004909896850586293,False,False,1.075903509022959,False,0.00021926277465356733,19.24018473840035,0.00023136091877719257,0.00024414539240804836,-0.547420679545918,-1.4189814066796758,-4.688118487858728,-0.547420679545918,False,False,False,False,False,False,0.0,False,-0.09016393638371334,中性,4109.TWO,加捷生醫,0,v1,phase6a,2026-07-12,0,0,1,0,0,0,v1,515,0.15599343185550082,515,0.15599343185550082,515,0.15599343185550082,^TWII,yfinance,2y,2026-10-05,scan_20261006_171949,False,False
True,0,-20.0,-40.0,True,False,觀察 (跌勢收斂),1295.0,2026-10-05 00:00:00,1308.0,-2.5,True,False,0.8784263072064554,False,0.026050027808593272,232.9766423896818,0.02780501708491668,0.030000868042288048,-0.6600119501912527,-2.721828282251104,-11.92812203719723,-0.6600119501912527,False,False,False,False,False,False,0.0,False,-0.17012771423951623,中性,5289.TWO,宜鼎,2,v1,phase6a,2026-07-12,0,2,2,2,2,2,v1,186,0.6962233169129721,186,0.6962233169129721,189,0.6912972085385879,^TWII,yfinance,2y,2026-10-05,scan_20261006_171949,True,False
True,0,-0.7000007629394531,-0.6666673024495442,True,False,賣出 (動能轉弱),63.79999923706055,2026-10-05 00:00:00,64.34999866485596,-0.030000114440909442,True,False,0.9285489128363937,False,0.0012833913160723218,37.33711048394084,0.0013544656099230288,0.001400977443132581,-0.549324165086762,-1.8095765785835716,-4.239572537437697,-0.549324165086762,False,False,False,False,False,False,0.0,False,-0.04060151523217226,中性,2015.TW,豐興,0,v1,phase6a,2026-07-12,0,0,0,0,0,0,v1,458,0.24958949096880131,458,0.24958949096880131,458,0.24958949096880131,^TWII,yfinance,2y,2026-10-05,scan_20261006_171949,False,False
True,0,1.75,1.25,True,False,買入 (動能增強),181.0,2026-10-05 00:00:00,180.025,-0.19999999999998863,False,True,0.5415734321761276,False,0.003640969137726164,43.49918778632313,0.0038253875209424723,0.004036261965085692,-0.5049017238969,-1.3755634448857634,-7.064970325377839,-0.5049017238969,False,False,False,False,False,False,0.0,False,-0.09551685933865006,中性,6146.TWO,耕興,2,v1,phase6a,2026-07-12,0,2,3,2,2,2,v1,196,0.6798029556650246,196,0.6798029556650246,199,0.6748768472906403,^TWII,yfinance,2y,2026-10-05,scan_20261006_171949,False,False
True,0,-0.003333012262980148,-0.051666259765625,True,False,觀察 (跌勢收斂),8.119999885559082,2026-10-05 00:00:00,8.101500058174134,-0.008500003814697621,False,True,1.2099113233266912,False,0.00016334071260585967,36.52326241789432,0.00017132671869950352,0.0001801560157660622,-0.4882645959829568,-1.507960278831899,-6.1136821145627795,-0.4882645959829568,False,False,False,False,False,False,0.0,False,-0.058848360994593896,中性,1417.TW,嘉裕,1,v1,phase6a,2026-07-12,0,1,2,1,1,1,v1,271,0.5566502463054187,271,0.5566502463054187,272,0.555008210180624,^TWII,yfinance,2y,2026-10-05,scan_20261006_171949,False,False
True,0,0.7916673024495441,0.7333335876464844,True,False,買入 (動能增強),38.20000076293945,2026-10-05 00:00:00,37.88749961853027,0.06000003814696697,False,True,1.1721026388602775,False,0.0007684255460717042,37.28908795769753,0.0008009391768723157,0.0008190155089994279,-0.42549111978974485,-0.5417640138200785,-2.189446645234705,-0.42549111978974485,False,False,False,False,False,False,0.0,False,-0.04738149085985177,中性,1609.TW,大亞,4,v1,phase6a,2026-07-12,0,4,6,4,4,4,v1,7,0.9901477832512315,7,0.9901477832512315,15,0.9770114942528736,^TWII,yfinance,2y,2026-10-05,scan_20261006_171949,False,True
True,0,167.5,97.5,True,False,買入 (動能增強),3585.0,2026-10-05 00:00:00,3395.0,14.25,False,True,1.5118546112232187,True,0.07211532794888562,271.90330685085075,0.07116702486093383,0.06657598402868158,0.14046053986442875,0.5395847328754533,5.352297097119307,0.14046053986442875,True,True,True,False,False,True,0.8453620326340091,False,0.0,偏強 (RS上升),3017.TW,奇鋐,2,v1,phase6a,2026-07-12,2,4,4,4,2,4,v1,138,0.7750410509031199,138,0.7750410509031199,42,0.9326765188834154,^TWII,yfinance,2y,2026-10-05,scan_20261006_171949,False,False
True,0,0.11166683832804362,0.09166685740152995,True,False,買入 (動能增強),10.25,2026-10-05 00:00:00,10.219000005722046,-0.0025000095367424535,True,True,1.5496635639997964,True,0.00020618747879388497,30.490015711450326,0.00021700285834025471,0.0002336897749229056,-0.5218915005642755,-1.7355040052559612,-6.788203228340373,-0.5218915005642755,False,False,False,False,False,False,0.0,False,-0.14225940053547814,中性,6167.TWO,久正,2,v1,phase6a,2026-07-12,0,2,3,2,2,2,v1,200,0.6732348111658456,200,0.6732348111658456,203,0.6683087027914614,^TWII,yfinance,2y,2026-10-05,scan_20261006_171949,False,False
True,1,-0.04166682561238607,-0.03333346048990885,True,False,賣出 (動能轉弱),4.75,2026-10-05 00:00:00,4.834000039100647,-0.007999992370606002,True,False,0.7171274945969992,False,9.555029505082475e-05,16.068417471578666,0.0001019973509574855,0.00010782899597059742,-0.6609505048776776,-2.1847289981271834,-6.283909081509753,-0.6609505048776776,False,False,False,False,False,False,0.0,False,-0.0865384280328908,中性,5907.TW,大洋-KY,0,v1,phase6a,2026-07-12,0,0,0,0,0,0,v1,553,0.09359605911330049,553,0.09359605911330049,553,0.09359605911330049,^TWII,yfinance,2y,2026-10-05,scan_20261006_171949,False,False
True,0,2.25,-0.5833333333333333,True,False,買入 (動能增強),126.5,2026-10-05 00:00:00,121.4,0.6000000000000085,False,True,1.723605670957571,True,0.0025446552260903854,119.1117407411988,0.0025768565804368095,0.0027775777856203334,-0.13136793889468867,-0.74614273848852,-6.09581073685429,-0.13136793889468867,False,False,False,False,False,False,0.05682240757343756,False,-0.2729885057471264,中性,2478.TW,大毅,2,v1,phase6a,2026-07-12,0,2,4,2,2,2,v1,126,0.7947454844006568,126,0.7947454844006568,130,0.7881773399014779,^TWII,yfinance,2y,2026-10-05,scan_20261006_171949,False,False
True,0,-1.9833335876464844,-2.5666669209798174,True,False,觀察 (跌勢收斂),78.80000305175781,2026-10-05 00:00:00,81.64500007629394,-0.2849998474121094,True,False,0.6391536863890236,False,0.0015851291666529157,70.56174682461831,0.0017631203400457324,0.002043608341219665,-1.0514828542880883,-4.54547696107187,-20.055275216819947,-1.0514828542880883,False,False,False,False,False,False,0.0,False,-0.305726845358962,中性,6919.TW,康霈*,1,v1,phase6a,2026-07-12,0,1,1,1,1,1,v1,388,0.3645320197044335,388,0.3645320197044335,388,0.3645320197044335,^TWII,yfinance,2y,2026-10-05,scan_20261006_171949,False,False
True,0,2.25,1.25,True,False,買入 (動能增強),166.5,2026-10-05 00:00:00,165.725,0.19999999999998863,False,True,1.1105396478505223,False,0.003349289289676278,48.07850436394764,0.0035000511010120855,0.003593575988009362,-0.45136581311718826,-1.0233917445347518,-3.401835317690516,-0.45136581311718826,False,False,False,False,False,False,0.0,False,-0.02631578947368418,中性,1513.TW,中興電,2,v1,phase6a,2026-07-12,0,2,4,2,2,2,v1,97,0.8423645320197044,97,0.8423645320197044,102,0.8341543513957307,^TWII,yfinance,2y,2026-10-05,scan_20261006_171949,False,False
True,1,0.17499923706054688,0.09166622161865234,True,False,買入 (動能增強),18.0,2026-10-05 00:00:00,17.745000076293945,0.0,False,True,1.222738228205279,False,0.00036208532861365164,41.10132047993278,0.0003761804004709299,0.00039361641386379285,-0.39286016460530204,-1.1112049401248547,-5.650645789313291,-0.39286016460530204,False,False,False,False,False,False,0.0,False,-0.0348525271756277,中性,9928.TW,中視,2,v1,phase6a,2026-07-12,0,2,3,2,2,2,v1,257,0.5796387520525451,257,0.5796387520525451,257,0.5796387520525451,^TWII,yfinance,2y,2026-10-05,scan_20261006_171949,False,False
False,0,-0.24166742960611978,-0.2000004450480143,False,True,強烈賣出 (跌破),29.049999237060547,2026-10-05 00:00:00,29.539999961853027,-0.027500057220457563,False,False,2.405146263457017,True,0.0005843654733320776,44.591464226605325,0.0006227748458520652,0.0006441221807963047,-0.6450185294742283,-1.8398226172395504,-5.069807569714868,-0.6450185294742283,False,False,False,False,False,False,0.0,False,-0.07040002441406246,中性,4114.TWO,健喬,0,v1,phase6a,2026-07-12,0,0,0,0,0,0,v1,517,0.15270935960591134,517,0.15270935960591134,517,0.15270935960591134,^TWII,yfinance,2y,2026-10-05,scan_20261006_171949,False,False
True,0,1.2416667938232422,0.7499993642171223,True,False,買入 (動能增強),51.20000076293945,2026-10-05 00:00:00,50.98000011444092,-0.02499999999999858,True,True,0.8387736789321543,False,0.0010299316167371193,168.82371295381913,0.0010672942321974833,0.0009899934463701448,-0.36714033346026964,-0.03373110267732571,2.3768812286626417,-0.36714033346026964,False,True,True,False,False,False,0.5733729931157028,False,-0.13073006050019031,中性,6141.TW,柏承,2,v1,phase6a,2026-07-12,0,2,3,2,2,2,v1,195,0.6814449917898193,195,0.6814449917898193,198,0.6765188834154351,^TWII,yfinance,2y,2026-10-05,scan_20261006_171949,False,False
True,0,-0.35833295186360675,-0.599999745686849,True,False,觀察 (跌勢收斂),37.650001525878906,2026-10-05 00:00:00,38.0225004196167,-0.0724998474121108,False,False,1.2338308457711442,False,0.000757361843044575,38.70641127922048,0.0008039852222947143,0.0008525253881701112,-0.606721093721474,-1.9751202799701995,-7.301130132222999,-0.606721093721474,False,False,False,False,False,False,0.0,False,-0.10463728397178484,中性,5215.TW,科嘉-KY,1,v1,phase6a,2026-07-12,0,1,1,1,1,1,v1,353,0.4220032840722496,353,0.4220032840722496,353,0.4220032840722496,^TWII,yfinance,2y,2026-10-05,scan_20261006_171949,False,False
True,1,0.1916662851969401,0.14166641235351562,True,False,買入 (動能增強),24.399999618530273,2026-10-05 00:00:00,24.099999809265135,0.009999942779540305,False,True,0.18864142580697132,False,0.000490826771113806,48.59162464012654,0.0005091281364658821,0.0005329014401743256,-0.3769576726070478,-0.9916033681420577,-3.632217177791852,-0.3769576726070478,False,False,False,False,False,False,0.0,False,-0.17288136886338057,中性,9949.TWO,琉園,3,v1,phase6a,2026-07-12,0,3,5,3,3,3,v1,81,0.8686371100164204,81,0.8686371100164204,83,0.8653530377668309,^TWII,yfinance,2y,2026-10-05,scan_20261006_171949,True,False
True,0,-0.025000254313151053,-0.058333714803059905,True,False,觀察 (跌勢收斂),20.100000381469727,2026-10-05 00:00:00,20.295000267028808,-0.022499942779543147,False,False,0.9036653524844944,False,0.0004043286246254994,47.61147207370509,0.0004287423729722413,0.0004468220555015529,-0.5958254835895072,-1.655338384383398,-5.348332648313492,-0.5958254835895072,False,False,False,False,False,False,0.0,False,-0.11061946715938153,中性,2610.TW,華航,1,v1,phase6a,2026-07-12,0,1,1,1,1,1,v1,309,0.4942528735632184,309,0.4942528735632184,309,0.4942528735632184,^TWII,yfinance,2y,2026-10-05,scan_20261006_171949,False,False
True,0,-0.3916667302449544,-0.3166666030883789,True,False,賣出 (動能轉弱),16.75,2026-10-05 00:00:00,17.200000095367432,-0.027499961853028054,True,False,0.4885247570098214,False,0.0003369405141265925,28.679725846006477,0.00036165830501035156,0.0003831537437284594,-0.714289643404109,-2.52966376059216,-5.601645473184469,-0.714289643404109,False,False,False,False,False,False,0.0,False,-0.10187665723287587,中性,4558.TWO,寶緯,1,v1,phase6a,2026-07-12,0,1,1,1,1,1,v1,347,0.4318555008210181,347,0.4318555008210181,347,0.4318555008210181,^TWII,yfinance,2y,2026-10-05,scan_20261006_171949,True,False
False,0,2.3833338419596353,0.21666717529296897,False,True,強烈買入 (爆發),92.5,2026-10-05 00:00:00,87.17000045776368,0.2750000000000057,False,True,0.7286875280411456,False,0.0018607162720423766,203.09146815414675,0.001832163804402305,0.0018865823754207487,0.16431180067304485,1.2425659501519526,2.863277948149112,0.16431180067304485,True,False,False,False,False,True,0.836036097217622,False,0.0,偏強 (RS上升),4577.TWO,達航科技,3,v1,phase6a,2026-07-12,1,4,5,4,3,4,v1,55,0.9113300492610837,55,0.9113300492610837,39,0.9376026272577996,^TWII,yfinance,2y,2026-10-05,scan_20261006_171949,False,False
True,0,24.166666666666664,-42.49999999999999,True,False,買入 (動能增強),2530.0,2026-10-05 00:00:00,2435.0,8.25,False,True,1.198361939262223,False,0.0508931045218077,63.34567168564185,0.05146222526665676,0.05591851006319303,-0.11627516888588207,-0.7219432829643657,-4.760643545492194,-0.11627516888588207,False,False,False,False,False,False,0.07945320091626605,False,-0.22040402993267927,中性,3131.TWO,弘塑,2,v1,phase6a,2026-07-12,0,2,4,2,2,2,v1,144,0.7651888341543513,144,0.7651888341543513,147,0.7602627257799671,^TWII,yfinance,2y,2026-10-05,scan_20261006_171949,False,False
True,1,0.13333511352539057,-0.2999992370605468,True,False,買入 (動能增強),97.80000305175781,2026-10-05 00:00:00,97.58999977111816,0.0,False,True,1.3550856623903376,False,0.0019673303468562145,72.27531443939863,0.0020615407148251315,0.0021863482955663217,-0.47873926357901997,-1.5693812977260246,-5.124885183835682,-0.47873926357901997,False,False,False,False,False,False,0.0,False,-0.1300406128569217,中性,6215.TW,和椿,2,v1,phase6a,2026-07-12,0,2,3,2,2,2,v1,205,0.6650246305418719,205,0.6650246305418719,208,0.6600985221674877,^TWII,yfinance,2y,2026-10-05,scan_20261006_171949,False,False
True,0,0.0,0.0,True,False,賣出 (動能轉弱),113.5,2026-10-05 00:00:00,115.075,-0.14999999999999147,True,False,1.236329787938009,False,0.00228314915542497,38.332830330251845,0.0024373587600884142,0.0025661568370781603,-0.6615849034608989,-1.9441883469187071,-6.897299587336558,-0.6615849034608989,False,False,False,False,False,False,0.0,False,-0.06198347107438018,中性,1537.TW,廣隆,0,v1,phase6a,2026-07-12,0,0,0,0,0,0,v1,443,0.2742200328407225,443,0.2742200328407225,443,0.2742200328407225,^TWII,yfinance,2y,2026-10-05,scan_20261006_171949,False,False
True,0,0.3166666030883789,0.3833335240681966,True,False,觀望 (動能減弱),17.5,2026-10-05 00:00:00,17.442500019073485,0.00749998092651083,False,True,0.2533088387912492,False,0.00035202740281882797,37.483142254602754,0.0003692464952087874,0.00038522400248374307,-0.48847646557562685,-1.4777861937146586,-4.361299024361998,-0.48847646557562685,False,False,False,False,False,False,0.0,False,-0.033149191647752096,中性,1463.TW,強盛新,0,v1,phase6a,2026-07-12,0,0,2,0,0,0,v1,439,0.28078817733990147,439,0.28078817733990147,439,0.28078817733990147,^TWII,yfinance,2y,2026-10-05,scan_20261006_171949,False,False
True,0,0.20000012715657547,6.357828775671592e-07,True,False,買入 (動能增強),53.0,2026-10-05 00:00:00,53.52000007629395,-0.06000003814697408,False,False,0.8282565835039071,False,0.0010661401342513077,13.01894811014982,0.0011261990811938024,0.0011572190312715944,-0.5582231140026206,-1.6111896726953456,-3.3423181986918737,-0.5582231140026206,False,False,False,False,False,False,0.0,False,-0.0535714285714286,中性,5508.TWO,永信建,2,v1,phase6a,2026-07-12,0,2,2,2,2,2,v1,190,0.6896551724137931,190,0.6896551724137931,193,0.6847290640394089,^TWII,yfinance,2y,2026-10-05,scan_20261006_171949,False,False
True,0,0.0,-0.08333333333333333,True,False,觀察 (跌勢收斂),106.5,2026-10-05 00:00:00,106.225,0.024999999999991473,False,True,1.1511768973967706,False,0.002142338194297439,41.30324770145926,0.0022364908556189006,0.0022985961894113425,-0.4411858583536432,-1.4401998671341842,-3.0176303968862728,-0.4411858583536432,False,False,False,False,False,False,0.0,False,-0.018433179723502335,中性,9917.TW,中保科,1,v1,phase6a,2026-07-12,0,1,3,1,1,1,v1,422,0.30870279146141216,422,0.30870279146141216,422,0.30870279146141216,^TWII,yfinance,2y,2026-10-05,scan_20261006_171949,False,False
True,0,0.0,-0.056666692097981766,True,False,觀察 (跌勢收斂),9.869999885559082,2026-10-05 00:00:00,9.817500066757201,-0.005000019073486683,True,True,1.1878868651582848,False,0.00019854345288774247,41.25474373894033,0.00020724204274753254,0.00021086827407803906,-0.4398785676423045,-1.1420588610510762,-4.362995033350458,-0.4398785676423045,False,False,False,False,False,False,0.012893157205040235,False,-0.03707318189667497,中性,1455.TW,集盛,1,v1,phase6a,2026-07-12,0,1,2,1,1,1,v1,277,0.5467980295566502,277,0.5467980295566502,278,0.5451559934318555,^TWII,yfinance,2y,2026-10-05,scan_20261006_171949,False,False
False,0,38.5,32.83333333333333,False,True,強烈買入 (爆發),606.0,2026-10-05 00:00:00,541.75,4.0499999999999545,False,True,0.28515612545945695,False,0.012190206063326272,185.87012484094362,0.011299388912396431,0.009994810820328418,0.8368143610933743,2.4398474794079528,18.60467614525987,0.8368143610933743,True,True,True,True,True,True,1.0,False,0.0,強勢 (RS強勁),2455.TW,全新,3,v1,phase6a,2026-07-12,3,6,5,6,3,6,v1,41,0.9343185550082101,41,0.9343185550082101,1,1.0,^TWII,yfinance,2y,2026-10-05,scan_20261006_171949,False,False
True,2,-0.024999618530273438,-0.016666412353515625,True,False,賣出 (動能轉弱),28.149999618530273,2026-10-05 00:00:00,28.254999828338622,-0.0025000572204589844,False,False,1.51114522514794,True,0.0005662612145749835,39.79886927797857,0.0005959857144999353,0.0006210614184634068,-0.5222531183089574,-1.5510426762800678,-4.202544484221304,-0.5222531183089574,False,False,False,False,False,False,0.0,False,-0.029310357981714663,中性,2450.TW,神腦,0,v1,phase6a,2026-07-12,0,0,0,0,0,0,v1,467,0.2348111658456486,467,0.2348111658456486,467,0.2348111658456486,^TWII,yfinance,2y,2026-10-05,scan_20261006_171949,False,False
True,1,1.2416667938232422,0.8166669209798176,True,False,買入 (動能增強),43.0,2026-10-05 00:00:00,41.40750026702881,0.042499923706053266,False,True,1.280351168884964,False,0.0008649816183548345,57.418997440240844,0.000869440254118127,0.0008222210678018613,-0.053951593231271744,-0.08111429759168898,2.0912834808208824,-0.053951593231271744,False,True,True,False,False,False,0.7660848201517658,False,0.0,中性,4139.TWO,馬光-KY,2,v1,phase6a,2026-07-12,0,2,4,2,2,2,v1,172,0.7192118226600985,172,0.7192118226600985,175,0.7142857142857143,^TWII,yfinance,2y,2026-10-05,scan_20261006_171949,False,False
True,0,-0.10000006357828777,-0.10833326975504556,True,False,觀察 (跌勢收斂),10.199999809265137,2026-10-05 00:00:00,10.329999971389771,-0.007500028610229137,True,False,0.8354755561556665,False,0.0002051816823776084,38.61718698890729,0.00021760552729792183,0.00022682365289406324,-0.597393190287554,-1.8014299089659347,-4.76903174951806,-0.597393190287554,False,False,False,False,False,False,0.0,False,-0.047690045290366356,中性,2701.TW,萬企,1,v1,phase6a,2026-07-12,0,1,1,1,1,1,v1,313,0.4876847290640394,313,0.4876847290640394,313,0.4876847290640394,^TWII,yfinance,2y,2026-10-05,scan_20261006_171949,False,False
True,1,1.9166666666666667,0.25,True,False,買入 (動能增強),256.0,2026-10-05 00:00:00,254.5,0.17500000000001137,False,True,1.8615040953090096,True,0.005149658006949712,105.92697996051903,0.005401183711165438,0.0057527671771987615,-0.4878048629493703,-1.4161886123401746,-6.87092213901439,-0.4878048629493703,False,False,False,False,False,False,0.0,False,-0.152317880794702,中性,8499.TW,鼎炫-KY,2,v1,phase6a,2026-07-12,0,2,4,2,2,2,v1,250,0.5911330049261084,250,0.5911330049261084,250,0.5911330049261084,^TWII,yfinance,2y,2026-10-05,scan_20261006_171949,False,False
False,0,1.1833343505859375,-0.5833320617675779,False,True,強烈買入 (爆發),80.19999694824219,2026-10-05 00:00:00,76.95500030517579,0.22999992370606037,False,True,3.2972761472280276,True,0.0016132912361010074,41.97243431589731,0.0016306518965262383,0.001751924869528414,-0.1119424853298967,-0.26827736474803743,-5.084323543848546,-0.1119424853298967,False,False,False,False,False,False,0.10246797707673967,False,-0.19396987991716397,中性,6284.TWO,佳邦,3,v1,phase6a,2026-07-12,0,3,5,3,3,3,v1,67,0.8916256157635468,67,0.8916256157635468,71,0.8850574712643678,^TWII,yfinance,2y,2026-10-05,scan_20261006_171949,False,False
True,0,0.9999999999999998,-1.9166666666666663,True,False,買入 (動能增強),126.0,2026-10-05 00:00:00,120.875,0.4000000000000057,False,True,1.3160772740120985,False,0.0025345973002955614,89.48401361914173,0.002570035883936021,0.0028044771197040783,-0.14493846164680413,-0.9369502027923859,-8.004145885367542,-0.14493846164680413,False,False,False,False,False,False,0.05268412399627835,False,-0.32500636367247904,中性,2375.TW,凱美,2,v1,phase6a,2026-07-12,0,2,4,2,2,2,v1,116,0.8111658456486043,116,0.8111658456486043,121,0.8029556650246306,^TWII,yfinance,2y,2026-10-05,scan_20261006_171949,False,False
False,0,6.5,2.0833333333333335,False,True,強烈買入 (爆發),218.0,2026-10-05 00:00:00,207.075,0.75,False,True,2.04155966298232,True,0.004385255646543114,81.78867377687193,0.004413065607287697,0.004737404661854032,-0.06629005770039109,-0.7907275773937461,-6.7490718261323135,-0.06629005770039109,False,False,False,False,False,True,0.06850529843300311,False,-0.20727272727272728,中性,3357.TWO,臺慶科,3,v1,phase6a,2026-07-12,0,3,5,3,3,3,v1,49,0.9211822660098522,49,0.9211822660098522,57,0.9080459770114943,^TWII,yfinance,2y,2026-10-05,scan_20261006_171949,False,False
True,0,-0.5666666030883789,-0.65833314259847,True,False,觀察 (跌勢收斂),23.25,2026-10-05 00:00:00,23.345000076293946,-0.010000038146973367,True,False,0.20984156961494072,False,0.00046769354945930004,26.488066191777442,0.0004921967608701981,0.000527700299805522,-0.5213036142424743,-1.8280950903486692,-6.04156644269731,-0.5213036142424743,False,False,False,False,False,False,0.0,False,-0.06999999999999995,中性,6692.TWO,進能服,1,v1,phase6a,2026-07-12,0,1,1,1,1,1,v1,381,0.3760262725779967,381,0.3760262725779967,381,0.3760262725779967,^TWII,yfinance,2y,2026-10-05,scan_20261006_171949,False,False
True,1,-0.049999237060546875,-0.0666656494140625,True,False,觀察 (跌勢收斂),92.5,2026-10-05 00:00:00,93.025,-0.040000152587879256,False,False,2.257968444237296,True,0.0018607162720423766,40.30867957436675,0.00196087545158303,0.0020407756136738083,-0.5347962092769443,-1.580746991717319,-4.119237338519999,-0.5347962092769443,False,False,False,False,False,False,0.0,False,-0.03343779571876948,中性,5403.TWO,中菲,1,v1,phase6a,2026-07-12,0,1,1,1,1,1,v1,358,0.41379310344827586,358,0.41379310344827586,358,0.41379310344827586,^TWII,yfinance,2y,2026-10-05,scan_20261006_171949,False,False
True,1,0.2749996185302734,0.43333307902018225,True,False,觀望 (動能減弱),35.150001525878906,2026-10-05 00:00:00,35.347500228881835,-0.0024999618530259227,False,False,0.7221050144325277,False,0.0007070722140704567,38.41339791068597,0.0007438380423317997,0.0007529264941905402,-0.5175933004638367,-1.052186616082429,-1.3476095388792464,-0.5175933004638367,False,False,False,False,False,False,0.12809460462723157,False,-0.02225310765181565,中性,1102.TW,亞泥,0,v1,phase6a,2026-07-12,0,0,0,0,0,0,v1,429,0.29720853858784896,429,0.29720853858784896,429,0.29720853858784896,^TWII,yfinance,2y,2026-10-05,scan_20261006_171949,False,False
True,0,0.23333311080932617,0.2499998410542806,True,False,觀望 (動能減弱),14.199999809265137,2026-10-05 00:00:00,14.074999952316285,0.0049999713897701525,False,True,1.018695092334523,False,0.00028564508873619765,43.63762650496833,0.000297349672104706,0.00030384484730176244,-0.41263790410750456,-1.0327081831012497,-2.831595206822679,-0.41263790410750456,False,False,False,False,False,False,0.0,False,0.0,中性,6154.TWO,順發,0,v1,phase6a,2026-07-12,0,0,2,0,0,0,v1,555,0.090311986863711,555,0.090311986863711,555,0.090311986863711,^TWII,yfinance,2y,2026-10-05,scan_20261006_171949,False,False
True,0,0.024999936421712245,-0.01666641235351562,True,False,買入 (動能增強),23.75,2026-10-05 00:00:00,23.85000009536743,-0.0024999618530294754,False,False,0.41988836218170494,False,0.0004777514752541237,27.207715295357648,0.0005047582943248144,0.000538470536459728,-0.5600505914405196,-1.5871572471765072,-5.633555447604599,-0.5600505914405196,False,False,False,False,False,False,0.0,False,-0.07945733711944514,中性,4523.TWO,永彰,2,v1,phase6a,2026-07-12,0,2,2,2,2,2,v1,176,0.7126436781609196,176,0.7126436781609196,179,0.7077175697865353,^TWII,yfinance,2y,2026-10-05,scan_20261006_171949,False,False
True,1,-0.03333330154418945,-0.08333333333333333,True,False,觀察 (跌勢收斂),15.149999618530273,2026-10-05 00:00:00,15.034999990463257,0.007499980926514382,False,True,0.0,False,0.0003047551439095684,32.70668541461799,0.00031558777724980617,0.00032104330610099467,-0.3600177432064533,-0.8183307810804785,-0.9256037883096924,-0.3600177432064533,False,False,False,False,False,False,0.1693465615868703,False,-0.00655740206358868,中性,5514.TWO,三豐,1,v1,phase6a,2026-07-12,0,1,3,1,1,1,v1,360,0.41050903119868637,360,0.41050903119868637,360,0.41050903119868637,^TWII,yfinance,2y,2026-10-05,scan_20261006_171949,False,False
True,0,7.916666666666666,3.166666666666666,True,False,買入 (動能增強),227.0,2026-10-05 00:00:00,216.975,1.0,False,True,1.2746167013083949,False,0.00456629831084994,144.34395941256204,0.004639337541852598,0.005180056793061078,-0.16544646620955117,-0.732927668681016,-8.14766414191207,-0.16544646620955117,False,False,False,False,False,True,0.03038895084984854,False,-0.3871094286540837,中性,2472.TW,立隆電,2,v1,phase6a,2026-07-12,0,2,4,2,2,2,v1,125,0.7963875205254516,125,0.7963875205254516,129,0.7898193760262726,^TWII,yfinance,2y,2026-10-05,scan_20261006_171949,False,False
False,0,-0.15000025431315106,0.0666662851969401,False,True,強烈賣出 (跌破),18.350000381469727,2026-10-05 00:00:00,19.14000015258789,-0.022499942779539595,True,False,1.2298584765240144,False,0.0003691258843436166,29.595811527722713,0.00040637772321619535,0.0004267012064240334,-0.9557046177134043,-2.6850946579236923,-8.917475977268163,-0.9557046177134043,False,False,False,False,False,False,0.0,False,-0.14452215716587746,中性,2536.TW,宏普,0,v1,phase6a,2026-07-12,0,0,0,0,0,0,v1,475,0.22167487684729065,475,0.22167487684729065,475,0.22167487684729065,^TWII,yfinance,2y,2026-10-05,scan_20261006_171949,False,False
False,0,-0.3333331743876139,-0.3249998092651367,False,True,強烈賣出 (跌破),11.550000190734863,2026-10-05 00:00:00,11.982500076293945,-0.025000000000000355,False,False,2.4000537259733155,True,0.0002323380896972207,30.314193473194816,0.0002520376600931868,0.00026808445955210143,-0.8160357278634844,-2.304294355586445,-6.2547719609959636,-0.8160357278634844,False,False,False,False,False,False,0.0,False,-0.15073530391425793,中性,3521.TWO,台鋼建設,0,v1,phase6a,2026-07-12,0,0,0,0,0,0,v1,508,0.16748768472906403,508,0.16748768472906403,508,0.16748768472906403,^TWII,yfinance,2y,2026-10-05,scan_20261006_171949,False,False
False,0,-0.7000007629394532,-0.8000005086263021,False,True,強烈賣出 (跌破),76.0999984741211,2026-10-05 00:00:00,76.80000038146973,-0.04000015258789347,False,False,1.2394383646500102,False,0.001530816275277807,48.397360441748475,0.0016180324143045632,0.0016751891680710153,-0.5641944768081442,-1.7840715673663188,-4.835264179462584,-0.5641944768081442,False,False,False,False,False,False,0.0,False,-0.029336773048385778,中性,1726.TW,永記,0,v1,phase6a,2026-07-12,0,0,0,0,0,0,v1,450,0.2627257799671593,450,0.2627257799671593,450,0.2627257799671593,^TWII,yfinance,2y,2026-10-05,scan_20261006_171949,False,False
True,0,0.04999987284342448,-0.01666673024495444,True,False,買入 (動能增強),20.600000381469727,2026-10-05 00:00:00,20.612499904632568,-0.014999961853028765,True,False,0.9189900736661275,False,0.0004143865504203231,51.20153607890385,0.00043522525343049536,0.0004576737282083358,-0.5014754006197109,-1.5792160229334828,-5.025900556415152,-0.5014754006197109,False,False,False,False,False,False,0.0,False,-0.08035711016581926,中性,6020.TWO,大展證,2,v1,phase6a,2026-07-12,0,2,2,2,2,2,v1,191,0.6880131362889984,191,0.6880131362889984,194,0.6830870279146142,^TWII,yfinance,2y,2026-10-05,scan_20261006_171949,False,False
True,0,6.166666666666668,-16.833333333333332,True,False,買入 (動能增強),1055.0,2026-10-05 00:00:00,960.7,7.150000000000091,False,True,1.4042971346763051,False,0.021222223427077917,162.18402641612877,0.02016617291002622,0.019983545407528242,0.5542914912374908,-0.23037488579293885,2.712549705345313,0.5542914912374908,True,True,True,False,False,True,0.8931446520992321,False,0.0,偏強 (RS上升),6531.TW,愛普*,4,v1,phase6a,2026-07-12,1,5,6,5,4,5,v1,22,0.9655172413793104,22,0.9655172413793104,5,0.993431855500821,^TWII,yfinance,2y,2026-10-05,scan_20261006_171949,False,True
True,0,-1.0916668574015298,-0.9500001271565756,True,False,賣出 (動能轉弱),26.799999237060547,2026-10-05 00:00:00,27.627499866485596,-0.02000007629394318,True,False,0.9480341419449182,False,0.0005391048072553712,50.057501619296566,0.0005810242147567476,0.0005966941038521132,-0.753722576290472,-2.5598501494306647,-6.147354543658268,-0.753722576290472,False,False,False,False,False,False,0.13112582051095903,False,-0.14920637342664933,中性,6598.TW,ABC-KY,1,v1,phase6a,2026-07-12,0,1,1,1,1,1,v1,372,0.39080459770114945,372,0.39080459770114945,372,0.39080459770114945,^TWII,yfinance,2y,2026-10-05,scan_20261006_171949,True,False
True,0,-0.8833325703938801,-0.7666664123535155,True,False,賣出 (動能轉弱),74.30000305175781,2026-10-05 00:00:00,75.02999992370606,0.010000228881835938,False,False,1.0434319556433478,False,0.0014946078344995027,39.468856804704295,0.0015780695024688078,0.0016058765676000822,-0.5536384268970296,-1.4680903995563988,-3.1793026927036117,-0.5536384268970296,False,False,False,False,False,False,0.0108146260634257,False,-0.04005165908277919,中性,6527.TWO,明達醫,0,v1,phase6a,2026-07-12,0,0,1,0,0,0,v1,566,0.0722495894909688,566,0.0722495894909688,566,0.0722495894909688,^TWII,yfinance,2y,2026-10-05,scan_20261006_171949,False,False
False,0,5.25,1.9999999999999998,False,True,強烈買入 (爆發),191.5,2026-10-05 00:00:00,184.8,0.22500000000002274,False,True,1.753384161901862,True,0.003852185579417461,34.77960015147574,0.003953201411963856,0.004359215459730667,-0.26825653565276664,-1.1830316063710433,-9.35769342625722,-0.26825653565276664,False,False,False,False,False,False,0.026710912061992755,False,-0.2659421784316751,中性,6719.TW,力智,3,v1,phase6a,2026-07-12,0,3,5,3,3,3,v1,71,0.8850574712643678,71,0.8850574712643678,74,0.8801313628899836,^TWII,yfinance,2y,2026-10-05,scan_20261006_171949,False,False
False,0,-0.14999993642171225,-0.14999993642171222,False,True,強烈賣出 (跌破),23.25,2026-10-05 00:00:00,23.45999994277954,-0.010000038146973367,False,False,0.9075407482483772,False,0.00046769354945930004,41.85718427696183,0.0004936231095252548,0.0005115827593127234,-0.5498969326130698,-1.6793112261982879,-3.6301175730203306,-0.5498969326130698,False,False,False,False,False,False,0.0,False,-0.01691330338191066,中性,1604.TW,聲寶,0,v1,phase6a,2026-07-12,0,0,0,0,0,0,v1,447,0.2676518883415435,447,0.2676518883415435,447,0.2676518883415435,^TWII,yfinance,2y,2026-10-05,scan_20261006_171949,False,False
True,0,0.041666666666666664,0.08333333333333333,True,False,觀望 (動能減弱),10.899999618530273,2026-10-05 00:00:00,11.019999980926514,-0.010000038146973367,False,False,1.4329636553453218,False,0.00021926277465356733,23.315345800034827,0.00023288859171714002,0.00024349859478253516,-0.6121026177675293,-1.5465201730402223,-4.892926186821245,-0.6121026177675293,False,False,False,False,False,False,0.0,False,-0.0723404579974235,中性,2913.TW,農林,0,v1,phase6a,2026-07-12,0,0,0,0,0,0,v1,496,0.18719211822660098,496,0.18719211822660098,496,0.18719211822660098,^TWII,yfinance,2y,2026-10-05,scan_20261006_171949,False,False
