is_squeezed,energy_level,momentum,prev_momentum,squeeze_on,fired,Signal,Close,timestamp,ma20,ma20_slope,ma20_converging,close_above_ma20,volume_expansion_ratio,volume_expansion,rs_ratio,rs_index,rs_ema20,rs_ema60,rs_slope_1d,rs_slope_5d,rs_slope_20d,rs_slope,rs_above_ema20,rs_above_ema60,rs_ema20_above_ema60,rs_new_high_60,rs_new_high_120,rs_rising_10,rs_percentile_60,rs_high_price_not_high,price_dist_to_high_60,rs_signal,ticker,name,ranking_score,ranking_score_version,feature_schema_version,feature_schema_date,rs_component_score,experimental_score,shadow_score_ma20,shadow_score_rs,composite_score,composite_score_v2,score_version,rank_position_v1,ranking_percentile_v1,rank_position,ranking_percentile,rank_position_v2,ranking_percentile_v2,benchmark_symbol,benchmark_source,benchmark_period,benchmark_last_date,scan_id,has_houyi,has_whale
True,0,8.75,11.75,True,False,觀望 (動能減弱),238.5,2026-09-22 00:00:00,235.775,1.950000000000017,False,True,0.530420554905308,False,0.004989521808074043,69.42786463359243,0.004943516426956978,0.004507594530992564,0.09805611661177771,1.5623771508504802,24.510723418706526,0.09805611661177771,True,True,True,False,False,True,0.7403937710447707,False,-0.07198443579766534,偏強 (RS上升),2351.TW,順德,0,v1,phase6a,2026-07-12,2,2,2,2,0,2,v1,455,0.25205930807248766,455,0.25205930807248766,217,0.6441515650741351,^TWII,yfinance,2y,2026-09-22,scan_20260922_153922,False,False
True,0,-3.0833333333333335,-3.499999999999999,True,False,觀察 (跌勢收斂),151.0,2026-09-22 00:00:00,152.075,-0.10000000000002274,True,False,0.35196104138467027,False,0.003158984457103482,66.37047216131567,0.003267546114494749,0.0032669601773458105,-0.3485097496156331,-0.8912049229230057,-4.352509365729951,-0.3485097496156331,False,False,True,False,False,False,0.29247453989868233,False,-0.1611111111111111,中性,6419.TWO,京晨科,2,v1,phase6a,2026-07-12,0,2,2,2,2,2,v1,160,0.7380560131795717,160,0.7380560131795717,175,0.71334431630972,^TWII,yfinance,2y,2026-09-22,scan_20260922_153922,True,False
True,0,-0.44999980926513666,-0.5583327611287435,True,False,觀察 (跌勢收斂),21.799999237060547,2026-09-22 00:00:00,21.927499866485597,0.014999961853028765,False,False,0.740686427634687,False,0.0004560652897665035,33.77723922857235,0.0004722398885083247,0.0005112451678652292,-0.35923965899185006,-1.0471325258408881,-5.450692456415441,-0.35923965899185006,False,False,False,False,False,False,0.0,False,-0.21877142196861776,中性,3390.TWO,旭軟,1,v1,phase6a,2026-07-12,0,1,2,1,1,1,v1,289,0.5255354200988468,289,0.5255354200988468,305,0.49917627677100496,^TWII,yfinance,2y,2026-09-22,scan_20260922_153922,False,False
True,0,0.25000000000000006,-0.4166666666666664,True,False,買入 (動能增強),168.5,2026-09-22 00:00:00,170.525,0.025000000000005684,False,False,0.909439561144223,False,0.003525091927297594,74.19508370744272,0.00365899197086077,0.0037166584145169987,-0.3837301575415619,-0.646672313000396,-1.683726981409972,-0.3837301575415619,False,False,False,False,False,False,0.0006125715275008778,False,-0.037142857142857144,中性,2597.TW,潤弘,2,v1,phase6a,2026-07-12,0,2,3,2,2,2,v1,88,0.85667215815486,88,0.85667215815486,120,0.8039538714991763,^TWII,yfinance,2y,2026-09-22,scan_20260922_153922,False,False
True,1,-23.999999999999996,-31.999999999999996,True,False,觀察 (跌勢收斂),971.0,2026-09-22 00:00:00,943.45,-0.4499999999999318,True,True,2.1407864066371336,True,0.020313734489056164,101.74004855942148,0.02036906232802014,0.021153891580259543,-0.028584125378283698,-1.2008871489345152,-7.603045162749056,-0.028584125378283698,False,False,False,False,False,True,0.10039010530890173,False,-0.35659792247579714,中性,6488.TWO,環球晶,1,v1,phase6a,2026-07-12,0,1,2,1,1,1,v1,362,0.4052718286655684,362,0.4052718286655684,369,0.39373970345963755,^TWII,yfinance,2y,2026-09-22,scan_20260922_153922,False,False
True,0,1.050000508626302,0.7833340962727864,True,False,買入 (動能增強),72.5,2026-09-22 00:00:00,71.54499893188476,0.12000007629394815,False,True,0.8254261630362406,False,0.001516730947947036,23.234726259904082,0.001541813339107135,0.001549554564527742,-0.17095053660249881,0.23140909986634206,-1.362336357368954,-0.17095053660249881,False,False,False,False,False,False,0.4998248298059781,False,-0.022911011026429118,中性,2348.TW,海悅,2,v1,phase6a,2026-07-12,0,2,4,2,2,2,v1,79,0.871499176276771,79,0.871499176276771,115,0.8121911037891268,^TWII,yfinance,2y,2026-09-22,scan_20260922_153922,False,False
True,0,-0.8333326975504557,-0.6916662851969401,True,False,賣出 (動能轉弱),36.650001525878906,2026-09-22 00:00:00,37.74500007629395,-0.10749988555907919,False,False,4.1115245137286305,True,0.0007667336766428501,34.94394782171059,0.0008058090625968584,0.0008134942647570921,-0.5078510270597025,-1.46021807082245,-1.9746064082941883,-0.5078510270597025,False,False,False,False,False,False,0.36031722995889437,False,-0.05541231323345053,中性,2948.TWO,寶陞,0,v1,phase6a,2026-07-12,0,0,0,0,0,0,v1,482,0.20757825370675453,482,0.20757825370675453,486,0.20098846787479407,^TWII,yfinance,2y,2026-09-22,scan_20260922_153922,False,False
True,0,-2.5833333333333335,-4.666666666666667,True,False,觀察 (跌勢收斂),283.0,2026-09-22 00:00:00,282.125,-0.125,False,True,0.9638788072981815,False,0.005920480803710499,39.04234864005984,0.006120698092359098,0.006607280760432289,-0.3431501298017947,-1.3312017566741718,-8.87341781393518,-0.3431501298017947,False,False,False,False,False,False,0.0,False,-0.25916230366492143,中性,3413.TW,京鼎,1,v1,phase6a,2026-07-12,0,1,2,1,1,1,v1,290,0.5238879736408567,290,0.5238879736408567,306,0.4975288303130148,^TWII,yfinance,2y,2026-09-22,scan_20260922_153922,False,False
True,0,-0.06666501363118488,-0.09166526794433592,True,False,觀察 (跌勢收斂),33.95000076293945,2026-09-21 00:00:00,33.96999988555908,-0.0024999618530259227,False,False,1.1635178963596433,False,0.0007114590562994601,39.87877800239785,0.0007352121709603296,0.0007711851808376368,-0.3389298490998005,-0.6820310021846798,-4.610905365810536,-0.3389298490998005,False,False,False,False,False,False,0.0,False,-0.06602469909016051,中性,6242.TWO,立康,1,v1,phase6a,2026-07-12,0,1,1,1,1,1,v1,354,0.4184514003294893,354,0.4184514003294893,362,0.4052718286655684,^TWII,yfinance,2y,2026-09-22,scan_20260922_153922,False,False
True,0,26.36854044596354,16.632375081380207,True,False,買入 (動能增強),755.0,2026-09-22 00:00:00,709.479150390625,2.5017150878906023,False,True,1.481879268172653,False,0.01579492228551741,79.61781829989775,0.015398884472410055,0.015471031836068011,0.27145704260791437,0.7629152687810725,-2.3713887360229946,0.27145704260791437,True,True,False,False,False,True,0.34569611383388515,False,-0.06927252982617105,偏強 (RS上升),2379.TW,瑞昱,2,v1,phase6a,2026-07-12,1,3,4,3,2,3,v1,80,0.8698517298187809,80,0.8698517298187809,51,0.9176276771004942,^TWII,yfinance,2y,2026-09-22,scan_20260922_153922,False,False
True,1,0.24999999999999994,0.3666674296061198,True,False,觀望 (動能減弱),74.4000015258789,2026-09-22 00:00:00,74.73000030517578,0.015000152587887783,False,False,0.6023256962415116,False,0.0015564797909187206,33.4551868936787,0.0016165414413041495,0.0017133019151639168,-0.38957547136503345,-1.1838581183654995,-5.523694997432527,-0.38957547136503345,False,False,False,False,False,False,0.014696974914857549,False,-0.10447300798592685,中性,2228.TW,劍麟,0,v1,phase6a,2026-07-12,0,0,1,0,0,0,v1,452,0.257001647446458,452,0.257001647446458,463,0.23887973640856672,^TWII,yfinance,2y,2026-09-22,scan_20260922_153922,False,False
True,0,-0.14166641235351562,-0.11666615804036459,True,False,賣出 (動能轉弱),40.79999923706055,2026-09-22 00:00:00,40.867499923706056,-0.012499999999995737,True,False,0.9004861495565482,False,0.0008535534002629681,45.34952923423567,0.0008785016376476943,0.0008991812636442579,-0.2980419351993002,-0.9201583306956085,-2.8851223427669104,-0.2980419351993002,False,False,False,False,False,False,0.06461016427195725,False,-0.01805054184768884,中性,4527.TWO,方土霖,0,v1,phase6a,2026-07-12,0,0,0,0,0,0,v1,513,0.15650741350906094,513,0.15650741350906094,515,0.15321252059308071,^TWII,yfinance,2y,2026-09-22,scan_20260922_153922,False,False
True,0,0.36666552225748694,0.4166647593180338,True,False,觀望 (動能減弱),65.5999984741211,2026-09-22 00:00:00,64.91999950408936,0.25499992370606606,False,True,0.6446429187656271,False,0.0013723799706341765,49.43665547431536,0.0013874178759316312,0.0013593227833815702,-0.11396230905983407,0.2367210712255874,3.9161458791633574,-0.11396230905983407,False,True,True,False,False,True,0.7861993423947807,False,-0.01055813793990712,偏強 (RS上升),2354.TW,鴻準,0,v1,phase6a,2026-07-12,1,1,2,1,0,1,v1,457,0.2487644151565074,457,0.2487644151565074,431,0.2915980230642504,^TWII,yfinance,2y,2026-09-22,scan_20260922_153922,False,False
True,0,-0.9666662216186523,-0.7416661580403645,True,False,賣出 (動能轉弱),26.0,2026-09-22 00:00:00,26.475,0.027499961853028054,False,False,0.3745784315665967,False,0.0005439310985741095,43.52528641550782,0.0005649959973106893,0.000594796559357969,-0.3909212894788072,-1.4248709783497238,-2.11265111684118,-0.3909212894788072,False,False,False,False,False,False,0.0,False,-0.12605042016806722,中性,3630.TWO,新鉅科,0,v1,phase6a,2026-07-12,0,0,1,0,0,0,v1,502,0.17462932454695224,502,0.17462932454695224,505,0.1696869851729819,^TWII,yfinance,2y,2026-09-22,scan_20260922_153922,False,False
True,0,1.2000001271565754,1.2833334604899087,True,False,觀望 (動能減弱),37.099998474121094,2026-09-22 00:00:00,35.912499618530276,0.019999885559087716,False,True,0.44599028944384167,False,0.0007761478048894796,73.38156504302876,0.000774290129943241,0.0007574881678592083,0.02526109017149114,0.6129320926718584,1.861522751076028,0.02526109017149114,True,True,True,False,False,True,0.7301570779236678,False,-0.01851853907587242,偏強 (RS上升),2605.TW,新興,0,v1,phase6a,2026-07-12,2,2,2,2,0,2,v1,471,0.2257001647446458,471,0.2257001647446458,219,0.6408566721581549,^TWII,yfinance,2y,2026-09-22,scan_20260922_153922,False,False
True,0,0.13333352406819662,0.17500019073486328,True,False,觀望 (動能減弱),19.75,2026-09-22 00:00:00,19.73499984741211,0.005000019073484907,False,True,0.4127562959570322,False,0.00041317843064764086,32.79175815396063,0.0004267359345846873,0.00044510991694049414,-0.33330893687359975,-0.8043943016746713,-4.633358525636567,-0.33330893687359975,False,False,False,False,False,False,0.0,False,-0.052757811095646034,中性,3703.TW,欣陸,0,v1,phase6a,2026-07-12,0,0,2,0,0,0,v1,506,0.16803953871499178,506,0.16803953871499178,508,0.16474464579901152,^TWII,yfinance,2y,2026-09-22,scan_20260922_153922,False,False
True,1,-0.24166647593180338,-0.2583332061767578,True,False,觀察 (跌勢收斂),21.149999618530273,2026-09-22 00:00:00,21.327499866485596,-0.01249999999999929,False,False,2.3019693654266957,True,0.0004424670202826603,37.25503533296624,0.0004580531059030751,0.00047465082546773563,-0.35689861002743406,-1.1674206082965655,-3.384162723282258,-0.35689861002743406,False,False,False,False,False,False,0.0,False,-0.027586224435389717,中性,8463.TW,潤泰材,1,v1,phase6a,2026-07-12,0,1,1,1,1,1,v1,416,0.3163097199341021,416,0.3163097199341021,422,0.30642504118616143,^TWII,yfinance,2y,2026-09-22,scan_20260922_153922,False,False
True,0,-0.5916668574015298,-0.9583336512247722,True,False,觀察 (跌勢收斂),34.099998474121094,2026-09-22 00:00:00,33.25999975204468,0.07500000000000284,False,True,0.9424064230824725,False,0.0007133865242847748,42.9680980728221,0.0007093722262363573,0.0007326851426735564,0.05960334111914101,0.7991313308031156,0.949475258048027,0.05960334111914101,True,False,False,False,False,True,0.41127913191180704,False,-0.12451866993114646,偏強 (RS上升),2340.TW,台亞,2,v1,phase6a,2026-07-12,1,3,4,3,2,3,v1,77,0.8747940691927513,77,0.8747940691927513,49,0.9209225700164745,^TWII,yfinance,2y,2026-09-22,scan_20260922_153922,True,False
True,0,-0.08333396911621097,-0.43333435058593756,True,False,觀察 (跌勢收斂),38.45000076293945,2026-09-22 00:00:00,37.64000015258789,-0.012500000000002842,False,True,1.2434675697601132,False,0.000804390429044654,56.993874298413736,0.0008132057975107105,0.0008675323617939546,-0.11397802196021489,-0.27803589796939754,-5.022524810965601,-0.11397802196021489,False,False,False,False,False,True,0.1061178129297716,False,-0.25362211576034566,中性,2495.TW,普安,1,v1,phase6a,2026-07-12,0,1,2,1,1,1,v1,258,0.5766062602965404,258,0.5766062602965404,275,0.5485996705107083,^TWII,yfinance,2y,2026-09-22,scan_20260922_153922,False,False
True,0,-110.83333333333334,-85.83333333333334,True,False,賣出 (動能轉弱),3390.0,2026-09-22 00:00:00,3340.25,22.0,False,True,0.7166155896508063,False,0.07092024708331658,281.86049889040976,0.07027445303786493,0.06512690884733412,0.09682628396825432,0.4548074873326424,11.78182715874958,0.09682628396825432,True,True,True,False,False,True,0.8049634758378926,False,-0.050420168067226934,偏強 (RS上升),3017.TW,奇鋐,0,v1,phase6a,2026-07-12,2,2,2,2,0,2,v1,485,0.2026359143327842,485,0.2026359143327842,221,0.6375617792421746,^TWII,yfinance,2y,2026-09-22,scan_20260922_153922,False,False
True,2,0.3333333333333333,0.42500050862630206,True,False,觀望 (動能減弱),45.099998474121094,2026-09-22 00:00:00,44.857499504089354,0.017499923706054688,False,True,1.0076832712504036,False,0.0009435112198353595,39.55272582709542,0.0009657992728864008,0.0009934505602332115,-0.24233042752624945,-0.6576632491976153,-2.110734110157453,-0.24233042752624945,False,False,False,False,False,False,0.0035660273287544107,False,-0.1028048489708967,中性,3306.TWO,鼎天,0,v1,phase6a,2026-07-12,0,0,2,0,0,0,v1,495,0.18616144975288304,495,0.18616144975288304,498,0.1812191103789127,^TWII,yfinance,2y,2026-09-22,scan_20260922_153922,False,False
True,0,-0.18333244323730466,-0.266665776570638,True,False,觀察 (跌勢收斂),39.650001525878906,2026-09-22 00:00:00,39.65499992370606,-0.012499999999995737,True,False,0.2814949205524042,False,0.000829494957247555,49.51203217999791,0.0008545039323610829,0.0008793070868658595,-0.30713005817885053,-1.0011431115617642,-4.352918159394237,-0.30713005817885053,False,False,False,False,False,False,0.039645945216680925,False,-0.023398940491284215,中性,9925.TW,新保,1,v1,phase6a,2026-07-12,0,1,1,1,1,1,v1,421,0.30807248764415157,421,0.30807248764415157,427,0.2981878088962109,^TWII,yfinance,2y,2026-09-22,scan_20260922_153922,False,False
True,0,8.166666666666666,11.833333333333334,True,False,觀望 (動能減弱),934.0,2026-09-22 00:00:00,943.6,2.8999999999999773,False,False,0.5596056285349588,False,0.01953967869493147,153.0863815643865,0.020128987919105633,0.019933043806307383,-0.30722840387514827,-0.24564330914688126,4.976018258892245,-0.30722840387514827,False,False,True,False,False,False,0.643595251992564,False,-0.09320388349514563,中性,6531.TW,愛普*,0,v1,phase6a,2026-07-12,0,0,1,0,0,0,v1,556,0.085667215815486,556,0.085667215815486,556,0.085667215815486,^TWII,yfinance,2y,2026-09-22,scan_20260922_153922,False,False
True,1,-2.25,-3.333333333333333,True,False,觀察 (跌勢收斂),226.5,2026-09-22 00:00:00,219.95,0.7249999999999943,False,True,1.2439422400631293,False,0.004738476685655223,100.30278144508824,0.004674788643355432,0.004654747472326308,0.14361360110612953,0.27302169292893197,5.3389753819755414,0.14361360110612953,True,True,True,False,False,True,0.797506317424107,False,0.0,偏強 (RS上升),7810.TWO,捷創科技,1,v1,phase6a,2026-07-12,2,3,3,3,1,3,v1,398,0.34596375617792424,398,0.34596375617792424,81,0.8682042833607908,^TWII,yfinance,2y,2026-09-22,scan_20260922_153922,False,False
True,2,-0.23333422342936194,-0.31666755676269537,True,False,觀察 (跌勢收斂),41.54999923706055,2026-09-22 00:00:00,41.67750015258789,0.0024999618530259227,False,False,0.7038490161038015,False,0.0008692437204141444,28.124790054193895,0.0008965919445737406,0.0009270197219561527,-0.32005049434212784,-1.0223477919773294,-3.573306843006996,-0.32005049434212784,False,False,False,False,False,False,0.07327363904271958,False,-0.04589748241313918,中性,6968.TWO,萬達寵物,1,v1,phase6a,2026-07-12,0,1,2,1,1,1,v1,392,0.35584843492586493,392,0.35584843492586493,399,0.3443163097199341,^TWII,yfinance,2y,2026-09-22,scan_20260922_153922,False,False
True,1,0.3166675567626953,0.4166679382324219,True,False,觀望 (動能減弱),54.79999923706055,2026-09-22 00:00:00,54.82999973297119,-0.005000114440917969,True,False,0.5578894901737397,False,0.0011464393764182579,41.334485251113286,0.0011833143859354893,0.0012425168365658133,-0.3269535999720019,-0.8518996614840457,-4.06353191191966,-0.3269535999720019,False,False,False,False,False,False,0.0,False,-0.08502726480972722,中性,2496.TW,卓越,0,v1,phase6a,2026-07-12,0,0,0,0,0,0,v1,466,0.23393739703459637,466,0.23393739703459637,472,0.22405271828665568,^TWII,yfinance,2y,2026-09-22,scan_20260922_153922,False,False
True,1,-0.6666666666666667,-0.5833320617675781,True,False,賣出 (動能轉弱),68.19999694824219,2026-09-22 00:00:00,69.12999992370605,-0.060000228881833095,False,False,0.7197897590791258,False,0.0014267730485695495,28.628242224651213,0.0014894648222191905,0.0015654063785572796,-0.441099729770833,-1.3427440142350755,-4.94795124140055,-0.441099729770833,False,False,False,False,False,False,0.0,False,-0.05013935864209529,中性,7736.TW,虎山,0,v1,phase6a,2026-07-12,0,0,0,0,0,0,v1,573,0.057660626029654036,573,0.057660626029654036,573,0.057660626029654036,^TWII,yfinance,2y,2026-09-22,scan_20260922_153922,False,False
True,0,-0.5583330790201823,-0.5916665395100912,True,False,觀察 (跌勢收斂),24.100000381469727,2026-09-22 00:00:00,24.66500005722046,0.026775646209717507,False,False,0.42348498771670273,False,0.0005041822955049725,76.45672340859257,0.0005251860366516422,0.0005228994620606771,-0.4192136667289126,-0.9326155339271169,1.227000483625007,-0.4192136667289126,False,False,True,False,False,False,0.19420558143823008,False,-0.2111786115619928,中性,1409.TW,新纖,2,v1,phase6a,2026-07-12,0,2,3,2,2,2,v1,51,0.9176276771004942,51,0.9176276771004942,89,0.8550247116968699,^TWII,yfinance,2y,2026-09-22,scan_20260922_153922,True,False
True,3,0.0,0.0,True,False,賣出 (動能轉弱),3.2699999809265137,2026-09-21 00:00:00,3.2699999809265137,0.0,False,False,1.0,False,6.852639317371844e-05,34.946155209949154,7.066890941433427e-05,7.467600572501375e-05,-0.31811808298770616,-0.4688500763846193,-3.4045090327749827,-0.31811808298770616,False,False,False,False,False,False,0.0,False,0.0,中性,4804.TWO,大略-KY,0,v1,phase6a,2026-07-12,0,0,0,0,0,0,v1,519,0.14662273476112025,519,0.14662273476112025,521,0.14332784184514002,^TWII,yfinance,2y,2026-09-22,scan_20260922_153922,False,False
True,0,0.055000146230061844,-0.016666571299235027,True,False,買入 (動能增強),9.5,2026-09-22 00:00:00,9.273500013351441,0.009999990463256836,False,True,1.111218389916773,False,0.0001987440552482323,44.07080976871469,0.00020022575726015216,0.0002086109561745987,-0.07783575679798371,-1.0174450364517695,-4.7306522105381,-0.07783575679798371,False,False,False,False,False,True,0.10661929736466214,False,-0.13636363636363635,中性,1413.TW,宏洲,2,v1,phase6a,2026-07-12,0,2,4,2,2,2,v1,52,0.9159802306425041,52,0.9159802306425041,90,0.8533772652388797,^TWII,yfinance,2y,2026-09-22,scan_20260922_153922,False,False
True,0,-0.75,-1.3333333333333333,True,False,觀察 (跌勢收斂),106.0,2026-09-22 00:00:00,105.225,-0.07500000000000284,True,True,0.638960704605416,False,0.002217565248032908,87.33883346918361,0.0022446887197270396,0.0021282607471933175,-0.12703210747804228,-0.1531697689662881,1.0841068786862529,-0.12703210747804228,False,True,True,False,False,False,0.5823566423797645,False,-0.09012875536480691,中性,2546.TW,根基,1,v1,phase6a,2026-07-12,0,1,2,1,1,1,v1,262,0.5700164744645799,262,0.5700164744645799,279,0.5420098846787479,^TWII,yfinance,2y,2026-09-22,scan_20260922_153922,False,False
False,0,-0.3166669209798177,-0.3166669209798177,False,True,強烈賣出 (跌破),25.5,2026-09-22 00:00:00,25.362499904632568,0.010000038146973367,False,True,2.086011018139856,True,0.000533470885139992,38.85225917570137,0.0005471295431281072,0.0005785904739168626,-0.26209245088850697,-1.1432570790246732,-5.251166408370523,-0.26209245088850697,False,False,False,False,False,False,0.01546622126032259,False,-0.18938811503419894,中性,3567.TWO,逸昌,0,v1,phase6a,2026-07-12,0,0,2,0,0,0,v1,500,0.17792421746293247,500,0.17792421746293247,503,0.17298187808896212,^TWII,yfinance,2y,2026-09-22,scan_20260922_153922,False,False
True,0,-0.45833333333333337,-0.5,True,False,觀察 (跌勢收斂),17.450000762939453,2026-09-22 00:00:00,17.527500057220458,-0.014999961853028765,True,False,0.4794902034180364,False,0.0003650614648117194,40.24118671658154,0.0003756592697110118,0.00038424330915018444,-0.29608092876421965,-1.3029929498413861,-3.707136928567245,-0.29608092876421965,False,False,False,False,False,False,0.12332537281929633,False,-0.056756715516786294,中性,4430.TWO,耀億,1,v1,phase6a,2026-07-12,0,1,1,1,1,1,v1,311,0.48929159802306427,311,0.48929159802306427,324,0.46787479406919275,^TWII,yfinance,2y,2026-09-22,scan_20260922_153922,False,False
True,0,-0.18333435058593747,-0.23333358764648438,True,False,觀察 (跌勢收斂),53.099998474121094,2026-09-22 00:00:00,53.09499988555908,-0.015000152587887783,False,True,0.5924058495236529,False,0.0011108746347812393,41.25079386101875,0.0011437486656465073,0.0011854535577358399,-0.30163850094350186,-1.010691745612513,-4.2321034524819385,-0.30163850094350186,False,False,False,False,False,False,0.0,False,-0.02925049847352834,中性,2373.TW,震旦行,1,v1,phase6a,2026-07-12,0,1,2,1,1,1,v1,247,0.5947281713344317,247,0.5947281713344317,266,0.5634266886326195,^TWII,yfinance,2y,2026-09-22,scan_20260922_153922,False,False
True,0,1.0249996185302734,0.9666665395100911,True,False,買入 (動能增強),40.349998474121094,2026-09-22 00:00:00,39.437500190734866,0.13999996185302876,False,True,0.36716884622648,False,0.0008441391922112434,64.02331906100312,0.0008416964998374075,0.0008074919821118481,0.03055781805334501,1.3756787820477179,7.561353402894788,0.03055781805334501,True,True,True,False,False,True,0.7540124740269404,False,-0.014652070272032192,偏強 (RS上升),2816.TW,旺旺保,2,v1,phase6a,2026-07-12,2,4,4,4,2,4,v1,97,0.841845140032949,97,0.841845140032949,36,0.942339373970346,^TWII,yfinance,2y,2026-09-22,scan_20260922_153922,False,False
True,1,-0.05833355585734049,-0.050000190734863274,True,False,賣出 (動能轉弱),10.149999618530273,2026-09-22 00:00:00,10.297500085830688,-0.00250000953674423,True,False,1.5216764190561793,True,0.00021234232473207553,32.63559378471182,0.000221646395270906,0.00023121580521941087,-0.4399202488006515,-1.1468757037359167,-4.155465812706327,-0.4399202488006515,False,False,False,False,False,False,0.0,False,-0.05140188790084066,中性,9950.TWO,萬國通,0,v1,phase6a,2026-07-12,0,0,0,0,0,0,v1,608,0.0,608,0.0,608,0.0,^TWII,yfinance,2y,2026-09-22,scan_20260922_153922,False,False
True,0,3.583333333333333,3.333333333333333,True,False,買入 (動能增強),153.0,2026-09-22 00:00:00,149.0,0.375,False,True,0.7841745002622612,False,0.003200825310839952,50.71729062826265,0.003247435911055733,0.0033821044073747836,-0.15085678359036958,-0.3683986618383206,-6.713587248804586,-0.15085678359036958,False,False,False,False,False,True,0.09090510505946336,False,-0.16621253405994552,中性,6579.TW,研揚,2,v1,phase6a,2026-07-12,0,2,4,2,2,2,v1,170,0.7215815485996705,170,0.7215815485996705,184,0.6985172981878089,^TWII,yfinance,2y,2026-09-22,scan_20260922_153922,False,False
True,1,0.29166730244954425,0.21666717529296872,True,False,買入 (動能增強),35.45000076293945,2026-09-22 00:00:00,35.12750015258789,0.027499961853031607,False,True,0.8824513946672998,False,0.0007416291484399491,41.52381940232713,0.0007532737791130587,0.0007573853685595374,-0.16245876225265965,-0.38713823382033885,0.34226203159284374,-0.16245876225265965,False,False,False,False,False,False,0.37046752408795325,False,0.0,中性,1102.TW,亞泥,2,v1,phase6a,2026-07-12,0,2,4,2,2,2,v1,43,0.9308072487644151,43,0.9308072487644151,82,0.8665568369028006,^TWII,yfinance,2y,2026-09-22,scan_20260922_153922,False,False
True,0,-0.15833314259847003,-0.11666647593180338,True,False,賣出 (動能轉弱),19.450000762939453,2026-09-22 00:00:00,19.460000133514406,0.012500000000002842,False,False,0.8181589305975362,False,0.0004069023185481894,21.92987608100023,0.0004194083541257342,0.000441137153538359,-0.31289452477816226,-0.7287012336354537,-3.9258750788988994,-0.31289452477816226,False,False,False,False,False,False,0.0,False,-0.12296950114868666,中性,1540.TW,喬福,0,v1,phase6a,2026-07-12,0,0,1,0,0,0,v1,439,0.2784184514003295,439,0.2784184514003295,450,0.2602965403624382,^TWII,yfinance,2y,2026-09-22,scan_20260922_153922,False,False
True,1,1.8333333333333333,0.75,True,False,買入 (動能增強),140.5,2026-09-22 00:00:00,138.175,0.05000000000001137,False,True,0.5837831588526773,False,0.0029393199749870144,84.50534067694556,0.002986705826046209,0.002975883883143034,-0.166727768220587,-0.16608074047963495,-4.280216701409534,-0.166727768220587,False,False,True,False,False,True,0.39809790473416407,False,-0.11075949367088611,中性,6206.TW,飛捷,4,v1,phase6a,2026-07-12,0,4,6,4,4,4,v1,9,0.9868204283360791,9,0.9868204283360791,14,0.9785831960461285,^TWII,yfinance,2y,2026-09-22,scan_20260922_153922,False,True
True,1,0.2999998728434245,0.2833334604899088,True,False,買入 (動能增強),38.29999923706055,2026-09-22 00:00:00,37.8850004196167,0.014999961853028765,False,True,1.0398532350987157,False,0.0008012523330923807,46.68322181260051,0.0008167091124674127,0.0008490431354642356,-0.19882164854281292,-0.11398061073464305,-2.2742925933760816,-0.19882164854281292,False,False,False,False,False,True,0.1643793038237887,False,-0.1441340952612168,中性,6101.TWO,寬魚國際,2,v1,phase6a,2026-07-12,0,2,4,2,2,2,v1,154,0.7479406919275123,154,0.7479406919275123,170,0.7215815485996705,^TWII,yfinance,2y,2026-09-22,scan_20260922_153922,False,False
True,0,-2.583333333333333,-3.0833333333333326,True,False,觀察 (跌勢收斂),162.0,2026-09-22 00:00:00,161.75,0.19999999999998863,False,True,1.0384940110233867,False,0.003389109152654067,53.29733157645028,0.003470344718067374,0.0036039497222598105,-0.24579960326773787,-0.5708336523667867,-2.252134764322322,-0.24579960326773787,False,False,False,False,False,False,0.006669041345482253,False,-0.12432432432432428,中性,1773.TW,勝一,1,v1,phase6a,2026-07-12,0,1,3,1,1,1,v1,232,0.6194398682042833,232,0.6194398682042833,252,0.586490939044481,^TWII,yfinance,2y,2026-09-22,scan_20260922_153922,False,False
True,0,-0.3249998092651367,-0.6499999364217122,True,False,觀察 (跌勢收斂),21.5,2026-09-22 00:00:00,21.887499809265137,0.03000001907348704,False,False,0.13943802251531706,False,0.00044978917766705205,34.56479274591863,0.0004703265331298444,0.0005040190434319232,-0.4575407721632896,-0.9054849499351203,-5.649850866656713,-0.4575407721632896,False,False,False,False,False,False,0.06666333455212087,False,-0.26746167902695717,中性,5345.TWO,馥鴻,1,v1,phase6a,2026-07-12,0,1,2,1,1,1,v1,325,0.46622734761120266,325,0.46622734761120266,338,0.44481054365733114,^TWII,yfinance,2y,2026-09-22,scan_20260922_153922,False,False
False,0,-0.9666662216186521,-0.9333330790201821,False,True,強烈賣出 (跌破),25.25,2026-09-22 00:00:00,25.825000095367432,-0.05500001907348562,False,False,0.1627835104909158,False,0.0005282407784229332,45.563074177890826,0.0005514651133244964,0.0005632708878801066,-0.44134747558600695,-1.9412474184714479,-3.916213907628874,-0.44134747558600695,False,False,False,False,False,False,0.0016386169550070071,False,-0.1042928646396325,中性,3516.TWO,亞帝歐,0,v1,phase6a,2026-07-12,0,0,0,0,0,0,v1,498,0.1812191103789127,498,0.1812191103789127,501,0.17627677100494235,^TWII,yfinance,2y,2026-09-22,scan_20260922_153922,False,False
False,0,-0.6166661580403645,-0.3166656494140625,False,True,強烈賣出 (跌破),84.19999694824219,2026-09-22 00:00:00,85.25999908447265,-0.03500022888184162,False,False,0.6705897188012273,False,0.001761499878461309,37.930597167458366,0.0018348368454172345,0.0019046995783216299,-0.4189657480053177,-1.2372479093733735,-3.8982671802221147,-0.4189657480053177,False,False,False,False,False,False,0.0,False,-0.04966141762591669,中性,8446.TWO,華研,0,v1,phase6a,2026-07-12,0,0,0,0,0,0,v1,590,0.029654036243822075,590,0.029654036243822075,590,0.029654036243822075,^TWII,yfinance,2y,2026-09-22,scan_20260922_153922,False,False
True,2,-0.125,-0.32500012715657545,True,False,觀察 (跌勢收斂),49.25,2026-09-22 00:00:00,48.86000022888184,-0.010000038146969814,False,True,1.7246905746634353,True,0.0010303310232605727,35.765534728707465,0.001059187050318087,0.0011402419248304643,-0.28595428326027017,-0.9909411902440435,-7.118045479944035,-0.28595428326027017,False,False,False,False,False,False,0.0,False,-0.16098808586227076,中性,8097.TWO,常珵,1,v1,phase6a,2026-07-12,0,1,2,1,1,1,v1,407,0.3311367380560132,407,0.3311367380560132,413,0.3212520593080725,^TWII,yfinance,2y,2026-09-22,scan_20260922_153922,False,False
True,0,-3.3333333333333335,-1.1102230246251565e-16,True,False,賣出 (動能轉弱),320.5,2026-09-22 00:00:00,323.275,0.0,False,False,0.5708556837272966,False,0.006704996811269311,54.65054237515093,0.006919745333185318,0.006911176061948901,-0.3256117328419683,-0.8697551079449806,-0.1338325735047774,-0.3256117328419683,False,False,True,False,False,False,0.38935896321652036,False,-0.057352941176470607,中性,3023.TW,信邦,0,v1,phase6a,2026-07-12,0,0,0,0,0,0,v1,486,0.20098846787479407,486,0.20098846787479407,489,0.19604612850082373,^TWII,yfinance,2y,2026-09-22,scan_20260922_153922,False,False
True,0,-0.0499998728434245,-0.4999999999999999,True,False,觀察 (跌勢收斂),55.70000076293945,2026-09-22 00:00:00,55.92499980926514,-0.05499992370605611,False,False,0.9911463484944995,False,0.0011652677925217073,41.78748416254723,0.0012104601710299318,0.0012957585373637975,-0.39146024479863595,-1.1849488350032966,-7.248938597522692,-0.39146024479863595,False,False,False,False,False,False,0.0,False,-0.1242138034703909,中性,7791.TW,皇家可口,1,v1,phase6a,2026-07-12,0,1,1,1,1,1,v1,397,0.34761120263591433,397,0.34761120263591433,404,0.33607907742998355,^TWII,yfinance,2y,2026-09-22,scan_20260922_153922,False,False
True,0,-0.2583335240681966,-0.40000057220458984,True,False,觀察 (跌勢收斂),25.0,2026-09-22 00:00:00,24.857499885559083,-0.017500019073484196,True,True,1.2280452381632432,False,0.0005230106717058745,50.31288152983246,0.0005318998969762523,0.0005218848976855452,-0.17560912119869432,-0.7151706769713218,-1.0369875781841897,-0.17560912119869432,False,True,True,False,False,True,0.6004114184593663,False,-0.029126213592232997,中性,1904.TW,正隆,1,v1,phase6a,2026-07-12,0,1,2,1,1,1,v1,238,0.6095551894563427,238,0.6095551894563427,257,0.5782537067545305,^TWII,yfinance,2y,2026-09-22,scan_20260922_153922,False,False
True,1,0.04166666666666667,0.1749998728434245,True,False,觀望 (動能減弱),43.0,2026-09-22 00:00:00,43.11000022888184,0.017499923706054688,False,False,0.9976198411303,False,0.0008995783553341041,52.232849217115785,0.0009280117715972217,0.0009508860953102823,-0.3214796857370694,-0.8575390321818754,-2.83048336226277,-0.3214796857370694,False,False,False,False,False,False,0.050802592966022735,False,-0.011494252873563204,中性,9918.TW,欣天然,2,v1,phase6a,2026-07-12,0,2,3,2,2,2,v1,200,0.6721581548599671,200,0.6721581548599671,206,0.6622734761120264,^TWII,yfinance,2y,2026-09-22,scan_20260922_153922,False,True
True,0,-0.09166669845581055,-0.14999993642171222,True,False,觀察 (跌勢收斂),11.850000381469727,2026-09-22 00:00:00,11.77999997138977,0.0025000095367424535,False,True,1.8315721264081348,True,0.00024790706636909404,26.308286621289426,0.00025444002257663515,0.0002851012259901248,-0.2695432894682548,-1.051975757515522,-6.056499556325045,-0.2695432894682548,False,False,False,False,False,True,0.006646262599637634,False,-0.18835615946217998,中性,4745.TWO,合富-KY,1,v1,phase6a,2026-07-12,0,1,3,1,1,1,v1,317,0.4794069192751236,317,0.4794069192751236,330,0.45799011532125206,^TWII,yfinance,2y,2026-09-22,scan_20260922_153922,False,False
True,0,-3.033331553141276,-2.633331298828125,True,False,賣出 (動能轉弱),98.80000305175781,2026-09-22 00:00:00,98.5800006866455,0.3999999999999915,False,True,0.59101577268104,False,0.0020669382384256923,201.70056890575512,0.0020342132208449595,0.001803319344019144,0.16962734664158763,2.484551144178382,28.345571744027254,0.16962734664158763,True,True,True,False,False,False,0.8016458129305777,False,-0.08093020416969476,偏強 (RS上升),2426.TW,鼎元,0,v1,phase6a,2026-07-12,1,1,2,1,0,1,v1,462,0.24052718286655683,462,0.24052718286655683,433,0.2883031301482702,^TWII,yfinance,2y,2026-09-22,scan_20260922_153922,False,False
True,0,0.2666664123535156,-0.04999987284342447,True,False,買入 (動能增強),30.0,2026-09-22 00:00:00,28.937499904632567,0.04499998092651225,False,True,1.4568776207869447,False,0.0006276128060470494,43.84540358467833,0.0006241414479450036,0.0006374599640497562,0.05857969711906552,-0.09402321508812372,-2.9623087117936597,0.05857969711906552,True,False,False,False,False,True,0.28332942412500695,False,-0.0461049515982247,中性,5210.TWO,寶碩,2,v1,phase6a,2026-07-12,0,2,4,2,2,2,v1,141,0.7693574958813838,141,0.7693574958813838,157,0.742998352553542,^TWII,yfinance,2y,2026-09-22,scan_20260922_153922,False,False
True,1,4.5,1.6666666666666665,True,False,買入 (動能增強),195.0,2026-09-22 00:00:00,181.6,0.5999999999999943,False,True,2.5835685446013685,True,0.004079483239305821,55.900316927600024,0.00394177838835433,0.00400387747477207,0.36909097074442343,0.6703513626952207,-3.8660227610254783,0.36909097074442343,True,True,False,False,False,True,0.1837514710247841,False,-0.2909861986777894,偏強 (RS上升),5483.TWO,中美晶,3,v1,phase6a,2026-07-12,1,4,5,4,3,4,v1,32,0.9489291598023064,32,0.9489291598023064,28,0.9555189456342669,^TWII,yfinance,2y,2026-09-22,scan_20260922_153922,True,False
True,0,-1.033334732055664,-1.6833343505859373,True,False,觀察 (跌勢收斂),53.099998474121094,2026-09-22 00:00:00,52.589999771118165,0.07500000000000284,False,True,1.631886528948532,True,0.0011108746347812393,32.49471067361534,0.0011315923852590981,0.001213144559504545,-0.19235027231734314,-1.1474199170316668,-5.670476640677302,-0.19235027231734314,False,False,False,False,False,False,0.005503949722445106,False,-0.27810794563013985,中性,3588.TW,通嘉,1,v1,phase6a,2026-07-12,0,1,3,1,1,1,v1,298,0.5107084019769358,298,0.5107084019769358,312,0.4876441515650741,^TWII,yfinance,2y,2026-09-22,scan_20260922_153922,False,False
True,0,-0.4416669209798177,-0.4750000635782877,True,False,觀察 (跌勢收斂),24.049999237060547,2026-09-21 00:00:00,24.675,-0.14750003814697266,False,False,0.6075534077417494,False,0.0005039937960731982,29.29293528718921,0.0005355509962438211,0.0005727523042341736,-0.6164368478853821,-1.3046733606821515,-8.68619047738367,-0.6164368478853821,False,False,False,False,False,False,0.0,False,-0.11384288814193211,中性,6482.TWO,弘煜科,1,v1,phase6a,2026-07-12,0,1,1,1,1,1,v1,361,0.40691927512355847,361,0.40691927512355847,368,0.3953871499176277,^TWII,yfinance,2y,2026-09-22,scan_20260922_153922,False,False
True,0,0.400000254313151,0.3250001271565755,True,False,買入 (動能增強),19.0,2026-09-22 00:00:00,17.355000019073486,0.12250003814697408,False,True,0.8673921805723499,False,0.0003974881104964646,23.685113824123782,0.00037713951249354394,0.00038998224350341115,0.5711924403370539,0.5254742596605633,-1.5711706352186994,0.5711924403370539,True,True,False,False,False,True,0.4870476405042317,False,0.0,偏強 (RS上升),2924.TWO,宏太-KY,2,v1,phase6a,2026-07-12,1,3,4,3,2,3,v1,99,0.8385502471169687,99,0.8385502471169687,56,0.9093904448105437,^TWII,yfinance,2y,2026-09-22,scan_20260922_153922,False,False
True,0,0.2999998728434245,0.2666667302449544,True,False,買入 (動能增強),28.799999237060547,2026-09-22 00:00:00,28.674999904632568,0.004999923706055398,False,True,0.38802865273280346,False,0.0006025082778441484,37.51748391847727,0.000619199019353389,0.000639905802641976,-0.2829379746729588,-0.5571050697384505,-3.619911089944383,-0.2829379746729588,False,False,False,False,False,False,0.0,False,-0.031932798754267355,中性,2608.TW,嘉里大榮,2,v1,phase6a,2026-07-12,0,2,4,2,2,2,v1,90,0.8533772652388797,90,0.8533772652388797,121,0.8023064250411862,^TWII,yfinance,2y,2026-09-22,scan_20260922_153922,False,False
True,2,-1.589457194056676e-07,-0.008333365122477218,True,False,觀察 (跌勢收斂),15.649999618530273,2026-09-22 00:00:00,15.625,0.0,False,True,1.1100325728517724,False,0.00032740467250736793,21.831249954024887,0.0003376845228512357,0.0003522672075837557,-0.31942035324523665,-0.9612004618389514,-5.355292753152419,-0.31942035324523665,False,False,False,False,False,False,0.0,False,-0.07669622925631858,中性,1539.TW,巨庭,1,v1,phase6a,2026-07-12,0,1,2,1,1,1,v1,224,0.6326194398682042,224,0.6326194398682042,244,0.5996705107084019,^TWII,yfinance,2y,2026-09-22,scan_20260922_153922,False,False
True,0,-0.008333206176757809,-0.008332888285319008,True,False,賣出 (動能轉弱),17.149999618530273,2026-09-22 00:00:00,17.182499980926515,-0.015000057220458274,True,False,0.4132328336648638,False,0.0003587853128097204,36.70537219766875,0.0003695613439262332,0.000381188467073666,-0.3059973930483406,-1.240377958245631,-3.5422217502451114,-0.3059973930483406,False,False,False,False,False,False,0.07043125069260277,False,-0.020000021798270096,中性,2505.TW,國揚,0,v1,phase6a,2026-07-12,0,0,0,0,0,0,v1,468,0.23064250411861614,468,0.23064250411861614,474,0.22075782537067545,^TWII,yfinance,2y,2026-09-22,scan_20260922_153922,False,False
True,0,0.391667366027832,0.36666742960611975,True,False,買入 (動能增強),31.100000381469727,2026-09-22 00:00:00,30.85750017166138,0.015000057220461827,False,True,1.6627601532045646,True,0.0006506252835826174,37.7412179616384,0.00066646240230743,0.0006878640697766845,-0.24951228918614898,-0.5657793887082874,-3.3780574843585764,-0.24951228918614898,False,False,False,False,False,False,0.015702237579493843,False,-0.01056971186272726,中性,1614.TW,三洋電,2,v1,phase6a,2026-07-12,0,2,4,2,2,2,v1,62,0.899505766062603,62,0.899505766062603,100,0.8369028006589786,^TWII,yfinance,2y,2026-09-22,scan_20260922_153922,False,False
True,0,-0.4250001907348633,-0.48333390553792316,True,False,觀察 (跌勢收斂),23.600000381469727,2026-09-22 00:00:00,23.625000190734863,0.015000057220458274,False,False,0.6417058451322316,False,0.000493722082070855,34.36697000507127,0.0005078295613199935,0.0005324672426417458,-0.29156791005913174,-1.0565538773180894,-4.166725546640504,-0.29156791005913174,False,False,False,False,False,False,0.0,False,-0.12658573377842186,中性,6229.TWO,研通,1,v1,phase6a,2026-07-12,0,1,2,1,1,1,v1,353,0.4200988467874794,353,0.4200988467874794,361,0.40691927512355847,^TWII,yfinance,2y,2026-09-22,scan_20260922_153922,False,False
True,1,-0.08999999364217122,-0.08166670799255371,True,False,賣出 (動能轉弱),7.670000076293945,2026-09-22 00:00:00,7.720499920845032,-0.0029999971389775837,False,False,1.0628559182566206,False,0.0001604596756754642,35.096141206793085,0.00016614700334356827,0.000172106548710463,-0.35902945631574035,-1.3147571515554013,-4.476180976526556,-0.35902945631574035,False,False,False,False,False,False,0.05167714856259774,False,-0.07142858792241935,中性,5512.TWO,力麒,0,v1,phase6a,2026-07-12,0,0,0,0,0,0,v1,525,0.13673805601317957,525,0.13673805601317957,527,0.13344316309719934,^TWII,yfinance,2y,2026-09-22,scan_20260922_153922,False,False
True,0,-0.058333079020182296,3.1789143880092685e-07,True,False,賣出 (動能轉弱),26.799999237060547,2026-09-22 00:00:00,26.91999969482422,0.0024999618530294754,False,False,1.0783694374817443,False,0.0005606674241076784,37.8056598916472,0.0005794114754164802,0.0006105403386551855,-0.33937229475311526,-0.8344907637433674,-3.6519908553084623,-0.33937229475311526,False,False,False,False,False,False,0.0,False,-0.10963458812581073,中性,6124.TWO,業強,0,v1,phase6a,2026-07-12,0,0,1,0,0,0,v1,533,0.12355848434925865,533,0.12355848434925865,535,0.12026359143327842,^TWII,yfinance,2y,2026-09-22,scan_20260922_153922,False,False
True,0,0.31666692097981763,0.23333342870076496,True,False,買入 (動能增強),12.550000190734863,2026-09-22 00:00:00,12.427500104904174,0.01500000953674352,False,True,1.1853123786737203,False,0.00026255136118660377,32.51296923666605,0.0002688461746691482,0.00027940417357627263,-0.24585912535695087,-0.4915582040207256,-3.7212616558575995,-0.24585912535695087,False,False,False,False,False,True,0.05016674371590599,False,-0.03419600311737436,中性,1454.TW,台富,2,v1,phase6a,2026-07-12,0,2,4,2,2,2,v1,54,0.9126853377265239,54,0.9126853377265239,92,0.8500823723228995,^TWII,yfinance,2y,2026-09-22,scan_20260922_153922,False,False
True,2,-0.09166622161865234,-0.09166622161865233,True,False,賣出 (動能轉弱),17.950000762939453,2026-09-22 00:00:00,18.025,-0.004999923706055398,True,False,0.9124177153507322,False,0.0003755216782458369,26.97397517685887,0.0003891233123214978,0.0004167162155862973,-0.3665938788042,-1.2255657976830703,-5.4595421589944015,-0.3665938788042,False,False,False,False,False,False,0.0,False,-0.09571786307389452,中性,1586.TWO,和勤,0,v1,phase6a,2026-07-12,0,0,0,0,0,0,v1,440,0.27677100494233936,440,0.27677100494233936,451,0.2586490939044481,^TWII,yfinance,2y,2026-09-22,scan_20260922_153922,False,False
True,1,0.5833333333333333,0.08333333333333322,True,False,買入 (動能增強),124.5,2026-09-22 00:00:00,125.7,-0.09999999999999432,True,False,1.0525284941288466,False,0.002604593145095255,49.56908252319032,0.002720488996730198,0.0028070303389831053,-0.44643079743141856,-1.3347750422322169,-7.024977220308804,-0.44643079743141856,False,False,False,False,False,False,0.040573579679279916,False,-0.14137931034482754,中性,1736.TW,喬山,3,v1,phase6a,2026-07-12,0,3,3,3,3,3,v1,21,0.9670510708401977,21,0.9670510708401977,41,0.9341021416803954,^TWII,yfinance,2y,2026-09-22,scan_20260922_153922,True,False
True,1,0.05833323796590169,0.06666644414265949,True,False,觀望 (動能減弱),14.0,2026-09-22 00:00:00,13.964999914169312,0.007499980926514382,False,True,0.9395072747265858,False,0.00029288597615528974,33.68998457658585,0.0003008853545755836,0.0003119360674347805,-0.27907304716683345,-0.817093673500846,-3.164601330085104,-0.27907304716683345,False,False,False,False,False,False,0.011010250269840231,False,-0.047619035261751486,中性,9919.TW,康那香,0,v1,phase6a,2026-07-12,0,0,2,0,0,0,v1,602,0.009884678747940691,602,0.009884678747940691,602,0.009884678747940691,^TWII,yfinance,2y,2026-09-22,scan_20260922_153922,False,False
True,0,-1.4416656494140625,-1.2749989827473958,True,False,賣出 (動能轉弱),46.0,2026-09-22 00:00:00,47.45750007629395,-0.05249996185302308,False,False,0.7656301046811385,False,0.0009623396359388091,35.99920775628729,0.001019945389314048,0.001075827504257647,-0.5910048167186543,-1.6399533200471494,-6.219102610077309,-0.5910048167186543,False,False,False,False,False,False,0.0,False,-0.20277297414620366,中性,6928.TW,攸泰科技,0,v1,phase6a,2026-07-12,0,0,0,0,0,0,v1,568,0.06589785831960461,568,0.06589785831960461,568,0.06589785831960461,^TWII,yfinance,2y,2026-09-22,scan_20260922_153922,False,False
True,0,-0.21666685740152994,-0.3249998092651367,True,False,觀察 (跌勢收斂),20.5,2026-09-22 00:00:00,20.370000171661378,0.00500001907348846,False,True,1.1500459291828635,False,0.0004288687507988171,47.959480084276535,0.00043869196389355883,0.000453964952155202,-0.23515154054648546,-1.2022419717197086,-5.132471420806562,-0.23515154054648546,False,False,False,False,False,False,0.0378683677272201,False,-0.09292036929307157,中性,2610.TW,華航,1,v1,phase6a,2026-07-12,0,1,3,1,1,1,v1,263,0.5683690280065898,263,0.5683690280065898,280,0.5403624382207578,^TWII,yfinance,2y,2026-09-22,scan_20260922_153922,False,False
True,1,-0.15833330154418945,-0.16666650772094724,True,False,觀察 (跌勢收斂),12.25,2026-09-22 00:00:00,12.38250002861023,0.019999980926513672,False,False,0.5367327240636305,False,0.0002562752291358785,37.96846993312258,0.00026516770567522,0.00027655508695464677,-0.35176134928679437,-0.7839601260659523,-1.146929435722066,-0.35176134928679437,False,False,False,False,False,False,0.0,False,-0.20069648932120854,中性,1304.TW,台聚,1,v1,phase6a,2026-07-12,0,1,2,1,1,1,v1,206,0.6622734761120264,206,0.6622734761120264,226,0.6293245469522241,^TWII,yfinance,2y,2026-09-22,scan_20260922_153922,False,False
True,0,-0.7250010172526041,-0.8833344777425131,True,False,觀察 (跌勢收斂),37.20000076293945,2026-09-22 00:00:00,37.2125,-0.027499961853031607,False,False,0.9131562254780042,False,0.0007782398954593603,38.46055723983033,0.0008123371921728421,0.0008659326213827218,-0.43989129534134364,-1.9155826159964473,-12.759741596073958,-0.43989129534134364,False,False,False,False,False,False,0.0,False,-0.29678639527560213,中性,2425.TW,承啟,1,v1,phase6a,2026-07-12,0,1,1,1,1,1,v1,253,0.5848434925864909,253,0.5848434925864909,271,0.5551894563426688,^TWII,yfinance,2y,2026-09-22,scan_20260922_153922,False,False
True,0,1.9166666666666667,1.0833333333333333,True,False,買入 (動能增強),115.5,2026-09-22 00:00:00,113.25,0.07500000000000284,False,True,0.6234179724330962,False,0.00241630930328114,83.69315034010302,0.0024837739170868525,0.002625258451949094,-0.2851021025556677,-0.1339463142829067,-10.577016083775103,-0.2851021025556677,False,False,False,False,False,True,0.08938106515709945,False,-0.27812499999999996,中性,3577.TWO,泓格,2,v1,phase6a,2026-07-12,0,2,4,2,2,2,v1,116,0.8105436573311368,116,0.8105436573311368,137,0.7759472817133443,^TWII,yfinance,2y,2026-09-22,scan_20260922_153922,False,False
True,0,-0.22499990463256833,-0.2999998728434245,True,False,觀察 (跌勢收斂),10.850000381469727,2026-09-22 00:00:00,10.759999990463257,0.0025000095367424535,False,True,1.4915980922882601,False,0.00022698663950085904,43.64914673268521,0.0002308170067609325,0.00023815213032461557,-0.1743777351252085,-0.7172691825369504,-3.1561234658480486,-0.1743777351252085,False,False,False,False,False,False,0.09716610711003773,False,-0.09583330154418945,中性,2323.TW,中環,2,v1,phase6a,2026-07-12,0,2,4,2,2,2,v1,76,0.8764415156507414,76,0.8764415156507414,114,0.8138385502471169,^TWII,yfinance,2y,2026-09-22,scan_20260922_153922,True,False
True,1,-0.1333351135253906,-0.15000152587890625,True,False,觀察 (跌勢收斂),71.5,2026-09-22 00:00:00,70.85,0.2515430450439453,False,True,0.835086110243499,False,0.001495810521078801,25.41959368452612,0.0015125217715989648,0.001510008260477559,-0.11616596758945441,-0.03551092637796849,2.7581248197807717,-0.11616596758945441,False,False,True,False,False,True,0.5944691901423863,False,-0.008321754324813968,中性,6612.TWO,奈米醫材,1,v1,phase6a,2026-07-12,0,1,3,1,1,1,v1,370,0.39209225700164746,370,0.39209225700164746,377,0.3805601317957166,^TWII,yfinance,2y,2026-09-22,scan_20260922_153922,False,False
True,1,-0.1400000254313151,-0.163333257039388,True,False,觀察 (跌勢收斂),8.039999961853027,2026-09-22 00:00:00,8.134000062942505,-0.019500017166137695,False,False,0.7284529577523208,False,0.0001682002312225583,12.815149335560589,0.0001761454639436696,0.00019272307250202853,-0.47255721573807863,-1.6898265996659223,-8.894967036325385,-0.47255721573807863,False,False,False,False,False,False,0.0,False,-0.15987458534598153,中性,2726.TWO,雅茗-KY,1,v1,phase6a,2026-07-12,0,1,1,1,1,1,v1,270,0.556836902800659,270,0.556836902800659,287,0.528830313014827,^TWII,yfinance,2y,2026-09-22,scan_20260922_153922,False,False
True,1,-0.11666742960611978,-0.19166723887125653,True,False,觀察 (跌勢收斂),18.25,2026-09-22 00:00:00,18.277499961853028,0.0,False,False,1.1288468214505791,False,0.00038179779034528836,27.731604921528433,0.0003937228280890532,0.00039572487370403,-0.31780677108778077,-0.8181651545627999,-4.601637669872338,-0.31780677108778077,False,False,False,False,False,False,0.3483851110490354,False,-0.10319412000512496,中性,6804.TWO,明係,2,v1,phase6a,2026-07-12,0,2,2,2,2,2,v1,181,0.7034596375617792,181,0.7034596375617792,194,0.6820428336079077,^TWII,yfinance,2y,2026-09-22,scan_20260922_153922,True,False
True,1,-0.050000190734863274,-0.058333555857340486,True,False,觀察 (跌勢收斂),14.800000190734863,2026-09-22 00:00:00,14.790000009536744,0.00250000953674423,False,True,0.3197965175681053,False,0.00030962232164013245,39.98014522758085,0.00031794728118863277,0.00032593762703758407,-0.2748578058307416,-0.9025504772256165,-2.9047051299492366,-0.2748578058307416,False,False,False,False,False,False,0.010289497440191173,False,-0.010033419427692092,中性,2109.TW,華豐,1,v1,phase6a,2026-07-12,0,1,3,1,1,1,v1,242,0.6029654036243822,242,0.6029654036243822,261,0.57166392092257,^TWII,yfinance,2y,2026-09-22,scan_20260922_153922,False,False
True,0,-2.5,-2.5833333333333335,True,False,觀察 (跌勢收斂),253.0,2026-09-22 00:00:00,250.875,0.5,False,True,1.2904865509813215,False,0.00529286799766345,69.93247311049579,0.005397890253839284,0.005522300261129175,-0.20438318134035072,-0.8753594275553445,-3.5276692931879072,-0.20438318134035072,False,False,False,False,False,False,0.21300733497664157,False,-0.062962962962963,中性,2317.TW,鴻海,2,v1,phase6a,2026-07-12,0,2,4,2,2,2,v1,75,0.8780889621087314,75,0.8780889621087314,113,0.8154859967051071,^TWII,yfinance,2y,2026-09-22,scan_20260922_153922,True,False
True,0,0.34999974568684894,0.28333282470703125,True,False,買入 (動能增強),70.19999694824219,2026-09-22 00:00:00,69.70500030517579,0.05999984741211506,False,True,1.2384850694816072,False,0.0014686139023060195,37.81448408363158,0.0015023476662407221,0.0015422100381675488,-0.2358009062460198,-0.6461477735623222,-2.8449368759472793,-0.2358009062460198,False,False,False,False,False,False,0.042912289916184024,False,-0.004255362436280996,中性,9927.TW,泰銘,4,v1,phase6a,2026-07-12,0,4,6,4,4,4,v1,16,0.9752883031301482,16,0.9752883031301482,20,0.9686985172981878,^TWII,yfinance,2y,2026-09-22,scan_20260922_153922,False,True
True,0,1.4166666666666665,0.9166666666666667,True,False,買入 (動能增強),118.5,2026-09-22 00:00:00,115.95,0.17499999999999716,False,True,0.9026718159405684,False,0.002479070583885845,56.34734525553619,0.0025047071127971615,0.0025221705759627374,-0.10762446604768439,0.034444304081526766,-2.7157521613737856,-0.10762446604768439,False,False,False,False,False,True,0.5095768416648835,False,-0.024691358024691357,中性,3005.TW,神基,2,v1,phase6a,2026-07-12,1,3,4,3,2,3,v1,100,0.8369028006589786,100,0.8369028006589786,57,0.9077429983525536,^TWII,yfinance,2y,2026-09-22,scan_20260922_153922,False,False
True,1,-0.5333328247070312,-0.24999936421712238,True,False,賣出 (動能轉弱),58.79999923706055,2026-09-22 00:00:00,59.3,-0.06499996185303303,False,False,1.21542092927217,False,0.0012301210838911978,45.55717514160061,0.0012708503248184567,0.0013072462579691447,-0.3362216339488966,-0.7069859503338383,-1.5576264589322264,-0.3362216339488966,False,False,False,False,False,False,0.16402690715618443,False,-0.11844075071415483,中性,6792.TW,詠業,0,v1,phase6a,2026-07-12,0,0,0,0,0,0,v1,561,0.07742998352553541,561,0.07742998352553541,561,0.07742998352553541,^TWII,yfinance,2y,2026-09-22,scan_20260922_153922,False,False
True,0,-8.944844563802082,-12.010615030924479,True,False,觀察 (跌勢收斂),384.0,2026-09-22 00:00:00,387.2876800537109,-0.7746551513671989,True,False,0.8298483828304042,False,0.008033443917402232,230.23294862914545,0.008297646653033676,0.008531828917429226,-0.3340454790165204,-1.3456123271394782,-4.2167252442860015,-0.3340454790165204,False,False,False,False,False,False,0.12629288626030047,False,-0.08262311403476152,中性,3260.TWO,威剛,1,v1,phase6a,2026-07-12,0,1,1,1,1,1,v1,285,0.5321252059308073,285,0.5321252059308073,301,0.5057660626029654,^TWII,yfinance,2y,2026-09-22,scan_20260922_153922,False,False
True,0,-0.7499974568684895,-1.3333307902018228,True,False,觀察 (跌勢收斂),73.80000305175781,2026-09-22 00:00:00,73.67000007629395,0.0,False,True,0.7793076071286797,False,0.0015439275667198176,93.94048353860198,0.0015851785366965186,0.0016198467293519684,-0.27317714362574685,-0.9620616527048376,-4.664872778970608,-0.27317714362574685,False,False,False,False,False,False,0.0,False,-0.1297169764638585,中性,2423.TW,固緯,2,v1,phase6a,2026-07-12,0,2,3,2,2,2,v1,82,0.8665568369028006,82,0.8665568369028006,116,0.8105436573311368,^TWII,yfinance,2y,2026-09-22,scan_20260922_153922,True,False
True,2,0.016666730244954426,0.02499993642171224,True,False,觀望 (動能減弱),17.600000381469727,2026-09-22 00:00:00,17.604999923706053,0.0025000572204589844,False,False,0.41683012946253434,False,0.00036819952086144516,35.632115593616284,0.00037901970277863425,0.0003902887326351614,-0.29960293150945727,-0.8634439176920528,-3.2713556406575917,-0.29960293150945727,False,False,False,False,False,False,0.049524722292012595,False,-0.038251305178920725,中性,4440.TW,宜新實業,2,v1,phase6a,2026-07-12,0,2,3,2,2,2,v1,127,0.7924217462932455,127,0.7924217462932455,147,0.7594728171334432,^TWII,yfinance,2y,2026-09-22,scan_20260922_153922,False,True
True,0,5.166666666666667,5.666666666666667,True,False,觀望 (動能減弱),703.0,2026-09-22 00:00:00,682.75,1.6499999999999773,False,True,0.611212460221142,False,0.014707060088369191,102.18486522066492,0.014633168656906156,0.013712947595370582,0.05318179612276985,0.7613619422928153,2.1893880716061798,0.05318179612276985,True,True,True,False,False,True,0.839104473793042,False,-0.011251758087201136,偏強 (RS上升),2395.TW,研華,0,v1,phase6a,2026-07-12,2,2,2,2,0,2,v1,460,0.24382207578253706,460,0.24382207578253706,218,0.642504118616145,^TWII,yfinance,2y,2026-09-22,scan_20260922_153922,False,False
True,0,3.499999999999999,2.333333333333333,True,False,買入 (動能增強),112.0,2026-09-22 00:00:00,111.025,0.025000000000005684,False,True,0.5931083703893956,False,0.002343087809242318,138.8748780241564,0.0023532273477065227,0.0022880621826965055,-0.04533501490067149,2.106338443970701,10.336630983368655,-0.04533501490067149,False,True,True,False,False,False,0.7785527105630029,False,-0.05485232067510548,中性,6588.TWO,東典光電,2,v1,phase6a,2026-07-12,0,2,4,2,2,2,v1,171,0.7199341021416804,171,0.7199341021416804,185,0.6968698517298187,^TWII,yfinance,2y,2026-09-22,scan_20260922_153922,False,False
True,1,0.008333206176757812,0.024999936421712235,True,False,觀望 (動能減弱),24.0,2026-09-22 00:00:00,24.479999923706053,-0.02500000000000213,False,False,2.250961787023098,True,0.0005020902448376395,37.48524863654768,0.0005266854987023456,0.0005468622958942163,-0.48915529165005633,-1.182321705031053,-3.8934975472434408,-0.48915529165005633,False,False,False,False,False,False,0.0,False,-0.06066533398608698,中性,6496.TWO,科懋,2,v1,phase6a,2026-07-12,0,2,2,2,2,2,v1,162,0.7347611202635914,162,0.7347611202635914,177,0.7100494233937397,^TWII,yfinance,2y,2026-09-22,scan_20260922_153922,False,True
True,0,-0.35000038146972656,-0.4666668574015299,True,False,觀察 (跌勢收斂),17.899999618530273,2026-09-22 00:00:00,18.312499904632567,0.022499942779539595,False,False,1.5060173319833587,True,0.0003744756329608966,35.12071646076138,0.0003917819298054459,0.0004102868105325922,-0.46282992529320666,-1.4313365339752915,-3.6567891171144895,-0.46282992529320666,False,False,False,False,False,False,0.0,False,-0.27676769218059505,中性,5011.TWO,久陽,2,v1,phase6a,2026-07-12,0,2,3,2,2,2,v1,140,0.771004942339374,140,0.771004942339374,156,0.7446457990115322,^TWII,yfinance,2y,2026-09-22,scan_20260922_153922,True,False
True,1,-0.2166659037272135,-0.28333282470703125,True,False,觀察 (跌勢收斂),88.5999984741211,2026-09-22 00:00:00,88.85999946594238,-0.015000152587887783,False,False,0.4088587689446498,False,0.0018535497886035812,26.790927927768685,0.0019182735340416224,0.002026862150905139,-0.3539075061652186,-0.8724009146453771,-4.7914356350192815,-0.3539075061652186,False,False,False,False,False,False,0.0,False,-0.07419016405989032,中性,7757.TWO,金色三麥,1,v1,phase6a,2026-07-12,0,1,1,1,1,1,v1,395,0.35090609555189456,395,0.35090609555189456,402,0.3393739703459638,^TWII,yfinance,2y,2026-09-22,scan_20260922_153922,False,False
False,0,-0.5,-0.6499996185302733,False,True,強烈賣出 (跌破),53.599998474121094,2026-09-22 00:00:00,53.23499984741211,0.004999923706058951,False,True,0.7433418940032137,False,0.0011213348482153568,30.486137298387305,0.0011498863239717179,0.0012310063772849897,-0.2606852308807861,-0.7248116095720514,-5.775558883392373,-0.2606852308807861,False,False,False,False,False,False,0.011773892127994873,False,-0.20827177414647136,中性,6841.TWO,長佳智能,0,v1,phase6a,2026-07-12,0,0,2,0,0,0,v1,564,0.07248764415156507,564,0.07248764415156507,564,0.07248764415156507,^TWII,yfinance,2y,2026-09-22,scan_20260922_153922,False,False
True,0,-28.071889241536457,-15.828725179036459,True,False,賣出 (動能轉弱),547.0,2026-09-22 00:00:00,555.3941864013672,2.7999999999999545,False,False,0.6597557191682356,False,0.011443473496924534,137.386435224046,0.011521167956713112,0.011174250901892627,-0.07093519407466164,-0.01235590556164512,21.51668887895053,-0.07093519407466164,False,True,True,False,False,False,0.7050547425489871,False,-0.0852842809364549,中性,6830.TW,汎銓,0,v1,phase6a,2026-07-12,0,0,1,0,0,0,v1,563,0.07413509060955518,563,0.07413509060955518,563,0.07413509060955518,^TWII,yfinance,2y,2026-09-22,scan_20260922_153922,False,False
True,0,-6.499999999999999,-8.083333333333334,True,False,觀察 (跌勢收斂),237.5,2026-09-22 00:00:00,236.775,0.375,False,True,0.41141568723623095,False,0.004968601381205808,42.518737454371106,0.005040292422695217,0.00512957779073949,-0.14949814459224164,-0.3095753665731671,1.1302195305598506,-0.14949814459224164,False,False,False,False,False,False,0.375640465630898,False,-0.050000000000000044,中性,6953.TWO,家碩,1,v1,phase6a,2026-07-12,0,1,3,1,1,1,v1,390,0.35914332784184516,390,0.35914332784184516,397,0.34761120263591433,^TWII,yfinance,2y,2026-09-22,scan_20260922_153922,False,False
True,1,-1.5833333333333333,-2.333333333333333,True,False,觀察 (跌勢收斂),172.5,2026-09-22 00:00:00,173.775,0.09999999999999432,False,False,0.5110474921931873,False,0.003608773634770534,87.8511972821637,0.0037663905395204198,0.003984727413766963,-0.4385760767813718,-1.5311482416359268,-8.75377951357661,-0.4385760767813718,False,False,False,False,False,False,0.0,False,-0.31411530815109345,中性,2645.TW,長榮航太,1,v1,phase6a,2026-07-12,0,1,2,1,1,1,v1,267,0.5617792421746294,267,0.5617792421746294,284,0.5337726523887973,^TWII,yfinance,2y,2026-09-22,scan_20260922_153922,False,False
True,0,-0.3250001271565755,-0.3083333969116211,True,False,賣出 (動能轉弱),18.149999618530273,2026-09-22 00:00:00,18.432499980926515,-0.017500019073484196,True,False,0.8503480867930281,False,0.00037970573967795537,33.660094479361454,0.00039655701578561817,0.0004161478067065727,-0.4453128868776246,-1.6358423874331174,-5.233453989088788,-0.4453128868776246,False,False,False,False,False,False,0.004860810049738942,False,-0.13776720777379148,中性,6916.TW,華凌,0,v1,phase6a,2026-07-12,0,0,0,0,0,0,v1,567,0.06754530477759473,567,0.06754530477759473,567,0.06754530477759473,^TWII,yfinance,2y,2026-09-22,scan_20260922_153922,False,False
True,0,-0.4083337783813476,-0.5083335240681965,True,False,觀察 (跌勢收斂),20.75,2026-09-22 00:00:00,20.922500133514404,-0.0024999618530259227,False,False,0.39123074821653564,False,0.0004340988575158758,18.579227309611678,0.00044718238556309454,0.00044726300738047036,-0.30703020994239383,-0.8697750497903778,-1.4593137546184631,-0.30703020994239383,False,False,False,False,False,False,0.5455042383122142,False,-0.08991225024816452,中性,3712.TW,永崴投控,1,v1,phase6a,2026-07-12,0,1,1,1,1,1,v1,304,0.500823723228995,304,0.500823723228995,318,0.47775947281713343,^TWII,yfinance,2y,2026-09-22,scan_20260922_153922,False,False
True,1,-0.06833322842915851,-0.048333247502644845,True,False,賣出 (動能轉弱),4.199999809265137,2026-09-22 00:00:00,4.240000009536743,-0.0005000114440916192,False,False,2.0328846792177617,True,8.786578885633216e-05,39.79950368671162,9.136927854842196e-05,9.587448253837458e-05,-0.40200148199550645,-0.6779921757115948,-4.199251064718079,-0.40200148199550645,False,False,False,False,False,False,0.008412172449717075,False,-0.1600000381469726,中性,5701.TWO,劍湖山,1,v1,phase6a,2026-07-12,0,1,1,1,1,1,v1,337,0.4464579901153213,337,0.4464579901153213,349,0.42668863261943984,^TWII,yfinance,2y,2026-09-22,scan_20260922_153922,True,False
True,0,0.2000004450480143,0.10000038146972656,True,False,買入 (動能增強),17.649999618530273,2026-09-22 00:00:00,17.39749994277954,0.00749998092651083,False,True,1.9247789547551748,True,0.0003692455262438379,39.948463577392545,0.00037636862383164164,0.0003910935826302331,-0.19882341970228756,-0.4460288691915948,-4.791050736680546,-0.19882341970228756,False,False,False,False,False,True,0.07080162946733463,False,-0.024861920080407884,中性,1463.TW,強盛新,2,v1,phase6a,2026-07-12,0,2,4,2,2,2,v1,56,0.9093904448105437,56,0.9093904448105437,94,0.8467874794069192,^TWII,yfinance,2y,2026-09-22,scan_20260922_153922,False,False
True,0,0.9999987284342446,0.6333312988281249,True,False,買入 (動能增強),71.80000305175781,2026-09-22 00:00:00,70.95849990844727,0.1513034820556669,False,True,0.7372269648302869,False,0.0015020867129833476,161.46554649536924,0.0015244823383931117,0.001530785064855,-0.1543995837607004,0.2367318621814274,0.4937788376669916,-0.1543995837607004,False,False,False,False,False,False,0.5657201238980435,False,-0.08117324718666374,中性,6770.TW,力積電,2,v1,phase6a,2026-07-12,0,2,4,2,2,2,v1,179,0.7067545304777595,179,0.7067545304777595,192,0.685337726523888,^TWII,yfinance,2y,2026-09-22,scan_20260922_153922,False,False
True,0,-0.7500000000000004,2.416666666666666,True,False,賣出 (動能轉弱),180.5,2026-09-22 00:00:00,185.05,0.10000000000002274,False,False,1.3093603204038808,False,0.003776137049716414,88.886504671135,0.003971534474866999,0.0038855164121666254,-0.5152209737206981,-0.831259698932374,-1.1469517649904226,-0.5152209737206981,False,False,True,False,False,False,0.45991065667170344,False,-0.08838383838383834,中性,3231.TW,緯創,0,v1,phase6a,2026-07-12,0,0,1,0,0,0,v1,492,0.19110378912685339,492,0.19110378912685339,495,0.18616144975288304,^TWII,yfinance,2y,2026-09-22,scan_20260922_153922,False,False
True,1,-0.15833330154418945,-0.12499999999999999,True,False,賣出 (動能轉弱),15.550000190734863,2026-09-22 00:00:00,15.652499961853028,-0.0049999713897701525,True,False,1.5186508682841202,True,0.0003253126417913087,34.99904129368104,0.0003368694303415007,0.0003481032315313919,-0.359820960926982,-1.1272526317066545,-4.279152547216114,-0.359820960926982,False,False,False,False,False,False,0.08197098839369728,False,-0.04580006727532815,中性,4432.TWO,銘旺實,0,v1,phase6a,2026-07-12,0,0,0,0,0,0,v1,512,0.15815485996705106,512,0.15815485996705106,514,0.15485996705107083,^TWII,yfinance,2y,2026-09-22,scan_20260922_153922,False,False
True,0,11.75,11.333333333333332,True,False,買入 (動能增強),171.0,2026-09-22 00:00:00,156.875,1.6999999999999886,False,True,0.7567171737278183,False,0.0035773929944681814,138.3107000602123,0.0033868638359180205,0.0033302774138007584,0.5956888570934016,3.6308772757808416,9.008522165182908,0.5956888570934016,True,True,True,False,False,True,0.406838603750291,False,-0.24835164835164836,偏強 (RS上升),2481.TW,強茂,3,v1,phase6a,2026-07-12,2,5,5,5,3,5,v1,24,0.9621087314662273,24,0.9621087314662273,7,0.9901153212520593,^TWII,yfinance,2y,2026-09-22,scan_20260922_153922,True,False
True,0,-0.53333314259847,-0.41666666666666663,True,False,賣出 (動能轉弱),25.200000762939453,2026-09-22 00:00:00,25.78000020980835,-0.0024999618530259227,False,False,1.489062193242244,False,0.0005271947730405405,25.667392470332096,0.0005509486099333142,0.00056544453669631,-0.45178576906410584,-1.3598011733655935,-1.8138566742133655,-0.45178576906410584,False,False,False,False,False,False,0.05716722869508762,False,-0.05151468749477284,中性,4190.TW,佐登-KY,0,v1,phase6a,2026-07-12,0,0,0,0,0,0,v1,510,0.1614497528830313,510,0.1614497528830313,512,0.15815485996705106,^TWII,yfinance,2y,2026-09-22,scan_20260922_153922,False,False
True,0,-0.025000095367431648,-0.10000006357828775,True,False,觀察 (跌勢收斂),10.600000381469727,2026-09-22 00:00:00,10.592500019073487,-0.01249999999999929,True,True,1.5230668067376303,True,0.0002217565327838003,40.76652728639888,0.0002277570550030308,0.00023793596080552836,-0.27656094563975886,-0.6237955402647155,-3.373307644631962,-0.27656094563975886,False,False,False,False,False,False,0.13025601002045914,False,-0.04072396393643951,中性,5521.TW,工信,1,v1,phase6a,2026-07-12,0,1,2,1,1,1,v1,335,0.4497528830313015,335,0.4497528830313015,347,0.4299835255354201,^TWII,yfinance,2y,2026-09-22,scan_20260922_153922,False,False
True,0,0.7166678110758463,0.5750007629394531,True,False,買入 (動能增強),38.900001525878906,2026-09-22 00:00:00,37.99749965667725,0.05500011444092223,False,True,0.4349010973498521,False,0.0008138046370963788,45.79815096153637,0.0008245857241434676,0.0008581734769108164,-0.1374376879913486,0.17906476325062481,-4.337933090949486,-0.1374376879913486,False,False,False,False,False,True,0.09701436922135187,False,-0.04069044986993808,中性,6708.TWO,天擎,2,v1,phase6a,2026-07-12,1,3,4,3,2,3,v1,177,0.7100494233937397,177,0.7100494233937397,68,0.8896210873146623,^TWII,yfinance,2y,2026-09-22,scan_20260922_153922,False,False
True,0,1.3333333333333335,-2.1666666666666665,True,False,買入 (動能增強),292.0,2026-09-22 00:00:00,279.525,0.9249999999999545,False,True,1.3518230641634779,False,0.006108764645524614,105.54488423943047,0.006009573192830007,0.006161031287862735,0.17404527136481995,0.37271092281172535,-0.8252296259220415,0.17404527136481995,True,False,False,False,False,True,0.39109073269709127,False,-0.1357023079960934,偏強 (RS上升),6239.TW,力成,2,v1,phase6a,2026-07-12,1,3,4,3,2,3,v1,158,0.7413509060955519,158,0.7413509060955519,66,0.8929159802306426,^TWII,yfinance,2y,2026-09-22,scan_20260922_153922,False,False
True,0,-0.34166653951009107,-0.5249996185302734,True,False,觀察 (跌勢收斂),31.350000381469727,2026-09-22 00:00:00,31.88499984741211,0.03000001907348704,False,False,1.3781263010268126,False,0.0006558553902996762,29.68836903611574,0.0006865695924445135,0.0007374635357251164,-0.468695478819936,-0.8627862177909229,-5.149121562724124,-0.468695478819936,False,False,False,False,False,False,0.0,False,-0.25044310534647773,中性,6698.TW,旭暉應材,1,v1,phase6a,2026-07-12,0,1,2,1,1,1,v1,375,0.38385502471169686,375,0.38385502471169686,382,0.3723228995057661,^TWII,yfinance,2y,2026-09-22,scan_20260922_153922,False,False
True,0,0.23333358764648438,0.3333333333333333,True,False,觀望 (動能減弱),49.29999923706055,2026-09-22 00:00:00,49.23749980926514,0.022500038146972656,False,True,0.4037301331198405,False,0.0010313770286429654,45.82927605560688,0.0010608581739080809,0.001085781962173263,-0.29167207534490647,-0.8088971985383719,-3.175510460829467,-0.29167207534490647,False,False,False,False,False,False,0.0864178196590469,False,-0.010040160796386255,中性,9926.TW,新海,0,v1,phase6a,2026-07-12,0,0,2,0,0,0,v1,603,0.008237232289950576,603,0.008237232289950576,603,0.008237232289950576,^TWII,yfinance,2y,2026-09-22,scan_20260922_153922,False,False
True,1,-0.1333333651224772,-0.10000006357828775,True,False,賣出 (動能轉弱),11.899999618530273,2026-09-22 00:00:00,11.97999997138977,-0.005000019073486683,False,False,0.657004189181067,False,0.00024895307175148675,50.36260832022477,0.00025781647689346055,0.0002699911671827389,-0.3605765940669192,-1.0106914800488864,-3.9153397988380023,-0.3605765940669192,False,False,False,False,False,False,0.0,False,-0.1261405539200039,中性,2515.TW,中工,0,v1,phase6a,2026-07-12,0,0,0,0,0,0,v1,470,0.2273476112026359,470,0.2273476112026359,476,0.21746293245469522,^TWII,yfinance,2y,2026-09-22,scan_20260922_153922,False,False
True,1,-0.28333536783854163,-0.1833343505859375,True,False,賣出 (動能轉弱),93.19999694824219,2026-09-22 00:00:00,93.19500007629395,0.019999694824221592,False,True,0.5880027055250355,False,0.001949783720275424,41.998407562899615,0.002005310881104182,0.002072505166708418,-0.29062711928203866,-0.820052654827852,-3.094181748152325,-0.29062711928203866,False,False,False,False,False,False,0.002211376444251657,False,-0.026123302818411687,中性,5403.TWO,中菲,0,v1,phase6a,2026-07-12,0,0,2,0,0,0,v1,523,0.1400329489291598,523,0.1400329489291598,525,0.13673805601317957,^TWII,yfinance,2y,2026-09-22,scan_20260922_153922,False,False
True,0,1.0999997456868489,1.4833329518636067,True,False,觀望 (動能減弱),62.900001525878906,2026-09-22 00:00:00,62.73500022888184,-0.04499988555907919,False,True,0.18553228703366972,False,0.0013158948819340182,74.35815396968341,0.0013378906400883198,0.0013028128406071535,-0.17276023185167633,-0.0036973747731261497,5.805574782483425,-0.17276023185167633,False,True,True,False,False,False,0.6975606387299792,False,-0.03230766883263225,中性,2612.TW,中航,0,v1,phase6a,2026-07-12,0,0,1,0,0,0,v1,474,0.22075782537067545,474,0.22075782537067545,479,0.21252059308072488,^TWII,yfinance,2y,2026-09-22,scan_20260922_153922,False,False
True,0,10.0,5.333333333333333,True,False,買入 (動能增強),635.0,2026-09-22 00:00:00,619.9,0.9499999999999318,False,True,1.059931249692072,False,0.013284471061329212,125.53449504694368,0.013392063332661804,0.013661743084158906,-0.0844973042641306,-0.03091560711707686,-3.1863647477092027,-0.0844973042641306,False,False,False,False,False,True,0.1467921199776904,False,-0.057274533688500884,中性,6691.TW,洋基工程,2,v1,phase6a,2026-07-12,0,2,4,2,2,2,v1,175,0.71334431630972,175,0.71334431630972,189,0.6902800658978583,^TWII,yfinance,2y,2026-09-22,scan_20260922_153922,False,False
True,0,-0.07500012715657553,-0.15833346048990887,True,False,觀察 (跌勢收斂),23.0,2026-09-22 00:00:00,23.007499980926514,0.0,False,False,0.20754239433054922,False,0.00048116981796940454,28.02141425720108,0.0004946680075093781,0.000523712313710408,-0.28641280706048766,-0.8095809993237224,-3.2645794524129634,-0.28641280706048766,False,False,False,False,False,False,0.0,False,-0.023769078040595915,中性,6671.TW,三能-KY,1,v1,phase6a,2026-07-12,0,1,1,1,1,1,v1,372,0.38879736408566723,372,0.38879736408566723,379,0.3772652388797364,^TWII,yfinance,2y,2026-09-22,scan_20260922_153922,False,False
True,0,-0.11666695276896158,-0.08333349227905272,True,False,賣出 (動能轉弱),12.149999618530273,2026-09-22 00:00:00,12.172500085830688,-0.007500028610230913,False,False,1.2003111382280738,False,0.0002541831784685455,15.64595751363547,0.0002624225375538494,0.0002777829078230588,-0.3294092021383421,-1.0445068191510476,-5.1461306685036785,-0.3294092021383421,False,False,False,False,False,False,0.0,False,-0.14736844782243697,中性,6219.TWO,富旺,0,v1,phase6a,2026-07-12,0,0,0,0,0,0,v1,543,0.1070840197693575,543,0.1070840197693575,544,0.10543657331136738,^TWII,yfinance,2y,2026-09-22,scan_20260922_153922,False,False
True,0,-0.8250001271565756,-0.9166666666666666,True,False,觀察 (跌勢收斂),31.899999618530273,2026-09-22 00:00:00,31.32999982833862,0.03249998092651296,False,True,0.8673925635481969,False,0.0006673616091161863,28.1753588662819,0.0006735504469986819,0.0007159288818417739,-0.09662633933754661,-1.0364113087226512,-4.777487560391669,-0.09662633933754661,False,False,False,False,False,True,0.08390682800128105,False,-0.15937992661155076,中性,6962.TW,奕力-KY,1,v1,phase6a,2026-07-12,0,1,3,1,1,1,v1,391,0.357495881383855,391,0.357495881383855,398,0.34596375617792424,^TWII,yfinance,2y,2026-09-22,scan_20260922_153922,False,False
True,1,0.04166666666666667,0.0750001271565755,True,False,觀望 (動能減弱),14.199999809265137,2026-09-22 00:00:00,14.079999923706055,0.029999971389770508,False,True,0.6713055190143831,False,0.00029707005753868196,35.980236998675814,0.00030309522436917105,0.0003104112928802843,-0.20881349579049413,-0.6025856913319361,-1.685322649142551,-0.20881349579049413,False,False,False,False,False,False,0.15577324158475273,False,-0.020689668326542288,中性,1456.TW,怡華,0,v1,phase6a,2026-07-12,0,0,2,0,0,0,v1,436,0.2833607907742998,436,0.2833607907742998,447,0.2652388797364086,^TWII,yfinance,2y,2026-09-22,scan_20260922_153922,False,False
False,0,-0.10499993960062662,-0.07166663805643717,False,True,強烈賣出 (跌破),2.690000057220459,2026-09-22 00:00:00,2.9950000047683716,-0.018999993801116943,False,False,2.0866742958622457,True,5.627594947262852e-05,17.491482668574307,6.427420256446745e-05,6.828586384720767e-05,-1.29295376799613,-2.5618530772471337,-7.797494242479031,-1.29295376799613,False,False,False,False,False,False,0.0,False,-0.21574343881466906,中性,9110.TW,越南控-DR,0,v1,phase6a,2026-07-12,0,0,0,0,0,0,v1,598,0.016474464579901153,598,0.016474464579901153,598,0.016474464579901153,^TWII,yfinance,2y,2026-09-22,scan_20260922_153922,False,False
True,1,11.0,6.833333333333334,True,False,買入 (動能增強),557.0,2026-09-22 00:00:00,544.9,0.10000000000002274,False,True,1.2001151256249312,False,0.011652677765606884,54.82780557879978,0.011717643504564513,0.011561637271714149,-0.05832666070586523,0.01615802496450769,-0.3107461389722954,-0.05832666070586523,False,True,True,False,False,True,0.5845855774368179,False,-0.0017921146953404632,偏強 (RS上升),3034.TW,聯詠,2,v1,phase6a,2026-07-12,1,3,4,3,2,3,v1,103,0.8319604612850082,103,0.8319604612850082,59,0.9044481054365733,^TWII,yfinance,2y,2026-09-22,scan_20260922_153922,False,False
True,0,-1.699999491373698,-1.5424524943033853,True,False,賣出 (動能轉弱),93.69999694824219,2026-09-22 00:00:00,91.90644760131836,0.026081085205078125,False,True,0.38812753275390627,False,0.0019602439337095415,134.71576025158416,0.0019667273635915225,0.001983724010356979,-0.034688568339757975,-0.22646910557623245,-0.6875953442205485,-0.034688568339757975,False,False,False,False,False,False,0.38288034488778105,False,-0.13029352890643964,中性,8932.TWO,智通*,1,v1,phase6a,2026-07-12,0,1,3,1,1,1,v1,418,0.3130148270181219,418,0.3130148270181219,424,0.3031301482701812,^TWII,yfinance,2y,2026-09-22,scan_20260922_153922,True,False
True,0,-11.666666666666666,-11.333333333333332,True,False,賣出 (動能轉弱),131.0,2026-09-22 00:00:00,137.625,-0.07499999999998863,True,False,0.3218665086992989,False,0.0027405759197387824,158.27431626505407,0.0029291972766625663,0.00309868262541299,-0.6732630900918801,-2.813769479497741,-6.524146244345486,-0.6732630900918801,False,False,False,False,False,False,0.0,False,-0.38095381620653135,中性,8043.TWO,蜜望實,0,v1,phase6a,2026-07-12,0,0,0,0,0,0,v1,579,0.047775947281713346,579,0.047775947281713346,579,0.047775947281713346,^TWII,yfinance,2y,2026-09-22,scan_20260922_153922,False,False
True,1,0.7833340962727865,0.7166671752929688,True,False,買入 (動能增強),82.0,2026-09-22 00:00:00,82.28000030517578,-0.25,False,False,0.35970016567390417,False,0.0017154750031952684,43.40943098752235,0.0017871087637544717,0.001893932975854819,-0.4201598851781174,-1.2769474939450465,-7.627809124286832,-0.4201598851781174,False,False,False,False,False,False,0.0,False,-0.09229840238700293,中性,4129.TWO,聯合,2,v1,phase6a,2026-07-12,0,2,2,2,2,2,v1,125,0.7957166392092258,125,0.7957166392092258,145,0.7627677100494233,^TWII,yfinance,2y,2026-09-22,scan_20260922_153922,False,False
True,0,2.833333333333333,3.1666666666666665,True,False,觀望 (動能減弱),342.0,2026-09-22 00:00:00,338.275,0.6749999999999545,False,True,0.7758575567649312,False,0.007154785988936363,67.77702535671801,0.007261898461014493,0.007364252939362409,-0.15502169893030215,0.21048688886047273,0.6758381495570953,-0.15502169893030215,False,False,False,False,False,True,0.29592062577432904,False,-0.06403939323303176,中性,2382.TW,廣達,0,v1,phase6a,2026-07-12,1,1,2,1,0,1,v1,458,0.2471169686985173,458,0.2471169686985173,432,0.2899505766062603,^TWII,yfinance,2y,2026-09-22,scan_20260922_153922,False,False
True,0,0.10000006357828775,0.3500000635782877,True,False,觀望 (動能減弱),31.399999618530273,2026-09-22 00:00:00,31.637500190734862,0.017500019073484196,False,False,1.1289144925853551,False,0.0006569013956820688,38.07206633675243,0.0006801813838418231,0.0006926188476086739,-0.3589819106692649,-0.11552861755521615,-1.1950049659680273,-0.3589819106692649,False,False,False,False,False,False,0.0,False,-0.045592761026735595,中性,2353.TW,宏��,0,v1,phase6a,2026-07-12,0,0,1,0,0,0,v1,456,0.2504118616144975,456,0.2504118616144975,466,0.23393739703459637,^TWII,yfinance,2y,2026-09-22,scan_20260922_153922,False,False
True,0,5.833333333333334,10.666666666666666,True,False,觀望 (動能減弱),521.0,2026-09-22 00:00:00,527.05,0.09999999999990905,False,False,0.5140126640745324,False,0.010899542398350424,38.620003337176975,0.011327157039288806,0.011367624272001473,-0.3958089881063942,-0.8011770673704399,-1.071694409684032,-0.3958089881063942,False,False,False,False,False,False,0.25839841611464304,False,-0.06630824372759858,中性,2207.TW,和泰車,0,v1,phase6a,2026-07-12,0,0,1,0,0,0,v1,451,0.2586490939044481,451,0.2586490939044481,462,0.24052718286655683,^TWII,yfinance,2y,2026-09-22,scan_20260922_153922,False,False
False,0,0.916666666666667,-2.833333333333333,False,True,強烈買入 (爆發),133.5,2026-09-22 00:00:00,119.7,0.8250000000000028,False,True,6.37568074334301,True,0.00279287698690937,77.47205888125156,0.0026024111353214353,0.0028736890615935627,0.7763836459015572,0.8770587256533569,-6.153766812480244,0.7763836459015572,True,False,False,False,False,True,0.23459168690886753,False,-0.2783783783783784,偏強 (RS上升),4919.TW,新唐,3,v1,phase6a,2026-07-12,1,4,5,4,3,4,v1,31,0.9505766062602965,31,0.9505766062602965,27,0.957166392092257,^TWII,yfinance,2y,2026-09-22,scan_20260922_153922,False,False
True,1,0.008335113525390618,0.05000114440917968,True,False,觀望 (動能減弱),38.70000076293945,2026-09-22 00:00:00,38.87250022888183,0.007500076293943891,False,False,0.20510645858230658,False,0.0008096205357617127,33.497661692923074,0.0008359800815963374,0.0008571325873101622,-0.3308105220235502,-0.912590039365524,-2.5230643153574484,-0.3308105220235502,False,False,False,False,False,False,0.0,False,-0.01776651613781477,中性,2748.TW,雲品,2,v1,phase6a,2026-07-12,0,2,3,2,2,2,v1,96,0.8434925864909391,96,0.8434925864909391,125,0.7957166392092258,^TWII,yfinance,2y,2026-09-22,scan_20260922_153922,False,True
True,1,-0.05000050862630208,0.22499974568684894,True,False,賣出 (動能轉弱),91.0999984741211,2026-09-22 00:00:00,91.41093788146972,0.03137397766113281,False,False,0.4089874539343759,False,0.0019058508557741685,59.73813873464936,0.001963497468456349,0.001998662125161141,-0.3080915253312222,-0.8283645035649156,-1.735261935593324,-0.3080915253312222,False,False,False,False,False,False,0.1680047566011565,False,-0.016198704370596784,中性,6183.TW,關貿,0,v1,phase6a,2026-07-12,0,0,1,0,0,0,v1,538,0.11532125205930807,538,0.11532125205930807,540,0.11202635914332784,^TWII,yfinance,2y,2026-09-22,scan_20260922_153922,False,False
True,0,-0.12499968210856116,-0.3166662851969401,True,False,觀察 (跌勢收斂),25.850000381469727,2026-09-22 00:00:00,25.812499809265137,0.0,False,True,0.938356420923127,False,0.0005407930425243838,44.59418881187271,0.0005561434184215747,0.0005788121570301045,-0.2897000899865332,-1.170162723450907,-5.130431027381355,-0.2897000899865332,False,False,False,False,False,False,0.19485440027129894,False,-0.08495573870903628,中性,1325.TW,恆大,2,v1,phase6a,2026-07-12,0,2,3,2,2,2,v1,49,0.9209225700164745,49,0.9209225700164745,88,0.85667215815486,^TWII,yfinance,2y,2026-09-22,scan_20260922_153922,True,False
True,0,0.27499961853027344,0.05833276112874347,True,False,買入 (動能增強),20.600000381469727,2026-09-22 00:00:00,19.962499809265136,0.04000005722045685,False,True,1.7441976727988069,True,0.0004309608014661501,30.48949068850355,0.0004306833700509392,0.00045525685966090444,0.006781150426360405,-0.12753007417268813,-2.6787211564237134,0.006781150426360405,True,False,False,False,False,True,0.2106998062469117,False,-0.04849881088043306,中性,8171.TWO,天宇,2,v1,phase6a,2026-07-12,0,2,4,2,2,2,v1,194,0.6820428336079077,194,0.6820428336079077,200,0.6721581548599671,^TWII,yfinance,2y,2026-09-22,scan_20260922_153922,False,False
True,0,0.07499949137369799,-0.20000076293945335,True,False,買入 (動能增強),46.099998474121094,2026-09-22 00:00:00,44.26499977111816,0.34499988555908345,False,True,1.4679548755571574,False,0.0009644316467035945,53.866839337101794,0.0009402355845931003,0.0009303986052087675,0.2716204316674409,2.451035439825011,10.973026307271926,0.2716204316674409,True,True,True,False,False,True,0.7902225152844196,False,-0.049484567543894964,偏強 (RS上升),3339.TWO,泰谷,2,v1,phase6a,2026-07-12,2,4,4,4,2,4,v1,111,0.8187808896210873,111,0.8187808896210873,37,0.9406919275123559,^TWII,yfinance,2y,2026-09-22,scan_20260922_153922,False,False
True,0,-0.11084842681884764,-0.09418169657389322,True,False,賣出 (動能轉弱),18.049999237060547,2026-09-22 00:00:00,18.215044212341308,-0.013139343261720171,False,False,0.5085123483174442,False,0.0003776136890106223,22.791718063173136,0.00039089540845716435,0.0004040967184550338,-0.35638515233243906,-1.03499034389547,-2.571195392628134,-0.35638515233243906,False,False,False,False,False,False,0.0,False,-0.026954179006167478,中性,2062.TW,橋椿,0,v1,phase6a,2026-07-12,0,0,0,0,0,0,v1,450,0.2602965403624382,450,0.2602965403624382,461,0.24217462932454695,^TWII,yfinance,2y,2026-09-22,scan_20260922_153922,False,False
True,1,0.08333333333333331,0.0666669209798177,True,False,買入 (動能增強),62.900001525878906,2026-09-22 00:00:00,62.75499992370605,0.04500007629394531,False,True,0.8337024309532901,False,0.0013158948819340182,44.86492117037806,0.0013494537647381598,0.0013835505166569875,-0.26109015552852055,-0.7787867689880712,-2.2766211818969873,-0.26109015552852055,False,False,False,False,False,False,0.1507910190689975,False,-0.014106547365894673,中性,2643.TWO,捷迅,4,v1,phase6a,2026-07-12,0,4,6,4,4,4,v1,4,0.9950576606260296,4,0.9950576606260296,9,0.9868204283360791,^TWII,yfinance,2y,2026-09-22,scan_20260922_153922,False,True
True,0,0.13333193461100257,-0.4500013987223307,True,False,買入 (動能增強),38.70000076293945,2026-09-22 00:00:00,36.642499923706055,0.20750007629394673,False,True,2.52988874045973,True,0.0008096205357617127,48.14043600111692,0.0007860189437740345,0.0008141800974615148,0.3170731978928698,0.5884426725057068,0.5488293764615682,0.3170731978928698,True,False,False,False,False,True,0.42756361927534986,False,-0.11441647397499222,偏強 (RS上升),4906.TW,正文,2,v1,phase6a,2026-07-12,1,3,4,3,2,3,v1,137,0.7759472817133443,137,0.7759472817133443,65,0.8945634266886326,^TWII,yfinance,2y,2026-09-22,scan_20260922_153922,False,False
True,1,-0.200000762939453,-0.6833343505859374,True,False,觀察 (跌勢收斂),69.0999984741211,2026-09-22 00:00:00,68.77000007629394,0.03999977111816122,False,True,1.0659988013468953,False,0.001445601464672999,13.71888087897108,0.0014874861069457516,0.0016320085121715449,-0.29552412627501523,-0.8437682423218851,-6.156712731027603,-0.29552412627501523,False,False,False,False,False,False,0.05302391499877555,False,-0.2027286577193792,中性,6873.TW,泓德能源,1,v1,phase6a,2026-07-12,0,1,3,1,1,1,v1,387,0.3640856672158155,387,0.3640856672158155,394,0.3525535420098847,^TWII,yfinance,2y,2026-09-22,scan_20260922_153922,False,False
True,0,-0.36666647593180335,-0.40833314259847003,True,False,觀察 (跌勢收斂),23.649999618530273,2026-09-22 00:00:00,23.879999923706055,-0.06999998092651438,False,False,0.7741267291056286,False,0.0004947680874532478,36.27029225808668,0.0005192961303614719,0.0005636685684888816,-0.49473231425399833,-1.6071260870987092,-11.034062111918598,-0.49473231425399833,False,False,False,False,False,False,0.0,False,-0.1598579062515436,中性,8044.TWO,網家,1,v1,phase6a,2026-07-12,0,1,1,1,1,1,v1,404,0.33607907742998355,404,0.33607907742998355,410,0.3261943986820428,^TWII,yfinance,2y,2026-09-22,scan_20260922_153922,False,False
True,0,-3.9999999999999996,-7.5,True,False,觀察 (跌勢收斂),267.0,2026-09-22 00:00:00,264.25,0.9750000000000227,False,True,0.678399889885818,False,0.00558575397381874,82.3410162319426,0.0057010434675237,0.006077930268318893,-0.21241651533708827,-0.5516663694972168,-5.571534299314407,-0.21241651533708827,False,False,False,False,False,True,0.040978729063133976,False,-0.28800000000000003,中性,6613.TWO,朋億*,1,v1,phase6a,2026-07-12,0,1,3,1,1,1,v1,371,0.3904448105436573,371,0.3904448105436573,378,0.37891268533772654,^TWII,yfinance,2y,2026-09-22,scan_20260922_153922,False,False
True,2,-0.03833341598510742,-0.03500016530354817,True,False,賣出 (動能轉弱),7.980000019073486,2026-09-22 00:00:00,8.018000054359437,-0.0004999876022324656,False,False,1.1552156082159344,False,0.0001669450068075406,35.9636033327678,0.00017257754450092608,0.00017890163476039534,-0.34237869557413037,-1.0063561397360532,-3.678030392902809,-0.34237869557413037,False,False,False,False,False,False,0.0,False,-0.046309508802986676,中性,1806.TW,冠軍,0,v1,phase6a,2026-07-12,0,0,0,0,0,0,v1,445,0.2685337726523888,445,0.2685337726523888,456,0.2504118616144975,^TWII,yfinance,2y,2026-09-22,scan_20260922_153922,False,False
True,0,-0.04999987284342448,-0.29166666666666663,True,False,觀察 (跌勢收斂),41.599998474121094,2026-09-22 00:00:00,41.22249965667724,-0.005000114440917969,True,True,1.6202191458558353,True,0.0008702897257965371,45.37249916646978,0.0008904406313568986,0.0009405944070440549,-0.23764718621052117,-0.8636265281311561,-5.674426878894812,-0.23764718621052117,False,False,False,False,False,False,0.04160452998273159,False,-0.07449926232808302,中性,6763.TWO,綠界科技*,1,v1,phase6a,2026-07-12,0,1,2,1,1,1,v1,380,0.3756177924217463,380,0.3756177924217463,387,0.3640856672158155,^TWII,yfinance,2y,2026-09-22,scan_20260922_153922,False,False
True,0,0.0666656494140625,-0.3166681925455729,True,False,買入 (動能增強),71.5,2026-09-22 00:00:00,70.9150001525879,0.009999847412117902,False,True,1.052625981718892,False,0.001495810521078801,57.85178258770712,0.0015324318681390432,0.0016028871078534051,-0.25092181820922654,-0.9235235031038069,-5.5241001886091485,-0.25092181820922654,False,False,False,False,False,False,0.0,False,-0.09033077114446453,中性,8487.TW,愛爾達-創,2,v1,phase6a,2026-07-12,0,2,4,2,2,2,v1,198,0.6754530477759473,198,0.6754530477759473,204,0.6655683690280065,^TWII,yfinance,2y,2026-09-22,scan_20260922_153922,False,False
True,0,-0.7416671117146807,-1.0083341598510742,True,False,觀察 (跌勢收斂),28.200000762939453,2026-09-22 00:00:00,28.520000076293947,-0.039999961853027344,False,False,1.8780324194857525,True,0.0005899560536452455,36.203135171231125,0.000614924577573369,0.000659319099816604,-0.42559364844192427,-1.5176934253888663,-7.222554289647299,-0.42559364844192427,False,False,False,False,False,False,0.0,False,-0.1919770908311077,中性,8183.TWO,精星,1,v1,phase6a,2026-07-12,0,1,1,1,1,1,v1,408,0.32948929159802304,408,0.32948929159802304,414,0.31960461285008235,^TWII,yfinance,2y,2026-09-22,scan_20260922_153922,False,False
True,0,0.05000034968058267,0.008333683013916012,True,False,買入 (動能增強),10.800000190734863,2026-09-22 00:00:00,10.805000019073486,-0.00250000953674423,True,False,0.3949379134906619,False,0.00022594061416719255,32.88935160316286,0.00023354894862403282,0.00024654077808278907,-0.341744359335483,-1.0580712833406891,-5.51503059514189,-0.341744359335483,False,False,False,False,False,False,0.0,False,-0.07233277736969979,中性,1220.TW,台榮,2,v1,phase6a,2026-07-12,0,2,2,2,2,2,v1,47,0.9242174629324547,47,0.9242174629324547,86,0.8599670510708401,^TWII,yfinance,2y,2026-09-22,scan_20260922_153922,False,False
True,0,-0.056266784667968694,-0.12506548563639314,True,False,觀察 (跌勢收斂),43.349998474121094,2026-09-22 00:00:00,44.077145195007326,-0.009774589538572798,False,False,0.40099882091206396,False,0.0009069004728159483,42.27844730758732,0.0009480326815616538,0.0009755152057763522,-0.45462801129814157,-1.1576372311034366,-4.438301965607183,-0.45462801129814157,False,False,False,False,False,False,0.019498118877142697,False,-0.11211219071339928,中性,1203.TW,味王,2,v1,phase6a,2026-07-12,0,2,2,2,2,2,v1,44,0.929159802306425,44,0.929159802306425,83,0.8649093904448105,^TWII,yfinance,2y,2026-09-22,scan_20260922_153922,True,False
True,0,0.15833346048990882,0.10000006357828775,True,False,買入 (動能增強),19.5,2026-09-22 00:00:00,19.592499923706054,-0.019999980926513672,True,False,1.7801562266779443,True,0.0004079483239305821,17.396421420111103,0.0004246983060810961,0.00044579288375137485,-0.4134385337362101,-1.1694088691891813,-6.86014095253279,-0.4134385337362101,False,False,False,False,False,False,0.05503862974150577,False,-0.20570262297349062,中性,8476.TW,台境*,3,v1,phase6a,2026-07-12,0,3,3,3,3,3,v1,40,0.9357495881383855,40,0.9357495881383855,46,0.9258649093904449,^TWII,yfinance,2y,2026-09-22,scan_20260922_153922,True,False
True,0,-311.66666666666663,-274.99999999999994,True,False,賣出 (動能轉弱),5830.0,2026-09-22 00:00:00,5684.0,31.25,False,True,0.8110336513882701,False,0.12196608864180992,203.08259656047625,0.1186608411476641,0.1070641614259576,0.29406829600884254,-0.09009077206744154,13.868693961935087,0.29406829600884254,True,True,True,False,False,True,0.8720546138907721,False,-0.026711185308848084,偏強 (RS上升),3653.TW,健策,0,v1,phase6a,2026-07-12,1,1,2,1,0,1,v1,503,0.17298187808896212,503,0.17298187808896212,434,0.28665568369028005,^TWII,yfinance,2y,2026-09-22,scan_20260922_153922,False,False
True,0,0.02500025431315104,-0.08333301544189455,True,False,買入 (動能增強),18.100000381469727,2026-09-22 00:00:00,18.057500076293945,0.01249999999999929,False,True,0.7699852050821109,False,0.00037865973429556266,22.91926189695787,0.0003890345799940709,0.0004105824543588615,-0.2799319061301375,-0.5445048363680982,-3.573919701363437,-0.2799319061301375,False,False,False,False,False,True,0.03387195260650619,False,-0.13603819941197215,中性,1584.TWO,精剛,2,v1,phase6a,2026-07-12,0,2,4,2,2,2,v1,60,0.9028006589785832,60,0.9028006589785832,98,0.8401976935749588,^TWII,yfinance,2y,2026-09-22,scan_20260922_153922,False,False
True,0,-1.6904805501302083,0.09523264567057299,True,False,賣出 (動能轉弱),157.5,2026-09-22 00:00:00,162.38285903930665,-0.09214324951170738,False,False,0.4257532590865924,False,0.0032949672317470094,47.444651255596625,0.003477142990864468,0.0035763881731297785,-0.5484737970530951,-1.4492108132569959,-1.475828867038953,-0.5484737970530951,False,False,False,False,False,False,0.0,False,-0.0625,中性,7738.TWO,東聯互動,0,v1,phase6a,2026-07-12,0,0,0,0,0,0,v1,574,0.05601317957166392,574,0.05601317957166392,574,0.05601317957166392,^TWII,yfinance,2y,2026-09-22,scan_20260922_153922,False,False
True,0,-0.14166609446207684,-0.30833276112874347,True,False,觀察 (跌勢收斂),23.299999237060547,2026-09-22 00:00:00,23.614999961853027,-0.04250001907348633,False,False,3.3474245034570167,True,0.000487445930068856,28.309437130212004,0.0005081963309326805,0.0005410888603261625,-0.42796548153632985,-1.302678534554691,-4.80350991698788,-0.42796548153632985,False,False,False,False,False,False,0.0,False,-0.0897361631202429,中性,6692.TWO,進能服,1,v1,phase6a,2026-07-12,0,1,1,1,1,1,v1,373,0.3871499176276771,373,0.3871499176276771,380,0.3756177924217463,^TWII,yfinance,2y,2026-09-22,scan_20260922_153922,False,False
True,0,-0.31666628519694007,-0.2999992370605469,True,False,賣出 (動能轉弱),51.099998474121094,2026-09-22 00:00:00,51.28499984741211,-0.030000114440916548,True,False,1.269873878600449,False,0.0010690337810447695,31.669597849884916,0.0011042875535291036,0.0011460197437524783,-0.3349213466090295,-1.1845616207282084,-4.20574427635827,-0.3349213466090295,False,False,False,False,False,False,0.0011893599637886844,False,-0.021072840473966625,中性,6281.TW,全國電,0,v1,phase6a,2026-07-12,0,0,0,0,0,0,v1,549,0.09719934102141681,549,0.09719934102141681,550,0.09555189456342669,^TWII,yfinance,2y,2026-09-22,scan_20260922_153922,False,False
True,0,-1.575000762939453,-1.6666673024495438,True,False,觀察 (跌勢收斂),39.599998474121094,2026-09-22 00:00:00,40.689999389648435,-0.027500152587890625,False,False,0.7226239186519974,False,0.0008284488720600671,87.08689124923313,0.0008742128924456103,0.0009624058169140062,-0.5480204815811351,-2.0551053840572653,-7.589677766414615,-0.5480204815811351,False,False,False,False,False,False,0.0,False,-0.4382978939840979,中性,5228.TWO,鈺鎧,1,v1,phase6a,2026-07-12,0,1,1,1,1,1,v1,322,0.471169686985173,322,0.471169686985173,335,0.4497528830313015,^TWII,yfinance,2y,2026-09-22,scan_20260922_153922,False,False
True,0,-0.09166653951009116,-0.10833342870076497,True,False,觀察 (跌勢收斂),15.850000381469727,2026-09-22 00:00:00,16.08750009536743,-0.01750001907348775,False,False,0.36415517693919747,False,0.0003315887738420339,24.057904424400117,0.0003464350563744885,0.000366262039043349,-0.44907366634803214,-0.8812136993731512,-4.38650386356263,-0.44907366634803214,False,False,False,False,False,False,0.0,False,-0.08645532951123391,中性,4930.TW,燦星網,1,v1,phase6a,2026-07-12,0,1,1,1,1,1,v1,318,0.47775947281713343,318,0.47775947281713343,331,0.45634266886326197,^TWII,yfinance,2y,2026-09-22,scan_20260922_153922,False,False
True,0,-18.916666666666668,-24.583333333333332,True,False,觀察 (跌勢收斂),385.0,2026-09-22 00:00:00,378.2,2.6999999999999886,False,True,1.1630134889148191,False,0.008054364344270468,192.6223433430526,0.008042796947732342,0.008316538622256134,0.015141561610043652,-0.558226613050683,-0.5166144256720462,0.015141561610043652,True,False,False,False,False,True,0.3875191665236994,False,-0.1584699453551912,中性,3211.TWO,順達,1,v1,phase6a,2026-07-12,0,1,3,1,1,1,v1,284,0.5337726523887973,284,0.5337726523887973,300,0.5074135090609555,^TWII,yfinance,2y,2026-09-22,scan_20260922_153922,False,False
True,2,-0.010000228881835941,0.004999637603759766,True,False,賣出 (動能轉弱),9.770000457763672,2026-09-22 00:00:00,9.83700008392334,0.0015000343322739695,False,False,1.8165290274867496,True,0.00020439258007926716,29.771220749256738,0.000212263814422606,0.00022195974891360835,-0.38882246294007494,-1.1181766003354077,-4.636586181373248,-0.38882246294007494,False,False,False,False,False,False,0.0,False,-0.10776249973109864,中性,8176.TWO,智捷,0,v1,phase6a,2026-07-12,0,0,1,0,0,0,v1,583,0.04118616144975288,583,0.04118616144975288,583,0.04118616144975288,^TWII,yfinance,2y,2026-09-22,scan_20260922_153922,False,False
True,0,0.2499993642171224,0.16666603088378906,True,False,買入 (動能增強),52.099998474121094,2026-09-22 00:00:00,52.08499984741211,-0.025000000000005684,False,True,0.6301187104659691,False,0.0010899542079130043,52.29704965704673,0.0011250950625002539,0.0011644354439121333,-0.3276981449093608,-0.9240441119252041,-4.891977467961029,-0.3276981449093608,False,False,False,False,False,False,0.0,False,-0.06302292769395024,中性,1210.TW,大成,2,v1,phase6a,2026-07-12,0,2,3,2,2,2,v1,45,0.9275123558484349,45,0.9275123558484349,84,0.8632619439868204,^TWII,yfinance,2y,2026-09-22,scan_20260922_153922,False,False
True,1,0.27499961853027344,0.15833282470703125,True,False,買入 (動能增強),49.099998474121094,2026-09-22 00:00:00,48.49749984741211,0.03750000000000142,False,True,2.1706280875088213,True,0.0010271929273082995,53.220148511691804,0.0010484117283639364,0.0010870106130733003,-0.21258916161647212,-0.7165136829534458,-4.6884475315088325,-0.21258916161647212,False,False,False,False,False,True,0.02821201577594393,False,-0.04401977131525292,中性,2488.TW,漢平,2,v1,phase6a,2026-07-12,0,2,4,2,2,2,v1,86,0.8599670510708401,86,0.8599670510708401,119,0.8056013179571664,^TWII,yfinance,2y,2026-09-22,scan_20260922_153922,False,False
True,0,-0.016666730244954433,-0.07500012715657552,True,False,觀察 (跌勢收斂),14.0,2026-09-22 00:00:00,13.944999980926514,0.0,False,True,0.618242571889099,False,0.00029288597615528974,35.93514462677664,0.0002998231626578114,0.0003041442745246541,-0.24296187486636533,-0.8496510513511857,-2.9933186088341945,-0.24296187486636533,False,False,False,False,False,False,0.23007845271498145,False,-0.01060068004057324,中性,3266.TW,昇陽,1,v1,phase6a,2026-07-12,0,1,2,1,1,1,v1,286,0.5304777594728172,286,0.5304777594728172,302,0.5041186161449753,^TWII,yfinance,2y,2026-09-22,scan_20260922_153922,False,False
True,1,0.20833269755045572,0.12499936421712238,True,False,買入 (動能增強),17.5,2026-09-22 00:00:00,17.45250015258789,-0.0024999618530259227,False,True,0.8108811794143505,False,0.0003661074701941121,30.382774584263977,0.0003763343205565149,0.0003839070172637519,-0.28523573668143287,-0.4684141929530039,-3.6557060494216365,-0.28523573668143287,False,False,False,False,False,False,0.262541688890946,False,-0.02777777777777779,中性,6958.TW,日盛台駿,4,v1,phase6a,2026-07-12,0,4,5,4,4,4,v1,13,0.9802306425041186,13,0.9802306425041186,17,0.9736408566721582,^TWII,yfinance,2y,2026-09-22,scan_20260922_153922,False,True
True,0,-7.749999999999999,-9.083333333333332,True,False,觀察 (跌勢收斂),118.0,2026-09-22 00:00:00,120.975,-0.4750000000000085,False,False,0.5846719240549412,False,0.0024686103704517274,59.03461675688137,0.0025506136002489354,0.0024223886462121573,-0.33728373699779546,-1.211532505285473,0.8262239618314959,-0.33728373699779546,False,True,True,False,False,False,0.5455079921074405,False,-0.14181818181818184,中性,6716.TWO,應廣,1,v1,phase6a,2026-07-12,0,1,1,1,1,1,v1,376,0.38220757825370677,376,0.38220757825370677,383,0.37067545304777594,^TWII,yfinance,2y,2026-09-22,scan_20260922_153922,False,False
True,0,-0.2749999364217122,-0.19166660308837888,True,False,賣出 (動能轉弱),14.050000190734863,2026-09-22 00:00:00,14.15250005722046,0.007500028610229137,False,False,0.4040174041312537,False,0.0002939320014889562,21.65431481147517,0.00030397926572671587,0.0003262199936484683,-0.3467143998825972,-1.2639459479346415,-3.675810677687874,-0.3467143998825972,False,False,False,False,False,False,0.009041069681189926,False,-0.11912223456119353,中性,3272.TWO,東碩,0,v1,phase6a,2026-07-12,0,0,1,0,0,0,v1,494,0.18780889621087316,494,0.18780889621087316,497,0.1828665568369028,^TWII,yfinance,2y,2026-09-22,scan_20260922_153922,False,False
True,0,-0.9999999999999999,-1.4166666666666665,True,False,觀察 (跌勢收斂),210.0,2026-09-22 00:00:00,207.6,0.2750000000000057,False,True,0.5737604907815655,False,0.004393289642329346,47.51790387431757,0.00444825168300108,0.00447566018586447,-0.12989289842813,0.0028200541447809258,0.1018891800192323,-0.12989289842813,False,False,False,False,False,True,0.6469116691951333,False,-0.016393442622950838,中性,2474.TW,可成,1,v1,phase6a,2026-07-12,1,2,3,2,1,2,v1,256,0.5799011532125206,256,0.5799011532125206,209,0.657331136738056,^TWII,yfinance,2y,2026-09-22,scan_20260922_153922,False,False
True,1,0.0,0.0,True,False,賣出 (動能轉弱),89.69999694824219,2026-09-22 00:00:00,89.71499977111816,-0.015000152587901994,True,False,1.5153910360178067,True,0.0018765622262366015,32.49985210998896,0.0019343188331956626,0.0020344867291901708,-0.31331929564404337,-0.9580970691521085,-4.087823242558752,-0.31331929564404337,False,False,False,False,False,False,0.0026963997174394563,False,-0.07046635286795666,中性,6523.TWO,達爾膚,0,v1,phase6a,2026-07-12,0,0,0,0,0,0,v1,555,0.08731466227347612,555,0.08731466227347612,555,0.08731466227347612,^TWII,yfinance,2y,2026-09-22,scan_20260922_153922,False,False
True,0,-0.04833364486694335,-0.056666851043701165,True,False,觀察 (跌勢收斂),8.729999542236328,2026-09-22 00:00:00,8.685999965667724,0.03499999046325719,False,True,0.6638219663262618,False,0.00018263531698307995,33.09044426142656,0.00018627611553109237,0.00019511157072522235,-0.20531622822939077,-0.01793874851721,0.7735044337741748,-0.20531622822939077,False,False,False,False,False,True,0.1596835113984171,False,-0.2601695422775536,中性,1310.TW,台苯,1,v1,phase6a,2026-07-12,0,1,3,1,1,1,v1,209,0.657331136738056,209,0.657331136738056,229,0.6243822075782537,^TWII,yfinance,2y,2026-09-22,scan_20260922_153922,False,False
True,0,-0.21666717529296875,-1.2000007629394531,True,False,觀察 (跌勢收斂),83.0999984741211,2026-09-22 00:00:00,82.6150001525879,-0.020000076293939628,True,True,0.616419359312162,False,0.0017384874408282887,36.09337568878845,0.0017866916740099444,0.001911047280029627,-0.28319157547160856,-1.37296104880259,-7.463205239484749,-0.28319157547160856,False,False,False,False,False,False,0.04462384083086797,False,-0.11027840346345097,中性,4994.TW,傳奇,1,v1,phase6a,2026-07-12,0,1,2,1,1,1,v1,320,0.4744645799011532,320,0.4744645799011532,333,0.45304777594728174,^TWII,yfinance,2y,2026-09-22,scan_20260922_153922,False,False
True,1,0.5166667302449544,0.37499968210856116,True,False,買入 (動能增強),25.200000762939453,2026-09-22 00:00:00,24.727499771118165,0.01750001907348775,False,True,1.5454722547710422,True,0.0005271947730405405,75.55162926936953,0.0005328919309979288,0.0005537516230942378,-0.11241054251525107,-0.06273529974200054,-1.2957019237591738,-0.11241054251525107,False,False,False,False,False,True,0.3012441988519612,False,0.0,中性,1780.TWO,立弘,2,v1,phase6a,2026-07-12,0,2,4,2,2,2,v1,64,0.8962108731466227,64,0.8962108731466227,102,0.8336079077429983,^TWII,yfinance,2y,2026-09-22,scan_20260922_153922,False,False
True,0,15.5,9.333333333333332,True,False,買入 (動能增強),477.0,2026-09-22 00:00:00,442.525,3.6499999999999773,False,True,1.7257575813545332,True,0.009979043616148086,612.7515936642312,0.009523482095449617,0.009588282448541255,0.5060809594246152,1.7722060842759069,4.324098264352827,0.5060809594246152,True,True,False,False,False,True,0.5788276975300286,False,-0.14627888279092527,偏強 (RS上升),8021.TW,尖點,3,v1,phase6a,2026-07-12,1,4,5,4,3,4,v1,38,0.9390444810543658,38,0.9390444810543658,32,0.9489291598023064,^TWII,yfinance,2y,2026-09-22,scan_20260922_153922,True,False
False,0,1.5166664123535156,0.7416664759318033,False,True,強烈買入 (爆發),35.25,2026-09-22 00:00:00,31.007500076293944,0.24499998092651154,False,True,5.289439763155152,True,0.000737445047105283,70.89309636646395,0.0006756327361937416,0.0006820137363366382,0.9723964276856512,1.238066535431681,-1.7111928896791806,0.9723964276856512,True,True,False,False,False,True,0.962378923412809,False,0.0,偏強 (RS上升),9960.TWO,邁達康,3,v1,phase6a,2026-07-12,1,4,5,4,3,4,v1,42,0.9324546952224053,42,0.9324546952224053,33,0.9472817133443163,^TWII,yfinance,2y,2026-09-22,scan_20260922_153922,False,False
True,1,0.2499987284342448,-0.16666793823242188,True,False,買入 (動能增強),76.0999984741211,2026-09-22 00:00:00,76.27500076293946,-0.004999923706051845,False,False,0.8918637446862132,False,0.001592044452750644,37.286676393389314,0.001642895641655287,0.001703275567656923,-0.32475425015179304,-0.8390081021490414,-3.7108956620846234,-0.32475425015179304,False,False,False,False,False,False,0.056152800625022724,False,-0.05348262400683834,中性,6923.TW,中台,4,v1,phase6a,2026-07-12,0,4,4,4,4,4,v1,11,0.9835255354200988,11,0.9835255354200988,16,0.9752883031301482,^TWII,yfinance,2y,2026-09-22,scan_20260922_153922,False,True
False,0,-0.6166667938232422,-0.599999745686849,False,True,強烈賣出 (跌破),50.400001525878906,2026-09-22 00:00:00,50.98999996185303,-0.04999999999999716,False,False,1.4950519007017156,False,0.001054389546081081,32.20990586869585,0.001097029145228815,0.001149339400944611,-0.40747230611501983,-1.3368036058137633,-4.809636515437354,-0.40747230611501983,False,False,False,False,False,False,0.0,False,-0.06493506309678954,中性,9943.TW,好樂迪,0,v1,phase6a,2026-07-12,0,0,0,0,0,0,v1,607,0.0016474464579901153,607,0.0016474464579901153,607,0.0016474464579901153,^TWII,yfinance,2y,2026-09-22,scan_20260922_153922,False,False
True,0,0.0,-1.2499999999999998,True,False,觀察 (跌勢收斂),140.0,2026-09-22 00:00:00,137.825,0.07499999999998863,False,True,0.5427187763720468,False,0.002928859761552897,26.453717691855832,0.002966820394117526,0.003014352461217072,-0.1345036421958712,-0.560003474525328,-3.29097607235016,-0.1345036421958712,False,False,False,False,False,True,0.37833224420998796,False,-0.014084507042253502,中性,6605.TW,帝寶,1,v1,phase6a,2026-07-12,0,1,3,1,1,1,v1,367,0.3970345963756178,367,0.3970345963756178,374,0.385502471169687,^TWII,yfinance,2y,2026-09-22,scan_20260922_153922,False,False
True,0,-0.17499923706054688,-0.19166564941406247,True,False,觀察 (跌勢收斂),41.79999923706055,2026-09-22 00:00:00,41.9774995803833,-0.010000038146969814,False,False,0.6336438481542923,False,0.0008744738271312031,31.39615144846041,0.0009033440810317324,0.0009330115798962642,-0.3352858460453412,-1.1391447407409272,-3.8620965157420417,-0.3352858460453412,False,False,False,False,False,False,0.0,False,-0.040183697604081026,中性,6754.TW,匯僑設計,1,v1,phase6a,2026-07-12,0,1,1,1,1,1,v1,379,0.3772652388797364,379,0.3772652388797364,386,0.3657331136738056,^TWII,yfinance,2y,2026-09-22,scan_20260922_153922,False,False
True,0,-0.18333307902018234,-0.48333231608072913,True,False,觀察 (跌勢收斂),72.69999694824219,2026-09-22 00:00:00,72.73499984741211,0.0649997711181669,False,False,1.019363322889656,False,0.0015209149694766068,63.54289791744093,0.0015662543363713253,0.0016534543881174973,-0.3037863280580311,-0.37607083711592715,-3.270422543803797,-0.3037863280580311,False,False,False,False,False,True,0.03566477560108148,False,-0.14814290021938892,中性,5469.TW,瀚宇博,1,v1,phase6a,2026-07-12,0,1,2,1,1,1,v1,331,0.45634266886326197,331,0.45634266886326197,343,0.43657331136738053,^TWII,yfinance,2y,2026-09-22,scan_20260922_153922,False,False
True,2,0.11499985059102376,0.06999985376993816,True,False,買入 (動能增強),8.25,2026-09-22 00:00:00,8.072500157356263,-0.005999994277953391,True,True,0.7628136765709451,False,0.0001725935216629386,6.028742992893271,0.0001755877396639183,0.0002175486875253182,-0.17917885689533453,-0.5640872195655788,-7.475590482964945,-0.17917885689533453,False,False,False,False,False,True,0.076711892474202,False,-0.2142857142857143,中性,2424.TW,隴華,2,v1,phase6a,2026-07-12,0,2,3,2,2,2,v1,83,0.8649093904448105,83,0.8649093904448105,117,0.8088962108731467,^TWII,yfinance,2y,2026-09-22,scan_20260922_153922,False,False
True,0,0.09166590372721353,0.07499949137369791,True,False,買入 (動能增強),33.95000076293945,2026-09-22 00:00:00,34.03000030517578,0.0024999618530259227,False,False,1.1920300839862346,False,0.0007102485081375966,50.97806203123634,0.0007326437317809875,0.0007522869764153798,-0.3207331099652877,-0.8401638683430135,-3.148923467035236,-0.3207331099652877,False,False,False,False,False,False,0.029267588064280734,False,-0.011644766490542802,中性,9931.TW,欣高,2,v1,phase6a,2026-07-12,0,2,3,2,2,2,v1,201,0.6705107084019769,201,0.6705107084019769,207,0.6606260296540363,^TWII,yfinance,2y,2026-09-22,scan_20260922_153922,False,False
True,0,-2.25,-3.0166676839192705,True,False,觀察 (跌勢收斂),97.30000305175781,2026-09-22 00:00:00,99.47999992370606,-0.5099998474121037,False,False,0.5415050222047205,False,0.00203555759812334,19.46219525132573,0.00211004272542439,0.002220904153332752,-0.3702064152898643,-1.3882117431879837,0.13427822634335396,-0.3702064152898643,False,False,False,False,False,False,0.48913677586371146,False,-0.09488369254178775,中性,7842.TWO,天能綠電,1,v1,phase6a,2026-07-12,0,1,1,1,1,1,v1,401,0.34102141680395387,401,0.34102141680395387,407,0.3311367380560132,^TWII,yfinance,2y,2026-09-22,scan_20260922_153922,False,False
True,0,0.6666663487752278,0.633332888285319,True,False,買入 (動能增強),31.200000762939453,2026-09-22 00:00:00,31.24250030517578,-0.05749988555908203,False,False,1.167693804735647,False,0.0006527173342499504,46.178258015890236,0.0006779685336837575,0.0007223219031595248,-0.3905256083190145,-1.0009729495924602,-6.721864285629609,-0.3905256083190145,False,False,False,False,False,True,0.038449508783040806,False,-0.11614726806613107,中性,4131.TWO,浩泰,2,v1,phase6a,2026-07-12,0,2,2,2,2,2,v1,126,0.7940691927512356,126,0.7940691927512356,146,0.7611202635914333,^TWII,yfinance,2y,2026-09-22,scan_20260922_153922,False,False
True,1,0.23333358764648438,0.07500044504801431,True,False,買入 (動能增強),20.450000762939453,2026-09-22 00:00:00,20.29750003814697,-0.04004716873168945,False,True,0.9418935731732557,False,0.00042782274541642434,38.30746124411923,0.00043820832374763405,0.00046164322422342035,-0.24885384317951953,-0.5749964026032117,-4.466195275652729,-0.24885384317951953,False,False,False,False,False,True,0.0919933757260492,False,-0.128796056733414,中性,3128.TWO,昇銳,2,v1,phase6a,2026-07-12,0,2,3,2,2,2,v1,107,0.8253706754530478,107,0.8253706754530478,130,0.7874794069192751,^TWII,yfinance,2y,2026-09-22,scan_20260922_153922,False,False
True,3,0.0,0.0,True,False,賣出 (動能轉弱),30.350000381469727,2026-09-22 00:00:00,30.350000381469727,0.0,False,False,2.37588215624505,True,0.0006349349634314412,46.25751261087416,0.0006539108377438291,0.000674521375432907,-0.304533493389858,-0.8851386064379851,-3.6072016864284517,-0.304533493389858,False,False,False,False,False,False,0.0,False,-0.0016447117660511879,中性,5523.TWO,豐謙,0,v1,phase6a,2026-07-12,0,0,0,0,0,0,v1,526,0.13509060955518945,526,0.13509060955518945,528,0.13179571663920922,^TWII,yfinance,2y,2026-09-22,scan_20260922_153922,False,False
True,1,0.0666666030883789,0.050000031789143876,True,False,買入 (動能增強),12.899999618530273,2026-09-22 00:00:00,12.729999828338624,0.01749997138977122,False,True,0.914221732250866,False,0.0002698734986197217,34.07520617522129,0.0002739441248347925,0.00028352831141554576,-0.15616973107808185,-0.40797532999401476,-1.8616647072894121,-0.15616973107808185,False,False,False,False,False,True,0.0892210330499305,False,-0.03731343389805564,中性,2702.TW,華園,2,v1,phase6a,2026-07-12,0,2,4,2,2,2,v1,95,0.8451400329489291,95,0.8451400329489291,124,0.7973640856672158,^TWII,yfinance,2y,2026-09-22,scan_20260922_153922,False,False
True,2,0.41666666666666663,-0.2499999999999999,True,False,買入 (動能增強),120.0,2026-09-22 00:00:00,120.125,0.07500000000000284,False,False,1.312706830423284,False,0.0025104512241881974,108.99393490489057,0.002598754895538878,0.0026551040725394915,-0.35640126657577875,-0.9298429788311302,-5.909935011129919,-0.35640126657577875,False,False,False,False,False,False,0.12819090542912637,False,-0.20177380891360297,中性,6574.TWO,霈方,5,v1,phase6a,2026-07-12,0,5,6,5,5,5,v1,2,0.9983525535420099,2,0.9983525535420099,3,0.9967051070840197,^TWII,yfinance,2y,2026-09-22,scan_20260922_153922,True,True
True,0,0.08333333333333334,-2.7755575615628914e-17,True,False,買入 (動能增強),20.450000762939453,2026-09-22 00:00:00,20.417500019073486,-0.004999923706055398,True,True,1.0026967787708763,False,0.00042782274541642434,34.80899418447698,0.00043914655823290306,0.00044829910584511223,-0.2706963375162075,-0.9218931683777187,-2.777316749371872,-0.2706963375162075,False,False,False,False,False,False,0.20044134458229107,False,-0.030805668567717714,中性,1598.TW,岱宇,4,v1,phase6a,2026-07-12,0,4,5,4,4,4,v1,3,0.9967051070840197,3,0.9967051070840197,8,0.9884678747940692,^TWII,yfinance,2y,2026-09-22,scan_20260922_153922,False,True
True,0,-1.6666666666666665,1.4166666666666665,True,False,賣出 (動能轉弱),348.0,2026-09-22 00:00:00,348.125,2.875,False,False,0.9404316985737168,False,0.007280308550145773,138.6147281176899,0.007387774600599749,0.0075044602536406615,-0.15288664828381204,0.6214364583379206,9.107494196232224,-0.15288664828381204,False,False,False,False,False,False,0.5265109491439082,False,-0.07446808510638303,中性,6983.TWO,華洋精機,0,v1,phase6a,2026-07-12,0,0,1,0,0,0,v1,569,0.0642504118616145,569,0.0642504118616145,569,0.0642504118616145,^TWII,yfinance,2y,2026-09-22,scan_20260922_153922,False,False
True,0,-1.916666666666666,-2.9999999999999996,True,False,觀察 (跌勢收斂),128.5,2026-09-22 00:00:00,122.375,0.9500000000000028,False,True,2.3558882203993,True,0.002688274852568195,81.74072185689687,0.002612844510874471,0.0028497218945423572,0.304811022601692,-0.6546380590850998,2.4295457166165546,0.304811022601692,True,False,False,False,False,True,0.27870626582316455,False,-0.2678062678062678,中性,3715.TW,定穎投控,1,v1,phase6a,2026-07-12,0,1,3,1,1,1,v1,305,0.49917627677100496,305,0.49917627677100496,319,0.47611202635914335,^TWII,yfinance,2y,2026-09-22,scan_20260922_153922,False,False
True,1,0.08333333333333334,0.16666666666666666,True,False,觀望 (動能減弱),54.0,2026-09-22 00:00:00,54.069999885559085,0.004999923706058951,False,False,0.6869871332482537,False,0.001129703050884689,61.17172588359975,0.0011612860301164624,0.0011911155323132744,-0.28546230476267365,-0.6798217813029583,-1.5402717693658974,-0.28546230476267365,False,False,False,False,False,False,0.20978415991564398,False,-0.00917431192660545,中性,3684.TWO,榮昌,0,v1,phase6a,2026-07-12,0,0,1,0,0,0,v1,504,0.171334431630972,504,0.171334431630972,506,0.16803953871499178,^TWII,yfinance,2y,2026-09-22,scan_20260922_153922,False,False
True,0,-7.5,-41.833333333333336,True,False,觀察 (跌勢收斂),909.0,2026-09-22 00:00:00,834.4,3.699999999999932,False,True,1.4980104286308624,False,0.019016668023225596,410.97191964379306,0.017844130285743158,0.017275006097657173,0.6965017654887662,0.2011100400519883,-1.5243479969121232,0.6965017654887662,True,True,True,False,False,True,0.8428195095479944,False,-0.005470459518599591,偏強 (RS上升),3189.TW,景碩,1,v1,phase6a,2026-07-12,2,3,3,3,1,3,v1,282,0.5370675453047776,282,0.5370675453047776,77,0.8747940691927513,^TWII,yfinance,2y,2026-09-22,scan_20260922_153922,False,False
True,0,-0.6999998092651367,-0.5749998092651367,True,False,賣出 (動能轉弱),19.450000762939453,2026-09-22 00:00:00,20.020000171661376,-0.0625,False,False,0.6683718542703493,False,0.0004069023185481894,22.362598548915226,0.00042823782365014016,0.00047413916725269514,-0.521702173198102,-1.3949703526243806,-3.932238073108163,-0.521702173198102,False,False,False,False,False,False,0.04744180174406609,False,-0.14692976255349155,中性,6276.TWO,安鈦克,0,v1,phase6a,2026-07-12,0,0,0,0,0,0,v1,548,0.09884678747940692,548,0.09884678747940692,549,0.09719934102141681,^TWII,yfinance,2y,2026-09-22,scan_20260922_153922,False,False
True,0,-0.43131764729817695,-0.6886444091796874,True,False,觀察 (跌勢收斂),174.5,2026-09-22 00:00:00,172.88379135131837,0.07280197143555256,False,True,0.21304720982666459,False,0.003650614488507004,59.2521472276618,0.003717894426468855,0.0037455540758782402,-0.19012465407263202,-0.5025098641889825,-2.246772959847687,-0.19012465407263202,False,False,False,False,False,True,0.379628494934741,False,-0.013389260673802528,中性,1268.TWO,漢來美食,1,v1,phase6a,2026-07-12,0,1,3,1,1,1,v1,205,0.6639209225700164,205,0.6639209225700164,225,0.6309719934102141,^TWII,yfinance,2y,2026-09-22,scan_20260922_153922,False,False
True,0,-0.25000063578287757,-0.3166675567626953,True,False,觀察 (跌勢收斂),51.29999923706055,2026-09-22 00:00:00,51.45000019073486,-0.030000114440916548,False,False,0.33539019094450473,False,0.0010732178823794354,50.38968290929937,0.001106910246118215,0.0011372764373874021,-0.31937888712438856,-0.9973472365986669,-3.613655573574981,-0.31937888712438856,False,False,False,False,False,False,0.0,False,-0.011560737402275034,中性,1730.TW,花仙子,1,v1,phase6a,2026-07-12,0,1,1,1,1,1,v1,230,0.6227347611202636,230,0.6227347611202636,250,0.5897858319604613,^TWII,yfinance,2y,2026-09-22,scan_20260922_153922,False,False
True,0,-0.3716538747151692,-0.5852940877278645,True,False,觀察 (跌勢收斂),37.849998474121094,2026-09-22 00:00:00,38.042623138427736,-0.009356117248536577,False,False,0.89568721450104,False,0.0007918381250406559,52.28603768189112,0.000820570865923838,0.0008755026213646062,-0.3672311876678047,-0.9334155469614802,-5.963562202634709,-0.3672311876678047,False,False,False,False,False,False,0.0,False,-0.22747719760806517,中性,3059.TW,華晶科,1,v1,phase6a,2026-07-12,0,1,1,1,1,1,v1,278,0.5436573311367381,278,0.5436573311367381,295,0.515650741350906,^TWII,yfinance,2y,2026-09-22,scan_20260922_153922,False,False
True,1,-0.024999936421712245,-0.09166653951009114,True,False,觀察 (跌勢收斂),15.899999618530273,2026-09-22 00:00:00,15.75499997138977,0.007499980926512606,False,True,0.8601914501378533,False,0.0003326347792244267,31.857450684763702,0.0003390431731278376,0.000353011944340764,-0.19856713326337205,-0.7622092772171074,-3.0729182609190553,-0.19856713326337205,False,False,False,False,False,True,0.007192989270282705,False,-0.00625002384185791,中性,2028.TW,威致,1,v1,phase6a,2026-07-12,0,1,3,1,1,1,v1,239,0.6079077429983526,239,0.6079077429983526,258,0.5766062602965404,^TWII,yfinance,2y,2026-09-22,scan_20260922_153922,False,False
True,0,-7.250000000000002,-11.333333333333334,True,False,觀察 (跌勢收斂),205.5,2026-09-22 00:00:00,194.2,0.27499999999997726,False,True,1.2486191167402652,False,0.004299147721422288,163.77569657666632,0.004037705886239301,0.003533427598355258,0.6862573278032524,1.7526686532772118,18.292809996804714,0.6862573278032524,True,True,True,False,False,True,0.9132931980293112,False,-0.012019230769230727,偏強 (RS上升),3498.TWO,陽程,1,v1,phase6a,2026-07-12,2,3,3,3,1,3,v1,294,0.5172981878088962,294,0.5172981878088962,79,0.871499176276771,^TWII,yfinance,2y,2026-09-22,scan_20260922_153922,False,False
True,0,0.6166661580403646,0.4666659037272135,True,False,買入 (動能增強),56.70000076293945,2026-09-22 00:00:00,56.15,0.05500011444091513,False,True,1.2817822448973817,False,0.0011861882193899423,48.54677492200231,0.0012078828885416716,0.001223640466147217,-0.18870538168292983,-0.18385731576154862,-1.0445754016613185,-0.18870538168292983,False,False,False,False,False,False,0.20128464338169677,False,-0.012195134918661199,中性,3705.TW,永信,2,v1,phase6a,2026-07-12,0,2,4,2,2,2,v1,121,0.8023064250411862,121,0.8023064250411862,141,0.7693574958813838,^TWII,yfinance,2y,2026-09-22,scan_20260922_153922,False,False
True,0,-0.05833371480305989,-0.12500031789143878,True,False,觀察 (跌勢收斂),20.200000762939453,2026-09-22 00:00:00,20.43000030517578,-0.014999961853028765,False,False,3.7150054563441475,True,0.0004225926386993656,40.94652447990619,0.00043895717517038326,0.0004491569064338115,-0.39089219673025255,-0.8045250932850467,-2.8985442875826606,-0.39089219673025255,False,False,False,False,False,False,0.0,False,-0.03117504108575242,中性,6512.TWO,啟發電,1,v1,phase6a,2026-07-12,0,1,1,1,1,1,v1,363,0.40362438220757824,363,0.40362438220757824,370,0.39209225700164746,^TWII,yfinance,2y,2026-09-22,scan_20260922_153922,False,False
True,0,-0.3833335240681966,-0.4083334604899088,True,False,觀察 (跌勢收斂),17.950000762939453,2026-09-22 00:00:00,17.94749994277954,0.01249999999999929,False,True,0.4577456803839973,False,0.0003755216782458369,45.52414241059754,0.0003848035616684514,0.00039099021962735213,-0.2532632162263182,-0.9619677162300388,-2.70273901457716,-0.2532632162263182,False,False,False,False,False,False,0.2612498843997022,False,-0.07948714036207938,中性,1434.TW,福懋,2,v1,phase6a,2026-07-12,0,2,4,2,2,2,v1,53,0.914332784184514,53,0.914332784184514,91,0.8517298187808896,^TWII,yfinance,2y,2026-09-22,scan_20260922_153922,True,False
True,0,-7.333333333333331,-15.333333333333336,True,False,觀察 (跌勢收斂),722.0,2026-09-22 00:00:00,706.4,0.5,False,True,1.1889422173449833,False,0.015104548198865655,124.44755093643522,0.015269793932542642,0.01593906407238028,-0.11378343423793513,-1.2701887535349732,-7.185236221934677,-0.11378343423793513,False,False,False,False,False,True,0.07760669379478566,False,-0.12907117008443914,中性,6944.TW,兆聯實業,2,v1,phase6a,2026-07-12,0,2,4,2,2,2,v1,187,0.6935749588138386,187,0.6935749588138386,196,0.6787479406919276,^TWII,yfinance,2y,2026-09-22,scan_20260922_153922,True,False
True,0,-0.049999872843424435,-0.28333346048990893,True,False,觀察 (跌勢收斂),26.700000762939453,2026-09-22 00:00:00,26.537500286102294,-0.022499942779543147,False,True,0.7738369881088257,False,0.000558575413342893,48.984841377909184,0.000576765009007771,0.0006300860028485487,-0.3308728938709038,-1.1009610419426274,-9.142468405262916,-0.3308728938709038,False,False,False,False,False,True,0.02866228991372146,False,-0.2896824893428195,中性,3060.TW,銘異,1,v1,phase6a,2026-07-12,0,1,2,1,1,1,v1,279,0.5420098846787479,279,0.5420098846787479,296,0.514003294892916,^TWII,yfinance,2y,2026-09-22,scan_20260922_153922,False,False
True,0,-0.19166644414265954,-0.2666664123535156,True,False,觀察 (跌勢收斂),11.5,2026-09-22 00:00:00,11.440000057220459,0.0,False,True,2.4326345232490514,True,0.00024058490898470227,27.216049898084293,0.00024586809279467786,0.00025885047433865183,-0.22567774280866093,-1.2366956107159655,-4.724504240464045,-0.22567774280866093,False,False,False,False,False,False,0.08437441641205852,False,-0.04564316863312201,中性,1813.TWO,寶利徠,1,v1,phase6a,2026-07-12,0,1,2,1,1,1,v1,236,0.6128500823723229,236,0.6128500823723229,256,0.5799011532125206,^TWII,yfinance,2y,2026-09-22,scan_20260922_153922,False,False
True,0,-0.05833339691162109,-0.09166685740152994,True,False,觀察 (跌勢收斂),18.0,2026-09-21 00:00:00,18.117499828338623,0.0,False,False,0.5500888717864145,False,0.00037720950590875606,37.86627570311968,0.00039197133534966044,0.00041202706056697524,-0.394860795533547,-0.7440746500460338,-4.49449841738454,-0.394860795533547,False,False,False,False,False,False,0.0,False,-0.0697674601992534,中性,8409.TWO,商之器,1,v1,phase6a,2026-07-12,0,1,1,1,1,1,v1,413,0.3212520593080725,413,0.3212520593080725,419,0.3113673805601318,^TWII,yfinance,2y,2026-09-22,scan_20260922_153922,False,False
True,0,0.0666662851969401,-0.04166698455810546,True,False,買入 (動能增強),20.25,2026-09-22 00:00:00,20.167500019073486,-0.010000038146973367,True,True,0.9078836864138291,False,0.00042363864408175836,40.0599205602064,0.00043590631719657923,0.00046116167454700844,-0.2953661824386389,-0.8238212204126572,-5.453395218503887,-0.2953661824386389,False,False,False,False,False,False,0.0044158318047126215,False,-0.11184207554338943,中性,3038.TW,全台,2,v1,phase6a,2026-07-12,0,2,3,2,2,2,v1,104,0.8303130148270181,104,0.8303130148270181,128,0.7907742998352554,^TWII,yfinance,2y,2026-09-22,scan_20260922_153922,False,False
True,0,0.5666656494140625,0.09999974568684888,True,False,買入 (動能增強),90.69999694824219,2026-09-22 00:00:00,89.59500007629394,0.29999999999999716,False,True,0.8128724160020198,False,0.0018974826531048365,44.60721572324109,0.0019238818448788903,0.0019137915211213956,-0.14423205298488284,-0.16765505219250576,0.032902273805501814,-0.14423205298488284,False,False,True,False,False,True,0.5238640621877554,False,-0.04526319001850332,中性,4590.TW,富田-創,2,v1,phase6a,2026-07-12,0,2,4,2,2,2,v1,134,0.7808896210873146,134,0.7808896210873146,153,0.7495881383855024,^TWII,yfinance,2y,2026-09-22,scan_20260922_153922,False,False
True,0,-0.7833334604899087,-1.0083332061767578,True,False,觀察 (跌勢收斂),39.79999923706055,2026-09-22 00:00:00,39.58749942779541,0.012499999999995737,False,True,0.668387454747716,False,0.0008326329733947331,21.84984702669949,0.0008486301501571794,0.0008805737272097065,-0.19803428117877164,-0.8633669241999486,-2.6542718356155293,-0.19803428117877164,False,False,False,False,False,False,0.019686932338672566,False,-0.1338411626499718,中性,6609.TWO,瀧澤科,1,v1,phase6a,2026-07-12,0,1,3,1,1,1,v1,369,0.39373970345963755,369,0.39373970345963755,376,0.38220757825370677,^TWII,yfinance,2y,2026-09-22,scan_20260922_153922,False,False
True,0,-1.1166661580403645,-2.0666656494140625,True,False,觀察 (跌勢收斂),93.5,2026-09-22 00:00:00,92.42000007629395,0.27999992370605753,False,True,0.6215092078322908,False,0.0019560599121799705,70.42748853667766,0.0019710938847652634,0.0020195221106785095,-0.08022215014363843,0.40160192489278046,0.2667942159894743,-0.08022215014363843,False,False,False,False,False,True,0.20443099694661002,False,-0.3348758349850316,中性,5425.TWO,台半,1,v1,phase6a,2026-07-12,1,2,3,2,1,2,v1,329,0.4596375617792422,329,0.4596375617792422,211,0.6540362438220758,^TWII,yfinance,2y,2026-09-22,scan_20260922_153922,False,False
True,0,0.4583330154418945,0.5416663487752278,True,False,觀望 (動能減弱),29.399999618530273,2026-09-22 00:00:00,29.25999994277954,0.007499980926514382,False,True,1.095919475680947,False,0.0006150605419455989,33.802589358258324,0.0006326297637880197,0.0006440692211238124,-0.2914818803229968,-0.29269949244205007,-3.042104687559022,-0.2914818803229968,False,False,False,False,False,False,0.21384653957480065,False,-0.057692342961327414,中性,5487.TWO,通泰,2,v1,phase6a,2026-07-12,0,2,4,2,2,2,v1,148,0.7578253706754531,148,0.7578253706754531,164,0.7314662273476112,^TWII,yfinance,2y,2026-09-22,scan_20260922_153922,False,True
True,0,-3.280469258626302,-0.7639490763346353,True,False,賣出 (動能轉弱),170.5,2026-09-22 00:00:00,172.42571487426758,1.0054267883300838,False,False,0.5396633877312799,False,0.003566932781034064,75.23002962642057,0.00363178910355307,0.0036228482141167995,-0.18762576646039753,1.0307315211292911,12.273027994219277,-0.18762576646039753,False,False,True,False,False,False,0.6884952407565393,False,-0.07837837837837835,中性,4977.TW,眾達-KY,0,v1,phase6a,2026-07-12,0,0,1,0,0,0,v1,521,0.14332784184514002,521,0.14332784184514002,523,0.1400329489291598,^TWII,yfinance,2y,2026-09-22,scan_20260922_153922,False,False
True,0,-0.03333282470703125,0.016667048136393223,True,False,賣出 (動能轉弱),30.5,2026-09-22 00:00:00,30.719999885559083,0.0,False,False,0.5551405636775394,False,0.0006380730194811669,47.38524738156356,0.0006612868319563187,0.000672865577959862,-0.36815538966425976,-0.9036371910396523,-3.6079436730216297,-0.36815538966425976,False,False,False,False,False,False,0.0895600557957342,False,-0.028662408581659693,中性,2008.TW,高興昌,0,v1,phase6a,2026-07-12,0,0,0,0,0,0,v1,447,0.2652388797364086,447,0.2652388797364086,458,0.2471169686985173,^TWII,yfinance,2y,2026-09-22,scan_20260922_153922,False,False
True,0,-0.15000057220458987,-0.2333335876464844,True,False,觀察 (跌勢收斂),20.5,2026-09-22 00:00:00,20.380000114440918,0.005000019073484907,False,True,0.8888162454071159,False,0.0004288687507988171,29.48059611437487,0.0004385014681829697,0.00045742691602708457,-0.23070185078740701,-0.8590254579529111,-3.8883218069268866,-0.23070185078740701,False,False,False,False,False,True,0.043699691021590416,False,-0.03529411764705881,中性,2642.TW,宅配通,1,v1,phase6a,2026-07-12,0,1,3,1,1,1,v1,266,0.5634266886326195,266,0.5634266886326195,283,0.5354200988467874,^TWII,yfinance,2y,2026-09-22,scan_20260922_153922,False,False
True,0,-0.6083335876464843,-0.5750001271565754,True,False,賣出 (動能轉弱),25.149999618530273,2026-09-22 00:00:00,25.58249988555908,-0.032499980926516514,False,False,0.9775891094018532,False,0.0005261487277556002,51.41707759693644,0.0005511615658268067,0.0006084963411332229,-0.4754345414388572,-1.8816082742841633,-6.729949793305911,-0.4754345414388572,False,False,False,False,False,False,0.0,False,-0.29551823302371594,中性,6220.TWO,岳豐,0,v1,phase6a,2026-07-12,0,0,0,0,0,0,v1,544,0.10543657331136738,544,0.10543657331136738,545,0.10378912685337727,^TWII,yfinance,2y,2026-09-22,scan_20260922_153922,False,False
True,0,-11.75,-13.999999999999998,True,False,觀察 (跌勢收斂),489.0,2026-09-22 00:00:00,487.275,2.25,False,True,1.525470833896465,True,0.010230088738566906,208.07110925647194,0.010414353678863706,0.010667382840839812,-0.18589969595350642,-1.3053674047060482,-0.6263879172192399,-0.18589969595350642,False,False,False,False,False,False,0.16897835855457422,False,-0.2430340557275542,中性,4958.TW,臻鼎-KY,1,v1,phase6a,2026-07-12,0,1,3,1,1,1,v1,319,0.47611202635914335,319,0.47611202635914335,332,0.4546952224052718,^TWII,yfinance,2y,2026-09-22,scan_20260922_153922,False,False
False,0,-0.7166659037272135,-0.5999991099039713,False,True,強烈賣出 (跌破),54.20000076293945,2026-09-22 00:00:00,54.95499973297119,-0.039999961853027344,False,False,0.3070716565810861,False,0.0011338871522193548,41.05512706760766,0.0011808424593611813,0.0012178744570322958,-0.41682627085355417,-1.4870023915801722,-4.071656640140853,-0.41682627085355417,False,False,False,False,False,False,0.013209731560138242,False,-0.03730015102271489,中性,9937.TW,全國,0,v1,phase6a,2026-07-12,0,0,0,0,0,0,v1,605,0.004942339373970346,605,0.004942339373970346,605,0.004942339373970346,^TWII,yfinance,2y,2026-09-22,scan_20260922_153922,False,False
True,0,-0.06666628519694011,-0.16666666666666666,True,False,觀察 (跌勢收斂),47.150001525878906,2026-09-22 00:00:00,46.10000019073486,0.11750011444091513,False,True,1.0362114429731746,False,0.0009863981587593174,59.53211354338615,0.0009954110995830643,0.0010242035789318246,-0.09521967709590351,-0.41381729549261337,-3.6778838840042183,-0.09521967709590351,False,False,False,False,False,True,0.08106839237340135,False,-0.15219841375832033,中性,6509.TWO,聚和,2,v1,phase6a,2026-07-12,0,2,4,2,2,2,v1,163,0.7331136738056013,163,0.7331136738056013,178,0.7084019769357496,^TWII,yfinance,2y,2026-09-22,scan_20260922_153922,True,False
True,0,0.16666539510091144,0.09999974568684895,True,False,買入 (動能增強),68.9000015258789,2026-09-22 00:00:00,68.85500106811523,-0.02000007629395384,False,True,1.0025523370498943,False,0.0014414174431434282,52.80563201964346,0.0014844006226594373,0.0015302155753327636,-0.30387996051400856,-0.7739125127399271,-3.719727716636223,-0.30387996051400856,False,False,False,False,False,False,0.0,False,-0.005772027536278146,中性,8424.TWO,惠普,4,v1,phase6a,2026-07-12,0,4,5,4,4,4,v1,15,0.9769357495881383,15,0.9769357495881383,19,0.9703459637561779,^TWII,yfinance,2y,2026-09-22,scan_20260922_153922,False,True
True,0,-0.6749998728434244,-0.7166665395100912,True,False,觀察 (跌勢收斂),17.450000762939453,2026-09-22 00:00:00,17.617499828338623,-0.01249999999999929,True,False,1.0319150729736262,False,0.0003650614648117194,31.904266545967353,0.00037775212173400555,0.0004061518840569786,-0.3523874911937619,-1.579148834022659,-5.095266964934709,-0.3523874911937619,False,False,False,False,False,False,0.029919710408797123,False,-0.13184077453915466,中性,6210.TWO,慶生,1,v1,phase6a,2026-07-12,0,1,1,1,1,1,v1,350,0.42504118616144976,350,0.42504118616144976,359,0.4102141680395387,^TWII,yfinance,2y,2026-09-22,scan_20260922_153922,False,False
True,0,-0.4666668574015299,-0.4750000635782877,True,False,觀察 (跌勢收斂),18.75,2026-09-22 00:00:00,19.010000038146973,-0.022500038146972656,False,False,0.3612581286799173,False,0.00039225800377940586,23.791808662182824,0.0004081825642847669,0.0004238353109654701,-0.40898704348787396,-1.1958131439912312,-4.677620406361605,-0.40898704348787396,False,False,False,False,False,False,0.0,False,-0.08536585365853655,中性,4102.TWO,永日,2,v1,phase6a,2026-07-12,0,2,2,2,2,2,v1,123,0.7990115321252059,123,0.7990115321252059,143,0.7660626029654036,^TWII,yfinance,2y,2026-09-22,scan_20260922_153922,True,False
True,1,0.04166698455810547,-0.06666628519694012,True,False,買入 (動能增強),27.0,2026-09-22 00:00:00,26.864999866485597,0.014999961853028765,False,True,0.578157367766883,False,0.0005648515254423445,54.744115903945534,0.0005763320109035545,0.0005806127600925725,-0.20924457925688422,-0.34867713075346085,-0.6523013707925407,-0.20924457925688422,False,False,False,False,False,False,0.18500781642516168,False,-0.010988983349614512,中性,2107.TW,厚生,2,v1,phase6a,2026-07-12,0,2,4,2,2,2,v1,69,0.8879736408566722,69,0.8879736408566722,107,0.8253706754530478,^TWII,yfinance,2y,2026-09-22,scan_20260922_153922,False,False
True,1,0.16666666666666666,-0.16666730244954425,True,False,買入 (動能增強),61.5,2026-09-22 00:00:00,60.92499961853027,0.03500003814696839,False,True,0.8473215820202799,False,0.0012866062523964512,41.12432864613802,0.0013093814160908617,0.0013427277002327875,-0.1827583773161945,-0.24096205206874943,-1.3345377247046764,-0.1827583773161945,False,False,False,False,False,True,0.28300711551539925,False,-0.02207787197585709,中性,6150.TWO,撼訊,2,v1,phase6a,2026-07-12,0,2,4,2,2,2,v1,156,0.7446457990115322,156,0.7446457990115322,172,0.7182866556836903,^TWII,yfinance,2y,2026-09-22,scan_20260922_153922,False,False
True,0,0.15833409627278644,0.14166704813639322,True,False,買入 (動能增強),37.45000076293945,2026-09-22 00:00:00,37.812499618530275,0.032500076293949576,False,False,1.5837858006741978,True,0.0007834700021764191,15.318610162475778,0.0008103338543971494,0.0008364942031280763,-0.34775053562609015,-0.7359656521312652,-0.6278490715457163,-0.34775053562609015,False,False,False,False,False,False,0.028922874009497775,False,-0.04219943160032902,中性,1235.TW,興泰,2,v1,phase6a,2026-07-12,0,2,3,2,2,2,v1,48,0.9225700164744646,48,0.9225700164744646,87,0.8583196046128501,^TWII,yfinance,2y,2026-09-22,scan_20260922_153922,False,False
True,0,-0.1249998410542806,-0.11666647593180338,True,False,賣出 (動能轉弱),13.100000381469727,2026-09-22 00:00:00,13.16749997138977,-0.007499980926514382,False,False,1.2308841492886207,False,0.00027405759995438773,37.609261105726375,0.0002832119966703931,0.00029164665321892503,-0.33909338029814995,-0.9344671438701546,-3.6933430642283605,-0.33909338029814995,False,False,False,False,False,False,0.018762728886028163,False,-0.026022262658644046,中性,1103.TW,嘉泥,0,v1,phase6a,2026-07-12,0,0,0,0,0,0,v1,425,0.3014827018121911,425,0.3014827018121911,437,0.28171334431630973,^TWII,yfinance,2y,2026-09-22,scan_20260922_153922,False,False
True,0,0.6333332061767578,0.24166647593180338,True,False,買入 (動能增強),32.25,2026-09-22 00:00:00,31.47499990463257,0.07749996185302876,False,True,1.2941398792222827,False,0.0006746837665005781,57.06142173359603,0.0006824386560986659,0.0007539913535387341,-0.11947284918368828,0.02287313209576869,-5.102283144757935,-0.11947284918368828,False,False,False,False,False,True,0.08824957391204746,False,-0.2736486736109047,中性,8038.TWO,長園科,2,v1,phase6a,2026-07-12,1,3,4,3,2,3,v1,189,0.6902800658978583,189,0.6902800658978583,74,0.8797364085667215,^TWII,yfinance,2y,2026-09-22,scan_20260922_153922,False,False
True,0,-0.2666664123535156,-0.39999993642171217,True,False,觀察 (跌勢收斂),23.700000762939453,2026-09-22 00:00:00,22.89000015258789,0.07250003814697337,False,True,1.2707356253710662,False,0.0004958141327381881,34.26195466958624,0.0004933518380443028,0.0005216180410027279,0.052563938157179635,-0.29367516311161745,-3.4937470215172683,0.052563938157179635,True,False,False,False,False,True,0.13164435259481305,False,-0.1770832850425319,中性,3041.TW,揚智,1,v1,phase6a,2026-07-12,0,1,3,1,1,1,v1,277,0.5453047775947282,277,0.5453047775947282,294,0.5172981878088962,^TWII,yfinance,2y,2026-09-22,scan_20260922_153922,False,False
True,1,-0.1333335240681966,-0.10833342870076497,True,False,賣出 (動能轉弱),12.0,2026-09-22 00:00:00,12.107500028610229,-0.022499990463257902,False,False,0.698304438155039,False,0.00025104512241881974,29.838258296011617,0.00026077380085929154,0.00027444776421609924,-0.39116873101030514,-1.4320129186571884,-5.106958493357816,-0.39116873101030514,False,False,False,False,False,False,0.011164309131884017,False,-0.11764708357286224,中性,3521.TWO,台鋼建設,0,v1,phase6a,2026-07-12,0,0,0,0,0,0,v1,499,0.17957166392092258,499,0.17957166392092258,502,0.17462932454695224,^TWII,yfinance,2y,2026-09-22,scan_20260922_153922,False,False
True,0,0.17500019073486328,0.10000022252400716,True,False,買入 (動能增強),10.600000381469727,2026-09-22 00:00:00,10.445000076293946,0.020000028610230203,False,True,1.048511917136486,False,0.0002217565327838003,31.88362392339873,0.0002251825627027719,0.0002317295028634955,-0.15989607863167166,-0.02847892509986183,-1.8604743074530417,-0.15989607863167166,False,False,False,False,False,True,0.2607370797951969,False,-0.07017537402020413,中性,2104.TW,國際中橡,2,v1,phase6a,2026-07-12,0,2,4,2,2,2,v1,68,0.8896210873146623,68,0.8896210873146623,106,0.8270181219110379,^TWII,yfinance,2y,2026-09-22,scan_20260922_153922,False,False
True,0,-3.666666666666666,-3.7499999999999996,True,False,觀察 (跌勢收斂),120.0,2026-09-22 00:00:00,121.6,-0.025000000000005684,False,False,0.5113487426986114,False,0.0025104512241881974,110.39304892619772,0.0026196543676358344,0.002842745980272764,-0.43688387960094666,-1.8341891591313053,-7.932092509131761,-0.43688387960094666,False,False,False,False,False,False,0.005363833029373523,False,-0.49016477497013167,中性,2478.TW,大毅,1,v1,phase6a,2026-07-12,0,1,1,1,1,1,v1,257,0.5782537067545305,257,0.5782537067545305,274,0.5502471169686985,^TWII,yfinance,2y,2026-09-22,scan_20260922_153922,False,False
True,0,-0.15000025431315106,-0.26666641235351557,True,False,觀察 (跌勢收斂),48.099998474121094,2026-09-22 00:00:00,48.225,0.009999847412110796,False,False,0.5634090976513709,False,0.0010062725004400645,56.55653767466224,0.0010346875914511115,0.0010597580382316223,-0.2882455181217436,-0.8078275973120275,-2.0145237282645723,-0.2882455181217436,False,False,False,False,False,False,0.0,False,-0.020366599410936104,中性,6170.TWO,統振,1,v1,phase6a,2026-07-12,0,1,2,1,1,1,v1,345,0.4332784184514003,345,0.4332784184514003,355,0.41680395387149916,^TWII,yfinance,2y,2026-09-22,scan_20260922_153922,False,False
True,0,0.21666638056437176,0.1249995231628418,True,False,買入 (動能增強),16.75,2026-09-22 00:00:00,16.11500005722046,0.04250001907348633,False,True,0.9372435788485679,False,0.0003504171500429359,42.67339884689338,0.00034603423186375286,0.0003431413970699417,0.13350579447715116,0.9972819692884771,2.8896302938264506,0.13350579447715116,True,True,True,False,False,True,0.493846549085313,False,-0.11140585352635368,偏強 (RS上升),1710.TW,東聯,3,v1,phase6a,2026-07-12,2,5,5,5,3,5,v1,20,0.9686985172981878,20,0.9686985172981878,5,0.9934102141680395,^TWII,yfinance,2y,2026-09-22,scan_20260922_153922,True,False
True,0,-0.1833324432373048,-0.7999992370605468,True,False,觀察 (跌勢收斂),35.099998474121094,2026-09-22 00:00:00,34.939999389648435,0.10499992370605327,False,True,0.27083249308757823,False,0.0007343069511530098,79.20111737754708,0.0007425798079117218,0.0007391234712768413,-0.11713313383669988,-0.1618905407555271,3.756544405291473,-0.11713313383669988,False,False,True,False,False,True,0.46861616122865807,False,-0.07265522089466492,中性,6418.TWO,詠昇,1,v1,phase6a,2026-07-12,0,1,3,1,1,1,v1,360,0.4085667215815486,360,0.4085667215815486,367,0.3970345963756178,^TWII,yfinance,2y,2026-09-22,scan_20260922_153922,False,False
True,0,-1.2131983439127603,-1.031389872233073,True,False,賣出 (動能轉弱),263.0,2026-09-22 00:00:00,262.18475952148435,0.8207489013671534,False,True,1.3292613741136075,False,0.0055020722663458,102.4264428161224,0.00561177765207574,0.005873889151406001,-0.20535775779791932,-0.40000567480563687,1.1220282296523942,-0.20535775779791932,False,False,False,False,False,False,0.2723790951726081,False,-0.22585237467844477,中性,4760.TWO,勤凱,0,v1,phase6a,2026-07-12,0,0,2,0,0,0,v1,518,0.14827018121911037,518,0.14827018121911037,520,0.14497528830313014,^TWII,yfinance,2y,2026-09-22,scan_20260922_153922,False,False
True,0,0.22500038146972653,0.24166742960611978,True,False,觀望 (動能減弱),18.149999618530273,2026-09-22 00:00:00,17.89749984741211,0.019999980926513672,False,True,0.9147172603955023,False,0.00037970573967795537,27.266335581036426,0.00038529124709266204,0.0003994595119580783,-0.1523658585813159,-0.2821433002799467,-0.8139658106013137,-0.1523658585813159,False,False,False,False,False,False,0.1176655153006767,False,-0.005479472957245268,中性,2430.TW,燦坤,0,v1,phase6a,2026-07-12,0,0,2,0,0,0,v1,464,0.2372322899505766,464,0.2372322899505766,470,0.2273476112026359,^TWII,yfinance,2y,2026-09-22,scan_20260922_153922,False,False
True,2,-0.2415027618408203,-0.3091901143391927,True,False,觀察 (跌勢收斂),62.79999923706055,2026-09-22 00:00:00,62.84321613311768,0.033162307739260655,False,False,0.8168828213879409,False,0.0013138027913641376,32.01860797026803,0.0013505437220287105,0.001391678862926366,-0.28554595670994276,-0.7581982902199691,-2.580511381211259,-0.28554595670994276,False,False,False,False,False,False,0.0,False,-0.022862822943628625,中性,2732.TWO,六角,1,v1,phase6a,2026-07-12,0,1,2,1,1,1,v1,271,0.5551894563426688,271,0.5551894563426688,288,0.5271828665568369,^TWII,yfinance,2y,2026-09-22,scan_20260922_153922,False,False
True,0,-0.2083336512247721,-0.24166679382324213,True,False,觀察 (跌勢收斂),23.899999618530273,2026-09-22 00:00:00,24.117500019073486,-0.0025000572204589844,False,False,1.578494015401823,True,0.0004999981941703064,48.396347694251574,0.0005175817824018762,0.0005412549921632769,-0.3563318352393541,-0.913227489729751,-2.6309568287290586,-0.3563318352393541,False,False,False,False,False,False,0.0,False,-0.1898305214057534,中性,9949.TWO,琉園,1,v1,phase6a,2026-07-12,0,1,1,1,1,1,v1,424,0.3031301482701812,424,0.3031301482701812,430,0.2932454695222405,^TWII,yfinance,2y,2026-09-22,scan_20260922_153922,False,False
True,1,-0.16666666666666669,-0.16666666666666666,True,False,賣出 (動能轉弱),114.0,2026-09-22 00:00:00,113.35,0.0,False,True,2.4934981019303772,True,0.0023849286629787875,45.25106502742206,0.002445795166556701,0.0025289425944815917,-0.26127537374436294,-1.0265160329631207,-4.755166560642099,-0.26127537374436294,False,False,False,False,False,False,0.03146611487113887,False,-0.032390005508863395,中性,7747.TWO,昕奇雲端,0,v1,phase6a,2026-07-12,0,0,1,0,0,0,v1,575,0.054365733113673806,575,0.054365733113673806,575,0.054365733113673806,^TWII,yfinance,2y,2026-09-22,scan_20260922_153922,False,False
True,0,0.14122390747070315,-0.9407704671223958,True,False,買入 (動能增強),88.5,2026-09-22 00:00:00,88.83590354919434,0.07938652038575356,False,False,0.8548947925238637,False,0.0018514577778387957,68.58281084807848,0.0019029511931871535,0.0019992801609366043,-0.28403061776369753,-0.2742166864287854,-1.2344818843271432,-0.28403061776369753,False,False,False,False,False,False,0.25683812026334074,False,-0.12340394468043525,中性,5243.TW,乙盛-KY,2,v1,phase6a,2026-07-12,0,2,3,2,2,2,v1,144,0.7644151565074135,144,0.7644151565074135,160,0.7380560131795717,^TWII,yfinance,2y,2026-09-22,scan_20260922_153922,False,False
True,0,1.2166684468587239,1.4333343505859373,True,False,觀望 (動能減弱),80.9000015258789,2026-09-22 00:00:00,81.22999992370606,0.07500000000000284,False,False,0.521761105651955,False,0.001692462565562248,45.8849458503639,0.0017495997994249283,0.0017916775668060908,-0.34258355367990934,-0.5625605323877569,-1.887397249845979,-0.34258355367990934,False,False,False,False,False,False,0.0,False,-0.047114251214480096,中性,6576.TWO,逸達,2,v1,phase6a,2026-07-12,0,2,3,2,2,2,v1,168,0.7248764415156508,168,0.7248764415156508,182,0.7018121911037891,^TWII,yfinance,2y,2026-09-22,scan_20260922_153922,False,True
True,1,-0.266665776570638,-0.3083324432373047,True,False,觀察 (跌勢收斂),24.25,2026-09-22 00:00:00,24.494999885559082,-0.02499999999999858,True,False,1.8967949653970193,True,0.0005073203515546982,31.040005379276057,0.0005298654850869647,0.0005652700066669695,-0.44588492763250054,-1.4065839407963243,-7.517180097984166,-0.44588492763250054,False,False,False,False,False,False,0.0,False,-0.1213768237379762,中性,1410.TW,南染,1,v1,phase6a,2026-07-12,0,1,1,1,1,1,v1,214,0.6490939044481054,214,0.6490939044481054,234,0.6161449752883031,^TWII,yfinance,2y,2026-09-22,scan_20260922_153922,False,False
True,0,-0.3083330790201823,-0.3249998092651367,True,False,觀察 (跌勢收斂),11.350000381469727,2026-09-22 00:00:00,11.427499914169312,-0.002499961853027699,True,False,0.6387313099238723,False,0.00023744685293497654,31.68639853763565,0.00024448372225493125,0.00024837084512846497,-0.3020592360929997,-1.0036799493965742,-2.6288818005052783,-0.3020592360929997,False,False,False,False,False,False,0.16939653893157067,False,-0.02991448149582432,中性,2537.TW,聯上發,1,v1,phase6a,2026-07-12,0,1,1,1,1,1,v1,260,0.5733113673805601,260,0.5733113673805601,277,0.5453047775947282,^TWII,yfinance,2y,2026-09-22,scan_20260922_153922,False,False
True,1,0.016666571299235024,0.03333330154418945,True,False,觀望 (動能減弱),14.050000190734863,2026-09-22 00:00:00,14.012500095367432,0.009999990463256836,False,True,2.032654150725153,True,0.0002939320014889562,43.941863882842554,0.00030159544206576365,0.00030655181905068916,-0.26675671301404913,-0.5084237678442904,-2.1967248131403827,-0.26675671301404913,False,False,False,False,False,False,0.04245236896090674,False,-0.0070670975612221465,中性,6154.TWO,順發,0,v1,phase6a,2026-07-12,0,0,2,0,0,0,v1,536,0.1186161449752883,536,0.1186161449752883,538,0.11532125205930807,^TWII,yfinance,2y,2026-09-22,scan_20260922_153922,False,False
True,2,-0.05000050862630208,-0.09166717529296875,True,False,觀察 (跌勢收斂),40.95000076293945,2026-09-22 00:00:00,40.96999988555908,0.022500038146972656,False,False,1.1244308477230824,False,0.0008566914962152415,37.77761646989877,0.0008802704160029342,0.0009084733208832537,-0.2811650849484426,-0.7253053430360978,-2.1170167127032458,-0.2811650849484426,False,False,False,False,False,False,0.004636979980850983,False,-0.008474539481517107,中性,8916.TWO,光隆,1,v1,phase6a,2026-07-12,0,1,2,1,1,1,v1,417,0.31466227347611203,417,0.31466227347611203,423,0.30477759472817134,^TWII,yfinance,2y,2026-09-22,scan_20260922_153922,False,False
True,0,-1.6833324432373047,-2.2166659037272134,True,False,觀察 (跌勢收斂),60.0,2026-09-22 00:00:00,60.28499984741211,-0.12999992370605185,True,False,0.32084153550840216,False,0.0012552256120940987,43.708386175798275,0.001300305808737287,0.001411616008909339,-0.36360904826676643,-1.6436003321407489,-8.285693533986983,-0.36360904826676643,False,False,False,False,False,False,0.012965366803396845,False,-0.1573033346670487,中性,6823.TWO,濾能,1,v1,phase6a,2026-07-12,0,1,1,1,1,1,v1,384,0.36902800658978585,384,0.36902800658978585,391,0.357495881383855,^TWII,yfinance,2y,2026-09-22,scan_20260922_153922,False,False
True,0,-0.9666684468587239,-1.0833346048990886,True,False,觀察 (跌勢收斂),79.69999694824219,2026-09-22 00:00:00,79.69000053405762,-0.015000152587887783,True,True,1.2407657985858123,False,0.0016673579575542518,44.31172233978777,0.0017142193759022003,0.0017529909145673228,-0.2869310234859035,-1.0452345282084718,-4.429453646778681,-0.2869310234859035,False,False,False,False,False,False,0.13265339828228354,False,-0.1557203849579054,中性,6577.TWO,勁豐,2,v1,phase6a,2026-07-12,0,2,3,2,2,2,v1,169,0.7232289950576606,169,0.7232289950576606,183,0.700164744645799,^TWII,yfinance,2y,2026-09-22,scan_20260922_153922,True,False
True,0,-0.41666666666666674,-0.75,True,False,觀察 (跌勢收斂),108.0,2026-09-22 00:00:00,107.925,-0.04999999999999716,False,True,0.8355981599150265,False,0.002259406101769378,47.136863041737975,0.002317062543388209,0.002372340558357846,-0.26124645744246555,-0.7676338503913249,-2.193716928412326,-0.26124645744246555,False,False,False,False,False,False,0.17466745811649842,False,-0.018181818181818188,中性,6728.TWO,上洋,1,v1,phase6a,2026-07-12,0,1,2,1,1,1,v1,378,0.37891268533772654,378,0.37891268533772654,385,0.3673805601317957,^TWII,yfinance,2y,2026-09-22,scan_20260922_153922,False,False
True,0,-0.13333320617675778,-0.1916662851969401,True,False,觀察 (跌勢收斂),17.299999237060547,2026-09-22 00:00:00,17.47249984741211,-0.02499999999999858,False,False,1.3635319639989474,False,0.00036192336885944613,38.40885221591341,0.00037692769646747694,0.00038424236627130937,-0.41727167303396984,-1.2796193725042704,-6.087119906553973,-0.41727167303396984,False,False,False,False,False,False,0.0848323539752475,False,-0.08707131712130678,中性,3520.TWO,華盈,2,v1,phase6a,2026-07-12,0,2,2,2,2,2,v1,115,0.8121911037891268,115,0.8121911037891268,136,0.7775947281713345,^TWII,yfinance,2y,2026-09-22,scan_20260922_153922,True,False
False,0,-0.1383332411448161,-0.07000001271565755,False,True,強烈賣出 (跌破),4.510000228881836,2026-09-22 00:00:00,4.753000020980835,-0.024499988555907848,True,False,0.3861398576558703,False,9.435112996404547e-05,5.540618784546585,0.00010281264579641881,0.00011550081084536987,-0.8588787483666205,-2.5007369060689233,-11.083792309214168,-0.8588787483666205,False,False,False,False,False,False,0.0,False,-0.21565213410750683,中性,8444.TWO,綠河-KY,0,v1,phase6a,2026-07-12,0,0,0,0,0,0,v1,589,0.03130148270181219,589,0.03130148270181219,589,0.03130148270181219,^TWII,yfinance,2y,2026-09-22,scan_20260922_153922,False,False
True,0,0.2166668574015299,0.15000025431315103,True,False,買入 (動能增強),20.100000381469727,2026-09-22 00:00:00,19.845000171661376,0.00749998092651083,False,True,1.2250613078219785,False,0.0004205005880320326,62.54896746503947,0.00042856617917273786,0.00043946277847099275,-0.19771298639837953,-0.6613245555445846,-3.5603146889406467,-0.19771298639837953,False,False,False,False,False,False,0.0732997432744269,False,-0.021897755342943137,中性,5547.TWO,久舜,2,v1,phase6a,2026-07-12,0,2,4,2,2,2,v1,153,0.7495881383855024,153,0.7495881383855024,169,0.7232289950576606,^TWII,yfinance,2y,2026-09-22,scan_20260922_153922,False,False
True,0,0.07499949137369791,-0.13333384195963538,True,False,買入 (動能增強),35.79999923706055,2026-09-22 00:00:00,35.67750015258789,-0.0024999618530259227,True,True,0.5074948151189406,False,0.0007489512659217932,26.297075770272695,0.0007701094688263997,0.0008156779991952118,-0.28836897208678325,-1.01306963224157,-5.129364270453762,-0.28836897208678325,False,False,False,False,False,False,0.020415681001254165,False,-0.08789810860992242,中性,6614.TW,資拓宏宇,2,v1,phase6a,2026-07-12,0,2,3,2,2,2,v1,172,0.7182866556836903,172,0.7182866556836903,186,0.6952224052718287,^TWII,yfinance,2y,2026-09-22,scan_20260922_153922,False,False
True,1,-0.07499996821085611,-0.15833346048990882,True,False,觀察 (跌勢收斂),14.850000381469727,2026-09-22 00:00:00,14.65750002861023,0.0,False,True,1.2947893343351646,False,0.000310668346973799,38.0283660735374,0.0003162803918095734,0.00032548139495533235,-0.18642959217378685,-0.92122654334581,-5.5795340912780045,-0.18642959217378685,False,False,False,False,False,False,0.028845341993745246,False,-0.19385713532817617,中性,5450.TWO,南良,2,v1,phase6a,2026-07-12,0,2,3,2,2,2,v1,147,0.7594728171334432,147,0.7594728171334432,163,0.7331136738056013,^TWII,yfinance,2y,2026-09-22,scan_20260922_153922,True,False
True,0,0.06666437784830727,-0.2166671752929687,True,False,買入 (動能增強),89.69999694824219,2026-09-22 00:00:00,89.30499992370605,0.06999969482421875,False,True,0.6082125094374051,False,0.0018765622262366015,48.612128138194535,0.001920351929659631,0.00196593426887406,-0.23945636168756224,-0.7162753269576716,-2.532096291978836,-0.23945636168756224,False,False,False,False,False,False,0.0,False,-0.008839812726605611,中性,2114.TW,鑫永銓,2,v1,phase6a,2026-07-12,0,2,4,2,2,2,v1,70,0.886326194398682,70,0.886326194398682,108,0.8237232289950577,^TWII,yfinance,2y,2026-09-22,scan_20260922_153922,False,False
True,2,0.0016667048136393223,-0.008333365122477211,True,False,買入 (動能增強),9.970000267028809,2026-09-22 00:00:00,9.971000003814698,-0.001499986648559215,True,False,0.9834985463180448,False,0.00020857666146265942,39.51358798240262,0.0002147477055918922,0.00022101494105983738,-0.30157463680733354,-0.8345879174296633,-3.4013952224546617,-0.30157463680733354,False,False,False,False,False,False,0.0,False,-0.022548975150706307,中性,1217.TW,愛之味,2,v1,phase6a,2026-07-12,0,2,2,2,2,2,v1,46,0.9258649093904449,46,0.9258649093904449,85,0.8616144975288303,^TWII,yfinance,2y,2026-09-22,scan_20260922_153922,False,False
True,0,-0.20833301544189453,-0.24166647593180335,True,False,觀察 (跌勢收斂),29.600000381469727,2026-09-22 00:00:00,29.680000019073486,-0.014999961853028765,True,False,1.1353103086024916,False,0.0006192446432802649,46.322821990456916,0.0006391212012589222,0.0006536704168141159,-0.3262983947007636,-1.004948215246504,-4.262892435641497,-0.3262983947007636,False,False,False,False,False,False,0.1466806989681597,False,-0.052799987792968794,中性,4114.TWO,健喬,1,v1,phase6a,2026-07-12,0,1,1,1,1,1,v1,306,0.4975288303130148,306,0.4975288303130148,320,0.4744645799011532,^TWII,yfinance,2y,2026-09-22,scan_20260922_153922,False,False
True,0,-0.7500012715657552,-1.0666681925455728,True,False,觀察 (跌勢收斂),78.0,2026-09-22 00:00:00,77.78999977111816,0.024999999999991473,False,True,0.2758435181222937,False,0.0016317932957223284,13.748724876470382,0.001693324254000461,0.001979327255322951,-0.3810412057694834,-1.8875888786359596,-11.419687008042922,-0.3810412057694834,False,False,False,False,False,False,0.054723635324979154,False,-0.27441860465116275,中性,6535.TWO,順藥,1,v1,phase6a,2026-07-12,0,1,3,1,1,1,v1,365,0.400329489291598,365,0.400329489291598,372,0.38879736408566723,^TWII,yfinance,2y,2026-09-22,scan_20260922_153922,False,False
True,1,-0.03333314259847005,-0.058333079020182296,True,False,觀察 (跌勢收斂),22.549999237060547,2026-09-22 00:00:00,22.757499790191652,-0.027500057220457563,False,False,0.4169572611924776,False,0.00047175560991767976,44.65681058738752,0.0004905415405879871,0.0005110405202616131,-0.40150052248668633,-0.9827818498551633,-4.485565452521367,-0.40150052248668633,False,False,False,False,False,False,0.0,False,-0.028017306228594774,中性,8401.TWO,白紗科,1,v1,phase6a,2026-07-12,0,1,1,1,1,1,v1,411,0.3245469522240527,411,0.3245469522240527,417,0.31466227347611203,^TWII,yfinance,2y,2026-09-22,scan_20260922_153922,False,False
True,0,-0.1916666030883789,-0.15833330154418945,True,False,賣出 (動能轉弱),11.550000190734863,2026-09-22 00:00:00,12.097500085830688,-0.03249998092651296,False,False,0.7617370612730517,False,0.00024163093431836877,28.491393515710723,0.0002613886516001797,0.0002811822470059384,-0.7893772553233092,-2.99123570471439,-9.325022773457903,-0.7893772553233092,False,False,False,False,False,False,0.0,False,-0.18661969395247568,中性,8067.TWO,志旭,0,v1,phase6a,2026-07-12,0,0,0,0,0,0,v1,581,0.044481054365733116,581,0.044481054365733116,581,0.044481054365733116,^TWII,yfinance,2y,2026-09-22,scan_20260922_153922,False,False
True,2,-0.03166667620340983,-0.03833333651224772,True,False,觀察 (跌勢收斂),6.010000228881836,2026-09-22 00:00:00,6.025000095367432,-0.0009999990463258612,False,False,0.6421712038663312,False,0.00012573177026639794,26.685705236378745,0.00012974018518880755,0.00013478256388604995,-0.3241637438064493,-0.9667424847085715,-3.9180289223777143,-0.3241637438064493,False,False,False,False,False,False,0.0,False,-0.027508026566157362,中性,6264.TWO,富裔,1,v1,phase6a,2026-07-12,0,1,1,1,1,1,v1,357,0.4135090609555189,357,0.4135090609555189,365,0.400329489291598,^TWII,yfinance,2y,2026-09-22,scan_20260922_153922,False,False
True,0,-4.333333333333333,-4.916666666666666,True,False,觀察 (跌勢收斂),244.0,2026-09-22 00:00:00,245.3,-0.17499999999998295,True,False,0.9563119101612778,False,0.005104584155849335,37.212055498168304,0.005251133189711598,0.005140801486597654,-0.29290876467903404,-0.4975256582374965,-2.036056546014431,-0.29290876467903404,False,False,True,False,False,False,0.5250575432737418,False,-0.06153846153846154,中性,3617.TW,碩天,1,v1,phase6a,2026-07-12,0,1,1,1,1,1,v1,299,0.5090609555189456,299,0.5090609555189456,313,0.48599670510708404,^TWII,yfinance,2y,2026-09-22,scan_20260922_153922,False,False
True,0,-0.04166730244954428,-0.2916673024495443,True,False,觀察 (跌勢收斂),37.400001525878906,2026-09-22 00:00:00,36.59499950408936,0.0350000381469755,False,True,1.2488664830369187,False,0.0007824239967940263,36.121354545258406,0.0007905349837990513,0.0008332749146469085,-0.10788478888031916,-0.6121679554690562,-4.564655655654903,-0.10788478888031916,False,False,False,False,False,True,0.1005934970671536,False,-0.09552592730358367,中性,2387.TW,精元,1,v1,phase6a,2026-07-12,0,1,3,1,1,1,v1,251,0.5881383855024712,251,0.5881383855024712,269,0.5584843492586491,^TWII,yfinance,2y,2026-09-22,scan_20260922_153922,False,False
True,0,-0.15166711807250974,-0.15666691462198892,True,False,觀察 (跌勢收斂),9.979999542236328,2026-09-22 00:00:00,10.071499967575074,0.0,False,False,0.4533301155236033,False,0.00020878585056837367,36.46056404956151,0.0002163571645862893,0.00022598863000456828,-0.3670113793612484,-1.2234501156269229,-3.9909963294392004,-0.3670113793612484,False,False,False,False,False,False,0.0,False,-0.08018440632677193,中性,1324.TW,地球,1,v1,phase6a,2026-07-12,0,1,1,1,1,1,v1,210,0.6556836902800659,210,0.6556836902800659,230,0.6227347611202636,^TWII,yfinance,2y,2026-09-22,scan_20260922_153922,False,False
True,1,-0.10833295186360672,-0.3250001271565755,True,False,觀察 (跌勢收斂),50.20000076293945,2026-09-22 00:00:00,49.89999980926514,0.01000003814697692,False,True,1.1845785248608764,False,0.001050205444746415,43.17170265878711,0.0010770660609682131,0.0011365463180380412,-0.2618251986466924,-0.7265353592670665,-4.780543640906876,-0.2618251986466924,False,False,False,False,False,False,0.0,False,-0.10614944407176985,中性,6899.TWO,創為精密,1,v1,phase6a,2026-07-12,0,1,3,1,1,1,v1,388,0.3624382207578254,388,0.3624382207578254,395,0.35090609555189456,^TWII,yfinance,2y,2026-09-22,scan_20260922_153922,False,False
False,0,-0.358334223429362,-1.2083339691162107,False,True,強烈賣出 (跌破),40.599998474121094,2026-09-22 00:00:00,38.32999973297119,0.1449998855590806,False,True,2.7922188671865755,True,0.0008493692989283021,89.37662272314964,0.0008256289012341892,0.000870628025134602,0.3035959688158618,-0.2412880728103306,-4.618118286161277,0.3035959688158618,True,False,False,False,False,True,0.23897902881348723,False,-0.2625388979081916,中性,1809.TW,中釉,0,v1,phase6a,2026-07-12,0,0,2,0,0,0,v1,446,0.26688632619439867,446,0.26688632619439867,457,0.2487644151565074,^TWII,yfinance,2y,2026-09-22,scan_20260922_153922,False,False
True,0,20.0,18.333333333333332,True,False,買入 (動能增強),1480.0,2026-09-22 00:00:00,1447.75,10.5,False,True,0.8504356693320283,False,0.03096223176498777,203.56468162482844,0.03081848605562123,0.03084850867438691,0.049121686053199554,2.259792569384933,9.397153647064972,0.049121686053199554,True,True,False,False,False,False,0.7935993053891803,False,-0.054313099041533586,偏強 (RS上升),3491.TWO,昇達科,2,v1,phase6a,2026-07-12,0,2,4,2,2,2,v1,113,0.8154859967051071,113,0.8154859967051071,134,0.7808896210873146,^TWII,yfinance,2y,2026-09-22,scan_20260922_153922,False,False
False,0,-1.9249998728434243,-2.2416661580403643,False,True,強烈賣出 (跌破),48.0,2026-09-22 00:00:00,48.37999973297119,-0.06499996185302592,False,False,0.5661259726169292,False,0.001004180489675279,87.01774172922177,0.0010334920976185949,0.0010809976885689996,-0.2976557301011096,-1.1551049746060804,-4.147616045258518,-0.2976557301011096,False,False,False,False,False,False,0.039815929578546634,False,-0.2724889389561742,中性,3221.TWO,台嘉碩,0,v1,phase6a,2026-07-12,0,0,0,0,0,0,v1,491,0.1927512355848435,491,0.1927512355848435,494,0.18780889621087316,^TWII,yfinance,2y,2026-09-22,scan_20260922_153922,False,False
True,0,-0.5250005722045898,-0.6583337783813475,True,False,觀察 (跌勢收斂),25.149999618530273,2026-09-22 00:00:00,25.542499923706053,-0.0350000381469755,False,False,0.40313035113155926,False,0.0005261487277556002,44.502208754218266,0.0005493989384942483,0.0005672489745150906,-0.44349132630221444,-1.6427566080439493,-5.900661908910598,-0.44349132630221444,False,False,False,False,False,False,0.0,False,-0.0753676870186838,中性,6606.TW,建德工業,1,v1,phase6a,2026-07-12,0,1,1,1,1,1,v1,368,0.3953871499176277,368,0.3953871499176277,375,0.38385502471169686,^TWII,yfinance,2y,2026-09-22,scan_20260922_153922,False,False
True,1,-0.05833307902018231,-0.14166641235351562,True,False,觀察 (跌勢收斂),29.25,2026-09-22 00:00:00,28.745000076293945,0.05749998092651154,False,True,1.7432882828970706,True,0.0006119224858958731,44.85212655498361,0.000616574777260606,0.0006426277702254322,-0.07936202564483574,0.008082205235870887,-0.32074717473848935,-0.07936202564483574,False,False,False,False,False,True,0.26814305398324284,False,-0.1444372103454682,中性,6134.TWO,萬旭,1,v1,phase6a,2026-07-12,1,2,3,2,1,2,v1,343,0.43657331136738053,343,0.43657331136738053,213,0.6507413509060955,^TWII,yfinance,2y,2026-09-22,scan_20260922_153922,False,False
True,0,-0.1833333969116211,-0.17500019073486328,True,False,賣出 (動能轉弱),14.149999618530273,2026-09-22 00:00:00,14.234999942779542,0.025000000000000355,False,False,0.353731135753635,False,0.00029602403220501544,37.711276327555495,0.0003043072993516683,0.0003104922370734252,-0.2857084605008442,-0.624043157943377,0.5191156351175952,-0.2857084605008442,False,False,False,False,False,False,0.12820880405110438,False,-0.09485635293730088,中性,1308.TW,亞聚,1,v1,phase6a,2026-07-12,0,1,2,1,1,1,v1,208,0.6589785831960461,208,0.6589785831960461,228,0.6260296540362438,^TWII,yfinance,2y,2026-09-22,scan_20260922_153922,True,False
True,1,-0.39166641235351557,-0.6833324432373047,True,False,觀察 (跌勢收斂),46.54999923706055,2026-09-22 00:00:00,46.87749977111817,-0.04500007629394531,True,False,0.6176763717517012,False,0.0009738458547553192,58.028527918034435,0.0010131625282678524,0.001083994752569272,-0.4068212555937256,-1.4001127018590576,-7.028352683391237,-0.4068212555937256,False,False,False,False,False,False,0.0,False,-0.125000026889313,中性,3205.TWO,佰研,1,v1,phase6a,2026-07-12,0,1,1,1,1,1,v1,283,0.5354200988467874,283,0.5354200988467874,299,0.5090609555189456,^TWII,yfinance,2y,2026-09-22,scan_20260922_153922,False,False
True,1,-0.07999984423319498,-0.09999982515970865,True,False,觀察 (跌勢收斂),4.840000152587891,2026-09-22 00:00:00,4.890500020980835,-0.01799998283386195,False,False,0.9299939126032162,False,0.0001012548692344611,26.609887695592327,0.00010512505310032109,0.00011011679723002044,-0.3860308469825102,-1.0750768158097612,-4.854433901715316,-0.3860308469825102,False,False,False,False,False,False,0.0,False,-0.08679245690426896,中性,5907.TW,大洋-KY,1,v1,phase6a,2026-07-12,0,1,1,1,1,1,v1,339,0.443163097199341,339,0.443163097199341,351,0.4233937397034596,^TWII,yfinance,2y,2026-09-22,scan_20260922_153922,False,False
True,1,-0.024999936421712235,-0.016666730244954422,True,False,賣出 (動能轉弱),24.450000762939453,2026-09-22 00:00:00,24.475,0.00500001907348846,False,False,1.9211442991837124,True,0.0005115044528893643,37.14884197705297,0.0005279532636055438,0.000548211082404694,-0.32688384294166095,-0.9728086972817573,-4.277565096455849,-0.32688384294166095,False,False,False,False,False,False,0.0,False,-0.05607063998153794,中性,8049.TWO,晶采,0,v1,phase6a,2026-07-12,0,0,1,0,0,0,v1,580,0.04612850082372323,580,0.04612850082372323,580,0.04612850082372323,^TWII,yfinance,2y,2026-09-22,scan_20260922_153922,False,False
True,0,-0.6500002543131509,-1.0000000000000002,True,False,觀察 (跌勢收斂),74.19999694824219,2026-09-22 00:00:00,76.16999969482421,-0.06500015258789915,False,False,1.416005149109633,False,0.0015522956097789593,44.40786728052523,0.0016264465226765996,0.0016985797850355266,-0.4776105408653475,-1.112513137480442,-1.1147578856196438,-0.4776105408653475,False,False,False,False,False,False,0.13067021336163148,False,-0.12910798584514438,中性,6794.TW,向榮生技,1,v1,phase6a,2026-07-12,0,1,1,1,1,1,v1,382,0.3723228995057661,382,0.3723228995057661,389,0.36079077429983525,^TWII,yfinance,2y,2026-09-22,scan_20260922_153922,False,False
True,0,-0.1333332061767578,-0.17499987284342447,True,False,觀察 (跌勢收斂),11.050000190734863,2026-09-22 00:00:00,11.062499952316283,-0.009999990463256836,False,False,0.7204279604274553,False,0.00023117072088425127,23.57785712999226,0.00023782577618838735,0.0002474456774544993,-0.2936917701845454,-1.029579634617872,-4.140295854950715,-0.2936917701845454,False,False,False,False,False,False,0.07331729206848178,False,-0.059574451852352106,中性,2913.TW,農林,1,v1,phase6a,2026-07-12,0,1,1,1,1,1,v1,276,0.5469522240527183,276,0.5469522240527183,293,0.5189456342668863,^TWII,yfinance,2y,2026-09-22,scan_20260922_153922,False,False
True,0,0.048333326975504555,0.0516665776570638,True,False,觀望 (動能減弱),8.420000076293945,2026-09-22 00:00:00,8.39350004196167,0.0039999961853016686,False,True,0.7108110698766946,False,0.00017614999582664042,39.63788011682769,0.00018066623893494757,0.0001834329566182891,-0.2624432625831341,-0.8274004379051458,-2.482099298453655,-0.2624432625831341,False,False,False,False,False,False,0.21564828341870176,False,-0.020930267115292778,中性,2511.TW,太子,0,v1,phase6a,2026-07-12,0,0,2,0,0,0,v1,469,0.22899505766062603,469,0.22899505766062603,475,0.21911037891268534,^TWII,yfinance,2y,2026-09-22,scan_20260922_153922,False,False
True,0,0.233334223429362,0.033334096272786426,True,False,買入 (動能增強),38.099998474121094,2026-09-22 00:00:00,37.6274995803833,0.03750000000000142,False,True,1.2333081074517507,False,0.0007970682317577146,36.957514423841296,0.0008093343261931123,0.0008257778492859145,-0.1592804377380852,-0.4322818353056035,-1.906311893622803,-0.1592804377380852,False,False,False,False,False,False,0.07786266321058181,False,-0.12914289202008933,中性,1609.TW,大亞,5,v1,phase6a,2026-07-12,0,5,7,5,5,5,v1,1,1.0,1,1.0,2,0.9983525535420099,^TWII,yfinance,2y,2026-09-22,scan_20260922_153922,True,True
True,0,0.20833317438761392,0.24999984105428055,True,False,觀望 (動能減弱),13.75,2026-09-22 00:00:00,13.7,0.034999990463255415,False,True,0.36989192194569437,False,0.000287655869438231,34.956612004971426,0.0002945820875375423,0.0003100653276275681,-0.2468838569057885,-0.2651265659495028,0.425091058328797,-0.2468838569057885,False,False,False,False,False,False,0.14013930417191983,False,-0.16821653397171832,中性,1309.TW,台達化,0,v1,phase6a,2026-07-12,0,0,2,0,0,0,v1,431,0.2915980230642504,431,0.2915980230642504,443,0.27182866556836904,^TWII,yfinance,2y,2026-09-22,scan_20260922_153922,False,False
True,1,-0.4833335876464843,-0.5666669209798176,True,False,觀察 (跌勢收斂),24.200000762939453,2026-09-22 00:00:00,24.47500009536743,-0.007499980926514382,False,False,1.7589360101390075,True,0.0005062743461723056,18.80431962313192,0.000528751510055099,0.0005988848703881142,-0.445479037911245,-1.6453479118972214,-7.611238564198331,-0.445479037911245,False,False,False,False,False,False,0.0,False,-0.2923976542958565,中性,3466.TWO,德晉,1,v1,phase6a,2026-07-12,0,1,1,1,1,1,v1,293,0.5189456342668863,293,0.5189456342668863,308,0.4942339373970346,^TWII,yfinance,2y,2026-09-22,scan_20260922_153922,False,False
True,0,0.46428553263346356,0.6785710652669271,True,False,觀望 (動能減弱),106.0,2026-09-22 00:00:00,106.15714302062989,0.038095092773446027,False,False,0.9720878286363935,False,0.002217565248032908,41.210683678104495,0.0022824515357163914,0.002326126828505347,-0.29835278163321544,-0.4879144663087698,-1.5922202893554616,-0.29835278163321544,False,False,False,False,False,False,0.17438991720237584,False,-0.02304147465437789,中性,9917.TW,中保科,0,v1,phase6a,2026-07-12,0,0,1,0,0,0,v1,601,0.011532125205930808,601,0.011532125205930808,601,0.011532125205930808,^TWII,yfinance,2y,2026-09-22,scan_20260922_153922,False,False
True,0,-0.1033333937327067,-0.10999997456868489,True,False,觀察 (跌勢收斂),6.199999809265137,2026-09-22 00:00:00,6.379500031471252,-0.018000006675720215,True,False,1.6731136772372872,True,0.00012970664259280212,32.625071055423014,0.00013812944063009772,0.00014811321453172223,-0.6377755040929856,-2.1278111281158862,-9.711701533413564,-0.6377755040929856,False,False,False,False,False,False,0.0,False,-0.2250000238418579,中性,2911.TW,麗嬰房,1,v1,phase6a,2026-07-12,0,1,1,1,1,1,v1,275,0.5485996705107083,275,0.5485996705107083,292,0.5205930807248764,^TWII,yfinance,2y,2026-09-22,scan_20260922_153922,False,False
True,0,-0.08333333333333293,-1.1666666666666665,True,False,觀察 (跌勢收斂),366.5,2026-09-22 00:00:00,354.475,0.9500000000000455,False,True,1.265798483584083,False,0.00766733644720812,70.111379302322,0.0076313619258814224,0.007583681427443836,0.04964607561372958,0.1406399623656407,-1.4888802319092287,0.04964607561372958,True,True,True,False,False,True,0.4247122349325935,False,-0.07798742138364778,偏強 (RS上升),2376.TW,技嘉,1,v1,phase6a,2026-07-12,2,3,3,3,1,3,v1,250,0.5897858319604613,250,0.5897858319604613,76,0.8764415156507414,^TWII,yfinance,2y,2026-09-22,scan_20260922_153922,False,False
True,1,0.05000050862630209,0.016667366027832017,True,False,買入 (動能增強),23.649999618530273,2026-09-22 00:00:00,23.89749984741211,-0.01249999999999929,False,False,1.1889885845821393,False,0.0004947680874532478,29.125484651369963,0.0005175837439937155,0.0005505199050747999,-0.4618683704594506,-0.8919904466905382,-6.209867767797972,-0.4618683704594506,False,False,False,False,False,False,0.0,False,-0.13369962346282016,中性,4523.TWO,永彰,2,v1,phase6a,2026-07-12,0,2,2,2,2,2,v1,130,0.7874794069192751,130,0.7874794069192751,150,0.7545304777594728,^TWII,yfinance,2y,2026-09-22,scan_20260922_153922,False,False
True,0,-0.1916669209798177,-0.24166711171468097,True,False,觀察 (跌勢收斂),23.899999618530273,2026-09-22 00:00:00,23.942499828338622,-0.015000057220458274,True,False,0.9727924886395501,False,0.0004999981941703064,28.720138524462484,0.0005157989429366839,0.0005386538586811088,-0.32142188891536305,-1.224367744969479,-4.735867350438417,-0.32142188891536305,False,False,False,False,False,False,0.013169827666268423,False,-0.03042596395969921,中性,2063.TWO,世鎧,1,v1,phase6a,2026-07-12,0,1,1,1,1,1,v1,241,0.6046128500823723,241,0.6046128500823723,260,0.5733113673805601,^TWII,yfinance,2y,2026-09-22,scan_20260922_153922,False,False
True,0,-0.5083332061767578,-0.5249997774759928,True,False,觀察 (跌勢收斂),14.050000190734863,2026-09-22 00:00:00,14.38250002861023,-0.037499999999999645,False,False,1.3610328588100162,False,0.0002939320014889562,27.012083424623665,0.0003086854707589935,0.00032605086706731246,-0.5005816260182483,-1.941386191189487,-6.148015352067604,-0.5005816260182483,False,False,False,False,False,False,0.0,False,-0.06333332061767583,中性,3713.TWO,新晶投控,2,v1,phase6a,2026-07-12,0,2,2,2,2,2,v1,122,0.800658978583196,122,0.800658978583196,142,0.7677100494233937,^TWII,yfinance,2y,2026-09-22,scan_20260922_153922,True,False
True,0,0.141666571299235,0.2749999364217123,True,False,觀望 (動能減弱),14.899999618530273,2026-09-22 00:00:00,14.940000057220459,0.01749997138977122,False,False,0.13127504184856587,False,0.0003117143523561917,32.913842626495246,0.0003204770114493087,0.00032372379197796914,-0.2869903233812421,-0.5194597601068884,1.1025329813658447,-0.2869903233812421,False,False,False,False,False,False,0.3885548227063329,False,-0.022950844686539407,中性,5514.TWO,三豐,2,v1,phase6a,2026-07-12,0,2,3,2,2,2,v1,149,0.7561779242174629,149,0.7561779242174629,165,0.729818780889621,^TWII,yfinance,2y,2026-09-22,scan_20260922_153922,False,True
True,0,0.7416667938232421,0.5333334604899088,True,False,買入 (動能增強),22.600000381469727,2026-09-22 00:00:00,22.44999990463257,0.0350000381469755,False,True,0.5847280206662667,False,0.00047280165520262004,22.514178013672066,0.0004878154661459783,0.0004908521883756551,-0.32292899420224286,-0.9738007377144475,-6.891543308713965,-0.32292899420224286,False,False,False,False,False,False,0.17602200111037442,False,-0.31618756722610564,中性,1435.TW,中福,3,v1,phase6a,2026-07-12,0,3,5,3,3,3,v1,19,0.9703459637561779,19,0.9703459637561779,40,0.9357495881383855,^TWII,yfinance,2y,2026-09-22,scan_20260922_153922,True,False
True,1,0.650000254313151,0.6916669209798176,True,False,觀望 (動能減弱),44.54999923706055,2026-09-22 00:00:00,44.777499961853025,-0.012500000000002842,False,False,1.5875811676520577,True,0.0009320050010188494,38.48686969705456,0.0009681358021283955,0.001006205059418129,-0.3913046033251266,-0.6284989953510345,-4.102979204339485,-0.3913046033251266,False,False,False,False,False,False,0.0,False,-0.03987073767199223,中性,6201.TW,亞弘電,0,v1,phase6a,2026-07-12,0,0,0,0,0,0,v1,540,0.11202635914332784,540,0.11202635914332784,541,0.11037891268533773,^TWII,yfinance,2y,2026-09-22,scan_20260922_153922,False,False
True,0,0.27499961853027344,-0.10000101725260413,True,False,買入 (動能增強),38.900001525878906,2026-09-22 00:00:00,38.70999984741211,0.0,False,True,1.3958358999630405,False,0.0008138046370963788,38.40782824815029,0.0008364862966609183,0.0008747752944765907,-0.28461289396065625,-0.32634001290370307,-4.7325782532001925,-0.28461289396065625,False,False,False,False,False,True,0.07173426383391465,False,-0.034739397957461504,中性,6843.TWO,進典,2,v1,phase6a,2026-07-12,0,2,3,2,2,2,v1,182,0.7018121911037891,182,0.7018121911037891,195,0.6803953871499177,^TWII,yfinance,2y,2026-09-22,scan_20260922_153922,False,False
True,1,-0.5333340962727865,-0.8250007629394531,True,False,觀察 (跌勢收斂),41.599998474121094,2026-09-22 00:00:00,41.09249992370606,0.04249992370606037,False,True,0.9017862173994736,False,0.0008702897257965371,48.73329391565345,0.0008820451445121278,0.000948284321912528,-0.14009248643706007,-0.15700422458588825,-2.219377597099914,-0.14009248643706007,False,False,False,False,False,True,0.2443133359447348,False,-0.08470851978417793,中性,3701.TW,大眾控,1,v1,phase6a,2026-07-12,0,1,3,1,1,1,v1,303,0.5024711696869851,303,0.5024711696869851,317,0.4794069192751236,^TWII,yfinance,2y,2026-09-22,scan_20260922_153922,False,False
True,0,0.19166660308837888,0.16666666666666663,True,False,買入 (動能增強),12.600000381469727,2026-09-22 00:00:00,12.53999991416931,-0.025000000000000355,True,True,1.2779088921631265,False,0.00026359738652027023,20.831230925345697,0.0002727909738639519,0.0002933442969858915,-0.3535032734409471,-1.3960058261361152,-8.134478271304413,-0.3535032734409471,False,False,False,False,False,True,0.06329834522190347,False,-0.21981419943733804,中性,6645.TW,金萬林-創,2,v1,phase6a,2026-07-12,0,2,3,2,2,2,v1,173,0.7166392092257001,173,0.7166392092257001,187,0.6935749588138386,^TWII,yfinance,2y,2026-09-22,scan_20260922_153922,False,False
True,1,-0.041666348775227846,-0.13333320617675778,True,False,觀察 (跌勢收斂),16.200000762939453,2026-09-22 00:00:00,15.907500076293946,0.01750001907348775,False,True,0.6931540425998068,False,0.0003389109312264257,35.64816515833829,0.0003430625334506713,0.0003591558473254058,-0.12722309761737938,-0.9211935064653565,-4.605572482855813,-0.12722309761737938,False,False,False,False,False,True,0.09787636542868035,False,-0.024096362008327765,中性,3164.TW,景岳,1,v1,phase6a,2026-07-12,0,1,3,1,1,1,v1,281,0.5387149917627677,281,0.5387149917627677,298,0.5107084019769358,^TWII,yfinance,2y,2026-09-22,scan_20260922_153922,False,False
True,0,-0.4916661580403646,-0.5499995549519856,True,False,觀察 (跌勢收斂),23.75,2026-09-22 00:00:00,23.879999923706055,-0.014999961853025212,False,False,0.4118218015693955,False,0.0004968601381205807,26.346499419920068,0.0005141799465309724,0.0005638000124296108,-0.3533191531267521,-1.2041988412471172,-5.737327770699752,-0.3533191531267521,False,False,False,False,False,False,0.0,False,-0.17534720037638352,中性,1587.TW,吉茂,1,v1,phase6a,2026-07-12,0,1,1,1,1,1,v1,225,0.6309719934102141,225,0.6309719934102141,245,0.5980230642504119,^TWII,yfinance,2y,2026-09-22,scan_20260922_153922,False,False
True,0,-3.1789143882174353e-07,-0.11666679382324219,True,False,觀察 (跌勢收斂),31.899999618530273,2026-09-22 00:00:00,31.65,-0.00500001907348846,False,True,1.550462383247817,True,0.0006673616091161863,40.58954248023336,0.0006808075779961118,0.0006914599754558233,-0.20746372714145478,-0.637807749926711,-2.7369706618512013,-0.20746372714145478,False,False,False,False,False,False,0.22429853891891993,False,-0.003125011920928955,中性,1593.TWO,祺驊,1,v1,phase6a,2026-07-12,0,1,2,1,1,1,v1,226,0.6293245469522241,226,0.6293245469522241,246,0.5963756177924218,^TWII,yfinance,2y,2026-09-22,scan_20260922_153922,False,False
True,0,0.01666641235351561,-0.15000025431315106,True,False,買入 (動能增強),35.04999923706055,2026-09-22 00:00:00,34.90749988555908,0.02499999999999858,False,True,0.5934903149371517,False,0.000733260945770617,54.30452966117746,0.0007476172486431244,0.0007560485973140713,-0.2017263927721613,-0.359201197492498,-0.1173955710305985,-0.2017263927721613,False,False,False,False,False,False,0.5118345564952169,False,-0.012676077829280374,中性,1612.TW,宏泰,2,v1,phase6a,2026-07-12,0,2,4,2,2,2,v1,61,0.9011532125205931,61,0.9011532125205931,99,0.8385502471169687,^TWII,yfinance,2y,2026-09-22,scan_20260922_153922,False,False
True,0,2.1666666666666665,-1.8333333333333328,True,False,買入 (動能增強),183.5,2026-09-22 00:00:00,181.25,-0.07499999999998863,False,True,0.6104358318874211,False,0.003838898330321119,83.02927285670414,0.0038983539936290595,0.003954713750752549,-0.16028455831041954,-0.11943835407118852,-2.8357385512570277,-0.16028455831041954,False,False,False,False,False,True,0.22457537471040412,False,-0.2630522088353414,中性,3042.TW,晶技,3,v1,phase6a,2026-07-12,0,3,4,3,3,3,v1,26,0.9588138385502472,26,0.9588138385502472,42,0.9324546952224053,^TWII,yfinance,2y,2026-09-22,scan_20260922_153922,True,False
True,0,-0.35833422342936194,-0.3333339691162109,True,False,賣出 (動能轉弱),41.349998474121094,2026-09-22 00:00:00,41.59249973297119,-0.030000114440916548,False,False,0.4703943977327601,False,0.0008650596190794784,40.304717714718414,0.0008933171479121432,0.0009173269275929549,-0.33186483477978257,-1.141354341247125,-3.191128465210924,-0.33186483477978257,False,False,False,False,False,False,0.0,False,-0.017814727486534898,中性,2013.TW,中鋼構,0,v1,phase6a,2026-07-12,0,0,0,0,0,0,v1,448,0.26359143327841844,448,0.26359143327841844,459,0.24546952224052718,^TWII,yfinance,2y,2026-09-22,scan_20260922_153922,False,False
True,1,-0.031885782877604164,-0.035219192504882806,True,False,觀察 (跌勢收斂),10.350000381469727,2026-09-22 00:00:00,10.378934240341186,-0.000999975204468484,False,False,0.9837514052838673,False,0.00021652642606674155,40.00378338175854,0.00022346880893290818,0.00023068365621394738,-0.32594937242969024,-0.8876567258583101,-3.660737929153335,-0.32594937242969024,False,False,False,False,False,False,0.0,False,-0.033685433447842916,中性,2701.TW,萬企,1,v1,phase6a,2026-07-12,0,1,1,1,1,1,v1,268,0.5601317957166392,268,0.5601317957166392,285,0.5321252059308073,^TWII,yfinance,2y,2026-09-22,scan_20260922_153922,False,False
True,2,-0.08333317438761392,-0.033333142598470054,True,False,賣出 (動能轉弱),14.300000190734863,2026-09-22 00:00:00,14.659999990463257,0.01500000953674352,False,False,0.6256143490491515,False,0.00029916210820601496,26.03823217037917,0.00031303455156430894,0.0003276605229108054,-0.4643183782167326,-0.7292987730405875,-0.008906608451020315,-0.4643183782167326,False,False,False,False,False,False,0.10397215548815689,False,-0.10742914321838071,中性,5546.TW,永固-KY,0,v1,phase6a,2026-07-12,0,0,1,0,0,0,v1,527,0.13344316309719934,527,0.13344316309719934,529,0.1301482701812191,^TWII,yfinance,2y,2026-09-22,scan_20260922_153922,False,False
True,1,0.0016667048136393275,-0.015000025431315109,True,False,買入 (動能增強),9.819999694824219,2026-09-22 00:00:00,9.683999919891358,0.008999967575073597,False,True,0.5378339181800835,False,0.00020543858546165987,28.43669258718637,0.00020883826476096232,0.0002193297859622391,-0.17106482140065715,-0.5620568869440734,-3.6620941972930865,-0.17106482140065715,False,False,False,False,False,False,0.025702165499826898,False,-0.15708154365904792,中性,1626.TW,艾美特-KY,2,v1,phase6a,2026-07-12,0,2,4,2,2,2,v1,63,0.8978583196046128,63,0.8978583196046128,101,0.8352553542009885,^TWII,yfinance,2y,2026-09-22,scan_20260922_153922,False,False
True,0,-0.31666755676269526,-0.4166679382324219,True,False,觀察 (跌勢收斂),33.25,2026-09-22 00:00:00,32.857500076293945,0.02999992370605753,False,True,0.7595022919960824,False,0.0006956041933688131,43.38572854768885,0.0007054503088661857,0.0007306276121279464,-0.14670242886704044,-0.5081249077571903,-2.0737576610737163,-0.14670242886704044,False,False,False,False,False,True,0.2665246312977673,False,-0.04841846282300544,中性,8213.TW,志超,1,v1,phase6a,2026-07-12,0,1,3,1,1,1,v1,409,0.32784184514003295,409,0.32784184514003295,415,0.31795716639209226,^TWII,yfinance,2y,2026-09-22,scan_20260922_153922,False,False
True,0,-7.94728596958949e-08,-0.07166671752929688,True,False,觀察 (跌勢收斂),7.809999942779541,2026-09-22 00:00:00,7.610500025749206,0.005500006675720037,False,True,2.652392442081539,True,0.00016338853264383877,26.578102056214544,0.00016480452202428768,0.00017482574905558918,-0.09035967547385004,-1.0430404424049633,-6.688616288018445,-0.09035967547385004,False,False,False,False,False,True,0.10755502325396951,False,-0.13222222858005095,中性,4426.TW,利勤,1,v1,phase6a,2026-07-12,0,1,3,1,1,1,v1,310,0.49093904448105435,310,0.49093904448105435,323,0.4695222405271829,^TWII,yfinance,2y,2026-09-22,scan_20260922_153922,False,False
False,0,-0.8666667938232422,-0.9499999682108561,False,True,強烈賣出 (跌破),13.5,2026-09-22 00:00:00,14.394999980926514,0.009999990463256836,False,False,0.3994984484514336,False,0.00028242576272117224,27.72690483601522,0.0002945462570879068,0.00027530517821542505,-0.4312867491390926,-0.2649588495736044,24.39747975304165,-0.4312867491390926,False,True,True,False,False,True,0.4991148283314532,False,-0.1640866675618805,中性,4188.TWO,安克,0,v1,phase6a,2026-07-12,0,0,1,0,0,0,v1,509,0.1630971993410214,509,0.1630971993410214,511,0.15980230642504117,^TWII,yfinance,2y,2026-09-22,scan_20260922_153922,False,False
True,1,-0.6588617960611978,-0.29254150390625,True,False,賣出 (動能轉弱),79.69999694824219,2026-09-22 00:00:00,80.65741729736328,-0.05115432739258097,False,False,0.526669223319591,False,0.0016673579575542518,30.695139692573616,0.0017290873975654118,0.001743196748568624,-0.3743887459841777,-0.9316968249252766,-1.4165040196880696,-0.3743887459841777,False,False,False,False,False,False,0.2000272547335373,False,-0.03510897795945467,中性,9941.TW,裕融,0,v1,phase6a,2026-07-12,0,0,0,0,0,0,v1,606,0.0032948929159802307,606,0.0032948929159802307,606,0.0032948929159802307,^TWII,yfinance,2y,2026-09-22,scan_20260922_153922,False,False
True,1,-0.5833346048990884,-1.0666681925455725,True,False,觀察 (跌勢收斂),84.30000305175781,2026-09-22 00:00:00,82.78999938964844,0.1700000762939453,False,True,1.409614788164506,False,0.0017635920488362849,66.97780232221477,0.0017892187351577675,0.0019260521023307985,-0.15053972984394592,-0.7686828534408163,-5.551364571218853,-0.15053972984394592,False,False,False,False,False,True,0.05206020406595936,False,-0.21427244199631124,中性,6191.TW,精成科,1,v1,phase6a,2026-07-12,0,1,3,1,1,1,v1,348,0.42833607907743,348,0.42833607907743,357,0.4135090609555189,^TWII,yfinance,2y,2026-09-22,scan_20260922_153922,False,False
True,1,-0.008333524068196615,-0.02500025431315104,True,False,觀察 (跌勢收斂),12.050000190734863,2026-09-22 00:00:00,11.900000047683715,0.007500028610229137,False,True,0.26974606274369145,False,0.00025209114775248627,29.677376634959977,0.0002559881323822804,0.0002594893209318495,-0.1599889087949724,-0.9469099937824521,-2.9193591044113787,-0.1599889087949724,False,False,False,False,False,False,0.4697084974387313,False,-0.10740739327889903,中性,5516.TWO,雙喜,1,v1,phase6a,2026-07-12,0,1,3,1,1,1,v1,334,0.4514003294892916,334,0.4514003294892916,346,0.4316309719934102,^TWII,yfinance,2y,2026-09-22,scan_20260922_153922,False,False
True,1,1.6666666666666663,2.4999999999999996,True,False,觀望 (動能減弱),255.0,2026-09-22 00:00:00,253.9550003051758,0.5670738220214844,False,True,1.0274204287806046,False,0.00533470885139992,71.41292048675966,0.005452861268613283,0.005528949147120021,-0.22756482295741565,-0.032205195294687794,0.16901485137765793,-0.22756482295741565,False,False,False,False,False,False,0.20013603484262893,False,-0.23984462184775335,中性,2428.TW,興勤,0,v1,phase6a,2026-07-12,0,0,2,0,0,0,v1,463,0.23887973640856672,463,0.23887973640856672,469,0.22899505766062603,^TWII,yfinance,2y,2026-09-22,scan_20260922_153922,False,False
True,0,-0.024999618530273424,-0.14999961853027344,True,False,觀察 (跌勢收斂),19.25,2026-09-22 00:00:00,19.027499961853028,0.007499980926514382,False,True,1.1202989258371634,False,0.00040271821721352336,51.28450644626997,0.0004106142439901754,0.00042678652149827763,-0.20200996385674186,-0.7214076048753015,-4.648186682951049,-0.20200996385674186,False,False,False,False,False,True,0.06409726285595953,False,-0.11290325699544257,中性,2208.TW,台船,2,v1,phase6a,2026-07-12,0,2,4,2,2,2,v1,72,0.8830313014827018,72,0.8830313014827018,110,0.8204283360790774,^TWII,yfinance,2y,2026-09-22,scan_20260922_153922,True,False
False,0,0.583333333333333,-2.833333333333334,False,True,強烈買入 (爆發),224.5,2026-09-22 00:00:00,216.875,0.7249999999999943,False,True,1.0194304494972084,False,0.004696635831918753,20.593701285075092,0.004686222381075857,0.005083113151550802,0.023396439431477845,-0.31850403204373157,-4.738839575182318,0.023396439431477845,True,False,False,False,False,False,0.12630208206064691,False,-0.19436569742673748,中性,6231.TWO,系微,3,v1,phase6a,2026-07-12,0,3,5,3,3,3,v1,35,0.943986820428336,35,0.943986820428336,43,0.9308072487644151,^TWII,yfinance,2y,2026-09-22,scan_20260922_153922,False,False
True,1,0.025000413258870445,0.016667048136393227,True,False,買入 (動能增強),13.0,2026-09-22 00:00:00,13.172499990463256,-0.00250000953674423,True,False,0.9114762228693406,False,0.00027196554928705474,42.53260502720955,0.00028372860613020675,0.00028990726936674007,-0.4345125156445473,-1.3818990238292916,-4.414093903015237,-0.4345125156445473,False,False,False,False,False,False,0.17273681630034263,False,-0.1304347715146218,中性,1468.TW,昶和,2,v1,phase6a,2026-07-12,0,2,2,2,2,2,v1,57,0.9077429983525536,57,0.9077429983525536,95,0.8451400329489291,^TWII,yfinance,2y,2026-09-22,scan_20260922_153922,False,False
True,1,-0.15000025431315103,-0.21666717529296875,True,False,觀察 (跌勢收斂),77.69999694824219,2026-09-22 00:00:00,77.74999961853027,0.024999999999991473,False,False,0.6151539263013401,False,0.0016255171038177818,44.96048820219211,0.001672248998779258,0.0017136730694831189,-0.2933007552584743,-0.8222739172187965,-2.880918919987796,-0.2933007552584743,False,False,False,False,False,False,0.036767453463853565,False,-0.006393862142103801,中性,4126.TWO,太醫,1,v1,phase6a,2026-07-12,0,1,2,1,1,1,v1,307,0.4958813838550247,307,0.4958813838550247,321,0.4728171334431631,^TWII,yfinance,2y,2026-09-22,scan_20260922_153922,False,False
True,0,0.08500019709269205,0.016666889190673828,True,False,買入 (動能增強),9.050000190734863,2026-09-22 00:00:00,8.784500026702881,0.022499990463257902,False,True,0.9055720571467378,False,0.00018932986714778133,37.505033787514066,0.00019126710282678754,0.00020197456074940023,-0.106501517896751,-0.4220246063079469,-7.463757341058375,-0.106501517896751,False,False,False,False,False,True,0.12869674961729813,False,-0.19555553860134545,中性,6142.TW,友勁,2,v1,phase6a,2026-07-12,0,2,4,2,2,2,v1,155,0.7462932454695222,155,0.7462932454695222,171,0.7199341021416804,^TWII,yfinance,2y,2026-09-22,scan_20260922_153922,False,False
True,1,-0.038333257039388016,-0.05833323796590169,True,False,觀察 (跌勢收斂),10.0,2026-09-22 00:00:00,9.973500061035157,0.0,False,True,0.4399159681990536,False,0.0002092042686823498,39.135675666304266,0.0002150293374424798,0.00022242545473810546,-0.284343357790362,-0.7505333649742041,-4.2601434901990975,-0.284343357790362,False,False,False,False,False,False,0.0,False,-0.09691637164628009,中性,1474.TW,弘裕,2,v1,phase6a,2026-07-12,0,2,3,2,2,2,v1,59,0.9044481054365733,59,0.9044481054365733,97,0.841845140032949,^TWII,yfinance,2y,2026-09-22,scan_20260922_153922,True,False
False,0,-6.666666666666666,-5.25,False,True,強烈賣出 (跌破),112.5,2026-09-22 00:00:00,119.4,-0.5,True,False,1.0090343321870934,False,0.0023535480226764354,50.06821711087503,0.0025778660836570356,0.0028604822380565824,-0.9076541424667739,-3.9641953623262505,-11.735803175005588,-0.9076541424667739,False,False,False,False,False,False,0.03911492523864819,False,-0.3902439024390244,中性,2236.TW,百達-KY,0,v1,phase6a,2026-07-12,0,0,0,0,0,0,v1,453,0.2553542009884679,453,0.2553542009884679,464,0.2372322899505766,^TWII,yfinance,2y,2026-09-22,scan_20260922_153922,False,False
True,0,-1.9500001271565752,-2.083333333333333,True,False,觀察 (跌勢收斂),52.900001525878906,2026-09-22 00:00:00,53.804999923706056,-0.07499999999999574,False,False,0.5995510363450104,False,0.0011066906132516684,46.36203117930627,0.0011545827408499243,0.0012349309898494363,-0.43473371657328785,-1.444627680411148,-6.076191832368972,-0.43473371657328785,False,False,False,False,False,False,0.0,False,-0.29241123592799556,中性,3537.TWO,堡達,1,v1,phase6a,2026-07-12,0,1,1,1,1,1,v1,297,0.5123558484349259,297,0.5123558484349259,311,0.48929159802306427,^TWII,yfinance,2y,2026-09-22,scan_20260922_153922,False,False
True,0,-0.16666698455810544,-0.21666717529296872,True,False,觀察 (跌勢收斂),22.299999237060547,2026-09-22 00:00:00,22.254999923706055,-0.017500019073484196,True,True,0.31687278636616784,False,0.000466525503200621,43.51092714320818,0.0004787619448529402,0.0004918442563034418,-0.26831507404369015,-1.0200034130197322,-3.710119060126793,-0.26831507404369015,False,False,False,False,False,False,0.028531134727519957,False,-0.021929825295224914,中性,2903.TW,遠百,1,v1,phase6a,2026-07-12,0,1,2,1,1,1,v1,273,0.5518945634266886,273,0.5518945634266886,290,0.5238879736408567,^TWII,yfinance,2y,2026-09-22,scan_20260922_153922,False,False
True,0,0.15333334604899085,0.19833342234293616,True,False,觀望 (動能減弱),8.15999984741211,2026-09-22 00:00:00,8.327000045776368,-0.007999992370605113,False,False,0.847086315174529,False,0.00017071068005259363,30.92990083420672,0.00018086494755649408,0.00019342492630309354,-0.5875049929560672,-1.3508884019213907,-6.6257974423848065,-0.5875049929560672,False,False,False,False,False,False,0.0,False,-0.122580679563693,中性,6616.TWO,特昇-KY,0,v1,phase6a,2026-07-12,0,0,0,0,0,0,v1,558,0.08237232289950576,558,0.08237232289950576,558,0.08237232289950576,^TWII,yfinance,2y,2026-09-22,scan_20260922_153922,False,False
True,1,0.14999993642171225,0.07500012715657552,True,False,買入 (動能增強),24.899999618530273,2026-09-22 00:00:00,24.882500076293944,-0.012500000000002842,False,True,0.8498167497908081,False,0.0005209186210385414,43.2990797683253,0.0005364331377945234,0.0005568660634053449,-0.30351411980644727,-0.7610070830198379,-3.7916742528973035,-0.30351411980644727,False,False,False,False,False,False,0.0,False,-0.04961836284554855,中性,6266.TWO,泰詠,2,v1,phase6a,2026-07-12,0,2,3,2,2,2,v1,159,0.7397034596375618,159,0.7397034596375618,174,0.71499176276771,^TWII,yfinance,2y,2026-09-22,scan_20260922_153922,False,False
True,0,0.09166653951009116,-0.024999936421712235,True,False,買入 (動能增強),22.549999237060547,2026-09-22 00:00:00,22.080000114440917,0.019999980926513672,False,True,1.695877570798192,True,0.00047175560991767976,37.33298872101199,0.0004758968899687393,0.00048720762554937887,-0.09151673009284433,-0.48289568208785827,-2.9663048751701893,-0.09151673009284433,False,False,False,False,False,True,0.3300240522041103,False,0.0,中性,5525.TW,順天,2,v1,phase6a,2026-07-12,0,2,4,2,2,2,v1,150,0.7545304777594728,150,0.7545304777594728,166,0.728171334431631,^TWII,yfinance,2y,2026-09-22,scan_20260922_153922,False,False
True,1,-0.2666664123535156,-0.5249999364217123,True,False,觀察 (跌勢收斂),21.450000762939453,2026-09-22 00:00:00,20.842500114440917,0.007500076293943891,False,True,4.233308132956512,True,0.00044874317228465934,40.162567333053964,0.00045267076922184693,0.0004706648682953617,-0.09124821746367973,-1.305839588309865,-9.332824811127816,-0.09124821746367973,False,False,False,False,False,True,0.1617233027527131,False,-0.26791804363571126,中性,3288.TWO,點晶,2,v1,phase6a,2026-07-12,0,2,4,2,2,2,v1,110,0.8204283360790774,110,0.8204283360790774,132,0.7841845140032949,^TWII,yfinance,2y,2026-09-22,scan_20260922_153922,True,False
True,1,-0.08500019709269205,-0.11000013351440428,True,False,觀察 (跌勢收斂),8.359999656677246,2026-09-22 00:00:00,8.398500061035156,-0.005999994277955167,False,False,0.8982219621801278,False,0.00017489476143598586,9.93024797414427,0.00018128506088782272,0.00019384976726350428,-0.3696809816315594,-1.2351874693976805,-6.140740564013858,-0.3696809816315594,False,False,False,False,False,False,0.0,False,-0.0700778788076164,中性,5364.TWO,力麗店,1,v1,phase6a,2026-07-12,0,1,1,1,1,1,v1,327,0.46293245469522243,327,0.46293245469522243,340,0.4415156507413509,^TWII,yfinance,2y,2026-09-22,scan_20260922_153922,False,False
True,1,-0.06666660308837892,-0.15833282470703125,True,False,觀察 (跌勢收斂),19.799999237060547,2026-09-22 00:00:00,19.774999809265136,-0.0025000572204589844,False,True,2.0494475764120446,True,0.00041422443603003357,36.9759152987895,0.0004269323027336065,0.0004475161900317909,-0.31234274264552164,-0.95411884965656,-5.354143096778774,-0.31234274264552164,False,False,False,False,False,False,0.0,False,-0.05938242495511614,中性,5220.TWO,萬達光電,1,v1,phase6a,2026-07-12,0,1,2,1,1,1,v1,321,0.4728171334431631,321,0.4728171334431631,334,0.4514003294892916,^TWII,yfinance,2y,2026-09-22,scan_20260922_153922,False,False
True,0,-0.6666669845581055,-0.5166670481363932,True,False,賣出 (動能轉弱),25.299999237060547,2026-09-22 00:00:00,25.87249975204468,-0.03000001907348704,False,False,0.8091596876643605,False,0.000529286783805326,25.979811744935144,0.0005552433484029998,0.0005783300085550894,-0.4896755104958461,-1.318605110326343,-3.9996120769141386,-0.4896755104958461,False,False,False,False,False,False,0.0,False,-0.07495433695855103,中性,7782.TWO,光速火箭,0,v1,phase6a,2026-07-12,0,0,0,0,0,0,v1,576,0.05271828665568369,576,0.05271828665568369,576,0.05271828665568369,^TWII,yfinance,2y,2026-09-22,scan_20260922_153922,False,False
True,0,5.416666666666667,-0.1666666666666652,True,False,買入 (動能增強),311.5,2026-09-22 00:00:00,307.4,0.2249999999999659,False,True,1.1314681084127116,False,0.006516712969455196,62.83491587634836,0.006618897261901748,0.007195673341073238,-0.1622443964070297,0.3562569540182192,-3.244214259109568,-0.1622443964070297,False,False,False,False,False,True,0.13953335955780488,False,-0.1396449942544562,中性,4768.TWO,晶呈科技,2,v1,phase6a,2026-07-12,1,3,4,3,2,3,v1,135,0.7792421746293245,135,0.7792421746293245,64,0.8962108731466227,^TWII,yfinance,2y,2026-09-22,scan_20260922_153922,False,False
True,0,353.3333333333333,405.8333333333333,True,False,觀望 (動能減弱),5345.0,2026-09-22 00:00:00,5405.25,-12.75,False,False,2.0304629173315134,True,0.11181968161071597,327.56750409635924,0.11907913548940915,0.12461905386941012,-0.6376268952898334,-0.7589506937496826,-8.221056085961465,-0.6376268952898334,False,False,False,False,False,False,0.0668816910548088,False,-0.27327030949891207,中性,6223.TWO,旺矽,0,v1,phase6a,2026-07-12,0,0,0,0,0,0,v1,545,0.10378912685337727,545,0.10378912685337727,546,0.10214168039538715,^TWII,yfinance,2y,2026-09-22,scan_20260922_153922,False,False
True,0,-1.7333323160807292,-2.799999237060547,True,False,觀察 (跌勢收斂),86.30000305175781,2026-09-22 00:00:00,87.19500007629395,0.04000015258789347,False,False,2.2268154792116874,True,0.0018054329025727549,65.48948165593605,0.0018734981880922086,0.0020739654562407037,-0.38097027847430187,-0.6574624409392604,-5.205484390144777,-0.38097027847430187,False,False,False,False,False,False,0.06804247714880139,False,-0.2592274416158128,中性,3535.TW,晶彩科,1,v1,phase6a,2026-07-12,0,1,2,1,1,1,v1,296,0.514003294892916,296,0.514003294892916,310,0.49093904448105435,^TWII,yfinance,2y,2026-09-22,scan_20260922_153922,False,False
True,0,-1.516667048136393,-1.1416670481363933,True,False,賣出 (動能轉弱),35.650001525878906,2026-09-22 00:00:00,36.5850004196167,-0.08749999999999858,False,False,0.3282005961603062,False,0.0007458132497746151,82.28139802025983,0.0007835092670073208,0.0007891154289211419,-0.5038877909337547,-1.9327368400473444,-4.3496267868580745,-0.5038877909337547,False,False,False,False,False,False,0.439374326749237,False,-0.13048776766149006,中性,3685.TWO,元創精密,0,v1,phase6a,2026-07-12,0,0,0,0,0,0,v1,505,0.1696869851729819,505,0.1696869851729819,507,0.16639209225700163,^TWII,yfinance,2y,2026-09-22,scan_20260922_153922,False,False
True,1,0.016665140787760407,0.03333282470703125,True,False,觀望 (動能減弱),64.19999694824219,2026-09-22 00:00:00,64.52999916076661,-0.024999999999991473,False,False,0.6591057842437075,False,0.0013430913410966095,39.313940445033296,0.0013885315832076143,0.001421489290228522,-0.34329524776515186,-0.946863028859346,-3.159894381255568,-0.34329524776515186,False,False,False,False,False,False,0.12432612073370494,False,-0.03458651205650842,中性,2015.TW,豐興,2,v1,phase6a,2026-07-12,0,2,2,2,2,2,v1,67,0.8912685337726524,67,0.8912685337726524,105,0.828665568369028,^TWII,yfinance,2y,2026-09-22,scan_20260922_153922,False,True
False,0,-0.3099997838338216,-0.31499973932902015,False,True,強烈賣出 (跌破),9.710000038146973,2026-09-22 00:00:00,9.896000051498413,-0.011499977111816051,False,False,0.4119309259642087,False,0.0002031373456886126,40.88148565014061,0.0002113743784140665,0.0002128815540430585,-0.4085234716045383,-1.1346633682597917,-2.031355832239512,-0.4085234716045383,False,False,False,False,False,False,0.13321797845933328,False,-0.11727272380482068,中性,1455.TW,集盛,0,v1,phase6a,2026-07-12,0,0,0,0,0,0,v1,435,0.28500823723228996,435,0.28500823723228996,446,0.26688632619439867,^TWII,yfinance,2y,2026-09-22,scan_20260922_153922,False,False
False,0,0.9000008900960288,-0.9166653951009114,False,True,強烈買入 (爆發),69.5,2026-09-22 00:00:00,62.17500019073486,0.375,False,True,4.401925913485707,True,0.0014539696673423312,57.04662685485271,0.001348213894110266,0.0014425381716678463,0.8325734017558428,0.9996117626152268,-4.284655470791754,0.8325734017558428,True,True,False,False,False,True,0.3248959188045057,False,-0.2362637362637363,偏強 (RS上升),3707.TWO,漢磊,3,v1,phase6a,2026-07-12,1,4,5,4,3,4,v1,29,0.9538714991762768,29,0.9538714991762768,25,0.9604612850082372,^TWII,yfinance,2y,2026-09-22,scan_20260922_153922,False,False
True,2,-0.024999936421712245,-0.07500012715657552,True,False,觀察 (跌勢收斂),29.100000381469727,2026-09-22 00:00:00,29.180000019073486,-0.014999961853028765,True,False,1.0490223395014178,False,0.0006087844298461474,22.096002471785468,0.000630456297497454,0.0006771014132681105,-0.36053640854171176,-1.1376227779781645,-5.715699603604641,-0.36053640854171176,False,False,False,False,False,False,0.007065019806349454,False,-0.17680334830076005,中性,3465.TWO,進泰電子,1,v1,phase6a,2026-07-12,0,1,1,1,1,1,v1,292,0.5205930807248764,292,0.5205930807248764,307,0.4958813838550247,^TWII,yfinance,2y,2026-09-22,scan_20260922_153922,False,False
True,1,0.7666670481363932,0.9000002543131509,True,False,觀望 (動能減弱),50.5,2026-09-22 00:00:00,50.45,0.09249992370605753,False,True,0.23053560363411035,False,0.0010564815568458665,34.3768087389806,0.0010846382059713474,0.0010778308522790855,-0.2725130726947689,-0.29416747613612015,-0.2533834554552583,-0.2725130726947689,False,False,True,False,False,False,0.5179379658519914,False,-0.026974980437733165,中性,4995.TWO,晶達,0,v1,phase6a,2026-07-12,0,0,2,0,0,0,v1,522,0.1416803953871499,522,0.1416803953871499,524,0.13838550247116968,^TWII,yfinance,2y,2026-09-22,scan_20260922_153922,False,False
True,1,-0.4833329518636067,-0.46666653951009107,True,False,賣出 (動能轉弱),49.900001525878906,2026-09-22 00:00:00,50.09500026702881,0.030000114440916548,False,False,0.9090653497341913,False,0.0010439293326469634,39.29470495155728,0.0010739457774545632,0.0011027102810424716,-0.29334415738370145,-0.7066009839234888,-2.231967390665135,-0.29334415738370145,False,False,False,False,False,False,0.01830816590767645,False,-0.1276223625820352,中性,8070.TW,長華*,1,v1,phase6a,2026-07-12,0,1,2,1,1,1,v1,405,0.3344316309719934,405,0.3344316309719934,411,0.3245469522240527,^TWII,yfinance,2y,2026-09-22,scan_20260922_153922,True,False
True,0,1.5,1.5833333333333333,True,False,觀望 (動能減弱),231.5,2026-09-22 00:00:00,231.05,2.1500000000000057,False,True,0.7970397158427567,False,0.004843078819996398,259.18431229829326,0.004867225269426093,0.004333573425312513,-0.05219410945991321,1.4466328019886676,17.427759488283677,-0.05219410945991321,False,True,True,False,False,False,0.7597365686382807,False,-0.05122950819672134,中性,1303.TW,南亞,0,v1,phase6a,2026-07-12,0,0,2,0,0,0,v1,430,0.2932454695222405,430,0.2932454695222405,442,0.27347611202635913,^TWII,yfinance,2y,2026-09-22,scan_20260922_153922,False,False
True,0,-17.083333333333332,-15.75,True,False,賣出 (動能轉弱),211.0,2026-09-22 00:00:00,222.525,-0.6500000000000057,False,False,0.7548551288936349,False,0.004414210069197581,63.21299681501523,0.004762413900656542,0.005340714611077921,-0.7637533583648493,-2.781670486657406,-8.577232287368819,-0.7637533583648493,False,False,False,False,False,False,0.0,False,-0.40056818181818177,中性,6449.TW,鈺邦,0,v1,phase6a,2026-07-12,0,0,0,0,0,0,v1,552,0.09225700164744646,552,0.09225700164744646,553,0.09060955518945635,^TWII,yfinance,2y,2026-09-22,scan_20260922_153922,False,False
True,0,-1.5833333333333333,-1.6666666666666665,True,False,觀察 (跌勢收斂),156.0,2026-09-22 00:00:00,157.65,-0.15000000000000568,False,False,0.8328689170758596,False,0.003263586591444657,50.27411418765724,0.0033927946762067965,0.003525019749471371,-0.3992739809236423,-1.2339124880185626,-4.522578845386038,-0.3992739809236423,False,False,False,False,False,False,0.0,False,-0.04587155963302747,中性,8083.TWO,瑞穎,1,v1,phase6a,2026-07-12,0,1,1,1,1,1,v1,406,0.33278418451400327,406,0.33278418451400327,412,0.3228995057660626,^TWII,yfinance,2y,2026-09-22,scan_20260922_153922,False,False
True,0,-24.166666666666664,-42.49999999999999,True,False,觀察 (跌勢收斂),1440.0,2026-09-22 00:00:00,1402.5,-2.25,False,True,1.6105066446235727,True,0.03012541469025837,392.1686439529887,0.030285827256728654,0.031039035905102,-0.05572284379176118,-1.1787343409564777,-8.079327036656858,-0.05572284379176118,False,False,False,False,False,True,0.3726036384379308,False,-0.1955307262569832,中性,6274.TWO,台燿,1,v1,phase6a,2026-07-12,0,1,2,1,1,1,v1,358,0.41186161449752884,358,0.41186161449752884,366,0.3986820428336079,^TWII,yfinance,2y,2026-09-22,scan_20260922_153922,False,False
True,0,-0.508334477742513,-0.6000006993611653,True,False,觀察 (跌勢收斂),22.299999237060547,2026-09-22 00:00:00,22.48500003814697,-0.11000003814697479,False,False,0.22123432866223489,False,0.000466525503200621,36.899423714310274,0.0004804522452078933,0.0004904084999970134,-0.3041953567973099,-1.1113400222207748,-2.3071190220178006,-0.3041953567973099,False,False,False,False,False,False,0.22453617767295445,False,-0.10441768760248649,中性,2613.TW,中櫃,2,v1,phase6a,2026-07-12,0,2,2,2,2,2,v1,92,0.8500823723228995,92,0.8500823723228995,122,0.800658978583196,^TWII,yfinance,2y,2026-09-22,scan_20260922_153922,True,False
True,0,0.8333333333333333,-1.3877787807814457e-17,True,False,買入 (動能增強),109.0,2026-09-22 00:00:00,107.875,-0.025000000000005684,True,True,2.2090325836916533,True,0.002280326528637613,44.276715766540505,0.0023313174990174067,0.0024239890075946477,-0.22970450172622447,-0.8461698895324221,-4.894457891452664,-0.22970450172622447,False,False,False,False,False,False,0.02310966356424853,False,-0.05217391304347829,中性,3679.TW,新至陞,2,v1,phase6a,2026-07-12,0,2,3,2,2,2,v1,120,0.8039538714991763,120,0.8039538714991763,140,0.771004942339374,^TWII,yfinance,2y,2026-09-22,scan_20260922_153922,False,False
True,0,2.2833353678385415,1.4000015258789062,True,False,買入 (動能增強),71.0,2026-09-22 00:00:00,67.52999954223633,0.37000007629394815,False,True,1.439110091482634,False,0.0014853503076446835,59.25195122764442,0.0014533362035009688,0.00146401560742337,0.2324126915534297,0.629851673034687,2.1828704355570716,0.2324126915534297,True,True,False,False,False,True,0.5459373492218447,False,-0.0862290503396701,偏強 (RS上升),2436.TW,偉詮電,2,v1,phase6a,2026-07-12,1,3,4,3,2,3,v1,84,0.8632619439868204,84,0.8632619439868204,53,0.914332784184514,^TWII,yfinance,2y,2026-09-22,scan_20260922_153922,False,False
True,0,-0.19999949137369794,-0.19999980926513672,True,False,觀察 (跌勢收斂),17.200000762939453,2026-09-22 00:00:00,17.4125,-0.017499923706054688,True,False,0.63205374372136,False,0.00035983135809466066,29.469640229000042,0.0003744667497932839,0.0003919121284947807,-0.4097174379796398,-0.6718852737028325,-3.2007602562690862,-0.4097174379796398,False,False,False,False,False,False,0.02222210752758856,False,-0.07774792950398401,中性,4558.TWO,寶緯,1,v1,phase6a,2026-07-12,0,1,1,1,1,1,v1,314,0.4843492586490939,314,0.4843492586490939,327,0.46293245469522243,^TWII,yfinance,2y,2026-09-22,scan_20260922_153922,False,False
True,0,-0.2749999364217122,-0.27500009536743164,True,False,觀察 (跌勢收斂),12.100000381469727,2026-09-22 00:00:00,12.332500123977661,-0.01249999999999929,False,False,1.0908904861425497,False,0.0002531371730861528,20.59751520299234,0.0002635777029522232,0.0002718299925172843,-0.41522473209190114,-1.4227631500110416,-2.2181898255936305,-0.41522473209190114,False,False,False,False,False,False,0.0,False,-0.08333329118863442,中性,8107.TWO,大億金茂,2,v1,phase6a,2026-07-12,0,2,2,2,2,2,v1,192,0.685337726523888,192,0.685337726523888,198,0.6754530477759473,^TWII,yfinance,2y,2026-09-22,scan_20260922_153922,True,False
True,1,0.36666615804036456,0.516665776570638,True,False,觀望 (動能減弱),35.650001525878906,2026-09-22 00:00:00,35.500000381469725,0.015000152587887783,False,True,0.07484097226108531,False,0.0007458132497746151,47.59097085564639,0.0007680086471416537,0.0008124623528319504,-0.30328717693356433,-0.8180830454234012,-4.090054722660064,-0.30328717693356433,False,False,False,False,False,True,0.030268018828423674,False,-0.10314461570115963,中性,6649.TWO,台生材,0,v1,phase6a,2026-07-12,0,0,2,0,0,0,v1,559,0.08072487644151564,559,0.08072487644151564,559,0.08072487644151564,^TWII,yfinance,2y,2026-09-22,scan_20260922_153922,False,False
False,0,-2.25,-1.8333333333333333,False,True,強烈賣出 (跌破),108.0,2026-09-22 00:00:00,112.75,-0.3499999999999943,False,False,2.1165729752512714,True,0.002259406101769378,39.96781451157163,0.0024127921057337308,0.002468138824407409,-0.6647306414671816,-1.5427251805732567,-3.7321105240738395,-0.6647306414671816,False,False,False,False,False,False,0.0,False,-0.07692307692307687,中性,5871.TW,中租-KY,0,v1,phase6a,2026-07-12,0,0,0,0,0,0,v1,529,0.1301482701812191,529,0.1301482701812191,531,0.12685337726523888,^TWII,yfinance,2y,2026-09-22,scan_20260922_153922,False,False
True,0,0.09999974568684895,0.016666412353515625,True,False,買入 (動能增強),41.099998474121094,2026-09-22 00:00:00,41.05000019073486,0.004999923706051845,False,True,2.725943869027731,True,0.0008598295123624196,42.72929170620432,0.000882874366633986,0.0008982743997419548,-0.27400584526567906,-0.7594570292125513,-2.6011661603733804,-0.27400584526567906,False,False,False,False,False,False,0.1735122331257186,False,-0.009638590985033835,中性,8481.TW,政伸,2,v1,phase6a,2026-07-12,0,2,4,2,2,2,v1,197,0.6771004942339374,197,0.6771004942339374,203,0.6672158154859967,^TWII,yfinance,2y,2026-09-22,scan_20260922_153922,False,False
True,1,-0.14999977747599283,-0.15833330154418945,True,False,觀察 (跌勢收斂),14.850000381469727,2026-09-22 00:00:00,14.939999961853028,-0.007499980926512606,False,False,1.098914262689623,False,0.000310668346973799,23.966325030129582,0.00032186528137981095,0.00033873163045308583,-0.36484968520641425,-1.2471977927856703,-5.060260907888958,-0.36484968520641425,False,False,False,False,False,False,0.0,False,-0.07187497615814209,中性,4528.TWO,江興鍛,1,v1,phase6a,2026-07-12,0,1,1,1,1,1,v1,312,0.4876441515650741,312,0.4876441515650741,325,0.46622734761120266,^TWII,yfinance,2y,2026-09-22,scan_20260922_153922,False,False
True,0,-1.0666669209798176,-0.8333346048990884,True,False,賣出 (動能轉弱),73.5,2026-09-22 00:00:00,72.78999977111816,0.40499992370605753,False,True,0.7413544551927479,False,0.001537651374815271,78.3254280270305,0.0015403212118718847,0.0015689457084878645,-0.018241923256101522,1.4200497475693963,9.417726993597576,-0.018241923256101522,False,False,False,False,False,True,0.6278016922730134,False,-0.05161290322580647,中性,6499.TWO,益安,0,v1,phase6a,2026-07-12,1,1,2,1,0,1,v1,554,0.08896210873146623,554,0.08896210873146623,436,0.2833607907742998,^TWII,yfinance,2y,2026-09-22,scan_20260922_153922,False,False
True,0,-0.5750001271565754,-0.5000003178914387,True,False,賣出 (動能轉弱),17.100000381469727,2026-09-22 00:00:00,17.392500019073488,0.03000001907348704,False,False,0.903564808140436,False,0.00035773930742732767,37.694609740468124,0.00037082372468954063,0.00038800746997334567,-0.37004386411397805,-0.9658795932125375,-0.25958080016570406,-0.37004386411397805,False,False,False,False,False,False,0.27020258648285167,False,-0.17590359607374817,中性,6153.TW,嘉聯益,0,v1,phase6a,2026-07-12,0,0,1,0,0,0,v1,535,0.12026359143327842,535,0.12026359143327842,537,0.11696869851729819,^TWII,yfinance,2y,2026-09-22,scan_20260922_153922,False,False
True,0,0.5416663487752279,0.6416664123535156,True,False,觀望 (動能減弱),29.399999618530273,2026-09-22 00:00:00,28.75250005722046,0.0625,False,True,0.915243708606982,False,0.0006150605419455989,34.57379430258342,0.0006230063197359615,0.0006378268269602582,-0.13407188043036422,-0.06550424250189035,-3.2365271953446295,-0.13407188043036422,False,False,False,False,False,True,0.07777638433079948,False,-0.14124296712580497,中性,2352.TW,佳世達,1,v1,phase6a,2026-07-12,0,1,3,1,1,1,v1,246,0.5963756177924218,246,0.5963756177924218,265,0.5650741350906096,^TWII,yfinance,2y,2026-09-22,scan_20260922_153922,True,False
True,0,0.09999990463256839,-0.30000003178914386,True,False,買入 (動能增強),15.449999809265137,2026-09-22 00:00:00,14.32249994277954,0.06749997138977015,False,True,6.017765398817451,True,0.00032322059112397565,78.63692219254405,0.0003082963014612514,0.00031632657929720593,0.5121774233654675,0.11355162603616797,-1.8961471054711243,0.5121774233654675,True,True,False,False,False,True,0.32612908309165956,False,-0.16486487517485748,偏強 (RS上升),6116.TW,彩晶,3,v1,phase6a,2026-07-12,1,4,5,4,3,4,v1,33,0.9472817133443163,33,0.9472817133443163,29,0.9538714991762768,^TWII,yfinance,2y,2026-09-22,scan_20260922_153922,True,False
True,0,-0.20833333333333331,-0.21666669845581055,True,False,觀察 (跌勢收斂),13.600000381469727,2026-09-22 00:00:00,13.822500133514405,-0.029999971389770508,False,False,0.4254660400758505,False,0.00028451781338850523,36.3588864292448,0.00029591753051799,0.000298917583182126,-0.4038705970395462,-1.084866795035877,-2.24203952760198,-0.4038705970395462,False,False,False,False,False,False,0.0,False,-0.04225348139821283,中性,2906.TW,高林,1,v1,phase6a,2026-07-12,0,1,1,1,1,1,v1,274,0.5502471169686985,274,0.5502471169686985,291,0.5222405271828665,^TWII,yfinance,2y,2026-09-22,scan_20260922_153922,False,False
True,0,-0.05000019073486328,-0.041666666666666664,True,False,賣出 (動能轉弱),31.399999618530273,2026-09-22 00:00:00,31.537499713897706,0.00500001907348846,False,False,0.85018261442753,False,0.0006569013956820688,50.41870603056693,0.0006797779034599488,0.0007023699044074731,-0.3529907682664146,-0.9315500043537428,-4.086660930144448,-0.3529907682664146,False,False,False,False,False,False,0.0,False,-0.03680978256926659,中性,3118.TWO,進階,0,v1,phase6a,2026-07-12,0,0,1,0,0,0,v1,489,0.19604612850082373,489,0.19604612850082373,492,0.19110378912685339,^TWII,yfinance,2y,2026-09-22,scan_20260922_153922,False,False
True,0,0.33333333333333326,-1.416666666666667,True,False,買入 (動能增強),228.5,2026-09-22 00:00:00,223.3,0.15000000000000568,False,True,1.0859543268302392,False,0.004780317539391693,35.860183302933024,0.004838754657944129,0.005149442515883085,-0.12696377848044893,-0.7245865722695588,-6.668812475029451,-0.12696377848044893,False,False,False,False,False,True,0.10354070927951216,False,-0.1705989110707804,中性,3592.TW,瑞鼎,2,v1,phase6a,2026-07-12,0,2,4,2,2,2,v1,117,0.8088962108731467,117,0.8088962108731467,138,0.7742998352553542,^TWII,yfinance,2y,2026-09-22,scan_20260922_153922,False,False
True,0,-0.6833333969116211,-0.5916666984558105,True,False,賣出 (動能轉弱),13.75,2026-09-22 00:00:00,14.452500104904175,-0.052500009536743164,False,False,1.3761548880486902,False,0.000287655869438231,16.479596540681385,0.0003122165211250739,0.0003370316708532802,-0.8212568423103583,-2.6633711799882276,-10.906794643544881,-0.8212568423103583,False,False,False,False,False,False,0.0,False,-0.22316387529259485,中性,4402.TWO,郡都開發,1,v1,phase6a,2026-07-12,0,1,1,1,1,1,v1,308,0.4942339373970346,308,0.4942339373970346,322,0.471169686985173,^TWII,yfinance,2y,2026-09-22,scan_20260922_153922,True,False
True,1,0.5333321889241536,0.5333328247070312,True,False,觀望 (動能減弱),53.099998474121094,2026-09-22 00:00:00,52.44999980926514,0.06999988555908487,False,True,0.6850108442445176,False,0.0011108746347812393,78.87399776413967,0.0011374279098059822,0.0011779019506702778,-0.2451346449478864,-0.828631610123276,-5.5588735335213695,-0.2451346449478864,False,False,False,False,False,True,0.04705210081570132,False,-0.13260524957846453,中性,2414.TW,精技,0,v1,phase6a,2026-07-12,0,0,2,0,0,0,v1,461,0.24217462932454695,461,0.24217462932454695,468,0.23064250411861614,^TWII,yfinance,2y,2026-09-22,scan_20260922_153922,False,False
True,0,-0.2166678110758463,-1.033333460489909,True,False,觀察 (跌勢收斂),65.0,2026-09-22 00:00:00,64.55,-0.004999923706051845,False,True,0.696005915560316,False,0.0013598277464352737,34.87169943263419,0.0014034014208074456,0.0014677507238153036,-0.3257628732338924,-1.1212643975603176,-9.608162511851104,-0.3257628732338924,False,False,False,False,False,True,0.09761635717830944,False,-0.14809964088851346,中性,4566.TW,時碩工業,1,v1,phase6a,2026-07-12,0,1,2,1,1,1,v1,315,0.4827018121911038,315,0.4827018121911038,328,0.4612850082372323,^TWII,yfinance,2y,2026-09-22,scan_20260922_153922,False,False
True,0,-1.7166659037272132,-2.833333333333333,True,False,觀察 (跌勢收斂),79.9000015258789,2026-09-22 00:00:00,78.10000038146973,0.12120742797851847,False,True,1.242755745822895,False,0.001671542138694013,58.2177926430999,0.0016723362008014462,0.0017872543920663527,-0.00499787706881305,-0.4001042214688888,-2.421878778506148,-0.00499787706881305,False,False,False,False,False,True,0.1633203117494315,False,-0.14699790819005254,中性,6261.TWO,久元,1,v1,phase6a,2026-07-12,0,1,3,1,1,1,v1,356,0.41515650741350907,356,0.41515650741350907,364,0.40197693574958815,^TWII,yfinance,2y,2026-09-22,scan_20260922_153922,False,False
True,0,-0.33333333333333354,-1.583333333333333,True,False,觀察 (跌勢收斂),166.0,2026-09-22 00:00:00,165.475,0.025000000000005684,False,True,1.017366538227868,False,0.0034727908601270064,47.11800404819982,0.0035559935042579725,0.003631678630592445,-0.24568816734498178,-0.6955177928333112,-2.8536411587468113,-0.24568816734498178,False,False,False,False,False,False,0.0,False,-0.036312983272964394,中性,1513.TW,中興電,1,v1,phase6a,2026-07-12,0,1,3,1,1,1,v1,221,0.6375617792421746,221,0.6375617792421746,241,0.6046128500823723,^TWII,yfinance,2y,2026-09-22,scan_20260922_153922,False,False
True,0,-0.5833333333333333,-0.5666669209798176,True,False,賣出 (動能轉弱),96.4000015258789,2026-09-22 00:00:00,95.69499931335449,-0.014999771118169747,False,True,1.9922136590127466,True,0.00201672918201989,46.78022004609585,0.0020490256271084592,0.002009246803852359,-0.16563944504098815,-0.20292639772411247,0.705748530715189,-0.16563944504098815,False,True,True,False,False,False,0.6192313974507857,False,-0.031155763559005956,中性,6028.TWO,公勝保經,0,v1,phase6a,2026-07-12,0,0,1,0,0,0,v1,531,0.12685337726523888,531,0.12685337726523888,533,0.12355848434925865,^TWII,yfinance,2y,2026-09-22,scan_20260922_153922,False,False
True,0,-0.20833460489908845,-0.9666684468587241,True,False,觀察 (跌勢收斂),41.95000076293945,2026-09-22 00:00:00,39.77499980926514,0.20249996185302876,False,True,2.47495271972789,True,0.0008776119230834764,46.09566102386367,0.0008579559434457797,0.0009540373361193812,0.2417434482526959,0.6462814856629029,-3.705197100976232,0.2417434482526959,True,False,False,False,False,True,0.14146177027343407,False,-0.32338708446871844,偏強 (RS上升),6405.TW,悅城,1,v1,phase6a,2026-07-12,1,2,3,2,1,2,v1,359,0.4102141680395387,359,0.4102141680395387,215,0.6474464579901154,^TWII,yfinance,2y,2026-09-22,scan_20260922_153922,False,False
True,0,-0.6833330790201823,-0.49999999999999994,True,False,賣出 (動能轉弱),65.9000015258789,2026-09-22 00:00:00,66.65,0.02999992370605753,False,False,0.641860855132137,False,0.0013786561625387232,67.2240070568315,0.0014279368642988609,0.001455802948620924,-0.36196736505614835,-1.1170954060393146,-1.745916076157572,-0.36196736505614835,False,False,False,False,False,False,0.09537330131465369,False,-0.03513911301087613,中性,1419.TW,新紡,0,v1,phase6a,2026-07-12,0,0,1,0,0,0,v1,434,0.28665568369028005,434,0.28665568369028005,445,0.2685337726523888,^TWII,yfinance,2y,2026-09-22,scan_20260922_153922,False,False
True,1,-0.1750000317891439,-0.21666653951009113,True,False,觀察 (跌勢收斂),10.699999809265137,2026-09-22 00:00:00,10.669999933242797,0.0025000095367424535,False,True,0.6262885046855552,False,0.00022384856349985953,59.176554440652325,0.0002294696290027749,0.00023353536895306308,-0.2571884336277863,-0.6256568781312533,-3.761641688612072,-0.2571884336277863,False,False,False,False,False,True,0.1694016111494367,False,-0.29605263529391834,中性,1718.TW,中纖,1,v1,phase6a,2026-07-12,0,1,3,1,1,1,v1,227,0.627677100494234,227,0.627677100494234,247,0.5947281713344317,^TWII,yfinance,2y,2026-09-22,scan_20260922_153922,False,False
True,0,-0.22499847412109372,-0.5749982198079427,True,False,觀察 (跌勢收斂),51.79999923706055,2026-09-22 00:00:00,50.27249965667725,0.0350000381469755,False,True,3.954027873700614,True,0.0010836780958135529,31.839246373882887,0.0010855193419119038,0.0011623537277883384,-0.017851435019666795,-0.6771027776812932,-5.136155922457375,-0.017851435019666795,False,False,False,False,False,True,0.2785028508387469,False,-0.0877303455752998,中性,7547.TWO,碩網,1,v1,phase6a,2026-07-12,0,1,3,1,1,1,v1,393,0.3542009884678748,393,0.3542009884678748,400,0.342668863261944,^TWII,yfinance,2y,2026-09-22,scan_20260922_153922,False,False
True,1,-0.05833355585734049,-0.07500028610229492,True,False,觀察 (跌勢收斂),15.0,2026-09-22 00:00:00,15.005000019073487,-0.0025000095367424535,False,False,0.8840549969218141,False,0.0003138064030235247,42.64232400888717,0.00032326612586764536,0.00033514722108638075,-0.30708521163298474,-1.0120477902808567,-4.119718324861443,-0.30708521163298474,False,False,False,False,False,False,0.0,False,-0.019607855359147774,中性,1432.TW,大魯閣,1,v1,phase6a,2026-07-12,0,1,1,1,1,1,v1,217,0.6441515650741351,217,0.6441515650741351,237,0.6112026359143328,^TWII,yfinance,2y,2026-09-22,scan_20260922_153922,False,False
True,0,0.5249996185302734,0.3583323160807292,True,False,買入 (動能增強),41.70000076293945,2026-09-22 00:00:00,40.96249961853027,0.020000076293946734,False,True,0.7843580835420538,False,0.0008723818163664177,49.42311968853398,0.0008840559920374158,0.0009118095568394646,-0.13880962644852168,-0.355909734064086,-2.9643541366509707,-0.13880962644852168,False,False,False,False,False,True,0.11102954406725025,False,0.0,中性,6697.TWO,東捷資訊,2,v1,phase6a,2026-07-12,0,2,4,2,2,2,v1,176,0.7116968698517299,176,0.7116968698517299,190,0.6886326194398682,^TWII,yfinance,2y,2026-09-22,scan_20260922_153922,False,False
True,2,0.05833355585734049,0.04166682561238606,True,False,買入 (動能增強),15.75,2026-09-22 00:00:00,15.704999828338623,0.00250000953674423,False,True,0.2054505942877417,False,0.0003294967231747009,28.7961132452318,0.0003385803787633129,0.00034954910015488904,-0.28161158612713955,-0.8129197724565662,-3.5300315450778275,-0.28161158612713955,False,False,False,False,False,False,0.0,False,-0.006309172180628875,中性,4502.TWO,健信,2,v1,phase6a,2026-07-12,0,2,4,2,2,2,v1,129,0.7891268533772653,129,0.7891268533772653,149,0.7561779242174629,^TWII,yfinance,2y,2026-09-22,scan_20260922_153922,False,False
True,0,-28.333333333333336,-62.50000000000001,True,False,觀察 (跌勢收斂),2410.0,2026-09-22 00:00:00,2435.25,7.5,False,False,0.662266155055784,False,0.0504182287524463,63.80190720863467,0.052315873850722984,0.057314832785515794,-0.38036700873780305,-1.3039182311062825,-5.405796236567106,-0.38036700873780305,False,False,False,False,False,False,0.012014638832017555,False,-0.3714837466250558,中性,3131.TWO,弘塑,1,v1,phase6a,2026-07-12,0,1,2,1,1,1,v1,280,0.5403624382207578,280,0.5403624382207578,297,0.5123558484349259,^TWII,yfinance,2y,2026-09-22,scan_20260922_153922,False,False
True,0,-4.472434997558593,-3.9423065185546875,True,False,賣出 (動能轉弱),83.0999984741211,2026-09-22 00:00:00,84.94000053405762,0.06365394592285156,False,False,0.5747127751518194,False,0.0017384874408282887,31.271521098799724,0.0018070595681150359,0.0019450871061288818,-0.397850820432355,-1.622008555535448,-1.3754076788147773,-0.397850820432355,False,False,False,False,False,False,0.0416974630411664,False,-0.22176832865590512,中性,3013.TW,晟銘電,0,v1,phase6a,2026-07-12,0,0,1,0,0,0,v1,484,0.2042833607907743,484,0.2042833607907743,488,0.19769357495881384,^TWII,yfinance,2y,2026-09-22,scan_20260922_153922,False,False
True,0,0.8583335876464843,1.033333460489909,True,False,觀望 (動能減弱),47.400001525878906,2026-09-22 00:00:00,46.38750038146973,0.18250007629394815,False,True,0.5559190713665542,False,0.0009916282654763762,99.20833440302803,0.0009840891615371826,0.0009133343625487165,0.08070715573400555,1.3125327457036207,11.77155208996954,0.08070715573400555,True,True,True,False,False,True,0.8192804315676079,False,-0.01557632349392346,偏強 (RS上升),2851.TW,中再保,0,v1,phase6a,2026-07-12,2,2,2,2,0,2,v1,479,0.21252059308072488,479,0.21252059308072488,220,0.6392092257001647,^TWII,yfinance,2y,2026-09-22,scan_20260922_153922,False,False
False,0,-0.3250001271565755,-0.3749996821085612,False,True,強烈賣出 (跌破),16.299999237060547,2026-09-22 00:00:00,16.575,-0.020000076293946734,False,False,0.8760846430094584,False,0.00034100294199121113,42.15537172501295,0.00035550565881944403,0.00036546184314650707,-0.427580905116709,-1.1043295981972956,-3.7605674332522043,-0.427580905116709,False,False,False,False,False,False,0.0,False,-0.05709667129812346,中性,4711.TWO,永純,0,v1,phase6a,2026-07-12,0,0,0,0,0,0,v1,517,0.14991762767710048,517,0.14991762767710048,519,0.14662273476112025,^TWII,yfinance,2y,2026-09-22,scan_20260922_153922,False,False
True,0,0.27499961853027344,0.27499961853027344,True,False,觀望 (動能減弱),44.29999923706055,2026-09-22 00:00:00,44.09749965667724,0.012499999999995737,False,True,0.46822702947241324,False,0.0009267748943017906,44.197836569074404,0.0009541342102759348,0.0009929202004419896,-0.3009284692987779,-0.6752469797893013,-5.007305999640755,-0.3009284692987779,False,False,False,False,False,False,0.0,False,-0.03904553788805443,中性,6115.TW,鎰勝,0,v1,phase6a,2026-07-12,0,0,2,0,0,0,v1,532,0.12520593080724876,532,0.12520593080724876,534,0.12191103789126853,^TWII,yfinance,2y,2026-09-22,scan_20260922_153922,False,False
True,0,-0.5666656494140625,-0.391665776570638,True,False,賣出 (動能轉弱),49.95000076293945,2026-09-22 00:00:00,50.27999992370606,-0.022500038146972656,True,False,1.2305062552098627,False,0.0010449753380293563,32.03313417436391,0.0010864777373549052,0.0011760176575063709,-0.4004847583756965,-1.5146119897467503,-6.6039280660300514,-0.4004847583756965,False,False,False,False,False,False,0.007118440714467125,False,-0.17438015267868667,中性,8924.TWO,大田,0,v1,phase6a,2026-07-12,0,0,0,0,0,0,v1,595,0.0214168039538715,595,0.0214168039538715,595,0.0214168039538715,^TWII,yfinance,2y,2026-09-22,scan_20260922_153922,False,False
True,0,0.6500008900960286,0.4333343505859375,True,False,買入 (動能增強),46.20000076293945,2026-09-22 00:00:00,45.820000076293944,-0.01999988555908061,False,True,0.640837931270565,False,0.0009665237372734751,21.40443829507594,0.0009797145479977067,0.0009819612746947098,-0.14152502999678074,-0.009820628768497652,2.608234044018398,-0.14152502999678074,False,False,False,False,False,False,0.6426837989303528,False,-0.009646318289825095,中性,8442.TW,威宏-KY,2,v1,phase6a,2026-07-12,0,2,3,2,2,2,v1,196,0.6787479406919276,196,0.6787479406919276,202,0.6688632619439868,^TWII,yfinance,2y,2026-09-22,scan_20260922_153922,False,False
True,0,-1.1666666666666665,-1.1833330790201821,True,False,觀察 (跌勢收斂),53.70000076293945,2026-09-22 00:00:00,54.09500007629394,0.010000038146969814,False,False,0.7702203978758636,False,0.0011234269387852373,36.135581404082,0.00116103894460511,0.0012057328517026309,-0.3398424853034099,-1.2087881416442126,-3.6908760899347026,-0.3398424853034099,False,False,False,False,False,False,0.0,False,-0.08530293165535408,中性,2420.TW,新巨,1,v1,phase6a,2026-07-12,0,1,2,1,1,1,v1,252,0.586490939044481,252,0.586490939044481,270,0.556836902800659,^TWII,yfinance,2y,2026-09-22,scan_20260922_153922,False,False
True,0,-0.1999998092651367,-0.22499974568684894,True,False,觀察 (跌勢收斂),17.649999618530273,2026-09-22 00:00:00,17.78250026702881,-0.02499999999999858,True,False,0.4207740397058393,False,0.0003692455262438379,41.35091532958944,0.00038372161433732185,0.000400140791316995,-0.3955397507485081,-1.3529025575106934,-6.309300609907442,-0.3955397507485081,False,False,False,False,False,False,0.0,False,-0.056149791527822956,中性,9928.TW,中視,1,v1,phase6a,2026-07-12,0,1,1,1,1,1,v1,422,0.30642504118616143,422,0.30642504118616143,428,0.29654036243822074,^TWII,yfinance,2y,2026-09-22,scan_20260922_153922,False,False
True,0,-0.0666667620340983,-0.05833339691162109,True,False,賣出 (動能轉弱),11.0,2026-09-22 00:00:00,11.165000104904175,-0.019999980926513672,False,False,3.9647161581801087,True,0.00023012469555058477,31.952965036814792,0.00024057894312399345,0.0002509622715451212,-0.4553334530972286,-1.1590277552053996,-5.016475808503207,-0.4553334530972286,False,False,False,False,False,False,0.0,False,-0.06382978723404253,中性,9929.TW,秋雨,0,v1,phase6a,2026-07-12,0,0,0,0,0,0,v1,604,0.006589785831960461,604,0.006589785831960461,604,0.006589785831960461,^TWII,yfinance,2y,2026-09-22,scan_20260922_153922,False,False
True,1,-0.032388369242350265,-0.04053243001302083,True,False,觀察 (跌勢收斂),26.200000762939453,2026-09-22 00:00:00,26.006989669799804,0.015056800842284446,False,True,0.9707779952336876,False,0.0005481151999087755,46.072189959085975,0.0005598977090195979,0.0005768277226755371,-0.22102658816620657,-0.7695856434463133,-3.0444214419516613,-0.22102658816620657,False,False,False,False,False,False,0.024232457841091678,False,-0.04256692104638049,中性,1732.TW,毛寶,1,v1,phase6a,2026-07-12,0,1,3,1,1,1,v1,231,0.6210873146622735,231,0.6210873146622735,251,0.5881383855024712,^TWII,yfinance,2y,2026-09-22,scan_20260922_153922,False,False
True,0,-0.33333317438761395,-0.3249998092651367,True,False,賣出 (動能轉弱),14.699999809265137,2026-09-22 00:00:00,14.594999980926513,0.14249997138976944,False,True,0.28936628690563393,False,0.00030753027097279946,52.922586597544814,0.0003071799151533732,0.0002989451806073716,0.012007291608706616,1.29525039016809,14.759700589945712,0.012007291608706616,True,True,True,False,False,True,0.6431674703226917,False,-0.06070286469146591,偏強 (RS上升),1312.TW,國喬,0,v1,phase6a,2026-07-12,2,2,2,2,0,2,v1,432,0.2899505766062603,432,0.2899505766062603,216,0.6457990115321252,^TWII,yfinance,2y,2026-09-22,scan_20260922_153922,False,False
True,0,-17.666666666666668,-19.999999999999996,True,False,觀察 (跌勢收斂),181.0,2026-09-22 00:00:00,186.175,0.4000000000000057,False,False,1.3719628627705698,False,0.0037865972631505314,544.4278983445668,0.003860671054560522,0.004123655485093667,-0.20155887563030328,-1.087049682892871,8.29031841717529,-0.20155887563030328,False,False,False,False,False,False,0.4894342503004767,False,-0.2410901467505241,中性,5475.TWO,德宏,1,v1,phase6a,2026-07-12,0,1,2,1,1,1,v1,332,0.4546952224052718,332,0.4546952224052718,344,0.43492586490939045,^TWII,yfinance,2y,2026-09-22,scan_20260922_153922,False,False
False,0,6.850001017252604,3.383333841959635,False,True,強烈買入 (爆發),115.5,2026-09-22 00:00:00,103.12499961853027,0.625,False,True,2.0408789047253664,True,0.00241630930328114,157.45242855940575,0.0022305822447458634,0.0020862018632547587,0.8842122791453022,2.009252090841085,3.0810910640143296,0.8842122791453022,True,True,True,False,False,True,0.6702382086195039,False,-0.05327868852459017,偏強 (RS上升),2466.TW,冠西電,3,v1,phase6a,2026-07-12,2,5,5,5,3,5,v1,23,0.9637561779242174,23,0.9637561779242174,6,0.9917627677100495,^TWII,yfinance,2y,2026-09-22,scan_20260922_153922,False,False
True,1,-0.19166819254557288,-0.14166768391927081,True,False,賣出 (動能轉弱),33.04999923706055,2026-09-22 00:00:00,33.264999580383304,-0.012499999999995737,True,False,1.1094138682081098,False,0.000691420092034147,40.66388928423241,0.000716718233173213,0.0007427070760850167,-0.37017401096927083,-1.1331598865635062,-4.3878455402393435,-0.37017401096927083,False,False,False,False,False,False,0.0,False,-0.03221090013670358,中性,1234.TW,黑松,0,v1,phase6a,2026-07-12,0,0,0,0,0,0,v1,427,0.2981878088962109,427,0.2981878088962109,439,0.2784184514003295,^TWII,yfinance,2y,2026-09-22,scan_20260922_153922,False,False
True,1,0.633334477742513,0.5250008900960286,True,False,買入 (動能增強),42.400001525878906,2026-09-22 00:00:00,41.8850004196167,-0.054999923706049,True,True,0.6843301523742317,False,0.0008870261311352012,35.45760149359724,0.0009014256800449375,0.0009069765775318657,-0.1678671454768077,-0.08344665353512415,-1.1351875423912916,-0.1678671454768077,False,False,False,False,False,False,0.4081186196620953,False,-0.028636883305924066,中性,6771.TW,平和環保-創,2,v1,phase6a,2026-07-12,0,2,3,2,2,2,v1,180,0.7051070840197694,180,0.7051070840197694,193,0.6836902800658978,^TWII,yfinance,2y,2026-09-22,scan_20260922_153922,False,False
True,0,1.2500000000000002,3.5833333333333335,True,False,觀望 (動能減弱),179.5,2026-09-22 00:00:00,178.3,0.700000000000017,False,True,0.4649727259684751,False,0.003755216622848179,99.03560473219906,0.003844549003794143,0.003940592040978664,-0.24399389288204398,-0.010119146983889049,-1.3023180936684975,-0.24399389288204398,False,False,False,False,False,False,0.13445587725585925,False,-0.34924567296415787,中性,6693.TWO,廣閎科,1,v1,phase6a,2026-07-12,0,1,3,1,1,1,v1,374,0.385502471169687,374,0.385502471169687,381,0.37397034596375617,^TWII,yfinance,2y,2026-09-22,scan_20260922_153922,True,False
True,0,0.33333333333333337,-1.6666666666666663,True,False,買入 (動能增強),160.0,2026-09-22 00:00:00,157.475,0.19999999999998863,False,True,0.887797005593493,False,0.003347268298917597,49.86618985605591,0.003374337307814092,0.003395253846079933,-0.08437109434271672,-0.050285201181776706,-0.4238127034090655,-0.08437109434271672,False,False,False,False,False,True,0.17862154792379187,False,-0.12568306010928965,中性,6712.TWO,長聖,3,v1,phase6a,2026-07-12,0,3,5,3,3,3,v1,36,0.942339373970346,36,0.942339373970346,44,0.929159802306425,^TWII,yfinance,2y,2026-09-22,scan_20260922_153922,True,False
True,0,-0.1999988555908203,-0.09999910990397134,True,False,賣出 (動能轉弱),51.0,2026-09-22 00:00:00,51.325,0.025000000000005684,False,False,1.2312777957639682,False,0.001066941770279984,36.447092362934214,0.0011026608938063639,0.0011316537199121733,-0.33982619762439326,-0.7346381088770504,-2.260717276119928,-0.33982619762439326,False,False,False,False,False,False,0.005326292749050309,False,-0.015444000942922531,中性,4175.TWO,杏一,0,v1,phase6a,2026-07-12,0,0,1,0,0,0,v1,508,0.16474464579901152,508,0.16474464579901152,510,0.1614497528830313,^TWII,yfinance,2y,2026-09-22,scan_20260922_153922,False,False
True,1,-0.34166717529296875,-0.27500025431315106,True,False,賣出 (動能轉弱),32.5,2026-09-22 00:00:00,32.937500190734866,-0.017499923706054688,False,False,1.172795809796359,False,0.0006799138732176369,29.49817110891582,0.0007092058968625064,0.0007384713645389205,-0.43288184302268107,-1.2557269500230395,-4.695498388919594,-0.43288184302268107,False,False,False,False,False,False,0.0,False,-0.1144414353032035,中性,7760.TW,享溫馨,1,v1,phase6a,2026-07-12,0,1,1,1,1,1,v1,396,0.34925864909390447,396,0.34925864909390447,403,0.33772652388797364,^TWII,yfinance,2y,2026-09-22,scan_20260922_153922,True,False
True,2,-0.29166634877522785,-0.35833295186360675,True,False,觀察 (跌勢收斂),28.0,2026-09-22 00:00:00,27.862500190734863,0.0,False,True,2.115114812070552,True,0.0005857719523105795,43.583980691263974,0.0006001105569818588,0.00062297032481809,-0.25087714820800633,-1.0928979789936788,-4.759666424146314,-0.25087714820800633,False,False,False,False,False,False,0.05566179156181244,False,-0.11392406132946664,中性,5353.TWO,台林,2,v1,phase6a,2026-07-12,0,2,3,2,2,2,v1,146,0.7611202635914333,146,0.7611202635914333,162,0.7347611202635914,^TWII,yfinance,2y,2026-09-22,scan_20260922_153922,True,False
True,0,-0.16666539510091144,-0.5333328247070312,True,False,觀察 (跌勢收斂),89.80000305175781,2026-09-22 00:00:00,89.675,-0.019999694824221592,True,True,1.3233764897829503,False,0.0018786543966115773,94.61763135849847,0.0019307932191535892,0.001956586804682235,-0.2834452048210978,-0.8147697646208374,-3.7431626133066165,-0.2834452048210978,False,False,False,False,False,False,0.0,False,-0.0344085693359375,中性,2535.TW,達欣工,1,v1,phase6a,2026-07-12,0,1,2,1,1,1,v1,259,0.5749588138385503,259,0.5749588138385503,276,0.5469522240527183,^TWII,yfinance,2y,2026-09-22,scan_20260922_153922,False,False
True,1,-0.28333409627278644,-0.31666692097981763,True,False,觀察 (跌勢收斂),50.599998474121094,2026-09-22 00:00:00,50.3774995803833,0.009999847412110796,False,True,0.4872318556191849,False,0.001058573567610652,45.828446618655185,0.0010844635717495975,0.001116831807292099,-0.2506706751374099,-0.7964437320680751,-3.614873638213978,-0.2506706751374099,False,False,False,False,False,False,0.0017791325208667554,False,-0.03619050525483636,中性,8432.TWO,東生華,1,v1,phase6a,2026-07-12,0,1,3,1,1,1,v1,415,0.31795716639209226,415,0.31795716639209226,421,0.30807248764415157,^TWII,yfinance,2y,2026-09-22,scan_20260922_153922,False,False
True,0,-3.1666666666666665,-2.833333333333333,True,False,賣出 (動能轉弱),190.5,2026-09-22 00:00:00,194.975,-0.5250000000000057,False,False,1.6560764283459641,True,0.003985341318398764,26.48585208370246,0.00422069528574652,0.004556043378263701,-0.5835421142971531,-2.080642482580497,-8.847702969477089,-0.5835421142971531,False,False,False,False,False,False,0.0,False,-0.15381640445334954,中性,1477.TW,聚陽,0,v1,phase6a,2026-07-12,0,0,0,0,0,0,v1,438,0.2800658978583196,438,0.2800658978583196,449,0.26194398682042835,^TWII,yfinance,2y,2026-09-22,scan_20260922_153922,False,False
True,0,-0.23333358764648438,-0.30000050862630206,True,False,觀察 (跌勢收斂),91.9000015258789,2026-09-22 00:00:00,91.97000083923339,-0.02000007629395384,True,False,2.463192979090735,True,0.0019225872611128327,46.53319905386401,0.001979345427959467,0.002019429524136405,-0.3009360689129381,-0.9239024014958797,-3.4461786835252695,-0.3009360689129381,False,False,False,False,False,False,0.11772737760023345,False,-0.01711228314568014,中性,7708.TWO,全家餐飲,1,v1,phase6a,2026-07-12,0,1,1,1,1,1,v1,394,0.3525535420098847,394,0.3525535420098847,401,0.34102141680395387,^TWII,yfinance,2y,2026-09-22,scan_20260922_153922,False,False
True,1,-0.05069780349731445,-0.04259681701660156,True,False,賣出 (動能轉弱),12.149999618530273,2026-09-22 00:00:00,12.170209407806396,0.0023605346679680395,False,False,0.23766757418767698,False,0.0002541831784685455,40.12964269700407,0.0002619590727572328,0.0002703398202508595,-0.31148592034895284,-1.0268933389289026,-3.6544952340127,-0.31148592034895284,False,False,False,False,False,False,0.011219729673599963,False,-0.03111900061706263,中性,2706.TW,第一店,0,v1,phase6a,2026-07-12,0,0,1,0,0,0,v1,476,0.21746293245469522,476,0.21746293245469522,481,0.20922570016474465,^TWII,yfinance,2y,2026-09-22,scan_20260922_153922,False,False
True,0,-9.333333333333332,-11.166666666666666,True,False,觀察 (跌勢收斂),217.5,2026-09-22 00:00:00,217.4,-0.025000000000005684,True,True,1.171881783311094,False,0.004550192843841108,142.8892819805317,0.004706726596800828,0.005341511607709114,-0.348857210760245,-2.311599882958859,-11.66929565618069,-0.348857210760245,False,False,False,False,False,False,0.018997832478315383,False,-0.48410607565016783,中性,2472.TW,立隆電,1,v1,phase6a,2026-07-12,0,1,2,1,1,1,v1,255,0.5815485996705108,255,0.5815485996705108,273,0.5518945634266886,^TWII,yfinance,2y,2026-09-22,scan_20260922_153922,False,False
True,0,4.083333333333333,2.833333333333333,True,False,買入 (動能增強),297.5,2026-09-22 00:00:00,296.6,-0.125,False,True,0.47455598021947626,False,0.006223826993299907,29.60114280620471,0.0064117802918518185,0.006731585217842563,-0.30761654752738954,-0.614631185220027,-4.685433908459446,-0.30761654752738954,False,False,False,False,False,False,0.032296728050938174,False,-0.12628487518355358,中性,4585.TW,達明,2,v1,phase6a,2026-07-12,0,2,3,2,2,2,v1,133,0.7825370675453048,133,0.7825370675453048,152,0.7512355848434926,^TWII,yfinance,2y,2026-09-22,scan_20260922_153922,False,False
True,0,-0.383332888285319,-0.42499987284342444,True,False,觀察 (跌勢收斂),20.600000381469727,2026-09-22 00:00:00,20.762499713897704,0.00749998092651083,False,False,0.670828191170672,False,0.0004309608014661501,23.07304562251493,0.0004463075173933475,0.00046479363683862043,-0.36065214821138225,-1.179108634452608,-4.826908247330386,-0.36065214821138225,False,False,False,False,False,False,0.19675718421673494,False,-0.04186044737350114,中性,8426.TWO,紅木-KY,1,v1,phase6a,2026-07-12,0,1,2,1,1,1,v1,414,0.31960461285008235,414,0.31960461285008235,420,0.30971993410214166,^TWII,yfinance,2y,2026-09-22,scan_20260922_153922,False,False
True,1,-0.46666653951009107,-0.8166662851969401,True,False,觀察 (跌勢收斂),57.5,2026-09-22 00:00:00,57.55999984741211,0.0,False,False,0.6616054808468338,False,0.0012029245449235112,41.23817689742179,0.0012420565318212746,0.0012853379567431705,-0.330543803261929,-0.7458955759513164,-5.147959306532524,-0.330543803261929,False,False,False,False,False,False,0.0,False,-0.08730158730158732,中性,6516.TWO,勤崴國際,1,v1,phase6a,2026-07-12,0,1,1,1,1,1,v1,364,0.40197693574958815,364,0.40197693574958815,371,0.3904448105436573,^TWII,yfinance,2y,2026-09-22,scan_20260922_153922,False,False
True,0,-0.5499998728434244,-0.47499974568684894,True,False,賣出 (動能轉弱),17.25,2026-09-22 00:00:00,17.862500190734863,-0.04250001907348633,False,False,0.8762465696984963,False,0.0003608773634770534,43.70838708196275,0.00038315423216419794,0.0004116816542745953,-0.6082849859597284,-1.7829187607514618,-5.311355093215287,-0.6082849859597284,False,False,False,False,False,False,0.0,False,-0.2915811199277354,中性,8935.TWO,邦泰,0,v1,phase6a,2026-07-12,0,0,0,0,0,0,v1,597,0.018121911037891267,597,0.018121911037891267,597,0.018121911037891267,^TWII,yfinance,2y,2026-09-22,scan_20260922_153922,False,False
True,0,0.700000762939453,1.1000003814697266,True,False,觀望 (動能減弱),58.20000076293945,2026-09-22 00:00:00,58.310000038146974,0.02499999999999858,False,False,0.5605713957702936,False,0.0012175688596922948,39.346327238073,0.0012624821089059902,0.0013388478885602581,-0.37308031956172494,-0.7374004568057146,-4.523124313292604,-0.37308031956172494,False,False,False,False,False,False,0.0,False,-0.13004485148739553,中性,6846.TWO,綠茵,0,v1,phase6a,2026-07-12,0,0,1,0,0,0,v1,565,0.07084019769357495,565,0.07084019769357495,565,0.07084019769357495,^TWII,yfinance,2y,2026-09-22,scan_20260922_153922,False,False
True,0,-32.83333333333333,-23.666666666666664,True,False,賣出 (動能轉弱),576.0,2026-09-22 00:00:00,624.8866333007812,-0.8039611816406023,False,False,1.8263155090660463,True,0.012050165876103348,97.31150482670836,0.013204866529028707,0.013909184112868888,-0.9120791043900844,-2.214391117894221,0.42078675246899344,-0.9120791043900844,False,False,False,False,False,False,0.0,False,-0.15441859414908854,中性,7728.TWO,光焱科技,0,v1,phase6a,2026-07-12,0,0,0,0,0,0,v1,571,0.060955518945634266,571,0.060955518945634266,571,0.060955518945634266,^TWII,yfinance,2y,2026-09-22,scan_20260922_153922,False,False
True,0,-1.0333334604899087,-0.275000254313151,True,False,賣出 (動能轉弱),27.700000762939453,2026-09-22 00:00:00,28.875000286102296,0.06500005722045898,False,False,0.3354379746235956,False,0.000579495840211128,81.39853275992999,0.0006085342450111966,0.0006143909548659117,-0.49979064330710754,-0.3180036883856707,9.227286478184183,-0.49979064330710754,False,False,False,False,False,False,0.5001570324171576,False,-0.09180325367411624,中性,8937.TWO,合騏*,1,v1,phase6a,2026-07-12,0,1,2,1,1,1,v1,419,0.3113673805601318,419,0.3113673805601318,425,0.3014827018121911,^TWII,yfinance,2y,2026-09-22,scan_20260922_153922,True,False
True,1,0.016666889190673828,0.02500025431315104,True,False,觀望 (動能減弱),14.5,2026-09-22 00:00:00,14.432499980926513,0.009999990463256836,False,True,0.7924073516119313,False,0.0003033461895894072,37.97680158975954,0.0003108586662496853,0.0003199568754512329,-0.2537424688484946,-0.7121753234350492,-2.9768983265490156,-0.2537424688484946,False,False,False,False,False,False,0.06054224176087293,False,-0.013605429378242606,中性,1457.TW,宜進,0,v1,phase6a,2026-07-12,0,0,2,0,0,0,v1,437,0.28171334431630973,437,0.28171334431630973,448,0.26359143327841844,^TWII,yfinance,2y,2026-09-22,scan_20260922_153922,False,False
True,1,0.4999999999999999,0.150000254313151,True,False,買入 (動能增強),83.19999694824219,2026-09-22 00:00:00,82.7900001525879,0.30999984741211506,False,True,1.0859921435246416,False,0.0017405794515930743,77.52336908751215,0.001763753220802859,0.0018242325662121363,-0.13811314665127528,-0.20136705846798275,4.721847160322024,-0.13811314665127528,False,False,False,False,False,False,0.6270337763097585,False,-0.08871857429099694,中性,5340.TWO,建榮,2,v1,phase6a,2026-07-12,0,2,4,2,2,2,v1,145,0.7627677100494233,145,0.7627677100494233,161,0.7364085667215815,^TWII,yfinance,2y,2026-09-22,scan_20260922_153922,False,False
True,0,-6.416666666666666,-8.5,True,False,觀察 (跌勢收斂),181.0,2026-09-22 00:00:00,177.325,0.5749999999999886,False,True,1.1626883610335363,False,0.0037865972631505314,71.51383410458293,0.00380657905148254,0.0041291453594665736,-0.05522503376821364,-0.4623861842204646,-4.998974746279017,-0.05522503376821364,False,False,False,False,False,True,0.10501396672668914,False,-0.2730923694779116,中性,8027.TWO,鈦昇,1,v1,phase6a,2026-07-12,0,1,3,1,1,1,v1,403,0.33772652388797364,403,0.33772652388797364,409,0.32784184514003295,^TWII,yfinance,2y,2026-09-22,scan_20260922_153922,False,False
True,2,0.008332888285319012,0.016666094462076824,True,False,觀望 (動能減弱),24.350000381469727,2026-09-22 00:00:00,24.454999923706055,-0.009999942779540305,False,False,0.650433887487776,False,0.0005094124022220313,48.11743250570331,0.0005263656681540784,0.0005326829403870429,-0.33788763740651984,-0.8339795336194666,-3.3257148970131656,-0.33788763740651984,False,False,False,False,False,False,0.26519138811543347,False,-0.02794406694253304,中性,4106.TW,雃博,0,v1,phase6a,2026-07-12,0,0,0,0,0,0,v1,507,0.16639209225700163,507,0.16639209225700163,509,0.1630971993410214,^TWII,yfinance,2y,2026-09-22,scan_20260922_153922,False,False
True,0,1.9166666666666665,1.2833340962727864,True,False,買入 (動能增強),75.0999984741211,2026-09-22 00:00:00,72.35999946594238,0.4149997711181612,False,True,0.7354738152506441,False,0.001571124025882409,101.06855229595153,0.0015442475656898028,0.0015735584580779045,0.18353880778305687,2.074037936744122,7.655647658124831,0.18353880778305687,True,False,False,False,False,True,0.45184632503710265,False,-0.10828114393945498,偏強 (RS上升),3162.TWO,精確,2,v1,phase6a,2026-07-12,1,3,4,3,2,3,v1,108,0.8237232289950577,108,0.8237232289950577,61,0.9011532125205931,^TWII,yfinance,2y,2026-09-22,scan_20260922_153922,False,False
False,0,-3.4166666666666665,-3.75,False,True,強烈賣出 (跌破),117.5,2026-09-22 00:00:00,119.175,-0.04999999999999716,True,False,0.4700102298115183,False,0.00245815015701761,62.4989422277331,0.002574761341562276,0.002759952288305242,-0.4744758313138475,-1.9003562400525253,-8.519902281320524,-0.4744758313138475,False,False,False,False,False,False,0.0,False,-0.2633228840125392,中性,3004.TW,豐達科,0,v1,phase6a,2026-07-12,0,0,0,0,0,0,v1,483,0.20593080724876442,483,0.20593080724876442,487,0.19934102141680396,^TWII,yfinance,2y,2026-09-22,scan_20260922_153922,False,False
True,0,-1.2416674296061196,-1.0916671752929688,True,False,賣出 (動能轉弱),40.099998474121094,2026-09-22 00:00:00,40.42250003814697,-0.020000076293946734,False,False,1.1979046637054547,False,0.0008389090854941846,42.470086130704374,0.0008673201013200479,0.0009138351170319154,-0.3436282153089776,-1.3402262621948435,-4.375795222076095,-0.3436282153089776,False,False,False,False,False,False,0.004092880638631914,False,-0.11184945473065533,中性,2498.TW,宏達電,0,v1,phase6a,2026-07-12,0,0,0,0,0,0,v1,467,0.23228995057660626,467,0.23228995057660626,473,0.22240527182866557,^TWII,yfinance,2y,2026-09-22,scan_20260922_153922,False,False
True,0,0.13333352406819662,-0.049999554951985714,True,False,買入 (動能增強),16.899999618530273,2026-09-22 00:00:00,16.597500038146972,0.027499961853028054,False,True,0.18790967037032855,False,0.0003535552060926616,29.624344489302597,0.0003574182820407614,0.000354483355345333,-0.11364204920377707,0.10585629835520027,-1.8231815992489575,-0.11364204920377707,False,False,True,False,False,True,0.5729886294377307,False,-0.06111113230387366,中性,1336.TWO,台翰,2,v1,phase6a,2026-07-12,1,3,4,3,2,3,v1,50,0.9192751235584844,50,0.9192751235584844,48,0.9225700164744646,^TWII,yfinance,2y,2026-09-22,scan_20260922_153922,False,False
True,1,-2.9166666666666665,-4.749999999999999,True,False,觀察 (跌勢收斂),160.5,2026-09-22 00:00:00,158.75,0.22499999999999432,False,True,1.6134750400449915,True,0.0033577285123517144,163.09820933592223,0.0034092961437870283,0.0035442927991570696,-0.15896368867514,-1.1787411274091109,-4.4758776503809,-0.15896368867514,False,False,False,False,False,True,0.07769142938958033,False,-0.26836003810346576,中性,2316.TW,楠梓電,2,v1,phase6a,2026-07-12,0,2,4,2,2,2,v1,74,0.8797364085667215,74,0.8797364085667215,112,0.8171334431630972,^TWII,yfinance,2y,2026-09-22,scan_20260922_153922,True,False
True,0,-0.8999989827473959,-1.5333328247070312,True,False,觀察 (跌勢收斂),69.0,2026-09-22 00:00:00,68.47000007629394,0.10999984741211222,False,True,0.9588475147612991,False,0.0014435094539082137,92.42561063429454,0.00146954883938898,0.0015338934917233198,-0.18617176417679016,0.03585172190678776,-2.0537147061196026,-0.18617176417679016,False,False,False,False,False,True,0.10014949687045091,False,-0.18770203109341044,中性,6190.TWO,萬泰科,1,v1,phase6a,2026-07-12,1,2,3,2,1,2,v1,347,0.4299835255354201,347,0.4299835255354201,214,0.6490939044481054,^TWII,yfinance,2y,2026-09-22,scan_20260922_153922,False,False
True,0,5.25,4.666666666666666,True,False,買入 (動能增強),141.0,2026-09-22 00:00:00,135.525,0.6750000000000114,False,True,0.9944135790886348,False,0.002949780188421132,54.96533587342108,0.0029416732330231647,0.0032294456689549245,0.029017884944626537,1.1600283745592188,-1.24909672095318,0.029017884944626537,True,False,False,False,False,True,0.21181634291874005,False,-0.13230769230769235,偏強 (RS上升),6568.TWO,宏觀,2,v1,phase6a,2026-07-12,1,3,4,3,2,3,v1,167,0.7265238879736409,167,0.7265238879736409,67,0.8912685337726524,^TWII,yfinance,2y,2026-09-22,scan_20260922_153922,False,False
False,0,-1.0083335240681965,-0.8583334287007649,False,True,強烈賣出 (跌破),11.449999809265137,2026-09-22 00:00:00,12.259999990463257,-0.05000000000000071,False,False,0.6352024790015557,False,0.00023953888365103575,43.40041241110709,0.0002671678687839898,0.0003139654369947415,-1.0768495733775363,-4.76843890851929,-17.987482589631256,-1.0768495733775363,False,False,False,False,False,False,0.003307207888918409,False,-0.3973684310913086,中性,3625.TWO,西勝,0,v1,phase6a,2026-07-12,0,0,0,0,0,0,v1,501,0.17627677100494235,501,0.17627677100494235,504,0.171334431630972,^TWII,yfinance,2y,2026-09-22,scan_20260922_153922,False,False
True,0,-0.3583335876464844,-0.7416667938232421,True,False,觀察 (跌勢收斂),23.600000381469727,2026-09-22 00:00:00,23.362499904632568,0.03749999999999787,False,True,0.5524670311874396,False,0.000493722082070855,69.94852472433442,0.0004969286165928093,0.00047210740279329035,-0.0678771221460095,1.07793178015414,3.923975783706979,-0.0678771221460095,False,True,True,False,False,True,0.5923918004656976,False,-0.09230767763577974,偏強 (RS上升),6108.TW,競國,1,v1,phase6a,2026-07-12,1,2,3,2,1,2,v1,340,0.4415156507413509,340,0.4415156507413509,212,0.6523887973640856,^TWII,yfinance,2y,2026-09-22,scan_20260922_153922,False,False
True,0,0.2083336512247721,0.23333358764648435,True,False,觀望 (動能減弱),22.350000381469727,2026-09-22 00:00:00,23.100000286102294,-0.08249998092651367,False,False,1.9811390337706127,True,0.0004675715484855613,31.480603995516862,0.0005014730897684064,0.0005489953509047316,-0.7065918484112088,-1.4832791169538284,-8.650607619230355,-0.7065918484112088,False,False,False,False,False,False,0.0,False,-0.2239582995297723,中性,8455.TWO,大拓-KY,0,v1,phase6a,2026-07-12,0,0,0,0,0,0,v1,592,0.026359143327841845,592,0.026359143327841845,592,0.026359143327841845,^TWII,yfinance,2y,2026-09-22,scan_20260922_153922,False,False
True,0,-0.4499994913736979,-0.5499992370605469,True,False,觀察 (跌勢收斂),76.9000015258789,2026-09-22 00:00:00,77.1650001525879,-0.02999992370605753,True,False,0.6485994151579553,False,0.001608780858089308,49.99129481258338,0.0016597897469865957,0.0017003723080547882,-0.32245307454757954,-1.044733752379734,-3.861682494551133,-0.32245307454757954,False,False,False,False,False,False,0.04449546735159303,False,-0.01913265268885067,中性,1726.TW,永記,1,v1,phase6a,2026-07-12,0,1,1,1,1,1,v1,229,0.6243822075782537,229,0.6243822075782537,249,0.5914332784184514,^TWII,yfinance,2y,2026-09-22,scan_20260922_153922,False,False
True,0,-0.39166673024495435,-0.33333349227905273,True,False,賣出 (動能轉弱),14.199999809265137,2026-09-22 00:00:00,14.419999933242797,-0.012500000000001066,True,False,1.2535545118737743,False,0.00029707005753868196,27.70026600908271,0.00031030499471368335,0.0003302522462568085,-0.4469552672925592,-1.9950369727949169,-6.413893367161627,-0.4469552672925592,False,False,False,False,False,False,0.007434123227920427,False,-0.08387098004741056,中性,8450.TWO,霹靂,0,v1,phase6a,2026-07-12,0,0,0,0,0,0,v1,591,0.02800658978583196,591,0.02800658978583196,591,0.02800658978583196,^TWII,yfinance,2y,2026-09-22,scan_20260922_153922,False,False
True,0,-8.833333333333332,-7.666666666666666,True,False,賣出 (動能轉弱),164.5,2026-09-22 00:00:00,167.125,-0.07499999999998863,False,False,0.4221935126864515,False,0.003441410219824654,133.05191095732548,0.003577543915486785,0.0039056169009666327,-0.3989522902585252,-1.798204604968212,-5.470461254679638,-0.3989522902585252,False,False,False,False,False,False,0.1318844617436128,False,-0.5161764705882352,中性,3090.TW,日電貿,0,v1,phase6a,2026-07-12,0,0,0,0,0,0,v1,487,0.19934102141680396,487,0.19934102141680396,490,0.19439868204283361,^TWII,yfinance,2y,2026-09-22,scan_20260922_153922,False,False
True,0,-15.166666666666668,-27.5,True,False,觀察 (跌勢收斂),543.0,2026-09-22 00:00:00,531.7,0.650000000000091,False,True,1.1692866881995632,False,0.011359791789451594,348.9006458436534,0.011076725983924826,0.009732307622237162,0.26972563151568263,0.8072409550080595,13.098649240244065,0.26972563151568263,True,True,True,False,False,True,0.7976398625576596,False,-0.06861063464837047,偏強 (RS上升),6213.TW,聯茂,1,v1,phase6a,2026-07-12,2,3,3,3,1,3,v1,351,0.4233937397034596,351,0.4233937397034596,80,0.8698517298187809,^TWII,yfinance,2y,2026-09-22,scan_20260922_153922,False,False
True,0,-0.01666673024495442,-0.0666667620340983,True,False,觀察 (跌勢收斂),14.449999809265137,2026-09-22 00:00:00,14.457499980926514,-0.01249999999999929,False,False,0.4367521883503129,False,0.0003023001642557407,37.91337943954524,0.00031346809522639476,0.0003416639281704553,-0.3736200040749704,-1.1636762983252003,-7.698970202108379,-0.3736200040749704,False,False,False,False,False,False,0.0,False,-0.1882022231113658,中性,1218.TW,泰山,1,v1,phase6a,2026-07-12,0,1,1,1,1,1,v1,203,0.6672158154859967,203,0.6672158154859967,223,0.6342668863261944,^TWII,yfinance,2y,2026-09-22,scan_20260922_153922,False,False
True,2,-0.1916669209798177,-0.2333339055379232,True,False,觀察 (跌勢收斂),26.100000381469727,2026-09-22 00:00:00,26.222499942779542,0.00500001907348846,False,False,0.30646966588474606,False,0.0005460231492414425,22.42646684391321,0.0005643359371772646,0.0005897112787723401,-0.3404177650061624,-1.1374710245841468,-4.365039898801982,-0.3404177650061624,False,False,False,False,False,False,0.0,False,-0.06618963617069917,中性,1475.TW,業旺,1,v1,phase6a,2026-07-12,0,1,2,1,1,1,v1,220,0.6392092257001647,220,0.6392092257001647,240,0.6062602965403624,^TWII,yfinance,2y,2026-09-22,scan_20260922_153922,False,False
True,0,-3.083332061767578,-2.8666661580403643,True,False,賣出 (動能轉弱),75.5999984741211,2026-09-22 00:00:00,77.30499992370605,-0.070000076293951,False,False,0.4194765079394623,False,0.0015815842393165265,44.007417087034376,0.001654532340730954,0.001791016818022743,-0.46195982998769036,-1.8004430470637156,-5.044981596773168,-0.46195982998769036,False,False,False,False,False,False,0.0,False,-0.28651808728922623,中性,6284.TWO,佳邦,0,v1,phase6a,2026-07-12,0,0,0,0,0,0,v1,550,0.09555189456342669,550,0.09555189456342669,551,0.09390444810543658,^TWII,yfinance,2y,2026-09-22,scan_20260922_153922,False,False
True,0,0.08333365122477214,3.178914388113352e-07,True,False,買入 (動能增強),12.300000190734863,2026-09-22 00:00:00,11.829999923706055,0.020000028610230203,False,True,1.4356466535077492,False,0.000257321254469545,32.582614948277616,0.0002558567053983036,0.00026946957441603914,0.06028999896561249,-0.3477104884173188,-3.8797664713327795,0.06028999896561249,True,False,False,False,False,True,0.25985868125285033,False,-0.08208951187388613,中性,8201.TW,無敵,2,v1,phase6a,2026-07-12,0,2,4,2,2,2,v1,195,0.6803953871499177,195,0.6803953871499177,201,0.6705107084019769,^TWII,yfinance,2y,2026-09-22,scan_20260922_153922,False,False
True,1,0.40655263264973956,0.3521766662597656,True,False,買入 (動能增強),36.70000076293945,2026-09-22 00:00:00,36.79375953674317,-0.012434005737304688,False,False,0.6527190956305414,False,0.0007677796820252428,25.290928355177556,0.0007948861806642835,0.0008207133836275925,-0.35767511316805445,-0.6649831025983932,-4.0309943783824025,-0.35767511316805445,False,False,False,False,False,False,0.11484829013288876,False,-0.07949743755882499,中性,6504.TW,南六,4,v1,phase6a,2026-07-12,0,4,4,4,4,4,v1,10,0.985172981878089,10,0.985172981878089,15,0.9769357495881383,^TWII,yfinance,2y,2026-09-22,scan_20260922_153922,False,True
True,0,0.35833326975504554,0.08333333333333333,True,False,買入 (動能增強),20.950000762939453,2026-09-22 00:00:00,20.017500114440917,0.11250000000000071,False,True,2.4545416971775573,True,0.00043828295885054184,51.25326593267342,0.0004292336569681823,0.0004479551307951902,0.2224142263997697,0.21075068227596194,1.5660560346232533,0.2224142263997697,True,False,False,False,False,True,0.4507719443833037,False,-0.0584269320027212,偏強 (RS上升),8034.TWO,榮群,2,v1,phase6a,2026-07-12,1,3,4,3,2,3,v1,188,0.6919275123558485,188,0.6919275123558485,73,0.8813838550247117,^TWII,yfinance,2y,2026-09-22,scan_20260922_153922,False,False
True,0,-0.2833334604899088,-0.4083334604899088,True,False,觀察 (跌勢收斂),17.149999618530273,2026-09-22 00:00:00,16.960000038146973,-0.0025000572204589844,False,True,1.3700206961260981,False,0.0003587853128097204,25.58630591971035,0.0003666049424332627,0.0004038864883006143,-0.2240217866695149,-1.2885329495879616,-7.206244989821187,-0.2240217866695149,False,False,False,False,False,True,0.046430021791618814,False,-0.19672134369537309,中性,5272.TWO,笙科,1,v1,phase6a,2026-07-12,0,1,2,1,1,1,v1,323,0.4695222405271829,323,0.4695222405271829,336,0.44810543657331137,^TWII,yfinance,2y,2026-09-22,scan_20260922_153922,False,False
True,2,-0.008333206176757812,-0.008333206176757812,True,False,賣出 (動能轉弱),29.0,2026-09-22 00:00:00,29.03499984741211,0.0,False,False,0.6235115492219593,False,0.0006066923791788144,48.1059737089668,0.0006255077455534336,0.0006434026262986867,-0.3156337494424233,-0.9107654277648147,-3.728353900331083,-0.3156337494424233,False,False,False,False,False,False,0.0,False,-0.013605429378242606,中性,9908.TW,大台北,0,v1,phase6a,2026-07-12,0,0,0,0,0,0,v1,600,0.013179571663920923,600,0.013179571663920923,600,0.013179571663920923,^TWII,yfinance,2y,2026-09-22,scan_20260922_153922,False,False
True,2,0.5833333333333333,0.4500001271565755,True,False,買入 (動能增強),63.79999923706055,2026-09-22 00:00:00,63.52499942779541,-0.005000114440917969,True,True,0.3809845539995383,False,0.0013347232182323726,43.317731986847484,0.001367432347477647,0.0013792632647078,-0.25115821626828794,-0.4913040083399878,-2.0964706727911286,-0.25115821626828794,False,False,False,False,False,False,0.26611213842490683,False,-0.015432156907439154,中性,2206.TW,三陽工業,2,v1,phase6a,2026-07-12,0,2,3,2,2,2,v1,71,0.8846787479406919,71,0.8846787479406919,109,0.8220757825370676,^TWII,yfinance,2y,2026-09-22,scan_20260922_153922,False,False
True,0,0.45343144734700525,-0.1535135904947916,True,False,買入 (動能增強),60.599998474121094,2026-09-22 00:00:00,59.2655387878418,0.18605384826660298,False,True,0.5012819529100825,False,0.0012677778362930017,42.253463915234185,0.0012694873967732784,0.0012922006308370934,-0.014173297808595109,0.15212108241720035,1.1227047287388547,-0.014173297808595109,False,False,False,False,False,True,0.4360745208928503,False,-0.0023323400571648722,中性,8099.TWO,大世科,2,v1,phase6a,2026-07-12,1,3,4,3,2,3,v1,191,0.6869851729818781,191,0.6869851729818781,75,0.8780889621087314,^TWII,yfinance,2y,2026-09-22,scan_20260922_153922,False,False
True,0,-0.3166656494140625,-0.2666664123535157,True,False,賣出 (動能轉弱),73.0,2026-09-22 00:00:00,74.63500022888184,-0.05999984741211506,False,False,2.429775598291564,True,0.0015271911613811535,43.35574951450732,0.0016022951001565084,0.001665163163865071,-0.490974658205523,-0.9612618735751588,-2.4131761576410393,-0.490974658205523,False,False,False,False,False,False,0.282944930512746,False,-0.10429447852760731,中性,6934.TW,心誠鎂,1,v1,phase6a,2026-07-12,0,1,1,1,1,1,v1,389,0.36079077429983525,389,0.36079077429983525,396,0.34925864909390447,^TWII,yfinance,2y,2026-09-22,scan_20260922_153922,True,False
True,0,-0.20833301544189453,-0.08333301544189453,True,False,賣出 (動能轉弱),29.600000381469727,2026-09-22 00:00:00,30.20250015258789,-0.05249996185302663,False,False,1.9976699536531282,True,0.0006192446432802649,21.648833159874016,0.0006556557734143195,0.0007360074298274103,-0.581170164636513,-1.941362278387726,-9.51527025640122,-0.581170164636513,False,False,False,False,False,False,0.0,False,-0.2210526215402704,中性,6908.TW,宏�砦C戲-創,0,v1,phase6a,2026-07-12,0,0,0,0,0,0,v1,566,0.06919275123558484,566,0.06919275123558484,566,0.06919275123558484,^TWII,yfinance,2y,2026-09-22,scan_20260922_153922,False,False
True,1,-0.07500108083089192,-0.11666742960611981,True,False,觀察 (跌勢收斂),17.149999618530273,2026-09-22 00:00:00,16.929999923706056,-0.047500038146971235,False,True,0.41621185949653566,False,0.0003587853128097204,45.68983199948277,0.0003604332820137811,0.0003523255870111482,-0.04810515647614144,0.03767012692634797,3.7148915289549,-0.04810515647614144,False,True,True,False,False,False,0.5253522918011125,False,-0.08533335367838546,中性,5608.TW,四維航,1,v1,phase6a,2026-07-12,0,1,2,1,1,1,v1,336,0.44810543657331137,336,0.44810543657331137,348,0.42833607907743,^TWII,yfinance,2y,2026-09-22,scan_20260922_153922,False,False
True,1,-0.5333334604899088,-0.5666662851969401,True,False,觀察 (跌勢收斂),60.099998474121094,2026-09-22 00:00:00,60.39499988555908,-0.043181228637699576,False,False,0.8534929253471197,False,0.0012573176228588842,16.826630413897078,0.0013017104526117842,0.001420660266582649,-0.35769970070400614,-1.228826282069606,-5.185571338433159,-0.35769970070400614,False,False,False,False,False,False,0.0,False,-0.11904218448696913,中性,7818.TW,溢泰實業,1,v1,phase6a,2026-07-12,0,1,1,1,1,1,v1,399,0.3443163097199341,399,0.3443163097199341,405,0.3344316309719934,^TWII,yfinance,2y,2026-09-22,scan_20260922_153922,False,False
True,1,-0.058332920074462905,-0.09999958674112955,True,False,觀察 (跌勢收斂),12.350000381469727,2026-09-22 00:00:00,12.30750002861023,-0.01249999999999929,False,True,1.4457018966815722,False,0.00025836727980321154,32.46024036971127,0.0002654492402396694,0.00028027755846620774,-0.28004670727724834,-0.8648995205168819,-4.838074889292743,-0.28004670727724834,False,False,False,False,False,False,0.027272244327782334,False,-0.16271183854442528,中性,1449.TW,佳和,1,v1,phase6a,2026-07-12,0,1,2,1,1,1,v1,219,0.6408566721581549,219,0.6408566721581549,239,0.6079077429983526,^TWII,yfinance,2y,2026-09-22,scan_20260922_153922,False,False
True,0,0.10833326975504556,0.04999987284342447,True,False,買入 (動能增強),12.550000190734863,2026-09-22 00:00:00,12.317500114440918,0.01249999999999929,False,True,0.5787244361280824,False,0.00026255136118660377,49.16887595985583,0.0002657090492504134,0.0002703724338230665,-0.1249385134913461,-0.2939613103668637,-2.6563243071507814,-0.1249385134913461,False,False,False,False,False,True,0.08842593042075896,False,-0.01568625955020675,中性,5324.TWO,士開,4,v1,phase6a,2026-07-12,0,4,6,4,4,4,v1,7,0.9901153212520593,7,0.9901153212520593,12,0.9818780889621087,^TWII,yfinance,2y,2026-09-22,scan_20260922_153922,False,True
True,0,5.083333333333333,4.25,True,False,買入 (動能增強),242.5,2026-09-22 00:00:00,235.575,-0.17500000000001137,True,True,0.5885460529953251,False,0.005073203515546983,72.00937476010215,0.005077579334898754,0.004930101386683385,-0.009070676247335818,0.6738398185752725,0.4921075231506311,-0.009070676247335818,False,True,True,False,False,True,0.683211415977839,False,-0.035785288270377746,偏強 (RS上升),2603.TW,長榮,2,v1,phase6a,2026-07-12,1,3,3,3,2,3,v1,89,0.8550247116968699,89,0.8550247116968699,54,0.9126853377265239,^TWII,yfinance,2y,2026-09-22,scan_20260922_153922,False,False
True,0,-0.2583333651224772,-0.3083333969116211,True,False,觀察 (跌勢收斂),11.800000190734863,2026-09-22 00:00:00,11.897500133514404,-0.019999980926513672,False,False,1.0395011754907053,False,0.0002468610410354275,42.00919693798263,0.0002581362256047536,0.00027641908324822453,-0.4576767717484498,-1.8018151108612823,-10.55719213658628,-0.4576767717484498,False,False,False,False,False,False,0.0,False,-0.33805241890829874,中性,5488.TWO,松普,1,v1,phase6a,2026-07-12,0,1,1,1,1,1,v1,333,0.45304777594728174,333,0.45304777594728174,345,0.4332784184514003,^TWII,yfinance,2y,2026-09-22,scan_20260922_153922,False,False
True,0,1.400000254313151,1.4333330790201821,True,False,觀望 (動能減弱),66.80000305175781,2026-09-22 00:00:00,65.80999965667725,0.3300001144409208,False,True,0.5614486171195214,False,0.0013974845786421729,46.87662074587761,0.0014168958563515542,0.0014584941318492501,-0.1440014106505405,0.16238279848834747,1.1840379566755654,-0.1440014106505405,False,False,False,False,False,False,0.2821179994547231,False,-0.0773480435925048,中性,3338.TW,泰碩,0,v1,phase6a,2026-07-12,0,0,2,0,0,0,v1,497,0.1828665568369028,497,0.1828665568369028,500,0.17792421746293247,^TWII,yfinance,2y,2026-09-22,scan_20260922_153922,False,False
True,0,0.2833334604899088,1.1102230246251565e-16,True,False,買入 (動能增強),41.95000076293945,2026-09-22 00:00:00,40.812500381469725,0.07000007629394389,False,True,0.607711691555343,False,0.0008776119230834764,93.73632390681708,0.0008608618891732864,0.0008419097835896949,0.2052338581541635,3.672740920064266,15.218016983516037,0.2052338581541635,True,True,True,False,False,True,0.8195410023484794,False,-0.04983014013374165,偏強 (RS上升),2489.TW,瑞軒,2,v1,phase6a,2026-07-12,2,4,4,4,2,4,v1,87,0.8583196046128501,87,0.8583196046128501,34,0.9456342668863262,^TWII,yfinance,2y,2026-09-22,scan_20260922_153922,False,False
True,0,16.810053507486977,13.801854451497395,True,False,買入 (動能增強),302.0,2026-09-22 00:00:00,277.38435516357424,1.8884017944336051,False,True,1.6039132497706834,True,0.006317968914206964,52.49785342420902,0.006022381790628519,0.006203921064686325,0.519329754609954,2.592121345140974,0.8267572152721891,0.519329754609954,True,True,False,False,False,True,0.31164240078787586,False,-0.3193186539260491,偏強 (RS上升),3675.TWO,德微,2,v1,phase6a,2026-07-12,1,3,4,3,2,3,v1,119,0.8056013179571664,119,0.8056013179571664,62,0.899505766062603,^TWII,yfinance,2y,2026-09-22,scan_20260922_153922,False,False
True,0,-0.45000012715657556,-0.5833333333333333,True,False,觀察 (跌勢收斂),26.399999618530273,2026-09-22 00:00:00,26.019999980926514,0.12249994277954102,False,True,1.0098476670468353,False,0.0005522992613408939,36.11980526414198,0.0005523264105725983,0.0005535040326192123,-0.0005174112666428421,-0.3490755769893217,4.619616180456831,-0.0005174112666428421,False,False,False,False,False,False,0.6568135452766155,False,-0.00377359930074439,中性,6171.TWO,大城地產,1,v1,phase6a,2026-07-12,0,1,3,1,1,1,v1,346,0.4316309719934102,346,0.4316309719934102,356,0.41515650741350907,^TWII,yfinance,2y,2026-09-22,scan_20260922_153922,False,False
True,0,-0.0666669209798177,-0.05000050862630207,True,False,賣出 (動能轉弱),32.45000076293945,2026-09-22 00:00:00,33.23250026702881,-0.09750003814696839,True,False,2.4937359727351534,True,0.0006788678678352441,23.565852768497578,0.0007237279027537379,0.0007672769704717437,-0.6482406291431264,-2.268131809541729,-11.05248190919471,-0.6482406291431264,False,False,False,False,False,False,0.0,False,-0.15604681094787343,中性,6807.TW,峰源-KY,0,v1,phase6a,2026-07-12,0,0,0,0,0,0,v1,562,0.0757825370675453,562,0.0757825370675453,562,0.0757825370675453,^TWII,yfinance,2y,2026-09-22,scan_20260922_153922,False,False
True,0,-0.34999974568684894,-0.43333307902018225,True,False,觀察 (跌勢收斂),16.549999237060547,2026-09-22 00:00:00,16.642499923706055,-0.010000038146973367,True,False,0.9858399583151776,False,0.0003462330487082699,30.96676871396052,0.00035825620115443495,0.00038291531034661164,-0.35202177111105515,-1.6152054502515,-6.218474745965641,-0.35202177111105515,False,False,False,False,False,False,0.030823093831097024,False,-0.1598985484206089,中性,5438.TWO,東友,1,v1,phase6a,2026-07-12,0,1,1,1,1,1,v1,330,0.45799011532125206,330,0.45799011532125206,342,0.4382207578253707,^TWII,yfinance,2y,2026-09-22,scan_20260922_153922,False,False
True,0,-0.2883331775665283,-0.21999994913736978,True,False,賣出 (動能轉弱),7.440000057220459,2026-09-22 00:00:00,7.426999974250793,0.01349999904632515,False,True,0.6926755853895827,False,0.00015564797709674468,29.95520469348494,0.00015910585933597308,0.000169379219240874,-0.2282485442317017,-1.732247247426566,-3.6313006269432457,-0.2282485442317017,False,False,False,False,False,False,0.20012106198879145,False,-0.058227852227080046,中性,1213.TW,大飲,0,v1,phase6a,2026-07-12,0,0,2,0,0,0,v1,426,0.29983525535420097,426,0.29983525535420097,438,0.2800658978583196,^TWII,yfinance,2y,2026-09-22,scan_20260922_153922,False,False
True,0,0.75,-0.5833333333333335,True,False,買入 (動能增強),157.5,2026-09-22 00:00:00,153.925,0.5250000000000057,False,True,0.6667926602708139,False,0.0032949672317470094,33.20535041798095,0.003285488783164488,0.0033204586135403597,0.030377048194774048,0.8064828944553071,2.564928741008443,0.030377048194774048,True,False,False,False,False,True,0.29069943972576967,False,-0.2422214404394063,偏強 (RS上升),7712.TWO,博盛半導體,3,v1,phase6a,2026-07-12,1,4,5,4,3,4,v1,37,0.9406919275123559,37,0.9406919275123559,31,0.9505766062602965,^TWII,yfinance,2y,2026-09-22,scan_20260922_153922,True,False
True,1,-3.1789143880092685e-07,-0.05833371480305989,True,False,觀察 (跌勢收斂),17.200000762939453,2026-09-22 00:00:00,17.272500228881835,-0.0024999618530294754,True,False,0.811918075826725,False,0.00035983135809466066,41.10868657198349,0.0003726351430499604,0.0003854687076608401,-0.3603819323738322,-1.0507921035710188,-4.943394901232923,-0.3603819323738322,False,False,False,False,False,False,0.0,False,-0.06775067470516738,中性,9944.TW,新麗,1,v1,phase6a,2026-07-12,0,1,1,1,1,1,v1,423,0.30477759472817134,423,0.30477759472817134,429,0.29489291598023065,^TWII,yfinance,2y,2026-09-22,scan_20260922_153922,False,False
True,1,-0.18666664759318033,-0.1716667811075846,True,False,賣出 (動能轉弱),9.029999732971191,2026-09-22 00:00:00,9.155499982833863,-0.0065000057220458984,False,False,0.9731251987221221,False,0.0001889114490338052,15.882006663763919,0.00019669377735102216,0.00021375614208860022,-0.4147537527539269,-1.2593908492178563,-4.378920942638631,-0.4147537527539269,False,False,False,False,False,False,0.0,False,-0.1103448204583537,中性,8437.TWO,大地-KY,0,v1,phase6a,2026-07-12,0,0,0,0,0,0,v1,588,0.032948929159802305,588,0.032948929159802305,588,0.032948929159802305,^TWII,yfinance,2y,2026-09-22,scan_20260922_153922,False,False
True,0,-0.41666666666666663,-0.4083334604899088,True,False,賣出 (動能轉弱),31.399999618530273,2026-09-22 00:00:00,31.512500095367432,-0.015000057220458274,True,False,0.8780622559978983,False,0.0006569013956820688,36.05995966085593,0.0006782490270722917,0.0007050306936583433,-0.33021775455573943,-1.2089851220834058,-4.652842365580135,-0.33021775455573943,False,False,False,False,False,False,0.007121547723741862,False,-0.030864254946096237,中性,1752.TW,南光,0,v1,phase6a,2026-07-12,0,0,0,0,0,0,v1,444,0.2701812191103789,444,0.2701812191103789,455,0.25205930807248766,^TWII,yfinance,2y,2026-09-22,scan_20260922_153922,False,False
True,0,-0.7499993642171224,-1.1749998728434243,True,False,觀察 (跌勢收斂),48.150001525878906,2026-09-22 00:00:00,48.87250022888183,0.020000076293939628,False,False,0.6420598563597415,False,0.0010073185856275524,86.23032633756578,0.0010549018044563954,0.0011788536084654292,-0.4725643884747721,-1.3952502728359129,-7.7906415993080795,-0.4725643884747721,False,False,False,False,False,False,0.0,False,-0.503095967309974,中性,6127.TWO,九豪,1,v1,phase6a,2026-07-12,0,1,2,1,1,1,v1,342,0.4382207578253707,342,0.4382207578253707,353,0.4200988467874794,^TWII,yfinance,2y,2026-09-22,scan_20260922_153922,False,False
True,0,0.1500015258789063,-0.5833320617675781,True,False,買入 (動能增強),62.099998474121094,2026-09-22 00:00:00,61.44999980926514,-0.02499999999999858,False,True,1.5462523647318318,True,0.0012991584765953542,29.860536604324096,0.0013236005275381003,0.0013404643993768781,-0.19400536280907987,-0.6016923804188057,-3.7152876473815932,-0.19400536280907987,False,False,False,False,False,True,0.38647241195917426,False,-0.0562310700005032,中性,7704.TWO,明遠精密,4,v1,phase6a,2026-07-12,0,4,5,4,4,4,v1,14,0.9785831960461285,14,0.9785831960461285,18,0.9719934102141681,^TWII,yfinance,2y,2026-09-22,scan_20260922_153922,False,True
True,1,-0.21666717529296872,-0.3166669209798177,True,False,觀察 (跌勢收斂),35.349998474121094,2026-09-22 00:00:00,35.30999984741211,0.007499885559077768,False,True,0.18188511373004473,False,0.0007395370578700685,40.66625523950057,0.0007604570481382309,0.0007981920580665913,-0.288740288750311,-1.1081755990032693,-4.471486495711097,-0.288740288750311,False,False,False,False,False,False,0.06870966063946699,False,-0.051006752372588116,中性,1423.TW,利華,1,v1,phase6a,2026-07-12,0,1,3,1,1,1,v1,216,0.6457990115321252,216,0.6457990115321252,236,0.6128500823723229,^TWII,yfinance,2y,2026-09-22,scan_20260922_153922,False,False
True,1,-0.08333333333333333,-0.08333333333333333,True,False,賣出 (動能轉弱),20.950000762939453,2026-09-22 00:00:00,20.910000038146972,-0.0024999618530294754,True,True,0.9510220637609629,False,0.00043828295885054184,45.74731056551578,0.0004500791634481259,0.00046207155149604896,-0.2751270397329919,-0.8655291260745934,-3.40790162691027,-0.2751270397329919,False,False,False,False,False,False,0.003991015917247378,False,-0.011792452405805287,中性,1731.TW,美吾華,0,v1,phase6a,2026-07-12,0,0,1,0,0,0,v1,442,0.27347611202635913,442,0.27347611202635913,453,0.2553542009884679,^TWII,yfinance,2y,2026-09-22,scan_20260922_153922,False,False
True,0,0.4666665395100912,-0.4166673024495443,True,False,買入 (動能增強),66.4000015258789,2026-09-22 00:00:00,66.03499927520753,0.14500007629395384,False,True,0.4416496724718261,False,0.0013891163759728407,76.12474426360583,0.001431731778600451,0.001478083408810482,-0.3123365026915237,-0.593554130786278,-7.494833437758286,-0.3123365026915237,False,False,False,False,False,True,0.14040271867243426,False,-0.2654867211825156,中性,8383.TWO,千附,3,v1,phase6a,2026-07-12,0,3,5,3,3,3,v1,39,0.9373970345963756,39,0.9373970345963756,45,0.9275123558484349,^TWII,yfinance,2y,2026-09-22,scan_20260922_153922,True,False
True,0,-0.22500038146972656,-0.2583335240681966,True,False,觀察 (跌勢收斂),16.799999237060547,2026-09-22 00:00:00,16.924999904632568,-0.00500001907348846,True,False,0.3432894309839147,False,0.00035146315542532863,27.798382643326647,0.00036336192967883764,0.00037702117427627766,-0.3435142556849069,-1.0831388462282376,-3.3536933738678387,-0.3435142556849069,False,False,False,False,False,False,0.0,False,-0.027224132865943496,中性,6248.TWO,沛波,1,v1,phase6a,2026-07-12,0,1,1,1,1,1,v1,355,0.41680395387149916,355,0.41680395387149916,363,0.40362438220757824,^TWII,yfinance,2y,2026-09-22,scan_20260922_153922,False,False
True,0,-1.0,-2.3333333333333326,True,False,觀察 (跌勢收斂),189.0,2026-09-22 00:00:00,187.05,0.025000000000005684,False,True,0.7649764973233818,False,0.003953960678096411,49.93220335129266,0.0040301839779576295,0.004057384142738426,-0.19868977218027162,-0.3816369442500078,-4.3167754462240975,-0.19868977218027162,False,False,False,False,False,True,0.3494014812494796,False,-0.04303797468354431,中性,5288.TW,豐祥-KY,1,v1,phase6a,2026-07-12,0,1,3,1,1,1,v1,324,0.46787479406919275,324,0.46787479406919275,337,0.4464579901153213,^TWII,yfinance,2y,2026-09-22,scan_20260922_153922,False,False
True,0,-0.21666653951009113,-0.20000012715657553,True,False,賣出 (動能轉弱),21.200000762939453,2026-09-22 00:00:00,21.36750011444092,-0.009999942779540305,True,False,0.5971079890385704,False,0.0004435130655676006,47.89513211273155,0.00045895591357634764,0.00046639864376734323,-0.3529371090984834,-1.0481029540719056,-3.1405770310957815,-0.3529371090984834,False,False,False,False,False,False,0.17334161405653148,False,-0.02078516690622323,中性,9905.TW,大華,0,v1,phase6a,2026-07-12,0,0,0,0,0,0,v1,599,0.014827018121911038,599,0.014827018121911038,599,0.014827018121911038,^TWII,yfinance,2y,2026-09-22,scan_20260922_153922,False,False
True,0,4.7014706929524746,5.618137359619141,True,False,觀望 (動能減弱),111.5,2026-09-22 00:00:00,110.51044120788575,0.6299999237060661,False,True,0.4798750246506623,False,0.0023326275958082004,157.94141842171945,0.0024031272281570116,0.002583425393149329,-0.30785585626881273,-0.4576948585916396,-2.735704322071708,-0.30785585626881273,False,False,False,False,False,False,0.07376781267602144,False,-0.47030878859857483,中性,8042.TWO,金山電,0,v1,phase6a,2026-07-12,0,0,2,0,0,0,v1,578,0.04942339373970346,578,0.04942339373970346,578,0.04942339373970346,^TWII,yfinance,2y,2026-09-22,scan_20260922_153922,False,False
True,1,-0.016666094462076828,-0.08333269755045572,True,False,觀察 (跌勢收斂),21.600000381469727,2026-09-22 00:00:00,21.894999980926514,-0.022499942779539595,False,False,0.621416175889263,False,0.0004518812283343851,42.04764940273777,0.00046504260005512395,0.000469123297779977,-0.29702494853732775,-0.21840766344930485,3.4672038067024458,-0.29702494853732775,False,False,False,False,False,False,0.36569834675575225,False,-0.058823544078035916,中性,3308.TW,聯德,1,v1,phase6a,2026-07-12,0,1,1,1,1,1,v1,287,0.528830313014827,287,0.528830313014827,303,0.5024711696869851,^TWII,yfinance,2y,2026-09-22,scan_20260922_153922,False,False
True,1,0.0666666030883789,0.11666679382324217,True,False,觀望 (動能減弱),21.350000381469727,2026-09-22 00:00:00,21.375,-0.01249999999999929,False,False,0.11755775655170882,False,0.00044665112161732635,39.64152014246547,0.00045978329911035455,0.0004628493890079866,-0.2997479370284939,-0.7160486977424219,-2.203200009313333,-0.2997479370284939,False,False,False,False,False,False,0.3632867980107127,False,-0.01612904927024139,中性,1323.TW,永裕,0,v1,phase6a,2026-07-12,0,0,0,0,0,0,v1,433,0.2883031301482702,433,0.2883031301482702,444,0.2701812191103789,^TWII,yfinance,2y,2026-09-22,scan_20260922_153922,False,False
True,0,1.8333333333333335,-0.6666666666666667,True,False,買入 (動能增強),216.0,2026-09-22 00:00:00,210.25,0.5999999999999943,False,True,0.6682532120144693,False,0.004518812203538756,47.37285709724131,0.004505452535931574,0.004464498740258813,0.031222610095404946,0.682217055009926,1.9438334061784968,0.031222610095404946,True,True,True,False,False,True,0.7820964482753795,False,-0.013698630136986356,偏強 (RS上升),4771.TW,望隼,2,v1,phase6a,2026-07-12,2,4,4,4,2,4,v1,136,0.7775947281713345,136,0.7775947281713345,38,0.9390444810543658,^TWII,yfinance,2y,2026-09-22,scan_20260922_153922,False,False
True,0,-0.5666669209798176,-0.6333335240681967,True,False,觀察 (跌勢收斂),24.5,2026-09-22 00:00:00,24.99000005722046,-0.007499980926514382,False,False,0.1275775745999277,False,0.000512550458271757,8.018009611239828,0.0005352849969697207,0.0005783748814531407,-0.4450821613451006,-1.2686062094167116,-4.309267648540782,-0.4450821613451006,False,False,False,False,False,False,0.0,False,-0.16095892603210749,中性,1225.TW,福懋油,1,v1,phase6a,2026-07-12,0,1,1,1,1,1,v1,204,0.6655683690280065,204,0.6655683690280065,224,0.6326194398682042,^TWII,yfinance,2y,2026-09-22,scan_20260922_153922,False,False
True,2,0.24999872843424475,0.14999898274739581,True,False,買入 (動能增強),97.0,2026-09-22 00:00:00,96.6199993133545,0.009999847412117902,False,True,0.7349186191921052,False,0.002029281406218793,44.59109450843481,0.002082568605035753,0.0021586772926841286,-0.26861596106405594,-0.8573139762015236,-3.5951722894764115,-0.26861596106405594,False,False,False,False,False,True,0.03138695097303505,False,-0.0346859768183122,中性,6752.TWO,叡揚,2,v1,phase6a,2026-07-12,0,2,4,2,2,2,v1,178,0.7084019769357496,178,0.7084019769357496,191,0.6869851729818781,^TWII,yfinance,2y,2026-09-22,scan_20260922_153922,False,False
True,1,-0.3666661580403646,-1.0666669209798176,True,False,觀察 (跌勢收斂),59.900001525878906,2026-09-22 00:00:00,59.055000114440915,0.18500003814696697,False,True,0.6240565846541312,False,0.0012531336013293134,65.40221331696394,0.001265733751798979,0.001286354098841402,-0.10467787958390318,0.2656070962491208,-0.5176909098841276,-0.10467787958390318,False,False,False,False,False,True,0.6320594860980172,False,-0.06406247615814209,中性,4540.TW,全球傳動,2,v1,phase6a,2026-07-12,1,3,4,3,2,3,v1,132,0.7841845140032949,132,0.7841845140032949,63,0.8978583196046128,^TWII,yfinance,2y,2026-09-22,scan_20260922_153922,True,False
True,0,2.2499999999999996,2.1666666666666665,True,False,買入 (動能增強),128.0,2026-09-22 00:00:00,124.625,0.20000000000000284,False,True,0.9280450677602989,False,0.0026778146391340774,71.46537564838376,0.002713236413994664,0.0028225730708036534,-0.13723429819824107,-0.40305003068090706,-6.639515993801104,-0.13723429819824107,False,False,False,False,False,True,0.12417654053645516,False,-0.16883116883116878,中性,3088.TWO,艾訊,2,v1,phase6a,2026-07-12,0,2,4,2,2,2,v1,106,0.8270181219110379,106,0.8270181219110379,129,0.7891268533772653,^TWII,yfinance,2y,2026-09-22,scan_20260922_153922,False,False
True,0,-0.6583334604899088,-0.7666667302449544,True,False,觀察 (跌勢收斂),19.850000381469727,2026-09-22 00:00:00,19.557499885559082,0.010000038146973367,False,True,3.640476329127944,True,0.00041527048131497385,53.012792692732795,0.00041299786694531525,0.0003972868430390965,0.057957009134601556,-0.39454302233240535,5.266431446438413,0.057957009134601556,True,True,True,False,False,False,0.8359101350373792,False,-0.007499980926513716,中性,4413.TWO,飛寶企業,1,v1,phase6a,2026-07-12,1,2,3,2,1,2,v1,309,0.4925864909390445,309,0.4925864909390445,210,0.6556836902800659,^TWII,yfinance,2y,2026-09-22,scan_20260922_153922,False,False
False,0,-0.18333323796590167,-0.14166657129923502,False,True,強烈賣出 (跌破),13.600000381469727,2026-09-22 00:00:00,13.817500066757201,-0.012500000000001066,True,False,0.7509794771452301,False,0.00028451781338850523,41.85234472215427,0.0002968441313556462,0.0003073914165728394,-0.43519823695877813,-1.5320785911246193,-3.9515428378160022,-0.43519823695877813,False,False,False,False,False,False,0.0,False,-0.04225348139821283,中性,2023.TW,燁輝,0,v1,phase6a,2026-07-12,0,0,0,0,0,0,v1,449,0.26194398682042835,449,0.26194398682042835,460,0.24382207578253706,^TWII,yfinance,2y,2026-09-22,scan_20260922_153922,False,False
True,0,-0.5833339691162109,-0.9833335876464845,True,False,觀察 (跌勢收斂),50.5,2026-09-22 00:00:00,50.250000381469725,0.010000038146969814,False,True,1.003325923473829,False,0.0010564815568458665,60.40262832375238,0.0010898470899797182,0.0011925483870389687,-0.32122665794751537,-1.0980501439947998,-8.753723638473199,-0.32122665794751537,False,False,False,False,False,True,0.019622208661186132,False,-0.22857246415744392,中性,3694.TW,海華,1,v1,phase6a,2026-07-12,0,1,3,1,1,1,v1,302,0.5041186161449753,302,0.5041186161449753,316,0.48105436573311366,^TWII,yfinance,2y,2026-09-22,scan_20260922_153922,False,False
True,2,5.166666666666667,6.833333333333334,True,False,觀望 (動能減弱),534.0,2026-09-22 00:00:00,533.45,0.650000000000091,False,True,0.9482546078132296,False,0.01117150794763748,93.6027359312636,0.011472851544812012,0.011403301183899095,-0.27571976481159943,-0.5159381865616819,-1.551276901921328,-0.27571976481159943,False,False,True,False,False,False,0.13449400064789027,False,-0.10402684563758391,中性,5434.TW,崇越,0,v1,phase6a,2026-07-12,0,0,2,0,0,0,v1,524,0.13838550247116968,524,0.13838550247116968,526,0.13509060955518945,^TWII,yfinance,2y,2026-09-22,scan_20260922_153922,False,False
True,1,-0.23333295186360675,-0.2083320617675781,True,False,賣出 (動能轉弱),34.349998474121094,2026-09-22 00:00:00,34.454999923706055,-0.022500038146972656,False,False,5.130895961814362,True,0.0007186166310018335,44.072566900225056,0.0007418259770123806,0.0007684050113107853,-0.32825347245114544,-0.973309110490872,-3.9344598868386815,-0.32825347245114544,False,False,False,False,False,False,0.029322483745774754,False,-0.017167447087858,中性,5902.TWO,德記,0,v1,phase6a,2026-07-12,0,0,0,0,0,0,v1,530,0.128500823723229,530,0.128500823723229,532,0.12520593080724876,^TWII,yfinance,2y,2026-09-22,scan_20260922_153922,False,False
True,1,-0.02500025431315104,-0.14999961853027344,True,False,觀察 (跌勢收斂),43.099998474121094,2026-09-22 00:00:00,43.03499965667724,0.009935188293454189,False,True,0.27180818925255273,False,0.0009016703660988895,37.997433460301274,0.0009256446372578276,0.0009430454235465784,-0.27189116894416054,-0.69296047357984,-3.0586210123417668,-0.27189116894416054,False,False,False,False,False,False,0.11717198052279507,False,-0.017043221226231475,中性,1339.TW,昭輝,1,v1,phase6a,2026-07-12,0,1,3,1,1,1,v1,212,0.6523887973640856,212,0.6523887973640856,232,0.6194398682042833,^TWII,yfinance,2y,2026-09-22,scan_20260922_153922,False,False
False,0,-4.583333333333332,-5.916666666666666,False,True,強烈賣出 (跌破),118.0,2026-09-22 00:00:00,121.65,-0.19999999999998863,True,False,0.7816503389181454,False,0.0024686103704517274,209.57824279341494,0.0026055331947946823,0.0028117624515029706,-0.5501231016918906,-1.9217429039861567,-6.8446938756130615,-0.5501231016918906,False,False,False,False,False,False,0.1776856176042758,False,-0.20538720538720534,中性,2337.TW,旺宏,0,v1,phase6a,2026-07-12,0,0,0,0,0,0,v1,454,0.25370675453047775,454,0.25370675453047775,465,0.2355848434925865,^TWII,yfinance,2y,2026-09-22,scan_20260922_153922,False,False
True,0,-2.833333333333333,-2.1666666666666665,True,False,賣出 (動能轉弱),104.0,2026-09-22 00:00:00,106.625,-0.09999999999999432,False,False,0.7593019663259925,False,0.002175724394296438,33.33506938750133,0.002282550219832771,0.0023979487213674636,-0.490227920413866,-1.29831530068385,-3.271714943131654,-0.490227920413866,False,False,False,False,False,False,0.0,False,-0.05882352941176472,中性,2385.TW,群光,0,v1,phase6a,2026-07-12,0,0,0,0,0,0,v1,459,0.24546952224052718,459,0.24546952224052718,467,0.23228995057660626,^TWII,yfinance,2y,2026-09-22,scan_20260922_153922,False,False
True,0,-0.391666571299235,-0.47499990463256836,True,False,觀察 (跌勢收斂),11.0,2026-09-22 00:00:00,11.02999997138977,-0.0025000095367424535,False,False,0.8267232015798798,False,0.00023012469555058477,26.098985975504977,0.00023750168219037587,0.00026122509561407457,-0.32589002532084077,-1.547442329766291,-7.264695412175759,-0.32589002532084077,False,False,False,False,False,False,0.0005442577860218131,False,-0.24137931034482762,中性,3322.TWO,建舜電,1,v1,phase6a,2026-07-12,0,1,1,1,1,1,v1,288,0.5271828665568369,288,0.5271828665568369,304,0.500823723228995,^TWII,yfinance,2y,2026-09-22,scan_20260922_153922,False,False
True,1,0.6416670481363932,0.4416669209798177,True,False,買入 (動能增強),35.400001525878906,2026-09-22 00:00:00,34.667500495910645,0.04250011444091939,False,True,2.832296977376988,True,0.0007405831430575563,38.649516264175325,0.000748355523120809,0.000771605455464324,-0.10920635686162417,-0.43401244417804463,-2.461536474599013,-0.10920635686162417,False,False,False,False,False,False,0.15263233010929608,False,-0.052144281568538675,中性,3206.TWO,志豐,2,v1,phase6a,2026-07-12,0,2,4,2,2,2,v1,109,0.8220757825370676,109,0.8220757825370676,131,0.785831960461285,^TWII,yfinance,2y,2026-09-22,scan_20260922_153922,False,False
True,0,-2.4666671752929688,-1.7333335876464842,True,False,賣出 (動能轉弱),77.0999984741211,2026-09-22 00:00:00,78.97999954223633,0.40499992370605753,False,False,0.3734321632476761,False,0.0016129648796188788,140.04979303618435,0.0016724048683973282,0.0016703425777670467,-0.3727279230415492,0.10417196297811682,6.738597629630116,-0.3727279230415492,False,False,True,False,False,False,0.4485556044610993,False,-0.0854093038788637,中性,6209.TW,今國光,0,v1,phase6a,2026-07-12,0,0,1,0,0,0,v1,542,0.10873146622734761,542,0.10873146622734761,543,0.1070840197693575,^TWII,yfinance,2y,2026-09-22,scan_20260922_153922,False,False
True,0,5.166666666666665,-1.4999999999999964,True,False,買入 (動能增強),888.0,2026-09-22 00:00:00,854.85,1.75,False,True,3.202751332455607,True,0.018577339058992663,131.55670458715002,0.018732591656346553,0.02089584272758633,-0.08716430831913202,-1.3194727419530317,-11.672730424391842,-0.08716430831913202,False,False,False,False,False,True,0.05853387833406454,False,-0.38118466898954706,中性,5536.TWO,聖暉*,2,v1,phase6a,2026-07-12,0,2,4,2,2,2,v1,152,0.7512355848434926,152,0.7512355848434926,168,0.7248764415156508,^TWII,yfinance,2y,2026-09-22,scan_20260922_153922,False,False
True,0,0.5333328247070312,0.1499989827473958,True,False,買入 (動能增強),77.9000015258789,2026-09-22 00:00:00,77.53000068664551,-0.03999977111816122,True,True,0.954343884335124,False,0.001629701284957543,50.7338834316362,0.001672374850516087,0.0017091294530638705,-0.2678778216911093,-0.790259184829778,-4.279706481202372,-0.2678778216911093,False,False,False,False,False,False,0.18543146574018665,False,-0.021356745990326553,中性,6464.TW,台數科,2,v1,phase6a,2026-07-12,0,2,3,2,2,2,v1,161,0.7364085667215815,161,0.7364085667215815,176,0.7116968698517299,^TWII,yfinance,2y,2026-09-22,scan_20260922_153922,False,False
True,0,-0.4833335876464843,-0.6000003814697266,True,False,觀察 (跌勢收斂),42.5,2026-09-22 00:00:00,42.17249984741211,0.014999961853028765,False,True,1.0539557705708045,False,0.0008891181418999866,59.21679721912677,0.0009063329051503678,0.0009148033260014321,-0.19953645850531165,-1.0555510886459674,-3.6397302283080912,-0.19953645850531165,False,False,False,False,False,False,0.10398862509106617,False,-0.04279282568878906,中性,2618.TW,長榮航,1,v1,phase6a,2026-07-12,0,1,3,1,1,1,v1,265,0.5650741350906096,265,0.5650741350906096,282,0.5370675453047776,^TWII,yfinance,2y,2026-09-22,scan_20260922_153922,False,False
False,0,-0.49166647593180335,-0.7666667302449544,False,True,強烈賣出 (跌破),27.950000762939453,2026-09-22 00:00:00,27.40000009536743,0.05000000000000071,False,True,1.4405011216136334,False,0.0005847259469281867,34.61069506718137,0.0005953527674789938,0.0006804506663541683,-0.18753836759821674,-1.0324770000302408,-9.924146182298642,-0.18753836759821674,False,False,False,False,False,True,0.026608319691995817,False,-0.449803126324678,中性,8121.TWO,越峰,0,v1,phase6a,2026-07-12,0,0,2,0,0,0,v1,582,0.042833607907743,582,0.042833607907743,582,0.042833607907743,^TWII,yfinance,2y,2026-09-22,scan_20260922_153922,False,False
False,0,-0.9500001271565754,-0.9666665395100911,False,True,強烈賣出 (跌破),37.95000076293945,2026-09-22 00:00:00,38.63000011444092,-0.06000003814697408,False,False,2.124637937871246,True,0.0007939302156105365,30.58561554042515,0.0008303436911753292,0.0008720047872939772,-0.4594946706423908,-1.678811275884895,-5.863185554294237,-0.4594946706423908,False,False,False,False,False,False,0.0,False,-0.061804695991267256,中性,8349.TWO,�矬�,0,v1,phase6a,2026-07-12,0,0,0,0,0,0,v1,585,0.03789126853377265,585,0.03789126853377265,585,0.03789126853377265,^TWII,yfinance,2y,2026-09-22,scan_20260922_153922,False,False
True,1,2.833333333333333,4.083333333333333,True,False,觀望 (動能減弱),375.0,2026-09-22 00:00:00,371.825,0.375,False,True,1.1344538489169236,False,0.007845160075588118,37.28878228243511,0.008024963465843539,0.008181061033168865,-0.2352925305117437,-0.9107242794845538,-3.5735179016737173,-0.2352925305117437,False,False,False,False,False,False,0.12714450244385042,False,-0.05778894472361806,中性,8464.TW,億豐,0,v1,phase6a,2026-07-12,0,0,2,0,0,0,v1,593,0.02471169686985173,593,0.02471169686985173,593,0.02471169686985173,^TWII,yfinance,2y,2026-09-22,scan_20260922_153922,False,False
True,0,-0.883334477742513,-1.0500011444091795,True,False,觀察 (跌勢收斂),43.29999923706055,2026-09-22 00:00:00,43.86000003814697,-0.08500003814697266,True,False,0.8578264702178567,False,0.0009058544674335556,25.485199259305364,0.0009444211834301647,0.0010218410863299186,-0.4280164821338639,-1.604659535825681,-6.812513726289893,-0.4280164821338639,False,False,False,False,False,False,0.0,False,-0.06881722070837537,中性,7839.TWO,達人網,1,v1,phase6a,2026-07-12,0,1,1,1,1,1,v1,400,0.342668863261944,400,0.342668863261944,406,0.33278418451400327,^TWII,yfinance,2y,2026-09-22,scan_20260922_153922,False,False
False,0,0.4999993642171224,0.07499949137369794,False,True,強烈買入 (爆發),52.0,2026-09-22 00:00:00,50.27999973297119,0.10249996185302734,False,True,1.1110302962563947,False,0.001087862197148219,31.459026166118058,0.0010852190474836387,0.0011284717645986973,0.025644373872268922,0.1970986701533839,-2.5172875431759834,0.025644373872268922,True,False,False,False,False,True,0.18266095195876006,False,-0.09641313182695399,偏強 (RS上升),3545.TW,敦泰,3,v1,phase6a,2026-07-12,1,4,5,4,3,4,v1,28,0.9555189456342669,28,0.9555189456342669,24,0.9621087314662273,^TWII,yfinance,2y,2026-09-22,scan_20260922_153922,False,False
True,0,0.6749998728434244,0.7666664123535156,True,False,觀望 (動能減弱),42.349998474121094,2026-09-22 00:00:00,42.52499961853027,0.017499923706054688,False,False,0.8224490705656845,False,0.0008859800459477133,40.58126916320645,0.0009171366889461333,0.0009464478156822127,-0.35632207998076426,-0.5774654689843506,-2.431953223967054,-0.35632207998076426,False,False,False,False,False,False,0.0,False,-0.07025248773957948,中性,3168.TW,眾福科,0,v1,phase6a,2026-07-12,0,0,1,0,0,0,v1,490,0.19439868204283361,490,0.19439868204283361,493,0.18945634266886327,^TWII,yfinance,2y,2026-09-22,scan_20260922_153922,False,False
True,0,-1.0333328247070312,-1.150000254313151,True,False,觀察 (跌勢收斂),78.0999984741211,2026-09-22 00:00:00,79.2299991607666,-0.23500022888184446,True,False,0.9024445110977805,False,0.0016338853064871138,29.910417252909042,0.0017243486027088775,0.0018847099641080783,-0.5492018686582445,-1.8415218083299822,-11.034009387828236,-0.5492018686582445,False,False,False,False,False,False,0.0,False,-0.14175825852614188,中性,8279.TWO,生展,1,v1,phase6a,2026-07-12,0,1,1,1,1,1,v1,410,0.3261943986820428,410,0.3261943986820428,416,0.3163097199341021,^TWII,yfinance,2y,2026-09-22,scan_20260922_153922,False,False
True,0,-0.2249994277954101,-0.33333301544189453,True,False,觀察 (跌勢收斂),17.450000762939453,2026-09-22 00:00:00,17.057499980926515,0.0025000572204589844,False,True,3.7760288001487905,True,0.0003650614648117194,57.02191800675662,0.00036605579752075316,0.0003736861747884461,-0.028584899574557454,-0.7246040801194065,-2.538608973701173,-0.028584899574557454,False,False,False,False,False,True,0.3764015553250518,False,-0.022408941735682975,中性,2032.TW,新鋼,1,v1,phase6a,2026-07-12,0,1,3,1,1,1,v1,240,0.6062602965403624,240,0.6062602965403624,259,0.5749588138385503,^TWII,yfinance,2y,2026-09-22,scan_20260922_153922,False,False
True,0,-0.3916668891906738,-0.45000028610229487,True,False,觀察 (跌勢收斂),12.050000190734863,2026-09-22 00:00:00,12.19749994277954,0.01249999999999929,False,False,0.39258038771056103,False,0.00025209114775248627,35.52169764561999,0.0002602701325842162,0.0002724459401661661,-0.32969870043096927,-1.0493335463220066,-1.6004841189890207,-0.32969870043096927,False,False,False,False,False,False,0.009739667717206463,False,-0.18211213920612968,中性,1305.TW,華夏,1,v1,phase6a,2026-07-12,0,1,2,1,1,1,v1,207,0.6606260296540363,207,0.6606260296540363,227,0.627677100494234,^TWII,yfinance,2y,2026-09-22,scan_20260922_153922,False,False
True,0,-0.9666671752929688,-0.7000007629394531,True,False,賣出 (動能轉弱),45.45000076293945,2026-09-22 00:00:00,45.64000015258789,0.05500011444091513,False,False,0.48304537138587084,False,0.0009508334171222988,48.58232735078552,0.000975846693049081,0.0010057195252199233,-0.2690885151238831,-0.8113344794040356,-0.7864482519484683,-0.2690885151238831,False,False,False,False,False,False,0.0951309227086323,False,-0.05607478042318026,中性,6275.TWO,元山,0,v1,phase6a,2026-07-12,0,0,1,0,0,0,v1,547,0.10049423393739704,547,0.10049423393739704,548,0.09884678747940692,^TWII,yfinance,2y,2026-09-22,scan_20260922_153922,False,False
True,1,0.1250001589457194,0.050000031789143876,True,False,買入 (動能增強),15.800000190734863,2026-09-22 00:00:00,15.535000133514405,0.04250001907348633,False,True,0.32414500459214646,False,0.00033054274850836745,65.79675144675024,0.00033127929279845944,0.00032478832124505357,-0.02339803267692453,0.4558362793204651,4.355166770501051,-0.02339803267692453,False,True,True,False,False,False,0.44045948874363666,False,0.0,中性,1459.TW,聯發,2,v1,phase6a,2026-07-12,0,2,4,2,2,2,v1,55,0.9110378912685337,55,0.9110378912685337,93,0.8484349258649094,^TWII,yfinance,2y,2026-09-22,scan_20260922_153922,False,False
True,0,4.25,3.25,True,False,買入 (動能增強),115.5,2026-09-22 00:00:00,110.925,0.75,False,True,0.8741255928558073,False,0.00241630930328114,83.58547281366039,0.0023939832779579116,0.0024463535680707277,0.09826372866086341,1.0483704078487976,0.820383922083856,0.09826372866086341,True,False,False,False,False,False,0.19637324603914957,False,-0.2795177626563031,中性,6207.TWO,雷科,2,v1,phase6a,2026-07-12,0,2,4,2,2,2,v1,157,0.742998352553542,157,0.742998352553542,173,0.7166392092257001,^TWII,yfinance,2y,2026-09-22,scan_20260922_153922,False,False
True,1,-0.3333326975504557,-0.5333325068155924,True,False,觀察 (跌勢收斂),24.399999618530273,2026-09-22 00:00:00,23.446341514587402,0.048856639862059126,False,True,6.516440513708149,True,0.0005104584076044239,42.79570633701044,0.0005045268918258824,0.0005211269402651989,0.1239069175107188,-0.9557697300439427,-3.877645474681979,0.1239069175107188,True,False,False,False,False,True,0.21611199709482987,False,0.0,中性,2901.TW,欣欣,1,v1,phase6a,2026-07-12,0,1,3,1,1,1,v1,272,0.5535420098846787,272,0.5535420098846787,289,0.5255354200988468,^TWII,yfinance,2y,2026-09-22,scan_20260922_153922,False,False
True,0,-1.5999997456868489,-2.433333079020182,True,False,觀察 (跌勢收斂),102.0,2026-09-22 00:00:00,101.99500007629395,0.07500000000000284,False,True,0.4377031123149519,False,0.002133883540559968,40.43445408561041,0.002188982258724447,0.002313443826359203,-0.26425698510421647,-0.9695103328697829,-3.5615889197663453,-0.26425698510421647,False,False,False,False,False,False,0.0,False,-0.16019165906907484,中性,1514.TW,亞力,1,v1,phase6a,2026-07-12,0,1,3,1,1,1,v1,222,0.6359143327841845,222,0.6359143327841845,242,0.6029654036243822,^TWII,yfinance,2y,2026-09-22,scan_20260922_153922,False,False
True,0,-0.7468363444010415,-0.7639452616373699,True,False,觀察 (跌勢收斂),122.0,2026-09-22 00:00:00,119.64222297668456,0.929718017578125,False,True,0.8994402379834421,False,0.0025522920779246674,273.36174890996665,0.002492408283351315,0.0022918184283063033,0.2535515602990035,0.8900730835415427,24.573492400790542,0.2535515602990035,True,True,True,False,False,False,0.8431225584032975,False,-0.04740486251253084,偏強 (RS上升),1815.TWO,富喬,1,v1,phase6a,2026-07-12,1,2,3,2,1,2,v1,237,0.6112026359143328,237,0.6112026359143328,208,0.6589785831960461,^TWII,yfinance,2y,2026-09-22,scan_20260922_153922,False,False
True,0,-0.1333325703938802,-0.2499993642171224,True,False,觀察 (跌勢收斂),38.150001525878906,2026-09-22 00:00:00,38.589999961853025,-0.017499923706054688,False,False,0.7697417473046778,False,0.0007981143169452026,38.75202598931572,0.0008302213206747438,0.0008815630619997439,-0.40543192507105363,-0.6003151791909911,-3.4442938575828475,-0.40543192507105363,False,False,False,False,False,False,0.05193871214006194,False,-0.06951215790539256,中性,2543.TW,皇昌,1,v1,phase6a,2026-07-12,0,1,1,1,1,1,v1,261,0.57166392092257,261,0.57166392092257,278,0.5436573311367381,^TWII,yfinance,2y,2026-09-22,scan_20260922_153922,False,False
True,0,-5.514554341634114,-10.777989705403645,True,False,觀察 (跌勢收斂),247.5,2026-09-22 00:00:00,242.64750442504882,0.5362289428710767,False,True,0.767904590934172,False,0.005177805649888158,90.628460058975,0.005154325420256123,0.005027497024985155,0.047975024270696665,1.9157469592187004,5.367874852754251,0.047975024270696665,True,True,True,False,False,True,0.7577746489760697,False,-0.06603773584905659,偏強 (RS上升),3455.TWO,由田,1,v1,phase6a,2026-07-12,2,3,3,3,1,3,v1,291,0.5222405271828665,291,0.5222405271828665,78,0.8731466227347611,^TWII,yfinance,2y,2026-09-22,scan_20260922_153922,False,False
True,0,-0.04499999682108561,-0.061666647593180336,True,False,觀察 (跌勢收斂),5.239999771118164,2026-09-22 00:00:00,5.20249993801117,-0.004500007629394176,False,True,0.8196045677055588,False,0.00010962303200124558,24.18819008916239,0.00011183385451732605,0.00011794804866801965,-0.20766063780530697,-0.8199873446079642,-3.4148172583419067,-0.20766063780530697,False,False,False,False,False,False,0.07890798495874353,False,-0.10273978866316424,中性,1340.TW,勝悅-KY,1,v1,phase6a,2026-07-12,0,1,2,1,1,1,v1,213,0.6507413509060955,213,0.6507413509060955,233,0.6177924217462932,^TWII,yfinance,2y,2026-09-22,scan_20260922_153922,False,False
True,0,-0.04166698455810547,-0.09166717529296874,True,False,觀察 (跌勢收斂),17.350000381469727,2026-09-22 00:00:00,17.652499961853028,-0.022499942779539595,False,False,1.84898070667693,True,0.0003629694141443864,24.85089309487418,0.000380469685041388,0.00039945582942259474,-0.4818406567490885,-1.131452457013693,-5.355786408464125,-0.4818406567490885,False,False,False,False,False,False,0.0,False,-0.09870127888468949,中性,1418.TW,東華,1,v1,phase6a,2026-07-12,0,1,1,1,1,1,v1,215,0.6474464579901154,215,0.6474464579901154,235,0.6144975288303131,^TWII,yfinance,2y,2026-09-22,scan_20260922_153922,False,False
False,0,0.3099997838338216,0.04499975840250651,False,True,強烈買入 (爆發),10.399999618530273,2026-09-22 00:00:00,9.17999997138977,0.05649995803833008,False,True,3.727447607264222,True,0.00021757243144913428,16.953555002025627,0.0002008652037866376,0.0002136373395609962,0.8832735833843142,0.5853014184105332,-6.509685913518359,0.8832735833843142,True,True,False,False,False,True,0.5004942454391663,False,0.0,偏強 (RS上升),4806.TWO,桂田文創,3,v1,phase6a,2026-07-12,1,4,5,4,3,4,v1,30,0.9522240527182867,30,0.9522240527182867,26,0.9588138385502472,^TWII,yfinance,2y,2026-09-22,scan_20260922_153922,False,False
True,0,1.0083332061767578,0.8499997456868489,True,False,買入 (動能增強),41.900001525878906,2026-09-22 00:00:00,41.15500011444092,0.09000015258789062,False,True,0.9842968564260158,False,0.0008765659177010837,56.06123078940534,0.0008919395533583189,0.000961095179661438,-0.18110494719320025,0.1702469627850034,-2.971193356773938,-0.18110494719320025,False,False,False,False,False,True,0.06626119733358557,False,-0.3085808154966856,中性,6909.TW,創控,2,v1,phase6a,2026-07-12,1,3,4,3,2,3,v1,185,0.6968698517298187,185,0.6968698517298187,71,0.8846787479406919,^TWII,yfinance,2y,2026-09-22,scan_20260922_153922,False,False
True,0,0.4583333333333333,0.4083334604899088,True,False,買入 (動能增強),25.649999618530273,2026-09-22 00:00:00,24.957499980926514,0.059999942779541016,False,True,2.240595184515654,True,0.0005366089411897177,43.54049987779873,0.0005396703404677387,0.0005689364005841052,-0.05967721775161916,0.018441152118975346,-2.319447740044034,-0.05967721775161916,False,False,False,False,False,True,0.17565455198550706,False,-0.06386861402788113,中性,6910.TWO,德鴻,2,v1,phase6a,2026-07-12,1,3,4,3,2,3,v1,186,0.6952224052718287,186,0.6952224052718287,72,0.8830313014827018,^TWII,yfinance,2y,2026-09-22,scan_20260922_153922,False,False
True,0,-0.6666666666666666,-0.6666666666666666,True,False,賣出 (動能轉弱),139.5,2026-09-22 00:00:00,141.9,-0.125,False,False,1.213875939223961,False,0.0029183995481187794,23.324354844345812,0.0030549766854967245,0.0032130849208386893,-0.46838990877832165,-1.1698153372608489,-4.630597207466747,-0.46838990877832165,False,False,False,False,False,False,0.0,False,-0.10028732476200941,中性,8478.TW,東哥遊艇,0,v1,phase6a,2026-07-12,0,0,0,0,0,0,v1,594,0.023064250411861616,594,0.023064250411861616,594,0.023064250411861616,^TWII,yfinance,2y,2026-09-22,scan_20260922_153922,False,False
True,1,0.05833307902018229,0.05833307902018228,True,False,買入 (動能增強),27.049999237060547,2026-09-22 00:00:00,26.39749984741211,0.027499961853028054,False,True,3.6369457839557993,True,0.0005658975308247371,39.36144420704012,0.0005701268283043898,0.0005868265396921865,-0.07802506865393077,-0.9012051892833606,-4.17935081471299,-0.07802506865393077,False,False,False,False,False,True,0.1887727348654164,False,-0.025225252718538815,中性,3597.TWO,映興,2,v1,phase6a,2026-07-12,0,2,4,2,2,2,v1,118,0.8072487644151565,118,0.8072487644151565,139,0.7726523887973641,^TWII,yfinance,2y,2026-09-22,scan_20260922_153922,False,False
True,0,-0.12500031789143878,-0.40833377838134766,True,False,觀察 (跌勢收斂),19.100000381469727,2026-09-22 00:00:00,18.67000017166138,0.06750001907348846,False,True,1.096486448917845,False,0.0003995801611637976,45.02809992037627,0.00040306116905702264,0.00043757354383015015,-0.0908271748700007,-0.19396393063993989,-4.617043367192075,-0.0908271748700007,False,False,False,False,False,True,0.062146555877676535,False,-0.25285386679925526,中性,4720.TW,德淵,1,v1,phase6a,2026-07-12,0,1,3,1,1,1,v1,316,0.48105436573311366,316,0.48105436573311366,329,0.4596375617792422,^TWII,yfinance,2y,2026-09-22,scan_20260922_153922,False,False
True,0,0.16666666666666663,0.0,True,False,買入 (動能增強),232.0,2026-09-22 00:00:00,230.7,0.32499999999998863,False,True,1.1289578959314532,False,0.004853539033430515,41.55540274679696,0.004957831045957693,0.005058441397390341,-0.22094039526950882,-0.586977442506198,-1.5426081077209997,-0.22094039526950882,False,False,False,False,False,False,0.030983885684059093,False,-0.014917461077862959,中性,2247.TW,汎德永業,2,v1,phase6a,2026-07-12,0,2,4,2,2,2,v1,73,0.8813838550247117,73,0.8813838550247117,111,0.8187808896210873,^TWII,yfinance,2y,2026-09-22,scan_20260922_153922,False,False
True,0,-0.39166704813639325,-0.44166692097981763,True,False,觀察 (跌勢收斂),17.5,2026-09-22 00:00:00,17.557500076293945,0.0024999618530259227,False,False,0.6377256399159965,False,0.0003661074701941121,41.19774666366011,0.0003765698455882824,0.0003923263135675711,-0.291603602271584,-1.2473837449066827,-3.8319179622307686,-0.291603602271584,False,False,False,False,False,False,0.02104167068105265,False,-0.06666666666666665,中性,4538.TWO,大詠城,1,v1,phase6a,2026-07-12,0,1,2,1,1,1,v1,313,0.48599670510708404,313,0.48599670510708404,326,0.4645799011532125,^TWII,yfinance,2y,2026-09-22,scan_20260922_153922,False,False
True,0,7.666666666666666,5.0,True,False,買入 (動能增強),301.5,2026-09-22 00:00:00,288.5,1.9750000000000227,False,True,1.3424844134553187,False,0.006307508700772847,51.5374069621035,0.006203831421314794,0.006212852107084283,0.17622383820226073,1.3297756373332525,3.661796012860674,0.17622383820226073,True,True,False,False,False,True,0.6895335599717111,False,-0.00658978583196046,偏強 (RS上升),6937.TW,天虹,4,v1,phase6a,2026-07-12,1,5,6,5,4,5,v1,12,0.9818780889621087,12,0.9818780889621087,4,0.9950576606260296,^TWII,yfinance,2y,2026-09-22,scan_20260922_153922,False,True
False,0,-0.8333333333333325,-3.083333333333333,False,True,強烈賣出 (跌破),317.5,2026-09-22 00:00:00,306.6,0.9250000000000114,False,True,1.2320010321860475,False,0.006642235530664606,94.03913865279368,0.006605651810868744,0.006677691855727296,0.05833132406847241,0.43835160776344306,-2.110900436856955,0.05833132406847241,True,False,False,False,False,True,0.15569340859053646,False,-0.1476510067114094,偏強 (RS上升),6197.TW,佳必琪,0,v1,phase6a,2026-07-12,1,1,2,1,0,1,v1,539,0.11367380560131796,539,0.11367380560131796,435,0.28500823723228996,^TWII,yfinance,2y,2026-09-22,scan_20260922_153922,False,False
True,0,0.125,0.24166679382324216,True,False,觀望 (動能減弱),19.25,2026-09-22 00:00:00,19.24250011444092,0.014999961853028765,False,True,0.5615348301788312,False,0.00040271821721352336,58.28745111146572,0.00041421722150882716,0.0004207044081997695,-0.29136758834538146,-0.5971989312422932,-1.5280638212348707,-0.29136758834538146,False,False,False,False,False,False,0.16302158571779282,False,-0.012820512820512775,中性,2812.TW,台中銀,0,v1,phase6a,2026-07-12,0,0,2,0,0,0,v1,478,0.214168039538715,478,0.214168039538715,483,0.20593080724876442,^TWII,yfinance,2y,2026-09-22,scan_20260922_153922,False,False
True,0,0.7000020345052083,1.2666676839192708,True,False,觀望 (動能減弱),76.69999694824219,2026-09-22 00:00:00,76.36499938964843,-0.06500015258789915,False,True,0.3475777875090987,False,0.0016045966769495468,75.20208747515443,0.0016273783976312938,0.0015626877482783751,-0.14714139639636636,0.27307980682180766,6.682757649621784,-0.14714139639636636,False,True,True,False,False,False,0.7350716594373665,False,-0.037641155770033796,中性,2606.TW,裕民,0,v1,phase6a,2026-07-12,0,0,1,0,0,0,v1,472,0.22405271828665568,472,0.22405271828665568,477,0.2158154859967051,^TWII,yfinance,2y,2026-09-22,scan_20260922_153922,False,False
True,0,-0.35000038146972656,-0.24166711171468097,True,False,賣出 (動能轉弱),18.350000381469727,2026-09-22 00:00:00,18.925,-0.03749999999999787,True,False,1.229099578638896,False,0.0003838898410126214,9.323755031961166,0.00040859679378406436,0.0004559232468376607,-0.6324775098140778,-2.009493446344235,-7.134441435515216,-0.6324775098140778,False,False,False,False,False,False,0.0,False,-0.210752671764743,中性,7723.TWO,築間,0,v1,phase6a,2026-07-12,0,0,0,0,0,0,v1,570,0.06260296540362438,570,0.06260296540362438,570,0.06260296540362438,^TWII,yfinance,2y,2026-09-22,scan_20260922_153922,False,False
True,1,-0.23333231608072916,-0.3416659037272135,True,False,觀察 (跌勢收斂),32.70000076293945,2026-09-22 00:00:00,32.7475004196167,0.005000114440917969,False,False,1.6678699280661655,True,0.0006840979745523028,30.039146140838437,0.000704969889732709,0.0007491453770770492,-0.31068247104342195,-0.9125597469033964,-4.20528774650859,-0.31068247104342195,False,False,False,False,False,False,0.0,False,-0.07757404628535114,中性,6722.TW,輝創,1,v1,phase6a,2026-07-12,0,1,2,1,1,1,v1,377,0.3805601317957166,377,0.3805601317957166,384,0.36902800658978585,^TWII,yfinance,2y,2026-09-22,scan_20260922_153922,False,False
True,0,0.008332888285319015,-0.13333384195963544,True,False,買入 (動能增強),30.649999618530273,2026-09-22 00:00:00,30.582500076293947,0.0024999618530294754,False,True,0.7932294052942211,False,0.0006412110755308926,42.65471995524209,0.0006600474442863733,0.0006894717138204465,-0.29949926736527743,-0.9270641090183385,-4.915029611990307,-0.29949926736527743,False,False,False,False,False,False,0.0,False,-0.08779758897497947,中性,1307.TW,三芳,3,v1,phase6a,2026-07-12,0,3,5,3,3,3,v1,17,0.9736408566721582,17,0.9736408566721582,39,0.9373970345963756,^TWII,yfinance,2y,2026-09-22,scan_20260922_153922,True,False
True,0,1.1833305358886719,0.9999974568684895,True,False,買入 (動能增強),70.69999694824219,2026-09-22 00:00:00,69.84499931335449,-0.18000030517578125,True,True,0.38999481108728645,False,0.001479074115740137,44.26465804396575,0.0015081316746267464,0.0015120950404791515,-0.2024027203908374,-0.24113299890035078,-2.468184694011344,-0.2024027203908374,False,False,False,False,False,True,0.3540368812242871,False,-0.052278841898794726,中性,2636.TW,台驊控股,2,v1,phase6a,2026-07-12,0,2,3,2,2,2,v1,94,0.8467874794069192,94,0.8467874794069192,123,0.7990115321252059,^TWII,yfinance,2y,2026-09-22,scan_20260922_153922,False,False
True,1,-0.5833336512247721,-0.400000254313151,True,False,賣出 (動能轉弱),18.25,2026-09-22 00:00:00,19.107499885559083,-0.07499999999999929,False,False,1.7847278532333264,True,0.00038179779034528836,66.57891178719629,0.00041139950958460017,0.000444763034906653,-0.7517138916046107,-2.162505112258528,-7.448096648689717,-0.7517138916046107,False,False,False,False,False,False,0.0,False,-0.23799584890868608,中性,7803.TW,雲象科技-創,0,v1,phase6a,2026-07-12,0,0,0,0,0,0,v1,577,0.051070840197693576,577,0.051070840197693576,577,0.051070840197693576,^TWII,yfinance,2y,2026-09-22,scan_20260922_153922,False,False
True,0,0.008333365122477211,-0.041666507720947266,True,False,買入 (動能增強),10.25,2026-09-22 00:00:00,10.153000116348267,0.0025000095367424535,False,True,4.99611062293064,True,0.00021443437539940855,26.113572428695946,0.00021853257877512476,0.00022627193565393788,-0.19701407120668035,-0.5478366464099271,-2.979285500101647,-0.19701407120668035,False,False,False,False,False,True,0.07684635049224572,False,-0.014423040772329476,中性,1805.TW,寶徠,2,v1,phase6a,2026-07-12,0,2,4,2,2,2,v1,65,0.8945634266886326,65,0.8945634266886326,103,0.8319604612850082,^TWII,yfinance,2y,2026-09-22,scan_20260922_153922,False,False
True,1,-1.208333969116211,-1.1583340962727862,True,False,賣出 (動能轉弱),43.099998474121094,2026-09-22 00:00:00,43.86000022888184,0.019601249694822798,False,False,1.4895982917778932,False,0.0009016703660988895,99.2368959225254,0.0009413397863746659,0.0010051897239846555,-0.44163510641659354,-1.462032471165431,-4.97109987741462,-0.44163510641659354,False,False,False,False,False,False,0.04379580627306151,False,-0.40278708374994365,中性,3236.TWO,千如,0,v1,phase6a,2026-07-12,0,0,1,0,0,0,v1,493,0.18945634266886327,493,0.18945634266886327,496,0.18451400329489293,^TWII,yfinance,2y,2026-09-22,scan_20260922_153922,False,False
True,1,3.1666666666666665,2.833333333333333,True,False,買入 (動能增強),116.5,2026-09-22 00:00:00,114.525,-0.5,False,True,0.35173637438328026,False,0.002437229730149375,70.8602836868168,0.0024401662927741466,0.0022377348480946252,-0.012666050829801545,1.7505334846934506,8.326290516497892,-0.012666050829801545,False,True,True,False,False,True,0.6961106930192844,False,-0.07905138339920947,偏強 (RS上升),2615.TW,萬海,2,v1,phase6a,2026-07-12,1,3,3,3,2,3,v1,93,0.8484349258649094,93,0.8484349258649094,55,0.9110378912685337,^TWII,yfinance,2y,2026-09-22,scan_20260922_153922,False,False
True,0,-0.3166669209798177,-0.45833333333333337,True,False,觀察 (跌勢收斂),23.799999237060547,2026-09-22 00:00:00,23.774999809265136,-0.020000076293946734,True,True,0.9903894134990078,False,0.0004979061435029735,43.61148446651406,0.0005120576474029402,0.0005267718032864834,-0.29006715627676316,-1.257124175693436,-5.869894665947029,-0.29006715627676316,False,False,False,False,False,False,0.09583485270500157,False,-0.1590106049934793,中性,2910.TW,統領,2,v1,phase6a,2026-07-12,0,2,3,2,2,2,v1,98,0.8401976935749588,98,0.8401976935749588,126,0.7940691927512356,^TWII,yfinance,2y,2026-09-22,scan_20260922_153922,True,False
True,0,-0.24166679382324216,-0.27500009536743164,True,False,觀察 (跌勢收斂),14.0,2026-09-22 00:00:00,14.257499885559081,-0.012500000000001066,True,False,0.13874664378442716,False,0.00029288597615528974,33.644943972153705,0.0003058667556899015,0.00033483062722969347,-0.4447429680111248,-1.568984827707598,-4.469654987694893,-0.4447429680111248,False,False,False,False,False,False,0.0,False,-0.1566265254049065,中性,5398.TWO,慕康生醫,1,v1,phase6a,2026-07-12,0,1,1,1,1,1,v1,328,0.4612850082372323,328,0.4612850082372323,341,0.43986820428336076,^TWII,yfinance,2y,2026-09-22,scan_20260922_153922,False,False
True,0,-0.20000076293945312,-0.13333384195963544,True,False,賣出 (動能轉弱),100.0,2026-09-22 00:00:00,100.24500007629395,-0.04999999999999716,False,False,0.7703295453109001,False,0.002092042686823498,54.74301120138842,0.0021613828639909403,0.002275599404365765,-0.3365623263232198,-0.9908927212768592,-4.617336132789029,-0.3365623263232198,False,False,False,False,False,False,0.0,False,-0.15254237288135597,中性,6791.TWO,虎門科技,0,v1,phase6a,2026-07-12,0,0,0,0,0,0,v1,560,0.07907742998352553,560,0.07907742998352553,560,0.07907742998352553,^TWII,yfinance,2y,2026-09-22,scan_20260922_153922,False,False
True,0,-0.41666666666666663,-0.4416666030883789,True,False,觀察 (跌勢收斂),24.549999237060547,2026-09-22 00:00:00,24.407499694824217,-0.0025000572204589844,True,True,0.5672310510742925,False,0.0005135964636541497,38.23093514487209,0.0005246690263814232,0.0005367776777142941,-0.22165392099975367,-0.9593105682065284,-3.4435985254509527,-0.22165392099975367,False,False,False,False,False,False,0.2053309972656742,False,-0.029644269668647527,中性,1101.TW,台泥,1,v1,phase6a,2026-07-12,0,1,2,1,1,1,v1,202,0.6688632619439868,202,0.6688632619439868,222,0.6359143327841845,^TWII,yfinance,2y,2026-09-22,scan_20260922_153922,False,False
False,0,0.8833344777425128,0.9166679382324218,False,True,強烈買入 (爆發),52.900001525878906,2026-09-22 00:00:00,51.75000057220459,0.05000000000000426,False,True,1.4604551101920336,False,0.0011066906132516684,33.97251668387003,0.0011219085666292112,0.0011837710550061371,-0.1425789871386307,-0.8212256195805123,-5.4185938078152525,-0.1425789871386307,False,False,False,False,False,True,0.1219301990185764,False,-0.08159717140190259,中性,8938.TWO,明安,3,v1,phase6a,2026-07-12,0,3,5,3,3,3,v1,41,0.9341021416803954,41,0.9341021416803954,47,0.9242174629324547,^TWII,yfinance,2y,2026-09-22,scan_20260922_153922,False,False
True,0,-7.666666666666666,-7.583333333333332,True,False,賣出 (動能轉弱),157.0,2026-09-22 00:00:00,161.475,0.09999999999999432,False,False,0.7090868554055861,False,0.003284507018312892,58.92211936363616,0.003460789080603119,0.0036904787358770542,-0.533318946296657,-2.04023841056743,-6.731636891994164,-0.533318946296657,False,False,False,False,False,False,0.0,False,-0.42830212183513583,中性,4551.TW,智伸科,0,v1,phase6a,2026-07-12,0,0,1,0,0,0,v1,514,0.15485996705107083,514,0.15485996705107083,516,0.1515650741350906,^TWII,yfinance,2y,2026-09-22,scan_20260922_153922,False,False
True,0,-1.1333332061767578,-1.6833330790201821,True,False,觀察 (跌勢收斂),60.599998474121094,2026-09-22 00:00:00,61.19999980926514,0.009999847412110796,False,False,0.8609888680303278,False,0.0012677778362930017,29.44217567658657,0.0013187476283931796,0.0014397077937958196,-0.4051951609723936,-1.013748018844074,-6.731953576044658,-0.4051951609723936,False,False,False,False,False,False,0.0050055929334060015,False,-0.3144796671029403,中性,3663.TWO,鑫科,1,v1,phase6a,2026-07-12,0,1,2,1,1,1,v1,300,0.5074135090609555,300,0.5074135090609555,314,0.4843492586490939,^TWII,yfinance,2y,2026-09-22,scan_20260922_153922,False,False
True,0,0.49166647593180335,-0.09166653951009121,True,False,買入 (動能增強),30.850000381469727,2026-09-22 00:00:00,30.682500076293945,0.007499980926514382,False,True,0.9866507180025329,False,0.0006453951768655587,43.58476703666433,0.0006694903310680259,0.0007004927501695639,-0.37741538552246157,-0.16413098304224327,-9.947209355732722,-0.37741538552246157,False,False,False,False,False,True,0.05123538570093398,False,-0.2584134251672827,中性,5227.TWO,立凱-KY,2,v1,phase6a,2026-07-12,0,2,4,2,2,2,v1,143,0.7660626029654036,143,0.7660626029654036,159,0.7397034596375618,^TWII,yfinance,2y,2026-09-22,scan_20260922_153922,False,False
True,1,0.1333335240681966,0.016666889190673814,True,False,買入 (動能增強),12.199999809265137,2026-09-22 00:00:00,12.007499933242798,0.02750000953674281,False,True,0.7172758154417196,False,0.00025522920380221197,50.870843606023605,0.00025805719317745625,0.00026205221023504615,-0.11522255605517229,0.34262614217999143,-0.07501077615188478,-0.11522255605517229,False,False,False,False,False,True,0.23152019962494935,False,-0.14685317157060884,中性,1313.TW,聯成,3,v1,phase6a,2026-07-12,1,4,5,4,3,4,v1,18,0.9719934102141681,18,0.9719934102141681,21,0.9670510708401977,^TWII,yfinance,2y,2026-09-22,scan_20260922_153922,True,False
True,0,-1.583333333333333,-2.75,True,False,觀察 (跌勢收斂),107.5,2026-09-22 00:00:00,104.675,0.14999999999999147,False,True,1.1259489760896924,False,0.0022489458883352604,43.74675319457168,0.002254570742917895,0.0023678014778261564,-0.026254864945252088,-0.658911994377076,-4.734393745189635,-0.026254864945252088,False,False,False,False,False,True,0.15065981395165587,False,-0.08690027494266983,中性,5222.TW,全訊,2,v1,phase6a,2026-07-12,0,2,4,2,2,2,v1,142,0.7677100494233937,142,0.7677100494233937,158,0.7413509060955519,^TWII,yfinance,2y,2026-09-22,scan_20260922_153922,True,False
True,0,0.23333326975504556,0.20833333333333331,True,False,買入 (動能增強),31.950000762939453,2026-09-22 00:00:00,31.12249975204468,0.12250003814697408,False,True,0.6074044007931684,False,0.0006684076544011266,42.522330358438076,0.0006702767062519269,0.0007078294868323966,-0.029343786917901404,0.09619052014944174,-1.0877633769919903,-0.029343786917901404,False,False,False,False,False,False,0.184108944379813,False,-0.2106335391972166,中性,4526.TW,東台,2,v1,phase6a,2026-07-12,0,2,4,2,2,2,v1,131,0.785831960461285,131,0.785831960461285,151,0.7528830313014827,^TWII,yfinance,2y,2026-09-22,scan_20260922_153922,False,False
True,0,-0.75,-0.9166666666666666,True,False,觀察 (跌勢收斂),185.0,2026-09-22 00:00:00,184.875,-0.025000000000005684,False,True,1.5283650072264314,True,0.0038702789706234714,50.11784019876017,0.003978552442128772,0.004090959024507614,-0.2856479035482695,-0.9488938257262935,-3.491584070363707,-0.2856479035482695,False,False,False,False,False,False,0.0,False,-0.005376344086021501,中性,5903.TWO,全家,1,v1,phase6a,2026-07-12,0,1,2,1,1,1,v1,338,0.44481054365733114,338,0.44481054365733114,350,0.42504118616144976,^TWII,yfinance,2y,2026-09-22,scan_20260922_153922,False,False
True,0,-1.7499999999999998,-1.9166666666666667,True,False,觀察 (跌勢收斂),170.0,2026-09-22 00:00:00,173.3,-0.29999999999998295,False,False,2.209571205495998,True,0.0035564725675999464,35.55031690016964,0.0037400629179068583,0.003944813403532678,-0.5140543862985458,-1.6308724729767188,-6.974457289990665,-0.5140543862985458,False,False,False,False,False,False,0.0,False,-0.12035736113840523,中性,4441.TW,振大環球,2,v1,phase6a,2026-07-12,0,2,2,2,2,2,v1,128,0.7907742998352554,128,0.7907742998352554,148,0.7578253706754531,^TWII,yfinance,2y,2026-09-22,scan_20260922_153922,True,False
True,2,-0.2999992370605469,-0.18333307902018228,True,False,賣出 (動能轉弱),67.80000305175781,2026-09-22 00:00:00,68.40500030517578,-0.009999847412117902,False,False,2.155249829376055,True,0.0014184050055104079,39.10122147952359,0.0014725265619595705,0.001514556344906955,-0.3853954209446342,-0.8145363161907615,-3.5138338903474065,-0.3853954209446342,False,False,False,False,False,False,0.06983875197743857,False,-0.04101830299380904,中性,3310.TWO,佳穎,0,v1,phase6a,2026-07-12,0,0,0,0,0,0,v1,496,0.18451400329489293,496,0.18451400329489293,499,0.17957166392092258,^TWII,yfinance,2y,2026-09-22,scan_20260922_153922,False,False
True,0,-2.716666539510091,-3.183333079020182,True,False,觀察 (跌勢收斂),59.29999923706055,2026-09-22 00:00:00,61.625,0.14999999999999858,False,False,0.5411431863523655,False,0.0012405812973253153,60.56300092569651,0.0012827974774117686,0.0012166266889144057,-0.3452195387942725,-0.6869355226330809,11.302341192671793,-0.3452195387942725,False,True,True,False,False,False,0.5775391552685978,False,-0.12922172443813873,中性,6547.TWO,高端疫苗,2,v1,phase6a,2026-07-12,0,2,3,2,2,2,v1,164,0.7314662273476112,164,0.7314662273476112,179,0.7067545304777595,^TWII,yfinance,2y,2026-09-22,scan_20260922_153922,True,False
True,1,-2.4166666666666665,-2.083333333333333,True,False,賣出 (動能轉弱),272.0,2026-09-22 00:00:00,275.375,-0.024999999999977263,True,False,0.5412027782301578,False,0.005690356108159915,127.43239567248735,0.005873440584182744,0.005789962100892993,-0.3270488704220864,-0.4978536767044184,1.7975052264515234,-0.3270488704220864,False,False,True,False,False,False,0.6586897362298495,False,-0.03374777975133214,中性,4967.TW,十銓,0,v1,phase6a,2026-07-12,0,0,0,0,0,0,v1,520,0.14497528830313014,520,0.14497528830313014,522,0.1416803953871499,^TWII,yfinance,2y,2026-09-22,scan_20260922_153922,False,False
True,0,-0.491665522257487,-0.7749989827473958,True,False,觀察 (跌勢收斂),47.0,2026-09-22 00:00:00,46.354999732971194,0.11499996185303019,False,True,0.9188307414515378,False,0.000983260062807044,64.78951421796978,0.00099540542555552,0.0010356559179263833,-0.1282712860304902,-0.17571880031508336,-1.4890351786127964,-0.1282712860304902,False,False,False,False,False,True,0.17821008533464028,False,-0.09961687139727604,中性,2328.TW,廣宇,1,v1,phase6a,2026-07-12,0,1,3,1,1,1,v1,245,0.5980230642504119,245,0.5980230642504119,264,0.5667215815485996,^TWII,yfinance,2y,2026-09-22,scan_20260922_153922,False,False
True,0,0.34999974568684894,0.3833332061767578,True,False,觀望 (動能減弱),45.04999923706055,2026-09-22 00:00:00,45.51999969482422,-0.02499999999999858,False,False,0.16916799885471595,False,0.0009424652144529667,34.82930165568322,0.0009822695725595965,0.0010054842577951989,-0.4247444939274203,-0.9578090922402471,-4.4021689129655535,-0.4247444939274203,False,False,False,False,False,False,0.07554319680473758,False,-0.06145834922790527,中性,2704.TW,國賓,0,v1,phase6a,2026-07-12,0,0,0,0,0,0,v1,475,0.21911037891268534,475,0.21911037891268534,480,0.21087314662273476,^TWII,yfinance,2y,2026-09-22,scan_20260922_153922,False,False
True,0,0.7333342234293619,0.36666742960611975,True,False,買入 (動能增強),39.0,2026-09-22 00:00:00,37.910000228881835,0.0899999618530245,False,True,0.5520896593606802,False,0.0008158966478611642,22.658628144130798,0.0008148846400429219,0.0008239764393322483,0.013074374124100174,0.26844678205375505,-0.14743603124202087,0.013074374124100174,True,False,False,False,False,True,0.5334377881055734,False,-0.011406863225265074,偏強 (RS上升),6887.TW,寶綠特-KY,2,v1,phase6a,2026-07-12,1,3,4,3,2,3,v1,184,0.6985172981878089,184,0.6985172981878089,70,0.886326194398682,^TWII,yfinance,2y,2026-09-22,scan_20260922_153922,False,False
True,0,0.7333323160807291,0.7166671752929686,True,False,買入 (動能增強),78.69999694824219,2026-09-22 00:00:00,78.39500045776367,-0.020000076293939628,True,True,0.42093603151795694,False,0.0016464375306860168,48.59755420465097,0.0016920468780425978,0.0017333935926702787,-0.2829354381060467,-0.737267661910268,-3.5135981374788128,-0.2829354381060467,False,False,False,False,False,False,0.06419297213952804,False,-0.010062931468651781,中性,5609.TWO,中菲行,4,v1,phase6a,2026-07-12,0,4,5,4,4,4,v1,8,0.9884678747940692,8,0.9884678747940692,13,0.9802306425041186,^TWII,yfinance,2y,2026-09-22,scan_20260922_153922,False,True
True,1,-1.783332824707031,-1.9666665395100908,True,False,觀察 (跌勢收斂),58.79999923706055,2026-09-22 00:00:00,59.369999694824216,0.039999961853027344,False,False,0.9815737186976162,False,0.0012301210838911978,171.87397982184652,0.0012633912322281067,0.0013091750351451235,-0.27643375576834606,-0.5209336629551475,0.569097885039338,-0.27643375576834606,False,False,False,False,False,False,0.376466818752173,False,-0.17299577357287133,中性,1802.TW,台玻,1,v1,phase6a,2026-07-12,0,1,2,1,1,1,v1,234,0.6161449752883031,234,0.6161449752883031,254,0.5831960461285008,^TWII,yfinance,2y,2026-09-22,scan_20260922_153922,False,False
True,2,0.051666736602783196,0.033333460489908845,True,False,買入 (動能增強),7.119999885559082,2026-09-22 00:00:00,7.113000059127808,0.0014999866485601032,False,True,1.4955552425945604,False,0.0001489534369076802,19.732864244855286,0.00015363847856007522,0.00016265497811440187,-0.31996173953258156,-0.5294825242292411,-3.9740943488174696,-0.31996173953258156,False,False,False,False,False,False,0.0,False,-0.10776944003243927,中性,3494.TW,誠研,2,v1,phase6a,2026-07-12,0,2,4,2,2,2,v1,114,0.8138385502471169,114,0.8138385502471169,135,0.7792421746293245,^TWII,yfinance,2y,2026-09-22,scan_20260922_153922,False,False
True,0,-1.133334477742513,-1.3416671752929688,True,False,觀察 (跌勢收斂),40.849998474121094,2026-09-22 00:00:00,41.22999992370605,-0.01000003814697692,True,False,0.952114809770764,False,0.0008545994056453609,52.608243719734425,0.0008870986920468468,0.0009912735693585904,-0.3841551885794381,-1.1139551056521868,-6.551365026090227,-0.3841551885794381,False,False,False,False,False,False,0.005093255714488373,False,-0.3627145172146401,中性,6821.TWO,聯寶,1,v1,phase6a,2026-07-12,0,1,1,1,1,1,v1,383,0.37067545304777594,383,0.37067545304777594,390,0.35914332784184516,^TWII,yfinance,2y,2026-09-22,scan_20260922_153922,False,False
True,0,-0.6833337148030598,-0.4833335876464844,True,False,賣出 (動能轉弱),59.5,2026-09-22 00:00:00,59.939999961853026,-0.020000076293946734,False,False,1.0744928430895433,False,0.0012447653986599812,43.70331870737372,0.0012914299571411833,0.0013539999281891408,-0.3789168851382252,-1.1920981002015107,-4.599039821212358,-0.3789168851382252,False,False,False,False,False,False,0.0,False,-0.07780626513136102,中性,6203.TWO,海韻電,0,v1,phase6a,2026-07-12,0,0,0,0,0,0,v1,541,0.11037891268533773,541,0.11037891268533773,542,0.10873146622734761,^TWII,yfinance,2y,2026-09-22,scan_20260922_153922,False,False
True,1,0.3083330790201823,-0.17500050862630206,True,False,買入 (動能增強),42.150001525878906,2026-09-22 00:00:00,39.972500228881835,0.14500007629394673,False,True,2.00169316858554,True,0.0008817960244181424,59.3105821783422,0.0008605645237083281,0.0008962463418807578,0.26037721829921257,0.7358390812050253,-1.5204676828927677,0.26037721829921257,True,False,False,False,False,True,0.2589422401448654,False,-0.28800674015758176,偏強 (RS上升),2342.TW,茂矽,2,v1,phase6a,2026-07-12,1,3,4,3,2,3,v1,78,0.8731466227347611,78,0.8731466227347611,50,0.9192751235584844,^TWII,yfinance,2y,2026-09-22,scan_20260922_153922,False,False
True,1,-0.12499968210856113,-0.3916664123535156,True,False,觀察 (跌勢收斂),31.75,2026-09-22 00:00:00,30.940000152587892,0.04750003814697479,False,True,3.3865238012942376,True,0.0006642235530664606,31.420712334106828,0.0006671554141596554,0.0007115022487885853,-0.04623724167757137,-0.6199719609693566,-4.3337534811875305,-0.04623724167757137,False,False,False,False,False,True,0.09861680435985955,False,-0.10310738329235947,中性,6835.TW,圓裕,1,v1,phase6a,2026-07-12,0,1,3,1,1,1,v1,385,0.3673805601317957,385,0.3673805601317957,392,0.35584843492586493,^TWII,yfinance,2y,2026-09-22,scan_20260922_153922,False,False
True,0,0.3166650136311848,0.01666514078776038,True,False,買入 (動能增強),58.5,2026-09-22 00:00:00,56.54000015258789,0.35499992370606037,False,True,1.6340011298943982,True,0.0012238449717917462,126.65481970047584,0.0012082432214975424,0.0012500855311596377,0.1361087548590323,0.830209175997032,4.730564358420231,0.1361087548590323,True,False,False,False,False,True,0.4909139744046574,False,-0.09020222047406656,偏強 (RS上升),3054.TW,立萬利,2,v1,phase6a,2026-07-12,1,3,4,3,2,3,v1,105,0.828665568369028,105,0.828665568369028,60,0.9028006589785832,^TWII,yfinance,2y,2026-09-22,scan_20260922_153922,False,False
True,0,1.0,0.8500003814697266,True,False,買入 (動能增強),43.5,2026-09-22 00:00:00,41.84749984741211,0.39750003814697266,False,True,0.7510012488302671,False,0.0009100385687682216,35.64269005572251,0.0008856566435181604,0.0008943822272701278,0.29062927718381815,2.373556034847457,16.603477581561666,0.29062927718381815,True,True,False,False,False,False,0.7312733195537664,False,-0.06652357458429214,偏強 (RS上升),4927.TW,泰鼎-KY,2,v1,phase6a,2026-07-12,0,2,4,2,2,2,v1,138,0.7742998352553542,138,0.7742998352553542,154,0.7479406919275123,^TWII,yfinance,2y,2026-09-22,scan_20260922_153922,False,False
True,0,-3.1833330790201817,-4.083332061767578,True,False,觀察 (跌勢收斂),93.69999694824219,2026-09-22 00:00:00,92.09499893188476,0.20999984741210653,False,True,0.7857015071308617,False,0.0019602439337095415,50.21272829161549,0.0019806938997418084,0.0022463719551936347,-0.1085625121902023,-0.9037644817889601,-5.690750586996951,-0.1085625121902023,False,False,False,False,False,True,0.07140108501609929,False,-0.2382114069248603,中性,6854.TW,錼創科技-KY創,1,v1,phase6a,2026-07-12,0,1,3,1,1,1,v1,386,0.3657331136738056,386,0.3657331136738056,393,0.3542009884678748,^TWII,yfinance,2y,2026-09-22,scan_20260922_153922,False,False
True,0,0.08333333333333348,-0.5,True,False,買入 (動能增強),278.5,2026-09-22 00:00:00,283.9,0.4249999999999545,False,False,0.5780643077311133,False,0.005826338882803442,185.6369153169169,0.006015261655694558,0.005646904845580995,-0.3295131586651956,-0.0669001618388343,7.724034330700147,-0.3295131586651956,False,True,True,False,False,False,0.6770006225092201,False,-0.10737179487179482,中性,3006.TW,晶豪科,2,v1,phase6a,2026-07-12,0,2,3,2,2,2,v1,101,0.8352553542009885,101,0.8352553542009885,127,0.7924217462932455,^TWII,yfinance,2y,2026-09-22,scan_20260922_153922,False,False
True,0,-7.166666666666666,-10.33333333333333,True,False,觀察 (跌勢收斂),571.0,2026-09-22 00:00:00,553.85,1.3500000000000227,False,True,1.1115445511700583,False,0.011945563741762174,182.44904015134213,0.01203549204072987,0.01331206476164187,-0.07859003405384923,-1.8053412881657294,-9.610531337209672,-0.07859003405384923,False,False,False,False,False,False,0.061239962815344565,False,-0.49912280701754386,中性,2327.TW,國巨*,1,v1,phase6a,2026-07-12,0,1,3,1,1,1,v1,244,0.5996705107084019,244,0.5996705107084019,263,0.5683690280065898,^TWII,yfinance,2y,2026-09-22,scan_20260922_153922,False,False
True,0,-0.025000254313151046,-0.016666730244954433,True,False,賣出 (動能轉弱),30.0,2026-09-22 00:00:00,30.5625,-0.0024999618530259227,False,False,2.856979601165648,True,0.0006276128060470494,39.783429237672784,0.0006564105167069262,0.0006867138855673457,-0.45968237271037937,-0.8694349653638689,-2.1793453133257312,-0.45968237271037937,False,False,False,False,False,False,0.0,False,-0.09909907845847277,中性,5601.TWO,台聯櫃,0,v1,phase6a,2026-07-12,0,0,0,0,0,0,v1,528,0.13179571663920922,528,0.13179571663920922,530,0.128500823723229,^TWII,yfinance,2y,2026-09-22,scan_20260922_153922,False,False
True,0,-1.1319605509440103,-1.096844991048177,True,False,賣出 (動能轉弱),90.19999694824219,2026-09-22 00:00:00,90.89362831115723,-0.044520187377926845,True,False,0.3051782832506803,False,0.001887022439670719,62.740476294450325,0.001956131394769441,0.0020274318499054244,-0.37051057052821523,-1.4589453763350968,-4.7479544513414185,-0.37051057052821523,False,False,False,False,False,False,0.0,False,-0.043025003166930254,中性,6534.TW,正瀚-創,0,v1,phase6a,2026-07-12,0,0,0,0,0,0,v1,557,0.08401976935749589,557,0.08401976935749589,557,0.08401976935749589,^TWII,yfinance,2y,2026-09-22,scan_20260922_153922,False,False
True,0,1.589457193987287e-07,-0.033333301544189446,True,False,買入 (動能增強),11.100000381469727,2026-09-22 00:00:00,11.125000047683717,-0.0049999713897701525,False,False,1.765290130760965,True,0.0002322167462179178,18.84399264507869,0.00024010361710036118,0.00025309342587474316,-0.3445746867528521,-0.7315246464129843,-4.927773543104863,-0.3445746867528521,False,False,False,False,False,False,0.0,False,-0.13281248311977856,中性,4109.TWO,加捷生醫,2,v1,phase6a,2026-07-12,0,2,2,2,2,2,v1,124,0.7973640856672158,124,0.7973640856672158,144,0.7644151565074135,^TWII,yfinance,2y,2026-09-22,scan_20260922_153922,False,False
True,1,0.23333358764648435,0.03333346048990889,True,False,買入 (動能增強),61.5,2026-09-22 00:00:00,61.17500038146973,-0.02499999999999858,False,True,0.6329511543898225,False,0.0012866062523964512,31.565164931895183,0.0013195608700094772,0.001395928660412822,-0.26219418316452137,-0.7569087933136598,-4.149187971082657,-0.26219418316452137,False,False,False,False,False,False,0.04463884648234466,False,-0.11393602783019785,中性,6556.TWO,勝品,2,v1,phase6a,2026-07-12,0,2,3,2,2,2,v1,166,0.728171334431631,166,0.728171334431631,181,0.7034596375617792,^TWII,yfinance,2y,2026-09-22,scan_20260922_153922,False,False
True,0,-0.34999847412109364,-0.8583316802978516,True,False,觀察 (跌勢收斂),35.0,2026-09-22 00:00:00,34.75500011444092,-0.06749992370605185,False,True,0.9310943677225604,False,0.0007322149403882242,31.737543031459264,0.0007441849598042657,0.0007411858407483464,-0.1690268374301085,-0.053595554665519796,-1.0236218356853843,-0.1690268374301085,False,False,True,False,False,False,0.5325870057946944,False,-0.05405405405405406,中性,1808.TW,潤隆,1,v1,phase6a,2026-07-12,0,1,2,1,1,1,v1,235,0.6144975288303131,235,0.6144975288303131,255,0.5815485996705108,^TWII,yfinance,2y,2026-09-22,scan_20260922_153922,False,False
True,1,-0.4333330790201824,-0.7499993642171222,True,False,觀察 (跌勢收斂),56.0,2026-09-22 00:00:00,56.569999885559085,0.0350000381469755,False,False,0.7053152227067272,False,0.001171543904621159,103.96706279756484,0.0012193693896075588,0.001309893060951157,-0.41116028792002046,-1.1571508700783717,-5.6053525825822685,-0.41116028792002046,False,False,False,False,False,False,0.0066888171473640885,False,-0.3577304287358204,中性,6155.TW,鈞寶,1,v1,phase6a,2026-07-12,0,1,2,1,1,1,v1,344,0.43492586490939045,344,0.43492586490939045,354,0.4184514003294893,^TWII,yfinance,2y,2026-09-22,scan_20260922_153922,False,False
True,1,0.1033332347869873,0.10833326975504556,True,False,觀望 (動能減弱),5.789999961853027,2026-09-22 00:00:00,5.718499946594238,0.005500006675720037,False,True,0.309475970040135,False,0.00012112927076902958,31.908154849412746,0.00012367837864485202,0.00012852690924241637,-0.2164859026416721,-0.5518653942756857,-3.2796964387979965,-0.2164859026416721,False,False,False,False,False,False,0.12871719280422192,False,-0.03500000635782874,中性,2929.TW,淘帝-KY,0,v1,phase6a,2026-07-12,0,0,2,0,0,0,v1,481,0.20922570016474465,481,0.20922570016474465,485,0.2026359143327842,^TWII,yfinance,2y,2026-09-22,scan_20260922_153922,False,False
True,0,-7.166666666666666,-7.916666666666666,True,False,觀察 (跌勢收斂),118.5,2026-09-22 00:00:00,122.725,-0.20000000000000284,False,False,0.5215685779410757,False,0.002479070583885845,85.65865307631277,0.0026266873629847056,0.00288240106051216,-0.58808779017816,-2.441875138772287,-8.308403636154871,-0.58808779017816,False,False,False,False,False,False,0.0,False,-0.48532165706468133,中性,2375.TW,凱美,1,v1,phase6a,2026-07-12,0,1,1,1,1,1,v1,249,0.5914332784184514,249,0.5914332784184514,268,0.5601317957166392,^TWII,yfinance,2y,2026-09-22,scan_20260922_153922,False,False
True,0,0.3166662851969401,0.39999961853027344,True,False,觀望 (動能減弱),53.70000076293945,2026-09-22 00:00:00,53.10499992370605,0.0800001144409137,False,True,0.6773698120510663,False,0.0011234269387852373,51.73873012803702,0.0011367417850325933,0.0011231535842536405,-0.12314466060839857,-0.061096674382499216,2.182209509004096,-0.12314466060839857,False,True,True,False,False,False,0.7129409838325836,False,0.0,中性,2607.TW,榮運,0,v1,phase6a,2026-07-12,0,0,2,0,0,0,v1,473,0.22240527182866557,473,0.22240527182866557,478,0.214168039538715,^TWII,yfinance,2y,2026-09-22,scan_20260922_153922,False,False
True,1,-0.024999936421712245,-0.09166653951009114,True,False,觀察 (跌勢收斂),25.149999618530273,2026-09-22 00:00:00,25.064999961853026,-0.0025000572204589844,False,True,0.8122099250267761,False,0.0005261487277556002,35.00150115495802,0.0005398307523332719,0.0005618951699066128,-0.2660798759546501,-0.8798386379516465,-3.824687826878337,-0.2660798759546501,False,False,False,False,False,False,0.03035338851879132,False,-0.00984251983285922,中性,3666.TWO,光耀,1,v1,phase6a,2026-07-12,0,1,2,1,1,1,v1,301,0.5057660626029654,301,0.5057660626029654,315,0.4827018121911038,^TWII,yfinance,2y,2026-09-22,scan_20260922_153922,False,False
True,0,3.416666666666666,1.1666666666666665,True,False,買入 (動能增強),119.0,2026-09-22 00:00:00,109.95,0.5499999999999972,False,True,2.1939743755211807,True,0.0024895307973199624,177.32060743372588,0.002389941213636199,0.002400222425880268,0.4405672902538127,1.3816106134429518,-3.2657107909819905,0.4405672902538127,True,True,False,False,False,True,0.2139375128188175,False,-0.3720316622691293,偏強 (RS上升),6182.TWO,合晶,3,v1,phase6a,2026-07-12,1,4,5,4,3,4,v1,34,0.9456342668863262,34,0.9456342668863262,30,0.9522240527182867,^TWII,yfinance,2y,2026-09-22,scan_20260922_153922,True,False
True,0,-0.2666670481363932,-0.3416671752929688,True,False,觀察 (跌勢收斂),32.70000076293945,2026-09-22 00:00:00,32.57249984741211,0.0,False,True,0.9389221192335205,False,0.0006840979745523028,33.55326715617468,0.0007008036855660919,0.0007198044974972826,-0.25029754555365713,-1.0393117331760737,-3.9103822168277125,-0.25029754555365713,False,False,False,False,False,False,0.0719020217859165,False,-0.013574683023412693,中性,1527.TW,鑽全,1,v1,phase6a,2026-07-12,0,1,2,1,1,1,v1,223,0.6342668863261944,223,0.6342668863261944,243,0.6013179571663921,^TWII,yfinance,2y,2026-09-22,scan_20260922_153922,False,False
True,0,-0.3666667938232422,-0.3916667302449544,True,False,觀察 (跌勢收斂),21.200000762939453,2026-09-22 00:00:00,21.43499994277954,-0.04499998092651225,True,False,0.8613328320835655,False,0.0004435130655676006,24.659500690866427,0.00046115868665085036,0.00048726804502116286,-0.40115963920117625,-1.6612031955646644,-5.979462521767431,-0.40115963920117625,False,False,False,False,False,False,0.0032887732955197107,False,-0.08026024014554434,中性,2722.TW,夏都,1,v1,phase6a,2026-07-12,0,1,1,1,1,1,v1,269,0.5584843492586491,269,0.5584843492586491,286,0.5304777594728172,^TWII,yfinance,2y,2026-09-22,scan_20260922_153922,False,False
True,0,-0.9666665395100911,-0.7249997456868489,True,False,賣出 (動能轉弱),33.25,2026-09-22 00:00:00,35.36250019073486,-0.07749996185302876,True,False,2.5910309331639847,True,0.0006956041933688131,30.575754234862515,0.0007622133363608467,0.0008158468229731115,-0.9115005791864195,-2.568371642616607,-8.272536584939704,-0.9115005791864195,False,False,False,False,False,False,0.0,False,-0.1749379496408836,中性,3095.TWO,及成,0,v1,phase6a,2026-07-12,0,0,0,0,0,0,v1,488,0.19769357495881384,488,0.19769357495881384,491,0.1927512355848435,^TWII,yfinance,2y,2026-09-22,scan_20260922_153922,False,False
True,0,0.06666723887125652,-0.11666647593180338,True,False,買入 (動能增強),24.450000762939453,2026-09-22 00:00:00,24.169999885559083,0.022500038146972656,False,True,0.7509086875650586,False,0.0005115044528893643,56.59420399598059,0.0005186004310939351,0.0005194164406327563,-0.1438237889399785,-0.2106967520238312,-0.7815756173622956,-0.1438237889399785,False,False,False,False,False,True,0.4976023963613914,False,-0.01609656387887004,中性,1470.TW,大統新創,2,v1,phase6a,2026-07-12,0,2,4,2,2,2,v1,58,0.9060955518945635,58,0.9060955518945635,96,0.8434925864909391,^TWII,yfinance,2y,2026-09-22,scan_20260922_153922,False,False
True,0,-0.6666666666666667,-0.9999999999999999,True,False,觀察 (跌勢收斂),91.5,2026-09-22 00:00:00,91.25,0.00999984741210369,False,True,0.6606686769818907,False,0.0019142190584435007,26.39590503511779,0.0019746501218884794,0.00211416807416609,-0.3211069324353888,-1.1515544946053446,-7.075559934997367,-0.3211069324353888,False,False,False,False,False,False,0.012946878341161884,False,-0.16055045871559637,中性,6569.TWO,醫揚,1,v1,phase6a,2026-07-12,0,1,3,1,1,1,v1,366,0.3986820428336079,366,0.3986820428336079,373,0.3871499176276771,^TWII,yfinance,2y,2026-09-22,scan_20260922_153922,False,False
True,0,-0.533331553141276,-0.6666666666666666,True,False,觀察 (跌勢收斂),74.30000305175781,2026-09-22 00:00:00,74.41500053405761,0.005000305175769881,False,False,1.037958647517469,False,0.0015543877801539351,39.75979507437863,0.0015989914311909795,0.0016201645272726733,-0.29277050149894013,-0.922081979352174,-2.8653001338323936,-0.29277050149894013,False,False,False,False,False,False,0.3228427844997905,False,-0.013280211945179365,中性,1777.TWO,生泰,1,v1,phase6a,2026-07-12,0,1,2,1,1,1,v1,233,0.6177924217462932,233,0.6177924217462932,253,0.5848434925864909,^TWII,yfinance,2y,2026-09-22,scan_20260922_153922,False,False
True,0,0.3250001271565755,0.20833333333333337,True,False,買入 (動能增強),32.79999923706055,2026-09-22 00:00:00,32.8375,0.039999961853027344,False,False,2.7736138682424634,True,0.0006861899853170883,24.350489182779757,0.0007101840640305533,0.0007550150015327504,-0.35437882995497105,0.22450920710095357,-3.8787143172099303,-0.35437882995497105,False,False,False,False,False,True,0.04903441719127995,False,-0.14248368007684842,中性,6875.TWO,國邑*,2,v1,phase6a,2026-07-12,1,3,3,3,2,3,v1,183,0.700164744645799,183,0.700164744645799,69,0.8879736408566722,^TWII,yfinance,2y,2026-09-22,scan_20260922_153922,False,False
True,0,-0.3083333969116211,-0.38333336512247723,True,False,觀察 (跌勢收斂),14.899999618530273,2026-09-22 00:00:00,14.994999980926513,-0.022500038146972656,True,False,0.4565638537613031,False,0.0003117143523561917,32.23535766880087,0.0003233043248988205,0.00034673134426080457,-0.3759339522534044,-1.25449000075053,-6.667685661253686,-0.3759339522534044,False,False,False,False,False,False,0.0,False,-0.11309522052470711,中性,8940.TW,新天地,1,v1,phase6a,2026-07-12,0,1,1,1,1,1,v1,420,0.30971993410214166,420,0.30971993410214166,426,0.29983525535420097,^TWII,yfinance,2y,2026-09-22,scan_20260922_153922,False,False
True,2,0.07499949137369791,0.07499949137369791,True,False,觀望 (動能減弱),28.299999237060547,2026-09-22 00:00:00,28.249999809265137,0.004999923706055398,False,True,1.3844995606594095,False,0.0005920480644100309,41.19111021292109,0.0006092339305813692,0.0006308556182719918,-0.2960575009871791,-0.8511442541468961,-3.849837758606045,-0.2960575009871791,False,False,False,False,False,False,0.0,False,-0.02915953319359199,中性,2450.TW,神腦,0,v1,phase6a,2026-07-12,0,0,2,0,0,0,v1,465,0.2355848434925865,465,0.2355848434925865,471,0.2257001647446458,^TWII,yfinance,2y,2026-09-22,scan_20260922_153922,False,False
True,0,1.0166676839192708,1.4500007629394531,True,False,觀望 (動能減弱),65.30000305175781,2026-09-22 00:00:00,63.97500076293945,0.14000015258788778,False,True,1.1018820313321418,False,0.0013661039383398204,35.0385781279539,0.0013848234633683152,0.001450037408799547,-0.14208861622466706,-0.2858544967595855,-3.2164715557004286,-0.14208861622466706,False,False,False,False,False,True,0.09358119130761394,False,-0.050872090766725275,中性,8272.TWO,全景軟體,0,v1,phase6a,2026-07-12,0,0,2,0,0,0,v1,584,0.039538714991762765,584,0.039538714991762765,584,0.039538714991762765,^TWII,yfinance,2y,2026-09-22,scan_20260922_153922,False,False
True,0,-0.10833326975504556,-0.12499999999999999,True,False,觀察 (跌勢收斂),18.950000762939453,2026-09-22 00:00:00,18.99250011444092,-0.01249999999999929,False,False,0.5897357316296943,False,0.0003964421051140719,32.202459677079425,0.0004079497925103592,0.0004224743696810676,-0.29605342062759554,-0.7750197221812916,-2.6591044585707047,-0.29605342062759554,False,False,False,False,False,False,0.05532737836215769,False,-0.013020832815931915,中性,8403.TWO,盛弘,1,v1,phase6a,2026-07-12,0,1,1,1,1,1,v1,412,0.3228995057660626,412,0.3228995057660626,418,0.3130148270181219,^TWII,yfinance,2y,2026-09-22,scan_20260922_153922,False,False
True,0,0.7343743642171223,0.5979162851969401,True,False,買入 (動能增強),62.5,2026-09-22 00:00:00,62.33179702758789,0.05859375,False,True,0.3212662748040853,False,0.0013075266792646862,39.581624630286605,0.0013330617588719648,0.0013474171923637999,-0.20122805889798423,-0.02563329820188809,2.6683781181544797,-0.20122805889798423,False,False,False,False,False,False,0.5839314118040096,False,-0.0234375,中性,2756.TWO,聯發國際,4,v1,phase6a,2026-07-12,0,4,6,4,4,4,v1,5,0.9934102141680395,5,0.9934102141680395,10,0.985172981878089,^TWII,yfinance,2y,2026-09-22,scan_20260922_153922,False,True
True,0,-0.20333321889241535,-0.18166653315226236,True,False,賣出 (動能轉弱),4.349999904632568,2026-09-22 00:00:00,4.563999915122986,-0.005500006675720037,True,False,2.4556978315423716,True,9.100385488169478e-05,22.116347406991668,9.736177571031588e-05,0.00010322318551191916,-0.6826969179219766,-1.5359364166746658,-3.1375279883442686,-0.6826969179219766,False,False,False,False,False,False,0.0,False,-0.09563410470253642,中性,8933.TWO,愛地雅,0,v1,phase6a,2026-07-12,0,0,0,0,0,0,v1,596,0.019769357495881382,596,0.019769357495881382,596,0.019769357495881382,^TWII,yfinance,2y,2026-09-22,scan_20260922_153922,False,False
True,0,-0.04166539510091144,-0.14166514078776038,True,False,觀察 (跌勢收斂),50.5,2026-09-22 00:00:00,48.63749980926514,0.18500003814697408,False,True,2.528102127427935,True,0.0010564815568458665,164.61445630483493,0.0010515352957831418,0.0010804426983697527,0.04953870679262895,-0.1509459802400137,-3.2389855032368464,0.04953870679262895,True,False,False,False,False,True,0.10513238129965335,False,-0.2702311816896287,中性,3481.TW,群創,2,v1,phase6a,2026-07-12,0,2,4,2,2,2,v1,112,0.8171334431630972,112,0.8171334431630972,133,0.7825370675453048,^TWII,yfinance,2y,2026-09-22,scan_20260922_153922,True,False
True,1,0.01666641235351561,-0.09166685740152992,True,False,買入 (動能增強),16.399999618530273,2026-09-22 00:00:00,15.92999987602234,0.019999980926513672,False,True,2.566144035276066,True,0.00034309499265854413,25.46488634986252,0.0003444974230067565,0.0003632384471243476,-0.0428337062599593,-0.5025717313421496,-5.125286863344957,-0.0428337062599593,False,False,False,False,False,True,0.1439538290869014,False,-0.1752186792234378,中性,2482.TW,連宇,2,v1,phase6a,2026-07-12,0,2,4,2,2,2,v1,85,0.8616144975288303,85,0.8616144975288303,118,0.8072487644151565,^TWII,yfinance,2y,2026-09-22,scan_20260922_153922,False,False
True,0,-0.20833333333333331,-0.23333358764648435,True,False,觀察 (跌勢收斂),37.900001525878906,2026-09-22 00:00:00,37.947500228881836,-0.0024999618530259227,True,False,1.3086704981574475,False,0.0007928842102281438,42.180661961958585,0.0008174024247021268,0.0008438274132415779,-0.31474600944759734,-1.037591523040171,-4.287990117335683,-0.31474600944759734,False,False,False,False,False,False,0.0,False,-0.030690460232023375,中性,6790.TW,永豐實,1,v1,phase6a,2026-07-12,0,1,1,1,1,1,v1,381,0.37397034596375617,381,0.37397034596375617,388,0.3624382207578254,^TWII,yfinance,2y,2026-09-22,scan_20260922_153922,False,False
True,0,0.07500012715657553,0.03333346048990886,True,False,買入 (動能增強),14.100000381469727,2026-09-22 00:00:00,13.949999809265137,0.007500028610229137,False,True,0.614714987891602,False,0.00029497802682262273,34.40100430079339,0.00030101130707512375,0.0003086918014916663,-0.21053861559950926,-0.47405985797028816,-3.4843341105648795,-0.21053861559950926,False,False,False,False,False,False,0.13553702839992512,False,-0.013986000461365,中性,5533.TW,皇鼎,2,v1,phase6a,2026-07-12,0,2,4,2,2,2,v1,151,0.7528830313014827,151,0.7528830313014827,167,0.7265238879736409,^TWII,yfinance,2y,2026-09-22,scan_20260922_153922,False,False
True,0,-1.0666656494140625,-1.6166648864746092,True,False,觀察 (跌勢收斂),83.80000305175781,2026-09-22 00:00:00,82.896000289917,0.08900032043457884,False,True,0.7129702451465694,False,0.0017531318354021674,78.57265234460756,0.0017910233736388107,0.0019050320181074768,-0.22220369940089135,-0.9362037463600981,-5.937091218597268,-0.22220369940089135,False,False,False,False,False,True,0.0637258269119992,False,-0.15213979098046515,中性,3528.TW,安馳,1,v1,phase6a,2026-07-12,0,1,3,1,1,1,v1,295,0.515650741350906,295,0.515650741350906,309,0.4925864909390445,^TWII,yfinance,2y,2026-09-22,scan_20260922_153922,False,False
True,0,-0.25000063578287757,-0.36666679382324213,True,False,觀察 (跌勢收斂),56.0,2026-09-22 00:00:00,56.2,-0.06000003814696697,False,False,2.368842851041242,True,0.001171543904621159,48.00867005673461,0.00121018649963804,0.0012462215514018947,-0.334990958041248,-1.0717199592764959,-4.333090942891527,-0.334990958041248,False,False,False,False,False,False,0.0,False,-0.03114185572352768,中性,1720.TW,生達,1,v1,phase6a,2026-07-12,0,1,1,1,1,1,v1,228,0.6260296540362438,228,0.6260296540362438,248,0.5930807248764415,^TWII,yfinance,2y,2026-09-22,scan_20260922_153922,False,False
True,0,0.2666676839192708,0.23333485921223956,True,False,買入 (動能增強),68.5999984741211,2026-09-22 00:00:00,68.48500061035156,-0.070000076293951,True,True,0.647306332354423,False,0.0014351412512388815,22.399448452971363,0.0014794401323578194,0.0015516296415542953,-0.31419918805272173,-1.1045172594266295,-5.0603727778110175,-0.31419918805272173,False,False,False,False,False,False,0.03617634592592282,False,-0.04456830698642111,中性,9910.TW,豐泰,2,v1,phase6a,2026-07-12,0,2,3,2,2,2,v1,199,0.6738056013179572,199,0.6738056013179572,205,0.6639209225700164,^TWII,yfinance,2y,2026-09-22,scan_20260922_153922,False,False
True,0,-2.033332824707031,-2.149998982747396,True,False,觀察 (跌勢收斂),66.5,2026-09-22 00:00:00,67.80999984741212,-0.020000076293939628,False,False,0.8362765053945664,False,0.0013912083867376262,76.85834556894746,0.001451044138406116,0.001524260314980672,-0.43219075657870976,-1.2475142785772886,-3.756070019197777,-0.43219075657870976,False,False,False,False,False,False,0.0,False,-0.11540381608030281,中性,2374.TW,佳能,1,v1,phase6a,2026-07-12,0,1,1,1,1,1,v1,248,0.5930807248764415,248,0.5930807248764415,267,0.5617792421746294,^TWII,yfinance,2y,2026-09-22,scan_20260922_153922,False,False
True,1,0.04166666666666667,-0.024999936421712242,True,False,買入 (動能增強),28.850000381469727,2026-09-22 00:00:00,28.77499990463257,0.0,False,True,0.9119236626496843,False,0.0006035543231290887,58.0390130624693,0.0006198599272976024,0.0006384232892941225,-0.27613333515181804,-0.8053185013367381,-3.4491961716071384,-0.27613333515181804,False,False,False,False,False,False,0.0,False,-0.019438835429291257,中性,4111.TWO,濟生,4,v1,phase6a,2026-07-12,0,4,5,4,4,4,v1,6,0.9917627677100495,6,0.9917627677100495,11,0.9835255354200988,^TWII,yfinance,2y,2026-09-22,scan_20260922_153922,False,True
True,0,-0.36666711171468097,-0.20833396911621094,True,False,賣出 (動能轉弱),25.350000381469727,2026-09-22 00:00:00,25.822500038146973,-0.005000019073484907,False,False,0.42648950167165184,False,0.0005303328290902663,55.40627357144936,0.0005526595839939574,0.0005576336400157642,-0.4234492542575796,-1.271496286112228,-1.3127412030508157,-0.4234492542575796,False,False,False,False,False,False,0.25526721348068837,False,-0.03428569975353424,中性,1236.TW,宏亞,0,v1,phase6a,2026-07-12,0,0,0,0,0,0,v1,428,0.29654036243822074,428,0.29654036243822074,440,0.27677100494233936,^TWII,yfinance,2y,2026-09-22,scan_20260922_153922,False,False
True,1,0.05833307902018229,0.09166653951009114,True,False,觀望 (動能減弱),22.049999237060547,2026-09-22 00:00:00,22.060000038146974,0.0024999618530294754,False,False,1.1640465344613031,False,0.00046129539648356226,53.91126130966744,0.0004747379687990442,0.00048294147079492477,-0.2971750009463259,-0.7313401987962376,-2.664784055330849,-0.2971750009463259,False,False,False,False,False,False,0.08270427717916663,False,-0.008988798334357395,中性,2908.TW,特力,0,v1,phase6a,2026-07-12,0,0,1,0,0,0,v1,480,0.21087314662273476,480,0.21087314662273476,484,0.2042833607907743,^TWII,yfinance,2y,2026-09-22,scan_20260922_153922,False,False
True,0,1.8333333333333333,2.833333333333333,True,False,觀望 (動能減弱),111.0,2026-09-22 00:00:00,109.925,0.22499999999999432,False,True,0.4304392011706468,False,0.002322167382374083,22.437146491869356,0.002376629723412556,0.0025594428916904904,-0.2406383478585794,-0.2844514423372191,-3.130425076466825,-0.2406383478585794,False,False,False,False,False,True,0.06316682471400635,False,-0.12941176470588234,中性,6230.TW,尼得科超眾,0,v1,phase6a,2026-07-12,0,0,2,0,0,0,v1,546,0.10214168039538715,546,0.10214168039538715,547,0.10049423393739704,^TWII,yfinance,2y,2026-09-22,scan_20260922_153922,False,False
True,0,-0.1499996185302734,-0.14999961853027344,True,False,觀察 (跌勢收斂),13.350000381469727,2026-09-22 00:00:00,13.367500019073486,-0.002499961853027699,True,False,1.186412220871473,False,0.0002792877066714465,32.075280239550985,0.00028753328152012023,0.0002988550717534567,-0.30095406557808513,-1.0813966495666127,-3.9859180159037666,-0.30095406557808513,False,False,False,False,False,False,0.010727496580049796,False,-0.01790441130558862,中性,2616.TW,山隆,1,v1,phase6a,2026-07-12,0,1,1,1,1,1,v1,264,0.5667215815485996,264,0.5667215815485996,281,0.5387149917627677,^TWII,yfinance,2y,2026-09-22,scan_20260922_153922,False,False
True,0,0.10833485921223956,-0.3916657765706381,True,False,買入 (動能增強),43.70000076293945,2026-09-22 00:00:00,43.09500007629394,0.10500011444091228,False,True,0.8588338696940359,False,0.0009142226701028877,119.51770704060007,0.0009273325522032446,0.0009152016759182829,-0.1485914672606059,0.7030789039097485,-2.938037175328323,-0.1485914672606059,False,False,True,False,False,True,0.22034449781146087,False,-0.21119134369471182,中性,2302.TW,麗正,3,v1,phase6a,2026-07-12,1,4,5,4,3,4,v1,22,0.9654036243822076,22,0.9654036243822076,22,0.9654036243822076,^TWII,yfinance,2y,2026-09-22,scan_20260922_153922,True,False
True,1,-0.016666571299235027,-0.08333333333333334,True,False,觀察 (跌勢收斂),15.300000190734863,2026-09-22 00:00:00,15.192500019073487,-0.0025000095367424535,False,True,2.0149030537897157,True,0.00032008253507424995,35.75543077705729,0.00032847648842095176,0.00035110830593742956,-0.2682699383471987,-0.854806324836288,-5.705956472567331,-0.2682699383471987,False,False,False,False,False,False,0.0007552600004671586,False,-0.11815562799205004,中性,6118.TWO,建達,1,v1,phase6a,2026-07-12,0,1,2,1,1,1,v1,341,0.43986820428336076,341,0.43986820428336076,352,0.42174629324546953,^TWII,yfinance,2y,2026-09-22,scan_20260922_153922,False,False
True,0,-0.17500050862630206,-0.05833371480305989,True,False,賣出 (動能轉弱),40.5,2026-09-22 00:00:00,40.72500038146973,-0.007500076293943891,True,False,3.6661245510605136,True,0.0008472772881635167,41.450840355757194,0.0008761248492666415,0.0009045185488304011,-0.34539565313158604,-0.8500426494896796,-3.18907737658517,-0.34539565313158604,False,False,False,False,False,False,0.0,False,-0.016990309465458098,中性,8367.TW,建新國際,0,v1,phase6a,2026-07-12,0,0,0,0,0,0,v1,586,0.036243822075782535,586,0.036243822075782535,586,0.036243822075782535,^TWII,yfinance,2y,2026-09-22,scan_20260922_153922,False,False
True,0,0.1250006357828776,0.07500076293945312,True,False,買入 (動能增強),40.29999923706055,2026-09-22 00:00:00,40.24499988555908,0.014999961853028765,False,True,1.1449372349480396,False,0.0008430931868288506,50.75128898987003,0.0008649551810571505,0.0008744154889099395,-0.2653497206402733,-0.5677925149093821,-1.6491342314118085,-0.2653497206402733,False,False,False,False,False,False,0.1643146983954956,False,-0.004938290442949467,中性,1817.TW,凱撒衛,2,v1,phase6a,2026-07-12,0,2,4,2,2,2,v1,66,0.8929159802306426,66,0.8929159802306426,104,0.8303130148270181,^TWII,yfinance,2y,2026-09-22,scan_20260922_153922,False,False
True,2,0.36666615804036456,0.23333295186360675,True,False,買入 (動能增強),45.0,2026-09-22 00:00:00,44.49749984741211,0.042499923706053266,False,True,1.2653245836077542,False,0.0009414192090705741,39.50044069197144,0.0009532507298058931,0.0009538586823852662,-0.13047964953327718,-0.07850908263907774,1.1323564758733307,-0.13047964953327718,False,False,False,False,False,False,0.33667441490121813,False,0.0,中性,6666.TW,羅麗芬-KY,2,v1,phase6a,2026-07-12,0,2,4,2,2,2,v1,174,0.71499176276771,174,0.71499176276771,188,0.6919275123558485,^TWII,yfinance,2y,2026-09-22,scan_20260922_153922,False,False
True,0,-0.5,-1.1666666666666665,True,False,觀察 (跌勢收斂),131.0,2026-09-22 00:00:00,130.375,0.125,False,True,0.4875976741323775,False,0.0027405759197387824,74.13991221401321,0.002807171075673046,0.0028554627419646412,-0.24909613790824459,-0.11362570067002808,-3.313659129757973,-0.24909613790824459,False,False,False,False,False,True,0.09195304694071768,False,-0.18885448916408665,中性,8109.TWO,博大,2,v1,phase6a,2026-07-12,0,2,4,2,2,2,v1,193,0.6836902800658978,193,0.6836902800658978,199,0.6738056013179572,^TWII,yfinance,2y,2026-09-22,scan_20260922_153922,True,False
True,0,-0.1333325703938802,0.06666819254557292,True,False,賣出 (動能轉弱),68.5999984741211,2026-09-22 00:00:00,69.01499977111817,-0.040000152587879256,False,False,1.9104651539183632,True,0.0014351412512388815,33.73540573914798,0.0014873721984971157,0.001534074210262967,-0.36828349003258376,-1.0053654215595342,-3.9662202645287192,-0.36828349003258376,False,False,False,False,False,False,0.01881705606853044,False,-0.047149344743824484,中性,2754.TWO,亞洲藏壽司,0,v1,phase6a,2026-07-12,0,0,0,0,0,0,v1,477,0.2158154859967051,477,0.2158154859967051,482,0.20757825370675453,^TWII,yfinance,2y,2026-09-22,scan_20260922_153922,False,False
True,0,2.8499997456868487,2.649999618530273,True,False,買入 (動能增強),60.79999923706055,2026-09-22 00:00:00,58.839999771118165,-0.13999996185302876,True,True,0.31988024773176943,False,0.0012719619376276676,51.089626844171356,0.0012719248464522059,0.00123422687344682,0.0003069635957642092,1.2811808683978132,1.7514437895635337,0.0003069635957642092,True,True,True,False,False,True,0.5834818364929524,False,-0.05736435291378994,偏強 (RS上升),2609.TW,陽明,2,v1,phase6a,2026-07-12,2,4,3,4,2,4,v1,91,0.8517298187808896,91,0.8517298187808896,35,0.943986820428336,^TWII,yfinance,2y,2026-09-22,scan_20260922_153922,False,False
True,0,0.01666673024495443,-0.033333301544189446,True,False,買入 (動能增強),14.449999809265137,2026-09-22 00:00:00,14.547499990463256,-0.00250000953674423,False,False,0.9895250922953291,False,0.0003023001642557407,36.5371550786923,0.0003105432035533969,0.00030534130639371237,-0.27863134196310924,0.5960656885037885,3.357770526299575,-0.27863134196310924,False,False,True,False,False,True,0.623867481592025,False,-0.04304639442276115,中性,3024.TW,憶聲,2,v1,phase6a,2026-07-12,1,3,2,3,2,3,v1,102,0.8336079077429983,102,0.8336079077429983,58,0.9060955518945635,^TWII,yfinance,2y,2026-09-22,scan_20260922_153922,False,False
True,0,0.44999821980794275,-0.7833353678385416,True,False,買入 (動能增強),95.0999984741211,2026-09-22 00:00:00,92.14000015258789,0.11499977111816406,False,True,2.3436663715652384,True,0.0019895325632471087,95.36400342973297,0.001968964489765383,0.0020532859493325104,0.11008038410704746,-0.42126900057466443,2.0221568882055507,0.11008038410704746,True,False,False,False,False,False,0.5954225826645138,False,-0.09857821351543983,中性,4946.TWO,辣椒,2,v1,phase6a,2026-07-12,0,2,4,2,2,2,v1,139,0.7726523887973641,139,0.7726523887973641,155,0.7462932454695222,^TWII,yfinance,2y,2026-09-22,scan_20260922_153922,False,False
True,1,-0.14166641235351562,-0.08333317438761392,True,False,賣出 (動能轉弱),13.850000381469727,2026-09-22 00:00:00,13.92999997138977,-0.01249999999999929,False,False,0.5980161522665605,False,0.000289747920105564,26.552667477892474,0.000300170734943145,0.0003101342347189215,-0.3641737141656165,-0.8560764273233823,-4.237517186094086,-0.3641737141656165,False,False,False,False,False,False,0.09633051427635804,False,-0.06371804581952711,中性,4401.TWO,東隆興,0,v1,phase6a,2026-07-12,0,0,0,0,0,0,v1,511,0.15980230642504117,511,0.15980230642504117,513,0.15650741350906094,^TWII,yfinance,2y,2026-09-22,scan_20260922_153922,False,False
True,0,-0.03333314259847005,-0.041666507720947266,True,False,觀察 (跌勢收斂),14.75,2026-09-22 00:00:00,14.417500019073486,0.019999980926513672,False,True,0.9048190261386736,False,0.00030857629630646593,22.799150707515217,0.0003126712672903878,0.00033549441396236166,-0.13767051664365093,-1.0979926258461004,-6.743735698274211,-0.13767051664365093,False,False,False,False,False,True,0.09721015801013509,False,-0.14903043970045693,中性,1338.TW,廣華-KY,1,v1,phase6a,2026-07-12,0,1,3,1,1,1,v1,211,0.6540362438220758,211,0.6540362438220758,231,0.6210873146622735,^TWII,yfinance,2y,2026-09-22,scan_20260922_153922,False,False
True,2,-0.09999974568684895,-0.10000006357828774,True,False,觀察 (跌勢收斂),23.75,2026-09-22 00:00:00,23.864999866485597,-0.010000038146969814,False,False,0.6853929973745964,False,0.0004968601381205807,40.29028400336671,0.0005109579627717903,0.0005073888025047974,-0.2895901786921673,-0.6560997679866842,-0.4398141472405803,-0.2895901786921673,False,False,True,False,False,False,0.5533951095352625,False,-0.020618556701030966,中性,2115.TW,六暉-KY,1,v1,phase6a,2026-07-12,0,1,1,1,1,1,v1,243,0.6013179571663921,243,0.6013179571663921,262,0.5700164744645799,^TWII,yfinance,2y,2026-09-22,scan_20260922_153922,False,False
True,0,-2.266666412353515,-1.3666661580403643,True,False,賣出 (動能轉弱),85.80000305175781,2026-09-22 00:00:00,86.06500015258788,0.5150001525878878,False,False,0.28406189163069306,False,0.0017949726891386374,188.24431271006875,0.0018227812501586096,0.0019001563585254936,-0.1603332077496189,-0.2995466291453641,7.096535636608525,-0.1603332077496189,False,False,False,False,False,False,0.604726423249569,False,-0.07343407704551608,中性,4577.TWO,達航科技,0,v1,phase6a,2026-07-12,0,0,1,0,0,0,v1,516,0.1515650741350906,516,0.1515650741350906,518,0.14827018121911037,^TWII,yfinance,2y,2026-09-22,scan_20260922_153922,False,False
True,0,-1.9000008900960283,-1.7000001271565752,True,False,賣出 (動能轉弱),64.5999984741211,2026-09-22 00:00:00,64.68499927520752,0.3399999618530245,False,False,0.570192451816426,False,0.0013514595437659415,63.25254275839332,0.0013707157752947175,0.0013284749781568867,-0.1476585284642562,-0.06408028896695006,6.390501923728875,-0.1476585284642562,False,True,True,False,False,False,0.6121929681278018,False,-0.04719770551033553,中性,1301.TW,台塑,0,v1,phase6a,2026-07-12,0,0,1,0,0,0,v1,429,0.29489291598023065,429,0.29489291598023065,441,0.2751235584843493,^TWII,yfinance,2y,2026-09-22,scan_20260922_153922,False,False
True,0,-1.5,-0.6666666666666666,True,False,賣出 (動能轉弱),139.0,2026-09-22 00:00:00,141.45,0.0,False,False,1.393922905678371,False,0.0029079393346846624,43.814388138163835,0.0030407094865629977,0.0031426854860621017,-0.4575203048696963,-1.1719589212525139,-3.3145489096334524,-0.4575203048696963,False,False,False,False,False,False,0.0,False,-0.06711409395973156,中性,4572.TW,駐龍,0,v1,phase6a,2026-07-12,0,0,0,0,0,0,v1,515,0.15321252059308071,515,0.15321252059308071,517,0.14991762767710048,^TWII,yfinance,2y,2026-09-22,scan_20260922_153922,False,False
True,1,-0.2583332061767578,-0.2416667938232422,True,False,賣出 (動能轉弱),17.5,2026-09-22 00:00:00,17.65999984741211,0.005000019073484907,False,False,2.1406798293699785,True,0.0003661074701941121,45.45347301411253,0.0003788240644395337,0.0003804729027566049,-0.3521095132026253,-1.0521998848036618,-2.9869517492940645,-0.3521095132026253,False,False,False,False,False,False,0.39668625562312076,False,-0.05405405405405406,中性,1742.TWO,台蠟,0,v1,phase6a,2026-07-12,0,0,1,0,0,0,v1,443,0.27182866556836904,443,0.27182866556836904,454,0.25370675453047775,^TWII,yfinance,2y,2026-09-22,scan_20260922_153922,False,False
True,2,-0.21666653951009113,-0.28333314259847003,True,False,觀察 (跌勢收斂),12.699999809265137,2026-09-22 00:00:00,12.954999923706055,-0.020000028610230203,False,False,0.6410348434199462,False,0.00026568941723632947,32.44399611884858,0.0002805189524066468,0.000300738027047727,-0.5533905080220114,-1.8477955650617384,-9.229047035597182,-0.5533905080220114,False,False,False,False,False,False,0.0,False,-0.2616279508179088,中性,8024.TWO,佑華,1,v1,phase6a,2026-07-12,0,1,1,1,1,1,v1,402,0.3393739703459638,402,0.3393739703459638,408,0.32948929159802304,^TWII,yfinance,2y,2026-09-22,scan_20260922_153922,False,False
True,1,-0.16666666666666666,-0.20833333333333331,True,False,觀察 (跌勢收斂),26.049999237060547,2026-09-22 00:00:00,26.004999923706055,0.0,False,True,1.2174303482028601,False,0.0005449771039565021,37.61427994012604,0.0005581153339671033,0.0005679097854715756,-0.24718065566093905,-0.8181170106704383,-2.07406265436324,-0.24718065566093905,False,False,False,False,False,False,0.01914281758850223,False,-0.007619076683407777,中性,5356.TWO,協益,1,v1,phase6a,2026-07-12,0,1,2,1,1,1,v1,326,0.4645799011532125,326,0.4645799011532125,339,0.443163097199341,^TWII,yfinance,2y,2026-09-22,scan_20260922_153922,False,False
False,0,4.783332824707031,5.733333587646484,False,True,強烈買入 (爆發),100.5,2026-09-22 00:00:00,98.5099998474121,0.25,False,True,0.4445581309009692,False,0.0021025029002576154,77.85848831755338,0.0021204132291662734,0.002001314950591303,-0.08883282704680306,1.3500238096077588,6.321932035438893,-0.08883282704680306,False,True,True,False,False,True,0.7924760345032452,False,-0.019512195121951237,偏強 (RS上升),2637.TW,慧洋-KY,3,v1,phase6a,2026-07-12,1,4,5,4,3,4,v1,25,0.9604612850082372,25,0.9604612850082372,23,0.9637561779242174,^TWII,yfinance,2y,2026-09-22,scan_20260922_153922,False,False
True,0,1.8749999999999998,1.5583337148030598,True,False,買入 (動能增強),47.5,2026-09-22 00:00:00,46.632500076293944,-0.01000003814697692,False,True,1.3665863915044516,False,0.0009937202762411615,72.37118317972866,0.001002900803940574,0.00099117469602185,-0.09626486058906814,1.6102423421914924,2.3917794599974007,-0.09626486058906814,False,True,True,False,False,True,0.5533310851747685,False,-0.13636363636363635,偏強 (RS上升),2399.TW,映泰,2,v1,phase6a,2026-07-12,1,3,3,3,2,3,v1,81,0.8682042833607908,81,0.8682042833607908,52,0.9159802306425041,^TWII,yfinance,2y,2026-09-22,scan_20260922_153922,False,False
True,0,-0.4999998410542806,-0.3749998410542806,True,False,賣出 (動能轉弱),12.550000190734863,2026-09-22 00:00:00,13.135000085830688,-0.01749997138977122,True,False,2.3282031264521645,True,0.00026255136118660377,4.815716914945241,0.00028209154008027455,0.0003034116797240463,-0.7238685591114069,-2.4262439834137894,-6.800848786032976,-0.7238685591114069,False,False,False,False,False,False,0.0,False,-0.1520270250677801,中性,6144.TWO,得利影,0,v1,phase6a,2026-07-12,0,0,0,0,0,0,v1,534,0.12191103789126853,534,0.12191103789126853,536,0.1186161449752883,^TWII,yfinance,2y,2026-09-22,scan_20260922_153922,False,False
True,0,-0.5083332061767578,-0.3333333333333333,True,False,賣出 (動能轉弱),47.099998474121094,2026-09-22 00:00:00,47.66749992370605,-0.047500038146971235,False,False,0.9142906986010672,False,0.0009853520735718295,54.9872251991578,0.0010193349597347153,0.0010221885816128905,-0.34970217794240144,-0.6334551085332984,-0.3183529523890116,-0.34970217794240144,False,False,False,False,False,False,0.3682015506372678,False,-0.042682972688086074,中性,6177.TW,達麗,0,v1,phase6a,2026-07-12,0,0,0,0,0,0,v1,537,0.11696869851729819,537,0.11696869851729819,539,0.11367380560131796,^TWII,yfinance,2y,2026-09-22,scan_20260922_153922,False,False
True,0,-0.17499955495198566,-0.1916662851969401,True,False,觀察 (跌勢收斂),27.899999618530273,2026-09-22 00:00:00,27.819999980926514,-0.005000019073484907,True,True,2.3457941798821413,True,0.0005836799016432464,37.385697809416754,0.0005982908969631003,0.0006038568478311457,-0.25640637128405697,-0.8835435439300987,-3.0897076354208464,-0.25640637128405697,False,False,False,False,False,False,0.32741164565609976,False,-0.03793104763688715,中性,6195.TWO,詩肯,1,v1,phase6a,2026-07-12,0,1,2,1,1,1,v1,349,0.42668863261943984,349,0.42668863261943984,358,0.41186161449752884,^TWII,yfinance,2y,2026-09-22,scan_20260922_153922,False,False
True,1,-0.08333333333333334,-0.16666666666666666,True,False,觀察 (跌勢收斂),14.399999618530273,2026-09-22 00:00:00,14.202499914169312,0.019999980926513672,False,True,0.7462481171174354,False,0.0003012541389220742,46.784723068175474,0.0003072643712270843,0.0003319809682759577,-0.2054764989899538,-0.8067648854644949,-6.010785014108699,-0.2054764989899538,False,False,False,False,False,False,0.016255557333572906,False,-0.2000000211927626,中性,2440.TW,太空梭,1,v1,phase6a,2026-07-12,0,1,3,1,1,1,v1,254,0.5831960461285008,254,0.5831960461285008,272,0.5535420098846787,^TWII,yfinance,2y,2026-09-22,scan_20260922_153922,False,False
False,0,-0.25,-0.2583335240681966,False,True,強烈賣出 (跌破),28.450000762939453,2026-09-22 00:00:00,28.675,-0.009999942779540305,False,False,0.43962453093878273,False,0.0005951861603623042,16.77319395287294,0.0006149159177306826,0.0006385120417514155,-0.33660308292980945,-0.7661136595808249,-2.0040238084345297,-0.33660308292980945,False,False,False,False,False,False,0.18995540001944725,False,-0.05950410701026598,中性,6294.TWO,智基,0,v1,phase6a,2026-07-12,0,0,0,0,0,0,v1,551,0.09390444810543658,551,0.09390444810543658,552,0.09225700164744646,^TWII,yfinance,2y,2026-09-22,scan_20260922_153922,False,False
True,0,-0.5166670481363932,-0.4833335876464843,True,False,賣出 (動能轉弱),52.900001525878906,2026-09-22 00:00:00,53.30500030517578,0.005000114440917969,False,False,0.6081487923998127,False,0.0011066906132516684,37.96432012004047,0.0011460882252121087,0.0011812610047410128,-0.3605450898697793,-1.1124010443157362,-3.71337826558672,-0.3605450898697793,False,False,False,False,False,False,0.0,False,-0.020370342113353535,中性,8435.TWO,鉅邁,0,v1,phase6a,2026-07-12,0,0,1,0,0,0,v1,587,0.03459637561779242,587,0.03459637561779242,587,0.03459637561779242,^TWII,yfinance,2y,2026-09-22,scan_20260922_153922,False,False
True,0,-2.7666689554850254,-2.550001780192057,True,False,賣出 (動能轉弱),98.0,2026-09-22 00:00:00,99.125,-0.070000076293951,False,False,2.797926707125936,True,0.002050201833087028,21.91358897638743,0.0021260615742712445,0.002279975285938048,-0.3741827909311102,-1.356811929817714,-4.505957578750486,-0.3741827909311102,False,False,False,False,False,False,0.0,False,-0.1694915254237288,中性,6462.TWO,神盾,0,v1,phase6a,2026-07-12,0,0,0,0,0,0,v1,553,0.09060955518945635,553,0.09060955518945635,554,0.08896210873146623,^TWII,yfinance,2y,2026-09-22,scan_20260922_153922,False,False
True,0,-10.249999999999998,-8.5,True,False,賣出 (動能轉弱),135.0,2026-09-22 00:00:00,143.3,0.25,False,False,0.3357643768992017,False,0.0028242576272117224,67.15104369513074,0.0030281007230398044,0.003095747504541251,-0.7036156960678164,-2.243306219788943,-0.020101599039368256,-0.7036156960678164,False,False,False,False,False,False,0.3110369357511604,False,-0.13564556403548678,中性,1597.TW,直得,0,v1,phase6a,2026-07-12,0,0,1,0,0,0,v1,441,0.2751235584843493,441,0.2751235584843493,452,0.257001647446458,^TWII,yfinance,2y,2026-09-22,scan_20260922_153922,False,False
True,1,-0.1333333651224772,-0.13333352406819662,True,False,觀察 (跌勢收斂),10.050000190734863,2026-09-22 00:00:00,10.247499942779541,-0.019999980926513672,False,False,0.5497002065640008,False,0.0002102502940160163,25.85562528712004,0.00022081769143326044,0.00023708406385716677,-0.5012199238447868,-1.6073350569723033,-5.90341680647557,-0.5012199238447868,False,False,False,False,False,False,0.0,False,-0.20238096139148043,中性,1445.TW,大宇,1,v1,phase6a,2026-07-12,0,1,1,1,1,1,v1,218,0.642504118616145,218,0.642504118616145,238,0.6095551894563427,^TWII,yfinance,2y,2026-09-22,scan_20260922_153922,False,False
True,0,-6.25,-5.031745910644531,True,False,賣出 (動能轉弱),172.0,2026-09-22 00:00:00,174.25995559692382,-0.04115219116212643,False,False,0.46029954147200114,False,0.0035983134213364164,80.41404189175503,0.0036871850840716263,0.0037009664134017174,-0.25307211276336394,-0.41465820260470077,4.710238830510605,-0.25307211276336394,False,False,False,False,False,False,0.40245205677854706,False,-0.08510638297872342,中性,7730.TW,暉盛-創,0,v1,phase6a,2026-07-12,0,0,0,0,0,0,v1,572,0.05930807248764415,572,0.05930807248764415,572,0.05930807248764415,^TWII,yfinance,2y,2026-09-22,scan_20260922_153922,False,False
True,1,-1.1500015258789062,-1.2333348592122395,True,False,觀察 (跌勢收斂),97.5,2026-09-22 00:00:00,97.98999938964843,0.040000152587879256,False,False,0.5290129327619502,False,0.0020397416196529104,69.60659772813523,0.0021113590407506964,0.002231526534502279,-0.35578290758311315,-0.9164234553168393,-4.559299503380576,-0.35578290758311315,False,False,False,False,False,True,0.06657690106127273,False,-0.16578389623058543,中性,6215.TW,和椿,1,v1,phase6a,2026-07-12,0,1,2,1,1,1,v1,352,0.42174629324546953,352,0.42174629324546953,360,0.4085667215815486,^TWII,yfinance,2y,2026-09-22,scan_20260922_153922,False,False
False,0,18.333333333333332,14.75,False,True,強烈買入 (爆發),539.0,2026-09-22 00:00:00,500.7,3.8000000000000114,False,True,1.4733266092894561,False,0.011276110081978654,133.61032720158585,0.010746078784448262,0.010438216371779548,0.5219015475927291,1.7428920106888457,7.378027537552945,0.5219015475927291,True,True,True,True,False,True,1.0,False,0.0,強勢 (RS強勁),3044.TW,健鼎,3,v1,phase6a,2026-07-12,3,6,5,6,3,6,v1,27,0.957166392092257,27,0.957166392092257,1,1.0,^TWII,yfinance,2y,2026-09-22,scan_20260922_153922,False,False
True,0,0.7333348592122395,-0.11666488647460938,True,False,買入 (動能增強),86.0999984741211,2026-09-22 00:00:00,83.025,0.23499984741211222,False,True,5.318146287566357,True,0.0018012487214329937,28.672700823181156,0.001793627195886542,0.0019615574837027376,0.04474869986201835,-0.04531716255229412,-3.8597657254095696,0.04474869986201835,True,False,False,False,False,True,0.08765387849636337,False,-0.2734177343956026,中性,8054.TWO,安國,2,v1,phase6a,2026-07-12,0,2,4,2,2,2,v1,190,0.6886326194398682,190,0.6886326194398682,197,0.6771004942339374,^TWII,yfinance,2y,2026-09-22,scan_20260922_153922,False,False
True,1,-0.08333460489908853,-0.2666676839192709,True,False,觀察 (跌勢收斂),73.5999984741211,2026-09-22 00:00:00,72.69000015258788,0.16499977111816122,False,True,0.5422545465938543,False,0.0015397433855800565,85.87493799317166,0.001562953806906201,0.0016012702247279655,-0.15607556617105445,-0.2602801657662801,-2.7256627949254875,-0.15607556617105445,False,False,False,False,False,True,0.11000601627128638,False,-0.21868364269098306,中性,6548.TWO,長科*,2,v1,phase6a,2026-07-12,0,2,4,2,2,2,v1,165,0.729818780889621,165,0.729818780889621,180,0.7051070840197694,^TWII,yfinance,2y,2026-09-22,scan_20260922_153922,True,False
